target_id,tile_id,target_class,feature_flux,redshift,science_weight
TG00000001,T00001,LRG,0.36783238,0.591948,1.0000
TG00000002,T00001,LRG,0.73274434,0.843636,1.0000
TG00000003,T00001,LRG,0.30571562,0.676862,1.0000
TG00000004,T00001,LRG,0.30358879,0.791493,1.0000
TG00000005,T00001,LRG,0.24194605,0.717825,1.0000
TG00000006,T00001,LRG,0.32083774,0.409933,1.0000
TG00000007,T00001,LRG,0.33372179,0.465411,1.0000
TG00000008,T00001,LRG,0.33994099,0.746696,1.0000
TG00000009,T00001,LRG,0.84110006,0.638209,1.0000
TG00000010,T00001,LRG,0.27484170,0.533723,1.0000
TG00000011,T00001,LRG,0.29637899,1.110847,1.0000
TG00000012,T00001,LRG,0.28425681,0.639851,1.0000
TG00000013,T00001,LRG,0.82273823,0.798226,1.0000
TG00000014,T00001,LRG,0.47464863,0.872404,1.0000
TG00000015,T00001,LRG,0.40645296,0.911626,1.0000
TG00000016,T00001,LRG,0.46809829,0.586310,1.0000
TG00000017,T00001,LRG,0.35893372,0.657455,1.0000
TG00000018,T00001,LRG,0.53226378,0.546804,1.0000
TG00000019,T00001,LRG,0.55308803,0.849979,1.0000
TG00000020,T00001,LRG,0.25906911,1.028080,1.0000
TG00000021,T00001,LRG,0.29183328,0.529824,1.0000
TG00000022,T00001,LRG,0.48461373,0.757999,1.0000
TG00000023,T00001,LRG,0.29345564,0.756543,1.0000
TG00000024,T00001,LRG,0.24551065,0.650704,1.0000
TG00000025,T00001,LRG,0.29413319,0.675898,1.0000
TG00000026,T00001,LRG,0.54940206,0.536110,1.0000
TG00000027,T00001,LRG,0.27816770,0.679074,1.0000
TG00000028,T00001,LRG,0.39772464,0.839046,1.0000
TG00000029,T00001,LRG,0.84298568,0.667998,1.0000
TG00000030,T00001,LRG,0.17444422,0.767412,1.0000
TG00000031,T00001,LRG,0.30660849,0.987803,1.0000
TG00000032,T00001,LRG,0.23681767,0.746917,1.0000
TG00000033,T00001,LRG,0.42722593,0.919443,1.0000
TG00000034,T00001,LRG,0.37551400,0.884141,1.0000
TG00000035,T00001,LRG,0.27252232,0.622769,1.0000
TG00000036,T00001,LRG,0.28063126,0.958633,1.0000
TG00000037,T00001,LRG,0.48022211,0.847973,1.0000
TG00000038,T00001,LRG,0.23534509,0.548156,1.0000
TG00000039,T00001,LRG,0.23998584,0.731812,1.0000
TG00000040,T00001,LRG,0.47306620,0.974505,1.0000
TG00000041,T00001,LRG,0.21264409,1.126915,1.0000
TG00000042,T00001,LRG,0.29279259,0.718830,1.0000
TG00000043,T00001,LRG,0.37618300,1.087986,1.0000
TG00000044,T00001,LRG,0.33682704,0.429782,1.0000
TG00000045,T00001,LRG,0.39399580,0.654611,1.0000
TG00000046,T00001,LRG,0.34135491,0.537555,1.0000
TG00000047,T00001,LRG,0.36346730,0.847750,1.0000
TG00000048,T00001,LRG,0.45721483,0.365927,1.0000
TG00000049,T00001,LRG,0.30875019,0.847128,1.0000
TG00000050,T00001,LRG,0.36673670,0.836104,1.0000
TG00000051,T00001,LRG,0.37193023,0.696638,1.0000
TG00000052,T00001,ELG,0.53373572,1.318572,1.0000
TG00000053,T00001,ELG,0.40969051,0.947936,1.0000
TG00000054,T00001,ELG,0.71280353,0.752906,1.0000
TG00000055,T00001,ELG,0.67749403,1.228694,1.0000
TG00000056,T00001,ELG,0.64747758,1.029989,1.0000
TG00000057,T00001,ELG,0.36528581,1.067930,1.0000
TG00000058,T00001,ELG,0.46744249,1.366552,1.0000
TG00000059,T00001,ELG,0.66809917,1.429525,1.0000
TG00000060,T00001,ELG,0.52027347,1.285488,1.0000
TG00000061,T00001,ELG,0.61760490,1.374754,1.0000
TG00000062,T00001,ELG,0.45738936,0.895323,1.0000
TG00000063,T00001,ELG,0.32064716,0.904590,1.0000
TG00000064,T00001,ELG,0.54897704,1.092627,1.0000
TG00000065,T00001,ELG,0.63848725,1.312565,1.0000
TG00000066,T00001,ELG,0.63121059,0.725214,1.0000
TG00000067,T00001,ELG,0.39127380,1.402557,1.0000
TG00000068,T00001,ELG,0.32294359,1.346316,1.0000
TG00000069,T00001,ELG,0.78218894,1.263027,1.0000
TG00000070,T00001,ELG,0.38980522,0.991735,1.0000
TG00000071,T00001,ELG,0.68400399,1.631621,1.0000
TG00000072,T00001,ELG,0.50113673,1.553743,1.0000
TG00000073,T00001,ELG,0.69292092,1.320157,1.0000
TG00000074,T00001,ELG,0.72075784,1.332948,1.0000
TG00000075,T00001,ELG,0.80110385,0.989741,1.0000
TG00000076,T00001,ELG,0.46597884,0.760517,1.0000
TG00000077,T00001,ELG,0.42171999,0.851141,1.0000
TG00000078,T00001,ELG,0.50283542,0.736521,1.0000
TG00000079,T00001,ELG,0.73267269,1.274795,1.0000
TG00000080,T00001,ELG,1.00071235,1.059633,1.0000
TG00000081,T00001,ELG,0.50097102,1.040454,1.0000
TG00000082,T00001,ELG,0.89074039,1.163951,1.0000
TG00000083,T00001,ELG,0.47831221,1.100720,1.0000
TG00000084,T00001,ELG,0.52851932,0.857904,1.0000
TG00000085,T00001,ELG,0.49776550,1.389501,1.0000
TG00000086,T00001,ELG,0.61652656,0.992012,1.0000
TG00000087,T00001,ELG,0.95627899,0.940523,1.0000
TG00000088,T00001,ELG,0.50387442,1.227220,1.0000
TG00000089,T00001,ELG,0.72864496,0.712914,1.0000
TG00000090,T00001,ELG,0.79574919,0.836953,1.0000
TG00000091,T00001,ELG,0.45868764,0.845716,1.0000
TG00000092,T00001,ELG,0.37593660,0.780646,1.0000
TG00000093,T00001,ELG,1.22570619,0.550671,1.0000
TG00000094,T00001,ELG,0.36704588,0.941925,1.0000
TG00000095,T00001,ELG,0.27208232,1.206184,1.0000
TG00000096,T00001,ELG,0.42771732,1.255759,1.0000
TG00000097,T00001,ELG,0.49879540,1.171093,1.0000
TG00000098,T00001,ELG,0.93172182,0.987740,1.0000
TG00000099,T00001,ELG,0.37335905,1.247281,1.0000
TG00000100,T00001,ELG,0.51645294,1.508928,1.0000
TG00000101,T00001,ELG,0.35245557,1.281598,1.0000
TG00000102,T00001,ELG,0.53620823,1.504464,1.0000
TG00000103,T00001,ELG,0.84657525,1.224473,1.0000
TG00000104,T00001,ELG,0.55355325,0.834822,1.0000
TG00000105,T00001,ELG,0.45183147,1.503600,1.0000
TG00000106,T00001,ELG,0.52305529,1.082739,1.0000
TG00000107,T00001,ELG,0.25325652,1.038963,1.0000
TG00000108,T00001,ELG,0.31341980,1.127538,1.0000
TG00000109,T00001,ELG,0.43997908,1.341775,1.0000
TG00000110,T00001,ELG,0.78977513,0.865061,1.0000
TG00000111,T00001,ELG,0.36487217,0.611728,1.0000
TG00000112,T00001,ELG,0.73297393,0.524975,1.0000
TG00000113,T00001,ELG,0.25094411,1.333170,1.0000
TG00000114,T00001,ELG,0.95473089,1.000857,1.0000
TG00000115,T00001,ELG,0.41806800,1.034076,1.0000
TG00000116,T00001,ELG,0.64645486,1.498927,1.0000
TG00000117,T00001,ELG,0.59439216,1.359316,1.0000
TG00000118,T00001,ELG,0.38685345,0.592333,1.0000
TG00000119,T00001,ELG,0.44490987,1.331559,1.0000
TG00000120,T00001,ELG,0.32368904,1.143965,1.0000
TG00000121,T00001,ELG,0.45637359,1.307169,1.0000
TG00000122,T00001,ELG,0.65602198,1.704429,1.0000
TG00000123,T00001,ELG,1.16649252,1.245933,1.0000
TG00000124,T00001,ELG,0.41529920,1.188237,1.0000
TG00000125,T00001,ELG,0.52797709,1.016913,1.0000
TG00000126,T00001,ELG,0.38330079,1.143734,1.0000
TG00000127,T00001,ELG,0.66293526,0.731427,1.0000
TG00000128,T00001,ELG,0.56451552,0.890560,1.0000
TG00000129,T00001,ELG,0.47567530,1.008371,1.0000
TG00000130,T00001,ELG,0.24787458,1.403748,1.0000
TG00000131,T00001,ELG,0.33240688,1.338858,1.0000
TG00000132,T00001,ELG,0.98990846,0.767611,1.0000
TG00000133,T00001,ELG,0.43877265,1.185429,1.0000
TG00000134,T00001,ELG,0.37977662,1.166691,1.0000
TG00000135,T00001,ELG,0.42195373,0.959743,1.0000
TG00000136,T00001,ELG,1.41901927,0.912195,1.0000
TG00000137,T00001,ELG,0.37153577,1.193267,1.0000
TG00000138,T00001,ELG,0.82931533,1.441011,1.0000
TG00000139,T00001,ELG,0.55441999,0.885954,1.0000
TG00000140,T00001,ELG,0.52532429,0.912325,1.0000
TG00000141,T00001,ELG,0.44418993,0.819729,1.0000
TG00000142,T00001,ELG,0.75323604,1.459231,1.0000
TG00000143,T00001,ELG,0.37188642,1.127815,1.0000
TG00000144,T00001,ELG,0.52181691,1.041516,1.0000
TG00000145,T00001,ELG,0.70131579,0.866787,1.0000
TG00000146,T00001,ELG,0.51636324,1.470124,1.0000
TG00000147,T00001,ELG,0.75940252,1.349383,1.0000
TG00000148,T00001,ELG,0.42804849,1.312114,1.0000
TG00000149,T00001,ELG,1.03472230,0.944107,1.0000
TG00000150,T00001,ELG,0.29947228,1.460805,1.0000
TG00000151,T00001,ELG,0.48416286,1.170723,1.0000
TG00000152,T00001,ELG,0.51975863,1.334556,1.0000
TG00000153,T00001,ELG,0.32700525,0.674581,1.0000
TG00000154,T00001,ELG,0.86298836,1.299805,1.0000
TG00000155,T00001,ELG,1.09440186,0.733757,1.0000
TG00000156,T00001,ELG,0.28734016,0.441184,1.0000
TG00000157,T00001,ELG,0.56914598,0.613942,1.0000
TG00000158,T00001,ELG,0.52929131,0.902621,1.0000
TG00000159,T00001,ELG,0.51610529,0.626274,1.0000
TG00000160,T00001,QSO,0.27547269,1.562472,1.7000
TG00000161,T00001,QSO,0.17887119,2.948979,1.7000
TG00000162,T00001,QSO,0.06608305,3.262008,1.7000
TG00000163,T00001,QSO,0.28234732,3.129722,1.7000
TG00000164,T00001,QSO,0.37338375,2.725262,1.7000
TG00000165,T00001,QSO,0.20539282,2.247412,1.7000
TG00000166,T00001,QSO,0.23913215,1.916913,1.7000
TG00000167,T00001,QSO,0.31766062,1.699264,1.7000
TG00000168,T00001,QSO,0.19468697,2.585815,1.7000
TG00000169,T00001,QSO,0.20824474,1.834984,1.7000
TG00000170,T00001,QSO,0.18467360,2.449405,1.7000
TG00000171,T00001,QSO,0.12239396,1.961472,1.7000
TG00000172,T00001,QSO,0.28671550,1.213464,1.7000
TG00000173,T00001,QSO,0.27857766,2.223232,1.7000
TG00000174,T00001,QSO,0.15328947,2.373243,1.7000
TG00000175,T00001,BGS,1.48267843,0.183187,0.4500
TG00000176,T00001,BGS,1.03270541,0.276621,0.4500
TG00000177,T00001,BGS,1.01594259,0.185918,0.4500
TG00000178,T00001,BGS,1.17355293,0.103104,0.4500
TG00000179,T00001,BGS,2.01967247,0.290891,0.4500
TG00000180,T00001,BGS,0.76721525,0.240572,0.4500
TG00000181,T00001,BGS,1.22607091,0.200910,0.4500
TG00000182,T00001,BGS,1.36441649,0.274344,0.4500
TG00000183,T00001,BGS,1.05256811,0.124805,0.4500
TG00000184,T00001,BGS,2.36151553,0.238154,0.4500
TG00000185,T00001,BGS,1.34372713,0.239587,0.4500
TG00000186,T00001,BGS,0.97932847,0.199856,0.4500
TG00000187,T00001,BGS,1.29248338,0.340080,0.4500
TG00000188,T00001,BGS,0.82349091,0.293050,0.4500
TG00000189,T00001,BGS,2.41693125,0.223647,0.4500
TG00000190,T00001,BGS,1.25873739,0.183411,0.4500
TG00000191,T00001,BGS,1.20365035,0.293811,0.4500
TG00000192,T00001,BGS,1.36445870,0.127523,0.4500
TG00000193,T00001,BGS,1.16064072,0.162165,0.4500
TG00000194,T00001,BGS,1.25705641,0.187599,0.4500
TG00000195,T00001,BGS,1.06470403,0.293973,0.4500
TG00000196,T00001,BGS,0.71929657,0.189521,0.4500
TG00000197,T00001,BGS,1.81884663,0.213425,0.4500
TG00000198,T00001,BGS,1.42349619,0.200192,0.4500
TG00000199,T00001,BGS,1.04393875,0.328620,0.4500
TG00000200,T00001,BGS,1.28505637,0.238970,0.4500
TG00000201,T00001,BGS,0.90160622,0.050312,0.4500
TG00000202,T00001,BGS,2.21638595,0.239235,0.4500
TG00000203,T00001,BGS,1.18867852,0.145602,0.4500
TG00000204,T00001,BGS,1.63536286,0.089690,0.4500
TG00000205,T00001,BGS,1.39531636,0.157621,0.4500
TG00000206,T00001,BGS,1.12650924,0.098988,0.4500
TG00000207,T00001,BGS,1.44378537,0.035834,0.4500
TG00000208,T00001,BGS,1.43949117,0.156155,0.4500
TG00000209,T00001,BGS,1.35625533,0.113959,0.4500
TG00000210,T00001,BGS,1.63347301,0.054359,0.4500
TG00000211,T00001,BGS,1.33086689,0.239754,0.4500
TG00000212,T00001,BGS,1.57148323,0.328249,0.4500
TG00000213,T00001,BGS,2.25601287,0.367409,0.4500
TG00000214,T00001,BGS,1.01524033,0.358788,0.4500
TG00000215,T00001,BGS,1.37647690,0.288588,0.4500
TG00000216,T00001,BGS,1.04835442,0.302427,0.4500
TG00000217,T00001,BGS,1.55001416,0.360162,0.4500
TG00000218,T00001,BGS,1.09565565,0.154648,0.4500
TG00000219,T00001,BGS,1.82594762,0.363525,0.4500
TG00000220,T00001,BGS,1.05740288,0.279454,0.4500
TG00000221,T00001,BGS,1.61055379,0.248441,0.4500
TG00000222,T00001,BGS,0.96193451,0.120707,0.4500
TG00000223,T00001,BGS,0.93441631,0.243742,0.4500
TG00000224,T00001,BGS,0.93434612,0.355412,0.4500
TG00000225,T00001,BGS,1.09656953,0.213496,0.4500
TG00000226,T00001,BGS,1.08737499,0.214721,0.4500
TG00000227,T00001,BGS,1.32845677,0.314475,0.4500
TG00000228,T00001,BGS,1.33100891,0.150241,0.4500
TG00000229,T00001,BGS,2.06705956,0.263474,0.4500
TG00000230,T00001,BGS,1.25194661,0.279580,0.4500
TG00000231,T00001,BGS,0.62557427,0.276790,0.4500
TG00000232,T00001,BGS,1.27282175,0.116690,0.4500
TG00000233,T00001,BGS,2.08786470,0.366996,0.4500
TG00000234,T00001,BGS,1.16365217,0.228098,0.4500
TG00000235,T00001,BGS,1.11408061,0.258601,0.4500
TG00000236,T00001,BGS,1.31032279,0.278309,0.4500
TG00000237,T00001,BGS,1.85807233,0.221211,0.4500
TG00000238,T00001,BGS,0.88042912,0.154402,0.4500
TG00000239,T00001,BGS,1.35416028,0.284479,0.4500
TG00000240,T00001,BGS,1.03081887,0.199786,0.4500
TG00000241,T00001,BGS,1.48529256,0.325448,0.4500
TG00000242,T00001,BGS,1.22050918,0.271712,0.4500
TG00000243,T00001,BGS,0.95238422,0.324004,0.4500
TG00000244,T00002,LRG,0.17833123,0.583455,1.0000
TG00000245,T00002,LRG,0.14919924,0.574062,1.0000
TG00000246,T00002,LRG,0.37254626,0.681290,1.0000
TG00000247,T00002,LRG,0.52214508,0.840550,1.0000
TG00000248,T00002,LRG,0.31860394,0.656127,1.0000
TG00000249,T00002,LRG,0.71550097,0.284481,1.0000
TG00000250,T00002,LRG,0.32407872,0.616551,1.0000
TG00000251,T00002,LRG,0.22208654,0.645526,1.0000
TG00000252,T00002,LRG,0.38970338,0.547321,1.0000
TG00000253,T00002,LRG,0.77248603,0.934640,1.0000
TG00000254,T00002,LRG,0.51505336,0.600130,1.0000
TG00000255,T00002,LRG,0.24747112,1.039809,1.0000
TG00000256,T00002,LRG,0.41628784,0.591214,1.0000
TG00000257,T00002,LRG,0.25212659,0.727505,1.0000
TG00000258,T00002,LRG,0.22610125,0.501528,1.0000
TG00000259,T00002,LRG,0.30648034,0.691764,1.0000
TG00000260,T00002,LRG,0.34828669,0.756030,1.0000
TG00000261,T00002,LRG,0.39397280,0.728586,1.0000
TG00000262,T00002,LRG,0.26602627,0.512770,1.0000
TG00000263,T00002,LRG,0.53441500,1.051559,1.0000
TG00000264,T00002,LRG,0.23517698,0.770472,1.0000
TG00000265,T00002,LRG,0.45858338,0.737667,1.0000
TG00000266,T00002,LRG,0.50925748,0.438744,1.0000
TG00000267,T00002,LRG,0.29053086,0.667110,1.0000
TG00000268,T00002,LRG,0.42366379,0.922100,1.0000
TG00000269,T00002,LRG,0.26652334,0.833495,1.0000
TG00000270,T00002,LRG,0.19855432,0.799934,1.0000
TG00000271,T00002,LRG,0.47984248,0.668877,1.0000
TG00000272,T00002,LRG,0.15678861,0.544989,1.0000
TG00000273,T00002,LRG,0.38363622,1.063219,1.0000
TG00000274,T00002,LRG,0.93538351,0.779998,1.0000
TG00000275,T00002,LRG,0.55359118,0.578307,1.0000
TG00000276,T00002,LRG,0.28362682,0.574902,1.0000
TG00000277,T00002,LRG,0.19192580,0.592321,1.0000
TG00000278,T00002,LRG,0.18536598,0.492826,1.0000
TG00000279,T00002,LRG,0.40371640,0.754432,1.0000
TG00000280,T00002,LRG,0.33402108,0.423332,1.0000
TG00000281,T00002,LRG,0.49698710,0.488015,1.0000
TG00000282,T00002,LRG,0.36405758,0.705438,1.0000
TG00000283,T00002,LRG,0.34121221,0.573769,1.0000
TG00000284,T00002,LRG,0.63624532,0.702721,1.0000
TG00000285,T00002,LRG,0.52826316,0.479358,1.0000
TG00000286,T00002,LRG,0.35306403,0.402461,1.0000
TG00000287,T00002,LRG,0.47131643,0.671327,1.0000
TG00000288,T00002,LRG,0.23553884,0.664685,1.0000
TG00000289,T00002,LRG,0.45152138,0.662121,1.0000
TG00000290,T00002,LRG,0.56808161,0.520108,1.0000
TG00000291,T00002,LRG,0.29205101,1.068891,1.0000
TG00000292,T00002,LRG,0.42071139,0.557226,1.0000
TG00000293,T00002,LRG,0.25994928,0.736595,1.0000
TG00000294,T00002,LRG,0.57459172,0.815902,1.0000
TG00000295,T00002,LRG,0.33481837,1.062941,1.0000
TG00000296,T00002,LRG,0.40917759,0.655855,1.0000
TG00000297,T00002,LRG,0.48965370,1.015254,1.0000
TG00000298,T00002,LRG,0.49292500,0.621944,1.0000
TG00000299,T00002,LRG,0.16012241,0.850293,1.0000
TG00000300,T00002,LRG,0.28496734,0.684045,1.0000
TG00000301,T00002,LRG,0.45109977,0.722096,1.0000
TG00000302,T00002,LRG,0.23795614,0.508578,1.0000
TG00000303,T00002,LRG,0.41698514,0.714643,1.0000
TG00000304,T00002,LRG,0.30714962,0.784334,1.0000
TG00000305,T00002,LRG,0.40248245,0.579572,1.0000
TG00000306,T00002,LRG,0.50875824,0.560665,1.0000
TG00000307,T00002,LRG,0.39833903,0.634998,1.0000
TG00000308,T00002,LRG,0.22734249,0.736182,1.0000
TG00000309,T00002,LRG,0.20536687,0.878030,1.0000
TG00000310,T00002,LRG,0.48857174,0.834376,1.0000
TG00000311,T00002,LRG,0.35465273,0.576903,1.0000
TG00000312,T00002,LRG,0.74040197,0.548091,1.0000
TG00000313,T00002,ELG,0.52731942,1.176969,1.0000
TG00000314,T00002,ELG,0.33320496,1.124774,1.0000
TG00000315,T00002,ELG,0.57992312,0.964388,1.0000
TG00000316,T00002,ELG,0.59280097,0.745565,1.0000
TG00000317,T00002,ELG,0.57844845,0.994952,1.0000
TG00000318,T00002,ELG,1.20574106,0.670502,1.0000
TG00000319,T00002,ELG,0.36487479,1.080336,1.0000
TG00000320,T00002,ELG,0.68771907,1.411639,1.0000
TG00000321,T00002,ELG,0.81533031,1.075300,1.0000
TG00000322,T00002,ELG,0.71498974,0.506643,1.0000
TG00000323,T00002,ELG,0.41298440,1.084289,1.0000
TG00000324,T00002,ELG,0.60442736,0.615819,1.0000
TG00000325,T00002,ELG,0.29692996,0.948599,1.0000
TG00000326,T00002,ELG,0.53787087,1.427535,1.0000
TG00000327,T00002,ELG,0.40632177,1.167516,1.0000
TG00000328,T00002,ELG,0.42083305,0.821173,1.0000
TG00000329,T00002,ELG,0.55505792,1.294155,1.0000
TG00000330,T00002,ELG,0.27591725,1.074584,1.0000
TG00000331,T00002,ELG,0.55693453,1.025188,1.0000
TG00000332,T00002,ELG,0.84835817,1.584139,1.0000
TG00000333,T00002,ELG,0.73183161,0.866802,1.0000
TG00000334,T00002,ELG,0.61219800,1.155654,1.0000
TG00000335,T00002,ELG,0.38161289,0.860583,1.0000
TG00000336,T00002,ELG,0.69681956,0.599725,1.0000
TG00000337,T00002,ELG,0.31290493,1.424877,1.0000
TG00000338,T00002,ELG,0.35534224,1.436444,1.0000
TG00000339,T00002,ELG,0.58438398,1.039695,1.0000
TG00000340,T00002,ELG,0.64993144,1.594466,1.0000
TG00000341,T00002,ELG,0.59928308,1.046198,1.0000
TG00000342,T00002,ELG,0.16929183,1.077750,1.0000
TG00000343,T00002,ELG,0.96911000,1.026847,1.0000
TG00000344,T00002,ELG,0.53728590,1.042882,1.0000
TG00000345,T00002,ELG,0.41771290,0.868048,1.0000
TG00000346,T00002,ELG,0.36582430,1.262939,1.0000
TG00000347,T00002,ELG,0.49400176,0.896269,1.0000
TG00000348,T00002,ELG,1.59932379,0.871247,1.0000
TG00000349,T00002,ELG,0.24902275,1.012355,1.0000
TG00000350,T00002,ELG,0.72154869,0.671925,1.0000
TG00000351,T00002,ELG,0.37052027,0.795422,1.0000
TG00000352,T00002,ELG,0.24027422,0.939097,1.0000
TG00000353,T00002,ELG,1.16014675,0.983584,1.0000
TG00000354,T00002,ELG,0.51311821,1.058938,1.0000
TG00000355,T00002,ELG,0.37872156,0.841944,1.0000
TG00000356,T00002,ELG,0.48025980,1.238760,1.0000
TG00000357,T00002,ELG,0.48515710,1.218357,1.0000
TG00000358,T00002,ELG,0.68560573,1.180511,1.0000
TG00000359,T00002,ELG,0.41812408,1.114319,1.0000
TG00000360,T00002,ELG,0.49393999,0.975102,1.0000
TG00000361,T00002,ELG,0.56728600,1.287865,1.0000
TG00000362,T00002,ELG,0.62253330,1.092991,1.0000
TG00000363,T00002,ELG,0.88148631,0.637266,1.0000
TG00000364,T00002,ELG,0.95911078,0.724832,1.0000
TG00000365,T00002,ELG,0.44267037,1.056626,1.0000
TG00000366,T00002,ELG,0.77353328,0.828268,1.0000
TG00000367,T00002,ELG,0.66906590,0.998269,1.0000
TG00000368,T00002,ELG,0.42341892,1.163811,1.0000
TG00000369,T00002,ELG,0.74013246,0.977100,1.0000
TG00000370,T00002,ELG,0.52211485,1.156641,1.0000
TG00000371,T00002,ELG,0.66145252,1.222260,1.0000
TG00000372,T00002,ELG,0.92203700,0.675817,1.0000
TG00000373,T00002,ELG,0.65689641,1.270965,1.0000
TG00000374,T00002,ELG,0.36779365,1.065370,1.0000
TG00000375,T00002,ELG,0.48381319,0.964727,1.0000
TG00000376,T00002,ELG,0.42475917,1.169444,1.0000
TG00000377,T00002,ELG,0.57417701,1.102919,1.0000
TG00000378,T00002,ELG,0.29311904,1.178407,1.0000
TG00000379,T00002,ELG,0.67120735,0.986628,1.0000
TG00000380,T00002,ELG,0.68176634,1.451907,1.0000
TG00000381,T00002,ELG,0.83740943,0.926555,1.0000
TG00000382,T00002,ELG,0.31644177,1.076717,1.0000
TG00000383,T00002,ELG,0.40716002,1.201558,1.0000
TG00000384,T00002,ELG,0.39261514,1.005250,1.0000
TG00000385,T00002,ELG,0.36713423,1.292158,1.0000
TG00000386,T00002,ELG,0.76480497,1.309760,1.0000
TG00000387,T00002,ELG,0.74764859,1.163043,1.0000
TG00000388,T00002,ELG,0.56048242,1.551769,1.0000
TG00000389,T00002,ELG,0.61771165,1.400205,1.0000
TG00000390,T00002,ELG,0.46794010,1.100723,1.0000
TG00000391,T00002,ELG,0.46643756,1.435647,1.0000
TG00000392,T00002,ELG,0.75486873,1.039564,1.0000
TG00000393,T00002,QSO,0.09551174,2.023952,1.7000
TG00000394,T00002,QSO,0.14751719,1.503489,1.7000
TG00000395,T00002,QSO,0.23372515,3.109020,1.7000
TG00000396,T00002,QSO,0.27065991,1.996620,1.7000
TG00000397,T00002,QSO,0.08512692,3.058316,1.7000
TG00000398,T00002,QSO,0.41221126,1.707810,1.7000
TG00000399,T00002,QSO,0.14046701,2.990130,1.7000
TG00000400,T00002,QSO,0.13684747,1.811601,1.7000
TG00000401,T00002,QSO,0.15530415,2.764576,1.7000
TG00000402,T00002,QSO,0.23997191,1.236529,1.7000
TG00000403,T00002,QSO,0.43791483,2.227725,1.7000
TG00000404,T00002,QSO,0.07440715,2.118183,1.7000
TG00000405,T00002,QSO,0.11480117,1.593311,1.7000
TG00000406,T00002,QSO,0.22969955,2.478749,1.7000
TG00000407,T00002,QSO,0.17948124,2.784164,1.7000
TG00000408,T00002,QSO,0.26614997,2.224560,1.7000
TG00000409,T00002,QSO,0.27624364,1.601218,1.7000
TG00000410,T00002,QSO,0.34813951,2.369607,1.7000
TG00000411,T00002,QSO,0.13076218,1.625097,1.7000
TG00000412,T00002,QSO,0.19299850,1.257901,1.7000
TG00000413,T00002,QSO,0.23019942,2.118640,1.7000
TG00000414,T00002,BGS,2.50286970,0.163702,0.4500
TG00000415,T00002,BGS,1.77032593,0.191324,0.4500
TG00000416,T00002,BGS,1.40478748,0.304596,0.4500
TG00000417,T00002,BGS,1.17316997,0.235278,0.4500
TG00000418,T00002,BGS,1.80665474,0.314132,0.4500
TG00000419,T00002,BGS,0.92733883,0.131936,0.4500
TG00000420,T00002,BGS,1.07469124,0.275330,0.4500
TG00000421,T00002,BGS,1.28138444,0.248025,0.4500
TG00000422,T00002,BGS,1.52083371,0.082615,0.4500
TG00000423,T00002,BGS,0.82000437,0.189228,0.4500
TG00000424,T00002,BGS,1.26795224,0.125884,0.4500
TG00000425,T00002,BGS,1.64078160,0.254300,0.4500
TG00000426,T00002,BGS,1.99846060,0.157115,0.4500
TG00000427,T00002,BGS,0.88632709,0.346235,0.4500
TG00000428,T00002,BGS,1.09851569,0.166211,0.4500
TG00000429,T00002,BGS,0.70057475,0.208622,0.4500
TG00000430,T00002,BGS,1.37444170,0.370137,0.4500
TG00000431,T00002,BGS,1.18621185,0.237268,0.4500
TG00000432,T00002,BGS,1.41188153,0.388197,0.4500
TG00000433,T00002,BGS,1.05224768,0.296821,0.4500
TG00000434,T00002,BGS,1.35150848,0.056043,0.4500
TG00000435,T00002,BGS,0.96827289,0.058299,0.4500
TG00000436,T00002,BGS,1.13335764,0.332864,0.4500
TG00000437,T00002,BGS,1.61906198,0.133396,0.4500
TG00000438,T00002,BGS,1.73248796,0.224389,0.4500
TG00000439,T00002,BGS,0.76624877,0.131130,0.4500
TG00000440,T00002,BGS,1.75634836,0.335650,0.4500
TG00000441,T00002,BGS,0.88235222,0.192047,0.4500
TG00000442,T00002,BGS,0.83381204,0.255769,0.4500
TG00000443,T00002,BGS,1.39711194,0.157690,0.4500
TG00000444,T00002,BGS,0.71423051,0.288837,0.4500
TG00000445,T00002,BGS,1.69861742,0.463695,0.4500
TG00000446,T00002,BGS,1.10560883,0.265291,0.4500
TG00000447,T00002,BGS,1.42525140,0.216476,0.4500
TG00000448,T00002,BGS,1.77401487,0.216531,0.4500
TG00000449,T00002,BGS,1.95712331,0.228928,0.4500
TG00000450,T00002,BGS,1.03777960,0.235218,0.4500
TG00000451,T00002,BGS,1.27626507,0.109450,0.4500
TG00000452,T00002,BGS,1.59841197,0.107190,0.4500
TG00000453,T00002,BGS,0.94099492,0.252449,0.4500
TG00000454,T00002,BGS,1.44564550,0.295164,0.4500
TG00000455,T00002,BGS,0.77311510,0.186975,0.4500
TG00000456,T00002,BGS,0.95944157,0.271422,0.4500
TG00000457,T00002,BGS,0.58649832,0.316964,0.4500
TG00000458,T00002,BGS,1.21685668,0.325912,0.4500
TG00000459,T00002,BGS,1.21667406,0.236015,0.4500
TG00000460,T00002,BGS,1.96784391,0.186265,0.4500
TG00000461,T00002,BGS,1.46438584,0.300253,0.4500
TG00000462,T00002,BGS,2.22481489,0.075981,0.4500
TG00000463,T00002,BGS,0.54028360,0.257263,0.4500
TG00000464,T00002,BGS,0.91306285,0.270693,0.4500
TG00000465,T00002,BGS,1.27884638,0.216172,0.4500
TG00000466,T00002,BGS,1.34969104,0.273964,0.4500
TG00000467,T00002,BGS,1.16332737,0.197991,0.4500
TG00000468,T00002,BGS,2.27289929,0.270204,0.4500
TG00000469,T00002,BGS,1.39289451,0.157172,0.4500
TG00000470,T00002,BGS,1.24318126,0.120439,0.4500
TG00000471,T00002,BGS,2.27658836,0.250173,0.4500
TG00000472,T00002,BGS,0.67549694,0.162911,0.4500
TG00000473,T00002,BGS,1.57254943,0.241080,0.4500
TG00000474,T00002,BGS,1.13454354,0.242435,0.4500
TG00000475,T00002,BGS,2.13063878,0.000000,0.4500
TG00000476,T00002,BGS,0.95210578,0.107398,0.4500
TG00000477,T00002,BGS,1.48839134,0.245623,0.4500
TG00000478,T00002,BGS,0.97367191,0.339667,0.4500
TG00000479,T00002,BGS,1.17376042,0.172137,0.4500
TG00000480,T00002,BGS,1.17591414,0.175392,0.4500
TG00000481,T00002,BGS,1.34030534,0.445677,0.4500
TG00000482,T00002,BGS,0.70202771,0.201344,0.4500
TG00000483,T00002,BGS,1.59184053,0.415272,0.4500
TG00000484,T00002,BGS,0.74117111,0.234161,0.4500
TG00000485,T00002,BGS,0.95556241,0.210617,0.4500
TG00000486,T00002,BGS,1.84020611,0.076431,0.4500
TG00000487,T00002,BGS,0.85373460,0.020360,0.4500
TG00000488,T00002,BGS,1.64028916,0.201863,0.4500
TG00000489,T00002,BGS,1.12482183,0.064272,0.4500
TG00000490,T00002,BGS,1.30726378,0.227771,0.4500
TG00000491,T00002,BGS,2.19734534,0.297264,0.4500
TG00000492,T00002,BGS,1.34413701,0.194242,0.4500
TG00000493,T00002,BGS,1.29416355,0.193518,0.4500
TG00000494,T00002,BGS,1.21493525,0.131289,0.4500
TG00000495,T00002,BGS,1.79610724,0.000000,0.4500
TG00000496,T00003,LRG,0.54598420,0.850945,1.0000
TG00000497,T00003,LRG,0.48961148,0.937884,1.0000
TG00000498,T00003,LRG,0.53600815,0.611776,1.0000
TG00000499,T00003,LRG,0.33592746,0.556587,1.0000
TG00000500,T00003,LRG,0.34822615,0.660355,1.0000
TG00000501,T00003,LRG,0.39397352,0.569296,1.0000
TG00000502,T00003,LRG,0.39026465,0.814675,1.0000
TG00000503,T00003,LRG,0.53563702,0.326903,1.0000
TG00000504,T00003,LRG,0.22570717,0.749684,1.0000
TG00000505,T00003,LRG,0.60771150,0.857287,1.0000
TG00000506,T00003,LRG,0.26955613,0.914837,1.0000
TG00000507,T00003,LRG,0.50414412,0.340188,1.0000
TG00000508,T00003,LRG,0.25840441,0.557742,1.0000
TG00000509,T00003,LRG,0.66984465,0.717516,1.0000
TG00000510,T00003,LRG,0.28740752,0.874348,1.0000
TG00000511,T00003,LRG,0.66987119,0.610892,1.0000
TG00000512,T00003,LRG,0.32734585,0.956971,1.0000
TG00000513,T00003,LRG,0.29714979,0.638623,1.0000
TG00000514,T00003,LRG,0.40937775,0.677697,1.0000
TG00000515,T00003,LRG,0.47067486,0.772938,1.0000
TG00000516,T00003,LRG,0.43283019,0.706021,1.0000
TG00000517,T00003,LRG,0.36114232,0.364239,1.0000
TG00000518,T00003,LRG,0.44623859,0.559003,1.0000
TG00000519,T00003,LRG,0.23471791,0.587201,1.0000
TG00000520,T00003,LRG,0.31099411,0.426222,1.0000
TG00000521,T00003,LRG,0.57947886,1.036246,1.0000
TG00000522,T00003,LRG,0.30356102,0.849820,1.0000
TG00000523,T00003,LRG,0.39312210,0.739138,1.0000
TG00000524,T00003,LRG,0.27394178,0.784778,1.0000
TG00000525,T00003,LRG,0.48331043,0.810424,1.0000
TG00000526,T00003,LRG,0.37912707,0.764603,1.0000
TG00000527,T00003,LRG,0.63313277,0.685444,1.0000
TG00000528,T00003,LRG,0.52654164,0.838286,1.0000
TG00000529,T00003,LRG,0.30211485,0.697817,1.0000
TG00000530,T00003,LRG,0.22887059,0.760096,1.0000
TG00000531,T00003,LRG,0.32364663,0.847212,1.0000
TG00000532,T00003,LRG,0.46456390,0.970316,1.0000
TG00000533,T00003,LRG,0.31963146,0.727235,1.0000
TG00000534,T00003,LRG,0.22428529,0.552096,1.0000
TG00000535,T00003,LRG,0.51173816,0.764430,1.0000
TG00000536,T00003,LRG,0.35664231,0.712536,1.0000
TG00000537,T00003,LRG,0.21897423,1.096300,1.0000
TG00000538,T00003,LRG,0.29243902,0.664778,1.0000
TG00000539,T00003,LRG,0.28958024,0.653606,1.0000
TG00000540,T00003,LRG,0.60372097,0.717599,1.0000
TG00000541,T00003,LRG,0.13750098,0.448111,1.0000
TG00000542,T00003,LRG,0.37546512,0.663872,1.0000
TG00000543,T00003,LRG,0.19338954,0.897480,1.0000
TG00000544,T00003,LRG,0.34276533,0.572946,1.0000
TG00000545,T00003,LRG,0.31187553,0.819546,1.0000
TG00000546,T00003,LRG,0.19873621,0.821915,1.0000
TG00000547,T00003,LRG,0.44445697,0.555266,1.0000
TG00000548,T00003,LRG,0.34097482,0.316568,1.0000
TG00000549,T00003,LRG,0.51832146,0.642877,1.0000
TG00000550,T00003,LRG,0.19475459,0.648439,1.0000
TG00000551,T00003,LRG,0.42272038,0.791420,1.0000
TG00000552,T00003,LRG,0.49524905,0.926861,1.0000
TG00000553,T00003,LRG,0.39836856,0.830668,1.0000
TG00000554,T00003,LRG,0.24046084,0.755691,1.0000
TG00000555,T00003,LRG,0.37081499,0.832912,1.0000
TG00000556,T00003,LRG,0.19369661,0.636839,1.0000
TG00000557,T00003,LRG,0.63831425,0.436423,1.0000
TG00000558,T00003,LRG,0.12364658,0.535149,1.0000
TG00000559,T00003,LRG,0.36535579,0.517441,1.0000
TG00000560,T00003,LRG,0.33488545,0.847523,1.0000
TG00000561,T00003,LRG,0.19802778,0.784561,1.0000
TG00000562,T00003,ELG,0.33872264,1.463821,1.0000
TG00000563,T00003,ELG,0.78142307,1.319166,1.0000
TG00000564,T00003,ELG,0.88844410,1.134240,1.0000
TG00000565,T00003,ELG,0.98134103,1.236817,1.0000
TG00000566,T00003,ELG,0.29844111,1.543746,1.0000
TG00000567,T00003,ELG,0.60794047,0.987894,1.0000
TG00000568,T00003,ELG,0.37532382,1.579236,1.0000
TG00000569,T00003,ELG,0.64979755,1.232691,1.0000
TG00000570,T00003,ELG,0.60702413,1.401547,1.0000
TG00000571,T00003,ELG,0.76259134,1.052546,1.0000
TG00000572,T00003,ELG,1.18160251,0.832321,1.0000
TG00000573,T00003,ELG,0.53774704,1.322683,1.0000
TG00000574,T00003,ELG,0.36265038,0.998934,1.0000
TG00000575,T00003,ELG,0.83742433,1.285013,1.0000
TG00000576,T00003,ELG,1.09999688,0.992218,1.0000
TG00000577,T00003,ELG,0.49348717,0.952764,1.0000
TG00000578,T00003,ELG,0.26441748,1.391561,1.0000
TG00000579,T00003,ELG,0.35737368,1.726057,1.0000
TG00000580,T00003,ELG,0.95982816,0.750649,1.0000
TG00000581,T00003,ELG,0.88061036,0.501987,1.0000
TG00000582,T00003,ELG,0.53251834,0.988057,1.0000
TG00000583,T00003,ELG,0.37974902,0.750795,1.0000
TG00000584,T00003,ELG,0.68507324,1.270252,1.0000
TG00000585,T00003,ELG,0.37989516,0.622529,1.0000
TG00000586,T00003,ELG,0.59377759,0.738671,1.0000
TG00000587,T00003,ELG,0.79176324,1.368509,1.0000
TG00000588,T00003,ELG,0.58056892,1.012315,1.0000
TG00000589,T00003,ELG,0.74696327,1.726075,1.0000
TG00000590,T00003,ELG,0.50494214,1.129826,1.0000
TG00000591,T00003,ELG,1.61625345,0.868120,1.0000
TG00000592,T00003,ELG,0.55838930,0.980826,1.0000
TG00000593,T00003,ELG,0.84797859,1.063979,1.0000
TG00000594,T00003,ELG,0.25985213,0.906435,1.0000
TG00000595,T00003,ELG,0.75781094,0.779912,1.0000
TG00000596,T00003,ELG,0.67206884,1.076501,1.0000
TG00000597,T00003,ELG,0.56113625,1.288403,1.0000
TG00000598,T00003,ELG,1.30848740,1.139502,1.0000
TG00000599,T00003,ELG,0.70856147,1.096498,1.0000
TG00000600,T00003,ELG,0.80671504,0.523598,1.0000
TG00000601,T00003,ELG,0.51238464,1.048465,1.0000
TG00000602,T00003,ELG,0.44847847,1.651562,1.0000
TG00000603,T00003,ELG,0.32882061,1.081017,1.0000
TG00000604,T00003,ELG,0.38663268,1.016011,1.0000
TG00000605,T00003,ELG,0.35824862,1.045519,1.0000
TG00000606,T00003,ELG,0.61761248,0.924144,1.0000
TG00000607,T00003,ELG,0.56162485,0.474871,1.0000
TG00000608,T00003,ELG,0.81306949,0.817819,1.0000
TG00000609,T00003,ELG,0.48610350,0.933927,1.0000
TG00000610,T00003,ELG,0.60600702,0.930185,1.0000
TG00000611,T00003,ELG,0.55082458,0.721868,1.0000
TG00000612,T00003,ELG,0.54686387,1.268578,1.0000
TG00000613,T00003,ELG,0.39582844,0.862040,1.0000
TG00000614,T00003,ELG,0.50024949,1.023294,1.0000
TG00000615,T00003,ELG,0.41679755,0.737868,1.0000
TG00000616,T00003,ELG,0.28632818,0.614673,1.0000
TG00000617,T00003,ELG,0.51753050,0.923114,1.0000
TG00000618,T00003,ELG,0.25562716,0.992642,1.0000
TG00000619,T00003,ELG,0.47941199,1.181311,1.0000
TG00000620,T00003,ELG,0.29759628,1.123587,1.0000
TG00000621,T00003,ELG,0.63547680,1.209345,1.0000
TG00000622,T00003,ELG,0.56688435,1.257894,1.0000
TG00000623,T00003,ELG,0.41290621,1.251796,1.0000
TG00000624,T00003,ELG,0.44955764,1.512475,1.0000
TG00000625,T00003,ELG,0.56406272,0.940926,1.0000
TG00000626,T00003,ELG,0.46000744,1.291082,1.0000
TG00000627,T00003,ELG,0.71343218,1.314288,1.0000
TG00000628,T00003,ELG,1.00521639,1.348268,1.0000
TG00000629,T00003,ELG,0.33338208,1.052606,1.0000
TG00000630,T00003,ELG,0.57023714,1.135605,1.0000
TG00000631,T00003,ELG,0.40405244,1.463356,1.0000
TG00000632,T00003,ELG,0.47960415,1.263925,1.0000
TG00000633,T00003,ELG,0.41784411,0.645984,1.0000
TG00000634,T00003,ELG,0.81438870,1.082517,1.0000
TG00000635,T00003,ELG,0.49565671,0.876947,1.0000
TG00000636,T00003,ELG,0.90238977,0.637919,1.0000
TG00000637,T00003,ELG,0.69758449,1.090180,1.0000
TG00000638,T00003,ELG,0.49426476,1.188144,1.0000
TG00000639,T00003,ELG,0.78568821,1.343661,1.0000
TG00000640,T00003,ELG,0.39525712,0.933400,1.0000
TG00000641,T00003,ELG,0.40775618,0.815161,1.0000
TG00000642,T00003,ELG,0.58472053,1.121017,1.0000
TG00000643,T00003,ELG,0.60816245,1.220457,1.0000
TG00000644,T00003,ELG,0.31587257,1.389962,1.0000
TG00000645,T00003,ELG,0.48893413,0.879083,1.0000
TG00000646,T00003,ELG,0.81177937,1.105597,1.0000
TG00000647,T00003,ELG,0.75060168,0.698393,1.0000
TG00000648,T00003,ELG,0.72632049,0.983170,1.0000
TG00000649,T00003,ELG,0.61389805,0.946449,1.0000
TG00000650,T00003,ELG,0.45884082,1.210145,1.0000
TG00000651,T00003,ELG,0.45918473,0.484610,1.0000
TG00000652,T00003,ELG,0.32677610,1.307314,1.0000
TG00000653,T00003,ELG,0.46554027,0.714650,1.0000
TG00000654,T00003,ELG,0.42379459,1.154724,1.0000
TG00000655,T00003,ELG,0.73076936,1.518682,1.0000
TG00000656,T00003,ELG,0.66536789,1.225331,1.0000
TG00000657,T00003,ELG,0.65435658,0.513493,1.0000
TG00000658,T00003,ELG,0.67029907,0.771366,1.0000
TG00000659,T00003,ELG,0.48026488,0.519852,1.0000
TG00000660,T00003,ELG,0.35416974,0.940211,1.0000
TG00000661,T00003,ELG,0.62170611,0.814895,1.0000
TG00000662,T00003,ELG,0.91122150,1.075022,1.0000
TG00000663,T00003,ELG,0.80680007,0.745873,1.0000
TG00000664,T00003,ELG,1.11222804,1.298176,1.0000
TG00000665,T00003,ELG,0.81403694,1.176215,1.0000
TG00000666,T00003,ELG,0.59960093,0.882507,1.0000
TG00000667,T00003,ELG,0.45884860,1.126230,1.0000
TG00000668,T00003,ELG,0.43179690,1.168371,1.0000
TG00000669,T00003,ELG,0.71760266,1.121016,1.0000
TG00000670,T00003,ELG,0.82121996,1.189009,1.0000
TG00000671,T00003,ELG,0.92823724,1.081770,1.0000
TG00000672,T00003,ELG,0.32335334,1.501169,1.0000
TG00000673,T00003,ELG,0.93017501,1.472073,1.0000
TG00000674,T00003,ELG,0.58545342,0.708451,1.0000
TG00000675,T00003,ELG,0.47838909,1.125567,1.0000
TG00000676,T00003,ELG,0.38330234,1.428636,1.0000
TG00000677,T00003,ELG,1.03100377,0.537240,1.0000
TG00000678,T00003,ELG,0.58532390,1.669179,1.0000
TG00000679,T00003,QSO,0.22882220,2.098671,1.7000
TG00000680,T00003,QSO,0.05464073,1.165216,1.7000
TG00000681,T00003,QSO,0.28382122,2.247679,1.7000
TG00000682,T00003,QSO,0.19075565,2.442543,1.7000
TG00000683,T00003,QSO,0.11651640,3.025540,1.7000
TG00000684,T00003,QSO,0.08516632,2.569728,1.7000
TG00000685,T00003,QSO,0.10267354,1.298141,1.7000
TG00000686,T00003,QSO,0.15859876,1.738693,1.7000
TG00000687,T00003,QSO,0.12188099,2.339564,1.7000
TG00000688,T00003,QSO,0.18907158,3.038488,1.7000
TG00000689,T00003,QSO,0.06448836,1.361554,1.7000
TG00000690,T00003,QSO,0.17196080,1.996467,1.7000
TG00000691,T00003,QSO,0.19789518,2.139528,1.7000
TG00000692,T00003,QSO,0.16182466,2.389737,1.7000
TG00000693,T00003,QSO,0.35238126,3.066839,1.7000
TG00000694,T00003,QSO,0.05465832,1.487210,1.7000
TG00000695,T00003,BGS,1.32879482,0.145436,0.4500
TG00000696,T00003,BGS,1.55620196,0.390414,0.4500
TG00000697,T00003,BGS,1.89193162,0.145972,0.4500
TG00000698,T00003,BGS,1.38955585,0.214465,0.4500
TG00000699,T00003,BGS,1.32150661,0.310384,0.4500
TG00000700,T00003,BGS,0.99461968,0.375148,0.4500
TG00000701,T00003,BGS,1.69371603,0.199958,0.4500
TG00000702,T00003,BGS,1.15425572,0.186275,0.4500
TG00000703,T00003,BGS,1.51025722,0.239917,0.4500
TG00000704,T00003,BGS,1.13010630,0.010913,0.4500
TG00000705,T00003,BGS,1.55834407,0.297591,0.4500
TG00000706,T00003,BGS,1.61311176,0.209042,0.4500
TG00000707,T00003,BGS,1.37722575,0.339254,0.4500
TG00000708,T00003,BGS,1.06728687,0.028171,0.4500
TG00000709,T00003,BGS,1.68434920,0.175292,0.4500
TG00000710,T00003,BGS,0.78588089,0.266452,0.4500
TG00000711,T00003,BGS,0.73928030,0.368299,0.4500
TG00000712,T00003,BGS,1.18644457,0.116551,0.4500
TG00000713,T00003,BGS,1.37508638,0.193629,0.4500
TG00000714,T00003,BGS,1.19251880,0.171203,0.4500
TG00000715,T00003,BGS,0.92575554,0.241337,0.4500
TG00000716,T00003,BGS,2.92435482,0.331807,0.4500
TG00000717,T00003,BGS,1.27282258,0.181488,0.4500
TG00000718,T00003,BGS,0.96795924,0.204660,0.4500
TG00000719,T00003,BGS,1.18286312,0.294064,0.4500
TG00000720,T00003,BGS,1.13532430,0.000000,0.4500
TG00000721,T00003,BGS,1.08730798,0.145052,0.4500
TG00000722,T00003,BGS,1.19974247,0.184831,0.4500
TG00000723,T00003,BGS,1.23584757,0.175019,0.4500
TG00000724,T00003,BGS,1.26630691,0.235130,0.4500
TG00000725,T00003,BGS,1.07505859,0.161533,0.4500
TG00000726,T00003,BGS,1.26471451,0.104866,0.4500
TG00000727,T00003,BGS,1.10645718,0.236306,0.4500
TG00000728,T00003,BGS,0.88570279,0.186181,0.4500
TG00000729,T00003,BGS,0.86995423,0.336630,0.4500
TG00000730,T00003,BGS,0.98964305,0.255760,0.4500
TG00000731,T00003,BGS,1.94108217,0.123680,0.4500
TG00000732,T00003,BGS,0.91677840,0.301391,0.4500
TG00000733,T00003,BGS,1.34797588,0.269506,0.4500
TG00000734,T00003,BGS,2.31576087,0.091127,0.4500
TG00000735,T00003,BGS,0.99943088,0.280989,0.4500
TG00000736,T00003,BGS,1.27812574,0.208104,0.4500
TG00000737,T00003,BGS,1.03407144,0.231473,0.4500
TG00000738,T00003,BGS,1.12984106,0.149616,0.4500
TG00000739,T00003,BGS,1.48493691,0.019650,0.4500
TG00000740,T00003,BGS,1.60802070,0.285234,0.4500
TG00000741,T00003,BGS,1.46073015,0.284520,0.4500
TG00000742,T00003,BGS,1.10342586,0.194028,0.4500
TG00000743,T00003,BGS,1.10792421,0.219719,0.4500
TG00000744,T00003,BGS,1.20568912,0.241573,0.4500
TG00000745,T00003,BGS,1.27186091,0.286385,0.4500
TG00000746,T00003,BGS,1.48399544,0.035631,0.4500
TG00000747,T00003,BGS,1.15857959,0.266816,0.4500
TG00000748,T00003,BGS,1.41709758,0.115704,0.4500
TG00000749,T00003,BGS,2.08251749,0.138693,0.4500
TG00000750,T00003,BGS,1.18196791,0.223046,0.4500
TG00000751,T00003,BGS,1.01584020,0.222414,0.4500
TG00000752,T00003,BGS,1.29501340,0.062827,0.4500
TG00000753,T00003,BGS,1.63998539,0.167379,0.4500
TG00000754,T00003,BGS,1.47837227,0.299499,0.4500
TG00000755,T00003,BGS,1.20785971,0.247954,0.4500
TG00000756,T00003,BGS,1.41252378,0.240134,0.4500
TG00000757,T00003,BGS,0.88142042,0.202245,0.4500
TG00000758,T00003,BGS,1.47238002,0.302801,0.4500
TG00000759,T00003,BGS,1.67114001,0.265339,0.4500
TG00000760,T00003,BGS,1.08515827,0.008081,0.4500
TG00000761,T00003,BGS,1.55073169,0.311572,0.4500
TG00000762,T00003,BGS,1.51221643,0.314820,0.4500
TG00000763,T00003,BGS,1.96243680,0.282826,0.4500
TG00000764,T00003,BGS,1.43371232,0.283371,0.4500
TG00000765,T00003,BGS,0.91545905,0.300331,0.4500
TG00000766,T00003,BGS,1.36389889,0.335601,0.4500
TG00000767,T00003,BGS,1.50540342,0.323824,0.4500
TG00000768,T00003,BGS,2.00450112,0.229475,0.4500
TG00000769,T00003,BGS,1.24985759,0.276267,0.4500
TG00000770,T00003,BGS,1.65335955,0.291521,0.4500
TG00000771,T00003,BGS,1.46942168,0.255837,0.4500
TG00000772,T00003,BGS,1.78445657,0.257133,0.4500
TG00000773,T00003,BGS,1.48717167,0.203548,0.4500
TG00000774,T00004,LRG,0.87632730,0.929498,1.0000
TG00000775,T00004,LRG,0.43427538,0.689864,1.0000
TG00000776,T00004,LRG,0.20934566,0.671593,1.0000
TG00000777,T00004,LRG,0.35130290,0.707101,1.0000
TG00000778,T00004,LRG,0.34496343,0.691439,1.0000
TG00000779,T00004,LRG,0.22958198,0.863991,1.0000
TG00000780,T00004,LRG,0.19329847,1.054995,1.0000
TG00000781,T00004,LRG,0.39318199,0.454287,1.0000
TG00000782,T00004,LRG,0.42496504,0.293640,1.0000
TG00000783,T00004,LRG,0.23111714,0.502861,1.0000
TG00000784,T00004,LRG,0.29887618,0.631554,1.0000
TG00000785,T00004,LRG,0.28462473,0.957054,1.0000
TG00000786,T00004,LRG,0.31882063,0.695669,1.0000
TG00000787,T00004,LRG,0.18588580,0.588300,1.0000
TG00000788,T00004,LRG,0.53724531,0.597752,1.0000
TG00000789,T00004,LRG,0.23752553,0.658718,1.0000
TG00000790,T00004,LRG,0.22758648,0.772141,1.0000
TG00000791,T00004,LRG,0.65991495,0.711592,1.0000
TG00000792,T00004,LRG,0.36799509,0.862842,1.0000
TG00000793,T00004,LRG,0.26905546,0.815774,1.0000
TG00000794,T00004,LRG,0.34024845,0.704650,1.0000
TG00000795,T00004,LRG,0.45084496,0.769686,1.0000
TG00000796,T00004,LRG,0.32951406,0.726253,1.0000
TG00000797,T00004,LRG,0.21050254,0.687518,1.0000
TG00000798,T00004,LRG,0.33941784,0.658837,1.0000
TG00000799,T00004,LRG,0.55675174,0.483245,1.0000
TG00000800,T00004,LRG,0.45488930,0.461718,1.0000
TG00000801,T00004,LRG,0.49071487,0.557253,1.0000
TG00000802,T00004,LRG,0.31630433,0.807789,1.0000
TG00000803,T00004,LRG,0.31994100,0.672579,1.0000
TG00000804,T00004,LRG,0.39112529,0.700451,1.0000
TG00000805,T00004,LRG,0.31575743,0.891492,1.0000
TG00000806,T00004,LRG,0.38945333,0.853054,1.0000
TG00000807,T00004,LRG,0.65393467,0.859139,1.0000
TG00000808,T00004,LRG,0.42573604,0.473964,1.0000
TG00000809,T00004,LRG,0.48014949,0.535628,1.0000
TG00000810,T00004,LRG,0.39935250,0.687609,1.0000
TG00000811,T00004,LRG,0.21907561,0.592226,1.0000
TG00000812,T00004,LRG,0.35260947,0.840733,1.0000
TG00000813,T00004,LRG,0.51391203,0.588695,1.0000
TG00000814,T00004,LRG,0.37844807,0.701245,1.0000
TG00000815,T00004,LRG,0.34523302,0.482728,1.0000
TG00000816,T00004,LRG,0.19374201,0.618229,1.0000
TG00000817,T00004,LRG,0.34377124,0.553602,1.0000
TG00000818,T00004,LRG,0.46284645,0.605415,1.0000
TG00000819,T00004,LRG,0.16956379,0.649701,1.0000
TG00000820,T00004,LRG,0.35287233,0.875977,1.0000
TG00000821,T00004,LRG,0.22606962,0.738722,1.0000
TG00000822,T00004,LRG,0.25631201,0.588563,1.0000
TG00000823,T00004,LRG,0.16873121,0.545969,1.0000
TG00000824,T00004,LRG,0.26343389,0.663375,1.0000
TG00000825,T00004,LRG,0.30739748,0.524672,1.0000
TG00000826,T00004,LRG,0.60264236,0.703845,1.0000
TG00000827,T00004,LRG,0.51941949,0.516575,1.0000
TG00000828,T00004,LRG,0.27195290,0.599514,1.0000
TG00000829,T00004,LRG,0.40105237,0.657687,1.0000
TG00000830,T00004,LRG,0.26731607,0.841300,1.0000
TG00000831,T00004,LRG,0.26360134,0.695045,1.0000
TG00000832,T00004,LRG,0.36019827,0.888609,1.0000
TG00000833,T00004,LRG,0.15601162,0.821553,1.0000
TG00000834,T00004,LRG,0.48854223,0.640127,1.0000
TG00000835,T00004,LRG,0.37598957,0.735044,1.0000
TG00000836,T00004,LRG,0.31966332,0.860515,1.0000
TG00000837,T00004,ELG,0.49189751,1.198376,1.0000
TG00000838,T00004,ELG,0.79191225,0.715803,1.0000
TG00000839,T00004,ELG,0.70166862,1.052936,1.0000
TG00000840,T00004,ELG,0.76934987,1.165082,1.0000
TG00000841,T00004,ELG,0.55395845,0.812783,1.0000
TG00000842,T00004,ELG,0.46582924,0.919803,1.0000
TG00000843,T00004,ELG,0.36846727,0.934368,1.0000
TG00000844,T00004,ELG,0.75207668,1.103341,1.0000
TG00000845,T00004,ELG,0.81653750,1.219110,1.0000
TG00000846,T00004,ELG,0.36339731,1.399953,1.0000
TG00000847,T00004,ELG,0.63651737,1.171603,1.0000
TG00000848,T00004,ELG,0.65726483,1.160327,1.0000
TG00000849,T00004,ELG,0.46165531,0.866518,1.0000
TG00000850,T00004,ELG,0.27200387,1.116181,1.0000
TG00000851,T00004,ELG,0.50249263,1.013835,1.0000
TG00000852,T00004,ELG,0.38565429,0.526435,1.0000
TG00000853,T00004,ELG,0.86873383,1.490266,1.0000
TG00000854,T00004,ELG,0.50669408,0.926559,1.0000
TG00000855,T00004,ELG,0.73450299,0.746354,1.0000
TG00000856,T00004,ELG,0.65440412,0.786637,1.0000
TG00000857,T00004,ELG,0.47507837,1.561926,1.0000
TG00000858,T00004,ELG,0.45100763,0.790976,1.0000
TG00000859,T00004,ELG,0.50528843,1.257421,1.0000
TG00000860,T00004,ELG,0.66017883,1.474322,1.0000
TG00000861,T00004,ELG,0.62378948,1.543734,1.0000
TG00000862,T00004,ELG,0.72922305,0.991907,1.0000
TG00000863,T00004,ELG,0.60459980,1.893208,1.0000
TG00000864,T00004,ELG,0.90364366,1.201023,1.0000
TG00000865,T00004,ELG,0.64103919,0.442067,1.0000
TG00000866,T00004,ELG,0.42608752,1.030580,1.0000
TG00000867,T00004,ELG,0.43138398,1.118430,1.0000
TG00000868,T00004,ELG,0.62061318,1.014517,1.0000
TG00000869,T00004,ELG,0.26849576,1.052405,1.0000
TG00000870,T00004,ELG,0.21000515,1.397446,1.0000
TG00000871,T00004,ELG,0.86245656,1.376717,1.0000
TG00000872,T00004,ELG,0.51258529,1.022072,1.0000
TG00000873,T00004,ELG,0.22539577,0.968175,1.0000
TG00000874,T00004,ELG,0.48990154,0.497360,1.0000
TG00000875,T00004,ELG,0.59751301,1.415832,1.0000
TG00000876,T00004,ELG,0.78365068,1.173371,1.0000
TG00000877,T00004,ELG,0.78400862,0.718687,1.0000
TG00000878,T00004,ELG,0.41322031,1.095916,1.0000
TG00000879,T00004,ELG,0.38919832,1.462275,1.0000
TG00000880,T00004,ELG,1.15722800,0.950241,1.0000
TG00000881,T00004,ELG,0.63793394,1.231999,1.0000
TG00000882,T00004,ELG,0.50025877,0.879657,1.0000
TG00000883,T00004,ELG,0.25243576,1.028625,1.0000
TG00000884,T00004,ELG,0.40518946,1.202197,1.0000
TG00000885,T00004,ELG,0.43289926,1.057137,1.0000
TG00000886,T00004,ELG,0.60082867,0.983964,1.0000
TG00000887,T00004,ELG,0.39361092,0.832310,1.0000
TG00000888,T00004,ELG,0.45175000,0.993094,1.0000
TG00000889,T00004,ELG,0.26497080,1.242636,1.0000
TG00000890,T00004,ELG,0.54504646,1.015600,1.0000
TG00000891,T00004,ELG,0.92534190,0.832982,1.0000
TG00000892,T00004,ELG,0.57556440,0.866957,1.0000
TG00000893,T00004,ELG,0.33621026,1.922650,1.0000
TG00000894,T00004,ELG,0.54801132,1.089885,1.0000
TG00000895,T00004,ELG,0.62317723,1.686710,1.0000
TG00000896,T00004,ELG,0.49896306,1.170269,1.0000
TG00000897,T00004,ELG,0.98730633,1.299731,1.0000
TG00000898,T00004,ELG,0.34010975,1.039504,1.0000
TG00000899,T00004,ELG,1.01118118,1.009552,1.0000
TG00000900,T00004,ELG,0.46042857,1.158118,1.0000
TG00000901,T00004,ELG,0.40847480,1.374188,1.0000
TG00000902,T00004,ELG,0.51875390,0.915462,1.0000
TG00000903,T00004,ELG,0.51253140,1.603413,1.0000
TG00000904,T00004,ELG,0.99427716,1.193975,1.0000
TG00000905,T00004,ELG,0.44092232,1.725650,1.0000
TG00000906,T00004,ELG,0.32578987,1.092878,1.0000
TG00000907,T00004,ELG,1.07439547,0.653570,1.0000
TG00000908,T00004,ELG,0.55842025,0.568193,1.0000
TG00000909,T00004,ELG,0.83401188,1.196927,1.0000
TG00000910,T00004,ELG,0.51725283,0.755300,1.0000
TG00000911,T00004,ELG,0.39661443,1.324481,1.0000
TG00000912,T00004,ELG,0.47099598,1.037148,1.0000
TG00000913,T00004,ELG,0.41167051,1.310647,1.0000
TG00000914,T00004,ELG,0.86093723,0.805104,1.0000
TG00000915,T00004,ELG,0.82198958,1.110270,1.0000
TG00000916,T00004,ELG,0.52085498,0.438635,1.0000
TG00000917,T00004,ELG,0.61742607,0.993643,1.0000
TG00000918,T00004,ELG,0.67478983,0.618453,1.0000
TG00000919,T00004,ELG,0.35832914,0.831382,1.0000
TG00000920,T00004,QSO,0.13704692,2.820198,1.7000
TG00000921,T00004,QSO,0.25990990,1.486345,1.7000
TG00000922,T00004,QSO,0.27150537,2.473238,1.7000
TG00000923,T00004,QSO,0.15012632,1.566829,1.7000
TG00000924,T00004,QSO,0.14358184,2.032432,1.7000
TG00000925,T00004,QSO,0.26452357,2.056836,1.7000
TG00000926,T00004,QSO,0.12499143,3.062554,1.7000
TG00000927,T00004,QSO,0.18163191,1.889103,1.7000
TG00000928,T00004,QSO,0.37049637,2.467584,1.7000
TG00000929,T00004,QSO,0.10319179,2.098783,1.7000
TG00000930,T00004,QSO,0.19509937,3.104331,1.7000
TG00000931,T00004,QSO,0.75847459,1.284371,1.7000
TG00000932,T00004,QSO,0.20440318,1.607291,1.7000
TG00000933,T00004,QSO,0.24810101,2.291233,1.7000
TG00000934,T00004,QSO,0.21595450,1.245077,1.7000
TG00000935,T00004,QSO,0.10370448,2.112932,1.7000
TG00000936,T00004,QSO,0.27257477,2.330792,1.7000
TG00000937,T00004,QSO,0.31249152,1.989409,1.7000
TG00000938,T00004,QSO,0.23973144,0.959148,1.7000
TG00000939,T00004,BGS,0.72869935,0.093305,0.4500
TG00000940,T00004,BGS,1.99328378,0.190775,0.4500
TG00000941,T00004,BGS,0.80556091,0.244476,0.4500
TG00000942,T00004,BGS,0.88966134,0.241751,0.4500
TG00000943,T00004,BGS,1.22284721,0.240622,0.4500
TG00000944,T00004,BGS,1.81335668,0.289262,0.4500
TG00000945,T00004,BGS,2.03949628,0.134433,0.4500
TG00000946,T00004,BGS,1.46018916,0.260464,0.4500
TG00000947,T00004,BGS,1.35287656,0.085691,0.4500
TG00000948,T00004,BGS,0.87275134,0.171896,0.4500
TG00000949,T00004,BGS,1.00417462,0.288112,0.4500
TG00000950,T00004,BGS,0.94120512,0.186543,0.4500
TG00000951,T00004,BGS,0.57773442,0.160011,0.4500
TG00000952,T00004,BGS,1.63881300,0.382700,0.4500
TG00000953,T00004,BGS,1.29468213,0.014071,0.4500
TG00000954,T00004,BGS,0.80677056,0.424358,0.4500
TG00000955,T00004,BGS,1.32266756,0.221461,0.4500
TG00000956,T00004,BGS,2.00415912,0.062953,0.4500
TG00000957,T00004,BGS,1.07282356,0.354660,0.4500
TG00000958,T00004,BGS,1.35148049,0.172835,0.4500
TG00000959,T00004,BGS,0.93106641,0.300811,0.4500
TG00000960,T00004,BGS,2.90269084,0.181515,0.4500
TG00000961,T00004,BGS,1.08965710,0.347502,0.4500
TG00000962,T00004,BGS,2.37633271,0.254860,0.4500
TG00000963,T00004,BGS,2.01926368,0.405913,0.4500
TG00000964,T00004,BGS,1.47811098,0.334838,0.4500
TG00000965,T00004,BGS,1.50667928,0.230517,0.4500
TG00000966,T00004,BGS,0.71438095,0.360578,0.4500
TG00000967,T00004,BGS,1.30175407,0.434113,0.4500
TG00000968,T00004,BGS,0.85027935,0.305570,0.4500
TG00000969,T00004,BGS,1.31422672,0.015005,0.4500
TG00000970,T00004,BGS,0.52007143,0.163513,0.4500
TG00000971,T00004,BGS,1.43768336,0.120475,0.4500
TG00000972,T00004,BGS,1.17828731,0.275912,0.4500
TG00000973,T00004,BGS,1.74965854,0.259270,0.4500
TG00000974,T00004,BGS,0.98146433,0.235252,0.4500
TG00000975,T00004,BGS,1.45420633,0.152978,0.4500
TG00000976,T00004,BGS,1.18936732,0.275910,0.4500
TG00000977,T00004,BGS,0.82237991,0.185637,0.4500
TG00000978,T00004,BGS,1.17566564,0.248236,0.4500
TG00000979,T00004,BGS,1.63246486,0.142457,0.4500
TG00000980,T00004,BGS,0.89089003,0.305632,0.4500
TG00000981,T00004,BGS,2.25362775,0.278166,0.4500
TG00000982,T00004,BGS,1.61523408,0.249129,0.4500
TG00000983,T00004,BGS,1.56830175,0.258119,0.4500
TG00000984,T00004,BGS,1.59415937,0.223259,0.4500
TG00000985,T00004,BGS,1.31634320,0.111653,0.4500
TG00000986,T00004,BGS,1.39457635,0.132142,0.4500
TG00000987,T00004,BGS,1.08390922,0.353706,0.4500
TG00000988,T00004,BGS,1.07678564,0.197028,0.4500
TG00000989,T00004,BGS,1.15041826,0.140573,0.4500
TG00000990,T00004,BGS,0.96086505,0.331324,0.4500
TG00000991,T00004,BGS,1.88443080,0.241502,0.4500
TG00000992,T00004,BGS,0.99259304,0.209787,0.4500
TG00000993,T00004,BGS,0.82965248,0.394424,0.4500
TG00000994,T00004,BGS,1.51815575,0.178077,0.4500
TG00000995,T00004,BGS,1.48704887,0.223066,0.4500
TG00000996,T00004,BGS,1.90683686,0.283128,0.4500
TG00000997,T00004,BGS,1.38226692,0.379348,0.4500
TG00000998,T00004,BGS,1.65923869,0.098846,0.4500
TG00000999,T00004,BGS,1.04702687,0.061558,0.4500
TG00001000,T00004,BGS,1.34099622,0.171147,0.4500
TG00001001,T00004,BGS,1.07717941,0.321026,0.4500
TG00001002,T00004,BGS,1.15471204,0.212393,0.4500
TG00001003,T00004,BGS,1.81859230,0.125762,0.4500
TG00001004,T00004,BGS,1.57980359,0.332450,0.4500
TG00001005,T00004,BGS,2.05051249,0.238743,0.4500
TG00001006,T00004,BGS,0.97640426,0.178070,0.4500
TG00001007,T00004,BGS,1.71046549,0.057448,0.4500
TG00001008,T00004,BGS,1.44807360,0.197223,0.4500
TG00001009,T00004,BGS,1.54431742,0.348434,0.4500
TG00001010,T00004,BGS,1.37277286,0.365330,0.4500
TG00001011,T00004,BGS,1.43491627,0.095723,0.4500
TG00001012,T00004,BGS,0.82082871,0.157462,0.4500
TG00001013,T00004,BGS,1.19483847,0.187128,0.4500
TG00001014,T00004,BGS,0.98322432,0.290700,0.4500
TG00001015,T00005,LRG,0.53159753,0.676173,1.0000
TG00001016,T00005,LRG,0.27325123,0.815160,1.0000
TG00001017,T00005,LRG,0.48390992,0.772592,1.0000
TG00001018,T00005,LRG,0.47013423,0.574474,1.0000
TG00001019,T00005,LRG,0.25439243,0.586597,1.0000
TG00001020,T00005,LRG,0.32255261,0.889288,1.0000
TG00001021,T00005,LRG,0.27917118,0.504065,1.0000
TG00001022,T00005,LRG,0.34873492,0.656447,1.0000
TG00001023,T00005,LRG,0.30408797,0.714813,1.0000
TG00001024,T00005,LRG,0.38591430,0.604187,1.0000
TG00001025,T00005,LRG,0.54047844,0.605018,1.0000
TG00001026,T00005,LRG,0.38002507,0.775673,1.0000
TG00001027,T00005,LRG,0.21420679,0.673722,1.0000
TG00001028,T00005,LRG,0.42879786,0.390410,1.0000
TG00001029,T00005,LRG,0.20723922,0.918127,1.0000
TG00001030,T00005,LRG,0.17808324,0.549303,1.0000
TG00001031,T00005,LRG,0.36820670,0.985282,1.0000
TG00001032,T00005,LRG,0.77977610,0.600613,1.0000
TG00001033,T00005,LRG,0.40467884,0.903981,1.0000
TG00001034,T00005,LRG,0.38491554,0.651296,1.0000
TG00001035,T00005,LRG,0.49666676,0.809171,1.0000
TG00001036,T00005,LRG,0.46754913,0.711217,1.0000
TG00001037,T00005,LRG,0.56086978,0.946878,1.0000
TG00001038,T00005,LRG,0.31806966,0.879828,1.0000
TG00001039,T00005,LRG,0.30716734,0.787837,1.0000
TG00001040,T00005,LRG,0.27190968,0.904731,1.0000
TG00001041,T00005,LRG,0.46401698,0.699067,1.0000
TG00001042,T00005,LRG,0.23312958,0.651372,1.0000
TG00001043,T00005,LRG,0.21636220,0.813759,1.0000
TG00001044,T00005,LRG,0.33034402,0.613767,1.0000
TG00001045,T00005,LRG,0.54926440,0.724819,1.0000
TG00001046,T00005,LRG,0.30435442,0.607643,1.0000
TG00001047,T00005,LRG,0.25220583,0.656222,1.0000
TG00001048,T00005,LRG,0.31014623,0.587601,1.0000
TG00001049,T00005,LRG,0.33458276,0.513042,1.0000
TG00001050,T00005,LRG,0.41573451,0.530530,1.0000
TG00001051,T00005,LRG,0.26483804,0.685374,1.0000
TG00001052,T00005,LRG,0.50760223,0.824658,1.0000
TG00001053,T00005,LRG,0.25417584,0.649993,1.0000
TG00001054,T00005,LRG,0.56084985,0.851614,1.0000
TG00001055,T00005,LRG,0.27529939,0.788451,1.0000
TG00001056,T00005,LRG,0.39576797,0.883620,1.0000
TG00001057,T00005,LRG,0.43154389,0.574932,1.0000
TG00001058,T00005,LRG,0.32460386,0.752894,1.0000
TG00001059,T00005,LRG,0.32478308,0.395446,1.0000
TG00001060,T00005,LRG,0.30809330,0.398312,1.0000
TG00001061,T00005,LRG,0.51957542,0.891739,1.0000
TG00001062,T00005,LRG,0.20218514,0.527015,1.0000
TG00001063,T00005,LRG,0.39702646,0.714130,1.0000
TG00001064,T00005,LRG,0.26788816,0.402141,1.0000
TG00001065,T00005,LRG,0.28437690,0.983686,1.0000
TG00001066,T00005,LRG,0.44832980,1.023778,1.0000
TG00001067,T00005,LRG,0.31090530,0.880834,1.0000
TG00001068,T00005,LRG,0.48621713,1.096411,1.0000
TG00001069,T00005,LRG,0.36346203,0.668290,1.0000
TG00001070,T00005,LRG,0.23843506,0.708877,1.0000
TG00001071,T00005,LRG,0.50058088,0.550485,1.0000
TG00001072,T00005,LRG,0.23625466,0.649649,1.0000
TG00001073,T00005,ELG,0.71508610,0.833180,1.0000
TG00001074,T00005,ELG,0.58996642,0.980878,1.0000
TG00001075,T00005,ELG,0.16345285,1.143968,1.0000
TG00001076,T00005,ELG,0.69168806,1.129812,1.0000
TG00001077,T00005,ELG,0.79543593,1.726797,1.0000
TG00001078,T00005,ELG,0.52404384,0.936671,1.0000
TG00001079,T00005,ELG,0.74200486,1.154933,1.0000
TG00001080,T00005,ELG,0.21736690,1.495945,1.0000
TG00001081,T00005,ELG,0.88870860,0.934514,1.0000
TG00001082,T00005,ELG,1.04680192,0.892147,1.0000
TG00001083,T00005,ELG,0.35074651,0.883347,1.0000
TG00001084,T00005,ELG,0.56585002,1.077479,1.0000
TG00001085,T00005,ELG,0.43033652,1.279983,1.0000
TG00001086,T00005,ELG,0.46150324,1.039152,1.0000
TG00001087,T00005,ELG,0.23722949,1.241139,1.0000
TG00001088,T00005,ELG,0.38388027,0.738297,1.0000
TG00001089,T00005,ELG,0.46289886,1.173811,1.0000
TG00001090,T00005,ELG,0.59752470,1.196781,1.0000
TG00001091,T00005,ELG,1.11089654,1.173677,1.0000
TG00001092,T00005,ELG,0.72986457,1.082087,1.0000
TG00001093,T00005,ELG,0.31855299,1.196854,1.0000
TG00001094,T00005,ELG,0.58086219,1.042851,1.0000
TG00001095,T00005,ELG,0.83966617,1.333389,1.0000
TG00001096,T00005,ELG,0.39851828,1.220700,1.0000
TG00001097,T00005,ELG,0.34385521,1.237727,1.0000
TG00001098,T00005,ELG,0.47507623,1.473608,1.0000
TG00001099,T00005,ELG,0.42437387,0.852639,1.0000
TG00001100,T00005,ELG,1.04375561,1.473100,1.0000
TG00001101,T00005,ELG,0.65172594,1.409693,1.0000
TG00001102,T00005,ELG,1.36628751,0.743893,1.0000
TG00001103,T00005,ELG,0.28731717,1.259480,1.0000
TG00001104,T00005,ELG,0.49193949,1.053195,1.0000
TG00001105,T00005,ELG,0.39829190,0.786613,1.0000
TG00001106,T00005,ELG,0.41366329,1.120678,1.0000
TG00001107,T00005,ELG,0.70735868,1.547181,1.0000
TG00001108,T00005,ELG,0.64677454,1.389032,1.0000
TG00001109,T00005,ELG,1.08457499,1.335569,1.0000
TG00001110,T00005,ELG,0.42374465,1.383668,1.0000
TG00001111,T00005,ELG,0.54668949,1.253738,1.0000
TG00001112,T00005,ELG,0.32181828,1.297752,1.0000
TG00001113,T00005,ELG,0.37580332,1.277792,1.0000
TG00001114,T00005,ELG,0.44362672,1.080913,1.0000
TG00001115,T00005,ELG,0.42429897,1.165585,1.0000
TG00001116,T00005,ELG,0.77281619,1.233090,1.0000
TG00001117,T00005,ELG,0.76357175,1.292784,1.0000
TG00001118,T00005,QSO,0.23536708,2.543625,1.7000
TG00001119,T00005,QSO,0.27236129,2.627060,1.7000
TG00001120,T00005,QSO,0.18125028,2.605719,1.7000
TG00001121,T00005,QSO,0.26717180,1.586924,1.7000
TG00001122,T00005,QSO,0.20708688,2.151242,1.7000
TG00001123,T00005,QSO,0.08602945,1.625938,1.7000
TG00001124,T00005,QSO,0.24161133,1.728695,1.7000
TG00001125,T00005,QSO,0.25648095,2.015252,1.7000
TG00001126,T00005,QSO,0.28252131,0.899649,1.7000
TG00001127,T00005,QSO,0.23655446,2.830598,1.7000
TG00001128,T00005,QSO,0.14812748,1.822009,1.7000
TG00001129,T00005,QSO,0.17322093,1.140893,1.7000
TG00001130,T00005,QSO,0.11564911,0.888390,1.7000
TG00001131,T00005,QSO,0.33099798,1.699582,1.7000
TG00001132,T00005,QSO,0.08230099,1.636686,1.7000
TG00001133,T00005,QSO,0.21419766,1.837569,1.7000
TG00001134,T00005,QSO,0.39894966,1.833599,1.7000
TG00001135,T00005,BGS,1.26046572,0.259327,0.4500
TG00001136,T00005,BGS,1.11161245,0.000000,0.4500
TG00001137,T00005,BGS,1.02827062,0.238341,0.4500
TG00001138,T00005,BGS,1.54754438,0.378931,0.4500
TG00001139,T00005,BGS,1.16828199,0.177835,0.4500
TG00001140,T00005,BGS,1.16630054,0.285766,0.4500
TG00001141,T00005,BGS,1.80172711,0.298886,0.4500
TG00001142,T00005,BGS,1.10598653,0.152223,0.4500
TG00001143,T00005,BGS,0.74328557,0.111914,0.4500
TG00001144,T00005,BGS,0.90302450,0.133300,0.4500
TG00001145,T00005,BGS,1.31926798,0.318169,0.4500
TG00001146,T00005,BGS,1.44915346,0.245969,0.4500
TG00001147,T00005,BGS,1.49406833,0.202806,0.4500
TG00001148,T00005,BGS,1.82899480,0.163890,0.4500
TG00001149,T00005,BGS,0.69125686,0.254812,0.4500
TG00001150,T00005,BGS,0.96414737,0.243820,0.4500
TG00001151,T00005,BGS,1.50609072,0.137277,0.4500
TG00001152,T00005,BGS,1.88910434,0.227184,0.4500
TG00001153,T00005,BGS,1.09719893,0.248077,0.4500
TG00001154,T00005,BGS,1.77172473,0.255140,0.4500
TG00001155,T00005,BGS,0.80996193,0.414245,0.4500
TG00001156,T00005,BGS,1.22067622,0.162163,0.4500
TG00001157,T00005,BGS,1.49417421,0.128206,0.4500
TG00001158,T00005,BGS,1.11131597,0.192027,0.4500
TG00001159,T00005,BGS,1.44332823,0.181637,0.4500
TG00001160,T00005,BGS,0.94662201,0.205575,0.4500
TG00001161,T00005,BGS,1.46397817,0.386355,0.4500
TG00001162,T00005,BGS,2.27350980,0.304845,0.4500
TG00001163,T00005,BGS,0.87671980,0.064242,0.4500
TG00001164,T00005,BGS,0.97434950,0.258368,0.4500
TG00001165,T00005,BGS,0.62573115,0.207025,0.4500
TG00001166,T00005,BGS,1.21417545,0.153447,0.4500
TG00001167,T00005,BGS,1.07886841,0.178287,0.4500
TG00001168,T00005,BGS,1.38165293,0.249889,0.4500
TG00001169,T00005,BGS,1.84312219,0.380907,0.4500
TG00001170,T00005,BGS,1.35707852,0.242541,0.4500
TG00001171,T00005,BGS,0.79663373,0.172772,0.4500
TG00001172,T00005,BGS,1.18617053,0.176805,0.4500
TG00001173,T00005,BGS,1.21600233,0.273882,0.4500
TG00001174,T00005,BGS,1.17603965,0.240965,0.4500
TG00001175,T00005,BGS,1.27023238,0.260030,0.4500
TG00001176,T00005,BGS,0.84517598,0.250337,0.4500
TG00001177,T00005,BGS,1.17276361,0.129773,0.4500
TG00001178,T00005,BGS,1.13431219,0.161531,0.4500
TG00001179,T00005,BGS,1.07869456,0.304487,0.4500
TG00001180,T00005,BGS,0.93878762,0.291309,0.4500
TG00001181,T00005,BGS,0.87354409,0.340078,0.4500
TG00001182,T00005,BGS,1.05526523,0.465508,0.4500
TG00001183,T00005,BGS,1.18736175,0.000000,0.4500
TG00001184,T00005,BGS,1.21112063,0.204551,0.4500
TG00001185,T00005,BGS,2.15031713,0.205866,0.4500
TG00001186,T00005,BGS,1.00953852,0.151219,0.4500
TG00001187,T00005,BGS,1.11993096,0.321542,0.4500
TG00001188,T00005,BGS,1.32979643,0.294162,0.4500
TG00001189,T00005,BGS,1.35821629,0.361969,0.4500
TG00001190,T00005,BGS,1.27255013,0.062069,0.4500
TG00001191,T00005,BGS,1.27850384,0.143963,0.4500
TG00001192,T00005,BGS,0.96559636,0.217483,0.4500
TG00001193,T00005,BGS,2.34601644,0.286805,0.4500
TG00001194,T00005,BGS,0.89222307,0.092165,0.4500
TG00001195,T00005,BGS,1.41214356,0.218543,0.4500
TG00001196,T00005,BGS,1.84624189,0.129293,0.4500
TG00001197,T00005,BGS,1.70934221,0.114018,0.4500
TG00001198,T00005,BGS,1.41770454,0.169863,0.4500
TG00001199,T00005,BGS,1.58275259,0.104019,0.4500
TG00001200,T00005,BGS,1.08319529,0.148021,0.4500
TG00001201,T00006,LRG,0.50051226,0.563335,1.0000
TG00001202,T00006,LRG,0.90095079,0.160591,1.0000
TG00001203,T00006,LRG,0.14384900,0.729342,1.0000
TG00001204,T00006,LRG,0.29552204,0.622881,1.0000
TG00001205,T00006,LRG,0.36452295,0.646959,1.0000
TG00001206,T00006,LRG,0.27011319,0.697267,1.0000
TG00001207,T00006,LRG,0.37640562,0.740303,1.0000
TG00001208,T00006,LRG,0.43719953,0.736956,1.0000
TG00001209,T00006,LRG,0.45547189,0.482613,1.0000
TG00001210,T00006,LRG,0.33073740,0.858410,1.0000
TG00001211,T00006,LRG,0.24108245,1.047166,1.0000
TG00001212,T00006,LRG,0.66523146,0.844297,1.0000
TG00001213,T00006,LRG,0.31764055,0.799500,1.0000
TG00001214,T00006,LRG,0.38736974,0.906466,1.0000
TG00001215,T00006,LRG,0.27474781,0.769226,1.0000
TG00001216,T00006,LRG,0.65946026,0.710993,1.0000
TG00001217,T00006,LRG,0.41460752,0.570159,1.0000
TG00001218,T00006,LRG,0.27499704,0.778618,1.0000
TG00001219,T00006,LRG,0.50234632,0.786721,1.0000
TG00001220,T00006,LRG,0.29906372,0.709025,1.0000
TG00001221,T00006,LRG,0.19693959,0.649678,1.0000
TG00001222,T00006,LRG,0.39718596,0.347459,1.0000
TG00001223,T00006,LRG,0.47555726,0.830627,1.0000
TG00001224,T00006,LRG,0.29947450,0.960683,1.0000
TG00001225,T00006,LRG,0.28101006,0.721786,1.0000
TG00001226,T00006,LRG,0.29482398,0.694406,1.0000
TG00001227,T00006,LRG,0.36680054,0.807602,1.0000
TG00001228,T00006,LRG,0.40904994,0.427754,1.0000
TG00001229,T00006,LRG,0.13603764,0.969945,1.0000
TG00001230,T00006,LRG,0.34703178,0.648804,1.0000
TG00001231,T00006,LRG,0.73010761,0.735737,1.0000
TG00001232,T00006,LRG,0.48971470,0.686106,1.0000
TG00001233,T00006,LRG,0.42693053,0.662889,1.0000
TG00001234,T00006,LRG,0.42287679,0.662275,1.0000
TG00001235,T00006,LRG,0.33564692,0.854811,1.0000
TG00001236,T00006,LRG,0.53801933,0.846684,1.0000
TG00001237,T00006,LRG,0.43266597,0.647257,1.0000
TG00001238,T00006,LRG,0.52415787,0.788844,1.0000
TG00001239,T00006,LRG,0.34378768,0.804312,1.0000
TG00001240,T00006,LRG,0.48924284,0.744537,1.0000
TG00001241,T00006,LRG,0.71659428,0.567521,1.0000
TG00001242,T00006,LRG,0.43464631,1.148399,1.0000
TG00001243,T00006,LRG,0.40558938,0.421546,1.0000
TG00001244,T00006,LRG,0.17896619,0.730936,1.0000
TG00001245,T00006,LRG,0.20689658,0.757228,1.0000
TG00001246,T00006,LRG,0.40606852,0.592949,1.0000
TG00001247,T00006,LRG,0.44357139,0.728427,1.0000
TG00001248,T00006,LRG,0.32066529,0.886037,1.0000
TG00001249,T00006,LRG,0.25927533,0.691352,1.0000
TG00001250,T00006,LRG,0.22139881,0.909307,1.0000
TG00001251,T00006,LRG,0.48475675,0.474337,1.0000
TG00001252,T00006,LRG,0.26893713,0.744165,1.0000
TG00001253,T00006,LRG,0.38600632,0.960980,1.0000
TG00001254,T00006,LRG,0.49825425,0.978042,1.0000
TG00001255,T00006,LRG,0.37772206,0.994394,1.0000
TG00001256,T00006,LRG,0.42365854,0.651964,1.0000
TG00001257,T00006,LRG,0.31859016,1.258876,1.0000
TG00001258,T00006,LRG,0.32666462,0.635765,1.0000
TG00001259,T00006,LRG,0.35794765,0.529517,1.0000
TG00001260,T00006,LRG,0.34584383,0.843793,1.0000
TG00001261,T00006,ELG,0.58149157,0.813553,1.0000
TG00001262,T00006,ELG,1.08469188,0.828290,1.0000
TG00001263,T00006,ELG,0.75378605,1.102045,1.0000
TG00001264,T00006,ELG,0.47043543,1.587022,1.0000
TG00001265,T00006,ELG,0.34820553,0.735015,1.0000
TG00001266,T00006,ELG,0.56495273,0.995636,1.0000
TG00001267,T00006,ELG,1.04942180,1.184817,1.0000
TG00001268,T00006,ELG,0.66224595,1.340922,1.0000
TG00001269,T00006,ELG,0.37094129,1.449729,1.0000
TG00001270,T00006,ELG,0.52164434,0.980292,1.0000
TG00001271,T00006,ELG,0.55334605,0.734996,1.0000
TG00001272,T00006,ELG,0.41808346,0.914492,1.0000
TG00001273,T00006,ELG,0.32305661,1.286358,1.0000
TG00001274,T00006,ELG,0.54956645,1.196847,1.0000
TG00001275,T00006,ELG,0.79873633,1.389982,1.0000
TG00001276,T00006,ELG,0.49321400,1.036227,1.0000
TG00001277,T00006,ELG,0.47781654,0.953842,1.0000
TG00001278,T00006,ELG,0.43654096,0.894367,1.0000
TG00001279,T00006,ELG,0.36353175,1.174866,1.0000
TG00001280,T00006,ELG,0.99652617,0.928851,1.0000
TG00001281,T00006,ELG,0.49559101,1.133406,1.0000
TG00001282,T00006,ELG,1.02156380,0.914603,1.0000
TG00001283,T00006,ELG,0.37700066,0.876133,1.0000
TG00001284,T00006,ELG,0.64809235,1.086062,1.0000
TG00001285,T00006,ELG,0.90244353,1.552788,1.0000
TG00001286,T00006,ELG,0.53868716,1.611831,1.0000
TG00001287,T00006,ELG,0.70401016,1.167075,1.0000
TG00001288,T00006,ELG,0.67996816,1.150143,1.0000
TG00001289,T00006,ELG,0.67852182,0.586342,1.0000
TG00001290,T00006,ELG,0.76069324,0.920094,1.0000
TG00001291,T00006,ELG,0.37306672,1.041224,1.0000
TG00001292,T00006,ELG,0.80372214,1.052880,1.0000
TG00001293,T00006,ELG,0.89656331,0.985673,1.0000
TG00001294,T00006,ELG,0.55409995,1.165872,1.0000
TG00001295,T00006,ELG,0.44966083,1.170889,1.0000
TG00001296,T00006,ELG,0.38699029,0.806206,1.0000
TG00001297,T00006,ELG,0.73306183,1.244615,1.0000
TG00001298,T00006,ELG,0.50485169,1.343512,1.0000
TG00001299,T00006,ELG,0.45104761,1.027744,1.0000
TG00001300,T00006,ELG,0.47185129,0.634142,1.0000
TG00001301,T00006,ELG,0.64888822,1.034198,1.0000
TG00001302,T00006,ELG,0.40929354,0.906670,1.0000
TG00001303,T00006,ELG,0.29337088,0.721027,1.0000
TG00001304,T00006,ELG,0.77561360,1.442563,1.0000
TG00001305,T00006,ELG,0.22712656,0.506382,1.0000
TG00001306,T00006,ELG,0.55768979,0.964829,1.0000
TG00001307,T00006,ELG,0.30984784,1.545629,1.0000
TG00001308,T00006,ELG,0.60418975,1.411529,1.0000
TG00001309,T00006,ELG,0.35763528,1.311716,1.0000
TG00001310,T00006,ELG,0.82651074,0.778119,1.0000
TG00001311,T00006,ELG,0.49183622,1.383206,1.0000
TG00001312,T00006,ELG,0.74970894,0.929571,1.0000
TG00001313,T00006,ELG,0.40084739,0.849265,1.0000
TG00001314,T00006,ELG,0.85515354,0.332365,1.0000
TG00001315,T00006,ELG,0.91083193,0.917595,1.0000
TG00001316,T00006,ELG,0.43096990,1.479078,1.0000
TG00001317,T00006,ELG,0.36766204,0.974398,1.0000
TG00001318,T00006,ELG,0.78443227,0.923372,1.0000
TG00001319,T00006,ELG,0.35498070,0.852239,1.0000
TG00001320,T00006,ELG,0.36597950,0.691500,1.0000
TG00001321,T00006,ELG,0.52477695,0.844922,1.0000
TG00001322,T00006,ELG,0.31551769,1.015693,1.0000
TG00001323,T00006,ELG,0.43878496,1.057084,1.0000
TG00001324,T00006,ELG,0.55190578,0.709594,1.0000
TG00001325,T00006,ELG,0.28166818,0.816880,1.0000
TG00001326,T00006,ELG,0.44177997,0.691852,1.0000
TG00001327,T00006,ELG,0.73992728,1.045815,1.0000
TG00001328,T00006,ELG,0.65797694,1.140893,1.0000
TG00001329,T00006,ELG,0.92482113,0.507659,1.0000
TG00001330,T00006,ELG,0.43634253,0.820840,1.0000
TG00001331,T00006,ELG,1.19310864,0.853896,1.0000
TG00001332,T00006,ELG,0.43808155,1.005010,1.0000
TG00001333,T00006,ELG,0.93149995,1.196766,1.0000
TG00001334,T00006,QSO,0.10776897,1.199513,1.7000
TG00001335,T00006,QSO,0.12800173,1.895726,1.7000
TG00001336,T00006,QSO,0.12721990,2.298434,1.7000
TG00001337,T00006,QSO,0.31369503,2.590015,1.7000
TG00001338,T00006,QSO,0.30667254,1.947759,1.7000
TG00001339,T00006,QSO,0.23439269,1.062777,1.7000
TG00001340,T00006,QSO,0.05277192,2.815921,1.7000
TG00001341,T00006,QSO,0.17674107,2.755939,1.7000
TG00001342,T00006,QSO,0.22018992,2.893196,1.7000
TG00001343,T00006,QSO,0.15671345,3.279353,1.7000
TG00001344,T00006,QSO,0.11432017,1.376657,1.7000
TG00001345,T00006,QSO,0.08256263,3.075494,1.7000
TG00001346,T00006,QSO,0.11612026,3.446492,1.7000
TG00001347,T00006,QSO,0.24127573,3.779512,1.7000
TG00001348,T00006,QSO,0.12550952,2.372968,1.7000
TG00001349,T00006,QSO,0.30053532,1.997997,1.7000
TG00001350,T00006,QSO,0.13264486,2.124343,1.7000
TG00001351,T00006,QSO,0.12636685,2.774567,1.7000
TG00001352,T00006,QSO,0.31386620,2.791170,1.7000
TG00001353,T00006,BGS,0.94000269,0.191689,0.4500
TG00001354,T00006,BGS,0.59926127,0.164708,0.4500
TG00001355,T00006,BGS,1.14130020,0.201077,0.4500
TG00001356,T00006,BGS,1.26594508,0.246825,0.4500
TG00001357,T00006,BGS,1.44738461,0.145304,0.4500
TG00001358,T00006,BGS,1.32516281,0.128198,0.4500
TG00001359,T00006,BGS,1.21239197,0.229820,0.4500
TG00001360,T00006,BGS,1.95437446,0.308962,0.4500
TG00001361,T00006,BGS,1.34381755,0.211437,0.4500
TG00001362,T00006,BGS,0.77709383,0.220639,0.4500
TG00001363,T00006,BGS,1.61449286,0.080180,0.4500
TG00001364,T00006,BGS,1.23572675,0.203551,0.4500
TG00001365,T00006,BGS,1.46329671,0.197188,0.4500
TG00001366,T00006,BGS,1.41233448,0.133080,0.4500
TG00001367,T00006,BGS,0.77078675,0.336533,0.4500
TG00001368,T00006,BGS,0.88525120,0.286245,0.4500
TG00001369,T00006,BGS,1.74107706,0.326192,0.4500
TG00001370,T00006,BGS,1.14119054,0.170773,0.4500
TG00001371,T00006,BGS,0.93807829,0.347522,0.4500
TG00001372,T00006,BGS,1.06919170,0.181560,0.4500
TG00001373,T00006,BGS,1.41098062,0.181427,0.4500
TG00001374,T00006,BGS,1.15055612,0.225199,0.4500
TG00001375,T00006,BGS,0.87863497,0.184375,0.4500
TG00001376,T00006,BGS,0.89769383,0.088033,0.4500
TG00001377,T00006,BGS,0.98076790,0.252549,0.4500
TG00001378,T00006,BGS,0.59633074,0.370479,0.4500
TG00001379,T00006,BGS,0.90496374,0.297625,0.4500
TG00001380,T00006,BGS,1.38778299,0.202952,0.4500
TG00001381,T00006,BGS,1.96294084,0.199849,0.4500
TG00001382,T00006,BGS,1.68711266,0.284370,0.4500
TG00001383,T00006,BGS,1.19260941,0.035837,0.4500
TG00001384,T00006,BGS,1.39866377,0.260864,0.4500
TG00001385,T00006,BGS,1.81712578,0.192770,0.4500
TG00001386,T00006,BGS,1.21728317,0.066003,0.4500
TG00001387,T00006,BGS,1.02064371,0.126879,0.4500
TG00001388,T00006,BGS,1.98788953,0.163156,0.4500
TG00001389,T00006,BGS,0.91428559,0.036425,0.4500
TG00001390,T00006,BGS,0.99644673,0.149750,0.4500
TG00001391,T00006,BGS,0.70552939,0.148096,0.4500
TG00001392,T00006,BGS,2.10006717,0.211254,0.4500
TG00001393,T00006,BGS,0.98823080,0.244931,0.4500
TG00001394,T00006,BGS,0.87086701,0.216259,0.4500
TG00001395,T00006,BGS,0.94844369,0.288986,0.4500
TG00001396,T00006,BGS,2.34388605,0.228288,0.4500
TG00001397,T00006,BGS,1.53678752,0.233186,0.4500
TG00001398,T00006,BGS,2.08680588,0.195602,0.4500
TG00001399,T00006,BGS,1.57424563,0.218782,0.4500
TG00001400,T00006,BGS,1.22225518,0.045566,0.4500
TG00001401,T00006,BGS,1.64262712,0.279281,0.4500
TG00001402,T00006,BGS,1.59087823,0.268332,0.4500
TG00001403,T00006,BGS,1.18289757,0.313820,0.4500
TG00001404,T00006,BGS,0.78971664,0.351293,0.4500
TG00001405,T00006,BGS,1.03576387,0.219249,0.4500
TG00001406,T00006,BGS,1.56789711,0.202386,0.4500
TG00001407,T00006,BGS,1.53985254,0.100523,0.4500
TG00001408,T00006,BGS,1.49531837,0.398362,0.4500
TG00001409,T00007,LRG,0.34996094,0.727557,1.0000
TG00001410,T00007,LRG,0.30238598,0.675383,1.0000
TG00001411,T00007,LRG,0.24475375,0.878359,1.0000
TG00001412,T00007,LRG,0.45713205,0.679749,1.0000
TG00001413,T00007,LRG,0.23630093,0.784567,1.0000
TG00001414,T00007,LRG,0.59935693,0.556825,1.0000
TG00001415,T00007,LRG,0.23588073,0.806693,1.0000
TG00001416,T00007,LRG,0.42511417,0.856333,1.0000
TG00001417,T00007,LRG,0.44723683,0.990430,1.0000
TG00001418,T00007,LRG,0.27071831,0.344074,1.0000
TG00001419,T00007,LRG,0.34988919,1.064761,1.0000
TG00001420,T00007,LRG,0.24029768,0.565387,1.0000
TG00001421,T00007,LRG,0.28114747,0.616320,1.0000
TG00001422,T00007,LRG,0.42301135,0.899995,1.0000
TG00001423,T00007,LRG,0.28095179,0.441897,1.0000
TG00001424,T00007,LRG,0.14268170,0.397108,1.0000
TG00001425,T00007,LRG,0.26540631,0.956777,1.0000
TG00001426,T00007,LRG,0.48704742,0.602352,1.0000
TG00001427,T00007,LRG,0.47632435,0.477440,1.0000
TG00001428,T00007,LRG,0.46610321,0.484214,1.0000
TG00001429,T00007,LRG,0.47055703,0.945273,1.0000
TG00001430,T00007,LRG,0.44742070,0.788927,1.0000
TG00001431,T00007,LRG,0.55942378,0.643162,1.0000
TG00001432,T00007,LRG,0.33735946,0.481661,1.0000
TG00001433,T00007,LRG,0.49075273,0.651785,1.0000
TG00001434,T00007,LRG,0.31313364,0.838649,1.0000
TG00001435,T00007,LRG,0.33995988,0.712866,1.0000
TG00001436,T00007,LRG,0.24451649,0.625686,1.0000
TG00001437,T00007,LRG,0.38693462,0.721570,1.0000
TG00001438,T00007,LRG,0.34827191,0.572103,1.0000
TG00001439,T00007,LRG,0.51154577,1.186594,1.0000
TG00001440,T00007,LRG,0.46520198,0.814586,1.0000
TG00001441,T00007,LRG,0.37659101,0.919778,1.0000
TG00001442,T00007,LRG,0.23616548,0.758062,1.0000
TG00001443,T00007,LRG,0.30550048,0.484681,1.0000
TG00001444,T00007,LRG,0.37643306,0.797978,1.0000
TG00001445,T00007,LRG,0.21817863,0.792889,1.0000
TG00001446,T00007,LRG,0.30567451,0.789989,1.0000
TG00001447,T00007,LRG,0.32131194,0.688965,1.0000
TG00001448,T00007,LRG,0.18605872,0.976775,1.0000
TG00001449,T00007,LRG,0.45625395,0.576860,1.0000
TG00001450,T00007,LRG,0.34925062,0.920163,1.0000
TG00001451,T00007,LRG,0.32837336,0.565723,1.0000
TG00001452,T00007,LRG,0.38659565,0.391743,1.0000
TG00001453,T00007,LRG,0.44577915,0.755385,1.0000
TG00001454,T00007,LRG,0.40845857,0.928917,1.0000
TG00001455,T00007,LRG,0.25839402,0.754476,1.0000
TG00001456,T00007,LRG,0.30500475,0.782103,1.0000
TG00001457,T00007,LRG,0.25706606,0.817288,1.0000
TG00001458,T00007,LRG,0.56826053,0.666342,1.0000
TG00001459,T00007,LRG,0.43860228,0.855541,1.0000
TG00001460,T00007,LRG,0.31211614,0.440371,1.0000
TG00001461,T00007,LRG,0.27109717,0.822459,1.0000
TG00001462,T00007,LRG,0.26836837,0.773616,1.0000
TG00001463,T00007,LRG,0.28553243,0.331130,1.0000
TG00001464,T00007,LRG,0.24656136,0.382131,1.0000
TG00001465,T00007,LRG,0.46778961,0.494570,1.0000
TG00001466,T00007,LRG,0.25475504,0.741813,1.0000
TG00001467,T00007,LRG,0.43899055,0.897021,1.0000
TG00001468,T00007,LRG,0.52539564,0.904366,1.0000
TG00001469,T00007,LRG,0.35942168,0.743027,1.0000
TG00001470,T00007,LRG,0.36977007,1.091358,1.0000
TG00001471,T00007,LRG,0.44112136,0.406714,1.0000
TG00001472,T00007,LRG,1.11887939,0.845951,1.0000
TG00001473,T00007,ELG,0.48086425,1.248110,1.0000
TG00001474,T00007,ELG,0.41726020,1.349351,1.0000
TG00001475,T00007,ELG,0.30560230,1.128057,1.0000
TG00001476,T00007,ELG,0.35073162,1.388416,1.0000
TG00001477,T00007,ELG,0.52057685,1.046571,1.0000
TG00001478,T00007,ELG,0.49529722,1.528280,1.0000
TG00001479,T00007,ELG,0.44242359,0.726590,1.0000
TG00001480,T00007,ELG,0.46078516,1.433837,1.0000
TG00001481,T00007,ELG,0.79793679,1.442452,1.0000
TG00001482,T00007,ELG,0.74383927,1.438342,1.0000
TG00001483,T00007,ELG,0.41878283,1.436768,1.0000
TG00001484,T00007,ELG,0.76385323,1.314724,1.0000
TG00001485,T00007,ELG,0.90834612,1.125680,1.0000
TG00001486,T00007,ELG,0.72606300,0.950220,1.0000
TG00001487,T00007,ELG,0.55939720,1.288451,1.0000
TG00001488,T00007,ELG,0.81377669,1.365834,1.0000
TG00001489,T00007,ELG,0.34910289,1.151777,1.0000
TG00001490,T00007,ELG,0.28057620,1.200921,1.0000
TG00001491,T00007,ELG,0.37755679,1.060261,1.0000
TG00001492,T00007,ELG,0.64946622,0.371824,1.0000
TG00001493,T00007,ELG,0.50432761,1.231783,1.0000
TG00001494,T00007,ELG,0.68740277,1.303988,1.0000
TG00001495,T00007,ELG,0.87196509,1.419761,1.0000
TG00001496,T00007,ELG,0.62917061,1.275200,1.0000
TG00001497,T00007,ELG,0.35320944,1.339078,1.0000
TG00001498,T00007,ELG,0.49227282,0.892257,1.0000
TG00001499,T00007,ELG,0.46364298,1.115102,1.0000
TG00001500,T00007,ELG,0.34637955,1.317616,1.0000
TG00001501,T00007,ELG,0.72811794,1.127713,1.0000
TG00001502,T00007,ELG,0.60502569,1.487722,1.0000
TG00001503,T00007,ELG,0.45326051,0.852820,1.0000
TG00001504,T00007,ELG,0.38322298,0.712498,1.0000
TG00001505,T00007,ELG,0.37494877,1.054663,1.0000
TG00001506,T00007,ELG,1.87797351,0.650651,1.0000
TG00001507,T00007,ELG,0.20566054,1.593537,1.0000
TG00001508,T00007,ELG,0.52969995,1.333298,1.0000
TG00001509,T00007,ELG,0.75071254,1.211011,1.0000
TG00001510,T00007,ELG,0.76155078,1.360040,1.0000
TG00001511,T00007,ELG,0.92578809,1.215429,1.0000
TG00001512,T00007,ELG,0.54474859,1.309388,1.0000
TG00001513,T00007,ELG,0.71608899,1.188330,1.0000
TG00001514,T00007,ELG,0.37961692,1.146092,1.0000
TG00001515,T00007,ELG,0.46369069,1.003833,1.0000
TG00001516,T00007,ELG,0.84278522,1.030087,1.0000
TG00001517,T00007,ELG,0.58661336,1.006063,1.0000
TG00001518,T00007,ELG,0.59480778,1.118032,1.0000
TG00001519,T00007,ELG,0.39605126,0.713195,1.0000
TG00001520,T00007,ELG,0.45852176,1.297083,1.0000
TG00001521,T00007,ELG,0.57542892,1.393740,1.0000
TG00001522,T00007,ELG,0.81790070,1.394266,1.0000
TG00001523,T00007,ELG,0.30647411,0.399579,1.0000
TG00001524,T00007,ELG,0.42776987,1.359362,1.0000
TG00001525,T00007,ELG,0.99484784,1.156473,1.0000
TG00001526,T00007,ELG,0.60048190,1.289425,1.0000
TG00001527,T00007,ELG,0.47067186,1.164673,1.0000
TG00001528,T00007,ELG,0.56718319,1.349222,1.0000
TG00001529,T00007,ELG,0.42493869,1.321270,1.0000
TG00001530,T00007,ELG,0.32209724,0.845531,1.0000
TG00001531,T00007,ELG,0.42603926,0.924805,1.0000
TG00001532,T00007,ELG,0.38932071,0.747972,1.0000
TG00001533,T00007,ELG,0.72896543,1.139490,1.0000
TG00001534,T00007,ELG,0.44265792,0.630147,1.0000
TG00001535,T00007,ELG,0.67033558,1.207751,1.0000
TG00001536,T00007,ELG,0.56104462,0.951269,1.0000
TG00001537,T00007,ELG,0.62142483,0.753229,1.0000
TG00001538,T00007,ELG,0.79364601,0.779506,1.0000
TG00001539,T00007,ELG,0.37211682,1.311740,1.0000
TG00001540,T00007,ELG,0.52312072,1.069843,1.0000
TG00001541,T00007,ELG,0.41912473,1.074149,1.0000
TG00001542,T00007,ELG,0.44944409,0.573726,1.0000
TG00001543,T00007,ELG,0.63650059,0.484980,1.0000
TG00001544,T00007,ELG,0.20819152,1.078495,1.0000
TG00001545,T00007,ELG,0.49709866,0.658622,1.0000
TG00001546,T00007,ELG,0.28485372,0.962369,1.0000
TG00001547,T00007,ELG,1.06411499,1.172901,1.0000
TG00001548,T00007,ELG,0.38460461,1.584194,1.0000
TG00001549,T00007,ELG,0.67931449,0.901317,1.0000
TG00001550,T00007,ELG,0.37106362,1.290658,1.0000
TG00001551,T00007,ELG,0.67389617,1.188222,1.0000
TG00001552,T00007,ELG,0.58123877,1.245693,1.0000
TG00001553,T00007,ELG,0.81763961,0.956516,1.0000
TG00001554,T00007,ELG,0.31796959,1.378234,1.0000
TG00001555,T00007,ELG,0.59188054,1.676979,1.0000
TG00001556,T00007,ELG,0.44193366,0.934298,1.0000
TG00001557,T00007,ELG,0.55079648,1.375294,1.0000
TG00001558,T00007,ELG,0.89986304,1.148105,1.0000
TG00001559,T00007,ELG,0.40316187,1.474146,1.0000
TG00001560,T00007,ELG,0.54568918,1.100645,1.0000
TG00001561,T00007,ELG,0.81837324,1.096675,1.0000
TG00001562,T00007,ELG,0.81651509,0.656264,1.0000
TG00001563,T00007,ELG,0.93126891,1.292130,1.0000
TG00001564,T00007,ELG,0.29527982,0.863702,1.0000
TG00001565,T00007,ELG,0.35077213,1.268791,1.0000
TG00001566,T00007,ELG,0.67683807,0.893090,1.0000
TG00001567,T00007,ELG,0.76835252,1.078511,1.0000
TG00001568,T00007,ELG,0.71254298,0.500556,1.0000
TG00001569,T00007,QSO,0.13815529,2.445925,1.7000
TG00001570,T00007,QSO,0.14597483,2.676972,1.7000
TG00001571,T00007,QSO,0.09823941,2.322022,1.7000
TG00001572,T00007,QSO,0.18754387,2.417479,1.7000
TG00001573,T00007,QSO,0.11960715,3.763208,1.7000
TG00001574,T00007,QSO,0.15253231,2.038480,1.7000
TG00001575,T00007,QSO,0.22132529,2.867601,1.7000
TG00001576,T00007,QSO,0.40967323,1.461641,1.7000
TG00001577,T00007,QSO,0.14375389,2.136851,1.7000
TG00001578,T00007,QSO,0.28238164,1.493342,1.7000
TG00001579,T00007,QSO,0.25979597,1.769053,1.7000
TG00001580,T00007,QSO,0.08167679,2.326655,1.7000
TG00001581,T00007,QSO,0.25944268,2.086202,1.7000
TG00001582,T00007,QSO,0.08370605,1.653328,1.7000
TG00001583,T00007,QSO,0.20482788,2.611859,1.7000
TG00001584,T00007,BGS,1.23510982,0.264520,0.4500
TG00001585,T00007,BGS,0.67070881,0.230215,0.4500
TG00001586,T00007,BGS,0.97661769,0.151375,0.4500
TG00001587,T00007,BGS,0.87042006,0.066299,0.4500
TG00001588,T00007,BGS,1.96075428,0.065344,0.4500
TG00001589,T00007,BGS,0.94883245,0.261879,0.4500
TG00001590,T00007,BGS,1.00624790,0.244027,0.4500
TG00001591,T00007,BGS,1.22758707,0.260732,0.4500
TG00001592,T00007,BGS,1.25086882,0.219767,0.4500
TG00001593,T00007,BGS,0.98143338,0.219223,0.4500
TG00001594,T00007,BGS,2.48838029,0.157203,0.4500
TG00001595,T00007,BGS,1.36882653,0.261158,0.4500
TG00001596,T00007,BGS,1.20906883,0.257660,0.4500
TG00001597,T00007,BGS,1.74302048,0.320019,0.4500
TG00001598,T00007,BGS,1.19701450,0.318528,0.4500
TG00001599,T00007,BGS,1.28636559,0.176750,0.4500
TG00001600,T00007,BGS,2.04842722,0.182555,0.4500
TG00001601,T00007,BGS,0.98648129,0.240221,0.4500
TG00001602,T00007,BGS,1.54388577,0.173667,0.4500
TG00001603,T00007,BGS,1.58345215,0.242217,0.4500
TG00001604,T00007,BGS,1.10563812,0.264578,0.4500
TG00001605,T00007,BGS,2.33029361,0.074352,0.4500
TG00001606,T00007,BGS,1.18842657,0.141505,0.4500
TG00001607,T00007,BGS,1.11754874,0.321941,0.4500
TG00001608,T00007,BGS,1.25971399,0.240586,0.4500
TG00001609,T00007,BGS,1.32074395,0.298949,0.4500
TG00001610,T00007,BGS,1.41621741,0.208700,0.4500
TG00001611,T00007,BGS,1.04196363,0.059969,0.4500
TG00001612,T00007,BGS,1.13044293,0.237873,0.4500
TG00001613,T00007,BGS,1.66548032,0.228597,0.4500
TG00001614,T00007,BGS,1.53154223,0.164077,0.4500
TG00001615,T00007,BGS,0.70700573,0.257143,0.4500
TG00001616,T00007,BGS,1.38210375,0.202369,0.4500
TG00001617,T00007,BGS,1.44860806,0.185102,0.4500
TG00001618,T00007,BGS,1.15214241,0.222640,0.4500
TG00001619,T00007,BGS,2.02852737,0.217444,0.4500
TG00001620,T00007,BGS,1.74560471,0.178974,0.4500
TG00001621,T00007,BGS,1.18666205,0.258823,0.4500
TG00001622,T00007,BGS,1.36254727,0.231529,0.4500
TG00001623,T00007,BGS,1.21357999,0.218746,0.4500
TG00001624,T00007,BGS,1.43894479,0.180809,0.4500
TG00001625,T00007,BGS,0.94169798,0.248331,0.4500
TG00001626,T00007,BGS,1.23088701,0.231507,0.4500
TG00001627,T00007,BGS,0.65935863,0.272307,0.4500
TG00001628,T00007,BGS,1.07457895,0.156016,0.4500
TG00001629,T00007,BGS,1.12457350,0.079677,0.4500
TG00001630,T00007,BGS,1.33073850,0.177684,0.4500
TG00001631,T00007,BGS,1.25466138,0.170938,0.4500
TG00001632,T00007,BGS,1.33049234,0.145044,0.4500
TG00001633,T00007,BGS,1.19082731,0.313031,0.4500
TG00001634,T00007,BGS,1.60550840,0.155563,0.4500
TG00001635,T00007,BGS,1.27777927,0.183665,0.4500
TG00001636,T00007,BGS,1.08033672,0.288439,0.4500
TG00001637,T00007,BGS,0.95138761,0.156596,0.4500
TG00001638,T00007,BGS,2.38020410,0.185417,0.4500
TG00001639,T00007,BGS,2.09013938,0.157706,0.4500
TG00001640,T00007,BGS,1.29988517,0.223633,0.4500
TG00001641,T00007,BGS,1.73362293,0.145369,0.4500
TG00001642,T00007,BGS,1.64690814,0.216481,0.4500
TG00001643,T00007,BGS,1.12402930,0.090821,0.4500
TG00001644,T00007,BGS,1.10009546,0.272572,0.4500
TG00001645,T00007,BGS,0.95836774,0.193994,0.4500
TG00001646,T00007,BGS,1.61563029,0.256763,0.4500
TG00001647,T00007,BGS,2.05700771,0.245413,0.4500
TG00001648,T00007,BGS,0.62639783,0.205265,0.4500
TG00001649,T00007,BGS,1.61585135,0.318893,0.4500
TG00001650,T00007,BGS,1.65717056,0.207650,0.4500
TG00001651,T00007,BGS,1.32586992,0.152670,0.4500
TG00001652,T00007,BGS,0.96589982,0.227288,0.4500
TG00001653,T00007,BGS,1.40484359,0.429240,0.4500
TG00001654,T00007,BGS,1.97954329,0.191038,0.4500
TG00001655,T00007,BGS,1.41771953,0.158607,0.4500
TG00001656,T00007,BGS,1.22929484,0.126170,0.4500
TG00001657,T00007,BGS,0.94288283,0.401062,0.4500
TG00001658,T00007,BGS,1.47062582,0.247152,0.4500
TG00001659,T00007,BGS,2.75747029,0.240669,0.4500
TG00001660,T00007,BGS,1.13008422,0.232098,0.4500
TG00001661,T00007,BGS,0.74890926,0.170408,0.4500
TG00001662,T00007,BGS,1.09660617,0.147573,0.4500
TG00001663,T00007,BGS,0.89917061,0.339676,0.4500
TG00001664,T00007,BGS,1.25979905,0.156190,0.4500
TG00001665,T00007,BGS,1.72393817,0.353814,0.4500
TG00001666,T00007,BGS,1.02797431,0.132043,0.4500
TG00001667,T00007,BGS,1.11582400,0.321766,0.4500
TG00001668,T00007,BGS,1.47555033,0.250487,0.4500
TG00001669,T00007,BGS,1.01704489,0.195780,0.4500
TG00001670,T00007,BGS,1.28028170,0.222414,0.4500
TG00001671,T00007,BGS,1.63682049,0.184149,0.4500
TG00001672,T00007,BGS,0.94405163,0.096675,0.4500
TG00001673,T00007,BGS,0.91291514,0.259825,0.4500
TG00001674,T00007,BGS,0.85994193,0.265458,0.4500
TG00001675,T00007,BGS,1.42767368,0.292338,0.4500
TG00001676,T00008,LRG,0.53771295,0.786660,1.0000
TG00001677,T00008,LRG,0.24357957,0.663092,1.0000
TG00001678,T00008,LRG,0.52346176,0.690666,1.0000
TG00001679,T00008,LRG,0.43968876,0.666744,1.0000
TG00001680,T00008,LRG,0.37644080,0.668211,1.0000
TG00001681,T00008,LRG,0.17409860,0.717397,1.0000
TG00001682,T00008,LRG,0.51382082,1.079983,1.0000
TG00001683,T00008,LRG,0.43198364,0.389632,1.0000
TG00001684,T00008,LRG,0.41089967,0.871788,1.0000
TG00001685,T00008,LRG,0.39542591,0.652847,1.0000
TG00001686,T00008,LRG,0.50531042,1.010498,1.0000
TG00001687,T00008,LRG,0.34169823,0.850681,1.0000
TG00001688,T00008,LRG,0.37336924,0.500553,1.0000
TG00001689,T00008,LRG,0.24583610,1.006349,1.0000
TG00001690,T00008,LRG,0.48857111,0.605483,1.0000
TG00001691,T00008,LRG,0.46285826,0.669450,1.0000
TG00001692,T00008,LRG,0.52320455,0.725167,1.0000
TG00001693,T00008,LRG,0.27498773,0.849157,1.0000
TG00001694,T00008,LRG,0.52150154,0.609845,1.0000
TG00001695,T00008,LRG,0.26130291,0.469546,1.0000
TG00001696,T00008,LRG,0.49638755,0.822888,1.0000
TG00001697,T00008,LRG,0.60024184,0.975583,1.0000
TG00001698,T00008,LRG,0.44522996,0.754363,1.0000
TG00001699,T00008,LRG,0.41698923,1.068800,1.0000
TG00001700,T00008,LRG,0.18919171,0.773127,1.0000
TG00001701,T00008,LRG,0.25179891,0.772276,1.0000
TG00001702,T00008,LRG,0.30708487,0.795078,1.0000
TG00001703,T00008,LRG,0.23221384,0.634320,1.0000
TG00001704,T00008,LRG,0.51298922,0.740643,1.0000
TG00001705,T00008,LRG,0.43467408,0.493815,1.0000
TG00001706,T00008,LRG,0.35402317,0.893480,1.0000
TG00001707,T00008,LRG,0.28774609,0.850020,1.0000
TG00001708,T00008,LRG,0.79007255,0.711636,1.0000
TG00001709,T00008,LRG,0.22590041,0.620240,1.0000
TG00001710,T00008,LRG,0.35620449,0.633877,1.0000
TG00001711,T00008,LRG,0.37968520,0.500111,1.0000
TG00001712,T00008,LRG,0.43914813,0.842088,1.0000
TG00001713,T00008,LRG,0.71283875,0.598993,1.0000
TG00001714,T00008,LRG,0.54643264,0.744085,1.0000
TG00001715,T00008,LRG,0.26815127,0.812536,1.0000
TG00001716,T00008,LRG,0.23403976,0.749501,1.0000
TG00001717,T00008,LRG,0.25149673,1.053419,1.0000
TG00001718,T00008,LRG,0.42231501,0.539865,1.0000
TG00001719,T00008,LRG,0.34199954,0.345154,1.0000
TG00001720,T00008,LRG,0.26506325,0.607522,1.0000
TG00001721,T00008,LRG,0.56600470,0.763840,1.0000
TG00001722,T00008,ELG,0.43408851,0.918489,1.0000
TG00001723,T00008,ELG,0.61441944,1.321041,1.0000
TG00001724,T00008,ELG,0.62894466,1.374653,1.0000
TG00001725,T00008,ELG,0.37395049,1.430928,1.0000
TG00001726,T00008,ELG,0.74858295,1.271416,1.0000
TG00001727,T00008,ELG,0.45231017,0.922417,1.0000
TG00001728,T00008,ELG,1.01979658,1.250195,1.0000
TG00001729,T00008,ELG,1.00049543,1.003278,1.0000
TG00001730,T00008,ELG,0.61755547,0.729548,1.0000
TG00001731,T00008,ELG,0.50130551,0.926252,1.0000
TG00001732,T00008,ELG,0.66819394,0.899916,1.0000
TG00001733,T00008,ELG,0.68787330,0.783261,1.0000
TG00001734,T00008,ELG,0.51322204,1.296822,1.0000
TG00001735,T00008,ELG,0.40973594,0.868834,1.0000
TG00001736,T00008,ELG,0.77751245,1.034737,1.0000
TG00001737,T00008,ELG,0.64267380,1.543778,1.0000
TG00001738,T00008,ELG,0.37050657,1.067126,1.0000
TG00001739,T00008,ELG,0.43298328,0.821444,1.0000
TG00001740,T00008,ELG,0.35822343,0.918617,1.0000
TG00001741,T00008,ELG,0.76745950,1.145461,1.0000
TG00001742,T00008,ELG,0.57284293,0.937980,1.0000
TG00001743,T00008,ELG,0.44517017,1.033322,1.0000
TG00001744,T00008,ELG,0.51861451,1.462409,1.0000
TG00001745,T00008,ELG,0.33395167,1.165080,1.0000
TG00001746,T00008,ELG,0.56176988,0.980074,1.0000
TG00001747,T00008,ELG,0.37184724,1.512800,1.0000
TG00001748,T00008,ELG,0.49038331,1.449638,1.0000
TG00001749,T00008,ELG,0.68342506,0.819393,1.0000
TG00001750,T00008,ELG,0.59108781,0.817807,1.0000
TG00001751,T00008,ELG,0.49434271,1.209496,1.0000
TG00001752,T00008,ELG,0.65112096,1.317534,1.0000
TG00001753,T00008,ELG,0.77720148,1.160904,1.0000
TG00001754,T00008,ELG,0.35026192,1.110477,1.0000
TG00001755,T00008,ELG,0.77666114,1.151340,1.0000
TG00001756,T00008,ELG,0.43103271,1.173677,1.0000
TG00001757,T00008,ELG,0.88901955,0.956788,1.0000
TG00001758,T00008,ELG,0.52688177,0.782726,1.0000
TG00001759,T00008,ELG,0.34803073,1.109920,1.0000
TG00001760,T00008,ELG,0.89176748,0.615515,1.0000
TG00001761,T00008,ELG,0.27308106,1.025443,1.0000
TG00001762,T00008,ELG,0.84624948,1.092171,1.0000
TG00001763,T00008,ELG,0.60877666,1.179638,1.0000
TG00001764,T00008,ELG,0.70493678,1.350618,1.0000
TG00001765,T00008,ELG,0.19962318,1.463443,1.0000
TG00001766,T00008,ELG,0.65930649,1.233906,1.0000
TG00001767,T00008,ELG,0.49563058,1.197819,1.0000
TG00001768,T00008,ELG,0.51839920,1.026470,1.0000
TG00001769,T00008,ELG,0.47026646,1.465439,1.0000
TG00001770,T00008,ELG,0.74633025,0.998260,1.0000
TG00001771,T00008,ELG,0.38185083,1.369115,1.0000
TG00001772,T00008,ELG,0.32397700,1.437462,1.0000
TG00001773,T00008,ELG,0.60886129,0.963352,1.0000
TG00001774,T00008,ELG,0.54799044,1.177061,1.0000
TG00001775,T00008,ELG,0.61528754,1.522185,1.0000
TG00001776,T00008,ELG,0.86182012,1.268817,1.0000
TG00001777,T00008,ELG,0.43481160,1.234561,1.0000
TG00001778,T00008,ELG,1.13393044,0.995876,1.0000
TG00001779,T00008,ELG,0.50399537,0.895842,1.0000
TG00001780,T00008,ELG,0.52942143,1.349105,1.0000
TG00001781,T00008,ELG,0.55494708,1.066847,1.0000
TG00001782,T00008,ELG,0.54542057,1.240230,1.0000
TG00001783,T00008,ELG,0.72362718,0.720858,1.0000
TG00001784,T00008,ELG,0.84477291,0.689746,1.0000
TG00001785,T00008,ELG,0.68597686,1.234334,1.0000
TG00001786,T00008,ELG,0.83465577,0.872822,1.0000
TG00001787,T00008,ELG,0.97136305,0.968498,1.0000
TG00001788,T00008,ELG,0.23890374,1.090324,1.0000
TG00001789,T00008,ELG,0.52715137,1.003110,1.0000
TG00001790,T00008,ELG,0.42849804,1.094031,1.0000
TG00001791,T00008,ELG,0.58036175,1.121579,1.0000
TG00001792,T00008,ELG,0.76899246,1.079168,1.0000
TG00001793,T00008,ELG,0.23232643,1.005666,1.0000
TG00001794,T00008,ELG,0.82431084,1.098654,1.0000
TG00001795,T00008,ELG,0.37678375,1.192777,1.0000
TG00001796,T00008,ELG,0.67719854,1.312343,1.0000
TG00001797,T00008,ELG,0.20668618,0.600759,1.0000
TG00001798,T00008,ELG,0.45199702,0.713520,1.0000
TG00001799,T00008,ELG,0.89262759,1.386290,1.0000
TG00001800,T00008,ELG,0.28797282,0.815511,1.0000
TG00001801,T00008,ELG,0.43078772,1.169628,1.0000
TG00001802,T00008,ELG,0.93584200,1.066753,1.0000
TG00001803,T00008,ELG,0.36999709,1.025233,1.0000
TG00001804,T00008,ELG,1.10564692,1.005069,1.0000
TG00001805,T00008,ELG,0.38515129,1.174348,1.0000
TG00001806,T00008,ELG,1.21856257,0.790006,1.0000
TG00001807,T00008,ELG,0.28508711,1.152590,1.0000
TG00001808,T00008,ELG,0.57348559,0.790843,1.0000
TG00001809,T00008,ELG,0.35241878,1.263425,1.0000
TG00001810,T00008,ELG,0.41211112,1.272436,1.0000
TG00001811,T00008,ELG,0.67486708,1.137289,1.0000
TG00001812,T00008,ELG,0.51952414,1.057373,1.0000
TG00001813,T00008,ELG,0.89934410,1.172607,1.0000
TG00001814,T00008,ELG,0.59755794,0.920666,1.0000
TG00001815,T00008,QSO,0.26070080,2.429544,1.7000
TG00001816,T00008,QSO,0.19838073,1.817946,1.7000
TG00001817,T00008,QSO,0.14060990,1.116179,1.7000
TG00001818,T00008,QSO,0.11918655,1.640738,1.7000
TG00001819,T00008,QSO,0.28079210,1.775997,1.7000
TG00001820,T00008,QSO,0.22798902,1.967582,1.7000
TG00001821,T00008,QSO,0.26425162,2.884027,1.7000
TG00001822,T00008,QSO,0.10250890,3.675035,1.7000
TG00001823,T00008,QSO,0.16544614,2.343657,1.7000
TG00001824,T00008,QSO,0.18967963,2.214025,1.7000
TG00001825,T00008,QSO,0.52184730,3.050263,1.7000
TG00001826,T00008,QSO,0.12365628,1.064552,1.7000
TG00001827,T00008,QSO,0.16783308,2.634573,1.7000
TG00001828,T00008,QSO,0.07039538,2.449597,1.7000
TG00001829,T00008,QSO,0.37708906,1.881464,1.7000
TG00001830,T00008,QSO,0.22815085,0.869556,1.7000
TG00001831,T00008,QSO,0.16540928,2.115533,1.7000
TG00001832,T00008,QSO,0.20504460,1.230939,1.7000
TG00001833,T00008,QSO,0.46270857,2.842823,1.7000
TG00001834,T00008,QSO,0.07562127,2.125345,1.7000
TG00001835,T00008,QSO,0.17506341,1.796379,1.7000
TG00001836,T00008,QSO,0.38109885,1.944262,1.7000
TG00001837,T00008,BGS,1.18859927,0.187759,0.4500
TG00001838,T00008,BGS,1.78004961,0.300202,0.4500
TG00001839,T00008,BGS,1.33708127,0.255997,0.4500
TG00001840,T00008,BGS,1.64454650,0.228282,0.4500
TG00001841,T00008,BGS,1.12039426,0.260727,0.4500
TG00001842,T00008,BGS,2.15593457,0.229347,0.4500
TG00001843,T00008,BGS,1.59028622,0.015582,0.4500
TG00001844,T00008,BGS,1.75212072,0.283999,0.4500
TG00001845,T00008,BGS,1.66665875,0.179435,0.4500
TG00001846,T00008,BGS,1.00265425,0.271925,0.4500
TG00001847,T00008,BGS,1.23642969,0.297283,0.4500
TG00001848,T00008,BGS,0.96819849,0.266903,0.4500
TG00001849,T00008,BGS,2.14345188,0.187783,0.4500
TG00001850,T00008,BGS,1.28679242,0.176992,0.4500
TG00001851,T00008,BGS,0.77017581,0.161819,0.4500
TG00001852,T00008,BGS,1.42320603,0.186814,0.4500
TG00001853,T00008,BGS,1.20082513,0.131126,0.4500
TG00001854,T00008,BGS,2.04101836,0.182033,0.4500
TG00001855,T00008,BGS,0.99331582,0.217545,0.4500
TG00001856,T00008,BGS,1.33627716,0.244568,0.4500
TG00001857,T00008,BGS,0.74615116,0.060170,0.4500
TG00001858,T00008,BGS,1.55331299,0.348633,0.4500
TG00001859,T00008,BGS,1.53982753,0.051708,0.4500
TG00001860,T00008,BGS,1.34448403,0.273720,0.4500
TG00001861,T00008,BGS,1.55224704,0.164308,0.4500
TG00001862,T00008,BGS,2.05807984,0.171901,0.4500
TG00001863,T00008,BGS,2.05066169,0.216872,0.4500
TG00001864,T00008,BGS,1.37640801,0.191520,0.4500
TG00001865,T00008,BGS,1.27794014,0.211578,0.4500
TG00001866,T00008,BGS,1.23274418,0.219955,0.4500
TG00001867,T00008,BGS,1.56067762,0.206340,0.4500
TG00001868,T00008,BGS,0.64385947,0.223450,0.4500
TG00001869,T00008,BGS,1.09919100,0.247377,0.4500
TG00001870,T00008,BGS,0.68433046,0.227927,0.4500
TG00001871,T00008,BGS,1.07547294,0.193255,0.4500
TG00001872,T00008,BGS,1.55459515,0.308485,0.4500
TG00001873,T00008,BGS,1.28850407,0.197591,0.4500
TG00001874,T00008,BGS,0.89485392,0.272814,0.4500
TG00001875,T00008,BGS,1.28571208,0.279500,0.4500
TG00001876,T00008,BGS,1.86781747,0.261007,0.4500
TG00001877,T00008,BGS,0.80819672,0.241689,0.4500
TG00001878,T00008,BGS,0.95619884,0.292038,0.4500
TG00001879,T00008,BGS,1.62010722,0.173970,0.4500
TG00001880,T00008,BGS,1.06269130,0.230403,0.4500
TG00001881,T00008,BGS,1.09488127,0.189185,0.4500
TG00001882,T00008,BGS,0.94027605,0.248049,0.4500
TG00001883,T00008,BGS,0.99556300,0.153501,0.4500
TG00001884,T00008,BGS,1.22277737,0.181980,0.4500
TG00001885,T00008,BGS,1.98178005,0.157811,0.4500
TG00001886,T00008,BGS,1.23521020,0.095728,0.4500
TG00001887,T00008,BGS,1.25344492,0.176633,0.4500
TG00001888,T00008,BGS,1.70872974,0.141403,0.4500
TG00001889,T00008,BGS,1.17212957,0.134592,0.4500
TG00001890,T00008,BGS,1.49254934,0.367828,0.4500
TG00001891,T00008,BGS,0.90914122,0.233355,0.4500
TG00001892,T00008,BGS,1.56334694,0.134881,0.4500
TG00001893,T00008,BGS,1.05922056,0.358254,0.4500
TG00001894,T00008,BGS,1.36371595,0.188337,0.4500
TG00001895,T00008,BGS,1.87129737,0.190364,0.4500
TG00001896,T00008,BGS,1.15026632,0.190468,0.4500
TG00001897,T00008,BGS,1.30377854,0.299366,0.4500
TG00001898,T00008,BGS,2.42243313,0.247497,0.4500
TG00001899,T00008,BGS,0.82811846,0.312164,0.4500
TG00001900,T00008,BGS,1.11640735,0.214152,0.4500
TG00001901,T00009,LRG,0.62127725,0.318545,1.0000
TG00001902,T00009,LRG,0.29839894,0.510213,1.0000
TG00001903,T00009,LRG,0.68553806,0.734793,1.0000
TG00001904,T00009,LRG,0.39268749,0.584313,1.0000
TG00001905,T00009,LRG,0.38595906,0.634988,1.0000
TG00001906,T00009,LRG,0.33447731,0.428858,1.0000
TG00001907,T00009,LRG,0.40843925,0.488321,1.0000
TG00001908,T00009,LRG,0.49725113,0.385715,1.0000
TG00001909,T00009,LRG,0.24373588,0.711844,1.0000
TG00001910,T00009,LRG,0.35206744,0.434279,1.0000
TG00001911,T00009,LRG,0.26669206,0.959082,1.0000
TG00001912,T00009,LRG,0.47341043,0.775943,1.0000
TG00001913,T00009,LRG,0.77347479,0.686816,1.0000
TG00001914,T00009,LRG,0.20335451,0.380892,1.0000
TG00001915,T00009,LRG,0.35326030,0.791337,1.0000
TG00001916,T00009,LRG,0.61323380,0.674173,1.0000
TG00001917,T00009,LRG,0.37684991,0.606931,1.0000
TG00001918,T00009,LRG,0.39529655,0.822462,1.0000
TG00001919,T00009,LRG,0.25757456,0.804473,1.0000
TG00001920,T00009,LRG,0.24794756,0.595440,1.0000
TG00001921,T00009,LRG,0.28739356,0.631251,1.0000
TG00001922,T00009,LRG,0.35784809,0.947768,1.0000
TG00001923,T00009,LRG,0.19783313,0.701725,1.0000
TG00001924,T00009,LRG,0.29339541,0.490263,1.0000
TG00001925,T00009,LRG,0.23207943,0.560822,1.0000
TG00001926,T00009,LRG,0.47273090,0.669240,1.0000
TG00001927,T00009,LRG,0.29506672,1.055433,1.0000
TG00001928,T00009,LRG,0.21814573,0.977962,1.0000
TG00001929,T00009,LRG,0.26377549,0.657028,1.0000
TG00001930,T00009,LRG,0.28903661,0.836228,1.0000
TG00001931,T00009,LRG,0.59681973,0.829098,1.0000
TG00001932,T00009,LRG,0.60693002,0.589529,1.0000
TG00001933,T00009,LRG,0.31010267,0.664445,1.0000
TG00001934,T00009,LRG,0.29088351,0.673707,1.0000
TG00001935,T00009,LRG,0.40410699,0.836291,1.0000
TG00001936,T00009,LRG,0.50295182,0.842907,1.0000
TG00001937,T00009,LRG,0.39048577,0.455074,1.0000
TG00001938,T00009,LRG,0.33262575,0.747452,1.0000
TG00001939,T00009,LRG,0.38560864,0.726410,1.0000
TG00001940,T00009,LRG,0.27244923,0.721097,1.0000
TG00001941,T00009,LRG,0.19454883,0.804473,1.0000
TG00001942,T00009,LRG,0.24028671,0.583624,1.0000
TG00001943,T00009,ELG,0.93622240,1.186654,1.0000
TG00001944,T00009,ELG,0.27629258,1.951526,1.0000
TG00001945,T00009,ELG,0.94215399,0.996562,1.0000
TG00001946,T00009,ELG,0.73392764,1.138939,1.0000
TG00001947,T00009,ELG,0.89074040,1.058668,1.0000
TG00001948,T00009,ELG,0.79455548,1.617555,1.0000
TG00001949,T00009,ELG,0.66687705,1.087403,1.0000
TG00001950,T00009,ELG,0.85020920,1.015443,1.0000
TG00001951,T00009,ELG,0.45601109,1.663788,1.0000
TG00001952,T00009,ELG,0.43157336,0.498175,1.0000
TG00001953,T00009,ELG,0.50034345,1.533553,1.0000
TG00001954,T00009,ELG,1.10694332,1.240776,1.0000
TG00001955,T00009,ELG,1.36918441,0.953445,1.0000
TG00001956,T00009,ELG,0.56485351,1.439491,1.0000
TG00001957,T00009,ELG,1.05339959,0.756798,1.0000
TG00001958,T00009,ELG,0.72937403,1.330871,1.0000
TG00001959,T00009,ELG,0.46299730,1.174901,1.0000
TG00001960,T00009,ELG,0.36261543,1.246327,1.0000
TG00001961,T00009,ELG,0.41095350,1.261047,1.0000
TG00001962,T00009,ELG,0.31488686,0.860953,1.0000
TG00001963,T00009,ELG,0.79829551,0.987260,1.0000
TG00001964,T00009,ELG,0.61969633,0.956403,1.0000
TG00001965,T00009,ELG,0.46151597,1.502135,1.0000
TG00001966,T00009,ELG,0.33922161,0.959353,1.0000
TG00001967,T00009,ELG,0.53726129,0.892617,1.0000
TG00001968,T00009,ELG,0.37337960,0.129943,1.0000
TG00001969,T00009,ELG,0.71420187,1.160585,1.0000
TG00001970,T00009,ELG,0.76823948,0.736685,1.0000
TG00001971,T00009,ELG,0.93145938,1.008404,1.0000
TG00001972,T00009,ELG,0.46157641,0.901006,1.0000
TG00001973,T00009,ELG,0.31599198,1.314065,1.0000
TG00001974,T00009,ELG,0.63832861,1.713864,1.0000
TG00001975,T00009,ELG,0.53968993,1.583866,1.0000
TG00001976,T00009,ELG,0.48479052,0.965637,1.0000
TG00001977,T00009,ELG,0.39686036,1.095830,1.0000
TG00001978,T00009,ELG,0.79419784,1.605579,1.0000
TG00001979,T00009,ELG,0.33950187,1.457698,1.0000
TG00001980,T00009,ELG,0.53480475,1.188274,1.0000
TG00001981,T00009,ELG,0.73599276,0.922402,1.0000
TG00001982,T00009,ELG,0.71039374,1.448062,1.0000
TG00001983,T00009,ELG,0.74464087,1.057587,1.0000
TG00001984,T00009,ELG,0.54353702,0.836423,1.0000
TG00001985,T00009,ELG,0.44569935,1.342711,1.0000
TG00001986,T00009,ELG,0.87871231,0.850095,1.0000
TG00001987,T00009,ELG,1.43388293,1.025225,1.0000
TG00001988,T00009,ELG,0.46802813,0.734329,1.0000
TG00001989,T00009,ELG,0.54529297,1.555843,1.0000
TG00001990,T00009,ELG,0.94757058,0.666027,1.0000
TG00001991,T00009,ELG,0.45910166,0.586921,1.0000
TG00001992,T00009,ELG,0.62406248,1.338320,1.0000
TG00001993,T00009,ELG,0.69182639,0.898464,1.0000
TG00001994,T00009,ELG,0.66923998,0.978189,1.0000
TG00001995,T00009,ELG,0.60747544,0.961921,1.0000
TG00001996,T00009,ELG,0.50808999,0.804787,1.0000
TG00001997,T00009,ELG,0.36781297,1.194208,1.0000
TG00001998,T00009,ELG,0.32802513,0.721253,1.0000
TG00001999,T00009,ELG,0.50064476,0.998575,1.0000
TG00002000,T00009,ELG,0.33787582,1.490349,1.0000
TG00002001,T00009,ELG,0.43918274,1.263416,1.0000
TG00002002,T00009,ELG,0.51164340,1.391725,1.0000
TG00002003,T00009,ELG,0.52212105,1.012424,1.0000
TG00002004,T00009,ELG,0.74598053,1.393527,1.0000
TG00002005,T00009,ELG,0.55100050,0.785051,1.0000
TG00002006,T00009,ELG,0.65535068,0.869264,1.0000
TG00002007,T00009,ELG,0.64479016,0.773949,1.0000
TG00002008,T00009,ELG,0.96017886,0.743168,1.0000
TG00002009,T00009,ELG,0.46002394,1.187874,1.0000
TG00002010,T00009,ELG,0.62090095,0.680617,1.0000
TG00002011,T00009,ELG,0.32296405,1.058200,1.0000
TG00002012,T00009,ELG,0.91571745,0.974639,1.0000
TG00002013,T00009,ELG,0.67809880,1.023829,1.0000
TG00002014,T00009,ELG,1.02476013,1.004264,1.0000
TG00002015,T00009,ELG,1.26163426,0.746896,1.0000
TG00002016,T00009,QSO,0.17444451,1.445241,1.7000
TG00002017,T00009,QSO,0.16455035,2.278350,1.7000
TG00002018,T00009,QSO,0.18572814,1.807669,1.7000
TG00002019,T00009,QSO,0.14588269,2.613259,1.7000
TG00002020,T00009,QSO,0.36342554,2.482208,1.7000
TG00002021,T00009,QSO,0.19713086,2.091827,1.7000
TG00002022,T00009,QSO,0.51593439,1.749535,1.7000
TG00002023,T00009,QSO,0.08643892,2.733140,1.7000
TG00002024,T00009,QSO,0.20773272,2.740840,1.7000
TG00002025,T00009,QSO,0.18633343,1.328228,1.7000
TG00002026,T00009,QSO,0.14223212,2.130188,1.7000
TG00002027,T00009,QSO,0.18563998,1.308772,1.7000
TG00002028,T00009,QSO,0.17483800,1.756119,1.7000
TG00002029,T00009,QSO,0.14242925,2.710560,1.7000
TG00002030,T00009,QSO,0.09213831,2.613965,1.7000
TG00002031,T00009,BGS,1.83903295,0.299763,0.4500
TG00002032,T00009,BGS,1.85025761,0.235335,0.4500
TG00002033,T00009,BGS,0.93184270,0.209674,0.4500
TG00002034,T00009,BGS,0.67434851,0.259803,0.4500
TG00002035,T00009,BGS,1.34355038,0.309046,0.4500
TG00002036,T00009,BGS,1.08979131,0.384015,0.4500
TG00002037,T00009,BGS,1.67067535,0.114595,0.4500
TG00002038,T00009,BGS,1.68277351,0.256116,0.4500
TG00002039,T00009,BGS,0.93443375,0.164707,0.4500
TG00002040,T00009,BGS,1.55474497,0.375628,0.4500
TG00002041,T00009,BGS,1.54040067,0.249680,0.4500
TG00002042,T00009,BGS,1.20011346,0.167742,0.4500
TG00002043,T00009,BGS,0.91330402,0.218671,0.4500
TG00002044,T00009,BGS,0.91041577,0.300080,0.4500
TG00002045,T00009,BGS,1.13589115,0.388583,0.4500
TG00002046,T00009,BGS,1.29671448,0.345628,0.4500
TG00002047,T00009,BGS,1.37177184,0.179171,0.4500
TG00002048,T00009,BGS,1.11156995,0.074154,0.4500
TG00002049,T00009,BGS,0.73526098,0.161628,0.4500
TG00002050,T00009,BGS,0.91376327,0.313170,0.4500
TG00002051,T00009,BGS,1.62898682,0.127623,0.4500
TG00002052,T00009,BGS,1.31122316,0.253251,0.4500
TG00002053,T00009,BGS,1.78320862,0.165465,0.4500
TG00002054,T00009,BGS,0.76212882,0.367330,0.4500
TG00002055,T00009,BGS,0.88718579,0.326341,0.4500
TG00002056,T00009,BGS,0.67701378,0.234565,0.4500
TG00002057,T00009,BGS,1.50160660,0.284183,0.4500
TG00002058,T00009,BGS,3.27973507,0.147145,0.4500
TG00002059,T00009,BGS,1.59343139,0.252552,0.4500
TG00002060,T00009,BGS,0.91300512,0.298449,0.4500
TG00002061,T00009,BGS,1.23760571,0.229650,0.4500
TG00002062,T00009,BGS,1.34102325,0.075685,0.4500
TG00002063,T00009,BGS,1.99153633,0.409755,0.4500
TG00002064,T00009,BGS,1.35177856,0.141024,0.4500
TG00002065,T00009,BGS,1.34145990,0.175347,0.4500
TG00002066,T00009,BGS,1.89849257,0.245939,0.4500
TG00002067,T00009,BGS,1.70700223,0.209493,0.4500
TG00002068,T00009,BGS,1.55943860,0.267014,0.4500
TG00002069,T00009,BGS,1.17735468,0.272721,0.4500
TG00002070,T00009,BGS,1.11992829,0.210697,0.4500
TG00002071,T00009,BGS,1.54360539,0.277375,0.4500
TG00002072,T00009,BGS,0.68053251,0.402833,0.4500
TG00002073,T00009,BGS,1.22215274,0.223606,0.4500
TG00002074,T00009,BGS,1.48646182,0.270840,0.4500
TG00002075,T00009,BGS,1.42757946,0.125832,0.4500
TG00002076,T00009,BGS,1.10320974,0.181240,0.4500
TG00002077,T00009,BGS,1.03271204,0.059688,0.4500
TG00002078,T00009,BGS,1.47489427,0.307379,0.4500
TG00002079,T00009,BGS,1.41168371,0.292146,0.4500
TG00002080,T00009,BGS,1.02864779,0.095242,0.4500
TG00002081,T00009,BGS,1.01291674,0.108764,0.4500
TG00002082,T00009,BGS,2.15858241,0.164362,0.4500
TG00002083,T00009,BGS,0.92373021,0.309661,0.4500
TG00002084,T00009,BGS,0.80287446,0.184715,0.4500
TG00002085,T00009,BGS,1.20912278,0.182267,0.4500
TG00002086,T00009,BGS,0.76064638,0.097066,0.4500
TG00002087,T00009,BGS,0.91667449,0.166015,0.4500
TG00002088,T00009,BGS,1.01951989,0.238894,0.4500
TG00002089,T00009,BGS,2.64851120,0.135951,0.4500
TG00002090,T00009,BGS,1.01506411,0.216226,0.4500
TG00002091,T00009,BGS,1.20597439,0.068422,0.4500
TG00002092,T00009,BGS,1.20298387,0.135653,0.4500
TG00002093,T00009,BGS,1.56301185,0.389611,0.4500
TG00002094,T00009,BGS,1.18391007,0.141374,0.4500
TG00002095,T00009,BGS,1.05223454,0.075903,0.4500
TG00002096,T00009,BGS,0.62387123,0.373836,0.4500
TG00002097,T00009,BGS,0.82312034,0.251609,0.4500
TG00002098,T00009,BGS,1.60732379,0.256692,0.4500
TG00002099,T00009,BGS,1.00822706,0.327831,0.4500
TG00002100,T00009,BGS,1.81869305,0.222391,0.4500
TG00002101,T00009,BGS,2.23398905,0.150031,0.4500
TG00002102,T00009,BGS,0.78441572,0.155802,0.4500
TG00002103,T00009,BGS,1.14485311,0.218823,0.4500
TG00002104,T00009,BGS,1.43511093,0.221906,0.4500
TG00002105,T00009,BGS,2.21175093,0.083396,0.4500
TG00002106,T00009,BGS,2.08622741,0.371455,0.4500
TG00002107,T00009,BGS,1.19735174,0.293366,0.4500
TG00002108,T00009,BGS,0.67736617,0.411740,0.4500
TG00002109,T00009,BGS,1.05429234,0.093917,0.4500
TG00002110,T00009,BGS,1.47116304,0.220408,0.4500
TG00002111,T00009,BGS,1.26246478,0.332281,0.4500
TG00002112,T00009,BGS,2.46577794,0.380041,0.4500
TG00002113,T00009,BGS,1.07351511,0.329868,0.4500
TG00002114,T00009,BGS,1.90551528,0.273031,0.4500
TG00002115,T00010,LRG,0.39414316,0.725219,1.0000
TG00002116,T00010,LRG,0.69456617,0.523153,1.0000
TG00002117,T00010,LRG,0.44778851,0.854698,1.0000
TG00002118,T00010,LRG,0.43263908,0.678806,1.0000
TG00002119,T00010,LRG,0.46374234,0.885835,1.0000
TG00002120,T00010,LRG,0.38016223,0.717651,1.0000
TG00002121,T00010,LRG,0.29579228,0.773248,1.0000
TG00002122,T00010,LRG,0.26598308,0.207366,1.0000
TG00002123,T00010,LRG,0.49138469,0.865393,1.0000
TG00002124,T00010,LRG,0.42069951,0.620440,1.0000
TG00002125,T00010,LRG,0.33103427,0.728146,1.0000
TG00002126,T00010,LRG,0.32666086,0.657362,1.0000
TG00002127,T00010,LRG,0.63284795,0.716641,1.0000
TG00002128,T00010,LRG,0.67207876,0.325300,1.0000
TG00002129,T00010,LRG,0.44273607,0.697752,1.0000
TG00002130,T00010,LRG,0.63343753,0.437991,1.0000
TG00002131,T00010,LRG,0.26887965,0.813354,1.0000
TG00002132,T00010,LRG,0.38893222,0.835129,1.0000
TG00002133,T00010,LRG,0.40591655,0.875889,1.0000
TG00002134,T00010,LRG,0.32824753,0.694385,1.0000
TG00002135,T00010,LRG,0.74256706,0.676549,1.0000
TG00002136,T00010,LRG,0.32369127,0.707934,1.0000
TG00002137,T00010,LRG,0.22981213,0.776159,1.0000
TG00002138,T00010,LRG,0.71647806,0.562844,1.0000
TG00002139,T00010,LRG,0.51036785,0.875952,1.0000
TG00002140,T00010,LRG,0.38896327,0.624593,1.0000
TG00002141,T00010,LRG,0.82775240,0.421117,1.0000
TG00002142,T00010,LRG,0.39059303,0.500509,1.0000
TG00002143,T00010,LRG,0.68782487,0.662413,1.0000
TG00002144,T00010,LRG,0.42107610,0.964738,1.0000
TG00002145,T00010,LRG,0.81520316,0.497837,1.0000
TG00002146,T00010,LRG,0.25892056,0.512139,1.0000
TG00002147,T00010,LRG,0.44913885,0.833210,1.0000
TG00002148,T00010,LRG,0.43346473,0.436227,1.0000
TG00002149,T00010,LRG,0.36273830,0.539654,1.0000
TG00002150,T00010,LRG,0.48754049,0.744159,1.0000
TG00002151,T00010,LRG,0.45370281,0.629681,1.0000
TG00002152,T00010,LRG,0.51847008,0.806865,1.0000
TG00002153,T00010,LRG,0.32147253,0.737045,1.0000
TG00002154,T00010,LRG,0.22788687,0.655313,1.0000
TG00002155,T00010,LRG,0.76867365,0.577591,1.0000
TG00002156,T00010,LRG,0.46246433,0.667298,1.0000
TG00002157,T00010,LRG,0.49109181,0.825429,1.0000
TG00002158,T00010,LRG,0.22872835,0.640554,1.0000
TG00002159,T00010,LRG,0.31296113,1.080491,1.0000
TG00002160,T00010,LRG,0.49725863,0.548232,1.0000
TG00002161,T00010,LRG,0.35218709,0.889249,1.0000
TG00002162,T00010,LRG,0.15679625,0.623830,1.0000
TG00002163,T00010,LRG,0.22340226,0.547812,1.0000
TG00002164,T00010,LRG,0.33988612,0.837597,1.0000
TG00002165,T00010,LRG,0.34447369,0.651168,1.0000
TG00002166,T00010,LRG,0.31572385,0.493141,1.0000
TG00002167,T00010,LRG,0.61427793,0.718507,1.0000
TG00002168,T00010,LRG,0.30754291,0.346013,1.0000
TG00002169,T00010,LRG,0.36476513,0.589229,1.0000
TG00002170,T00010,LRG,0.56216684,0.791299,1.0000
TG00002171,T00010,LRG,0.47205246,0.571373,1.0000
TG00002172,T00010,LRG,0.36177682,0.685463,1.0000
TG00002173,T00010,LRG,0.41502902,0.796279,1.0000
TG00002174,T00010,LRG,0.47618156,0.840679,1.0000
TG00002175,T00010,LRG,0.34272264,0.640998,1.0000
TG00002176,T00010,LRG,0.50185332,0.505608,1.0000
TG00002177,T00010,LRG,0.34315871,0.613327,1.0000
TG00002178,T00010,LRG,0.42643544,0.546706,1.0000
TG00002179,T00010,LRG,0.43123176,0.465386,1.0000
TG00002180,T00010,LRG,0.39640435,0.730616,1.0000
TG00002181,T00010,LRG,0.29564457,0.656373,1.0000
TG00002182,T00010,LRG,0.28096340,0.777288,1.0000
TG00002183,T00010,LRG,0.32696836,0.588161,1.0000
TG00002184,T00010,LRG,0.32569322,0.699114,1.0000
TG00002185,T00010,LRG,0.57445618,0.416123,1.0000
TG00002186,T00010,LRG,0.38522226,0.370068,1.0000
TG00002187,T00010,LRG,0.51608438,0.873503,1.0000
TG00002188,T00010,LRG,0.39364752,0.890362,1.0000
TG00002189,T00010,LRG,0.34572133,1.067220,1.0000
TG00002190,T00010,LRG,0.28623077,0.382258,1.0000
TG00002191,T00010,LRG,0.34329682,1.321573,1.0000
TG00002192,T00010,LRG,0.63523446,0.610652,1.0000
TG00002193,T00010,LRG,0.17158876,0.842237,1.0000
TG00002194,T00010,LRG,0.73081821,0.739660,1.0000
TG00002195,T00010,LRG,0.23393679,0.545278,1.0000
TG00002196,T00010,LRG,0.32984636,0.772943,1.0000
TG00002197,T00010,LRG,0.21630816,0.624022,1.0000
TG00002198,T00010,LRG,0.47649003,0.832568,1.0000
TG00002199,T00010,LRG,0.30866250,0.755558,1.0000
TG00002200,T00010,ELG,0.43918823,0.735581,1.0000
TG00002201,T00010,ELG,0.36025471,0.928749,1.0000
TG00002202,T00010,ELG,0.37303732,0.983509,1.0000
TG00002203,T00010,ELG,0.59527763,1.100399,1.0000
TG00002204,T00010,ELG,0.77485884,1.526363,1.0000
TG00002205,T00010,ELG,0.81716209,1.320011,1.0000
TG00002206,T00010,ELG,0.36473968,1.120513,1.0000
TG00002207,T00010,ELG,0.81663028,1.065800,1.0000
TG00002208,T00010,ELG,0.46795314,1.215039,1.0000
TG00002209,T00010,ELG,0.38718162,0.854004,1.0000
TG00002210,T00010,ELG,0.68072635,1.212870,1.0000
TG00002211,T00010,ELG,0.68311123,1.252727,1.0000
TG00002212,T00010,ELG,0.65073886,1.389148,1.0000
TG00002213,T00010,ELG,0.94094226,1.255235,1.0000
TG00002214,T00010,ELG,0.18142227,1.182244,1.0000
TG00002215,T00010,ELG,0.47469197,1.453628,1.0000
TG00002216,T00010,ELG,0.50399321,0.807155,1.0000
TG00002217,T00010,ELG,0.47072851,0.766465,1.0000
TG00002218,T00010,ELG,0.57253092,1.080365,1.0000
TG00002219,T00010,ELG,0.65178182,1.302136,1.0000
TG00002220,T00010,ELG,1.01462040,0.996342,1.0000
TG00002221,T00010,ELG,0.43134685,1.212608,1.0000
TG00002222,T00010,ELG,0.39244031,1.314766,1.0000
TG00002223,T00010,ELG,0.71602247,1.026150,1.0000
TG00002224,T00010,ELG,0.77762614,0.974300,1.0000
TG00002225,T00010,ELG,0.73327683,1.384779,1.0000
TG00002226,T00010,ELG,0.67640637,1.664745,1.0000
TG00002227,T00010,ELG,0.79915756,1.071318,1.0000
TG00002228,T00010,ELG,0.60633178,1.198183,1.0000
TG00002229,T00010,ELG,0.51599303,1.225298,1.0000
TG00002230,T00010,ELG,0.36432304,1.643516,1.0000
TG00002231,T00010,ELG,0.52446282,0.991150,1.0000
TG00002232,T00010,ELG,0.30772433,1.226739,1.0000
TG00002233,T00010,ELG,0.58361987,1.459657,1.0000
TG00002234,T00010,ELG,0.84542788,1.550281,1.0000
TG00002235,T00010,ELG,0.67321657,1.322723,1.0000
TG00002236,T00010,ELG,0.32310625,0.758339,1.0000
TG00002237,T00010,ELG,0.51773786,1.188219,1.0000
TG00002238,T00010,ELG,0.37233207,1.417367,1.0000
TG00002239,T00010,ELG,0.42948139,1.357687,1.0000
TG00002240,T00010,ELG,0.72283179,0.834243,1.0000
TG00002241,T00010,ELG,0.44272452,1.612184,1.0000
TG00002242,T00010,ELG,0.91192561,1.779782,1.0000
TG00002243,T00010,ELG,0.81968169,1.877799,1.0000
TG00002244,T00010,ELG,0.32953592,0.995512,1.0000
TG00002245,T00010,ELG,0.48685601,1.019876,1.0000
TG00002246,T00010,ELG,0.39698152,1.208615,1.0000
TG00002247,T00010,ELG,0.65115253,1.119654,1.0000
TG00002248,T00010,ELG,0.66938137,0.840454,1.0000
TG00002249,T00010,ELG,0.17776313,0.945640,1.0000
TG00002250,T00010,ELG,0.89096101,0.966054,1.0000
TG00002251,T00010,ELG,0.50475092,1.136285,1.0000
TG00002252,T00010,ELG,0.38592389,0.876656,1.0000
TG00002253,T00010,ELG,0.26628218,0.900022,1.0000
TG00002254,T00010,ELG,0.81791521,2.014077,1.0000
TG00002255,T00010,ELG,1.03646622,1.649758,1.0000
TG00002256,T00010,ELG,0.56915347,1.396298,1.0000
TG00002257,T00010,ELG,0.59016182,0.516080,1.0000
TG00002258,T00010,ELG,0.28980757,0.796436,1.0000
TG00002259,T00010,ELG,0.66160857,1.008473,1.0000
TG00002260,T00010,ELG,0.74429573,1.217245,1.0000
TG00002261,T00010,ELG,0.65993352,1.530641,1.0000
TG00002262,T00010,ELG,0.42043671,1.300919,1.0000
TG00002263,T00010,ELG,0.81058210,1.254876,1.0000
TG00002264,T00010,ELG,0.63282317,0.997189,1.0000
TG00002265,T00010,ELG,0.38598388,0.940278,1.0000
TG00002266,T00010,ELG,0.54031354,0.941616,1.0000
TG00002267,T00010,ELG,0.82617523,1.563509,1.0000
TG00002268,T00010,ELG,0.27157459,1.580902,1.0000
TG00002269,T00010,ELG,1.20396120,1.350840,1.0000
TG00002270,T00010,ELG,0.47529887,0.794669,1.0000
TG00002271,T00010,ELG,0.50545965,0.829301,1.0000
TG00002272,T00010,ELG,0.55355430,1.022195,1.0000
TG00002273,T00010,ELG,0.46571405,1.166926,1.0000
TG00002274,T00010,ELG,0.32055663,1.574289,1.0000
TG00002275,T00010,ELG,1.34731137,1.043957,1.0000
TG00002276,T00010,ELG,0.35835057,0.991043,1.0000
TG00002277,T00010,ELG,0.67275183,1.231993,1.0000
TG00002278,T00010,ELG,0.35658924,0.863873,1.0000
TG00002279,T00010,ELG,0.81938043,1.348379,1.0000
TG00002280,T00010,ELG,0.37324193,1.143873,1.0000
TG00002281,T00010,ELG,0.51457945,1.023901,1.0000
TG00002282,T00010,ELG,0.65576963,1.201950,1.0000
TG00002283,T00010,ELG,0.58615243,0.706686,1.0000
TG00002284,T00010,ELG,0.46869725,0.976859,1.0000
TG00002285,T00010,ELG,0.42944787,1.004123,1.0000
TG00002286,T00010,ELG,0.56427046,1.566051,1.0000
TG00002287,T00010,QSO,0.13263312,0.941543,1.7000
TG00002288,T00010,QSO,0.07817703,2.543635,1.7000
TG00002289,T00010,QSO,0.09854171,0.862313,1.7000
TG00002290,T00010,QSO,0.11524054,1.873106,1.7000
TG00002291,T00010,QSO,0.11712109,2.284800,1.7000
TG00002292,T00010,QSO,0.11193492,1.030605,1.7000
TG00002293,T00010,QSO,0.11348949,2.949075,1.7000
TG00002294,T00010,QSO,0.15547213,2.425596,1.7000
TG00002295,T00010,QSO,0.14509774,1.457674,1.7000
TG00002296,T00010,QSO,0.14082778,1.291756,1.7000
TG00002297,T00010,QSO,0.19523314,2.401973,1.7000
TG00002298,T00010,BGS,1.00017728,0.161122,0.4500
TG00002299,T00010,BGS,1.57837870,0.333203,0.4500
TG00002300,T00010,BGS,1.00537824,0.323180,0.4500
TG00002301,T00010,BGS,0.65026028,0.155861,0.4500
TG00002302,T00010,BGS,1.04657396,0.201230,0.4500
TG00002303,T00010,BGS,1.72227141,0.186552,0.4500
TG00002304,T00010,BGS,1.00950097,0.205826,0.4500
TG00002305,T00010,BGS,1.17878389,0.167804,0.4500
TG00002306,T00010,BGS,1.12520008,0.221416,0.4500
TG00002307,T00010,BGS,1.25875786,0.305994,0.4500
TG00002308,T00010,BGS,0.96421782,0.227312,0.4500
TG00002309,T00010,BGS,2.00400885,0.206610,0.4500
TG00002310,T00010,BGS,1.28023157,0.175390,0.4500
TG00002311,T00010,BGS,1.52012638,0.242695,0.4500
TG00002312,T00010,BGS,1.41425409,0.179603,0.4500
TG00002313,T00010,BGS,1.86487418,0.237299,0.4500
TG00002314,T00010,BGS,1.24066848,0.211473,0.4500
TG00002315,T00010,BGS,1.22574382,0.186241,0.4500
TG00002316,T00010,BGS,1.79187513,0.334624,0.4500
TG00002317,T00010,BGS,1.02945202,0.248407,0.4500
TG00002318,T00010,BGS,1.08275536,0.392245,0.4500
TG00002319,T00010,BGS,1.55190246,0.238394,0.4500
TG00002320,T00010,BGS,0.90695396,0.000000,0.4500
TG00002321,T00010,BGS,1.64829282,0.215830,0.4500
TG00002322,T00010,BGS,0.99244455,0.430529,0.4500
TG00002323,T00010,BGS,0.91423110,0.289316,0.4500
TG00002324,T00010,BGS,1.27831827,0.090775,0.4500
TG00002325,T00010,BGS,1.45951342,0.355546,0.4500
TG00002326,T00010,BGS,0.90449588,0.234746,0.4500
TG00002327,T00010,BGS,1.05973714,0.240609,0.4500
TG00002328,T00010,BGS,0.71198487,0.308197,0.4500
TG00002329,T00010,BGS,1.23959513,0.085835,0.4500
TG00002330,T00010,BGS,0.89441938,0.182153,0.4500
TG00002331,T00010,BGS,1.11068115,0.349712,0.4500
TG00002332,T00010,BGS,1.57256825,0.270036,0.4500
TG00002333,T00010,BGS,1.08937949,0.105361,0.4500
TG00002334,T00010,BGS,1.31102542,0.279599,0.4500
TG00002335,T00010,BGS,1.74648612,0.228613,0.4500
TG00002336,T00010,BGS,1.35827774,0.318028,0.4500
TG00002337,T00010,BGS,1.18275074,0.250162,0.4500
TG00002338,T00010,BGS,1.77600232,0.232452,0.4500
TG00002339,T00010,BGS,1.08952392,0.188373,0.4500
TG00002340,T00010,BGS,1.60200946,0.275620,0.4500
TG00002341,T00010,BGS,0.91077150,0.130612,0.4500
TG00002342,T00010,BGS,1.08615439,0.237548,0.4500
TG00002343,T00010,BGS,0.90955013,0.075028,0.4500
TG00002344,T00010,BGS,0.66269548,0.171149,0.4500
TG00002345,T00010,BGS,1.25044243,0.186180,0.4500
TG00002346,T00010,BGS,1.57987996,0.129471,0.4500
TG00002347,T00010,BGS,1.57043464,0.273791,0.4500
TG00002348,T00010,BGS,1.15770487,0.275572,0.4500
TG00002349,T00010,BGS,1.69058247,0.336101,0.4500
TG00002350,T00010,BGS,0.87962592,0.232548,0.4500
TG00002351,T00010,BGS,1.36298452,0.228590,0.4500
TG00002352,T00010,BGS,1.31702366,0.236668,0.4500
TG00002353,T00010,BGS,1.68224024,0.262675,0.4500
TG00002354,T00010,BGS,1.39700602,0.183973,0.4500
TG00002355,T00010,BGS,0.86352460,0.082870,0.4500
TG00002356,T00010,BGS,1.97132249,0.107613,0.4500
TG00002357,T00010,BGS,1.43027700,0.198232,0.4500
TG00002358,T00010,BGS,0.91183529,0.220916,0.4500
TG00002359,T00010,BGS,0.99459667,0.165834,0.4500
TG00002360,T00010,BGS,0.96832372,0.289050,0.4500
TG00002361,T00010,BGS,1.21845771,0.229397,0.4500
TG00002362,T00010,BGS,1.63458558,0.419040,0.4500
TG00002363,T00010,BGS,1.58919504,0.082972,0.4500
TG00002364,T00010,BGS,1.04717563,0.283958,0.4500
TG00002365,T00010,BGS,1.09799572,0.208806,0.4500
TG00002366,T00010,BGS,1.99123570,0.218403,0.4500
TG00002367,T00010,BGS,1.33951420,0.000000,0.4500
TG00002368,T00010,BGS,1.12206158,0.298826,0.4500
TG00002369,T00010,BGS,0.87832207,0.162317,0.4500
TG00002370,T00010,BGS,0.91253652,0.048739,0.4500
TG00002371,T00010,BGS,1.43039732,0.214619,0.4500
TG00002372,T00010,BGS,1.54882687,0.077168,0.4500
TG00002373,T00010,BGS,1.53240386,0.192365,0.4500
TG00002374,T00010,BGS,0.58344448,0.152176,0.4500
TG00002375,T00010,BGS,1.24917817,0.266805,0.4500
TG00002376,T00010,BGS,1.19957231,0.176198,0.4500
TG00002377,T00010,BGS,2.42404985,0.131946,0.4500
TG00002378,T00010,BGS,1.43947641,0.292652,0.4500
TG00002379,T00010,BGS,0.94302390,0.379514,0.4500
TG00002380,T00011,LRG,0.24998553,0.725993,1.0000
TG00002381,T00011,LRG,0.21407114,0.737822,1.0000
TG00002382,T00011,LRG,0.35345858,0.647550,1.0000
TG00002383,T00011,LRG,0.40084233,0.757391,1.0000
TG00002384,T00011,LRG,0.36781736,1.107949,1.0000
TG00002385,T00011,LRG,0.32522591,0.737680,1.0000
TG00002386,T00011,LRG,0.56892153,0.575020,1.0000
TG00002387,T00011,LRG,0.19457035,0.546354,1.0000
TG00002388,T00011,LRG,0.37413420,0.739615,1.0000
TG00002389,T00011,LRG,0.37730159,0.678051,1.0000
TG00002390,T00011,LRG,0.28561602,1.172774,1.0000
TG00002391,T00011,LRG,0.29796112,1.061559,1.0000
TG00002392,T00011,LRG,0.64677341,0.972161,1.0000
TG00002393,T00011,LRG,0.32624533,0.822119,1.0000
TG00002394,T00011,LRG,0.46864742,0.664855,1.0000
TG00002395,T00011,LRG,0.50803043,0.326919,1.0000
TG00002396,T00011,LRG,0.40491153,0.867198,1.0000
TG00002397,T00011,LRG,0.43577514,0.734147,1.0000
TG00002398,T00011,LRG,0.26344380,0.288121,1.0000
TG00002399,T00011,LRG,0.27187700,0.703056,1.0000
TG00002400,T00011,LRG,0.26452230,0.410618,1.0000
TG00002401,T00011,LRG,0.17806457,0.449922,1.0000
TG00002402,T00011,LRG,0.43578819,0.616588,1.0000
TG00002403,T00011,LRG,0.36722318,0.795342,1.0000
TG00002404,T00011,LRG,0.52084065,0.763597,1.0000
TG00002405,T00011,LRG,0.31101821,0.793667,1.0000
TG00002406,T00011,LRG,0.35929231,0.633453,1.0000
TG00002407,T00011,LRG,0.30868446,0.660955,1.0000
TG00002408,T00011,LRG,0.39087112,0.639654,1.0000
TG00002409,T00011,LRG,0.32452849,0.427709,1.0000
TG00002410,T00011,LRG,0.32797588,0.696092,1.0000
TG00002411,T00011,LRG,0.31066456,0.611094,1.0000
TG00002412,T00011,LRG,0.29477077,0.610794,1.0000
TG00002413,T00011,LRG,0.26366107,0.653726,1.0000
TG00002414,T00011,LRG,0.31684960,0.979448,1.0000
TG00002415,T00011,LRG,0.29934719,0.519607,1.0000
TG00002416,T00011,LRG,0.47428725,0.448493,1.0000
TG00002417,T00011,LRG,0.24306236,0.600695,1.0000
TG00002418,T00011,LRG,0.86101128,0.878397,1.0000
TG00002419,T00011,LRG,0.22481333,0.587617,1.0000
TG00002420,T00011,LRG,0.40644160,0.611699,1.0000
TG00002421,T00011,LRG,0.31730083,0.815605,1.0000
TG00002422,T00011,LRG,0.11734194,0.915423,1.0000
TG00002423,T00011,LRG,0.45576884,0.423079,1.0000
TG00002424,T00011,LRG,0.28252822,0.623859,1.0000
TG00002425,T00011,LRG,0.27200841,0.404932,1.0000
TG00002426,T00011,LRG,0.56295315,0.543769,1.0000
TG00002427,T00011,LRG,0.22222202,0.949457,1.0000
TG00002428,T00011,LRG,0.28160416,0.772976,1.0000
TG00002429,T00011,LRG,0.40887983,0.552297,1.0000
TG00002430,T00011,LRG,0.46704221,0.942826,1.0000
TG00002431,T00011,LRG,0.32735598,0.566514,1.0000
TG00002432,T00011,LRG,0.36422313,0.955539,1.0000
TG00002433,T00011,LRG,0.54045007,0.793147,1.0000
TG00002434,T00011,LRG,0.34865852,0.820218,1.0000
TG00002435,T00011,LRG,0.32518301,0.376133,1.0000
TG00002436,T00011,LRG,0.22431539,0.689399,1.0000
TG00002437,T00011,LRG,0.56493500,0.577442,1.0000
TG00002438,T00011,LRG,0.10048287,0.819650,1.0000
TG00002439,T00011,LRG,0.39164528,0.706460,1.0000
TG00002440,T00011,LRG,0.24441558,0.958871,1.0000
TG00002441,T00011,LRG,0.43629365,0.431795,1.0000
TG00002442,T00011,LRG,0.41493154,0.330299,1.0000
TG00002443,T00011,LRG,0.40689261,0.445723,1.0000
TG00002444,T00011,LRG,0.30403517,0.801113,1.0000
TG00002445,T00011,LRG,0.47585745,0.875927,1.0000
TG00002446,T00011,LRG,0.45581889,0.574404,1.0000
TG00002447,T00011,LRG,0.31016648,0.499059,1.0000
TG00002448,T00011,LRG,0.16359124,0.763846,1.0000
TG00002449,T00011,LRG,0.28107024,0.643051,1.0000
TG00002450,T00011,LRG,0.38474086,0.509846,1.0000
TG00002451,T00011,LRG,0.46121765,0.960099,1.0000
TG00002452,T00011,LRG,0.55091791,0.794955,1.0000
TG00002453,T00011,LRG,0.28049974,0.638029,1.0000
TG00002454,T00011,LRG,0.43029116,0.632625,1.0000
TG00002455,T00011,LRG,0.44488792,0.531113,1.0000
TG00002456,T00011,LRG,0.33940648,1.093737,1.0000
TG00002457,T00011,ELG,0.82121960,1.521511,1.0000
TG00002458,T00011,ELG,0.48404450,1.362773,1.0000
TG00002459,T00011,ELG,0.47140128,0.844379,1.0000
TG00002460,T00011,ELG,0.61100455,1.165940,1.0000
TG00002461,T00011,ELG,0.30073085,1.107348,1.0000
TG00002462,T00011,ELG,0.32814258,0.664829,1.0000
TG00002463,T00011,ELG,0.73692999,1.617399,1.0000
TG00002464,T00011,ELG,0.54558797,1.345616,1.0000
TG00002465,T00011,ELG,1.04071244,1.351591,1.0000
TG00002466,T00011,ELG,0.40209762,0.499628,1.0000
TG00002467,T00011,ELG,0.99875659,0.865812,1.0000
TG00002468,T00011,ELG,0.55230309,1.691846,1.0000
TG00002469,T00011,ELG,0.46983589,1.262843,1.0000
TG00002470,T00011,ELG,0.38869353,1.116777,1.0000
TG00002471,T00011,ELG,1.35284952,0.891462,1.0000
TG00002472,T00011,ELG,0.57148071,1.467498,1.0000
TG00002473,T00011,ELG,0.57888174,1.073316,1.0000
TG00002474,T00011,ELG,0.99264615,1.033940,1.0000
TG00002475,T00011,ELG,0.58180562,1.287199,1.0000
TG00002476,T00011,ELG,0.45000802,1.153651,1.0000
TG00002477,T00011,ELG,0.58181456,1.073295,1.0000
TG00002478,T00011,ELG,0.60352654,1.102316,1.0000
TG00002479,T00011,ELG,0.60172264,1.373051,1.0000
TG00002480,T00011,ELG,0.81557160,1.344451,1.0000
TG00002481,T00011,ELG,0.51660946,1.927376,1.0000
TG00002482,T00011,ELG,0.45879392,1.240827,1.0000
TG00002483,T00011,ELG,0.67486979,1.073225,1.0000
TG00002484,T00011,ELG,0.47917345,0.908151,1.0000
TG00002485,T00011,ELG,0.37973161,1.501284,1.0000
TG00002486,T00011,ELG,1.80071836,1.125856,1.0000
TG00002487,T00011,ELG,0.54183174,1.443380,1.0000
TG00002488,T00011,ELG,1.11966598,1.657176,1.0000
TG00002489,T00011,ELG,0.63699278,1.321248,1.0000
TG00002490,T00011,ELG,0.66690363,1.122402,1.0000
TG00002491,T00011,ELG,0.72629889,0.852825,1.0000
TG00002492,T00011,ELG,0.56999469,1.199055,1.0000
TG00002493,T00011,ELG,0.58673751,1.152637,1.0000
TG00002494,T00011,ELG,0.39135481,1.279977,1.0000
TG00002495,T00011,ELG,0.32113189,0.832300,1.0000
TG00002496,T00011,ELG,0.78043793,1.403434,1.0000
TG00002497,T00011,ELG,0.98187305,1.537386,1.0000
TG00002498,T00011,ELG,0.80329550,0.944115,1.0000
TG00002499,T00011,ELG,0.81584095,1.142537,1.0000
TG00002500,T00011,ELG,0.60430074,1.243762,1.0000
TG00002501,T00011,ELG,0.91507105,1.337367,1.0000
TG00002502,T00011,ELG,0.89616516,1.051218,1.0000
TG00002503,T00011,ELG,0.57724600,1.366586,1.0000
TG00002504,T00011,ELG,0.73504039,1.164286,1.0000
TG00002505,T00011,ELG,0.45989573,1.153300,1.0000
TG00002506,T00011,ELG,0.75892980,1.295509,1.0000
TG00002507,T00011,ELG,0.41426834,1.160399,1.0000
TG00002508,T00011,ELG,0.59178558,1.245073,1.0000
TG00002509,T00011,ELG,0.43623492,0.899725,1.0000
TG00002510,T00011,ELG,0.46475599,0.733581,1.0000
TG00002511,T00011,ELG,0.65529316,1.113135,1.0000
TG00002512,T00011,ELG,0.31262175,1.129669,1.0000
TG00002513,T00011,ELG,0.93698598,1.339098,1.0000
TG00002514,T00011,ELG,1.17739992,1.349286,1.0000
TG00002515,T00011,ELG,0.45417013,1.742888,1.0000
TG00002516,T00011,ELG,0.29220600,0.833379,1.0000
TG00002517,T00011,ELG,0.37552714,1.251080,1.0000
TG00002518,T00011,ELG,0.89642031,0.499394,1.0000
TG00002519,T00011,ELG,0.27679506,1.644769,1.0000
TG00002520,T00011,ELG,0.52251682,1.483281,1.0000
TG00002521,T00011,ELG,0.30434755,1.015644,1.0000
TG00002522,T00011,ELG,0.26978976,0.950084,1.0000
TG00002523,T00011,ELG,0.72678920,1.371506,1.0000
TG00002524,T00011,ELG,0.63319301,1.087096,1.0000
TG00002525,T00011,ELG,0.15547602,1.427134,1.0000
TG00002526,T00011,ELG,0.91918539,1.259615,1.0000
TG00002527,T00011,ELG,0.75407955,1.188313,1.0000
TG00002528,T00011,ELG,0.26801733,0.820604,1.0000
TG00002529,T00011,ELG,0.35290037,1.049741,1.0000
TG00002530,T00011,ELG,0.76692115,1.179101,1.0000
TG00002531,T00011,ELG,0.44656298,0.783043,1.0000
TG00002532,T00011,ELG,0.23941958,0.968850,1.0000
TG00002533,T00011,ELG,0.86595438,0.918771,1.0000
TG00002534,T00011,ELG,0.43648270,1.564705,1.0000
TG00002535,T00011,ELG,1.05376796,1.173369,1.0000
TG00002536,T00011,ELG,0.98034178,1.234117,1.0000
TG00002537,T00011,ELG,0.33045500,1.000905,1.0000
TG00002538,T00011,ELG,0.61830870,1.096574,1.0000
TG00002539,T00011,ELG,0.36408925,0.941700,1.0000
TG00002540,T00011,ELG,0.54422834,0.759704,1.0000
TG00002541,T00011,QSO,0.25387487,2.790734,1.7000
TG00002542,T00011,QSO,0.40945210,3.504198,1.7000
TG00002543,T00011,QSO,0.14144311,2.092090,1.7000
TG00002544,T00011,QSO,0.23606859,3.003940,1.7000
TG00002545,T00011,QSO,0.33803062,2.533704,1.7000
TG00002546,T00011,QSO,0.24993858,2.438981,1.7000
TG00002547,T00011,QSO,0.12143705,2.376742,1.7000
TG00002548,T00011,QSO,0.14846605,4.008377,1.7000
TG00002549,T00011,QSO,0.12250023,2.760398,1.7000
TG00002550,T00011,QSO,0.19399179,1.881246,1.7000
TG00002551,T00011,QSO,0.09868226,2.796853,1.7000
TG00002552,T00011,QSO,0.25292348,0.911409,1.7000
TG00002553,T00011,QSO,0.07078960,2.016966,1.7000
TG00002554,T00011,QSO,0.06565569,1.740409,1.7000
TG00002555,T00011,QSO,0.14629284,1.600681,1.7000
TG00002556,T00011,QSO,0.14445147,2.390342,1.7000
TG00002557,T00011,QSO,0.38590750,1.398503,1.7000
TG00002558,T00011,QSO,0.24799091,0.000000,1.7000
TG00002559,T00011,QSO,0.21103496,3.202806,1.7000
TG00002560,T00011,QSO,0.20839432,3.816273,1.7000
TG00002561,T00011,QSO,0.10486852,0.930177,1.7000
TG00002562,T00011,BGS,1.24031675,0.155087,0.4500
TG00002563,T00011,BGS,1.28665763,0.284242,0.4500
TG00002564,T00011,BGS,1.07987077,0.245397,0.4500
TG00002565,T00011,BGS,1.24424288,0.161120,0.4500
TG00002566,T00011,BGS,1.16906084,0.399704,0.4500
TG00002567,T00011,BGS,1.53847110,0.243403,0.4500
TG00002568,T00011,BGS,2.04351519,0.284363,0.4500
TG00002569,T00011,BGS,0.96773183,0.260028,0.4500
TG00002570,T00011,BGS,0.84931111,0.171399,0.4500
TG00002571,T00011,BGS,0.78116987,0.167662,0.4500
TG00002572,T00011,BGS,1.14512823,0.166838,0.4500
TG00002573,T00011,BGS,1.53558227,0.228982,0.4500
TG00002574,T00011,BGS,1.03274200,0.206671,0.4500
TG00002575,T00011,BGS,1.45181788,0.183822,0.4500
TG00002576,T00011,BGS,1.24260179,0.299663,0.4500
TG00002577,T00011,BGS,1.21287406,0.191562,0.4500
TG00002578,T00011,BGS,1.44128860,0.051460,0.4500
TG00002579,T00011,BGS,1.05557947,0.189626,0.4500
TG00002580,T00011,BGS,0.97577798,0.225774,0.4500
TG00002581,T00011,BGS,1.32922948,0.158366,0.4500
TG00002582,T00011,BGS,1.44275810,0.350808,0.4500
TG00002583,T00011,BGS,1.82859779,0.121333,0.4500
TG00002584,T00011,BGS,2.11480637,0.214598,0.4500
TG00002585,T00011,BGS,1.15095871,0.191182,0.4500
TG00002586,T00011,BGS,1.16855263,0.302145,0.4500
TG00002587,T00011,BGS,1.85123799,0.195449,0.4500
TG00002588,T00011,BGS,1.63501847,0.351965,0.4500
TG00002589,T00011,BGS,0.99160528,0.226943,0.4500
TG00002590,T00011,BGS,0.78107597,0.263711,0.4500
TG00002591,T00011,BGS,0.98954439,0.128146,0.4500
TG00002592,T00011,BGS,1.39992984,0.338721,0.4500
TG00002593,T00011,BGS,1.42917286,0.308891,0.4500
TG00002594,T00011,BGS,1.20755145,0.255628,0.4500
TG00002595,T00011,BGS,0.77199844,0.149227,0.4500
TG00002596,T00011,BGS,1.31272446,0.272050,0.4500
TG00002597,T00011,BGS,1.37392631,0.265140,0.4500
TG00002598,T00011,BGS,0.56245531,0.090773,0.4500
TG00002599,T00011,BGS,1.04091192,0.313479,0.4500
TG00002600,T00011,BGS,1.07213556,0.278081,0.4500
TG00002601,T00011,BGS,1.60577329,0.312491,0.4500
TG00002602,T00011,BGS,1.88881911,0.303090,0.4500
TG00002603,T00011,BGS,1.45629586,0.117658,0.4500
TG00002604,T00011,BGS,0.94444929,0.285565,0.4500
TG00002605,T00011,BGS,1.02858208,0.317108,0.4500
TG00002606,T00011,BGS,1.38952081,0.360014,0.4500
TG00002607,T00011,BGS,1.22411602,0.101910,0.4500
TG00002608,T00011,BGS,1.21697381,0.265170,0.4500
TG00002609,T00011,BGS,1.09375712,0.272276,0.4500
TG00002610,T00011,BGS,1.24442539,0.161898,0.4500
TG00002611,T00011,BGS,1.57547764,0.166632,0.4500
TG00002612,T00011,BGS,1.59926709,0.268666,0.4500
TG00002613,T00011,BGS,1.29851070,0.366541,0.4500
TG00002614,T00011,BGS,1.10625085,0.107073,0.4500
TG00002615,T00011,BGS,1.94347552,0.273190,0.4500
TG00002616,T00011,BGS,1.46511532,0.103450,0.4500
TG00002617,T00011,BGS,1.64652943,0.200794,0.4500
TG00002618,T00011,BGS,1.03163259,0.108922,0.4500
TG00002619,T00011,BGS,1.51937648,0.018985,0.4500
TG00002620,T00011,BGS,1.79172667,0.216450,0.4500
TG00002621,T00011,BGS,1.22967430,0.315893,0.4500
TG00002622,T00011,BGS,0.92906317,0.227807,0.4500
TG00002623,T00011,BGS,1.71318095,0.149579,0.4500
TG00002624,T00011,BGS,1.16050204,0.237380,0.4500
TG00002625,T00011,BGS,1.68428548,0.248984,0.4500
TG00002626,T00011,BGS,1.30260168,0.211830,0.4500
TG00002627,T00011,BGS,1.22423325,0.252870,0.4500
TG00002628,T00012,LRG,0.21953642,0.698409,1.0000
TG00002629,T00012,LRG,0.16711659,0.975910,1.0000
TG00002630,T00012,LRG,0.97916634,0.901326,1.0000
TG00002631,T00012,LRG,0.23764543,0.792092,1.0000
TG00002632,T00012,LRG,0.39045831,0.597022,1.0000
TG00002633,T00012,LRG,0.90081129,0.815096,1.0000
TG00002634,T00012,LRG,0.34731517,0.853371,1.0000
TG00002635,T00012,LRG,0.35869131,0.606667,1.0000
TG00002636,T00012,LRG,0.31455410,0.648907,1.0000
TG00002637,T00012,LRG,0.30881908,0.477291,1.0000
TG00002638,T00012,LRG,0.42505135,0.632004,1.0000
TG00002639,T00012,LRG,0.41584142,0.723790,1.0000
TG00002640,T00012,LRG,0.24999210,0.685580,1.0000
TG00002641,T00012,LRG,0.28761855,0.638745,1.0000
TG00002642,T00012,LRG,0.46794901,0.651650,1.0000
TG00002643,T00012,LRG,0.16832859,0.964497,1.0000
TG00002644,T00012,LRG,0.62692048,0.834044,1.0000
TG00002645,T00012,LRG,0.20512453,0.693817,1.0000
TG00002646,T00012,LRG,0.25352696,0.614124,1.0000
TG00002647,T00012,LRG,0.40851038,0.536433,1.0000
TG00002648,T00012,LRG,0.32917093,0.488066,1.0000
TG00002649,T00012,LRG,0.66386930,0.690071,1.0000
TG00002650,T00012,LRG,0.26688081,0.231299,1.0000
TG00002651,T00012,LRG,0.26944484,0.826865,1.0000
TG00002652,T00012,LRG,0.13902369,0.441816,1.0000
TG00002653,T00012,LRG,0.41471867,0.847334,1.0000
TG00002654,T00012,LRG,0.33760139,0.836808,1.0000
TG00002655,T00012,LRG,0.52024216,0.736867,1.0000
TG00002656,T00012,LRG,0.61327364,0.436083,1.0000
TG00002657,T00012,LRG,0.12446640,0.808403,1.0000
TG00002658,T00012,LRG,0.51650274,0.710278,1.0000
TG00002659,T00012,LRG,0.31102661,0.736275,1.0000
TG00002660,T00012,LRG,0.32140774,0.788118,1.0000
TG00002661,T00012,LRG,0.32150817,0.678432,1.0000
TG00002662,T00012,LRG,0.40383479,0.669983,1.0000
TG00002663,T00012,LRG,0.35255720,0.585541,1.0000
TG00002664,T00012,LRG,0.25438237,0.633337,1.0000
TG00002665,T00012,LRG,0.89887950,0.962770,1.0000
TG00002666,T00012,LRG,0.53929515,0.498801,1.0000
TG00002667,T00012,LRG,0.38932221,0.738337,1.0000
TG00002668,T00012,LRG,0.37878001,0.574086,1.0000
TG00002669,T00012,LRG,0.30556527,0.345405,1.0000
TG00002670,T00012,LRG,0.26910120,0.559492,1.0000
TG00002671,T00012,LRG,0.53567730,0.834649,1.0000
TG00002672,T00012,LRG,0.37983740,0.720062,1.0000
TG00002673,T00012,LRG,0.25736880,0.735605,1.0000
TG00002674,T00012,LRG,0.35150900,0.840538,1.0000
TG00002675,T00012,LRG,0.33117841,0.703001,1.0000
TG00002676,T00012,LRG,0.46608926,0.453276,1.0000
TG00002677,T00012,LRG,0.37022582,0.841541,1.0000
TG00002678,T00012,LRG,0.38545239,0.860906,1.0000
TG00002679,T00012,LRG,0.41440206,0.575618,1.0000
TG00002680,T00012,LRG,0.36477346,0.407503,1.0000
TG00002681,T00012,LRG,0.47253711,0.884058,1.0000
TG00002682,T00012,LRG,0.31182273,0.970981,1.0000
TG00002683,T00012,LRG,0.52517378,1.057037,1.0000
TG00002684,T00012,LRG,0.39481934,0.768206,1.0000
TG00002685,T00012,LRG,0.37413193,0.887850,1.0000
TG00002686,T00012,ELG,0.59356419,0.652782,1.0000
TG00002687,T00012,ELG,0.26886858,1.376079,1.0000
TG00002688,T00012,ELG,1.67736598,0.729369,1.0000
TG00002689,T00012,ELG,0.25771015,1.143690,1.0000
TG00002690,T00012,ELG,0.63730505,1.392934,1.0000
TG00002691,T00012,ELG,0.76015083,1.181268,1.0000
TG00002692,T00012,ELG,0.33268005,1.066282,1.0000
TG00002693,T00012,ELG,0.53743895,1.503781,1.0000
TG00002694,T00012,ELG,0.37708755,0.832252,1.0000
TG00002695,T00012,ELG,0.49904174,1.251190,1.0000
TG00002696,T00012,ELG,0.51381928,0.894593,1.0000
TG00002697,T00012,ELG,0.62665930,1.493462,1.0000
TG00002698,T00012,ELG,0.42777390,0.880902,1.0000
TG00002699,T00012,ELG,0.50993463,1.059945,1.0000
TG00002700,T00012,ELG,0.48811914,1.181755,1.0000
TG00002701,T00012,ELG,0.64212536,0.902465,1.0000
TG00002702,T00012,ELG,0.57890931,0.920206,1.0000
TG00002703,T00012,ELG,0.44256128,1.264698,1.0000
TG00002704,T00012,ELG,1.35427112,1.361139,1.0000
TG00002705,T00012,ELG,0.48912265,0.846720,1.0000
TG00002706,T00012,ELG,0.81894976,1.138999,1.0000
TG00002707,T00012,ELG,0.27600023,1.500065,1.0000
TG00002708,T00012,ELG,0.26599363,1.523839,1.0000
TG00002709,T00012,ELG,1.25786196,0.781186,1.0000
TG00002710,T00012,ELG,0.75696164,1.282117,1.0000
TG00002711,T00012,ELG,0.33407069,0.935977,1.0000
TG00002712,T00012,ELG,1.08089246,0.790217,1.0000
TG00002713,T00012,ELG,0.25249910,1.366117,1.0000
TG00002714,T00012,ELG,0.89363705,0.975928,1.0000
TG00002715,T00012,ELG,0.88231710,0.599805,1.0000
TG00002716,T00012,ELG,0.44483825,1.331487,1.0000
TG00002717,T00012,ELG,0.62569943,1.302693,1.0000
TG00002718,T00012,ELG,0.63862903,0.969545,1.0000
TG00002719,T00012,ELG,0.53505329,1.183228,1.0000
TG00002720,T00012,ELG,0.86754611,1.207956,1.0000
TG00002721,T00012,ELG,0.24369495,1.303616,1.0000
TG00002722,T00012,ELG,1.53441545,0.930073,1.0000
TG00002723,T00012,ELG,0.40458549,1.279099,1.0000
TG00002724,T00012,ELG,0.76373037,0.991587,1.0000
TG00002725,T00012,ELG,0.53457041,1.223659,1.0000
TG00002726,T00012,ELG,0.53864938,1.525394,1.0000
TG00002727,T00012,ELG,0.73262289,0.993741,1.0000
TG00002728,T00012,ELG,0.36930945,1.405086,1.0000
TG00002729,T00012,ELG,0.69083280,0.877636,1.0000
TG00002730,T00012,ELG,1.07836226,1.503654,1.0000
TG00002731,T00012,ELG,0.70000516,1.004263,1.0000
TG00002732,T00012,ELG,0.55165904,1.134319,1.0000
TG00002733,T00012,ELG,0.47762020,0.862983,1.0000
TG00002734,T00012,ELG,0.55689751,1.053590,1.0000
TG00002735,T00012,ELG,1.03898536,1.032821,1.0000
TG00002736,T00012,ELG,0.26285730,1.088727,1.0000
TG00002737,T00012,ELG,0.77751200,1.378335,1.0000
TG00002738,T00012,ELG,0.45759528,1.059734,1.0000
TG00002739,T00012,ELG,0.57598627,0.984498,1.0000
TG00002740,T00012,ELG,0.44618187,1.248163,1.0000
TG00002741,T00012,ELG,0.51553546,0.806044,1.0000
TG00002742,T00012,ELG,0.73162987,1.471685,1.0000
TG00002743,T00012,ELG,1.36873922,1.194873,1.0000
TG00002744,T00012,ELG,0.42831425,1.187346,1.0000
TG00002745,T00012,ELG,0.50962774,1.899715,1.0000
TG00002746,T00012,ELG,0.89615444,1.048651,1.0000
TG00002747,T00012,ELG,0.55912700,1.396281,1.0000
TG00002748,T00012,ELG,0.31775336,1.405410,1.0000
TG00002749,T00012,ELG,0.25066746,1.088680,1.0000
TG00002750,T00012,ELG,0.43278450,1.345832,1.0000
TG00002751,T00012,ELG,0.71721426,1.297491,1.0000
TG00002752,T00012,ELG,0.51067521,0.985582,1.0000
TG00002753,T00012,ELG,1.15883868,0.869461,1.0000
TG00002754,T00012,ELG,1.30106180,1.257405,1.0000
TG00002755,T00012,ELG,0.59078622,1.140141,1.0000
TG00002756,T00012,ELG,0.69437724,0.529293,1.0000
TG00002757,T00012,ELG,0.56758860,1.231940,1.0000
TG00002758,T00012,ELG,0.59442737,0.964620,1.0000
TG00002759,T00012,ELG,0.87592610,1.819711,1.0000
TG00002760,T00012,ELG,0.37960332,0.953007,1.0000
TG00002761,T00012,ELG,0.56936563,1.199745,1.0000
TG00002762,T00012,ELG,0.34683652,1.302460,1.0000
TG00002763,T00012,ELG,0.93299110,0.715713,1.0000
TG00002764,T00012,ELG,1.06032348,1.336703,1.0000
TG00002765,T00012,ELG,0.41679272,0.643885,1.0000
TG00002766,T00012,ELG,0.42617992,1.245869,1.0000
TG00002767,T00012,ELG,0.49183577,0.961904,1.0000
TG00002768,T00012,ELG,0.31061638,1.049895,1.0000
TG00002769,T00012,ELG,0.82044902,1.007899,1.0000
TG00002770,T00012,ELG,0.55584838,1.311212,1.0000
TG00002771,T00012,ELG,0.99718283,1.034181,1.0000
TG00002772,T00012,ELG,0.65185136,1.123690,1.0000
TG00002773,T00012,ELG,0.35090922,1.482228,1.0000
TG00002774,T00012,ELG,0.35785261,1.166994,1.0000
TG00002775,T00012,ELG,0.36209669,0.934752,1.0000
TG00002776,T00012,ELG,0.61468314,1.075177,1.0000
TG00002777,T00012,ELG,0.19724941,1.003701,1.0000
TG00002778,T00012,ELG,0.39722318,1.526283,1.0000
TG00002779,T00012,ELG,0.55135197,0.787634,1.0000
TG00002780,T00012,ELG,0.47565453,1.484751,1.0000
TG00002781,T00012,ELG,0.90867622,1.089861,1.0000
TG00002782,T00012,ELG,0.27743424,0.901776,1.0000
TG00002783,T00012,ELG,0.47566006,1.262304,1.0000
TG00002784,T00012,QSO,0.10332414,2.541241,1.7000
TG00002785,T00012,QSO,0.18268353,2.283953,1.7000
TG00002786,T00012,QSO,0.13941582,2.229774,1.7000
TG00002787,T00012,QSO,0.21102575,2.185504,1.7000
TG00002788,T00012,QSO,0.37588145,1.234669,1.7000
TG00002789,T00012,QSO,0.74459956,2.585552,1.7000
TG00002790,T00012,QSO,0.13652647,2.397860,1.7000
TG00002791,T00012,QSO,0.24843036,2.045177,1.7000
TG00002792,T00012,QSO,0.14042463,3.336036,1.7000
TG00002793,T00012,QSO,0.29224470,3.460339,1.7000
TG00002794,T00012,QSO,0.35817133,1.945107,1.7000
TG00002795,T00012,QSO,0.21520617,1.863432,1.7000
TG00002796,T00012,QSO,0.26220588,1.719271,1.7000
TG00002797,T00012,QSO,0.28634581,1.408475,1.7000
TG00002798,T00012,QSO,0.26905469,3.007396,1.7000
TG00002799,T00012,BGS,1.32516501,0.164125,0.4500
TG00002800,T00012,BGS,1.73555840,0.320211,0.4500
TG00002801,T00012,BGS,1.14064091,0.118182,0.4500
TG00002802,T00012,BGS,0.97526303,0.323972,0.4500
TG00002803,T00012,BGS,2.04220438,0.109735,0.4500
TG00002804,T00012,BGS,0.90080214,0.456343,0.4500
TG00002805,T00012,BGS,1.14340667,0.286739,0.4500
TG00002806,T00012,BGS,1.17634776,0.231838,0.4500
TG00002807,T00012,BGS,2.06825227,0.358007,0.4500
TG00002808,T00012,BGS,1.43063665,0.185430,0.4500
TG00002809,T00012,BGS,1.50118639,0.193581,0.4500
TG00002810,T00012,BGS,2.14120828,0.278205,0.4500
TG00002811,T00012,BGS,1.39423167,0.218786,0.4500
TG00002812,T00012,BGS,2.14711868,0.210441,0.4500
TG00002813,T00012,BGS,1.10240105,0.380128,0.4500
TG00002814,T00012,BGS,0.92212924,0.227700,0.4500
TG00002815,T00012,BGS,1.25492335,0.271103,0.4500
TG00002816,T00012,BGS,0.60837993,0.230760,0.4500
TG00002817,T00012,BGS,1.83977615,0.244647,0.4500
TG00002818,T00012,BGS,1.31637970,0.247331,0.4500
TG00002819,T00012,BGS,1.27969547,0.314028,0.4500
TG00002820,T00012,BGS,1.81211953,0.218013,0.4500
TG00002821,T00012,BGS,1.62159229,0.159287,0.4500
TG00002822,T00012,BGS,0.59739265,0.020780,0.4500
TG00002823,T00012,BGS,1.36815662,0.202986,0.4500
TG00002824,T00012,BGS,1.07001175,0.114143,0.4500
TG00002825,T00012,BGS,1.39454578,0.314913,0.4500
TG00002826,T00012,BGS,1.50284124,0.318189,0.4500
TG00002827,T00012,BGS,2.03277941,0.314916,0.4500
TG00002828,T00012,BGS,1.35519195,0.229588,0.4500
TG00002829,T00012,BGS,1.72228093,0.383744,0.4500
TG00002830,T00012,BGS,2.13919785,0.274119,0.4500
TG00002831,T00012,BGS,1.27373112,0.311039,0.4500
TG00002832,T00012,BGS,1.05773061,0.115275,0.4500
TG00002833,T00012,BGS,1.16443758,0.292254,0.4500
TG00002834,T00012,BGS,0.65532587,0.173644,0.4500
TG00002835,T00012,BGS,1.39764285,0.075839,0.4500
TG00002836,T00012,BGS,1.23574604,0.214404,0.4500
TG00002837,T00012,BGS,1.28709775,0.209139,0.4500
TG00002838,T00012,BGS,0.61501429,0.132697,0.4500
TG00002839,T00012,BGS,0.70890020,0.197097,0.4500
TG00002840,T00012,BGS,1.41163915,0.337633,0.4500
TG00002841,T00012,BGS,1.33786515,0.378659,0.4500
TG00002842,T00012,BGS,1.03369231,0.176033,0.4500
TG00002843,T00012,BGS,1.90285189,0.441521,0.4500
TG00002844,T00012,BGS,1.75385694,0.364028,0.4500
TG00002845,T00012,BGS,1.33255458,0.263907,0.4500
TG00002846,T00012,BGS,1.18524583,0.373331,0.4500
TG00002847,T00012,BGS,0.96969350,0.243583,0.4500
TG00002848,T00012,BGS,0.96760019,0.189687,0.4500
TG00002849,T00012,BGS,0.87080729,0.252324,0.4500
TG00002850,T00012,BGS,1.53331123,0.174004,0.4500
TG00002851,T00012,BGS,0.86470337,0.206537,0.4500
TG00002852,T00012,BGS,1.42410640,0.210300,0.4500
TG00002853,T00012,BGS,1.31620388,0.268442,0.4500
TG00002854,T00012,BGS,0.76793027,0.209749,0.4500
TG00002855,T00012,BGS,1.64401796,0.191695,0.4500
TG00002856,T00012,BGS,1.22196344,0.346321,0.4500
TG00002857,T00012,BGS,1.76771622,0.242917,0.4500
TG00002858,T00012,BGS,1.58299285,0.283748,0.4500
TG00002859,T00012,BGS,1.21893672,0.260253,0.4500
TG00002860,T00012,BGS,1.37484335,0.322225,0.4500
TG00002861,T00012,BGS,0.67363206,0.051417,0.4500
TG00002862,T00012,BGS,1.18248788,0.211576,0.4500
TG00002863,T00012,BGS,1.31753107,0.332488,0.4500
TG00002864,T00012,BGS,1.38053439,0.152760,0.4500
TG00002865,T00012,BGS,1.78120667,0.220941,0.4500
TG00002866,T00012,BGS,1.53070495,0.189588,0.4500
TG00002867,T00012,BGS,1.42320845,0.253377,0.4500
TG00002868,T00012,BGS,0.83284537,0.209467,0.4500
TG00002869,T00012,BGS,1.81966337,0.329488,0.4500
TG00002870,T00012,BGS,1.45329178,0.206987,0.4500
TG00002871,T00012,BGS,1.20779540,0.229843,0.4500
TG00002872,T00012,BGS,1.53605415,0.265719,0.4500
TG00002873,T00012,BGS,1.28343660,0.187725,0.4500
TG00002874,T00012,BGS,1.08881594,0.169989,0.4500
TG00002875,T00012,BGS,1.47063827,0.211131,0.4500
TG00002876,T00012,BGS,1.85128413,0.166340,0.4500
TG00002877,T00012,BGS,0.97682322,0.165641,0.4500
TG00002878,T00012,BGS,1.05768832,0.154143,0.4500
TG00002879,T00013,LRG,1.14882554,0.646038,1.0000
TG00002880,T00013,LRG,0.32883699,0.684875,1.0000
TG00002881,T00013,LRG,0.35430848,0.436003,1.0000
TG00002882,T00013,LRG,0.32989330,1.024854,1.0000
TG00002883,T00013,LRG,0.37263368,0.807197,1.0000
TG00002884,T00013,LRG,0.28182989,0.904481,1.0000
TG00002885,T00013,LRG,0.37778135,0.830471,1.0000
TG00002886,T00013,LRG,0.45570014,1.021877,1.0000
TG00002887,T00013,LRG,0.40214786,0.639470,1.0000
TG00002888,T00013,LRG,0.24511009,1.135867,1.0000
TG00002889,T00013,LRG,0.26330053,0.589169,1.0000
TG00002890,T00013,LRG,0.22797088,0.746110,1.0000
TG00002891,T00013,LRG,0.29470896,0.625276,1.0000
TG00002892,T00013,LRG,0.46032234,0.539984,1.0000
TG00002893,T00013,LRG,0.41588188,0.677468,1.0000
TG00002894,T00013,LRG,0.56214775,0.929366,1.0000
TG00002895,T00013,LRG,0.29051539,0.653978,1.0000
TG00002896,T00013,LRG,0.25490939,0.745212,1.0000
TG00002897,T00013,LRG,0.47446754,0.578213,1.0000
TG00002898,T00013,LRG,0.48028774,0.739447,1.0000
TG00002899,T00013,LRG,0.25930986,0.825782,1.0000
TG00002900,T00013,LRG,0.32677288,0.701637,1.0000
TG00002901,T00013,LRG,0.39184736,0.566342,1.0000
TG00002902,T00013,LRG,0.25323835,0.661042,1.0000
TG00002903,T00013,LRG,0.42443703,1.133450,1.0000
TG00002904,T00013,LRG,0.45442778,0.679897,1.0000
TG00002905,T00013,LRG,0.38630478,0.641515,1.0000
TG00002906,T00013,LRG,0.46513646,0.913362,1.0000
TG00002907,T00013,LRG,0.40019089,0.651742,1.0000
TG00002908,T00013,LRG,0.74874431,0.498899,1.0000
TG00002909,T00013,LRG,0.59379244,0.838455,1.0000
TG00002910,T00013,LRG,0.15739641,0.778807,1.0000
TG00002911,T00013,LRG,0.48593641,0.851825,1.0000
TG00002912,T00013,LRG,0.17878638,0.705614,1.0000
TG00002913,T00013,LRG,0.38467109,0.621546,1.0000
TG00002914,T00013,LRG,0.81025993,0.916623,1.0000
TG00002915,T00013,LRG,0.36016577,0.790660,1.0000
TG00002916,T00013,LRG,0.27822096,1.066879,1.0000
TG00002917,T00013,LRG,0.24727483,0.794433,1.0000
TG00002918,T00013,LRG,0.90799521,0.564689,1.0000
TG00002919,T00013,LRG,0.27876896,0.620570,1.0000
TG00002920,T00013,LRG,0.39972346,0.615579,1.0000
TG00002921,T00013,LRG,0.25199335,0.680716,1.0000
TG00002922,T00013,LRG,0.24751116,0.403765,1.0000
TG00002923,T00013,LRG,0.18273165,0.808819,1.0000
TG00002924,T00013,LRG,0.25508531,0.648485,1.0000
TG00002925,T00013,LRG,0.20888064,0.758757,1.0000
TG00002926,T00013,LRG,0.13231406,0.866833,1.0000
TG00002927,T00013,LRG,0.43674499,0.544708,1.0000
TG00002928,T00013,LRG,0.24808030,0.606919,1.0000
TG00002929,T00013,LRG,0.32451339,1.079942,1.0000
TG00002930,T00013,LRG,0.45407343,0.503025,1.0000
TG00002931,T00013,LRG,0.43961374,0.860574,1.0000
TG00002932,T00013,LRG,0.40663687,0.833615,1.0000
TG00002933,T00013,LRG,0.31174940,0.519330,1.0000
TG00002934,T00013,LRG,0.32249424,0.479743,1.0000
TG00002935,T00013,LRG,0.17642437,0.666580,1.0000
TG00002936,T00013,LRG,0.28285363,0.825333,1.0000
TG00002937,T00013,LRG,0.34821585,0.642644,1.0000
TG00002938,T00013,ELG,0.57005780,0.804704,1.0000
TG00002939,T00013,ELG,0.63585175,0.681883,1.0000
TG00002940,T00013,ELG,0.37849160,2.010274,1.0000
TG00002941,T00013,ELG,0.65907327,1.076142,1.0000
TG00002942,T00013,ELG,0.66901056,1.436668,1.0000
TG00002943,T00013,ELG,0.56964351,0.514831,1.0000
TG00002944,T00013,ELG,0.51646752,1.146779,1.0000
TG00002945,T00013,ELG,0.41877767,1.063545,1.0000
TG00002946,T00013,ELG,0.45521621,1.661367,1.0000
TG00002947,T00013,ELG,0.50063228,1.096047,1.0000
TG00002948,T00013,ELG,0.35392960,1.568231,1.0000
TG00002949,T00013,ELG,0.65557481,1.175496,1.0000
TG00002950,T00013,ELG,0.41802890,1.062361,1.0000
TG00002951,T00013,ELG,0.45761478,1.073613,1.0000
TG00002952,T00013,ELG,0.42434448,0.975491,1.0000
TG00002953,T00013,ELG,0.63443697,1.602607,1.0000
TG00002954,T00013,ELG,0.47332232,0.655616,1.0000
TG00002955,T00013,ELG,0.56986908,1.254457,1.0000
TG00002956,T00013,ELG,0.71879011,1.319055,1.0000
TG00002957,T00013,ELG,0.44197828,0.801549,1.0000
TG00002958,T00013,ELG,0.36160566,1.491715,1.0000
TG00002959,T00013,ELG,0.43990587,1.136593,1.0000
TG00002960,T00013,ELG,0.30844188,1.267004,1.0000
TG00002961,T00013,ELG,0.69377076,1.421571,1.0000
TG00002962,T00013,ELG,0.26560535,1.418141,1.0000
TG00002963,T00013,ELG,0.92612889,1.156282,1.0000
TG00002964,T00013,ELG,0.40971688,0.730946,1.0000
TG00002965,T00013,ELG,0.84020267,0.956761,1.0000
TG00002966,T00013,ELG,0.66774030,1.301153,1.0000
TG00002967,T00013,ELG,0.47717497,0.872074,1.0000
TG00002968,T00013,ELG,0.74563212,0.860369,1.0000
TG00002969,T00013,ELG,0.85713168,1.171133,1.0000
TG00002970,T00013,ELG,0.81188398,1.155415,1.0000
TG00002971,T00013,ELG,0.74410048,1.276107,1.0000
TG00002972,T00013,ELG,0.65318360,1.201239,1.0000
TG00002973,T00013,ELG,0.73819340,1.356473,1.0000
TG00002974,T00013,ELG,0.89756539,1.088215,1.0000
TG00002975,T00013,ELG,0.40086475,1.364932,1.0000
TG00002976,T00013,ELG,0.77249709,0.981657,1.0000
TG00002977,T00013,ELG,0.35069520,0.883153,1.0000
TG00002978,T00013,ELG,1.23761197,1.457686,1.0000
TG00002979,T00013,ELG,0.71886622,0.625251,1.0000
TG00002980,T00013,ELG,0.59246305,0.749003,1.0000
TG00002981,T00013,ELG,1.26254174,1.202887,1.0000
TG00002982,T00013,ELG,0.55139801,1.401978,1.0000
TG00002983,T00013,ELG,0.29969611,0.752571,1.0000
TG00002984,T00013,ELG,0.76212849,0.666056,1.0000
TG00002985,T00013,ELG,0.51133595,0.953126,1.0000
TG00002986,T00013,ELG,0.52032433,0.815112,1.0000
TG00002987,T00013,ELG,0.70601139,1.704917,1.0000
TG00002988,T00013,ELG,0.43900662,0.968769,1.0000
TG00002989,T00013,ELG,0.94983357,0.881887,1.0000
TG00002990,T00013,ELG,0.39454495,1.335233,1.0000
TG00002991,T00013,ELG,1.27688659,1.336742,1.0000
TG00002992,T00013,ELG,0.33972438,0.880862,1.0000
TG00002993,T00013,ELG,0.58779693,0.610576,1.0000
TG00002994,T00013,ELG,0.80560455,1.357687,1.0000
TG00002995,T00013,ELG,0.44548714,1.320297,1.0000
TG00002996,T00013,ELG,0.70864918,0.986646,1.0000
TG00002997,T00013,ELG,0.69626997,1.091011,1.0000
TG00002998,T00013,ELG,0.40180340,0.787463,1.0000
TG00002999,T00013,ELG,0.70140986,1.542188,1.0000
TG00003000,T00013,ELG,0.46995243,1.086257,1.0000
TG00003001,T00013,ELG,0.37599502,1.085629,1.0000
TG00003002,T00013,ELG,1.11232957,1.114057,1.0000
TG00003003,T00013,ELG,0.71689601,1.869070,1.0000
TG00003004,T00013,ELG,0.60881980,1.097722,1.0000
TG00003005,T00013,ELG,0.46258865,1.109838,1.0000
TG00003006,T00013,ELG,0.38028759,0.630952,1.0000
TG00003007,T00013,ELG,0.74171365,1.123476,1.0000
TG00003008,T00013,ELG,0.81280011,0.794801,1.0000
TG00003009,T00013,ELG,0.24703498,1.313624,1.0000
TG00003010,T00013,ELG,0.90560341,1.206680,1.0000
TG00003011,T00013,ELG,0.67572865,0.831070,1.0000
TG00003012,T00013,ELG,0.75253944,1.501172,1.0000
TG00003013,T00013,ELG,0.77111779,0.888802,1.0000
TG00003014,T00013,ELG,0.46084303,0.983694,1.0000
TG00003015,T00013,ELG,1.52784264,0.992067,1.0000
TG00003016,T00013,ELG,0.48506498,1.344808,1.0000
TG00003017,T00013,ELG,0.25836597,0.832448,1.0000
TG00003018,T00013,ELG,0.42667479,1.250706,1.0000
TG00003019,T00013,ELG,0.63285017,1.034584,1.0000
TG00003020,T00013,ELG,0.23647168,1.175482,1.0000
TG00003021,T00013,ELG,0.51482912,1.543174,1.0000
TG00003022,T00013,ELG,1.26232397,1.578262,1.0000
TG00003023,T00013,ELG,0.76497711,0.281372,1.0000
TG00003024,T00013,ELG,1.17393925,1.004181,1.0000
TG00003025,T00013,ELG,0.78086718,1.099789,1.0000
TG00003026,T00013,ELG,0.38889629,1.178129,1.0000
TG00003027,T00013,ELG,0.72669087,1.172027,1.0000
TG00003028,T00013,ELG,0.47079547,1.056798,1.0000
TG00003029,T00013,ELG,0.22233799,1.111814,1.0000
TG00003030,T00013,ELG,0.57981143,1.284352,1.0000
TG00003031,T00013,ELG,0.27940943,1.048174,1.0000
TG00003032,T00013,ELG,0.60146666,1.214960,1.0000
TG00003033,T00013,ELG,0.54875096,1.345000,1.0000
TG00003034,T00013,ELG,0.63186208,0.883538,1.0000
TG00003035,T00013,ELG,0.79752801,0.753898,1.0000
TG00003036,T00013,ELG,0.45930442,0.827367,1.0000
TG00003037,T00013,ELG,0.87244438,0.656838,1.0000
TG00003038,T00013,ELG,0.52342314,0.646094,1.0000
TG00003039,T00013,ELG,0.59761994,0.946398,1.0000
TG00003040,T00013,ELG,0.52225033,1.057842,1.0000
TG00003041,T00013,ELG,0.35909960,0.978944,1.0000
TG00003042,T00013,ELG,0.79872732,0.766250,1.0000
TG00003043,T00013,ELG,0.39409439,1.387076,1.0000
TG00003044,T00013,ELG,0.54613999,1.187808,1.0000
TG00003045,T00013,ELG,0.72840431,0.983154,1.0000
TG00003046,T00013,ELG,0.34502337,1.273467,1.0000
TG00003047,T00013,QSO,0.12070268,1.572188,1.7000
TG00003048,T00013,QSO,0.27203286,1.851869,1.7000
TG00003049,T00013,QSO,0.29186498,1.648860,1.7000
TG00003050,T00013,QSO,0.09896312,2.955204,1.7000
TG00003051,T00013,QSO,0.31458603,1.645089,1.7000
TG00003052,T00013,QSO,0.24217719,1.203210,1.7000
TG00003053,T00013,QSO,0.35538591,2.120211,1.7000
TG00003054,T00013,QSO,0.18107810,2.544103,1.7000
TG00003055,T00013,QSO,0.17624691,1.687169,1.7000
TG00003056,T00013,QSO,0.24741812,2.458375,1.7000
TG00003057,T00013,QSO,0.33242476,1.529930,1.7000
TG00003058,T00013,QSO,0.16056265,2.883229,1.7000
TG00003059,T00013,BGS,0.93530927,0.117684,0.4500
TG00003060,T00013,BGS,1.31279067,0.338913,0.4500
TG00003061,T00013,BGS,1.41617119,0.426282,0.4500
TG00003062,T00013,BGS,0.99441514,0.147346,0.4500
TG00003063,T00013,BGS,0.94857783,0.253299,0.4500
TG00003064,T00013,BGS,1.11133661,0.225976,0.4500
TG00003065,T00013,BGS,1.25996797,0.201795,0.4500
TG00003066,T00013,BGS,1.92836247,0.145115,0.4500
TG00003067,T00013,BGS,1.14909278,0.107514,0.4500
TG00003068,T00013,BGS,1.17406076,0.029983,0.4500
TG00003069,T00013,BGS,1.47449749,0.339474,0.4500
TG00003070,T00013,BGS,1.40621304,0.104559,0.4500
TG00003071,T00013,BGS,1.45166081,0.247410,0.4500
TG00003072,T00013,BGS,1.06314789,0.205280,0.4500
TG00003073,T00013,BGS,1.68941851,0.215105,0.4500
TG00003074,T00013,BGS,1.86888094,0.224891,0.4500
TG00003075,T00013,BGS,1.12720338,0.068210,0.4500
TG00003076,T00013,BGS,1.38167353,0.363307,0.4500
TG00003077,T00013,BGS,0.88465850,0.285121,0.4500
TG00003078,T00013,BGS,1.17187873,0.138583,0.4500
TG00003079,T00013,BGS,0.75350899,0.259765,0.4500
TG00003080,T00013,BGS,1.76981240,0.265157,0.4500
TG00003081,T00013,BGS,1.56669489,0.298347,0.4500
TG00003082,T00013,BGS,0.81627847,0.146499,0.4500
TG00003083,T00013,BGS,1.60188638,0.270515,0.4500
TG00003084,T00013,BGS,1.76268445,0.191838,0.4500
TG00003085,T00013,BGS,1.36393589,0.256864,0.4500
TG00003086,T00013,BGS,0.89871465,0.186832,0.4500
TG00003087,T00013,BGS,0.82864384,0.196401,0.4500
TG00003088,T00013,BGS,1.35508920,0.096886,0.4500
TG00003089,T00013,BGS,0.87629209,0.213552,0.4500
TG00003090,T00013,BGS,0.70695921,0.407529,0.4500
TG00003091,T00013,BGS,0.87324787,0.407909,0.4500
TG00003092,T00013,BGS,1.01599053,0.081090,0.4500
TG00003093,T00013,BGS,2.66692896,0.140428,0.4500
TG00003094,T00013,BGS,1.07273153,0.126637,0.4500
TG00003095,T00013,BGS,0.95476050,0.307420,0.4500
TG00003096,T00013,BGS,1.36036732,0.187357,0.4500
TG00003097,T00013,BGS,1.21923122,0.370999,0.4500
TG00003098,T00013,BGS,2.06331415,0.286048,0.4500
TG00003099,T00013,BGS,1.20462457,0.187619,0.4500
TG00003100,T00013,BGS,0.82543834,0.223571,0.4500
TG00003101,T00013,BGS,0.98286857,0.124194,0.4500
TG00003102,T00013,BGS,1.71742478,0.434882,0.4500
TG00003103,T00013,BGS,1.30339255,0.252146,0.4500
TG00003104,T00013,BGS,1.50211300,0.098542,0.4500
TG00003105,T00013,BGS,0.84530732,0.359710,0.4500
TG00003106,T00013,BGS,1.23454532,0.359413,0.4500
TG00003107,T00013,BGS,1.69340926,0.272747,0.4500
TG00003108,T00013,BGS,1.56140245,0.248770,0.4500
TG00003109,T00013,BGS,1.54954072,0.028158,0.4500
TG00003110,T00013,BGS,1.58489043,0.262828,0.4500
TG00003111,T00013,BGS,1.13703687,0.214468,0.4500
TG00003112,T00013,BGS,1.17700767,0.016031,0.4500
TG00003113,T00013,BGS,0.90186446,0.358443,0.4500
TG00003114,T00013,BGS,0.62135738,0.068942,0.4500
TG00003115,T00013,BGS,0.76977862,0.172511,0.4500
TG00003116,T00013,BGS,1.30690941,0.000000,0.4500
TG00003117,T00013,BGS,1.02407922,0.318461,0.4500
TG00003118,T00013,BGS,1.79843226,0.156745,0.4500
TG00003119,T00013,BGS,1.08362788,0.201758,0.4500
TG00003120,T00013,BGS,1.49221291,0.249350,0.4500
TG00003121,T00013,BGS,0.85272425,0.128443,0.4500
TG00003122,T00013,BGS,1.47420458,0.180298,0.4500
TG00003123,T00013,BGS,0.93325080,0.254712,0.4500
TG00003124,T00013,BGS,0.77208420,0.190656,0.4500
TG00003125,T00013,BGS,1.37856081,0.237846,0.4500
TG00003126,T00013,BGS,1.56327759,0.212025,0.4500
TG00003127,T00013,BGS,1.23829496,0.322382,0.4500
TG00003128,T00013,BGS,1.34993783,0.217247,0.4500
TG00003129,T00013,BGS,0.62071909,0.319834,0.4500
TG00003130,T00013,BGS,1.86723077,0.376362,0.4500
TG00003131,T00013,BGS,1.47414176,0.205142,0.4500
TG00003132,T00013,BGS,1.07475613,0.302129,0.4500
TG00003133,T00013,BGS,1.11315625,0.165658,0.4500
TG00003134,T00013,BGS,1.39557850,0.189326,0.4500
TG00003135,T00013,BGS,1.04868786,0.154608,0.4500
TG00003136,T00013,BGS,0.80540443,0.230449,0.4500
TG00003137,T00013,BGS,1.57429610,0.083775,0.4500
TG00003138,T00013,BGS,1.11991076,0.274415,0.4500
TG00003139,T00013,BGS,1.88924824,0.150212,0.4500
TG00003140,T00013,BGS,1.41486489,0.215528,0.4500
TG00003141,T00013,BGS,0.97153514,0.220356,0.4500
TG00003142,T00013,BGS,0.88498701,0.357275,0.4500
TG00003143,T00013,BGS,1.29204465,0.313813,0.4500
TG00003144,T00013,BGS,1.77880628,0.196124,0.4500
TG00003145,T00013,BGS,2.55498210,0.358346,0.4500
TG00003146,T00013,BGS,1.19063107,0.185942,0.4500
TG00003147,T00013,BGS,2.35731558,0.333581,0.4500
TG00003148,T00013,BGS,1.26070595,0.301704,0.4500
TG00003149,T00013,BGS,0.95984471,0.322824,0.4500
TG00003150,T00013,BGS,1.01276734,0.084472,0.4500
TG00003151,T00014,LRG,0.42886438,0.887325,1.0000
TG00003152,T00014,LRG,0.27419179,0.783462,1.0000
TG00003153,T00014,LRG,0.39391567,0.890887,1.0000
TG00003154,T00014,LRG,0.34555884,0.943870,1.0000
TG00003155,T00014,LRG,0.39532422,0.765053,1.0000
TG00003156,T00014,LRG,0.26334624,0.652999,1.0000
TG00003157,T00014,LRG,0.40674536,0.876834,1.0000
TG00003158,T00014,LRG,0.33923920,1.043598,1.0000
TG00003159,T00014,LRG,0.40825152,0.706518,1.0000
TG00003160,T00014,LRG,0.59061410,0.703406,1.0000
TG00003161,T00014,LRG,0.24864477,0.718004,1.0000
TG00003162,T00014,LRG,0.29080045,0.792344,1.0000
TG00003163,T00014,LRG,0.21899807,0.783851,1.0000
TG00003164,T00014,LRG,0.27898747,0.523934,1.0000
TG00003165,T00014,LRG,0.34322930,0.768594,1.0000
TG00003166,T00014,LRG,0.34736972,1.020358,1.0000
TG00003167,T00014,LRG,0.55011958,0.709255,1.0000
TG00003168,T00014,LRG,0.23063859,0.705010,1.0000
TG00003169,T00014,LRG,0.24028712,0.528249,1.0000
TG00003170,T00014,LRG,0.32146639,0.495669,1.0000
TG00003171,T00014,LRG,0.33940189,0.871675,1.0000
TG00003172,T00014,LRG,0.32943565,0.777374,1.0000
TG00003173,T00014,LRG,0.29474979,0.884102,1.0000
TG00003174,T00014,LRG,0.49348445,0.790531,1.0000
TG00003175,T00014,LRG,0.35620225,0.545346,1.0000
TG00003176,T00014,LRG,0.26555230,0.461765,1.0000
TG00003177,T00014,LRG,0.38472715,0.775440,1.0000
TG00003178,T00014,LRG,0.55546557,0.771196,1.0000
TG00003179,T00014,LRG,0.26101116,0.809106,1.0000
TG00003180,T00014,LRG,0.48768428,0.560035,1.0000
TG00003181,T00014,LRG,0.24389366,0.504969,1.0000
TG00003182,T00014,LRG,0.45160686,0.749756,1.0000
TG00003183,T00014,LRG,0.40496677,0.654314,1.0000
TG00003184,T00014,LRG,0.37077937,0.494589,1.0000
TG00003185,T00014,LRG,0.40858088,0.370272,1.0000
TG00003186,T00014,LRG,1.02086766,0.699822,1.0000
TG00003187,T00014,LRG,0.51414944,0.501095,1.0000
TG00003188,T00014,LRG,0.75381671,0.474910,1.0000
TG00003189,T00014,LRG,0.42036444,0.958523,1.0000
TG00003190,T00014,LRG,0.60826202,0.710789,1.0000
TG00003191,T00014,LRG,0.39761041,0.604042,1.0000
TG00003192,T00014,LRG,0.41314602,0.620882,1.0000
TG00003193,T00014,LRG,0.76759603,0.688655,1.0000
TG00003194,T00014,LRG,0.54344128,0.588839,1.0000
TG00003195,T00014,LRG,0.47386491,0.723918,1.0000
TG00003196,T00014,LRG,0.40483076,0.779768,1.0000
TG00003197,T00014,LRG,0.23632037,0.554612,1.0000
TG00003198,T00014,LRG,0.83717808,0.541583,1.0000
TG00003199,T00014,LRG,0.20227736,0.787372,1.0000
TG00003200,T00014,LRG,0.51717863,0.970121,1.0000
TG00003201,T00014,LRG,0.33732579,0.394277,1.0000
TG00003202,T00014,LRG,0.47711691,0.905639,1.0000
TG00003203,T00014,LRG,0.16676111,0.688221,1.0000
TG00003204,T00014,LRG,0.41706805,0.713498,1.0000
TG00003205,T00014,LRG,0.32148092,0.800828,1.0000
TG00003206,T00014,LRG,0.34874328,0.768666,1.0000
TG00003207,T00014,LRG,0.45460287,0.963657,1.0000
TG00003208,T00014,LRG,0.35305067,0.625816,1.0000
TG00003209,T00014,LRG,0.21007702,0.772163,1.0000
TG00003210,T00014,LRG,0.23237772,0.869363,1.0000
TG00003211,T00014,LRG,0.32242811,0.887946,1.0000
TG00003212,T00014,LRG,0.30799067,0.491388,1.0000
TG00003213,T00014,LRG,0.47628981,0.776195,1.0000
TG00003214,T00014,LRG,0.27472177,0.761965,1.0000
TG00003215,T00014,LRG,0.24775676,0.739159,1.0000
TG00003216,T00014,LRG,0.33557522,0.880219,1.0000
TG00003217,T00014,LRG,0.33638452,0.562551,1.0000
TG00003218,T00014,LRG,0.31797857,0.533143,1.0000
TG00003219,T00014,LRG,0.27760186,0.451673,1.0000
TG00003220,T00014,LRG,0.17148038,0.631956,1.0000
TG00003221,T00014,ELG,0.61597866,0.583426,1.0000
TG00003222,T00014,ELG,0.46215732,0.721575,1.0000
TG00003223,T00014,ELG,0.82270977,0.929367,1.0000
TG00003224,T00014,ELG,1.06137557,1.433909,1.0000
TG00003225,T00014,ELG,0.79368109,0.751615,1.0000
TG00003226,T00014,ELG,0.35390531,1.203818,1.0000
TG00003227,T00014,ELG,0.56133839,0.903559,1.0000
TG00003228,T00014,ELG,0.30413482,1.028396,1.0000
TG00003229,T00014,ELG,0.78332381,1.199101,1.0000
TG00003230,T00014,ELG,0.60231383,0.973061,1.0000
TG00003231,T00014,ELG,0.93678600,0.528332,1.0000
TG00003232,T00014,ELG,0.64769975,1.220674,1.0000
TG00003233,T00014,ELG,0.73495946,1.389381,1.0000
TG00003234,T00014,ELG,1.07628665,1.423170,1.0000
TG00003235,T00014,ELG,0.89203020,0.856376,1.0000
TG00003236,T00014,ELG,0.76056728,0.991587,1.0000
TG00003237,T00014,ELG,0.61299548,1.338290,1.0000
TG00003238,T00014,ELG,0.23200533,1.315272,1.0000
TG00003239,T00014,ELG,0.33314650,1.130500,1.0000
TG00003240,T00014,ELG,0.63576996,0.921219,1.0000
TG00003241,T00014,ELG,0.42017206,0.922586,1.0000
TG00003242,T00014,ELG,0.68479571,1.161709,1.0000
TG00003243,T00014,ELG,0.86564222,0.624466,1.0000
TG00003244,T00014,ELG,0.39130018,0.823785,1.0000
TG00003245,T00014,ELG,0.30834722,0.935791,1.0000
TG00003246,T00014,ELG,0.75103655,0.670478,1.0000
TG00003247,T00014,ELG,0.46260107,0.990204,1.0000
TG00003248,T00014,ELG,0.59517425,1.129276,1.0000
TG00003249,T00014,ELG,0.95775538,1.123408,1.0000
TG00003250,T00014,ELG,0.82843922,1.144010,1.0000
TG00003251,T00014,ELG,0.67463116,1.143403,1.0000
TG00003252,T00014,ELG,0.82352118,1.022744,1.0000
TG00003253,T00014,ELG,0.68401191,0.699817,1.0000
TG00003254,T00014,ELG,0.49740931,1.349278,1.0000
TG00003255,T00014,ELG,0.54262837,0.718758,1.0000
TG00003256,T00014,ELG,0.64571191,1.391122,1.0000
TG00003257,T00014,ELG,0.96167491,1.088659,1.0000
TG00003258,T00014,ELG,0.25494510,1.597742,1.0000
TG00003259,T00014,ELG,0.50498761,0.818687,1.0000
TG00003260,T00014,ELG,0.47071764,1.246671,1.0000
TG00003261,T00014,ELG,0.77049531,1.143868,1.0000
TG00003262,T00014,ELG,0.85995489,0.482622,1.0000
TG00003263,T00014,ELG,0.22588445,1.224699,1.0000
TG00003264,T00014,ELG,1.73716580,1.126448,1.0000
TG00003265,T00014,ELG,0.93676259,1.004951,1.0000
TG00003266,T00014,ELG,0.57329454,1.378024,1.0000
TG00003267,T00014,ELG,0.54917289,0.821027,1.0000
TG00003268,T00014,ELG,0.28886504,1.455486,1.0000
TG00003269,T00014,ELG,0.49516066,1.521526,1.0000
TG00003270,T00014,ELG,0.62600927,1.032525,1.0000
TG00003271,T00014,ELG,0.49517555,0.930223,1.0000
TG00003272,T00014,ELG,0.81546557,0.784948,1.0000
TG00003273,T00014,ELG,0.52808259,0.880860,1.0000
TG00003274,T00014,ELG,0.52030000,1.546256,1.0000
TG00003275,T00014,ELG,0.65775619,0.753633,1.0000
TG00003276,T00014,ELG,0.57591027,0.646600,1.0000
TG00003277,T00014,ELG,0.81576626,1.319268,1.0000
TG00003278,T00014,ELG,0.56008324,1.278892,1.0000
TG00003279,T00014,ELG,0.79766011,1.077084,1.0000
TG00003280,T00014,ELG,0.47664027,1.334975,1.0000
TG00003281,T00014,ELG,0.54628383,1.225513,1.0000
TG00003282,T00014,ELG,0.70626648,1.129069,1.0000
TG00003283,T00014,ELG,0.91374361,1.464989,1.0000
TG00003284,T00014,ELG,0.86413931,1.435051,1.0000
TG00003285,T00014,ELG,0.77046119,1.491475,1.0000
TG00003286,T00014,ELG,0.60364317,0.745864,1.0000
TG00003287,T00014,ELG,0.50192529,0.986314,1.0000
TG00003288,T00014,ELG,0.45771850,1.038361,1.0000
TG00003289,T00014,ELG,0.52194419,1.049894,1.0000
TG00003290,T00014,ELG,0.45061109,1.055613,1.0000
TG00003291,T00014,ELG,0.40813776,1.947699,1.0000
TG00003292,T00014,ELG,0.46831579,0.926417,1.0000
TG00003293,T00014,ELG,0.62694380,1.678681,1.0000
TG00003294,T00014,ELG,0.77591173,1.112107,1.0000
TG00003295,T00014,ELG,0.79536251,0.765689,1.0000
TG00003296,T00014,ELG,0.60166142,0.843549,1.0000
TG00003297,T00014,ELG,0.51346683,0.554082,1.0000
TG00003298,T00014,ELG,0.70140347,1.658553,1.0000
TG00003299,T00014,ELG,0.92158810,1.321887,1.0000
TG00003300,T00014,ELG,0.48787165,1.062331,1.0000
TG00003301,T00014,ELG,0.56843327,0.716273,1.0000
TG00003302,T00014,ELG,0.48252522,1.166635,1.0000
TG00003303,T00014,ELG,0.80723379,1.088483,1.0000
TG00003304,T00014,ELG,0.70994049,1.247683,1.0000
TG00003305,T00014,ELG,1.04185584,1.193216,1.0000
TG00003306,T00014,ELG,0.70304263,1.203704,1.0000
TG00003307,T00014,ELG,0.76471466,1.213346,1.0000
TG00003308,T00014,ELG,0.38458131,1.291603,1.0000
TG00003309,T00014,ELG,0.34796485,0.976058,1.0000
TG00003310,T00014,ELG,0.46948519,1.294292,1.0000
TG00003311,T00014,ELG,0.15217906,1.091640,1.0000
TG00003312,T00014,ELG,0.93180241,1.543458,1.0000
TG00003313,T00014,ELG,1.03604105,0.979441,1.0000
TG00003314,T00014,ELG,0.44426897,1.043180,1.0000
TG00003315,T00014,ELG,0.63891333,0.975744,1.0000
TG00003316,T00014,ELG,0.56548696,1.075544,1.0000
TG00003317,T00014,ELG,0.43559645,0.787932,1.0000
TG00003318,T00014,ELG,0.71141752,1.036282,1.0000
TG00003319,T00014,ELG,0.56967468,1.150299,1.0000
TG00003320,T00014,ELG,0.53296008,1.334613,1.0000
TG00003321,T00014,ELG,0.34895975,0.897777,1.0000
TG00003322,T00014,QSO,0.52992288,2.826435,1.7000
TG00003323,T00014,QSO,0.12141974,1.466841,1.7000
TG00003324,T00014,QSO,0.17457739,2.607525,1.7000
TG00003325,T00014,QSO,0.14030597,3.139212,1.7000
TG00003326,T00014,QSO,0.32935875,1.663055,1.7000
TG00003327,T00014,QSO,0.12151018,2.574615,1.7000
TG00003328,T00014,QSO,0.34626367,2.140874,1.7000
TG00003329,T00014,QSO,0.30732694,1.540732,1.7000
TG00003330,T00014,QSO,0.33905981,2.447894,1.7000
TG00003331,T00014,QSO,0.32622009,2.584714,1.7000
TG00003332,T00014,QSO,0.13406917,2.220601,1.7000
TG00003333,T00014,QSO,0.14942279,1.921919,1.7000
TG00003334,T00014,QSO,0.32165650,2.151705,1.7000
TG00003335,T00014,QSO,0.07626720,2.128105,1.7000
TG00003336,T00014,QSO,0.24914787,1.586180,1.7000
TG00003337,T00014,BGS,1.65674771,0.199575,0.4500
TG00003338,T00014,BGS,1.37747249,0.329214,0.4500
TG00003339,T00014,BGS,2.45746886,0.212361,0.4500
TG00003340,T00014,BGS,1.02518251,0.313457,0.4500
TG00003341,T00014,BGS,1.76073970,0.246659,0.4500
TG00003342,T00014,BGS,2.36988912,0.297584,0.4500
TG00003343,T00014,BGS,0.64517472,0.451217,0.4500
TG00003344,T00014,BGS,1.95931164,0.258487,0.4500
TG00003345,T00014,BGS,1.70359840,0.192523,0.4500
TG00003346,T00014,BGS,1.30139724,0.467470,0.4500
TG00003347,T00014,BGS,2.05416532,0.065227,0.4500
TG00003348,T00014,BGS,1.29764855,0.057398,0.4500
TG00003349,T00014,BGS,1.20255121,0.289921,0.4500
TG00003350,T00014,BGS,0.99185688,0.447226,0.4500
TG00003351,T00014,BGS,0.89431261,0.185488,0.4500
TG00003352,T00014,BGS,1.85329943,0.288341,0.4500
TG00003353,T00014,BGS,0.80338358,0.186443,0.4500
TG00003354,T00014,BGS,0.79059183,0.354069,0.4500
TG00003355,T00014,BGS,1.22447336,0.179493,0.4500
TG00003356,T00014,BGS,1.17640003,0.322089,0.4500
TG00003357,T00014,BGS,1.73843700,0.263423,0.4500
TG00003358,T00014,BGS,1.05299484,0.104114,0.4500
TG00003359,T00014,BGS,1.23695927,0.144936,0.4500
TG00003360,T00014,BGS,1.79872227,0.175554,0.4500
TG00003361,T00014,BGS,1.44581979,0.239925,0.4500
TG00003362,T00014,BGS,1.03638721,0.143749,0.4500
TG00003363,T00014,BGS,1.71975296,0.000000,0.4500
TG00003364,T00014,BGS,1.66879584,0.139340,0.4500
TG00003365,T00014,BGS,1.02092369,0.127765,0.4500
TG00003366,T00014,BGS,0.79962643,0.140298,0.4500
TG00003367,T00014,BGS,0.77655234,0.109069,0.4500
TG00003368,T00014,BGS,1.22822677,0.120580,0.4500
TG00003369,T00014,BGS,1.55421207,0.180923,0.4500
TG00003370,T00014,BGS,1.04216433,0.224348,0.4500
TG00003371,T00014,BGS,1.24260985,0.385245,0.4500
TG00003372,T00014,BGS,1.69710580,0.142895,0.4500
TG00003373,T00014,BGS,1.44786131,0.104454,0.4500
TG00003374,T00014,BGS,1.89137307,0.102133,0.4500
TG00003375,T00014,BGS,1.65560521,0.247572,0.4500
TG00003376,T00014,BGS,1.24902632,0.239457,0.4500
TG00003377,T00014,BGS,1.62371167,0.150549,0.4500
TG00003378,T00014,BGS,1.03719303,0.178791,0.4500
TG00003379,T00014,BGS,1.34005834,0.019804,0.4500
TG00003380,T00014,BGS,0.70177213,0.317130,0.4500
TG00003381,T00014,BGS,0.85986341,0.346623,0.4500
TG00003382,T00014,BGS,0.94543022,0.246017,0.4500
TG00003383,T00014,BGS,1.22996644,0.157991,0.4500
TG00003384,T00014,BGS,1.93587641,0.343282,0.4500
TG00003385,T00014,BGS,1.86148371,0.271839,0.4500
TG00003386,T00014,BGS,1.39898785,0.034092,0.4500
TG00003387,T00014,BGS,1.37824906,0.156118,0.4500
TG00003388,T00014,BGS,1.10944422,0.220791,0.4500
TG00003389,T00014,BGS,0.72942386,0.225997,0.4500
TG00003390,T00014,BGS,1.03673808,0.072456,0.4500
TG00003391,T00015,LRG,0.30348499,0.789340,1.0000
TG00003392,T00015,LRG,0.34206413,0.477192,1.0000
TG00003393,T00015,LRG,0.35577461,0.848464,1.0000
TG00003394,T00015,LRG,0.63482748,0.906264,1.0000
TG00003395,T00015,LRG,0.22199387,0.829059,1.0000
TG00003396,T00015,LRG,0.31017920,0.407432,1.0000
TG00003397,T00015,LRG,0.43106936,0.450742,1.0000
TG00003398,T00015,LRG,0.58901655,0.757352,1.0000
TG00003399,T00015,LRG,0.31494906,0.710428,1.0000
TG00003400,T00015,LRG,0.39309629,0.512826,1.0000
TG00003401,T00015,LRG,0.30567564,0.635593,1.0000
TG00003402,T00015,LRG,0.36829136,0.606926,1.0000
TG00003403,T00015,LRG,0.69158902,0.873545,1.0000
TG00003404,T00015,LRG,0.30100643,0.814703,1.0000
TG00003405,T00015,LRG,0.32980433,0.561411,1.0000
TG00003406,T00015,LRG,0.19391115,0.536580,1.0000
TG00003407,T00015,LRG,0.36165285,0.632159,1.0000
TG00003408,T00015,LRG,0.33439626,0.789342,1.0000
TG00003409,T00015,LRG,0.22606901,0.989251,1.0000
TG00003410,T00015,LRG,0.37997398,0.789241,1.0000
TG00003411,T00015,LRG,0.49413343,0.889229,1.0000
TG00003412,T00015,LRG,0.29880237,0.499811,1.0000
TG00003413,T00015,LRG,0.19726007,0.567993,1.0000
TG00003414,T00015,LRG,0.32033950,0.342739,1.0000
TG00003415,T00015,LRG,0.41334443,0.795544,1.0000
TG00003416,T00015,LRG,0.86027742,0.833657,1.0000
TG00003417,T00015,LRG,0.54865163,0.751062,1.0000
TG00003418,T00015,LRG,0.34666664,0.818791,1.0000
TG00003419,T00015,LRG,0.30461151,1.010736,1.0000
TG00003420,T00015,LRG,0.34579028,0.740175,1.0000
TG00003421,T00015,LRG,0.35287645,0.831769,1.0000
TG00003422,T00015,LRG,0.32299406,0.797003,1.0000
TG00003423,T00015,LRG,0.36456559,0.848003,1.0000
TG00003424,T00015,LRG,0.58089327,0.883573,1.0000
TG00003425,T00015,LRG,0.18647542,0.467743,1.0000
TG00003426,T00015,LRG,0.53142955,0.750985,1.0000
TG00003427,T00015,LRG,0.21866359,0.844855,1.0000
TG00003428,T00015,LRG,0.40308671,0.569361,1.0000
TG00003429,T00015,LRG,0.33469112,0.722923,1.0000
TG00003430,T00015,LRG,0.29927859,0.514335,1.0000
TG00003431,T00015,LRG,0.18207615,0.672638,1.0000
TG00003432,T00015,LRG,0.27751610,0.483525,1.0000
TG00003433,T00015,LRG,0.21794920,0.714682,1.0000
TG00003434,T00015,LRG,0.41836417,0.674437,1.0000
TG00003435,T00015,LRG,0.21910510,0.543667,1.0000
TG00003436,T00015,LRG,0.35947507,0.595324,1.0000
TG00003437,T00015,LRG,0.28481693,0.860314,1.0000
TG00003438,T00015,LRG,0.32215665,0.679416,1.0000
TG00003439,T00015,LRG,0.50954270,0.705222,1.0000
TG00003440,T00015,LRG,0.34265792,0.458004,1.0000
TG00003441,T00015,LRG,0.30074793,0.789762,1.0000
TG00003442,T00015,LRG,0.35434041,0.508354,1.0000
TG00003443,T00015,LRG,0.30250386,0.685279,1.0000
TG00003444,T00015,LRG,0.38279662,0.763272,1.0000
TG00003445,T00015,LRG,0.15520801,0.360711,1.0000
TG00003446,T00015,LRG,0.64733821,0.817371,1.0000
TG00003447,T00015,LRG,0.58349067,0.852093,1.0000
TG00003448,T00015,LRG,0.26667462,0.830944,1.0000
TG00003449,T00015,LRG,0.41770797,0.601093,1.0000
TG00003450,T00015,LRG,0.31797564,0.879872,1.0000
TG00003451,T00015,LRG,0.35930215,0.853646,1.0000
TG00003452,T00015,LRG,0.28752926,0.788004,1.0000
TG00003453,T00015,ELG,0.72131050,1.387011,1.0000
TG00003454,T00015,ELG,0.76236211,1.527162,1.0000
TG00003455,T00015,ELG,0.60460745,1.089225,1.0000
TG00003456,T00015,ELG,0.39903337,1.682997,1.0000
TG00003457,T00015,ELG,0.39955895,0.850174,1.0000
TG00003458,T00015,ELG,0.87301171,1.049708,1.0000
TG00003459,T00015,ELG,0.44076094,1.664294,1.0000
TG00003460,T00015,ELG,0.88107957,1.262985,1.0000
TG00003461,T00015,ELG,0.36850465,0.812615,1.0000
TG00003462,T00015,ELG,0.48708165,0.753748,1.0000
TG00003463,T00015,ELG,0.45126549,0.948496,1.0000
TG00003464,T00015,ELG,0.48167014,1.795907,1.0000
TG00003465,T00015,ELG,0.84270303,1.766564,1.0000
TG00003466,T00015,ELG,0.56201923,1.475976,1.0000
TG00003467,T00015,ELG,0.42362217,1.009852,1.0000
TG00003468,T00015,ELG,0.39380643,0.407999,1.0000
TG00003469,T00015,ELG,0.69837599,0.902073,1.0000
TG00003470,T00015,ELG,0.88545207,0.896495,1.0000
TG00003471,T00015,ELG,0.79204118,1.309789,1.0000
TG00003472,T00015,ELG,0.41075719,1.023574,1.0000
TG00003473,T00015,ELG,1.00531629,1.064287,1.0000
TG00003474,T00015,ELG,0.61769482,1.241693,1.0000
TG00003475,T00015,ELG,0.56579672,1.101523,1.0000
TG00003476,T00015,ELG,0.42340115,1.507799,1.0000
TG00003477,T00015,ELG,0.36576562,0.876250,1.0000
TG00003478,T00015,ELG,2.04109131,1.349968,1.0000
TG00003479,T00015,ELG,0.45270245,1.087606,1.0000
TG00003480,T00015,ELG,0.49654014,1.472390,1.0000
TG00003481,T00015,ELG,0.53662157,1.358696,1.0000
TG00003482,T00015,ELG,0.41779482,1.303142,1.0000
TG00003483,T00015,ELG,0.62652897,1.065566,1.0000
TG00003484,T00015,ELG,0.48462764,1.056716,1.0000
TG00003485,T00015,ELG,0.45280231,0.580823,1.0000
TG00003486,T00015,ELG,0.61904685,0.938537,1.0000
TG00003487,T00015,ELG,0.51738380,1.485331,1.0000
TG00003488,T00015,ELG,0.42919272,1.520738,1.0000
TG00003489,T00015,ELG,0.25173702,0.521124,1.0000
TG00003490,T00015,ELG,0.29947390,1.124109,1.0000
TG00003491,T00015,ELG,1.21562792,1.085790,1.0000
TG00003492,T00015,ELG,0.47585492,1.349273,1.0000
TG00003493,T00015,ELG,0.50852803,1.401777,1.0000
TG00003494,T00015,ELG,0.51698445,0.864987,1.0000
TG00003495,T00015,ELG,0.66996553,1.121164,1.0000
TG00003496,T00015,ELG,0.68581799,0.851367,1.0000
TG00003497,T00015,ELG,0.32048466,1.075471,1.0000
TG00003498,T00015,ELG,0.56787621,0.809819,1.0000
TG00003499,T00015,ELG,0.91496408,1.137408,1.0000
TG00003500,T00015,ELG,0.54087366,0.929826,1.0000
TG00003501,T00015,ELG,0.35503873,1.315300,1.0000
TG00003502,T00015,ELG,0.44501953,1.137136,1.0000
TG00003503,T00015,ELG,0.52177493,1.135114,1.0000
TG00003504,T00015,ELG,0.80727180,0.736549,1.0000
TG00003505,T00015,ELG,1.23362580,0.947943,1.0000
TG00003506,T00015,ELG,0.62948116,0.963102,1.0000
TG00003507,T00015,ELG,0.72048060,1.355908,1.0000
TG00003508,T00015,ELG,0.72514758,1.085731,1.0000
TG00003509,T00015,ELG,0.72514164,0.801136,1.0000
TG00003510,T00015,ELG,0.42438065,1.043299,1.0000
TG00003511,T00015,ELG,0.45554424,1.134596,1.0000
TG00003512,T00015,ELG,0.68357711,1.338691,1.0000
TG00003513,T00015,ELG,0.57287182,1.326780,1.0000
TG00003514,T00015,ELG,0.26188531,1.086259,1.0000
TG00003515,T00015,ELG,0.84031750,1.463533,1.0000
TG00003516,T00015,ELG,0.35313000,1.120770,1.0000
TG00003517,T00015,ELG,0.85103095,1.149638,1.0000
TG00003518,T00015,ELG,0.47062270,1.224212,1.0000
TG00003519,T00015,ELG,1.58247601,1.404019,1.0000
TG00003520,T00015,ELG,0.48444328,1.021195,1.0000
TG00003521,T00015,ELG,0.39436934,1.372314,1.0000
TG00003522,T00015,ELG,0.28391175,0.965723,1.0000
TG00003523,T00015,ELG,0.40264577,1.162370,1.0000
TG00003524,T00015,ELG,0.35657371,1.445009,1.0000
TG00003525,T00015,ELG,1.00000180,1.072285,1.0000
TG00003526,T00015,ELG,0.55642816,0.838227,1.0000
TG00003527,T00015,ELG,0.51426361,0.832173,1.0000
TG00003528,T00015,ELG,0.47954221,1.285936,1.0000
TG00003529,T00015,ELG,0.73036423,1.177163,1.0000
TG00003530,T00015,ELG,0.60983399,1.273930,1.0000
TG00003531,T00015,ELG,0.62262653,1.115712,1.0000
TG00003532,T00015,ELG,0.69227472,1.072904,1.0000
TG00003533,T00015,ELG,1.06200693,1.032006,1.0000
TG00003534,T00015,ELG,1.20237926,0.800962,1.0000
TG00003535,T00015,ELG,0.35055940,0.357729,1.0000
TG00003536,T00015,ELG,0.54086795,0.932277,1.0000
TG00003537,T00015,ELG,0.27200328,1.287053,1.0000
TG00003538,T00015,ELG,0.68095898,1.152327,1.0000
TG00003539,T00015,ELG,0.92300043,1.138204,1.0000
TG00003540,T00015,ELG,0.45600464,1.228520,1.0000
TG00003541,T00015,ELG,0.68717332,1.576624,1.0000
TG00003542,T00015,ELG,0.52785580,1.064104,1.0000
TG00003543,T00015,QSO,0.18884948,3.092024,1.7000
TG00003544,T00015,QSO,0.32817132,2.839038,1.7000
TG00003545,T00015,QSO,0.06811039,2.137450,1.7000
TG00003546,T00015,QSO,0.25553769,2.086420,1.7000
TG00003547,T00015,QSO,0.29762208,1.628414,1.7000
TG00003548,T00015,QSO,0.37780741,2.590540,1.7000
TG00003549,T00015,QSO,0.14668931,2.570950,1.7000
TG00003550,T00015,QSO,0.17801966,1.747438,1.7000
TG00003551,T00015,QSO,0.13024697,2.179807,1.7000
TG00003552,T00015,QSO,0.38806896,2.088239,1.7000
TG00003553,T00015,QSO,0.39792927,2.304273,1.7000
TG00003554,T00015,QSO,0.11516491,3.415472,1.7000
TG00003555,T00015,QSO,0.13259975,2.132654,1.7000
TG00003556,T00015,QSO,0.13122391,2.663242,1.7000
TG00003557,T00015,QSO,0.23634298,1.716781,1.7000
TG00003558,T00015,QSO,0.30455227,1.363422,1.7000
TG00003559,T00015,QSO,0.16807988,2.526541,1.7000
TG00003560,T00015,BGS,1.62598902,0.275414,0.4500
TG00003561,T00015,BGS,1.26779523,0.276373,0.4500
TG00003562,T00015,BGS,0.86346864,0.214952,0.4500
TG00003563,T00015,BGS,1.47908641,0.181213,0.4500
TG00003564,T00015,BGS,1.50355670,0.108670,0.4500
TG00003565,T00015,BGS,1.65031491,0.292307,0.4500
TG00003566,T00015,BGS,1.02854369,0.136144,0.4500
TG00003567,T00015,BGS,1.26472873,0.199475,0.4500
TG00003568,T00015,BGS,1.55929468,0.226271,0.4500
TG00003569,T00015,BGS,0.70877312,0.109833,0.4500
TG00003570,T00015,BGS,1.27882330,0.162848,0.4500
TG00003571,T00015,BGS,1.25975897,0.274534,0.4500
TG00003572,T00015,BGS,1.44579736,0.158936,0.4500
TG00003573,T00015,BGS,0.95039364,0.208436,0.4500
TG00003574,T00015,BGS,1.36630862,0.249035,0.4500
TG00003575,T00015,BGS,1.10550548,0.179740,0.4500
TG00003576,T00015,BGS,1.34925726,0.162957,0.4500
TG00003577,T00015,BGS,1.24204963,0.225635,0.4500
TG00003578,T00015,BGS,0.74309110,0.233328,0.4500
TG00003579,T00015,BGS,2.46851556,0.202187,0.4500
TG00003580,T00015,BGS,1.74099757,0.333133,0.4500
TG00003581,T00015,BGS,1.13420803,0.135892,0.4500
TG00003582,T00015,BGS,1.07392372,0.278519,0.4500
TG00003583,T00015,BGS,1.32822565,0.075528,0.4500
TG00003584,T00015,BGS,1.68729157,0.173037,0.4500
TG00003585,T00015,BGS,1.32065841,0.140312,0.4500
TG00003586,T00015,BGS,0.68753694,0.228654,0.4500
TG00003587,T00015,BGS,1.42271668,0.116218,0.4500
TG00003588,T00015,BGS,1.07854610,0.318588,0.4500
TG00003589,T00015,BGS,1.11167945,0.242702,0.4500
TG00003590,T00015,BGS,1.62033906,0.152761,0.4500
TG00003591,T00015,BGS,0.79595339,0.171629,0.4500
TG00003592,T00015,BGS,1.07547331,0.332716,0.4500
TG00003593,T00015,BGS,1.30353730,0.156809,0.4500
TG00003594,T00015,BGS,1.38067900,0.134564,0.4500
TG00003595,T00015,BGS,0.90499069,0.211911,0.4500
TG00003596,T00015,BGS,1.41689411,0.243091,0.4500
TG00003597,T00015,BGS,1.46540121,0.191951,0.4500
TG00003598,T00015,BGS,1.57404874,0.415696,0.4500
TG00003599,T00015,BGS,0.92141747,0.247930,0.4500
TG00003600,T00015,BGS,0.87295476,0.302404,0.4500
TG00003601,T00015,BGS,1.38290868,0.279363,0.4500
TG00003602,T00015,BGS,2.39021926,0.210970,0.4500
TG00003603,T00015,BGS,1.16865474,0.132580,0.4500
TG00003604,T00015,BGS,1.38781985,0.227149,0.4500
TG00003605,T00015,BGS,0.78572071,0.346619,0.4500
TG00003606,T00015,BGS,1.22911764,0.111296,0.4500
TG00003607,T00015,BGS,1.08836631,0.165466,0.4500
TG00003608,T00015,BGS,1.24835256,0.308616,0.4500
TG00003609,T00015,BGS,0.94383494,0.335808,0.4500
TG00003610,T00015,BGS,0.97541000,0.208748,0.4500
TG00003611,T00015,BGS,1.30344692,0.251570,0.4500
TG00003612,T00015,BGS,1.95308847,0.183826,0.4500
TG00003613,T00015,BGS,0.71316213,0.195307,0.4500
TG00003614,T00015,BGS,2.19201308,0.219439,0.4500
TG00003615,T00015,BGS,2.86885396,0.181720,0.4500
TG00003616,T00015,BGS,1.63564462,0.108840,0.4500
TG00003617,T00015,BGS,1.78553800,0.354789,0.4500
TG00003618,T00015,BGS,0.83631969,0.045139,0.4500
TG00003619,T00015,BGS,1.99990092,0.143706,0.4500
TG00003620,T00015,BGS,1.33468598,0.154394,0.4500
TG00003621,T00015,BGS,1.38331239,0.148718,0.4500
TG00003622,T00015,BGS,1.23538241,0.207629,0.4500
TG00003623,T00015,BGS,1.46250939,0.229481,0.4500
TG00003624,T00015,BGS,1.23427808,0.336402,0.4500
TG00003625,T00015,BGS,0.98353537,0.086825,0.4500
TG00003626,T00015,BGS,1.09246192,0.226704,0.4500
TG00003627,T00015,BGS,1.55946966,0.161263,0.4500
TG00003628,T00015,BGS,1.53065306,0.364755,0.4500
TG00003629,T00015,BGS,1.85412413,0.170570,0.4500
TG00003630,T00015,BGS,1.01750826,0.101120,0.4500
TG00003631,T00015,BGS,1.10905831,0.137543,0.4500
TG00003632,T00015,BGS,1.60227146,0.263006,0.4500
TG00003633,T00015,BGS,1.41064129,0.110227,0.4500
TG00003634,T00015,BGS,1.68284321,0.167851,0.4500
TG00003635,T00015,BGS,2.25884021,0.308465,0.4500
TG00003636,T00015,BGS,1.44568045,0.308638,0.4500
TG00003637,T00015,BGS,1.26847658,0.253860,0.4500
TG00003638,T00015,BGS,1.24874318,0.092251,0.4500
TG00003639,T00015,BGS,1.04895116,0.247454,0.4500
TG00003640,T00015,BGS,0.99207811,0.334244,0.4500
TG00003641,T00015,BGS,0.95279438,0.102575,0.4500
TG00003642,T00015,BGS,1.58091384,0.281810,0.4500
TG00003643,T00015,BGS,1.48221530,0.094775,0.4500
TG00003644,T00015,BGS,0.94095768,0.286464,0.4500
TG00003645,T00015,BGS,1.10007012,0.189459,0.4500
TG00003646,T00015,BGS,1.04016507,0.236666,0.4500
TG00003647,T00015,BGS,1.48942735,0.096117,0.4500
TG00003648,T00015,BGS,0.98886331,0.289753,0.4500
TG00003649,T00015,BGS,1.63965021,0.169428,0.4500
TG00003650,T00016,LRG,0.36573230,0.432378,1.0000
TG00003651,T00016,LRG,0.30893729,0.482498,1.0000
TG00003652,T00016,LRG,0.29773834,0.821632,1.0000
TG00003653,T00016,LRG,0.17679525,0.856334,1.0000
TG00003654,T00016,LRG,0.23623871,0.340006,1.0000
TG00003655,T00016,LRG,0.25073771,0.893781,1.0000
TG00003656,T00016,LRG,0.19097473,0.697112,1.0000
TG00003657,T00016,LRG,0.40858702,0.723040,1.0000
TG00003658,T00016,LRG,0.48759905,0.491648,1.0000
TG00003659,T00016,LRG,0.23514209,0.780919,1.0000
TG00003660,T00016,LRG,0.33499815,0.573580,1.0000
TG00003661,T00016,LRG,0.31463540,0.374331,1.0000
TG00003662,T00016,LRG,0.48593874,0.941105,1.0000
TG00003663,T00016,LRG,0.53899709,0.894060,1.0000
TG00003664,T00016,LRG,0.39104034,0.411618,1.0000
TG00003665,T00016,LRG,0.23862429,0.559282,1.0000
TG00003666,T00016,LRG,0.35126483,0.709488,1.0000
TG00003667,T00016,LRG,0.57621983,0.646750,1.0000
TG00003668,T00016,LRG,0.22706749,0.826209,1.0000
TG00003669,T00016,LRG,0.50037558,0.621245,1.0000
TG00003670,T00016,LRG,0.28146391,0.518380,1.0000
TG00003671,T00016,LRG,0.19930159,0.056722,1.0000
TG00003672,T00016,LRG,0.43944863,0.823493,1.0000
TG00003673,T00016,LRG,0.49063088,0.139863,1.0000
TG00003674,T00016,LRG,0.41076943,0.796504,1.0000
TG00003675,T00016,LRG,0.58788206,0.919646,1.0000
TG00003676,T00016,LRG,0.28173911,0.574554,1.0000
TG00003677,T00016,LRG,0.29435324,0.780491,1.0000
TG00003678,T00016,LRG,0.34320655,0.840045,1.0000
TG00003679,T00016,LRG,0.27718137,0.438873,1.0000
TG00003680,T00016,LRG,0.35349686,0.763400,1.0000
TG00003681,T00016,LRG,0.28076714,0.766523,1.0000
TG00003682,T00016,LRG,0.42108274,0.751832,1.0000
TG00003683,T00016,LRG,0.35000607,0.503072,1.0000
TG00003684,T00016,LRG,0.33173481,1.054159,1.0000
TG00003685,T00016,LRG,0.50512280,0.766085,1.0000
TG00003686,T00016,LRG,0.43496944,0.851108,1.0000
TG00003687,T00016,LRG,0.28563413,0.760215,1.0000
TG00003688,T00016,LRG,0.49428685,0.687727,1.0000
TG00003689,T00016,LRG,0.42539259,0.696456,1.0000
TG00003690,T00016,LRG,0.45213232,0.984502,1.0000
TG00003691,T00016,LRG,0.25731472,0.761867,1.0000
TG00003692,T00016,LRG,0.34424762,0.743499,1.0000
TG00003693,T00016,LRG,0.49918884,0.911619,1.0000
TG00003694,T00016,LRG,0.32395705,0.720328,1.0000
TG00003695,T00016,LRG,0.23670574,0.879082,1.0000
TG00003696,T00016,LRG,0.27926934,0.516531,1.0000
TG00003697,T00016,LRG,0.21444493,0.431583,1.0000
TG00003698,T00016,LRG,0.57521750,0.453651,1.0000
TG00003699,T00016,LRG,0.25327322,0.526955,1.0000
TG00003700,T00016,LRG,0.28637999,0.557801,1.0000
TG00003701,T00016,LRG,0.50548937,0.827996,1.0000
TG00003702,T00016,LRG,0.23059945,0.670638,1.0000
TG00003703,T00016,LRG,0.37421480,0.409331,1.0000
TG00003704,T00016,LRG,0.48402471,0.390694,1.0000
TG00003705,T00016,LRG,0.33110056,0.430462,1.0000
TG00003706,T00016,LRG,0.35537836,0.761101,1.0000
TG00003707,T00016,LRG,0.23633062,0.183787,1.0000
TG00003708,T00016,LRG,0.24445077,0.722201,1.0000
TG00003709,T00016,ELG,0.18291301,1.063031,1.0000
TG00003710,T00016,ELG,0.59604643,1.503562,1.0000
TG00003711,T00016,ELG,0.34673526,1.374380,1.0000
TG00003712,T00016,ELG,0.33906552,1.568087,1.0000
TG00003713,T00016,ELG,0.47444623,0.945716,1.0000
TG00003714,T00016,ELG,0.70522823,1.069304,1.0000
TG00003715,T00016,ELG,0.40922661,1.445707,1.0000
TG00003716,T00016,ELG,0.53549472,1.432101,1.0000
TG00003717,T00016,ELG,0.39386629,1.297398,1.0000
TG00003718,T00016,ELG,0.50687286,0.792344,1.0000
TG00003719,T00016,ELG,0.33640686,0.776813,1.0000
TG00003720,T00016,ELG,0.44344480,1.113330,1.0000
TG00003721,T00016,ELG,0.42821151,1.425928,1.0000
TG00003722,T00016,ELG,0.50265828,1.357129,1.0000
TG00003723,T00016,ELG,0.75884142,1.296253,1.0000
TG00003724,T00016,ELG,0.34953746,0.918224,1.0000
TG00003725,T00016,ELG,0.91725787,1.313335,1.0000
TG00003726,T00016,ELG,0.63852379,0.880893,1.0000
TG00003727,T00016,ELG,0.30659934,1.375688,1.0000
TG00003728,T00016,ELG,0.69090659,0.618820,1.0000
TG00003729,T00016,ELG,0.34574496,1.196771,1.0000
TG00003730,T00016,ELG,0.76465397,0.821164,1.0000
TG00003731,T00016,ELG,0.48489976,1.592713,1.0000
TG00003732,T00016,ELG,0.51784002,1.236005,1.0000
TG00003733,T00016,ELG,0.40767519,1.321632,1.0000
TG00003734,T00016,ELG,0.62885752,1.467083,1.0000
TG00003735,T00016,ELG,0.49799397,0.585469,1.0000
TG00003736,T00016,ELG,0.40415318,0.984770,1.0000
TG00003737,T00016,ELG,0.67455277,0.419730,1.0000
TG00003738,T00016,ELG,0.69923477,1.012983,1.0000
TG00003739,T00016,ELG,0.25000069,1.387125,1.0000
TG00003740,T00016,ELG,0.72621350,0.929677,1.0000
TG00003741,T00016,ELG,0.28910159,0.766101,1.0000
TG00003742,T00016,ELG,0.89064891,0.854027,1.0000
TG00003743,T00016,ELG,0.84783484,1.190454,1.0000
TG00003744,T00016,ELG,1.46939229,0.767873,1.0000
TG00003745,T00016,ELG,0.53252175,0.937991,1.0000
TG00003746,T00016,ELG,0.58853517,1.153341,1.0000
TG00003747,T00016,ELG,0.56938428,1.109715,1.0000
TG00003748,T00016,ELG,1.02500493,1.138323,1.0000
TG00003749,T00016,ELG,0.26715499,1.025146,1.0000
TG00003750,T00016,ELG,1.07102371,0.797890,1.0000
TG00003751,T00016,ELG,1.00293715,1.262510,1.0000
TG00003752,T00016,ELG,0.33905911,1.217423,1.0000
TG00003753,T00016,ELG,0.27832656,1.019365,1.0000
TG00003754,T00016,ELG,0.29345507,1.318692,1.0000
TG00003755,T00016,ELG,0.70685244,1.190631,1.0000
TG00003756,T00016,ELG,0.24774430,1.184427,1.0000
TG00003757,T00016,ELG,0.53777645,1.295222,1.0000
TG00003758,T00016,ELG,1.39686968,1.163671,1.0000
TG00003759,T00016,ELG,0.87149792,1.096150,1.0000
TG00003760,T00016,ELG,0.58305395,1.033264,1.0000
TG00003761,T00016,ELG,1.27931470,1.403646,1.0000
TG00003762,T00016,ELG,0.33369512,1.296146,1.0000
TG00003763,T00016,ELG,0.82129789,1.107847,1.0000
TG00003764,T00016,ELG,0.55186405,1.598485,1.0000
TG00003765,T00016,ELG,0.59748876,0.870231,1.0000
TG00003766,T00016,ELG,0.49551177,0.849378,1.0000
TG00003767,T00016,ELG,0.44689083,1.300400,1.0000
TG00003768,T00016,ELG,0.41666162,1.343533,1.0000
TG00003769,T00016,ELG,0.51080445,0.929725,1.0000
TG00003770,T00016,ELG,0.80042991,0.182514,1.0000
TG00003771,T00016,ELG,0.85035403,0.952669,1.0000
TG00003772,T00016,ELG,0.58249498,0.290862,1.0000
TG00003773,T00016,ELG,0.22033867,1.455004,1.0000
TG00003774,T00016,ELG,0.48717246,1.409479,1.0000
TG00003775,T00016,ELG,0.55332935,0.821426,1.0000
TG00003776,T00016,ELG,0.33511113,0.860037,1.0000
TG00003777,T00016,ELG,0.42576705,1.102651,1.0000
TG00003778,T00016,ELG,0.67493470,1.388395,1.0000
TG00003779,T00016,ELG,0.36960206,0.595351,1.0000
TG00003780,T00016,ELG,0.36222996,0.622538,1.0000
TG00003781,T00016,ELG,0.34228205,1.195523,1.0000
TG00003782,T00016,ELG,0.69511552,1.045423,1.0000
TG00003783,T00016,ELG,0.80090694,1.209049,1.0000
TG00003784,T00016,ELG,0.35398940,1.167416,1.0000
TG00003785,T00016,ELG,0.80782100,0.991329,1.0000
TG00003786,T00016,ELG,0.47834446,1.115108,1.0000
TG00003787,T00016,ELG,0.46381153,0.502759,1.0000
TG00003788,T00016,ELG,0.67431571,0.959367,1.0000
TG00003789,T00016,ELG,0.66944860,0.423591,1.0000
TG00003790,T00016,ELG,0.50812766,0.684405,1.0000
TG00003791,T00016,ELG,0.68211203,1.004169,1.0000
TG00003792,T00016,ELG,0.31576152,0.591747,1.0000
TG00003793,T00016,ELG,0.79389080,1.338950,1.0000
TG00003794,T00016,ELG,0.57239869,1.041656,1.0000
TG00003795,T00016,ELG,1.08947469,0.635219,1.0000
TG00003796,T00016,ELG,0.92537741,0.526808,1.0000
TG00003797,T00016,ELG,0.42721807,1.102085,1.0000
TG00003798,T00016,ELG,0.37177053,1.108137,1.0000
TG00003799,T00016,ELG,0.38805403,0.345044,1.0000
TG00003800,T00016,ELG,0.42254478,1.670631,1.0000
TG00003801,T00016,ELG,0.50224251,1.176253,1.0000
TG00003802,T00016,ELG,0.35989682,0.774420,1.0000
TG00003803,T00016,ELG,0.45248163,1.662144,1.0000
TG00003804,T00016,ELG,0.73750010,0.959023,1.0000
TG00003805,T00016,ELG,0.34260366,1.031356,1.0000
TG00003806,T00016,ELG,0.68308935,1.024554,1.0000
TG00003807,T00016,ELG,0.35137531,1.301152,1.0000
TG00003808,T00016,ELG,0.79345621,1.021779,1.0000
TG00003809,T00016,ELG,0.72356760,0.307367,1.0000
TG00003810,T00016,ELG,0.57501755,0.906401,1.0000
TG00003811,T00016,ELG,0.60669254,1.035367,1.0000
TG00003812,T00016,ELG,0.28918959,1.065458,1.0000
TG00003813,T00016,ELG,0.39506491,1.330856,1.0000
TG00003814,T00016,ELG,0.52941300,1.842763,1.0000
TG00003815,T00016,ELG,0.59843986,0.775725,1.0000
TG00003816,T00016,ELG,0.44630181,1.183338,1.0000
TG00003817,T00016,ELG,0.49428681,1.051299,1.0000
TG00003818,T00016,ELG,0.58842882,1.420083,1.0000
TG00003819,T00016,ELG,0.41638931,1.595335,1.0000
TG00003820,T00016,ELG,0.57037553,0.995729,1.0000
TG00003821,T00016,ELG,0.20630376,1.424115,1.0000
TG00003822,T00016,QSO,0.09368604,2.977110,1.7000
TG00003823,T00016,QSO,0.24360116,1.817839,1.7000
TG00003824,T00016,QSO,0.14041480,1.370875,1.7000
TG00003825,T00016,QSO,0.15931106,0.580596,1.7000
TG00003826,T00016,QSO,0.16478269,2.435898,1.7000
TG00003827,T00016,QSO,0.18450722,1.431930,1.7000
TG00003828,T00016,QSO,0.13722764,2.381793,1.7000
TG00003829,T00016,QSO,0.54770960,2.058702,1.7000
TG00003830,T00016,QSO,0.23221529,2.280837,1.7000
TG00003831,T00016,QSO,0.11525910,1.505872,1.7000
TG00003832,T00016,QSO,0.21796276,2.876150,1.7000
TG00003833,T00016,QSO,0.05459250,2.318721,1.7000
TG00003834,T00016,QSO,0.44216509,1.908469,1.7000
TG00003835,T00016,QSO,0.17471074,1.775781,1.7000
TG00003836,T00016,QSO,0.20748273,3.499760,1.7000
TG00003837,T00016,QSO,0.32983693,1.699369,1.7000
TG00003838,T00016,QSO,0.23097457,3.141129,1.7000
TG00003839,T00016,QSO,0.15830672,1.542922,1.7000
TG00003840,T00016,BGS,1.75488294,0.037440,0.4500
TG00003841,T00016,BGS,0.97289619,0.099284,0.4500
TG00003842,T00016,BGS,1.24070002,0.233441,0.4500
TG00003843,T00016,BGS,0.59252593,0.388731,0.4500
TG00003844,T00016,BGS,1.31987801,0.326808,0.4500
TG00003845,T00016,BGS,1.88451966,0.348365,0.4500
TG00003846,T00016,BGS,1.92832469,0.260713,0.4500
TG00003847,T00016,BGS,1.43953075,0.123540,0.4500
TG00003848,T00016,BGS,2.44909291,0.172780,0.4500
TG00003849,T00016,BGS,1.40524836,0.175285,0.4500
TG00003850,T00016,BGS,2.31457262,0.262291,0.4500
TG00003851,T00016,BGS,1.20729716,0.151542,0.4500
TG00003852,T00016,BGS,1.42711235,0.118322,0.4500
TG00003853,T00016,BGS,1.26955293,0.310800,0.4500
TG00003854,T00016,BGS,2.64289585,0.290595,0.4500
TG00003855,T00016,BGS,1.20898506,0.213254,0.4500
TG00003856,T00016,BGS,1.12128963,0.184589,0.4500
TG00003857,T00016,BGS,1.08951539,0.265719,0.4500
TG00003858,T00016,BGS,0.63550807,0.208256,0.4500
TG00003859,T00016,BGS,1.44183986,0.262725,0.4500
TG00003860,T00016,BGS,0.84008974,0.333372,0.4500
TG00003861,T00016,BGS,1.40741401,0.289319,0.4500
TG00003862,T00016,BGS,1.39032686,0.382532,0.4500
TG00003863,T00016,BGS,1.49938568,0.067415,0.4500
TG00003864,T00016,BGS,0.90321771,0.260777,0.4500
TG00003865,T00016,BGS,1.92840829,0.164811,0.4500
TG00003866,T00016,BGS,0.85210773,0.097708,0.4500
TG00003867,T00016,BGS,1.00761251,0.276030,0.4500
TG00003868,T00016,BGS,1.72401654,0.137348,0.4500
TG00003869,T00016,BGS,1.07674585,0.395828,0.4500
TG00003870,T00016,BGS,1.29906437,0.415605,0.4500
TG00003871,T00016,BGS,0.95454868,0.275630,0.4500
TG00003872,T00016,BGS,0.82678348,0.217963,0.4500
TG00003873,T00016,BGS,0.95878816,0.162230,0.4500
TG00003874,T00016,BGS,0.82095589,0.163599,0.4500
TG00003875,T00016,BGS,2.12615837,0.309692,0.4500
TG00003876,T00016,BGS,1.73999743,0.172454,0.4500
TG00003877,T00016,BGS,0.95501913,0.350584,0.4500
TG00003878,T00016,BGS,1.40373548,0.091308,0.4500
TG00003879,T00016,BGS,2.49075297,0.185806,0.4500
TG00003880,T00016,BGS,1.35095511,0.152034,0.4500
TG00003881,T00016,BGS,1.22008049,0.154964,0.4500
TG00003882,T00016,BGS,1.45482095,0.197507,0.4500
TG00003883,T00016,BGS,0.84227525,0.082423,0.4500
TG00003884,T00016,BGS,0.62059883,0.163433,0.4500
TG00003885,T00016,BGS,1.53033088,0.354792,0.4500
TG00003886,T00016,BGS,2.24936416,0.200933,0.4500
TG00003887,T00016,BGS,0.99115249,0.204064,0.4500
TG00003888,T00016,BGS,1.80333755,0.312974,0.4500
TG00003889,T00016,BGS,2.02609873,0.318722,0.4500
TG00003890,T00016,BGS,1.64361000,0.265042,0.4500
TG00003891,T00016,BGS,1.47123362,0.163593,0.4500
TG00003892,T00016,BGS,0.93018010,0.269083,0.4500
TG00003893,T00016,BGS,0.82546612,0.119695,0.4500
TG00003894,T00016,BGS,0.87881907,0.114074,0.4500
TG00003895,T00016,BGS,1.02310700,0.262230,0.4500
TG00003896,T00016,BGS,0.56632875,0.030326,0.4500
TG00003897,T00016,BGS,0.95999807,0.342199,0.4500
TG00003898,T00016,BGS,1.25896651,0.144293,0.4500
TG00003899,T00016,BGS,1.23215891,0.241971,0.4500
TG00003900,T00016,BGS,0.87027875,0.110533,0.4500
TG00003901,T00016,BGS,1.63343939,0.267066,0.4500
TG00003902,T00016,BGS,1.03125332,0.235359,0.4500
TG00003903,T00016,BGS,1.24297780,0.127327,0.4500
TG00003904,T00016,BGS,1.00180320,0.149927,0.4500
TG00003905,T00016,BGS,1.38805416,0.186293,0.4500
TG00003906,T00016,BGS,1.16674012,0.186031,0.4500
TG00003907,T00017,LRG,0.33754386,0.589449,1.0000
TG00003908,T00017,LRG,0.42398167,0.548018,1.0000
TG00003909,T00017,LRG,0.41623947,0.827062,1.0000
TG00003910,T00017,LRG,0.38538037,0.621972,1.0000
TG00003911,T00017,LRG,0.27536085,0.557514,1.0000
TG00003912,T00017,LRG,0.29910840,0.643621,1.0000
TG00003913,T00017,LRG,0.32277581,0.806512,1.0000
TG00003914,T00017,LRG,0.40828404,0.487115,1.0000
TG00003915,T00017,LRG,0.38376669,0.704412,1.0000
TG00003916,T00017,LRG,0.22733064,0.372196,1.0000
TG00003917,T00017,LRG,0.40206767,0.728283,1.0000
TG00003918,T00017,LRG,0.22960474,0.645302,1.0000
TG00003919,T00017,LRG,0.72641298,0.185192,1.0000
TG00003920,T00017,LRG,0.60251237,0.608846,1.0000
TG00003921,T00017,LRG,0.26342143,0.652394,1.0000
TG00003922,T00017,LRG,0.51256809,0.543247,1.0000
TG00003923,T00017,LRG,0.16879276,1.122346,1.0000
TG00003924,T00017,LRG,0.16946005,0.816085,1.0000
TG00003925,T00017,LRG,0.22558952,0.762757,1.0000
TG00003926,T00017,LRG,0.34982181,0.369543,1.0000
TG00003927,T00017,LRG,0.43931178,0.642151,1.0000
TG00003928,T00017,LRG,0.26332466,0.833802,1.0000
TG00003929,T00017,LRG,0.44847021,0.388473,1.0000
TG00003930,T00017,LRG,0.30149399,0.798361,1.0000
TG00003931,T00017,LRG,0.40796781,0.899218,1.0000
TG00003932,T00017,LRG,0.45045647,0.860935,1.0000
TG00003933,T00017,LRG,0.22051145,0.714427,1.0000
TG00003934,T00017,LRG,0.43017983,0.659306,1.0000
TG00003935,T00017,LRG,0.34249026,0.934956,1.0000
TG00003936,T00017,LRG,0.39065295,1.012414,1.0000
TG00003937,T00017,LRG,0.19026285,0.463471,1.0000
TG00003938,T00017,LRG,0.43683608,0.820256,1.0000
TG00003939,T00017,LRG,0.43696263,0.642444,1.0000
TG00003940,T00017,LRG,0.23422411,0.605291,1.0000
TG00003941,T00017,LRG,0.65916935,0.733264,1.0000
TG00003942,T00017,LRG,0.31693077,0.909347,1.0000
TG00003943,T00017,LRG,0.45561129,0.479131,1.0000
TG00003944,T00017,LRG,0.34518578,0.740859,1.0000
TG00003945,T00017,LRG,0.45728097,0.746730,1.0000
TG00003946,T00017,LRG,0.44508862,0.726842,1.0000
TG00003947,T00017,LRG,0.23499939,0.748436,1.0000
TG00003948,T00017,LRG,0.81651711,0.600238,1.0000
TG00003949,T00017,LRG,0.38264693,0.847768,1.0000
TG00003950,T00017,LRG,0.42989097,0.606221,1.0000
TG00003951,T00017,LRG,0.29323869,0.781504,1.0000
TG00003952,T00017,LRG,0.30625093,0.954840,1.0000
TG00003953,T00017,LRG,0.23076684,0.959175,1.0000
TG00003954,T00017,LRG,0.31997952,0.514732,1.0000
TG00003955,T00017,LRG,0.26722092,0.618536,1.0000
TG00003956,T00017,LRG,0.61803347,0.591799,1.0000
TG00003957,T00017,LRG,0.53920845,0.296043,1.0000
TG00003958,T00017,LRG,0.23467243,0.570233,1.0000
TG00003959,T00017,LRG,0.34101459,0.762718,1.0000
TG00003960,T00017,LRG,0.34779546,0.658281,1.0000
TG00003961,T00017,LRG,0.53075964,0.869382,1.0000
TG00003962,T00017,LRG,0.31440130,0.579302,1.0000
TG00003963,T00017,ELG,0.50417293,0.895390,1.0000
TG00003964,T00017,ELG,0.41595346,1.059252,1.0000
TG00003965,T00017,ELG,0.56283049,0.284900,1.0000
TG00003966,T00017,ELG,0.68126781,0.917330,1.0000
TG00003967,T00017,ELG,0.46722782,1.100686,1.0000
TG00003968,T00017,ELG,0.43188343,1.537363,1.0000
TG00003969,T00017,ELG,0.47108573,1.238160,1.0000
TG00003970,T00017,ELG,0.63346656,1.456738,1.0000
TG00003971,T00017,ELG,0.35528893,1.087108,1.0000
TG00003972,T00017,ELG,0.33031904,1.362289,1.0000
TG00003973,T00017,ELG,1.24312682,0.993167,1.0000
TG00003974,T00017,ELG,1.05563951,1.328946,1.0000
TG00003975,T00017,ELG,0.58467227,1.175170,1.0000
TG00003976,T00017,ELG,0.29559506,0.993405,1.0000
TG00003977,T00017,ELG,0.42576627,0.625371,1.0000
TG00003978,T00017,ELG,0.48461156,1.131118,1.0000
TG00003979,T00017,ELG,0.77598490,1.069928,1.0000
TG00003980,T00017,ELG,0.29499171,1.206857,1.0000
TG00003981,T00017,ELG,0.75633443,1.116179,1.0000
TG00003982,T00017,ELG,0.36418438,1.285392,1.0000
TG00003983,T00017,ELG,0.46656034,0.935705,1.0000
TG00003984,T00017,ELG,0.58552383,1.283587,1.0000
TG00003985,T00017,ELG,0.47079775,1.069874,1.0000
TG00003986,T00017,ELG,1.02667010,1.220913,1.0000
TG00003987,T00017,ELG,1.00231109,1.232045,1.0000
TG00003988,T00017,ELG,0.27726063,1.142293,1.0000
TG00003989,T00017,ELG,0.95937088,1.219679,1.0000
TG00003990,T00017,ELG,0.44068740,1.064986,1.0000
TG00003991,T00017,ELG,0.95115278,0.829037,1.0000
TG00003992,T00017,ELG,0.50943585,1.087319,1.0000
TG00003993,T00017,ELG,0.68325122,1.678071,1.0000
TG00003994,T00017,ELG,0.47338079,0.696565,1.0000
TG00003995,T00017,ELG,0.29241411,1.128078,1.0000
TG00003996,T00017,ELG,0.55316730,1.107265,1.0000
TG00003997,T00017,ELG,0.59202575,0.941409,1.0000
TG00003998,T00017,ELG,0.46902994,1.205148,1.0000
TG00003999,T00017,ELG,0.65367278,0.820490,1.0000
TG00004000,T00017,ELG,1.00417195,1.051579,1.0000
TG00004001,T00017,ELG,0.73231983,1.203172,1.0000
TG00004002,T00017,ELG,0.64863921,0.664759,1.0000
TG00004003,T00017,ELG,0.64089308,0.536758,1.0000
TG00004004,T00017,ELG,0.75367289,1.776969,1.0000
TG00004005,T00017,ELG,0.51090789,1.139805,1.0000
TG00004006,T00017,ELG,0.70154226,1.016317,1.0000
TG00004007,T00017,ELG,1.10037041,1.396074,1.0000
TG00004008,T00017,ELG,0.85492506,1.081302,1.0000
TG00004009,T00017,ELG,0.82735004,1.777881,1.0000
TG00004010,T00017,ELG,0.84214660,1.347341,1.0000
TG00004011,T00017,ELG,0.43877501,1.308785,1.0000
TG00004012,T00017,ELG,0.30823912,0.920392,1.0000
TG00004013,T00017,ELG,0.96514234,0.463873,1.0000
TG00004014,T00017,ELG,0.63570405,1.632030,1.0000
TG00004015,T00017,ELG,0.41610798,1.125963,1.0000
TG00004016,T00017,ELG,0.42061407,0.877052,1.0000
TG00004017,T00017,ELG,0.73319026,1.014574,1.0000
TG00004018,T00017,ELG,0.58251021,1.275090,1.0000
TG00004019,T00017,ELG,0.90056837,1.461913,1.0000
TG00004020,T00017,ELG,0.37776203,0.933826,1.0000
TG00004021,T00017,ELG,0.66547975,1.349355,1.0000
TG00004022,T00017,ELG,0.36489939,1.146324,1.0000
TG00004023,T00017,ELG,0.68679972,0.612413,1.0000
TG00004024,T00017,ELG,0.62423354,0.819091,1.0000
TG00004025,T00017,ELG,0.20061998,1.438182,1.0000
TG00004026,T00017,ELG,0.30772060,1.575820,1.0000
TG00004027,T00017,ELG,2.02495057,1.119202,1.0000
TG00004028,T00017,ELG,0.65832774,0.778644,1.0000
TG00004029,T00017,ELG,0.15188756,1.229087,1.0000
TG00004030,T00017,ELG,0.85690252,1.163972,1.0000
TG00004031,T00017,ELG,0.55830570,0.735172,1.0000
TG00004032,T00017,ELG,0.78048692,1.314111,1.0000
TG00004033,T00017,ELG,0.89290603,0.460607,1.0000
TG00004034,T00017,ELG,0.43093520,1.150897,1.0000
TG00004035,T00017,ELG,0.45150897,1.004789,1.0000
TG00004036,T00017,ELG,0.43577393,1.247027,1.0000
TG00004037,T00017,ELG,0.55417750,1.293514,1.0000
TG00004038,T00017,ELG,1.18935091,1.067221,1.0000
TG00004039,T00017,ELG,0.62120397,1.088928,1.0000
TG00004040,T00017,ELG,0.45275741,1.194423,1.0000
TG00004041,T00017,ELG,0.54776051,0.867912,1.0000
TG00004042,T00017,ELG,0.38211070,1.278871,1.0000
TG00004043,T00017,ELG,0.61982410,0.964483,1.0000
TG00004044,T00017,ELG,0.42293885,0.729968,1.0000
TG00004045,T00017,ELG,1.20386456,1.171483,1.0000
TG00004046,T00017,ELG,0.43753383,1.377041,1.0000
TG00004047,T00017,ELG,0.40099814,1.263044,1.0000
TG00004048,T00017,ELG,0.93206235,0.660023,1.0000
TG00004049,T00017,ELG,0.59526762,0.637920,1.0000
TG00004050,T00017,ELG,0.53229572,1.539592,1.0000
TG00004051,T00017,ELG,0.60517658,0.964134,1.0000
TG00004052,T00017,ELG,0.65403238,1.143850,1.0000
TG00004053,T00017,ELG,0.71664768,1.135376,1.0000
TG00004054,T00017,ELG,0.41881210,1.178765,1.0000
TG00004055,T00017,ELG,0.39423056,1.017571,1.0000
TG00004056,T00017,ELG,0.42699089,1.369318,1.0000
TG00004057,T00017,ELG,0.42888589,0.996140,1.0000
TG00004058,T00017,ELG,0.31893781,1.596253,1.0000
TG00004059,T00017,ELG,0.46940656,1.043207,1.0000
TG00004060,T00017,ELG,0.44806902,0.758684,1.0000
TG00004061,T00017,ELG,0.28078141,0.862854,1.0000
TG00004062,T00017,ELG,0.42279110,0.782143,1.0000
TG00004063,T00017,ELG,0.52582788,0.973382,1.0000
TG00004064,T00017,ELG,0.31765600,0.775002,1.0000
TG00004065,T00017,ELG,0.32960537,1.374592,1.0000
TG00004066,T00017,ELG,0.23930551,1.071313,1.0000
TG00004067,T00017,QSO,0.24408789,2.672416,1.7000
TG00004068,T00017,QSO,0.13634009,2.604873,1.7000
TG00004069,T00017,QSO,0.13618922,2.360430,1.7000
TG00004070,T00017,QSO,0.27581604,3.008836,1.7000
TG00004071,T00017,QSO,0.20348756,2.014504,1.7000
TG00004072,T00017,QSO,0.23293989,2.173964,1.7000
TG00004073,T00017,QSO,0.40852213,0.503634,1.7000
TG00004074,T00017,QSO,0.18264166,2.260640,1.7000
TG00004075,T00017,QSO,0.30290311,2.552888,1.7000
TG00004076,T00017,QSO,0.11136262,2.165391,1.7000
TG00004077,T00017,QSO,0.14342603,1.183234,1.7000
TG00004078,T00017,QSO,0.12636628,1.863626,1.7000
TG00004079,T00017,QSO,0.24092300,1.273750,1.7000
TG00004080,T00017,QSO,0.48637875,1.570714,1.7000
TG00004081,T00017,QSO,0.11914917,2.516327,1.7000
TG00004082,T00017,QSO,0.24301290,1.060642,1.7000
TG00004083,T00017,QSO,0.10279262,2.359573,1.7000
TG00004084,T00017,QSO,0.08978420,1.645837,1.7000
TG00004085,T00017,QSO,0.13109158,2.240599,1.7000
TG00004086,T00017,QSO,0.23126801,1.678480,1.7000
TG00004087,T00017,QSO,0.40757072,2.728640,1.7000
TG00004088,T00017,QSO,0.22991034,0.572250,1.7000
TG00004089,T00017,BGS,1.28880534,0.259446,0.4500
TG00004090,T00017,BGS,1.78560818,0.164986,0.4500
TG00004091,T00017,BGS,1.61110695,0.195130,0.4500
TG00004092,T00017,BGS,1.12552691,0.168950,0.4500
TG00004093,T00017,BGS,0.98807706,0.082944,0.4500
TG00004094,T00017,BGS,1.51929062,0.259550,0.4500
TG00004095,T00017,BGS,1.04162324,0.178206,0.4500
TG00004096,T00017,BGS,1.07087428,0.274804,0.4500
TG00004097,T00017,BGS,1.88865550,0.311893,0.4500
TG00004098,T00017,BGS,1.59964764,0.187807,0.4500
TG00004099,T00017,BGS,2.54069620,0.356080,0.4500
TG00004100,T00017,BGS,0.75584789,0.112812,0.4500
TG00004101,T00017,BGS,1.17062129,0.338767,0.4500
TG00004102,T00017,BGS,1.11208056,0.291254,0.4500
TG00004103,T00017,BGS,1.19270238,0.281233,0.4500
TG00004104,T00017,BGS,1.27755726,0.035883,0.4500
TG00004105,T00017,BGS,0.79541090,0.170157,0.4500
TG00004106,T00017,BGS,2.51993334,0.197907,0.4500
TG00004107,T00017,BGS,1.25531258,0.093390,0.4500
TG00004108,T00017,BGS,1.33124528,0.249843,0.4500
TG00004109,T00017,BGS,1.38968907,0.055373,0.4500
TG00004110,T00017,BGS,2.04330227,0.203334,0.4500
TG00004111,T00017,BGS,1.75849293,0.217362,0.4500
TG00004112,T00017,BGS,0.87903243,0.150070,0.4500
TG00004113,T00017,BGS,1.30717154,0.214392,0.4500
TG00004114,T00017,BGS,1.47266504,0.254904,0.4500
TG00004115,T00017,BGS,1.04711767,0.136693,0.4500
TG00004116,T00017,BGS,0.74850470,0.393458,0.4500
TG00004117,T00017,BGS,1.40330473,0.158834,0.4500
TG00004118,T00017,BGS,1.23951525,0.371877,0.4500
TG00004119,T00017,BGS,0.81040939,0.178144,0.4500
TG00004120,T00017,BGS,1.17153093,0.428472,0.4500
TG00004121,T00017,BGS,1.35448707,0.259830,0.4500
TG00004122,T00017,BGS,1.13806314,0.141862,0.4500
TG00004123,T00017,BGS,0.97441676,0.130901,0.4500
TG00004124,T00017,BGS,1.28371945,0.110904,0.4500
TG00004125,T00017,BGS,1.78860682,0.232446,0.4500
TG00004126,T00017,BGS,1.30393953,0.105060,0.4500
TG00004127,T00017,BGS,0.92394878,0.060702,0.4500
TG00004128,T00017,BGS,1.52483744,0.354565,0.4500
TG00004129,T00017,BGS,1.97345692,0.277379,0.4500
TG00004130,T00017,BGS,1.21344155,0.285857,0.4500
TG00004131,T00017,BGS,1.09676475,0.147134,0.4500
TG00004132,T00017,BGS,0.92268132,0.210596,0.4500
TG00004133,T00017,BGS,2.03921680,0.334557,0.4500
TG00004134,T00017,BGS,1.75433186,0.064926,0.4500
TG00004135,T00017,BGS,1.19726024,0.045543,0.4500
TG00004136,T00017,BGS,1.84589817,0.297016,0.4500
TG00004137,T00017,BGS,1.09470039,0.243958,0.4500
TG00004138,T00017,BGS,0.79307610,0.084236,0.4500
TG00004139,T00017,BGS,1.10319321,0.182330,0.4500
TG00004140,T00017,BGS,1.42414268,0.191946,0.4500
TG00004141,T00017,BGS,1.65517436,0.416122,0.4500
TG00004142,T00017,BGS,1.17781731,0.211750,0.4500
TG00004143,T00017,BGS,1.99322560,0.082524,0.4500
TG00004144,T00017,BGS,1.02577382,0.323586,0.4500
TG00004145,T00017,BGS,1.33925147,0.273991,0.4500
TG00004146,T00017,BGS,1.56362035,0.153665,0.4500
TG00004147,T00017,BGS,1.02785414,0.288647,0.4500
TG00004148,T00017,BGS,2.32431424,0.167431,0.4500
TG00004149,T00017,BGS,0.90087990,0.295572,0.4500
TG00004150,T00017,BGS,1.11429498,0.280934,0.4500
TG00004151,T00017,BGS,1.96360976,0.174630,0.4500
TG00004152,T00017,BGS,1.50794046,0.145413,0.4500
TG00004153,T00017,BGS,1.22438542,0.190230,0.4500
TG00004154,T00017,BGS,0.75209822,0.260751,0.4500
TG00004155,T00017,BGS,1.77445981,0.224595,0.4500
TG00004156,T00017,BGS,1.00849645,0.181762,0.4500
TG00004157,T00017,BGS,0.81804024,0.181101,0.4500
TG00004158,T00017,BGS,0.67346345,0.336011,0.4500
TG00004159,T00017,BGS,1.27528947,0.463932,0.4500
TG00004160,T00017,BGS,1.77724914,0.207846,0.4500
TG00004161,T00017,BGS,1.20456436,0.179684,0.4500
TG00004162,T00017,BGS,1.56954084,0.248805,0.4500
TG00004163,T00017,BGS,2.65132026,0.285897,0.4500
TG00004164,T00017,BGS,0.96965053,0.269967,0.4500
TG00004165,T00017,BGS,2.61080791,0.316397,0.4500
TG00004166,T00017,BGS,0.59446584,0.293211,0.4500
TG00004167,T00017,BGS,1.32804945,0.267001,0.4500
TG00004168,T00017,BGS,1.28403340,0.161836,0.4500
TG00004169,T00017,BGS,1.12826494,0.310372,0.4500
TG00004170,T00017,BGS,1.62021814,0.154692,0.4500
TG00004171,T00017,BGS,1.33873024,0.292050,0.4500
TG00004172,T00017,BGS,0.92710604,0.308601,0.4500
TG00004173,T00017,BGS,0.97004060,0.299505,0.4500
TG00004174,T00017,BGS,1.23393079,0.293029,0.4500
TG00004175,T00017,BGS,1.12211920,0.197594,0.4500
TG00004176,T00017,BGS,1.28526827,0.093717,0.4500
TG00004177,T00017,BGS,1.15527526,0.234653,0.4500
TG00004178,T00017,BGS,1.74000466,0.213153,0.4500
TG00004179,T00017,BGS,1.04956509,0.230461,0.4500
TG00004180,T00018,LRG,0.38961473,0.683334,1.0000
TG00004181,T00018,LRG,0.37880382,0.748316,1.0000
TG00004182,T00018,LRG,0.30051451,0.854498,1.0000
TG00004183,T00018,LRG,0.30051571,0.974194,1.0000
TG00004184,T00018,LRG,0.29181811,0.550834,1.0000
TG00004185,T00018,LRG,0.31740280,0.904180,1.0000
TG00004186,T00018,LRG,0.33704124,0.650512,1.0000
TG00004187,T00018,LRG,0.53847293,0.636497,1.0000
TG00004188,T00018,LRG,0.28319821,0.511678,1.0000
TG00004189,T00018,LRG,0.39099219,0.773757,1.0000
TG00004190,T00018,LRG,0.19712009,0.634507,1.0000
TG00004191,T00018,LRG,0.13004776,0.620379,1.0000
TG00004192,T00018,LRG,0.37442230,0.958674,1.0000
TG00004193,T00018,LRG,0.50782279,0.932459,1.0000
TG00004194,T00018,LRG,0.25259540,0.940662,1.0000
TG00004195,T00018,LRG,0.39555658,0.718741,1.0000
TG00004196,T00018,LRG,0.24336415,0.435806,1.0000
TG00004197,T00018,LRG,0.33075466,0.415607,1.0000
TG00004198,T00018,LRG,0.42421629,0.613563,1.0000
TG00004199,T00018,LRG,0.37275268,0.779490,1.0000
TG00004200,T00018,LRG,0.34133554,0.555918,1.0000
TG00004201,T00018,LRG,0.50398064,0.929842,1.0000
TG00004202,T00018,LRG,0.25311615,0.854511,1.0000
TG00004203,T00018,LRG,0.53843746,0.657228,1.0000
TG00004204,T00018,LRG,0.15880410,0.860084,1.0000
TG00004205,T00018,LRG,0.45913713,0.469492,1.0000
TG00004206,T00018,LRG,0.30227084,0.686642,1.0000
TG00004207,T00018,LRG,0.47461014,1.062819,1.0000
TG00004208,T00018,LRG,0.47155386,0.519620,1.0000
TG00004209,T00018,LRG,0.24075974,0.831815,1.0000
TG00004210,T00018,LRG,0.27624011,0.873873,1.0000
TG00004211,T00018,LRG,0.47298851,0.937097,1.0000
TG00004212,T00018,LRG,0.34802530,0.597389,1.0000
TG00004213,T00018,LRG,0.15230797,0.889604,1.0000
TG00004214,T00018,LRG,0.30161645,0.818018,1.0000
TG00004215,T00018,LRG,0.36089582,0.942126,1.0000
TG00004216,T00018,LRG,0.20180715,0.746825,1.0000
TG00004217,T00018,LRG,0.44961389,0.352520,1.0000
TG00004218,T00018,LRG,0.58603869,0.499449,1.0000
TG00004219,T00018,LRG,0.38167917,0.718917,1.0000
TG00004220,T00018,LRG,0.39366588,0.558364,1.0000
TG00004221,T00018,LRG,0.27479319,0.720018,1.0000
TG00004222,T00018,LRG,0.31894710,0.389207,1.0000
TG00004223,T00018,LRG,0.48471432,0.732235,1.0000
TG00004224,T00018,LRG,0.53153133,0.524268,1.0000
TG00004225,T00018,LRG,0.39120392,0.702223,1.0000
TG00004226,T00018,LRG,0.35246436,0.604729,1.0000
TG00004227,T00018,LRG,0.17995287,0.724907,1.0000
TG00004228,T00018,LRG,0.28095572,0.731128,1.0000
TG00004229,T00018,LRG,0.54979785,0.807447,1.0000
TG00004230,T00018,LRG,0.40656173,0.522096,1.0000
TG00004231,T00018,LRG,0.55954560,0.613800,1.0000
TG00004232,T00018,LRG,0.13625817,0.929258,1.0000
TG00004233,T00018,LRG,0.32245786,1.041420,1.0000
TG00004234,T00018,LRG,0.35089022,0.674014,1.0000
TG00004235,T00018,LRG,0.32126985,0.510376,1.0000
TG00004236,T00018,LRG,0.40890904,0.601193,1.0000
TG00004237,T00018,LRG,0.54293166,0.981068,1.0000
TG00004238,T00018,LRG,0.30627258,0.440769,1.0000
TG00004239,T00018,LRG,0.30655129,0.731211,1.0000
TG00004240,T00018,LRG,0.44217233,0.666393,1.0000
TG00004241,T00018,LRG,0.37286156,0.666305,1.0000
TG00004242,T00018,LRG,0.30158739,0.756622,1.0000
TG00004243,T00018,LRG,0.85416981,0.704389,1.0000
TG00004244,T00018,LRG,0.44123230,0.631667,1.0000
TG00004245,T00018,LRG,0.36170832,0.920493,1.0000
TG00004246,T00018,ELG,0.43647527,1.157554,1.0000
TG00004247,T00018,ELG,0.37608931,1.167088,1.0000
TG00004248,T00018,ELG,0.33915382,1.470185,1.0000
TG00004249,T00018,ELG,1.04569890,1.364473,1.0000
TG00004250,T00018,ELG,0.52808053,0.751250,1.0000
TG00004251,T00018,ELG,0.33581415,1.294362,1.0000
TG00004252,T00018,ELG,0.45269347,1.203573,1.0000
TG00004253,T00018,ELG,0.38758540,0.884741,1.0000
TG00004254,T00018,ELG,0.74842630,1.274464,1.0000
TG00004255,T00018,ELG,0.41552157,0.367128,1.0000
TG00004256,T00018,ELG,0.36803016,0.878134,1.0000
TG00004257,T00018,ELG,0.65099783,1.031679,1.0000
TG00004258,T00018,ELG,0.98967011,1.361791,1.0000
TG00004259,T00018,ELG,0.46103952,1.232448,1.0000
TG00004260,T00018,ELG,0.57758145,0.500596,1.0000
TG00004261,T00018,ELG,0.99908183,1.035043,1.0000
TG00004262,T00018,ELG,0.45915720,1.305206,1.0000
TG00004263,T00018,ELG,0.54560613,0.849912,1.0000
TG00004264,T00018,ELG,0.90454113,1.546847,1.0000
TG00004265,T00018,ELG,0.29304758,1.404254,1.0000
TG00004266,T00018,ELG,0.86004122,1.114469,1.0000
TG00004267,T00018,ELG,0.46161145,1.023915,1.0000
TG00004268,T00018,ELG,0.46589300,0.774847,1.0000
TG00004269,T00018,ELG,0.65087117,0.605481,1.0000
TG00004270,T00018,ELG,0.72776496,1.714319,1.0000
TG00004271,T00018,ELG,0.54711722,0.842150,1.0000
TG00004272,T00018,ELG,0.89296617,1.012668,1.0000
TG00004273,T00018,ELG,0.50306898,1.485738,1.0000
TG00004274,T00018,ELG,0.54430798,1.065949,1.0000
TG00004275,T00018,ELG,0.38678615,0.893205,1.0000
TG00004276,T00018,ELG,0.79474668,0.898853,1.0000
TG00004277,T00018,ELG,0.47911887,1.474422,1.0000
TG00004278,T00018,ELG,0.43410144,1.009115,1.0000
TG00004279,T00018,ELG,0.77647350,1.160734,1.0000
TG00004280,T00018,ELG,0.33352372,1.084204,1.0000
TG00004281,T00018,ELG,0.62857598,1.561593,1.0000
TG00004282,T00018,ELG,0.47362313,1.032538,1.0000
TG00004283,T00018,ELG,0.59459634,1.043702,1.0000
TG00004284,T00018,ELG,0.28583441,1.371355,1.0000
TG00004285,T00018,ELG,0.42636962,0.707008,1.0000
TG00004286,T00018,ELG,0.47949558,0.699536,1.0000
TG00004287,T00018,ELG,1.33421966,1.337190,1.0000
TG00004288,T00018,ELG,0.30131921,1.514204,1.0000
TG00004289,T00018,ELG,0.86756426,0.735699,1.0000
TG00004290,T00018,ELG,0.96425427,0.966394,1.0000
TG00004291,T00018,ELG,0.66143954,1.324952,1.0000
TG00004292,T00018,ELG,0.44357400,1.059824,1.0000
TG00004293,T00018,ELG,0.81163611,1.362164,1.0000
TG00004294,T00018,ELG,0.42261228,1.529928,1.0000
TG00004295,T00018,ELG,1.33564056,0.448526,1.0000
TG00004296,T00018,ELG,0.94735815,1.647141,1.0000
TG00004297,T00018,ELG,0.85457941,0.643141,1.0000
TG00004298,T00018,ELG,0.97556286,1.120570,1.0000
TG00004299,T00018,ELG,0.59405022,0.891989,1.0000
TG00004300,T00018,ELG,1.36342915,1.668850,1.0000
TG00004301,T00018,ELG,0.61684109,1.245520,1.0000
TG00004302,T00018,ELG,0.38883423,0.941912,1.0000
TG00004303,T00018,ELG,0.54155395,0.945371,1.0000
TG00004304,T00018,ELG,0.55548565,1.261908,1.0000
TG00004305,T00018,ELG,0.52527008,1.189378,1.0000
TG00004306,T00018,ELG,0.27612510,0.802843,1.0000
TG00004307,T00018,ELG,0.33078325,1.337328,1.0000
TG00004308,T00018,ELG,0.21542344,1.399434,1.0000
TG00004309,T00018,ELG,0.96820797,1.353906,1.0000
TG00004310,T00018,ELG,0.85838385,1.455771,1.0000
TG00004311,T00018,ELG,0.65243862,0.940079,1.0000
TG00004312,T00018,ELG,0.46005809,1.174612,1.0000
TG00004313,T00018,ELG,0.53128451,1.210180,1.0000
TG00004314,T00018,ELG,0.66552590,1.047280,1.0000
TG00004315,T00018,ELG,0.54230805,0.852986,1.0000
TG00004316,T00018,ELG,0.36519468,1.176986,1.0000
TG00004317,T00018,ELG,0.41086440,1.285144,1.0000
TG00004318,T00018,ELG,0.71235468,0.761731,1.0000
TG00004319,T00018,ELG,0.33024530,1.245750,1.0000
TG00004320,T00018,ELG,0.93244376,1.340072,1.0000
TG00004321,T00018,ELG,0.38398575,1.451325,1.0000
TG00004322,T00018,ELG,0.38099673,0.949377,1.0000
TG00004323,T00018,ELG,0.63332546,0.935575,1.0000
TG00004324,T00018,ELG,0.71854900,1.255936,1.0000
TG00004325,T00018,ELG,0.60076992,0.845663,1.0000
TG00004326,T00018,ELG,0.25703546,1.298955,1.0000
TG00004327,T00018,ELG,0.42335163,0.719658,1.0000
TG00004328,T00018,ELG,0.59800576,1.355160,1.0000
TG00004329,T00018,ELG,0.58918681,1.118347,1.0000
TG00004330,T00018,QSO,0.29017039,1.196834,1.7000
TG00004331,T00018,QSO,0.22398355,2.060398,1.7000
TG00004332,T00018,QSO,0.22683773,2.713995,1.7000
TG00004333,T00018,QSO,0.71813688,1.934882,1.7000
TG00004334,T00018,QSO,0.11332284,2.811703,1.7000
TG00004335,T00018,QSO,0.25735770,1.880843,1.7000
TG00004336,T00018,QSO,0.14584687,1.696438,1.7000
TG00004337,T00018,QSO,0.25386157,2.383114,1.7000
TG00004338,T00018,QSO,0.13053983,2.650131,1.7000
TG00004339,T00018,QSO,0.38413234,1.581312,1.7000
TG00004340,T00018,QSO,0.11214913,1.875054,1.7000
TG00004341,T00018,QSO,0.24232916,1.154382,1.7000
TG00004342,T00018,QSO,0.20030488,3.360247,1.7000
TG00004343,T00018,QSO,0.23597032,1.933264,1.7000
TG00004344,T00018,QSO,0.15914702,1.125639,1.7000
TG00004345,T00018,QSO,0.43049635,2.188068,1.7000
TG00004346,T00018,QSO,0.10956149,1.512722,1.7000
TG00004347,T00018,BGS,1.38489189,0.189010,0.4500
TG00004348,T00018,BGS,1.17207347,0.255372,0.4500
TG00004349,T00018,BGS,1.56839758,0.155839,0.4500
TG00004350,T00018,BGS,1.00700212,0.357191,0.4500
TG00004351,T00018,BGS,1.32671335,0.279918,0.4500
TG00004352,T00018,BGS,1.06444671,0.211909,0.4500
TG00004353,T00018,BGS,1.16496284,0.143047,0.4500
TG00004354,T00018,BGS,1.47981733,0.289755,0.4500
TG00004355,T00018,BGS,1.14331863,0.246206,0.4500
TG00004356,T00018,BGS,1.72380183,0.429758,0.4500
TG00004357,T00018,BGS,0.94005808,0.286493,0.4500
TG00004358,T00018,BGS,1.22643808,0.260473,0.4500
TG00004359,T00018,BGS,1.83453043,0.152310,0.4500
TG00004360,T00018,BGS,1.58677516,0.256551,0.4500
TG00004361,T00018,BGS,1.24460242,0.090568,0.4500
TG00004362,T00018,BGS,1.83224409,0.224840,0.4500
TG00004363,T00018,BGS,1.49660457,0.260047,0.4500
TG00004364,T00018,BGS,1.29485729,0.256358,0.4500
TG00004365,T00018,BGS,1.31624552,0.322510,0.4500
TG00004366,T00018,BGS,1.69393991,0.272297,0.4500
TG00004367,T00018,BGS,1.56236970,0.199456,0.4500
TG00004368,T00018,BGS,1.84359344,0.070649,0.4500
TG00004369,T00018,BGS,1.26357923,0.205498,0.4500
TG00004370,T00018,BGS,1.11522867,0.014835,0.4500
TG00004371,T00018,BGS,0.87020680,0.037721,0.4500
TG00004372,T00018,BGS,1.32970793,0.207674,0.4500
TG00004373,T00018,BGS,1.44936012,0.256655,0.4500
TG00004374,T00018,BGS,1.22308734,0.201886,0.4500
TG00004375,T00018,BGS,0.84596163,0.387590,0.4500
TG00004376,T00018,BGS,0.87897991,0.298858,0.4500
TG00004377,T00018,BGS,1.20916606,0.116869,0.4500
TG00004378,T00018,BGS,1.02272775,0.293712,0.4500
TG00004379,T00018,BGS,2.10695360,0.140434,0.4500
TG00004380,T00018,BGS,1.33087604,0.288614,0.4500
TG00004381,T00018,BGS,0.98257936,0.268618,0.4500
TG00004382,T00018,BGS,1.53290295,0.214491,0.4500
TG00004383,T00018,BGS,1.01014962,0.358151,0.4500
TG00004384,T00018,BGS,1.73309405,0.279302,0.4500
TG00004385,T00018,BGS,1.41926289,0.442490,0.4500
TG00004386,T00018,BGS,1.22860228,0.144628,0.4500
TG00004387,T00018,BGS,0.79225681,0.251121,0.4500
TG00004388,T00018,BGS,0.91328221,0.369991,0.4500
TG00004389,T00018,BGS,1.68985434,0.109926,0.4500
TG00004390,T00018,BGS,1.29422704,0.205088,0.4500
TG00004391,T00018,BGS,1.57877468,0.011808,0.4500
TG00004392,T00018,BGS,1.27471953,0.354249,0.4500
TG00004393,T00018,BGS,2.11533527,0.228467,0.4500
TG00004394,T00018,BGS,0.78889493,0.325458,0.4500
TG00004395,T00018,BGS,1.16180608,0.220238,0.4500
TG00004396,T00018,BGS,0.84935029,0.261837,0.4500
TG00004397,T00018,BGS,1.03604828,0.360049,0.4500
TG00004398,T00018,BGS,1.71378190,0.175050,0.4500
TG00004399,T00018,BGS,1.43194635,0.319027,0.4500
TG00004400,T00018,BGS,1.47838716,0.143421,0.4500
TG00004401,T00018,BGS,2.20487511,0.031982,0.4500
TG00004402,T00018,BGS,1.19074108,0.326928,0.4500
TG00004403,T00018,BGS,1.84712832,0.229932,0.4500
TG00004404,T00018,BGS,1.79751607,0.226174,0.4500
TG00004405,T00018,BGS,1.83884301,0.138870,0.4500
TG00004406,T00018,BGS,0.77723597,0.087253,0.4500
TG00004407,T00018,BGS,1.60445650,0.290205,0.4500
TG00004408,T00018,BGS,1.53219176,0.197764,0.4500
TG00004409,T00018,BGS,1.53023824,0.057947,0.4500
TG00004410,T00018,BGS,1.08147031,0.290661,0.4500
TG00004411,T00018,BGS,1.03590825,0.301151,0.4500
TG00004412,T00018,BGS,0.98676656,0.136731,0.4500
TG00004413,T00018,BGS,0.87417172,0.154254,0.4500
TG00004414,T00018,BGS,1.28071168,0.272605,0.4500
TG00004415,T00018,BGS,1.62025229,0.153348,0.4500
TG00004416,T00018,BGS,1.36289376,0.161364,0.4500
TG00004417,T00018,BGS,1.99783037,0.024467,0.4500
TG00004418,T00018,BGS,1.25806677,0.233486,0.4500
TG00004419,T00018,BGS,0.92153642,0.137630,0.4500
TG00004420,T00018,BGS,0.89797321,0.289635,0.4500
TG00004421,T00018,BGS,1.19431533,0.310387,0.4500
TG00004422,T00019,LRG,0.29470914,0.704262,1.0000
TG00004423,T00019,LRG,0.19767397,0.325962,1.0000
TG00004424,T00019,LRG,0.22292078,0.511786,1.0000
TG00004425,T00019,LRG,0.38339912,0.422075,1.0000
TG00004426,T00019,LRG,0.28276619,0.882002,1.0000
TG00004427,T00019,LRG,0.39898557,0.464920,1.0000
TG00004428,T00019,LRG,0.30845742,0.615361,1.0000
TG00004429,T00019,LRG,0.22762959,0.539347,1.0000
TG00004430,T00019,LRG,0.37981752,0.641475,1.0000
TG00004431,T00019,LRG,0.29139897,0.600432,1.0000
TG00004432,T00019,LRG,0.42967443,0.682355,1.0000
TG00004433,T00019,LRG,0.23557364,0.951630,1.0000
TG00004434,T00019,LRG,0.64744241,0.823501,1.0000
TG00004435,T00019,LRG,0.43821172,0.711218,1.0000
TG00004436,T00019,LRG,0.49597893,0.726096,1.0000
TG00004437,T00019,LRG,0.53698838,0.582396,1.0000
TG00004438,T00019,LRG,0.36942193,0.888719,1.0000
TG00004439,T00019,LRG,0.34418429,0.516165,1.0000
TG00004440,T00019,LRG,0.48808807,0.643393,1.0000
TG00004441,T00019,LRG,0.17742848,0.883156,1.0000
TG00004442,T00019,LRG,0.29165978,0.664940,1.0000
TG00004443,T00019,LRG,0.52016843,0.641537,1.0000
TG00004444,T00019,LRG,0.57569681,0.544983,1.0000
TG00004445,T00019,LRG,0.29913546,0.444538,1.0000
TG00004446,T00019,LRG,0.27909299,0.814816,1.0000
TG00004447,T00019,LRG,0.27364184,0.712728,1.0000
TG00004448,T00019,LRG,0.44035049,0.601299,1.0000
TG00004449,T00019,LRG,0.56186176,0.877975,1.0000
TG00004450,T00019,LRG,0.20345918,0.635875,1.0000
TG00004451,T00019,LRG,0.60974367,0.562589,1.0000
TG00004452,T00019,LRG,0.15096011,0.820621,1.0000
TG00004453,T00019,LRG,0.34633552,0.869099,1.0000
TG00004454,T00019,LRG,0.71082042,0.528913,1.0000
TG00004455,T00019,LRG,0.44072075,0.692589,1.0000
TG00004456,T00019,LRG,0.49862111,0.765259,1.0000
TG00004457,T00019,LRG,0.26576367,0.894983,1.0000
TG00004458,T00019,LRG,0.29964191,0.843713,1.0000
TG00004459,T00019,LRG,0.56880622,0.568483,1.0000
TG00004460,T00019,LRG,0.39704461,0.506223,1.0000
TG00004461,T00019,LRG,0.27685567,0.648069,1.0000
TG00004462,T00019,LRG,0.29204689,0.749614,1.0000
TG00004463,T00019,LRG,0.18241877,0.871652,1.0000
TG00004464,T00019,LRG,0.42207666,0.636637,1.0000
TG00004465,T00019,LRG,0.45814937,0.794465,1.0000
TG00004466,T00019,LRG,0.39337419,0.490104,1.0000
TG00004467,T00019,ELG,0.63016920,1.263542,1.0000
TG00004468,T00019,ELG,1.18493324,1.127595,1.0000
TG00004469,T00019,ELG,0.53403846,1.585439,1.0000
TG00004470,T00019,ELG,0.33610340,0.716385,1.0000
TG00004471,T00019,ELG,0.22503234,1.223684,1.0000
TG00004472,T00019,ELG,0.56708144,1.049399,1.0000
TG00004473,T00019,ELG,0.38429245,1.351682,1.0000
TG00004474,T00019,ELG,0.38053076,1.314711,1.0000
TG00004475,T00019,ELG,0.37129101,1.602593,1.0000
TG00004476,T00019,ELG,0.71687341,1.189075,1.0000
TG00004477,T00019,ELG,0.46875936,1.298062,1.0000
TG00004478,T00019,ELG,0.64263193,1.205351,1.0000
TG00004479,T00019,ELG,0.66783458,0.673423,1.0000
TG00004480,T00019,ELG,0.51144895,1.507493,1.0000
TG00004481,T00019,ELG,0.32159531,0.905458,1.0000
TG00004482,T00019,ELG,0.48757731,1.745211,1.0000
TG00004483,T00019,ELG,0.49698277,1.050256,1.0000
TG00004484,T00019,ELG,0.39284113,0.983862,1.0000
TG00004485,T00019,ELG,0.47519127,0.945646,1.0000
TG00004486,T00019,ELG,0.47651844,1.433696,1.0000
TG00004487,T00019,ELG,0.67375286,0.921475,1.0000
TG00004488,T00019,ELG,0.69501296,1.115996,1.0000
TG00004489,T00019,ELG,0.32053314,0.836417,1.0000
TG00004490,T00019,ELG,0.23823123,1.334600,1.0000
TG00004491,T00019,ELG,0.30244864,0.973042,1.0000
TG00004492,T00019,ELG,0.38861320,1.680406,1.0000
TG00004493,T00019,ELG,0.96801302,1.446540,1.0000
TG00004494,T00019,ELG,0.73290522,0.541126,1.0000
TG00004495,T00019,ELG,0.65803632,1.120403,1.0000
TG00004496,T00019,ELG,0.52761803,1.293120,1.0000
TG00004497,T00019,ELG,0.49623751,1.214680,1.0000
TG00004498,T00019,ELG,0.21273824,1.050287,1.0000
TG00004499,T00019,ELG,0.62246345,1.743742,1.0000
TG00004500,T00019,ELG,0.42268815,1.387230,1.0000
TG00004501,T00019,ELG,0.94806842,1.219257,1.0000
TG00004502,T00019,ELG,0.57069955,0.876784,1.0000
TG00004503,T00019,ELG,0.72984671,1.153897,1.0000
TG00004504,T00019,ELG,0.66234691,1.346627,1.0000
TG00004505,T00019,ELG,0.93860273,0.918743,1.0000
TG00004506,T00019,ELG,0.89977854,1.567486,1.0000
TG00004507,T00019,ELG,0.59829887,0.769578,1.0000
TG00004508,T00019,ELG,0.79506563,0.662972,1.0000
TG00004509,T00019,ELG,0.53207921,1.333228,1.0000
TG00004510,T00019,ELG,0.35280164,1.333284,1.0000
TG00004511,T00019,ELG,0.99639642,1.677839,1.0000
TG00004512,T00019,ELG,0.33780458,1.018457,1.0000
TG00004513,T00019,ELG,0.43657322,1.182184,1.0000
TG00004514,T00019,ELG,0.58730677,1.480108,1.0000
TG00004515,T00019,ELG,1.18023175,0.942911,1.0000
TG00004516,T00019,ELG,0.75720368,1.044945,1.0000
TG00004517,T00019,ELG,0.25721482,1.435899,1.0000
TG00004518,T00019,ELG,0.52623918,0.920634,1.0000
TG00004519,T00019,ELG,0.64827284,0.867526,1.0000
TG00004520,T00019,ELG,0.80351803,1.095457,1.0000
TG00004521,T00019,ELG,0.46432813,1.270732,1.0000
TG00004522,T00019,ELG,0.86809936,1.228941,1.0000
TG00004523,T00019,ELG,0.72576368,1.205832,1.0000
TG00004524,T00019,ELG,0.69398777,0.812004,1.0000
TG00004525,T00019,ELG,0.45200486,0.728166,1.0000
TG00004526,T00019,ELG,0.39228936,1.045741,1.0000
TG00004527,T00019,ELG,0.53466990,0.912688,1.0000
TG00004528,T00019,ELG,1.46792989,0.947380,1.0000
TG00004529,T00019,ELG,0.92426988,1.590731,1.0000
TG00004530,T00019,ELG,0.52895133,1.055173,1.0000
TG00004531,T00019,ELG,1.17583355,1.218825,1.0000
TG00004532,T00019,ELG,0.52964675,0.750603,1.0000
TG00004533,T00019,ELG,0.65365533,1.513160,1.0000
TG00004534,T00019,ELG,0.61087046,1.221109,1.0000
TG00004535,T00019,ELG,0.33507267,0.391149,1.0000
TG00004536,T00019,ELG,0.58933171,0.996407,1.0000
TG00004537,T00019,ELG,1.16133296,0.733546,1.0000
TG00004538,T00019,ELG,0.24628509,0.771626,1.0000
TG00004539,T00019,ELG,0.43938528,1.433438,1.0000
TG00004540,T00019,ELG,0.27222711,0.914767,1.0000
TG00004541,T00019,ELG,0.78288303,0.784958,1.0000
TG00004542,T00019,ELG,0.29376027,1.972013,1.0000
TG00004543,T00019,ELG,0.45200408,1.365984,1.0000
TG00004544,T00019,ELG,0.47940331,1.529031,1.0000
TG00004545,T00019,ELG,0.53980087,1.042069,1.0000
TG00004546,T00019,ELG,0.41540439,1.183787,1.0000
TG00004547,T00019,ELG,0.54488577,0.789874,1.0000
TG00004548,T00019,ELG,0.36294314,1.401945,1.0000
TG00004549,T00019,ELG,0.43006434,1.436916,1.0000
TG00004550,T00019,ELG,0.94832070,0.762716,1.0000
TG00004551,T00019,ELG,0.37401169,0.949203,1.0000
TG00004552,T00019,ELG,0.73320450,1.037801,1.0000
TG00004553,T00019,ELG,0.53908568,1.157733,1.0000
TG00004554,T00019,ELG,0.61351691,0.768217,1.0000
TG00004555,T00019,ELG,0.49733826,1.232188,1.0000
TG00004556,T00019,ELG,0.40506078,1.126531,1.0000
TG00004557,T00019,ELG,0.66199669,1.203991,1.0000
TG00004558,T00019,ELG,0.60315768,1.481001,1.0000
TG00004559,T00019,ELG,0.44715391,1.172653,1.0000
TG00004560,T00019,ELG,0.77193662,1.423689,1.0000
TG00004561,T00019,ELG,0.64783245,0.927280,1.0000
TG00004562,T00019,ELG,0.58796218,1.122973,1.0000
TG00004563,T00019,ELG,0.66268689,0.679846,1.0000
TG00004564,T00019,ELG,0.62207296,0.746233,1.0000
TG00004565,T00019,ELG,0.46011879,0.767619,1.0000
TG00004566,T00019,ELG,0.81233380,0.956190,1.0000
TG00004567,T00019,ELG,0.45312589,1.037466,1.0000
TG00004568,T00019,ELG,0.62699965,1.203286,1.0000
TG00004569,T00019,ELG,0.28160143,1.336125,1.0000
TG00004570,T00019,ELG,0.36989460,1.075372,1.0000
TG00004571,T00019,ELG,0.51040735,1.787055,1.0000
TG00004572,T00019,ELG,0.45908134,1.094471,1.0000
TG00004573,T00019,ELG,0.45314931,1.123830,1.0000
TG00004574,T00019,ELG,0.39348476,1.346099,1.0000
TG00004575,T00019,ELG,0.56645115,1.187303,1.0000
TG00004576,T00019,ELG,0.45810376,1.052138,1.0000
TG00004577,T00019,ELG,0.42345956,0.440565,1.0000
TG00004578,T00019,ELG,0.64861195,0.788909,1.0000
TG00004579,T00019,ELG,0.37271396,1.549862,1.0000
TG00004580,T00019,ELG,0.77927776,1.254273,1.0000
TG00004581,T00019,ELG,0.72058530,1.341735,1.0000
TG00004582,T00019,ELG,0.61312546,1.186169,1.0000
TG00004583,T00019,ELG,0.48242920,1.505616,1.0000
TG00004584,T00019,ELG,0.26669656,0.925089,1.0000
TG00004585,T00019,ELG,0.72696649,1.116358,1.0000
TG00004586,T00019,ELG,0.79527913,0.377934,1.0000
TG00004587,T00019,ELG,0.75514222,1.431404,1.0000
TG00004588,T00019,ELG,0.83242049,1.243309,1.0000
TG00004589,T00019,ELG,0.42703648,1.778193,1.0000
TG00004590,T00019,ELG,1.05102041,1.220526,1.0000
TG00004591,T00019,QSO,0.24633737,2.701521,1.7000
TG00004592,T00019,QSO,0.28366106,1.935464,1.7000
TG00004593,T00019,QSO,0.47559492,2.539802,1.7000
TG00004594,T00019,QSO,0.22151323,2.857113,1.7000
TG00004595,T00019,QSO,0.34936862,2.122859,1.7000
TG00004596,T00019,QSO,0.24358681,2.949668,1.7000
TG00004597,T00019,QSO,0.23265507,1.142151,1.7000
TG00004598,T00019,QSO,0.35733902,2.190530,1.7000
TG00004599,T00019,QSO,0.20602703,2.229092,1.7000
TG00004600,T00019,QSO,0.15170995,2.000907,1.7000
TG00004601,T00019,QSO,0.22311100,2.362918,1.7000
TG00004602,T00019,QSO,0.19300584,2.506291,1.7000
TG00004603,T00019,QSO,0.40623590,2.676103,1.7000
TG00004604,T00019,QSO,0.24122907,2.505100,1.7000
TG00004605,T00019,QSO,0.25170834,2.174292,1.7000
TG00004606,T00019,QSO,0.31818431,2.085027,1.7000
TG00004607,T00019,QSO,0.21929545,3.341047,1.7000
TG00004608,T00019,QSO,0.15596822,1.839060,1.7000
TG00004609,T00019,QSO,0.49566622,3.909957,1.7000
TG00004610,T00019,QSO,0.25531542,1.698289,1.7000
TG00004611,T00019,QSO,0.37605910,1.294896,1.7000
TG00004612,T00019,QSO,0.18089486,1.331351,1.7000
TG00004613,T00019,BGS,0.88269772,0.442969,0.4500
TG00004614,T00019,BGS,0.98588804,0.197542,0.4500
TG00004615,T00019,BGS,1.64515195,0.212264,0.4500
TG00004616,T00019,BGS,1.30667790,0.288018,0.4500
TG00004617,T00019,BGS,1.67021401,0.447702,0.4500
TG00004618,T00019,BGS,1.11809189,0.112242,0.4500
TG00004619,T00019,BGS,1.48414456,0.215995,0.4500
TG00004620,T00019,BGS,1.39795903,0.235440,0.4500
TG00004621,T00019,BGS,0.96398879,0.190522,0.4500
TG00004622,T00019,BGS,1.09935884,0.155505,0.4500
TG00004623,T00019,BGS,1.69701634,0.224582,0.4500
TG00004624,T00019,BGS,1.12425751,0.164433,0.4500
TG00004625,T00019,BGS,0.84137739,0.429858,0.4500
TG00004626,T00019,BGS,1.08402187,0.338050,0.4500
TG00004627,T00019,BGS,1.45962006,0.220743,0.4500
TG00004628,T00019,BGS,1.90715235,0.224168,0.4500
TG00004629,T00019,BGS,1.37711805,0.312689,0.4500
TG00004630,T00019,BGS,1.34842976,0.280591,0.4500
TG00004631,T00019,BGS,1.15466921,0.063860,0.4500
TG00004632,T00019,BGS,1.69534346,0.423295,0.4500
TG00004633,T00019,BGS,1.42890055,0.278960,0.4500
TG00004634,T00019,BGS,1.34322146,0.194435,0.4500
TG00004635,T00019,BGS,1.15045027,0.317922,0.4500
TG00004636,T00019,BGS,1.26649947,0.295813,0.4500
TG00004637,T00019,BGS,1.15100866,0.139917,0.4500
TG00004638,T00019,BGS,1.58705257,0.228694,0.4500
TG00004639,T00019,BGS,1.26620061,0.236550,0.4500
TG00004640,T00019,BGS,1.56933975,0.192642,0.4500
TG00004641,T00019,BGS,1.15829563,0.344374,0.4500
TG00004642,T00019,BGS,0.95781994,0.311776,0.4500
TG00004643,T00019,BGS,1.11074037,0.175507,0.4500
TG00004644,T00019,BGS,1.67770090,0.270261,0.4500
TG00004645,T00019,BGS,1.20310666,0.278897,0.4500
TG00004646,T00019,BGS,1.16592440,0.309006,0.4500
TG00004647,T00019,BGS,1.43105502,0.375763,0.4500
TG00004648,T00019,BGS,1.45758839,0.155113,0.4500
TG00004649,T00019,BGS,0.82551915,0.279823,0.4500
TG00004650,T00019,BGS,1.61022352,0.127963,0.4500
TG00004651,T00019,BGS,1.15092155,0.237420,0.4500
TG00004652,T00019,BGS,1.17466770,0.301857,0.4500
TG00004653,T00019,BGS,0.77665089,0.192103,0.4500
TG00004654,T00019,BGS,0.89307159,0.209593,0.4500
TG00004655,T00019,BGS,1.02706696,0.250750,0.4500
TG00004656,T00019,BGS,1.48019374,0.187674,0.4500
TG00004657,T00019,BGS,1.06113725,0.111022,0.4500
TG00004658,T00019,BGS,1.15076001,0.370890,0.4500
TG00004659,T00019,BGS,1.25326698,0.116001,0.4500
TG00004660,T00019,BGS,0.65131871,0.165634,0.4500
TG00004661,T00019,BGS,0.93372270,0.088942,0.4500
TG00004662,T00019,BGS,0.55613215,0.354023,0.4500
TG00004663,T00019,BGS,0.90730228,0.249006,0.4500
TG00004664,T00019,BGS,1.87408956,0.288953,0.4500
TG00004665,T00019,BGS,1.67958209,0.246779,0.4500
TG00004666,T00019,BGS,1.45610215,0.169791,0.4500
TG00004667,T00019,BGS,1.66270494,0.181060,0.4500
TG00004668,T00019,BGS,1.56141557,0.352780,0.4500
TG00004669,T00019,BGS,1.35770431,0.275277,0.4500
TG00004670,T00019,BGS,0.86863355,0.194709,0.4500
TG00004671,T00019,BGS,1.49274592,0.048072,0.4500
TG00004672,T00019,BGS,1.32352798,0.368190,0.4500
TG00004673,T00019,BGS,1.59380882,0.196549,0.4500
TG00004674,T00019,BGS,1.47717423,0.249203,0.4500
TG00004675,T00019,BGS,1.67743071,0.420566,0.4500
TG00004676,T00019,BGS,1.66640400,0.238822,0.4500
TG00004677,T00019,BGS,1.08718641,0.279003,0.4500
TG00004678,T00019,BGS,1.08885613,0.206520,0.4500
TG00004679,T00019,BGS,1.55386963,0.261383,0.4500
TG00004680,T00019,BGS,1.34136635,0.093225,0.4500
TG00004681,T00019,BGS,1.42028006,0.311189,0.4500
TG00004682,T00019,BGS,1.07535092,0.000000,0.4500
TG00004683,T00019,BGS,1.12450359,0.282538,0.4500
TG00004684,T00019,BGS,0.74989019,0.265187,0.4500
TG00004685,T00019,BGS,1.17605609,0.187882,0.4500
TG00004686,T00019,BGS,1.01101539,0.257991,0.4500
TG00004687,T00019,BGS,1.18454023,0.187712,0.4500
TG00004688,T00019,BGS,1.18353777,0.319275,0.4500
TG00004689,T00019,BGS,1.04641282,0.230490,0.4500
TG00004690,T00020,LRG,0.26552844,0.739902,1.0000
TG00004691,T00020,LRG,0.24819182,0.925806,1.0000
TG00004692,T00020,LRG,0.35384376,0.621427,1.0000
TG00004693,T00020,LRG,0.38461022,0.710437,1.0000
TG00004694,T00020,LRG,0.42627555,0.646237,1.0000
TG00004695,T00020,LRG,0.28505166,0.808096,1.0000
TG00004696,T00020,LRG,0.36208297,0.597666,1.0000
TG00004697,T00020,LRG,0.27717904,0.851911,1.0000
TG00004698,T00020,LRG,0.33534265,0.662961,1.0000
TG00004699,T00020,LRG,0.21987049,0.777487,1.0000
TG00004700,T00020,LRG,0.28540132,0.757761,1.0000
TG00004701,T00020,LRG,0.41300492,0.657059,1.0000
TG00004702,T00020,LRG,0.21870718,0.724972,1.0000
TG00004703,T00020,LRG,0.37067488,0.452579,1.0000
TG00004704,T00020,LRG,0.39903528,0.684980,1.0000
TG00004705,T00020,LRG,0.49887739,0.502541,1.0000
TG00004706,T00020,LRG,0.35672013,0.565423,1.0000
TG00004707,T00020,LRG,0.32101815,0.904258,1.0000
TG00004708,T00020,LRG,0.18088315,0.395957,1.0000
TG00004709,T00020,LRG,0.41780911,0.975025,1.0000
TG00004710,T00020,LRG,0.28255472,0.447335,1.0000
TG00004711,T00020,LRG,0.31225160,0.564734,1.0000
TG00004712,T00020,LRG,0.49321087,0.859512,1.0000
TG00004713,T00020,LRG,0.55823456,0.774588,1.0000
TG00004714,T00020,LRG,0.28524469,0.705441,1.0000
TG00004715,T00020,LRG,0.26073071,0.781021,1.0000
TG00004716,T00020,LRG,0.39396315,0.503100,1.0000
TG00004717,T00020,LRG,0.41989219,0.804361,1.0000
TG00004718,T00020,LRG,0.44294519,0.622087,1.0000
TG00004719,T00020,LRG,0.66546803,0.803804,1.0000
TG00004720,T00020,LRG,0.33597751,0.932264,1.0000
TG00004721,T00020,LRG,0.28108578,0.648113,1.0000
TG00004722,T00020,LRG,0.25414221,0.630816,1.0000
TG00004723,T00020,LRG,0.40462636,0.792134,1.0000
TG00004724,T00020,LRG,0.30740263,0.611277,1.0000
TG00004725,T00020,LRG,0.25991285,0.701943,1.0000
TG00004726,T00020,LRG,0.33839062,0.658360,1.0000
TG00004727,T00020,LRG,0.22838452,0.661788,1.0000
TG00004728,T00020,LRG,0.40205725,1.033153,1.0000
TG00004729,T00020,LRG,0.30106362,0.510141,1.0000
TG00004730,T00020,LRG,0.34163506,0.747597,1.0000
TG00004731,T00020,LRG,0.28177080,0.809109,1.0000
TG00004732,T00020,LRG,0.24732794,0.739647,1.0000
TG00004733,T00020,LRG,0.60524750,0.789691,1.0000
TG00004734,T00020,LRG,0.42302376,0.618595,1.0000
TG00004735,T00020,LRG,0.42832893,1.015173,1.0000
TG00004736,T00020,LRG,0.15917690,0.784630,1.0000
TG00004737,T00020,LRG,0.47309560,0.549485,1.0000
TG00004738,T00020,LRG,0.23526083,0.671165,1.0000
TG00004739,T00020,LRG,0.26130325,0.531351,1.0000
TG00004740,T00020,LRG,0.30926367,0.678035,1.0000
TG00004741,T00020,LRG,0.44002452,0.738933,1.0000
TG00004742,T00020,LRG,0.45762997,0.775495,1.0000
TG00004743,T00020,LRG,0.47751348,0.678024,1.0000
TG00004744,T00020,LRG,0.47452932,0.742244,1.0000
TG00004745,T00020,LRG,0.30860964,0.927877,1.0000
TG00004746,T00020,LRG,0.39338824,0.900149,1.0000
TG00004747,T00020,LRG,0.26092538,0.848596,1.0000
TG00004748,T00020,LRG,0.22369054,0.565253,1.0000
TG00004749,T00020,LRG,0.35945888,0.665156,1.0000
TG00004750,T00020,LRG,0.41400494,0.793646,1.0000
TG00004751,T00020,LRG,0.51948356,1.023084,1.0000
TG00004752,T00020,LRG,0.54959961,0.638371,1.0000
TG00004753,T00020,LRG,0.37900765,0.845332,1.0000
TG00004754,T00020,LRG,0.23797031,0.666556,1.0000
TG00004755,T00020,LRG,0.31661209,0.705098,1.0000
TG00004756,T00020,LRG,0.40591492,0.865043,1.0000
TG00004757,T00020,LRG,0.47110616,0.675286,1.0000
TG00004758,T00020,LRG,0.31309664,0.626874,1.0000
TG00004759,T00020,LRG,0.24002440,0.767830,1.0000
TG00004760,T00020,LRG,0.32013291,0.575452,1.0000
TG00004761,T00020,LRG,0.38970846,0.627694,1.0000
TG00004762,T00020,LRG,0.23982158,0.636722,1.0000
TG00004763,T00020,ELG,0.58575528,0.918004,1.0000
TG00004764,T00020,ELG,0.59287703,1.220176,1.0000
TG00004765,T00020,ELG,0.50256226,1.005999,1.0000
TG00004766,T00020,ELG,0.38010890,1.463521,1.0000
TG00004767,T00020,ELG,0.42701215,1.449764,1.0000
TG00004768,T00020,ELG,0.44506256,1.283983,1.0000
TG00004769,T00020,ELG,0.52488915,1.177320,1.0000
TG00004770,T00020,ELG,0.38095428,1.013202,1.0000
TG00004771,T00020,ELG,0.68767260,0.740249,1.0000
TG00004772,T00020,ELG,0.38233426,1.063265,1.0000
TG00004773,T00020,ELG,0.81322846,1.481890,1.0000
TG00004774,T00020,ELG,0.56697513,1.292190,1.0000
TG00004775,T00020,ELG,0.64618802,1.844157,1.0000
TG00004776,T00020,ELG,0.32793539,1.148770,1.0000
TG00004777,T00020,ELG,0.49754080,0.487202,1.0000
TG00004778,T00020,ELG,1.06875470,1.194755,1.0000
TG00004779,T00020,ELG,0.49545129,1.323776,1.0000
TG00004780,T00020,ELG,0.42562620,1.146175,1.0000
TG00004781,T00020,ELG,0.58237135,1.483540,1.0000
TG00004782,T00020,ELG,0.33207055,1.174119,1.0000
TG00004783,T00020,ELG,0.40615147,1.110429,1.0000
TG00004784,T00020,ELG,0.80175857,0.928875,1.0000
TG00004785,T00020,ELG,0.56115732,1.002908,1.0000
TG00004786,T00020,ELG,0.40941083,0.772759,1.0000
TG00004787,T00020,ELG,0.65357010,0.927829,1.0000
TG00004788,T00020,ELG,0.27183485,2.129031,1.0000
TG00004789,T00020,ELG,0.67557748,1.084568,1.0000
TG00004790,T00020,ELG,0.52292287,0.618785,1.0000
TG00004791,T00020,ELG,0.55322989,1.449854,1.0000
TG00004792,T00020,ELG,0.87150987,1.269486,1.0000
TG00004793,T00020,ELG,0.32041717,1.146584,1.0000
TG00004794,T00020,ELG,0.50719940,1.124479,1.0000
TG00004795,T00020,ELG,0.61128175,0.981451,1.0000
TG00004796,T00020,ELG,0.48018328,0.624007,1.0000
TG00004797,T00020,ELG,0.39837472,0.986895,1.0000
TG00004798,T00020,ELG,0.38935427,0.882982,1.0000
TG00004799,T00020,ELG,0.65612569,1.077753,1.0000
TG00004800,T00020,ELG,0.53280951,1.033837,1.0000
TG00004801,T00020,ELG,0.75979125,1.106392,1.0000
TG00004802,T00020,ELG,0.70638523,1.771753,1.0000
TG00004803,T00020,ELG,0.94888555,1.339606,1.0000
TG00004804,T00020,ELG,0.33898376,1.295115,1.0000
TG00004805,T00020,ELG,0.48297634,1.272327,1.0000
TG00004806,T00020,ELG,0.66670343,1.293156,1.0000
TG00004807,T00020,ELG,0.44098942,1.289648,1.0000
TG00004808,T00020,ELG,0.94631489,0.988464,1.0000
TG00004809,T00020,ELG,0.61722920,0.894978,1.0000
TG00004810,T00020,ELG,0.94540869,1.588975,1.0000
TG00004811,T00020,ELG,0.80122129,1.375047,1.0000
TG00004812,T00020,ELG,0.49688311,0.785949,1.0000
TG00004813,T00020,ELG,0.51932277,1.261556,1.0000
TG00004814,T00020,ELG,0.29724392,1.269219,1.0000
TG00004815,T00020,ELG,0.66258600,0.851094,1.0000
TG00004816,T00020,ELG,0.85267067,1.000074,1.0000
TG00004817,T00020,ELG,0.50725474,1.501156,1.0000
TG00004818,T00020,ELG,0.35041252,1.397244,1.0000
TG00004819,T00020,ELG,0.96063741,1.045866,1.0000
TG00004820,T00020,ELG,0.88429247,1.162244,1.0000
TG00004821,T00020,ELG,0.36923190,1.088219,1.0000
TG00004822,T00020,ELG,0.50569159,1.015741,1.0000
TG00004823,T00020,ELG,0.39782121,0.870583,1.0000
TG00004824,T00020,ELG,0.49139852,1.149025,1.0000
TG00004825,T00020,ELG,1.18168016,0.613782,1.0000
TG00004826,T00020,ELG,0.62464648,0.919685,1.0000
TG00004827,T00020,ELG,0.63874962,1.309458,1.0000
TG00004828,T00020,ELG,0.39968861,1.233982,1.0000
TG00004829,T00020,ELG,0.70918051,1.037471,1.0000
TG00004830,T00020,ELG,0.51275801,1.041184,1.0000
TG00004831,T00020,ELG,0.51198855,1.135268,1.0000
TG00004832,T00020,ELG,0.44186158,1.304168,1.0000
TG00004833,T00020,ELG,0.45901284,0.945906,1.0000
TG00004834,T00020,ELG,0.95664881,0.999747,1.0000
TG00004835,T00020,ELG,0.49460589,1.174806,1.0000
TG00004836,T00020,ELG,1.03137684,1.306581,1.0000
TG00004837,T00020,ELG,0.73184615,1.038743,1.0000
TG00004838,T00020,ELG,0.49416615,1.016065,1.0000
TG00004839,T00020,ELG,0.60398957,1.220314,1.0000
TG00004840,T00020,ELG,0.48540346,1.281067,1.0000
TG00004841,T00020,ELG,0.45769570,0.937701,1.0000
TG00004842,T00020,ELG,0.63050202,0.878057,1.0000
TG00004843,T00020,ELG,0.23388305,1.156703,1.0000
TG00004844,T00020,ELG,0.93932966,1.596956,1.0000
TG00004845,T00020,ELG,0.66460621,0.646677,1.0000
TG00004846,T00020,ELG,0.47541234,0.835010,1.0000
TG00004847,T00020,ELG,0.40879993,1.125012,1.0000
TG00004848,T00020,ELG,0.45637974,1.022358,1.0000
TG00004849,T00020,ELG,1.03135678,0.730327,1.0000
TG00004850,T00020,ELG,0.41975460,0.680286,1.0000
TG00004851,T00020,ELG,0.73033949,1.304748,1.0000
TG00004852,T00020,ELG,0.70280773,0.889659,1.0000
TG00004853,T00020,ELG,0.62796772,1.168505,1.0000
TG00004854,T00020,ELG,0.47851769,1.099316,1.0000
TG00004855,T00020,ELG,0.53614275,1.769081,1.0000
TG00004856,T00020,ELG,0.89496873,1.133726,1.0000
TG00004857,T00020,ELG,0.32367702,1.141011,1.0000
TG00004858,T00020,ELG,0.53848616,0.973054,1.0000
TG00004859,T00020,ELG,0.48792381,1.128606,1.0000
TG00004860,T00020,ELG,0.80601436,1.154405,1.0000
TG00004861,T00020,ELG,0.49702878,1.393498,1.0000
TG00004862,T00020,ELG,0.60433335,0.797357,1.0000
TG00004863,T00020,ELG,0.78627610,1.299899,1.0000
TG00004864,T00020,ELG,0.64021382,1.169936,1.0000
TG00004865,T00020,ELG,1.26519318,1.198347,1.0000
TG00004866,T00020,ELG,0.26498625,0.838771,1.0000
TG00004867,T00020,ELG,0.74587389,0.922614,1.0000
TG00004868,T00020,ELG,0.69591643,1.349502,1.0000
TG00004869,T00020,ELG,0.80112004,1.187637,1.0000
TG00004870,T00020,ELG,1.05834553,0.926765,1.0000
TG00004871,T00020,ELG,1.00338911,1.377826,1.0000
TG00004872,T00020,ELG,0.50937186,1.644160,1.0000
TG00004873,T00020,ELG,1.00219279,1.355062,1.0000
TG00004874,T00020,ELG,0.95675348,1.104030,1.0000
TG00004875,T00020,ELG,0.63149330,1.392238,1.0000
TG00004876,T00020,ELG,0.34783702,1.255729,1.0000
TG00004877,T00020,ELG,0.81837825,1.260861,1.0000
TG00004878,T00020,ELG,0.94776421,1.369076,1.0000
TG00004879,T00020,ELG,0.51259329,1.410563,1.0000
TG00004880,T00020,ELG,0.52022065,1.076200,1.0000
TG00004881,T00020,ELG,0.84540950,0.780571,1.0000
TG00004882,T00020,ELG,0.43518679,1.081094,1.0000
TG00004883,T00020,QSO,0.07411540,2.092623,1.7000
TG00004884,T00020,QSO,0.22846548,1.791165,1.7000
TG00004885,T00020,QSO,0.18737814,1.560887,1.7000
TG00004886,T00020,QSO,0.19577721,2.352142,1.7000
TG00004887,T00020,QSO,0.15819472,1.886725,1.7000
TG00004888,T00020,QSO,0.24591096,0.798774,1.7000
TG00004889,T00020,QSO,0.10020388,2.353977,1.7000
TG00004890,T00020,QSO,0.42369661,2.188371,1.7000
TG00004891,T00020,QSO,0.24312923,0.719595,1.7000
TG00004892,T00020,QSO,0.31996382,2.116414,1.7000
TG00004893,T00020,QSO,0.25379817,2.513891,1.7000
TG00004894,T00020,BGS,1.58307538,0.146218,0.4500
TG00004895,T00020,BGS,0.98999167,0.331847,0.4500
TG00004896,T00020,BGS,1.28300615,0.260377,0.4500
TG00004897,T00020,BGS,1.06676472,0.384559,0.4500
TG00004898,T00020,BGS,1.77767405,0.151679,0.4500
TG00004899,T00020,BGS,2.00399969,0.246689,0.4500
TG00004900,T00020,BGS,1.21354858,0.217061,0.4500
TG00004901,T00020,BGS,1.44452070,0.283739,0.4500
TG00004902,T00020,BGS,2.04620284,0.084960,0.4500
TG00004903,T00020,BGS,1.53425638,0.156617,0.4500
TG00004904,T00020,BGS,1.37097001,0.178226,0.4500
TG00004905,T00020,BGS,1.02222038,0.202047,0.4500
TG00004906,T00020,BGS,1.67657930,0.071039,0.4500
TG00004907,T00020,BGS,1.14753829,0.192517,0.4500
TG00004908,T00020,BGS,2.33046360,0.159199,0.4500
TG00004909,T00020,BGS,1.49010554,0.299822,0.4500
TG00004910,T00020,BGS,1.01317627,0.462159,0.4500
TG00004911,T00020,BGS,1.89940964,0.291021,0.4500
TG00004912,T00020,BGS,1.92217913,0.361704,0.4500
TG00004913,T00020,BGS,1.22345154,0.061868,0.4500
TG00004914,T00020,BGS,0.72417063,0.263391,0.4500
TG00004915,T00020,BGS,2.19231034,0.235761,0.4500
TG00004916,T00020,BGS,1.07625303,0.225197,0.4500
TG00004917,T00020,BGS,2.02592497,0.167750,0.4500
TG00004918,T00020,BGS,1.82465634,0.335122,0.4500
TG00004919,T00020,BGS,0.94306093,0.092961,0.4500
TG00004920,T00020,BGS,1.12330098,0.310388,0.4500
TG00004921,T00020,BGS,1.43420223,0.227706,0.4500
TG00004922,T00020,BGS,0.98445756,0.216046,0.4500
TG00004923,T00020,BGS,1.30674506,0.094925,0.4500
TG00004924,T00020,BGS,0.72286319,0.231779,0.4500
TG00004925,T00020,BGS,1.27750606,0.189845,0.4500
TG00004926,T00020,BGS,1.44104339,0.270734,0.4500
TG00004927,T00020,BGS,0.99396959,0.241595,0.4500
TG00004928,T00020,BGS,1.04764289,0.302078,0.4500
TG00004929,T00020,BGS,1.83768817,0.205396,0.4500
TG00004930,T00020,BGS,0.98386022,0.154228,0.4500
TG00004931,T00020,BGS,1.15895807,0.233673,0.4500
TG00004932,T00020,BGS,1.45135300,0.198556,0.4500
TG00004933,T00020,BGS,2.11471626,0.350467,0.4500
TG00004934,T00020,BGS,1.40824287,0.239314,0.4500
TG00004935,T00020,BGS,1.45611676,0.174443,0.4500
TG00004936,T00020,BGS,1.31289445,0.245523,0.4500
TG00004937,T00020,BGS,2.10775231,0.130143,0.4500
TG00004938,T00020,BGS,2.10761186,0.093925,0.4500
TG00004939,T00020,BGS,1.12737051,0.218414,0.4500
TG00004940,T00020,BGS,1.06717645,0.236404,0.4500
TG00004941,T00020,BGS,1.31038822,0.196239,0.4500
TG00004942,T00020,BGS,0.72297346,0.258344,0.4500
TG00004943,T00020,BGS,0.84696242,0.155254,0.4500
TG00004944,T00020,BGS,1.36306980,0.270557,0.4500
TG00004945,T00020,BGS,0.65881959,0.140859,0.4500
TG00004946,T00020,BGS,1.53492008,0.205564,0.4500
TG00004947,T00020,BGS,1.56342283,0.225725,0.4500
TG00004948,T00020,BGS,1.69821514,0.119402,0.4500
TG00004949,T00020,BGS,1.75429957,0.212075,0.4500
TG00004950,T00020,BGS,1.34827700,0.222179,0.4500
TG00004951,T00020,BGS,1.10163498,0.215109,0.4500
TG00004952,T00020,BGS,1.26929649,0.216359,0.4500
TG00004953,T00020,BGS,1.09893891,0.249690,0.4500
TG00004954,T00020,BGS,1.20440469,0.253492,0.4500
TG00004955,T00020,BGS,1.09982607,0.000000,0.4500
TG00004956,T00020,BGS,1.06367425,0.429737,0.4500
TG00004957,T00020,BGS,1.66272294,0.308320,0.4500
TG00004958,T00021,LRG,0.30625009,0.681658,1.0000
TG00004959,T00021,LRG,0.26764171,0.844261,1.0000
TG00004960,T00021,LRG,0.35544724,0.722690,1.0000
TG00004961,T00021,LRG,0.28329461,0.528018,1.0000
TG00004962,T00021,LRG,0.30519186,0.546194,1.0000
TG00004963,T00021,LRG,0.30132634,0.929316,1.0000
TG00004964,T00021,LRG,0.56265923,0.905858,1.0000
TG00004965,T00021,LRG,0.19252967,0.759893,1.0000
TG00004966,T00021,LRG,0.24931538,0.852553,1.0000
TG00004967,T00021,LRG,0.47130952,0.744508,1.0000
TG00004968,T00021,LRG,0.45822970,0.692283,1.0000
TG00004969,T00021,LRG,0.31767996,0.624224,1.0000
TG00004970,T00021,LRG,0.30611722,0.686376,1.0000
TG00004971,T00021,LRG,0.31866360,0.423688,1.0000
TG00004972,T00021,LRG,0.40361066,0.669964,1.0000
TG00004973,T00021,LRG,0.23281680,1.100407,1.0000
TG00004974,T00021,LRG,0.29276623,0.836622,1.0000
TG00004975,T00021,LRG,0.21335513,0.815912,1.0000
TG00004976,T00021,LRG,0.29689348,0.614970,1.0000
TG00004977,T00021,LRG,0.34379623,0.516392,1.0000
TG00004978,T00021,LRG,0.18940597,0.703296,1.0000
TG00004979,T00021,LRG,0.28975204,0.571972,1.0000
TG00004980,T00021,LRG,0.30642151,0.273413,1.0000
TG00004981,T00021,LRG,0.24502437,0.923227,1.0000
TG00004982,T00021,LRG,0.34586343,0.347526,1.0000
TG00004983,T00021,LRG,0.14789306,0.994002,1.0000
TG00004984,T00021,LRG,0.21751993,0.864496,1.0000
TG00004985,T00021,LRG,0.37533293,0.983435,1.0000
TG00004986,T00021,LRG,0.29513593,0.809636,1.0000
TG00004987,T00021,LRG,0.38638044,0.882238,1.0000
TG00004988,T00021,LRG,0.27628112,0.672071,1.0000
TG00004989,T00021,LRG,0.55152426,0.757138,1.0000
TG00004990,T00021,LRG,0.47427582,0.694057,1.0000
TG00004991,T00021,LRG,0.67133811,0.507595,1.0000
TG00004992,T00021,LRG,0.34082712,1.060506,1.0000
TG00004993,T00021,LRG,0.44448027,0.587814,1.0000
TG00004994,T00021,LRG,0.24215106,0.877921,1.0000
TG00004995,T00021,LRG,0.39106342,0.624789,1.0000
TG00004996,T00021,LRG,0.32294439,0.744146,1.0000
TG00004997,T00021,LRG,0.28270357,0.755997,1.0000
TG00004998,T00021,LRG,0.23324228,0.541851,1.0000
TG00004999,T00021,LRG,0.37925970,1.032524,1.0000
TG00005000,T00021,LRG,0.48656887,0.557402,1.0000
TG00005001,T00021,LRG,0.39009338,0.558957,1.0000
TG00005002,T00021,LRG,0.48833819,0.596591,1.0000
TG00005003,T00021,LRG,0.26190021,0.479222,1.0000
TG00005004,T00021,LRG,0.38139997,0.692621,1.0000
TG00005005,T00021,LRG,0.17033290,0.527378,1.0000
TG00005006,T00021,LRG,0.47144710,0.665146,1.0000
TG00005007,T00021,LRG,0.26834640,0.634741,1.0000
TG00005008,T00021,LRG,0.55649931,0.804029,1.0000
TG00005009,T00021,LRG,0.49333612,0.459890,1.0000
TG00005010,T00021,LRG,0.16995680,0.568851,1.0000
TG00005011,T00021,LRG,1.16471477,0.413454,1.0000
TG00005012,T00021,LRG,0.20820994,0.668385,1.0000
TG00005013,T00021,LRG,0.42748591,0.798554,1.0000
TG00005014,T00021,LRG,0.32023320,0.682214,1.0000
TG00005015,T00021,LRG,0.28473580,0.790053,1.0000
TG00005016,T00021,LRG,0.28585872,0.783354,1.0000
TG00005017,T00021,LRG,0.25055530,0.940030,1.0000
TG00005018,T00021,LRG,0.22934399,0.883006,1.0000
TG00005019,T00021,LRG,0.64307165,0.863385,1.0000
TG00005020,T00021,LRG,0.39454062,0.758310,1.0000
TG00005021,T00021,ELG,0.53945735,1.344170,1.0000
TG00005022,T00021,ELG,0.64554158,0.797897,1.0000
TG00005023,T00021,ELG,0.62877442,1.440223,1.0000
TG00005024,T00021,ELG,0.83225757,0.391792,1.0000
TG00005025,T00021,ELG,0.75404069,1.106255,1.0000
TG00005026,T00021,ELG,0.83091490,0.922147,1.0000
TG00005027,T00021,ELG,0.50451894,0.711384,1.0000
TG00005028,T00021,ELG,0.56790715,0.844084,1.0000
TG00005029,T00021,ELG,0.21472982,1.483239,1.0000
TG00005030,T00021,ELG,0.58697490,0.808144,1.0000
TG00005031,T00021,ELG,0.71324139,0.622596,1.0000
TG00005032,T00021,ELG,0.75141922,1.127008,1.0000
TG00005033,T00021,ELG,0.28246253,1.336567,1.0000
TG00005034,T00021,ELG,0.44912641,1.194034,1.0000
TG00005035,T00021,ELG,0.53377509,1.415523,1.0000
TG00005036,T00021,ELG,1.13309689,0.868091,1.0000
TG00005037,T00021,ELG,0.48670583,1.293655,1.0000
TG00005038,T00021,ELG,0.40330711,0.656444,1.0000
TG00005039,T00021,ELG,0.48277385,1.623011,1.0000
TG00005040,T00021,ELG,0.79307019,0.948123,1.0000
TG00005041,T00021,ELG,0.41164669,1.176270,1.0000
TG00005042,T00021,ELG,0.64054533,1.322438,1.0000
TG00005043,T00021,ELG,0.85437697,1.178966,1.0000
TG00005044,T00021,ELG,0.73105927,0.660867,1.0000
TG00005045,T00021,ELG,0.38133677,1.268292,1.0000
TG00005046,T00021,ELG,0.43072930,1.484553,1.0000
TG00005047,T00021,ELG,0.55459398,1.532256,1.0000
TG00005048,T00021,ELG,0.62119059,0.761232,1.0000
TG00005049,T00021,ELG,0.79736857,1.258622,1.0000
TG00005050,T00021,ELG,0.57413769,0.810552,1.0000
TG00005051,T00021,ELG,0.51253419,1.058500,1.0000
TG00005052,T00021,ELG,0.32152619,1.439734,1.0000
TG00005053,T00021,ELG,1.05030603,1.047653,1.0000
TG00005054,T00021,ELG,0.51707665,1.020280,1.0000
TG00005055,T00021,ELG,1.12364347,1.684211,1.0000
TG00005056,T00021,ELG,0.42055085,0.919089,1.0000
TG00005057,T00021,ELG,0.97877522,1.078648,1.0000
TG00005058,T00021,ELG,0.46536670,0.901261,1.0000
TG00005059,T00021,ELG,0.38435473,1.215233,1.0000
TG00005060,T00021,ELG,0.54455847,1.323509,1.0000
TG00005061,T00021,ELG,0.50280357,1.041521,1.0000
TG00005062,T00021,ELG,0.82639848,1.028112,1.0000
TG00005063,T00021,ELG,0.40840864,0.966531,1.0000
TG00005064,T00021,ELG,0.78659800,0.994004,1.0000
TG00005065,T00021,ELG,0.58138185,0.962857,1.0000
TG00005066,T00021,ELG,0.52492251,1.269988,1.0000
TG00005067,T00021,ELG,0.52312251,1.450701,1.0000
TG00005068,T00021,ELG,0.55185165,0.900460,1.0000
TG00005069,T00021,ELG,0.54149548,0.865618,1.0000
TG00005070,T00021,ELG,0.37050810,0.914505,1.0000
TG00005071,T00021,ELG,0.30654176,0.810594,1.0000
TG00005072,T00021,ELG,0.78529757,1.237755,1.0000
TG00005073,T00021,ELG,0.44659701,1.302155,1.0000
TG00005074,T00021,ELG,0.33562116,1.128446,1.0000
TG00005075,T00021,ELG,0.50902406,1.375089,1.0000
TG00005076,T00021,ELG,0.45597453,0.728844,1.0000
TG00005077,T00021,ELG,0.45337427,1.367463,1.0000
TG00005078,T00021,ELG,0.43770948,1.341851,1.0000
TG00005079,T00021,ELG,0.33136906,1.445126,1.0000
TG00005080,T00021,ELG,0.41956263,0.338325,1.0000
TG00005081,T00021,ELG,0.65382178,1.047466,1.0000
TG00005082,T00021,ELG,0.43798284,0.939116,1.0000
TG00005083,T00021,ELG,0.28399118,0.681570,1.0000
TG00005084,T00021,ELG,0.54957886,1.491053,1.0000
TG00005085,T00021,ELG,0.52072089,1.593111,1.0000
TG00005086,T00021,ELG,0.84260448,1.241260,1.0000
TG00005087,T00021,ELG,0.45980887,0.750789,1.0000
TG00005088,T00021,ELG,0.32072350,0.847350,1.0000
TG00005089,T00021,ELG,0.44576912,1.061145,1.0000
TG00005090,T00021,ELG,0.69392912,1.015331,1.0000
TG00005091,T00021,ELG,0.46457318,1.075417,1.0000
TG00005092,T00021,ELG,0.51699869,1.343379,1.0000
TG00005093,T00021,ELG,0.43357193,0.613980,1.0000
TG00005094,T00021,ELG,0.37317701,1.190291,1.0000
TG00005095,T00021,ELG,0.45580172,1.096157,1.0000
TG00005096,T00021,ELG,0.48687735,1.151875,1.0000
TG00005097,T00021,ELG,0.75035390,1.248070,1.0000
TG00005098,T00021,ELG,0.22399606,0.934098,1.0000
TG00005099,T00021,ELG,0.32575868,1.114563,1.0000
TG00005100,T00021,ELG,0.61559096,0.605360,1.0000
TG00005101,T00021,ELG,0.35567289,0.896616,1.0000
TG00005102,T00021,ELG,0.69409470,0.781001,1.0000
TG00005103,T00021,ELG,0.99490306,1.208716,1.0000
TG00005104,T00021,ELG,0.16700948,1.326682,1.0000
TG00005105,T00021,ELG,0.28439478,0.823634,1.0000
TG00005106,T00021,ELG,0.45403311,1.575906,1.0000
TG00005107,T00021,ELG,0.54223249,1.273461,1.0000
TG00005108,T00021,ELG,0.45082765,0.801207,1.0000
TG00005109,T00021,ELG,0.53097843,1.125347,1.0000
TG00005110,T00021,ELG,0.85329577,1.421435,1.0000
TG00005111,T00021,ELG,1.07692380,0.989874,1.0000
TG00005112,T00021,ELG,0.57898546,1.459841,1.0000
TG00005113,T00021,ELG,0.50612883,0.873357,1.0000
TG00005114,T00021,ELG,0.70888819,1.286433,1.0000
TG00005115,T00021,ELG,0.42436825,1.378831,1.0000
TG00005116,T00021,ELG,0.67996671,1.254581,1.0000
TG00005117,T00021,ELG,0.52133976,1.294413,1.0000
TG00005118,T00021,ELG,1.14639391,0.943467,1.0000
TG00005119,T00021,ELG,0.41639063,1.529377,1.0000
TG00005120,T00021,ELG,0.62083115,1.063939,1.0000
TG00005121,T00021,ELG,0.85238098,1.772538,1.0000
TG00005122,T00021,ELG,0.98929641,1.302391,1.0000
TG00005123,T00021,ELG,0.39994518,1.250085,1.0000
TG00005124,T00021,ELG,0.85743756,0.706644,1.0000
TG00005125,T00021,ELG,0.45987261,1.896580,1.0000
TG00005126,T00021,ELG,0.61674874,0.967536,1.0000
TG00005127,T00021,ELG,0.40883008,1.163256,1.0000
TG00005128,T00021,ELG,0.76635344,0.873473,1.0000
TG00005129,T00021,ELG,0.45892579,0.515586,1.0000
TG00005130,T00021,ELG,0.82703474,1.750046,1.0000
TG00005131,T00021,ELG,0.38221222,1.374330,1.0000
TG00005132,T00021,ELG,0.49559823,1.042571,1.0000
TG00005133,T00021,QSO,0.09199411,2.586989,1.7000
TG00005134,T00021,QSO,0.09561573,3.073132,1.7000
TG00005135,T00021,QSO,0.15182210,2.830961,1.7000
TG00005136,T00021,QSO,0.10894183,1.545576,1.7000
TG00005137,T00021,QSO,0.12737705,1.623090,1.7000
TG00005138,T00021,QSO,0.20308849,1.735766,1.7000
TG00005139,T00021,QSO,0.21681644,2.071991,1.7000
TG00005140,T00021,QSO,0.11821581,2.419417,1.7000
TG00005141,T00021,QSO,0.23267561,1.543800,1.7000
TG00005142,T00021,QSO,0.21254491,0.892054,1.7000
TG00005143,T00021,QSO,0.30091610,1.832336,1.7000
TG00005144,T00021,QSO,0.39697646,2.716326,1.7000
TG00005145,T00021,QSO,0.16166730,1.677868,1.7000
TG00005146,T00021,BGS,2.05692624,0.243907,0.4500
TG00005147,T00021,BGS,0.72959578,0.175723,0.4500
TG00005148,T00021,BGS,0.97607956,0.204552,0.4500
TG00005149,T00021,BGS,0.86704566,0.190511,0.4500
TG00005150,T00021,BGS,2.40472041,0.234505,0.4500
TG00005151,T00021,BGS,0.80730588,0.157336,0.4500
TG00005152,T00021,BGS,0.81979244,0.065853,0.4500
TG00005153,T00021,BGS,1.62934568,0.214324,0.4500
TG00005154,T00021,BGS,1.22068240,0.319319,0.4500
TG00005155,T00021,BGS,1.07668544,0.238072,0.4500
TG00005156,T00021,BGS,2.49026281,0.091721,0.4500
TG00005157,T00021,BGS,0.86010857,0.182113,0.4500
TG00005158,T00021,BGS,0.94014711,0.061103,0.4500
TG00005159,T00021,BGS,1.50527690,0.263189,0.4500
TG00005160,T00021,BGS,1.16898123,0.202541,0.4500
TG00005161,T00021,BGS,1.36290264,0.262648,0.4500
TG00005162,T00021,BGS,1.36702449,0.233232,0.4500
TG00005163,T00021,BGS,1.31642380,0.200215,0.4500
TG00005164,T00021,BGS,1.11689202,0.369303,0.4500
TG00005165,T00021,BGS,1.51838994,0.303454,0.4500
TG00005166,T00021,BGS,1.54346821,0.198780,0.4500
TG00005167,T00021,BGS,1.46193748,0.301438,0.4500
TG00005168,T00021,BGS,2.50578618,0.264173,0.4500
TG00005169,T00021,BGS,1.44947564,0.290901,0.4500
TG00005170,T00021,BGS,1.47876789,0.134260,0.4500
TG00005171,T00021,BGS,1.10427336,0.220447,0.4500
TG00005172,T00021,BGS,1.62486424,0.227745,0.4500
TG00005173,T00021,BGS,0.85855298,0.286856,0.4500
TG00005174,T00021,BGS,1.31228344,0.184299,0.4500
TG00005175,T00021,BGS,1.65343762,0.350779,0.4500
TG00005176,T00021,BGS,1.17510428,0.238181,0.4500
TG00005177,T00021,BGS,1.06340223,0.229471,0.4500
TG00005178,T00021,BGS,0.88699188,0.191665,0.4500
TG00005179,T00021,BGS,1.24528006,0.199388,0.4500
TG00005180,T00021,BGS,1.02514622,0.208058,0.4500
TG00005181,T00021,BGS,1.31504922,0.240531,0.4500
TG00005182,T00021,BGS,1.82054147,0.252915,0.4500
TG00005183,T00021,BGS,1.45936697,0.195769,0.4500
TG00005184,T00021,BGS,1.29123155,0.245665,0.4500
TG00005185,T00021,BGS,2.10263633,0.260047,0.4500
TG00005186,T00021,BGS,1.21204684,0.179370,0.4500
TG00005187,T00021,BGS,0.94036292,0.176170,0.4500
TG00005188,T00021,BGS,1.51049488,0.363671,0.4500
TG00005189,T00021,BGS,1.80539335,0.114124,0.4500
TG00005190,T00021,BGS,0.62835653,0.008456,0.4500
TG00005191,T00021,BGS,1.58936290,0.292091,0.4500
TG00005192,T00021,BGS,1.66549438,0.264750,0.4500
TG00005193,T00021,BGS,1.38728260,0.355957,0.4500
TG00005194,T00021,BGS,0.91279448,0.223164,0.4500
TG00005195,T00021,BGS,1.24054649,0.153260,0.4500
TG00005196,T00021,BGS,1.29223886,0.273831,0.4500
TG00005197,T00021,BGS,1.11652432,0.232680,0.4500
TG00005198,T00021,BGS,1.22607166,0.283823,0.4500
TG00005199,T00021,BGS,1.83988501,0.298014,0.4500
TG00005200,T00021,BGS,1.37536774,0.339207,0.4500
TG00005201,T00021,BGS,0.94529072,0.262697,0.4500
TG00005202,T00021,BGS,1.44359522,0.109553,0.4500
TG00005203,T00021,BGS,1.11729506,0.257376,0.4500
TG00005204,T00021,BGS,1.45545371,0.216964,0.4500
TG00005205,T00021,BGS,0.95583846,0.114552,0.4500
TG00005206,T00021,BGS,2.24549431,0.221937,0.4500
TG00005207,T00021,BGS,1.29172591,0.218363,0.4500
TG00005208,T00021,BGS,1.60907600,0.124483,0.4500
TG00005209,T00021,BGS,0.95258177,0.194944,0.4500
TG00005210,T00021,BGS,1.25121286,0.365384,0.4500
TG00005211,T00021,BGS,1.35939028,0.228073,0.4500
TG00005212,T00021,BGS,1.26332242,0.327027,0.4500
TG00005213,T00021,BGS,1.36521040,0.140570,0.4500
TG00005214,T00021,BGS,1.06447135,0.212406,0.4500
TG00005215,T00021,BGS,1.55404606,0.174478,0.4500
TG00005216,T00021,BGS,1.14022782,0.183321,0.4500
TG00005217,T00021,BGS,0.78579213,0.044926,0.4500
TG00005218,T00021,BGS,1.10267724,0.335792,0.4500
TG00005219,T00021,BGS,0.80108168,0.206620,0.4500
TG00005220,T00021,BGS,1.40999013,0.282621,0.4500
TG00005221,T00021,BGS,1.17058191,0.329994,0.4500
TG00005222,T00021,BGS,0.63911197,0.219598,0.4500
TG00005223,T00021,BGS,1.84056549,0.051035,0.4500
TG00005224,T00021,BGS,1.70114179,0.237622,0.4500
TG00005225,T00021,BGS,1.33610691,0.271374,0.4500
TG00005226,T00021,BGS,1.55857595,0.357531,0.4500
TG00005227,T00021,BGS,1.29267917,0.225111,0.4500
TG00005228,T00021,BGS,1.39477758,0.172759,0.4500
TG00005229,T00021,BGS,1.09682243,0.326870,0.4500
TG00005230,T00021,BGS,1.57363016,0.152210,0.4500
TG00005231,T00021,BGS,0.53057066,0.059782,0.4500
TG00005232,T00021,BGS,0.75533750,0.247275,0.4500
TG00005233,T00021,BGS,1.48099996,0.025682,0.4500
TG00005234,T00021,BGS,1.23985958,0.157435,0.4500
TG00005235,T00021,BGS,1.10577703,0.139413,0.4500
TG00005236,T00021,BGS,1.46212788,0.156568,0.4500
TG00005237,T00021,BGS,1.23469640,0.239903,0.4500
TG00005238,T00022,LRG,0.31424338,0.941921,1.0000
TG00005239,T00022,LRG,0.58113448,0.928025,1.0000
TG00005240,T00022,LRG,0.22356074,0.674546,1.0000
TG00005241,T00022,LRG,0.20686347,0.546945,1.0000
TG00005242,T00022,LRG,0.30341721,0.706963,1.0000
TG00005243,T00022,LRG,0.40412164,1.155366,1.0000
TG00005244,T00022,LRG,0.34122615,0.756614,1.0000
TG00005245,T00022,LRG,0.67284551,0.458585,1.0000
TG00005246,T00022,LRG,0.32701536,0.515066,1.0000
TG00005247,T00022,LRG,0.30015776,0.664157,1.0000
TG00005248,T00022,LRG,0.46984189,0.899101,1.0000
TG00005249,T00022,LRG,0.36088614,0.535887,1.0000
TG00005250,T00022,LRG,0.32454191,0.235735,1.0000
TG00005251,T00022,LRG,0.44691305,0.640660,1.0000
TG00005252,T00022,LRG,0.38628765,0.388285,1.0000
TG00005253,T00022,LRG,0.43243556,0.788909,1.0000
TG00005254,T00022,LRG,0.40859680,0.444950,1.0000
TG00005255,T00022,LRG,0.37567509,0.903510,1.0000
TG00005256,T00022,LRG,0.48331973,0.754629,1.0000
TG00005257,T00022,LRG,0.46848446,0.656708,1.0000
TG00005258,T00022,LRG,0.37656215,0.898224,1.0000
TG00005259,T00022,LRG,0.43942111,0.831075,1.0000
TG00005260,T00022,LRG,0.51025854,0.786723,1.0000
TG00005261,T00022,LRG,0.21614524,0.630238,1.0000
TG00005262,T00022,LRG,0.62926075,0.570778,1.0000
TG00005263,T00022,LRG,0.66720577,0.442844,1.0000
TG00005264,T00022,LRG,0.69744071,0.669768,1.0000
TG00005265,T00022,LRG,0.27800733,0.470222,1.0000
TG00005266,T00022,LRG,0.32719298,0.628314,1.0000
TG00005267,T00022,LRG,0.21557130,0.852760,1.0000
TG00005268,T00022,LRG,0.39479595,0.932457,1.0000
TG00005269,T00022,LRG,0.31331842,0.713488,1.0000
TG00005270,T00022,LRG,0.35425815,0.661500,1.0000
TG00005271,T00022,LRG,0.33124045,0.595310,1.0000
TG00005272,T00022,LRG,0.46441651,0.889290,1.0000
TG00005273,T00022,LRG,0.46607741,0.567017,1.0000
TG00005274,T00022,LRG,0.40336590,0.600324,1.0000
TG00005275,T00022,LRG,0.35845732,0.330525,1.0000
TG00005276,T00022,LRG,0.29460739,0.589510,1.0000
TG00005277,T00022,LRG,0.44479103,0.756883,1.0000
TG00005278,T00022,LRG,0.18794894,0.641295,1.0000
TG00005279,T00022,LRG,0.45402347,0.663708,1.0000
TG00005280,T00022,LRG,0.28008111,0.810476,1.0000
TG00005281,T00022,LRG,0.26400839,0.735144,1.0000
TG00005282,T00022,LRG,0.40292120,1.129412,1.0000
TG00005283,T00022,LRG,0.37791364,0.688507,1.0000
TG00005284,T00022,LRG,0.23427643,1.005397,1.0000
TG00005285,T00022,LRG,0.35389604,0.628347,1.0000
TG00005286,T00022,LRG,0.17975752,0.371953,1.0000
TG00005287,T00022,LRG,0.34296770,0.802532,1.0000
TG00005288,T00022,LRG,0.27422222,0.673735,1.0000
TG00005289,T00022,LRG,0.29547022,0.730364,1.0000
TG00005290,T00022,LRG,0.37629873,0.531599,1.0000
TG00005291,T00022,LRG,0.20710239,1.036670,1.0000
TG00005292,T00022,LRG,0.30998070,0.596936,1.0000
TG00005293,T00022,LRG,0.23469589,0.872454,1.0000
TG00005294,T00022,LRG,0.23780561,0.845645,1.0000
TG00005295,T00022,LRG,0.21004523,0.710984,1.0000
TG00005296,T00022,LRG,0.37986223,0.479032,1.0000
TG00005297,T00022,LRG,0.43831426,0.791930,1.0000
TG00005298,T00022,LRG,0.78713587,0.531335,1.0000
TG00005299,T00022,LRG,0.28235457,0.715321,1.0000
TG00005300,T00022,LRG,0.31403017,0.616221,1.0000
TG00005301,T00022,LRG,0.26966657,0.988339,1.0000
TG00005302,T00022,LRG,0.82313366,0.625478,1.0000
TG00005303,T00022,LRG,0.33158984,0.569736,1.0000
TG00005304,T00022,LRG,0.24595028,0.773682,1.0000
TG00005305,T00022,LRG,0.52152490,0.479172,1.0000
TG00005306,T00022,LRG,0.73027472,0.525012,1.0000
TG00005307,T00022,LRG,0.29090093,0.420778,1.0000
TG00005308,T00022,LRG,0.26292154,0.732260,1.0000
TG00005309,T00022,LRG,0.25227015,0.630701,1.0000
TG00005310,T00022,LRG,0.51535750,0.677841,1.0000
TG00005311,T00022,LRG,0.30254741,0.832771,1.0000
TG00005312,T00022,LRG,0.18070981,0.802323,1.0000
TG00005313,T00022,ELG,0.80989650,0.782944,1.0000
TG00005314,T00022,ELG,0.67567468,1.118186,1.0000
TG00005315,T00022,ELG,0.58375077,1.256215,1.0000
TG00005316,T00022,ELG,0.81504098,1.273862,1.0000
TG00005317,T00022,ELG,0.23686710,0.627713,1.0000
TG00005318,T00022,ELG,0.50698863,1.040031,1.0000
TG00005319,T00022,ELG,0.74730281,1.466267,1.0000
TG00005320,T00022,ELG,0.33498391,1.368283,1.0000
TG00005321,T00022,ELG,0.48074622,1.260012,1.0000
TG00005322,T00022,ELG,0.28325503,1.495933,1.0000
TG00005323,T00022,ELG,0.35570992,1.151445,1.0000
TG00005324,T00022,ELG,1.08789009,1.412362,1.0000
TG00005325,T00022,ELG,0.71138679,1.020731,1.0000
TG00005326,T00022,ELG,0.66893968,0.819437,1.0000
TG00005327,T00022,ELG,0.34203740,1.157986,1.0000
TG00005328,T00022,ELG,0.82704398,1.273528,1.0000
TG00005329,T00022,ELG,0.57468071,1.285670,1.0000
TG00005330,T00022,ELG,0.53160645,1.025742,1.0000
TG00005331,T00022,ELG,0.61834368,1.197656,1.0000
TG00005332,T00022,ELG,0.42178837,0.983487,1.0000
TG00005333,T00022,ELG,0.97490618,0.940909,1.0000
TG00005334,T00022,ELG,0.74364975,1.283251,1.0000
TG00005335,T00022,ELG,0.35450280,0.989553,1.0000
TG00005336,T00022,ELG,0.80187139,1.327749,1.0000
TG00005337,T00022,ELG,0.31747721,1.283955,1.0000
TG00005338,T00022,ELG,0.51771645,1.003790,1.0000
TG00005339,T00022,ELG,1.00194801,1.338104,1.0000
TG00005340,T00022,ELG,0.51959875,0.688842,1.0000
TG00005341,T00022,ELG,0.89856568,1.319573,1.0000
TG00005342,T00022,ELG,0.59231488,1.293374,1.0000
TG00005343,T00022,ELG,0.51536788,0.997441,1.0000
TG00005344,T00022,ELG,0.25176959,1.657989,1.0000
TG00005345,T00022,ELG,0.60681173,0.781557,1.0000
TG00005346,T00022,ELG,0.55738022,1.106393,1.0000
TG00005347,T00022,ELG,0.69957178,1.405091,1.0000
TG00005348,T00022,ELG,0.72255819,1.072710,1.0000
TG00005349,T00022,ELG,0.62256634,0.978139,1.0000
TG00005350,T00022,ELG,0.84129557,0.716018,1.0000
TG00005351,T00022,ELG,0.43348688,0.917482,1.0000
TG00005352,T00022,ELG,0.39719274,0.723024,1.0000
TG00005353,T00022,ELG,0.46393992,1.010676,1.0000
TG00005354,T00022,ELG,0.81863014,1.539826,1.0000
TG00005355,T00022,ELG,0.37440760,0.959062,1.0000
TG00005356,T00022,ELG,0.49348179,1.668445,1.0000
TG00005357,T00022,ELG,0.60525777,0.675359,1.0000
TG00005358,T00022,ELG,0.51006542,1.051420,1.0000
TG00005359,T00022,ELG,0.40630913,1.401897,1.0000
TG00005360,T00022,ELG,0.61100801,0.470351,1.0000
TG00005361,T00022,ELG,0.42092374,1.271196,1.0000
TG00005362,T00022,ELG,0.44438403,1.203912,1.0000
TG00005363,T00022,ELG,0.56846523,1.165469,1.0000
TG00005364,T00022,ELG,0.59142239,1.078207,1.0000
TG00005365,T00022,ELG,0.27601185,0.672179,1.0000
TG00005366,T00022,ELG,0.75467504,0.991783,1.0000
TG00005367,T00022,ELG,0.45975022,1.159883,1.0000
TG00005368,T00022,ELG,0.91292894,1.222848,1.0000
TG00005369,T00022,ELG,0.61569105,1.022308,1.0000
TG00005370,T00022,ELG,0.49848153,1.123639,1.0000
TG00005371,T00022,ELG,0.66223649,0.846250,1.0000
TG00005372,T00022,ELG,0.49648159,0.665922,1.0000
TG00005373,T00022,ELG,0.41961027,1.162438,1.0000
TG00005374,T00022,ELG,0.73741646,1.001424,1.0000
TG00005375,T00022,ELG,0.57774907,1.582059,1.0000
TG00005376,T00022,ELG,0.40943801,1.281857,1.0000
TG00005377,T00022,ELG,0.72055124,1.002956,1.0000
TG00005378,T00022,ELG,0.55854202,0.914356,1.0000
TG00005379,T00022,ELG,0.88035137,1.094162,1.0000
TG00005380,T00022,ELG,0.44834076,0.772396,1.0000
TG00005381,T00022,ELG,0.49123746,1.096933,1.0000
TG00005382,T00022,ELG,0.42754790,0.674900,1.0000
TG00005383,T00022,ELG,0.33205594,1.391931,1.0000
TG00005384,T00022,ELG,0.47680198,0.910186,1.0000
TG00005385,T00022,ELG,0.55057805,0.857150,1.0000
TG00005386,T00022,ELG,0.26902736,1.394110,1.0000
TG00005387,T00022,ELG,0.36555287,1.079285,1.0000
TG00005388,T00022,ELG,0.62281687,1.140217,1.0000
TG00005389,T00022,ELG,0.48658818,1.563795,1.0000
TG00005390,T00022,ELG,0.50258231,0.919095,1.0000
TG00005391,T00022,ELG,1.14093661,0.939080,1.0000
TG00005392,T00022,ELG,0.93275084,1.111524,1.0000
TG00005393,T00022,ELG,0.55353884,1.069685,1.0000
TG00005394,T00022,ELG,0.29355306,1.071953,1.0000
TG00005395,T00022,ELG,0.56809972,0.918187,1.0000
TG00005396,T00022,ELG,0.51333860,0.881447,1.0000
TG00005397,T00022,ELG,0.58454595,0.954829,1.0000
TG00005398,T00022,ELG,0.50917071,1.445385,1.0000
TG00005399,T00022,ELG,0.71278360,1.029655,1.0000
TG00005400,T00022,ELG,0.44321381,1.003042,1.0000
TG00005401,T00022,ELG,0.48290378,0.964021,1.0000
TG00005402,T00022,ELG,0.37113890,1.132203,1.0000
TG00005403,T00022,ELG,0.82844723,1.124674,1.0000
TG00005404,T00022,ELG,0.25709684,1.129829,1.0000
TG00005405,T00022,ELG,0.90701323,1.695958,1.0000
TG00005406,T00022,ELG,0.35566231,1.459584,1.0000
TG00005407,T00022,ELG,0.61455664,1.531644,1.0000
TG00005408,T00022,ELG,1.17286295,1.290527,1.0000
TG00005409,T00022,ELG,0.68947875,1.268577,1.0000
TG00005410,T00022,ELG,0.58240701,0.476630,1.0000
TG00005411,T00022,ELG,0.75672046,1.344384,1.0000
TG00005412,T00022,ELG,0.55273409,0.767755,1.0000
TG00005413,T00022,ELG,0.52382480,0.542579,1.0000
TG00005414,T00022,ELG,0.56301813,0.605460,1.0000
TG00005415,T00022,ELG,0.51435030,0.510162,1.0000
TG00005416,T00022,ELG,0.79911229,1.071560,1.0000
TG00005417,T00022,ELG,1.15921407,0.601406,1.0000
TG00005418,T00022,ELG,1.04308838,1.461087,1.0000
TG00005419,T00022,ELG,1.02307907,1.250361,1.0000
TG00005420,T00022,QSO,0.21269986,1.485398,1.7000
TG00005421,T00022,QSO,0.19404112,1.892641,1.7000
TG00005422,T00022,QSO,0.49313557,2.628319,1.7000
TG00005423,T00022,QSO,0.20135583,2.974163,1.7000
TG00005424,T00022,QSO,0.10442048,1.960234,1.7000
TG00005425,T00022,QSO,0.29585573,1.144526,1.7000
TG00005426,T00022,QSO,0.15939204,3.619855,1.7000
TG00005427,T00022,QSO,0.22396877,3.198137,1.7000
TG00005428,T00022,QSO,0.17120191,2.731269,1.7000
TG00005429,T00022,QSO,0.07440314,1.533609,1.7000
TG00005430,T00022,QSO,0.14446352,1.298461,1.7000
TG00005431,T00022,QSO,0.32541897,2.226943,1.7000
TG00005432,T00022,QSO,0.20134083,2.714837,1.7000
TG00005433,T00022,QSO,0.37795724,1.071152,1.7000
TG00005434,T00022,QSO,0.26132991,3.050853,1.7000
TG00005435,T00022,QSO,0.14568501,2.301682,1.7000
TG00005436,T00022,BGS,1.19396417,0.148331,0.4500
TG00005437,T00022,BGS,1.96070589,0.197188,0.4500
TG00005438,T00022,BGS,1.90383784,0.323716,0.4500
TG00005439,T00022,BGS,1.00423902,0.218622,0.4500
TG00005440,T00022,BGS,0.45022075,0.324939,0.4500
TG00005441,T00022,BGS,1.60200863,0.000000,0.4500
TG00005442,T00022,BGS,0.90269057,0.261949,0.4500
TG00005443,T00022,BGS,0.50253797,0.077732,0.4500
TG00005444,T00022,BGS,1.79491489,0.233868,0.4500
TG00005445,T00022,BGS,1.07227367,0.397471,0.4500
TG00005446,T00022,BGS,1.25467287,0.235859,0.4500
TG00005447,T00022,BGS,1.23550579,0.081354,0.4500
TG00005448,T00022,BGS,0.99485688,0.185357,0.4500
TG00005449,T00022,BGS,1.00481556,0.214689,0.4500
TG00005450,T00022,BGS,1.09944689,0.343650,0.4500
TG00005451,T00022,BGS,2.42109318,0.196306,0.4500
TG00005452,T00022,BGS,1.16558328,0.368466,0.4500
TG00005453,T00022,BGS,1.54501488,0.385153,0.4500
TG00005454,T00022,BGS,1.47875456,0.140489,0.4500
TG00005455,T00022,BGS,1.10092016,0.028765,0.4500
TG00005456,T00022,BGS,1.04227818,0.278091,0.4500
TG00005457,T00022,BGS,1.28836873,0.120873,0.4500
TG00005458,T00022,BGS,1.34683025,0.077270,0.4500
TG00005459,T00022,BGS,2.29251807,0.205384,0.4500
TG00005460,T00022,BGS,1.34449559,0.310571,0.4500
TG00005461,T00022,BGS,0.89782855,0.106716,0.4500
TG00005462,T00022,BGS,0.91460593,0.266838,0.4500
TG00005463,T00022,BGS,2.58651684,0.385098,0.4500
TG00005464,T00022,BGS,1.28979750,0.158799,0.4500
TG00005465,T00022,BGS,1.23815494,0.216587,0.4500
TG00005466,T00022,BGS,1.48338360,0.220227,0.4500
TG00005467,T00022,BGS,1.87536178,0.236095,0.4500
TG00005468,T00022,BGS,1.26746849,0.259683,0.4500
TG00005469,T00022,BGS,2.19376899,0.248320,0.4500
TG00005470,T00022,BGS,1.48255209,0.403948,0.4500
TG00005471,T00022,BGS,1.19888097,0.268915,0.4500
TG00005472,T00022,BGS,1.78732133,0.132753,0.4500
TG00005473,T00022,BGS,1.45126652,0.193208,0.4500
TG00005474,T00022,BGS,1.20103862,0.199581,0.4500
TG00005475,T00022,BGS,0.64620989,0.027181,0.4500
TG00005476,T00022,BGS,1.36199850,0.111713,0.4500
TG00005477,T00022,BGS,0.86942698,0.267287,0.4500
TG00005478,T00022,BGS,1.02126264,0.388820,0.4500
TG00005479,T00022,BGS,1.06964718,0.218179,0.4500
TG00005480,T00022,BGS,1.26425254,0.217615,0.4500
TG00005481,T00022,BGS,1.40562380,0.149098,0.4500
TG00005482,T00022,BGS,1.92915482,0.362336,0.4500
TG00005483,T00022,BGS,1.23193981,0.205570,0.4500
TG00005484,T00022,BGS,1.36641867,0.282893,0.4500
TG00005485,T00022,BGS,1.08274948,0.093463,0.4500
TG00005486,T00022,BGS,1.53573239,0.263675,0.4500
TG00005487,T00022,BGS,1.49837541,0.124321,0.4500
TG00005488,T00022,BGS,1.00194982,0.256248,0.4500
TG00005489,T00022,BGS,0.71559393,0.339603,0.4500
TG00005490,T00022,BGS,1.23651751,0.256097,0.4500
TG00005491,T00022,BGS,1.93756219,0.294874,0.4500
TG00005492,T00022,BGS,2.00414126,0.203282,0.4500
TG00005493,T00022,BGS,1.90121955,0.162006,0.4500
TG00005494,T00022,BGS,1.26365843,0.236092,0.4500
TG00005495,T00022,BGS,1.80014861,0.052734,0.4500
TG00005496,T00022,BGS,1.12108962,0.333799,0.4500
TG00005497,T00022,BGS,1.29486061,0.274687,0.4500
TG00005498,T00022,BGS,1.93444657,0.120112,0.4500
TG00005499,T00022,BGS,1.06620380,0.389051,0.4500
TG00005500,T00022,BGS,1.61207279,0.230699,0.4500
TG00005501,T00022,BGS,0.80154943,0.235168,0.4500
TG00005502,T00022,BGS,1.84398823,0.260364,0.4500
TG00005503,T00022,BGS,1.24585799,0.282386,0.4500
TG00005504,T00022,BGS,1.16797568,0.222060,0.4500
TG00005505,T00022,BGS,0.84798276,0.164920,0.4500
TG00005506,T00022,BGS,1.13146934,0.108058,0.4500
TG00005507,T00022,BGS,1.48588600,0.146692,0.4500
TG00005508,T00022,BGS,1.21241239,0.233031,0.4500
TG00005509,T00022,BGS,0.78819560,0.149732,0.4500
TG00005510,T00022,BGS,1.78231190,0.243053,0.4500
TG00005511,T00022,BGS,0.70881151,0.205411,0.4500
TG00005512,T00022,BGS,0.68195110,0.051483,0.4500
TG00005513,T00022,BGS,1.07173371,0.339562,0.4500
TG00005514,T00022,BGS,1.66659411,0.064287,0.4500
TG00005515,T00023,LRG,0.57348128,0.840886,1.0000
TG00005516,T00023,LRG,0.13596902,0.770180,1.0000
TG00005517,T00023,LRG,0.25843566,0.719523,1.0000
TG00005518,T00023,LRG,0.35558836,0.614279,1.0000
TG00005519,T00023,LRG,0.51101236,0.643811,1.0000
TG00005520,T00023,LRG,0.27702820,1.020481,1.0000
TG00005521,T00023,LRG,0.37241438,0.791243,1.0000
TG00005522,T00023,LRG,0.57732682,0.609548,1.0000
TG00005523,T00023,LRG,0.28917262,0.683694,1.0000
TG00005524,T00023,LRG,0.20117816,0.949795,1.0000
TG00005525,T00023,LRG,0.40898768,0.676896,1.0000
TG00005526,T00023,LRG,0.41776796,0.739273,1.0000
TG00005527,T00023,LRG,0.32179854,0.609983,1.0000
TG00005528,T00023,LRG,0.28021289,0.945699,1.0000
TG00005529,T00023,LRG,0.20934639,0.694214,1.0000
TG00005530,T00023,LRG,0.45461362,0.825364,1.0000
TG00005531,T00023,LRG,0.60833211,0.461605,1.0000
TG00005532,T00023,LRG,0.26642329,0.831676,1.0000
TG00005533,T00023,LRG,0.43516605,0.617793,1.0000
TG00005534,T00023,LRG,0.28807096,0.739630,1.0000
TG00005535,T00023,LRG,0.31931415,0.403062,1.0000
TG00005536,T00023,LRG,0.22884556,0.595825,1.0000
TG00005537,T00023,LRG,0.16294679,0.706296,1.0000
TG00005538,T00023,LRG,0.49743857,0.807399,1.0000
TG00005539,T00023,LRG,0.24946203,0.755566,1.0000
TG00005540,T00023,LRG,0.26992670,0.898599,1.0000
TG00005541,T00023,LRG,0.54692988,0.818924,1.0000
TG00005542,T00023,LRG,0.43372704,0.640701,1.0000
TG00005543,T00023,LRG,0.33834297,1.067603,1.0000
TG00005544,T00023,LRG,0.24710958,0.412831,1.0000
TG00005545,T00023,LRG,0.26588230,0.517833,1.0000
TG00005546,T00023,LRG,0.24103898,0.561997,1.0000
TG00005547,T00023,LRG,0.36158213,0.722314,1.0000
TG00005548,T00023,LRG,0.20566785,0.554354,1.0000
TG00005549,T00023,LRG,0.43595142,0.593542,1.0000
TG00005550,T00023,LRG,0.16057582,0.817081,1.0000
TG00005551,T00023,LRG,0.31922191,0.810456,1.0000
TG00005552,T00023,LRG,0.42649465,0.869655,1.0000
TG00005553,T00023,LRG,0.28538274,0.749722,1.0000
TG00005554,T00023,LRG,0.56696910,0.880222,1.0000
TG00005555,T00023,LRG,0.59412484,1.063844,1.0000
TG00005556,T00023,LRG,0.34469666,0.966452,1.0000
TG00005557,T00023,LRG,0.37093598,0.681527,1.0000
TG00005558,T00023,LRG,0.36296392,0.992336,1.0000
TG00005559,T00023,LRG,0.31468822,0.781994,1.0000
TG00005560,T00023,LRG,0.32768640,0.725047,1.0000
TG00005561,T00023,LRG,0.53897144,0.915668,1.0000
TG00005562,T00023,LRG,0.58586913,0.872827,1.0000
TG00005563,T00023,LRG,0.29927393,0.678394,1.0000
TG00005564,T00023,LRG,0.68583937,0.348008,1.0000
TG00005565,T00023,LRG,0.59249049,0.747299,1.0000
TG00005566,T00023,LRG,0.61465894,0.589800,1.0000
TG00005567,T00023,LRG,0.39483809,0.475592,1.0000
TG00005568,T00023,LRG,0.41610642,0.514883,1.0000
TG00005569,T00023,LRG,0.22003022,0.695044,1.0000
TG00005570,T00023,LRG,0.41595223,0.716106,1.0000
TG00005571,T00023,LRG,0.34466990,0.694220,1.0000
TG00005572,T00023,LRG,0.33842286,0.541094,1.0000
TG00005573,T00023,LRG,0.26286719,0.754145,1.0000
TG00005574,T00023,LRG,0.43004937,0.839956,1.0000
TG00005575,T00023,LRG,0.33266087,0.719381,1.0000
TG00005576,T00023,LRG,0.31774104,0.733365,1.0000
TG00005577,T00023,LRG,0.23723972,0.982315,1.0000
TG00005578,T00023,LRG,0.34282926,0.711459,1.0000
TG00005579,T00023,LRG,0.19003938,0.790114,1.0000
TG00005580,T00023,ELG,0.83468256,1.219778,1.0000
TG00005581,T00023,ELG,0.28901674,1.333701,1.0000
TG00005582,T00023,ELG,0.87590597,1.356036,1.0000
TG00005583,T00023,ELG,0.79373001,1.109625,1.0000
TG00005584,T00023,ELG,0.29795881,1.062686,1.0000
TG00005585,T00023,ELG,0.60611273,0.787819,1.0000
TG00005586,T00023,ELG,0.39268222,1.106324,1.0000
TG00005587,T00023,ELG,0.48728354,1.329528,1.0000
TG00005588,T00023,ELG,0.42886125,1.242536,1.0000
TG00005589,T00023,ELG,0.80559085,0.892085,1.0000
TG00005590,T00023,ELG,0.98835507,1.195725,1.0000
TG00005591,T00023,ELG,0.48796008,1.135732,1.0000
TG00005592,T00023,ELG,0.32318910,0.847697,1.0000
TG00005593,T00023,ELG,0.89345648,0.777174,1.0000
TG00005594,T00023,ELG,0.35038028,1.505474,1.0000
TG00005595,T00023,ELG,0.64651443,0.893260,1.0000
TG00005596,T00023,ELG,0.28067699,0.721712,1.0000
TG00005597,T00023,ELG,0.50034512,0.687751,1.0000
TG00005598,T00023,ELG,0.29916722,1.012409,1.0000
TG00005599,T00023,ELG,0.48988048,1.044594,1.0000
TG00005600,T00023,ELG,0.62030142,0.847259,1.0000
TG00005601,T00023,ELG,0.57423586,0.729237,1.0000
TG00005602,T00023,ELG,0.44274027,0.831890,1.0000
TG00005603,T00023,ELG,0.51449056,0.719890,1.0000
TG00005604,T00023,ELG,0.55505285,0.933553,1.0000
TG00005605,T00023,ELG,0.75453367,1.199126,1.0000
TG00005606,T00023,ELG,0.24369499,1.103805,1.0000
TG00005607,T00023,ELG,0.56519160,1.520978,1.0000
TG00005608,T00023,ELG,0.91690589,0.647918,1.0000
TG00005609,T00023,ELG,0.44148167,1.141152,1.0000
TG00005610,T00023,ELG,0.71054031,0.775621,1.0000
TG00005611,T00023,ELG,0.26403817,1.514968,1.0000
TG00005612,T00023,ELG,0.27362416,1.397320,1.0000
TG00005613,T00023,ELG,0.33132585,0.882850,1.0000
TG00005614,T00023,ELG,0.62961583,1.298050,1.0000
TG00005615,T00023,ELG,0.42309581,0.866940,1.0000
TG00005616,T00023,ELG,0.77321970,0.881640,1.0000
TG00005617,T00023,ELG,0.58748647,0.885398,1.0000
TG00005618,T00023,ELG,0.91952108,0.836139,1.0000
TG00005619,T00023,ELG,0.21166703,1.701380,1.0000
TG00005620,T00023,ELG,1.24628910,0.663988,1.0000
TG00005621,T00023,ELG,0.34998924,1.549336,1.0000
TG00005622,T00023,ELG,0.37913478,0.463130,1.0000
TG00005623,T00023,ELG,0.82082424,1.521532,1.0000
TG00005624,T00023,ELG,0.80357682,1.073633,1.0000
TG00005625,T00023,ELG,0.35820047,0.969247,1.0000
TG00005626,T00023,ELG,0.50290150,1.178139,1.0000
TG00005627,T00023,ELG,0.38862478,1.287596,1.0000
TG00005628,T00023,ELG,0.80551882,0.823798,1.0000
TG00005629,T00023,ELG,0.32900715,1.066517,1.0000
TG00005630,T00023,ELG,0.72063331,1.208621,1.0000
TG00005631,T00023,ELG,0.48306163,1.225410,1.0000
TG00005632,T00023,ELG,0.36649870,1.759355,1.0000
TG00005633,T00023,ELG,0.47686667,1.143778,1.0000
TG00005634,T00023,ELG,0.28921012,0.820872,1.0000
TG00005635,T00023,ELG,0.55846656,1.511918,1.0000
TG00005636,T00023,ELG,0.19601293,1.200540,1.0000
TG00005637,T00023,ELG,0.24557751,1.072056,1.0000
TG00005638,T00023,ELG,0.53991690,1.629898,1.0000
TG00005639,T00023,ELG,0.79860967,0.604673,1.0000
TG00005640,T00023,ELG,0.36897350,1.799582,1.0000
TG00005641,T00023,ELG,0.58669816,1.896908,1.0000
TG00005642,T00023,ELG,0.35148717,0.926971,1.0000
TG00005643,T00023,ELG,0.70230774,1.216286,1.0000
TG00005644,T00023,ELG,0.35964912,1.369197,1.0000
TG00005645,T00023,ELG,0.57493707,1.612635,1.0000
TG00005646,T00023,ELG,0.45125174,0.853931,1.0000
TG00005647,T00023,ELG,0.81266014,1.393538,1.0000
TG00005648,T00023,ELG,0.52012687,0.948635,1.0000
TG00005649,T00023,ELG,0.54041215,0.929708,1.0000
TG00005650,T00023,ELG,0.24662417,1.426828,1.0000
TG00005651,T00023,ELG,0.60579466,0.712375,1.0000
TG00005652,T00023,ELG,0.40066315,0.910796,1.0000
TG00005653,T00023,ELG,0.98413014,0.960398,1.0000
TG00005654,T00023,ELG,0.81254080,0.704014,1.0000
TG00005655,T00023,ELG,0.65966905,0.936532,1.0000
TG00005656,T00023,ELG,0.47563758,0.977240,1.0000
TG00005657,T00023,ELG,0.47751568,1.460897,1.0000
TG00005658,T00023,ELG,0.32751075,1.229994,1.0000
TG00005659,T00023,ELG,0.70263618,0.919403,1.0000
TG00005660,T00023,ELG,0.61990006,0.819165,1.0000
TG00005661,T00023,ELG,0.63685013,1.039259,1.0000
TG00005662,T00023,ELG,0.46968109,0.495363,1.0000
TG00005663,T00023,ELG,0.43346383,1.240401,1.0000
TG00005664,T00023,ELG,0.61274604,1.205016,1.0000
TG00005665,T00023,ELG,0.69789424,1.175577,1.0000
TG00005666,T00023,ELG,0.69661834,1.322733,1.0000
TG00005667,T00023,ELG,0.56114509,1.271696,1.0000
TG00005668,T00023,ELG,0.97155278,1.030646,1.0000
TG00005669,T00023,ELG,0.48652753,0.544692,1.0000
TG00005670,T00023,ELG,1.01247974,0.756251,1.0000
TG00005671,T00023,ELG,0.42442893,0.892278,1.0000
TG00005672,T00023,ELG,0.60638678,1.384237,1.0000
TG00005673,T00023,ELG,0.98798854,1.250292,1.0000
TG00005674,T00023,ELG,0.30288831,1.331124,1.0000
TG00005675,T00023,ELG,0.55908166,0.739560,1.0000
TG00005676,T00023,ELG,0.63580142,1.035326,1.0000
TG00005677,T00023,ELG,1.61577633,1.207062,1.0000
TG00005678,T00023,ELG,0.84374001,1.399050,1.0000
TG00005679,T00023,ELG,0.50218186,1.105648,1.0000
TG00005680,T00023,ELG,0.87944218,0.988169,1.0000
TG00005681,T00023,ELG,0.80779244,1.725236,1.0000
TG00005682,T00023,ELG,0.41716495,1.193962,1.0000
TG00005683,T00023,ELG,0.73266943,1.090851,1.0000
TG00005684,T00023,ELG,0.97361179,1.242791,1.0000
TG00005685,T00023,ELG,0.41638608,1.302563,1.0000
TG00005686,T00023,ELG,0.83292262,1.162665,1.0000
TG00005687,T00023,ELG,0.28140515,1.375993,1.0000
TG00005688,T00023,QSO,0.07453603,1.354113,1.7000
TG00005689,T00023,QSO,0.18065210,2.633047,1.7000
TG00005690,T00023,QSO,0.21908705,2.363321,1.7000
TG00005691,T00023,QSO,0.29089170,2.581235,1.7000
TG00005692,T00023,QSO,0.18872060,2.434742,1.7000
TG00005693,T00023,QSO,0.31258073,1.969339,1.7000
TG00005694,T00023,QSO,0.16324832,2.390398,1.7000
TG00005695,T00023,QSO,0.13462051,2.177246,1.7000
TG00005696,T00023,QSO,0.24895776,1.988344,1.7000
TG00005697,T00023,QSO,0.27036045,2.694934,1.7000
TG00005698,T00023,QSO,0.09113593,2.282840,1.7000
TG00005699,T00023,QSO,0.11060472,1.582183,1.7000
TG00005700,T00023,QSO,0.14670715,1.288372,1.7000
TG00005701,T00023,QSO,0.17603533,2.461571,1.7000
TG00005702,T00023,QSO,1.08756933,1.848462,1.7000
TG00005703,T00023,QSO,0.15173883,2.324533,1.7000
TG00005704,T00023,QSO,0.07706828,2.303862,1.7000
TG00005705,T00023,QSO,0.25021845,1.918519,1.7000
TG00005706,T00023,QSO,0.20240458,3.506152,1.7000
TG00005707,T00023,QSO,0.14040712,1.645122,1.7000
TG00005708,T00023,BGS,1.94805648,0.289834,0.4500
TG00005709,T00023,BGS,1.43812092,0.322205,0.4500
TG00005710,T00023,BGS,0.93498589,0.131970,0.4500
TG00005711,T00023,BGS,1.41172230,0.180209,0.4500
TG00005712,T00023,BGS,1.38669238,0.363785,0.4500
TG00005713,T00023,BGS,1.51807615,0.289554,0.4500
TG00005714,T00023,BGS,0.52002587,0.172200,0.4500
TG00005715,T00023,BGS,1.24220333,0.122303,0.4500
TG00005716,T00023,BGS,1.26760868,0.162297,0.4500
TG00005717,T00023,BGS,1.80499062,0.186458,0.4500
TG00005718,T00023,BGS,1.39901985,0.208905,0.4500
TG00005719,T00023,BGS,1.79137334,0.189762,0.4500
TG00005720,T00023,BGS,1.79304213,0.198154,0.4500
TG00005721,T00023,BGS,1.05724973,0.298418,0.4500
TG00005722,T00023,BGS,1.33221843,0.201662,0.4500
TG00005723,T00023,BGS,1.84537668,0.365952,0.4500
TG00005724,T00023,BGS,0.88562832,0.128655,0.4500
TG00005725,T00023,BGS,0.85412542,0.125540,0.4500
TG00005726,T00023,BGS,1.34119138,0.122868,0.4500
TG00005727,T00023,BGS,0.82735096,0.222526,0.4500
TG00005728,T00023,BGS,1.47159329,0.143801,0.4500
TG00005729,T00023,BGS,1.00516308,0.177167,0.4500
TG00005730,T00023,BGS,1.37199293,0.261056,0.4500
TG00005731,T00023,BGS,1.19673944,0.234209,0.4500
TG00005732,T00023,BGS,1.08098388,0.265198,0.4500
TG00005733,T00023,BGS,1.15892947,0.132364,0.4500
TG00005734,T00023,BGS,1.24819003,0.014769,0.4500
TG00005735,T00023,BGS,1.35168408,0.342088,0.4500
TG00005736,T00023,BGS,2.13449761,0.103562,0.4500
TG00005737,T00023,BGS,1.15928238,0.106530,0.4500
TG00005738,T00023,BGS,0.95640178,0.372178,0.4500
TG00005739,T00023,BGS,1.90664344,0.250164,0.4500
TG00005740,T00023,BGS,0.90140330,0.204658,0.4500
TG00005741,T00023,BGS,2.36076459,0.263538,0.4500
TG00005742,T00023,BGS,1.09983433,0.000000,0.4500
TG00005743,T00023,BGS,0.98121870,0.228118,0.4500
TG00005744,T00023,BGS,2.11511878,0.253097,0.4500
TG00005745,T00023,BGS,1.58103491,0.205206,0.4500
TG00005746,T00023,BGS,0.80819966,0.151295,0.4500
TG00005747,T00023,BGS,1.05850078,0.308910,0.4500
TG00005748,T00023,BGS,1.35328392,0.119785,0.4500
TG00005749,T00023,BGS,1.47915106,0.203513,0.4500
TG00005750,T00023,BGS,0.61897984,0.131319,0.4500
TG00005751,T00023,BGS,1.64018422,0.122090,0.4500
TG00005752,T00023,BGS,1.21085943,0.265321,0.4500
TG00005753,T00023,BGS,1.32047521,0.273547,0.4500
TG00005754,T00023,BGS,1.19227178,0.358376,0.4500
TG00005755,T00023,BGS,0.98213653,0.144826,0.4500
TG00005756,T00023,BGS,1.46714921,0.217815,0.4500
TG00005757,T00023,BGS,0.98427858,0.172181,0.4500
TG00005758,T00023,BGS,0.87273176,0.373325,0.4500
TG00005759,T00023,BGS,1.27888006,0.210325,0.4500
TG00005760,T00023,BGS,1.49011379,0.300275,0.4500
TG00005761,T00023,BGS,1.22048580,0.389547,0.4500
TG00005762,T00023,BGS,1.42836324,0.190962,0.4500
TG00005763,T00023,BGS,1.19750625,0.183914,0.4500
TG00005764,T00023,BGS,1.63605543,0.323221,0.4500
TG00005765,T00023,BGS,1.12935945,0.311314,0.4500
TG00005766,T00023,BGS,1.62436352,0.249412,0.4500
TG00005767,T00023,BGS,0.77560764,0.317196,0.4500
TG00005768,T00023,BGS,1.28078502,0.180404,0.4500
TG00005769,T00023,BGS,1.01107599,0.056255,0.4500
TG00005770,T00023,BGS,1.50125419,0.240611,0.4500
TG00005771,T00023,BGS,1.73549973,0.175796,0.4500
TG00005772,T00023,BGS,2.45863830,0.138798,0.4500
TG00005773,T00023,BGS,1.02992019,0.222657,0.4500
TG00005774,T00023,BGS,0.83207030,0.219337,0.4500
TG00005775,T00023,BGS,0.87357313,0.355645,0.4500
TG00005776,T00023,BGS,1.18156974,0.215838,0.4500
TG00005777,T00023,BGS,0.84018289,0.242253,0.4500
TG00005778,T00023,BGS,0.91864472,0.268769,0.4500
TG00005779,T00024,LRG,0.20570106,0.546958,1.0000
TG00005780,T00024,LRG,0.29931389,0.755681,1.0000
TG00005781,T00024,LRG,0.41137295,0.737599,1.0000
TG00005782,T00024,LRG,0.28168331,0.619837,1.0000
TG00005783,T00024,LRG,0.28064386,0.760793,1.0000
TG00005784,T00024,LRG,0.45365556,0.711451,1.0000
TG00005785,T00024,LRG,0.21723606,0.489560,1.0000
TG00005786,T00024,LRG,0.42675956,0.782620,1.0000
TG00005787,T00024,LRG,0.51915228,0.633002,1.0000
TG00005788,T00024,LRG,0.51377047,0.540429,1.0000
TG00005789,T00024,LRG,0.72606481,0.584423,1.0000
TG00005790,T00024,LRG,0.41201338,0.444287,1.0000
TG00005791,T00024,LRG,0.52128376,0.526792,1.0000
TG00005792,T00024,LRG,0.26933222,0.639549,1.0000
TG00005793,T00024,LRG,0.21509431,0.704194,1.0000
TG00005794,T00024,LRG,0.20860471,0.534826,1.0000
TG00005795,T00024,LRG,0.32064846,0.462865,1.0000
TG00005796,T00024,LRG,0.29477139,0.618561,1.0000
TG00005797,T00024,LRG,0.70149853,0.967400,1.0000
TG00005798,T00024,LRG,0.24180475,0.317294,1.0000
TG00005799,T00024,LRG,0.19593525,0.516462,1.0000
TG00005800,T00024,LRG,0.32052642,0.733798,1.0000
TG00005801,T00024,LRG,0.38238322,1.000055,1.0000
TG00005802,T00024,LRG,0.21450104,0.799840,1.0000
TG00005803,T00024,LRG,0.27811577,0.803385,1.0000
TG00005804,T00024,LRG,0.34461519,0.703184,1.0000
TG00005805,T00024,LRG,0.29538224,0.845438,1.0000
TG00005806,T00024,LRG,0.27934455,0.714779,1.0000
TG00005807,T00024,LRG,0.53601831,0.787350,1.0000
TG00005808,T00024,LRG,0.46998192,0.674785,1.0000
TG00005809,T00024,LRG,0.27608107,0.434560,1.0000
TG00005810,T00024,LRG,0.51137169,0.565365,1.0000
TG00005811,T00024,LRG,0.27502097,0.591072,1.0000
TG00005812,T00024,LRG,0.47633300,0.333507,1.0000
TG00005813,T00024,LRG,0.49349423,0.637932,1.0000
TG00005814,T00024,LRG,0.11710326,0.700480,1.0000
TG00005815,T00024,LRG,0.34240565,0.798569,1.0000
TG00005816,T00024,LRG,0.38112877,0.663284,1.0000
TG00005817,T00024,LRG,0.22253214,0.520993,1.0000
TG00005818,T00024,LRG,0.29124260,0.363400,1.0000
TG00005819,T00024,LRG,0.42317437,0.762502,1.0000
TG00005820,T00024,LRG,0.30178655,1.002181,1.0000
TG00005821,T00024,LRG,0.31018141,0.997275,1.0000
TG00005822,T00024,LRG,0.28445930,0.346486,1.0000
TG00005823,T00024,LRG,0.30539369,0.787041,1.0000
TG00005824,T00024,LRG,0.38135772,0.953433,1.0000
TG00005825,T00024,LRG,0.26659821,0.747027,1.0000
TG00005826,T00024,LRG,0.31445923,0.256386,1.0000
TG00005827,T00024,LRG,0.39486940,0.604802,1.0000
TG00005828,T00024,LRG,0.23613241,0.947099,1.0000
TG00005829,T00024,LRG,0.21101734,0.611342,1.0000
TG00005830,T00024,LRG,0.22936434,0.803929,1.0000
TG00005831,T00024,ELG,0.69278175,1.488646,1.0000
TG00005832,T00024,ELG,0.34072511,0.706377,1.0000
TG00005833,T00024,ELG,0.33071675,1.034102,1.0000
TG00005834,T00024,ELG,0.47249457,0.990145,1.0000
TG00005835,T00024,ELG,0.26252635,1.341811,1.0000
TG00005836,T00024,ELG,0.39840755,1.035473,1.0000
TG00005837,T00024,ELG,0.57459028,0.676113,1.0000
TG00005838,T00024,ELG,0.45218947,0.781169,1.0000
TG00005839,T00024,ELG,0.46020347,0.926515,1.0000
TG00005840,T00024,ELG,0.70110625,1.331326,1.0000
TG00005841,T00024,ELG,0.32358712,0.748564,1.0000
TG00005842,T00024,ELG,0.30749692,0.745480,1.0000
TG00005843,T00024,ELG,1.09707597,1.903553,1.0000
TG00005844,T00024,ELG,0.38231562,0.887400,1.0000
TG00005845,T00024,ELG,0.55278835,1.575780,1.0000
TG00005846,T00024,ELG,0.55180383,1.297913,1.0000
TG00005847,T00024,ELG,1.46355186,0.893529,1.0000
TG00005848,T00024,ELG,0.49956178,1.414130,1.0000
TG00005849,T00024,ELG,0.49418819,0.947155,1.0000
TG00005850,T00024,ELG,0.50196759,0.843131,1.0000
TG00005851,T00024,ELG,0.88055999,1.457694,1.0000
TG00005852,T00024,ELG,0.49358672,0.845065,1.0000
TG00005853,T00024,ELG,0.30412594,0.951680,1.0000
TG00005854,T00024,ELG,1.22984862,0.918626,1.0000
TG00005855,T00024,ELG,0.53193596,1.296922,1.0000
TG00005856,T00024,ELG,0.39786375,0.774388,1.0000
TG00005857,T00024,ELG,0.40657955,1.218316,1.0000
TG00005858,T00024,ELG,0.57554683,1.493439,1.0000
TG00005859,T00024,ELG,0.39744975,1.096946,1.0000
TG00005860,T00024,ELG,0.25751493,1.100053,1.0000
TG00005861,T00024,ELG,0.56923811,1.424607,1.0000
TG00005862,T00024,ELG,0.36438684,1.527212,1.0000
TG00005863,T00024,ELG,0.62103743,0.810098,1.0000
TG00005864,T00024,ELG,0.36704436,1.088783,1.0000
TG00005865,T00024,ELG,0.45809453,0.779268,1.0000
TG00005866,T00024,ELG,0.71704611,0.721410,1.0000
TG00005867,T00024,ELG,0.47888793,1.056302,1.0000
TG00005868,T00024,ELG,0.59286287,1.494971,1.0000
TG00005869,T00024,ELG,0.52017415,1.078662,1.0000
TG00005870,T00024,ELG,0.52232388,1.626458,1.0000
TG00005871,T00024,ELG,0.85111743,0.828898,1.0000
TG00005872,T00024,ELG,0.66408312,1.128637,1.0000
TG00005873,T00024,ELG,0.64608957,1.072714,1.0000
TG00005874,T00024,ELG,0.41492891,1.571137,1.0000
TG00005875,T00024,ELG,0.44746863,1.013245,1.0000
TG00005876,T00024,ELG,1.07167348,1.420213,1.0000
TG00005877,T00024,ELG,0.50773646,0.711525,1.0000
TG00005878,T00024,ELG,0.48326629,1.083692,1.0000
TG00005879,T00024,ELG,0.60246188,0.839521,1.0000
TG00005880,T00024,ELG,0.39948892,1.284287,1.0000
TG00005881,T00024,ELG,0.56626927,1.135117,1.0000
TG00005882,T00024,ELG,0.68188143,0.948221,1.0000
TG00005883,T00024,ELG,0.33394097,0.901090,1.0000
TG00005884,T00024,ELG,0.46785136,1.381704,1.0000
TG00005885,T00024,ELG,0.50436155,0.935326,1.0000
TG00005886,T00024,ELG,0.29896352,1.256216,1.0000
TG00005887,T00024,ELG,0.42068584,1.319689,1.0000
TG00005888,T00024,ELG,0.46732552,1.307510,1.0000
TG00005889,T00024,ELG,0.45477443,1.049139,1.0000
TG00005890,T00024,ELG,0.28243812,1.206000,1.0000
TG00005891,T00024,ELG,0.86374625,1.305111,1.0000
TG00005892,T00024,ELG,0.55931693,0.963735,1.0000
TG00005893,T00024,ELG,0.48560928,1.675995,1.0000
TG00005894,T00024,ELG,0.77846269,1.530559,1.0000
TG00005895,T00024,ELG,0.98365691,0.982360,1.0000
TG00005896,T00024,ELG,0.59009656,1.482735,1.0000
TG00005897,T00024,ELG,0.86872390,0.991972,1.0000
TG00005898,T00024,ELG,0.71262782,1.138495,1.0000
TG00005899,T00024,ELG,0.51221388,1.233479,1.0000
TG00005900,T00024,ELG,0.71982141,1.105632,1.0000
TG00005901,T00024,ELG,0.66518203,1.374535,1.0000
TG00005902,T00024,ELG,1.09154133,0.816488,1.0000
TG00005903,T00024,ELG,0.37851560,1.309021,1.0000
TG00005904,T00024,ELG,0.79620562,1.347883,1.0000
TG00005905,T00024,ELG,0.59703845,1.558299,1.0000
TG00005906,T00024,ELG,0.26923176,1.284877,1.0000
TG00005907,T00024,ELG,0.55065710,0.889374,1.0000
TG00005908,T00024,ELG,0.34474737,1.336568,1.0000
TG00005909,T00024,ELG,0.90381481,0.767001,1.0000
TG00005910,T00024,ELG,0.29890469,1.174726,1.0000
TG00005911,T00024,ELG,0.44165147,1.453055,1.0000
TG00005912,T00024,ELG,0.56808232,1.002377,1.0000
TG00005913,T00024,ELG,0.69663915,1.103857,1.0000
TG00005914,T00024,ELG,0.24223358,1.171862,1.0000
TG00005915,T00024,ELG,0.32922703,1.127934,1.0000
TG00005916,T00024,ELG,0.53779611,1.539191,1.0000
TG00005917,T00024,ELG,0.61864125,1.370202,1.0000
TG00005918,T00024,ELG,0.71715402,0.926941,1.0000
TG00005919,T00024,ELG,1.09292894,1.446622,1.0000
TG00005920,T00024,ELG,0.43186061,1.185234,1.0000
TG00005921,T00024,ELG,0.42771538,0.786612,1.0000
TG00005922,T00024,ELG,0.76057500,0.927110,1.0000
TG00005923,T00024,ELG,0.35175900,1.154559,1.0000
TG00005924,T00024,ELG,0.43289959,0.730972,1.0000
TG00005925,T00024,ELG,0.69417648,0.484762,1.0000
TG00005926,T00024,ELG,0.53351098,1.367947,1.0000
TG00005927,T00024,ELG,0.65976029,1.359835,1.0000
TG00005928,T00024,ELG,0.29889902,1.258067,1.0000
TG00005929,T00024,ELG,0.45166211,1.193167,1.0000
TG00005930,T00024,ELG,0.38773133,1.253536,1.0000
TG00005931,T00024,ELG,0.30301119,0.705759,1.0000
TG00005932,T00024,ELG,0.51201537,0.952390,1.0000
TG00005933,T00024,ELG,0.74370603,1.137567,1.0000
TG00005934,T00024,ELG,0.56445194,1.227230,1.0000
TG00005935,T00024,ELG,0.56238346,1.270660,1.0000
TG00005936,T00024,ELG,0.48080890,1.430780,1.0000
TG00005937,T00024,ELG,0.61654315,0.761386,1.0000
TG00005938,T00024,ELG,0.50852118,0.831568,1.0000
TG00005939,T00024,ELG,0.72268584,0.945659,1.0000
TG00005940,T00024,ELG,0.50919670,1.017578,1.0000
TG00005941,T00024,ELG,0.44327637,0.835757,1.0000
TG00005942,T00024,ELG,0.53858481,1.190807,1.0000
TG00005943,T00024,ELG,0.43391823,1.160647,1.0000
TG00005944,T00024,QSO,0.19366774,2.512358,1.7000
TG00005945,T00024,QSO,0.11706965,2.359737,1.7000
TG00005946,T00024,QSO,0.09646985,1.425691,1.7000
TG00005947,T00024,QSO,0.55333570,1.264919,1.7000
TG00005948,T00024,QSO,0.22157608,3.010209,1.7000
TG00005949,T00024,QSO,0.23132912,1.861152,1.7000
TG00005950,T00024,QSO,0.21329211,1.997264,1.7000
TG00005951,T00024,QSO,0.16960234,2.739117,1.7000
TG00005952,T00024,QSO,0.08786626,1.781543,1.7000
TG00005953,T00024,QSO,0.18148170,1.852802,1.7000
TG00005954,T00024,QSO,0.12835499,2.531046,1.7000
TG00005955,T00024,QSO,0.41935053,1.541099,1.7000
TG00005956,T00024,QSO,0.13858909,1.325787,1.7000
TG00005957,T00024,QSO,0.40663544,2.004550,1.7000
TG00005958,T00024,QSO,0.18019076,2.218231,1.7000
TG00005959,T00024,QSO,0.20076556,1.933465,1.7000
TG00005960,T00024,QSO,0.51612587,1.011193,1.7000
TG00005961,T00024,QSO,0.05973856,2.147239,1.7000
TG00005962,T00024,BGS,2.01338911,0.178003,0.4500
TG00005963,T00024,BGS,1.21661606,0.107884,0.4500
TG00005964,T00024,BGS,0.84711725,0.042965,0.4500
TG00005965,T00024,BGS,1.21607108,0.253872,0.4500
TG00005966,T00024,BGS,1.69730301,0.435698,0.4500
TG00005967,T00024,BGS,2.34532150,0.132687,0.4500
TG00005968,T00024,BGS,1.24304698,0.110006,0.4500
TG00005969,T00024,BGS,1.07602769,0.282437,0.4500
TG00005970,T00024,BGS,1.54955061,0.198156,0.4500
TG00005971,T00024,BGS,1.39654282,0.140172,0.4500
TG00005972,T00024,BGS,1.20804263,0.140515,0.4500
TG00005973,T00024,BGS,1.25363482,0.233740,0.4500
TG00005974,T00024,BGS,1.25933933,0.214554,0.4500
TG00005975,T00024,BGS,1.47413051,0.288310,0.4500
TG00005976,T00024,BGS,1.13583226,0.078282,0.4500
TG00005977,T00024,BGS,0.87170448,0.365848,0.4500
TG00005978,T00024,BGS,2.13951543,0.202647,0.4500
TG00005979,T00024,BGS,0.82148492,0.204173,0.4500
TG00005980,T00024,BGS,0.99017395,0.112616,0.4500
TG00005981,T00024,BGS,1.70045505,0.338793,0.4500
TG00005982,T00024,BGS,0.70017232,0.219992,0.4500
TG00005983,T00024,BGS,1.25806008,0.164685,0.4500
TG00005984,T00024,BGS,1.26862385,0.266266,0.4500
TG00005985,T00024,BGS,1.57425398,0.188003,0.4500
TG00005986,T00024,BGS,1.51529528,0.234535,0.4500
TG00005987,T00024,BGS,1.22207455,0.196210,0.4500
TG00005988,T00024,BGS,0.63524002,0.191600,0.4500
TG00005989,T00024,BGS,1.35287747,0.396211,0.4500
TG00005990,T00024,BGS,1.01502739,0.192392,0.4500
TG00005991,T00024,BGS,1.63347951,0.399128,0.4500
TG00005992,T00024,BGS,1.50718914,0.273796,0.4500
TG00005993,T00024,BGS,1.15514016,0.412791,0.4500
TG00005994,T00024,BGS,2.09350752,0.289139,0.4500
TG00005995,T00024,BGS,1.13325857,0.330471,0.4500
TG00005996,T00024,BGS,1.19535949,0.000000,0.4500
TG00005997,T00024,BGS,1.78424927,0.321421,0.4500
TG00005998,T00024,BGS,1.51366092,0.263223,0.4500
TG00005999,T00024,BGS,1.05216801,0.202102,0.4500
TG00006000,T00024,BGS,1.05303804,0.297597,0.4500
TG00006001,T00024,BGS,1.05323769,0.237070,0.4500
TG00006002,T00024,BGS,0.93065724,0.245329,0.4500
TG00006003,T00024,BGS,1.07106528,0.148102,0.4500
TG00006004,T00024,BGS,1.32318253,0.341561,0.4500
TG00006005,T00024,BGS,1.22578571,0.071978,0.4500
TG00006006,T00024,BGS,0.74134461,0.302360,0.4500
TG00006007,T00024,BGS,1.88916436,0.129757,0.4500
TG00006008,T00024,BGS,1.31447403,0.094222,0.4500
TG00006009,T00024,BGS,1.02116189,0.192525,0.4500
TG00006010,T00024,BGS,1.20385588,0.241703,0.4500
TG00006011,T00024,BGS,1.28927425,0.309124,0.4500
TG00006012,T00024,BGS,0.86436770,0.236518,0.4500
TG00006013,T00024,BGS,1.51901012,0.282754,0.4500
TG00006014,T00024,BGS,1.35910259,0.144554,0.4500
TG00006015,T00024,BGS,1.76655852,0.256518,0.4500
TG00006016,T00024,BGS,2.37670323,0.165826,0.4500
TG00006017,T00024,BGS,1.47551651,0.200031,0.4500
TG00006018,T00024,BGS,0.98698902,0.384812,0.4500
TG00006019,T00024,BGS,1.01572701,0.285372,0.4500
TG00006020,T00024,BGS,1.41178089,0.267457,0.4500
TG00006021,T00024,BGS,1.42081491,0.012805,0.4500
TG00006022,T00024,BGS,1.38817814,0.349196,0.4500
TG00006023,T00024,BGS,1.40828282,0.343683,0.4500
TG00006024,T00024,BGS,1.15773659,0.305658,0.4500
TG00006025,T00024,BGS,1.56653092,0.381416,0.4500
TG00006026,T00024,BGS,2.15858246,0.164087,0.4500
TG00006027,T00024,BGS,1.51123303,0.125358,0.4500
TG00006028,T00024,BGS,1.74177200,0.164129,0.4500
TG00006029,T00024,BGS,1.37176368,0.306120,0.4500
TG00006030,T00024,BGS,1.19921159,0.061934,0.4500
TG00006031,T00024,BGS,1.54472083,0.401375,0.4500
TG00006032,T00024,BGS,0.54161125,0.100634,0.4500
TG00006033,T00024,BGS,1.80076809,0.219215,0.4500
TG00006034,T00024,BGS,1.73219916,0.319956,0.4500
TG00006035,T00024,BGS,0.94333363,0.167314,0.4500
TG00006036,T00024,BGS,1.18001372,0.039026,0.4500
TG00006037,T00024,BGS,1.40714642,0.107066,0.4500
TG00006038,T00024,BGS,2.22541116,0.272885,0.4500
TG00006039,T00024,BGS,1.38467022,0.258038,0.4500
TG00006040,T00024,BGS,1.35263086,0.221527,0.4500
TG00006041,T00024,BGS,2.07704782,0.273219,0.4500
TG00006042,T00024,BGS,0.91200874,0.195472,0.4500
TG00006043,T00024,BGS,1.19411152,0.280690,0.4500
TG00006044,T00024,BGS,1.94783870,0.250735,0.4500
TG00006045,T00024,BGS,1.18935106,0.163725,0.4500
TG00006046,T00024,BGS,1.71589031,0.333533,0.4500
TG00006047,T00024,BGS,1.55521171,0.198737,0.4500
TG00006048,T00024,BGS,1.88001771,0.381682,0.4500
TG00006049,T00024,BGS,1.15756798,0.151644,0.4500
TG00006050,T00024,BGS,0.92917013,0.153110,0.4500
TG00006051,T00024,BGS,2.16688360,0.165572,0.4500
TG00006052,T00024,BGS,0.98756733,0.123910,0.4500
TG00006053,T00024,BGS,0.81967402,0.160831,0.4500
TG00006054,T00024,BGS,1.48081384,0.308379,0.4500
TG00006055,T00024,BGS,1.24465492,0.200620,0.4500
TG00006056,T00024,BGS,0.87001141,0.128219,0.4500
TG00006057,T00024,BGS,1.41674921,0.280910,0.4500
TG00006058,T00024,BGS,2.71637477,0.074076,0.4500
TG00006059,T00025,LRG,0.45946144,0.417867,1.0000
TG00006060,T00025,LRG,0.19799722,0.880345,1.0000
TG00006061,T00025,LRG,0.38714274,0.521820,1.0000
TG00006062,T00025,LRG,0.26785250,0.736220,1.0000
TG00006063,T00025,LRG,0.42434836,0.577498,1.0000
TG00006064,T00025,LRG,0.38832417,0.748109,1.0000
TG00006065,T00025,LRG,0.39789500,0.284077,1.0000
TG00006066,T00025,LRG,0.31600896,0.592916,1.0000
TG00006067,T00025,LRG,0.35158445,0.595583,1.0000
TG00006068,T00025,LRG,0.25848031,0.528985,1.0000
TG00006069,T00025,LRG,0.31697051,0.846548,1.0000
TG00006070,T00025,LRG,0.49466066,0.795926,1.0000
TG00006071,T00025,LRG,0.25340553,0.694207,1.0000
TG00006072,T00025,LRG,0.55001235,1.011613,1.0000
TG00006073,T00025,LRG,0.21563113,0.980626,1.0000
TG00006074,T00025,LRG,0.37001783,0.598806,1.0000
TG00006075,T00025,LRG,0.57545702,0.809270,1.0000
TG00006076,T00025,LRG,0.21376146,0.925774,1.0000
TG00006077,T00025,LRG,0.40271238,0.552989,1.0000
TG00006078,T00025,LRG,0.13464862,0.634468,1.0000
TG00006079,T00025,LRG,0.51596555,0.671192,1.0000
TG00006080,T00025,LRG,0.16576693,0.348441,1.0000
TG00006081,T00025,LRG,0.46812744,0.775615,1.0000
TG00006082,T00025,LRG,0.62469960,0.818411,1.0000
TG00006083,T00025,LRG,0.56833705,0.818800,1.0000
TG00006084,T00025,LRG,0.22727774,0.688230,1.0000
TG00006085,T00025,LRG,0.47225842,0.551389,1.0000
TG00006086,T00025,LRG,0.37458872,1.010628,1.0000
TG00006087,T00025,LRG,0.21572479,0.510918,1.0000
TG00006088,T00025,LRG,0.32138710,0.562221,1.0000
TG00006089,T00025,LRG,0.17455403,0.808500,1.0000
TG00006090,T00025,LRG,0.20199811,0.756819,1.0000
TG00006091,T00025,LRG,0.26712579,0.462914,1.0000
TG00006092,T00025,LRG,0.25815513,0.586522,1.0000
TG00006093,T00025,LRG,0.30623252,0.947264,1.0000
TG00006094,T00025,LRG,0.63868268,0.826375,1.0000
TG00006095,T00025,LRG,0.33547873,0.503672,1.0000
TG00006096,T00025,LRG,0.27453491,0.759968,1.0000
TG00006097,T00025,LRG,0.54858091,0.494324,1.0000
TG00006098,T00025,LRG,0.31987997,0.456546,1.0000
TG00006099,T00025,LRG,0.32069333,0.754304,1.0000
TG00006100,T00025,LRG,0.29732586,0.652246,1.0000
TG00006101,T00025,LRG,0.40233447,0.660687,1.0000
TG00006102,T00025,LRG,0.41987907,0.517763,1.0000
TG00006103,T00025,LRG,0.60471417,0.873403,1.0000
TG00006104,T00025,LRG,0.27144104,0.679367,1.0000
TG00006105,T00025,LRG,0.26177628,1.157062,1.0000
TG00006106,T00025,LRG,0.24556887,0.844219,1.0000
TG00006107,T00025,LRG,0.18797627,0.642711,1.0000
TG00006108,T00025,LRG,0.37753239,0.787772,1.0000
TG00006109,T00025,LRG,0.32427443,1.059958,1.0000
TG00006110,T00025,LRG,0.57272758,0.664641,1.0000
TG00006111,T00025,LRG,0.24243554,0.478901,1.0000
TG00006112,T00025,LRG,0.41014633,0.742070,1.0000
TG00006113,T00025,LRG,0.47181428,0.636876,1.0000
TG00006114,T00025,LRG,0.50353025,0.583628,1.0000
TG00006115,T00025,LRG,0.51014368,0.341644,1.0000
TG00006116,T00025,LRG,0.24673052,0.716352,1.0000
TG00006117,T00025,LRG,0.51214876,0.468563,1.0000
TG00006118,T00025,LRG,0.27610739,0.622183,1.0000
TG00006119,T00025,LRG,0.66377502,0.766622,1.0000
TG00006120,T00025,LRG,0.23472704,0.789361,1.0000
TG00006121,T00025,LRG,0.50101205,0.501235,1.0000
TG00006122,T00025,LRG,0.17367140,0.915974,1.0000
TG00006123,T00025,LRG,0.46568418,0.781751,1.0000
TG00006124,T00025,LRG,0.42332970,0.913387,1.0000
TG00006125,T00025,LRG,0.31751438,0.943427,1.0000
TG00006126,T00025,LRG,0.32837533,0.474234,1.0000
TG00006127,T00025,LRG,0.29554213,0.308407,1.0000
TG00006128,T00025,LRG,0.39011923,0.636445,1.0000
TG00006129,T00025,LRG,0.45366818,0.703135,1.0000
TG00006130,T00025,LRG,0.45860594,0.868297,1.0000
TG00006131,T00025,LRG,0.46387771,0.593305,1.0000
TG00006132,T00025,LRG,0.40722904,0.966647,1.0000
TG00006133,T00025,LRG,0.40004644,0.682729,1.0000
TG00006134,T00025,LRG,0.39355501,0.717385,1.0000
TG00006135,T00025,ELG,0.43516073,1.354603,1.0000
TG00006136,T00025,ELG,1.89131150,0.981098,1.0000
TG00006137,T00025,ELG,0.18745150,0.947257,1.0000
TG00006138,T00025,ELG,0.93147951,1.083127,1.0000
TG00006139,T00025,ELG,0.75632269,1.205220,1.0000
TG00006140,T00025,ELG,0.65362896,1.064581,1.0000
TG00006141,T00025,ELG,0.59838234,0.994970,1.0000
TG00006142,T00025,ELG,0.50128060,1.024235,1.0000
TG00006143,T00025,ELG,0.39646580,0.515021,1.0000
TG00006144,T00025,ELG,0.50868490,0.616139,1.0000
TG00006145,T00025,ELG,0.67099038,0.857626,1.0000
TG00006146,T00025,ELG,0.22128405,1.258859,1.0000
TG00006147,T00025,ELG,0.41057082,0.936690,1.0000
TG00006148,T00025,ELG,0.73572883,1.123611,1.0000
TG00006149,T00025,ELG,0.18591779,1.416222,1.0000
TG00006150,T00025,ELG,0.87334769,0.821855,1.0000
TG00006151,T00025,ELG,0.68159399,0.894372,1.0000
TG00006152,T00025,ELG,0.36284737,1.634788,1.0000
TG00006153,T00025,ELG,0.44053211,1.328264,1.0000
TG00006154,T00025,ELG,0.57172441,0.788609,1.0000
TG00006155,T00025,ELG,0.41162944,1.167851,1.0000
TG00006156,T00025,ELG,0.48066847,1.458038,1.0000
TG00006157,T00025,ELG,0.59267220,1.406322,1.0000
TG00006158,T00025,ELG,1.01364249,0.847530,1.0000
TG00006159,T00025,ELG,0.73879600,1.274745,1.0000
TG00006160,T00025,ELG,0.76555568,1.100576,1.0000
TG00006161,T00025,ELG,0.60135960,0.620752,1.0000
TG00006162,T00025,ELG,0.62232093,0.964756,1.0000
TG00006163,T00025,ELG,0.38551196,1.137387,1.0000
TG00006164,T00025,ELG,0.54188591,1.174058,1.0000
TG00006165,T00025,ELG,0.46047197,0.624084,1.0000
TG00006166,T00025,ELG,0.32189811,1.331798,1.0000
TG00006167,T00025,ELG,0.41811397,1.495389,1.0000
TG00006168,T00025,ELG,0.38171821,1.199478,1.0000
TG00006169,T00025,ELG,0.49440387,1.059524,1.0000
TG00006170,T00025,ELG,1.30291955,1.448765,1.0000
TG00006171,T00025,ELG,0.71709297,1.169246,1.0000
TG00006172,T00025,ELG,0.46898261,1.160869,1.0000
TG00006173,T00025,ELG,0.36218375,0.844415,1.0000
TG00006174,T00025,ELG,0.37113146,1.079940,1.0000
TG00006175,T00025,ELG,0.75881894,1.100231,1.0000
TG00006176,T00025,ELG,0.32099836,1.194067,1.0000
TG00006177,T00025,ELG,0.36642563,1.106446,1.0000
TG00006178,T00025,ELG,0.53810957,0.864565,1.0000
TG00006179,T00025,ELG,0.60303706,1.433544,1.0000
TG00006180,T00025,ELG,0.46764643,0.914352,1.0000
TG00006181,T00025,ELG,0.92209412,0.907530,1.0000
TG00006182,T00025,ELG,0.47823432,1.411747,1.0000
TG00006183,T00025,ELG,0.51292002,1.313653,1.0000
TG00006184,T00025,ELG,0.54753268,1.010827,1.0000
TG00006185,T00025,ELG,0.39367063,1.091752,1.0000
TG00006186,T00025,ELG,0.57409710,1.018040,1.0000
TG00006187,T00025,ELG,0.62314362,1.122673,1.0000
TG00006188,T00025,ELG,0.73469987,1.456430,1.0000
TG00006189,T00025,ELG,0.85069445,1.339588,1.0000
TG00006190,T00025,ELG,0.78870144,0.829369,1.0000
TG00006191,T00025,ELG,0.71777713,0.576516,1.0000
TG00006192,T00025,ELG,0.32791032,1.131488,1.0000
TG00006193,T00025,ELG,0.33615597,0.808556,1.0000
TG00006194,T00025,ELG,0.86265089,1.549825,1.0000
TG00006195,T00025,ELG,0.84358667,0.987256,1.0000
TG00006196,T00025,ELG,0.70979407,0.990630,1.0000
TG00006197,T00025,ELG,0.47730965,0.995604,1.0000
TG00006198,T00025,ELG,0.46736465,1.032288,1.0000
TG00006199,T00025,ELG,0.67401740,0.945226,1.0000
TG00006200,T00025,ELG,0.76620269,1.521550,1.0000
TG00006201,T00025,ELG,0.34232602,1.070677,1.0000
TG00006202,T00025,ELG,0.75736949,0.717452,1.0000
TG00006203,T00025,ELG,0.27474830,1.081215,1.0000
TG00006204,T00025,ELG,0.61039919,1.148358,1.0000
TG00006205,T00025,ELG,0.89577864,1.330860,1.0000
TG00006206,T00025,ELG,0.48884025,1.022419,1.0000
TG00006207,T00025,ELG,0.53961686,1.250016,1.0000
TG00006208,T00025,ELG,0.50732074,1.303578,1.0000
TG00006209,T00025,ELG,0.22310537,1.589996,1.0000
TG00006210,T00025,ELG,0.57177217,1.078060,1.0000
TG00006211,T00025,ELG,0.41084232,1.019366,1.0000
TG00006212,T00025,ELG,0.50543232,1.366651,1.0000
TG00006213,T00025,ELG,1.05228754,0.974223,1.0000
TG00006214,T00025,ELG,0.69886474,1.082443,1.0000
TG00006215,T00025,ELG,1.07775201,1.057670,1.0000
TG00006216,T00025,ELG,0.36195275,1.326630,1.0000
TG00006217,T00025,ELG,0.76968434,0.666395,1.0000
TG00006218,T00025,ELG,0.48278170,1.627079,1.0000
TG00006219,T00025,ELG,0.40138539,0.846267,1.0000
TG00006220,T00025,QSO,0.11698515,2.031023,1.7000
TG00006221,T00025,QSO,0.07832332,2.342065,1.7000
TG00006222,T00025,QSO,0.09741542,2.593520,1.7000
TG00006223,T00025,QSO,0.07088933,2.138702,1.7000
TG00006224,T00025,QSO,0.20875741,2.644564,1.7000
TG00006225,T00025,QSO,0.34593409,2.279479,1.7000
TG00006226,T00025,QSO,0.27340284,2.731420,1.7000
TG00006227,T00025,QSO,0.09002006,1.590380,1.7000
TG00006228,T00025,QSO,0.27008231,1.704124,1.7000
TG00006229,T00025,QSO,0.16352885,2.436918,1.7000
TG00006230,T00025,QSO,0.41741373,2.560940,1.7000
TG00006231,T00025,QSO,0.12684663,2.412991,1.7000
TG00006232,T00025,QSO,0.23965374,0.240887,1.7000
TG00006233,T00025,QSO,0.25673503,2.065662,1.7000
TG00006234,T00025,QSO,0.13111508,1.748409,1.7000
TG00006235,T00025,QSO,0.15591352,1.351760,1.7000
TG00006236,T00025,QSO,0.14508146,2.152671,1.7000
TG00006237,T00025,QSO,0.13505539,2.019259,1.7000
TG00006238,T00025,QSO,0.32561016,2.691034,1.7000
TG00006239,T00025,QSO,0.17707320,1.909034,1.7000
TG00006240,T00025,QSO,0.15320666,2.780952,1.7000
TG00006241,T00025,BGS,0.51989180,0.076226,0.4500
TG00006242,T00025,BGS,1.16942037,0.037804,0.4500
TG00006243,T00025,BGS,1.34779119,0.238809,0.4500
TG00006244,T00025,BGS,1.24130234,0.033155,0.4500
TG00006245,T00025,BGS,0.82699917,0.024852,0.4500
TG00006246,T00025,BGS,1.00765959,0.182281,0.4500
TG00006247,T00025,BGS,2.98365692,0.191019,0.4500
TG00006248,T00025,BGS,1.05997810,0.308647,0.4500
TG00006249,T00025,BGS,1.59868114,0.285146,0.4500
TG00006250,T00025,BGS,1.53670780,0.310761,0.4500
TG00006251,T00025,BGS,1.13936669,0.241397,0.4500
TG00006252,T00025,BGS,1.94023176,0.177389,0.4500
TG00006253,T00025,BGS,1.23603447,0.136186,0.4500
TG00006254,T00025,BGS,1.00404294,0.380772,0.4500
TG00006255,T00025,BGS,1.97826802,0.203835,0.4500
TG00006256,T00025,BGS,1.35381571,0.176435,0.4500
TG00006257,T00025,BGS,1.52709835,0.124952,0.4500
TG00006258,T00025,BGS,0.77514423,0.213205,0.4500
TG00006259,T00025,BGS,0.84299329,0.488405,0.4500
TG00006260,T00025,BGS,2.15383181,0.227552,0.4500
TG00006261,T00025,BGS,1.60327251,0.142886,0.4500
TG00006262,T00025,BGS,2.00921057,0.066731,0.4500
TG00006263,T00025,BGS,2.35547398,0.296694,0.4500
TG00006264,T00025,BGS,1.11890738,0.222417,0.4500
TG00006265,T00025,BGS,0.63760647,0.193555,0.4500
TG00006266,T00025,BGS,1.00542582,0.104775,0.4500
TG00006267,T00025,BGS,1.25862391,0.250035,0.4500
TG00006268,T00025,BGS,1.30010334,0.304086,0.4500
TG00006269,T00025,BGS,0.81266829,0.177551,0.4500
TG00006270,T00025,BGS,0.62975258,0.093252,0.4500
TG00006271,T00025,BGS,1.97448998,0.260883,0.4500
TG00006272,T00025,BGS,1.02163991,0.276333,0.4500
TG00006273,T00025,BGS,1.58191071,0.340783,0.4500
TG00006274,T00025,BGS,1.32172377,0.128891,0.4500
TG00006275,T00025,BGS,1.13605900,0.038964,0.4500
TG00006276,T00025,BGS,1.66253719,0.142908,0.4500
TG00006277,T00025,BGS,1.38291623,0.101173,0.4500
TG00006278,T00025,BGS,0.68330267,0.302805,0.4500
TG00006279,T00025,BGS,1.15543769,0.151439,0.4500
TG00006280,T00025,BGS,0.80277266,0.198514,0.4500
TG00006281,T00025,BGS,1.29827320,0.192415,0.4500
TG00006282,T00025,BGS,1.35358855,0.182826,0.4500
TG00006283,T00025,BGS,1.13989267,0.220887,0.4500
TG00006284,T00025,BGS,1.09054233,0.264536,0.4500
TG00006285,T00025,BGS,1.53324679,0.264854,0.4500
TG00006286,T00025,BGS,1.69888638,0.173952,0.4500
TG00006287,T00025,BGS,1.20846190,0.231417,0.4500
TG00006288,T00025,BGS,1.38175141,0.108018,0.4500
TG00006289,T00025,BGS,1.30990872,0.147646,0.4500
TG00006290,T00025,BGS,0.77853544,0.184207,0.4500
TG00006291,T00025,BGS,0.95835402,0.345065,0.4500
TG00006292,T00025,BGS,1.58461990,0.221547,0.4500
TG00006293,T00025,BGS,1.23545707,0.148745,0.4500
TG00006294,T00025,BGS,1.48525926,0.107517,0.4500
TG00006295,T00025,BGS,1.21952852,0.000000,0.4500
TG00006296,T00025,BGS,0.51982448,0.343497,0.4500
TG00006297,T00025,BGS,1.42410136,0.171223,0.4500
TG00006298,T00025,BGS,1.52831257,0.117131,0.4500
TG00006299,T00025,BGS,2.51353922,0.215717,0.4500
TG00006300,T00025,BGS,1.19325080,0.197104,0.4500
TG00006301,T00025,BGS,1.07457598,0.199838,0.4500
TG00006302,T00025,BGS,1.19928831,0.296430,0.4500
TG00006303,T00025,BGS,1.47838860,0.263947,0.4500
TG00006304,T00025,BGS,1.76137234,0.269090,0.4500
TG00006305,T00025,BGS,0.89600716,0.322613,0.4500
TG00006306,T00025,BGS,2.34797985,0.294929,0.4500
TG00006307,T00025,BGS,1.27448504,0.250282,0.4500
TG00006308,T00025,BGS,1.43810979,0.346674,0.4500
TG00006309,T00025,BGS,1.08089375,0.224876,0.4500
TG00006310,T00025,BGS,2.96543695,0.401351,0.4500
TG00006311,T00025,BGS,2.02959436,0.403842,0.4500
TG00006312,T00025,BGS,0.71300971,0.000000,0.4500
TG00006313,T00025,BGS,0.82655425,0.444002,0.4500
TG00006314,T00025,BGS,1.75041067,0.252245,0.4500
TG00006315,T00025,BGS,1.24438719,0.195098,0.4500
TG00006316,T00025,BGS,0.96403786,0.243443,0.4500
TG00006317,T00025,BGS,1.51651997,0.055040,0.4500
TG00006318,T00025,BGS,2.01220325,0.223249,0.4500
TG00006319,T00025,BGS,1.05697191,0.134561,0.4500
TG00006320,T00026,LRG,0.23325505,0.586600,1.0000
TG00006321,T00026,LRG,0.32182169,0.728472,1.0000
TG00006322,T00026,LRG,0.23373540,0.435287,1.0000
TG00006323,T00026,LRG,0.36622468,0.925055,1.0000
TG00006324,T00026,LRG,0.18303308,0.639139,1.0000
TG00006325,T00026,LRG,0.20790889,0.562568,1.0000
TG00006326,T00026,LRG,0.30877593,0.789198,1.0000
TG00006327,T00026,LRG,0.53656433,0.381510,1.0000
TG00006328,T00026,LRG,0.29228077,0.693451,1.0000
TG00006329,T00026,LRG,0.39615072,0.556773,1.0000
TG00006330,T00026,LRG,0.13127153,0.709013,1.0000
TG00006331,T00026,LRG,0.35892949,0.691500,1.0000
TG00006332,T00026,LRG,0.25494384,0.811939,1.0000
TG00006333,T00026,LRG,0.27935229,0.629951,1.0000
TG00006334,T00026,LRG,0.23759404,0.557608,1.0000
TG00006335,T00026,LRG,0.77650932,0.804338,1.0000
TG00006336,T00026,LRG,0.30475021,0.780146,1.0000
TG00006337,T00026,LRG,0.36975432,1.016040,1.0000
TG00006338,T00026,LRG,0.20779252,0.382961,1.0000
TG00006339,T00026,LRG,0.48525233,0.787472,1.0000
TG00006340,T00026,LRG,0.33232608,0.976655,1.0000
TG00006341,T00026,LRG,0.34743641,0.495210,1.0000
TG00006342,T00026,LRG,0.30415349,0.610250,1.0000
TG00006343,T00026,LRG,0.26592571,0.597380,1.0000
TG00006344,T00026,LRG,0.29075578,0.896127,1.0000
TG00006345,T00026,LRG,0.46907341,0.653290,1.0000
TG00006346,T00026,LRG,0.19998194,0.597180,1.0000
TG00006347,T00026,LRG,0.17286249,0.598608,1.0000
TG00006348,T00026,LRG,0.56461015,0.326174,1.0000
TG00006349,T00026,LRG,0.40159265,0.885839,1.0000
TG00006350,T00026,LRG,0.25084520,0.735366,1.0000
TG00006351,T00026,LRG,0.28182737,0.383290,1.0000
TG00006352,T00026,LRG,0.49357403,0.656357,1.0000
TG00006353,T00026,LRG,0.31747924,1.105209,1.0000
TG00006354,T00026,LRG,0.44660783,0.899521,1.0000
TG00006355,T00026,LRG,0.57277805,0.471536,1.0000
TG00006356,T00026,LRG,0.39851270,0.673846,1.0000
TG00006357,T00026,LRG,0.28728284,0.738920,1.0000
TG00006358,T00026,LRG,0.22584748,0.733673,1.0000
TG00006359,T00026,LRG,0.39249966,0.944243,1.0000
TG00006360,T00026,LRG,0.24257935,0.948945,1.0000
TG00006361,T00026,LRG,0.32377147,0.674997,1.0000
TG00006362,T00026,LRG,0.23915356,0.917054,1.0000
TG00006363,T00026,LRG,0.93268185,0.572793,1.0000
TG00006364,T00026,LRG,0.33971170,0.681904,1.0000
TG00006365,T00026,LRG,0.29901229,0.781489,1.0000
TG00006366,T00026,LRG,0.21058074,0.823776,1.0000
TG00006367,T00026,LRG,0.50333188,0.847659,1.0000
TG00006368,T00026,LRG,0.28977211,0.520108,1.0000
TG00006369,T00026,LRG,0.34301097,0.595008,1.0000
TG00006370,T00026,LRG,0.25827396,0.812976,1.0000
TG00006371,T00026,LRG,0.36419479,0.614562,1.0000
TG00006372,T00026,LRG,0.29794638,0.547862,1.0000
TG00006373,T00026,LRG,0.24500823,0.692250,1.0000
TG00006374,T00026,LRG,0.25460701,0.870399,1.0000
TG00006375,T00026,LRG,0.34171248,0.732447,1.0000
TG00006376,T00026,LRG,0.13427773,0.871392,1.0000
TG00006377,T00026,LRG,0.26795921,0.846964,1.0000
TG00006378,T00026,LRG,0.37090473,0.961019,1.0000
TG00006379,T00026,LRG,0.21790423,1.013277,1.0000
TG00006380,T00026,LRG,0.56718036,0.597721,1.0000
TG00006381,T00026,LRG,0.27519233,0.893266,1.0000
TG00006382,T00026,LRG,0.37933284,0.994669,1.0000
TG00006383,T00026,LRG,0.37892743,0.604619,1.0000
TG00006384,T00026,LRG,0.40842281,0.464653,1.0000
TG00006385,T00026,LRG,0.33171839,0.917344,1.0000
TG00006386,T00026,ELG,0.81745940,0.585523,1.0000
TG00006387,T00026,ELG,1.12821814,0.889304,1.0000
TG00006388,T00026,ELG,0.69618006,0.781370,1.0000
TG00006389,T00026,ELG,0.65703617,1.278097,1.0000
TG00006390,T00026,ELG,0.38809133,1.070591,1.0000
TG00006391,T00026,ELG,0.68417218,1.073508,1.0000
TG00006392,T00026,ELG,0.84026413,1.265814,1.0000
TG00006393,T00026,ELG,0.81658279,0.548727,1.0000
TG00006394,T00026,ELG,0.66560726,0.750884,1.0000
TG00006395,T00026,ELG,0.75107948,1.090484,1.0000
TG00006396,T00026,ELG,0.47380059,0.729427,1.0000
TG00006397,T00026,ELG,0.32033809,0.762691,1.0000
TG00006398,T00026,ELG,0.80976170,1.372186,1.0000
TG00006399,T00026,ELG,0.42257940,0.733058,1.0000
TG00006400,T00026,ELG,0.56332631,0.838868,1.0000
TG00006401,T00026,ELG,0.84092568,0.983105,1.0000
TG00006402,T00026,ELG,0.98744940,0.995707,1.0000
TG00006403,T00026,ELG,0.64733030,0.916872,1.0000
TG00006404,T00026,ELG,0.33557128,0.746237,1.0000
TG00006405,T00026,ELG,0.70464264,0.933111,1.0000
TG00006406,T00026,ELG,0.68096621,1.735280,1.0000
TG00006407,T00026,ELG,0.76221572,1.218306,1.0000
TG00006408,T00026,ELG,1.01055088,0.584840,1.0000
TG00006409,T00026,ELG,1.07193220,1.233188,1.0000
TG00006410,T00026,ELG,0.51634872,1.160105,1.0000
TG00006411,T00026,ELG,0.42387778,0.779689,1.0000
TG00006412,T00026,ELG,0.56967472,0.945144,1.0000
TG00006413,T00026,ELG,0.66673648,1.417515,1.0000
TG00006414,T00026,ELG,0.35471346,0.931359,1.0000
TG00006415,T00026,ELG,0.50527029,1.015419,1.0000
TG00006416,T00026,ELG,0.49763009,1.730659,1.0000
TG00006417,T00026,ELG,0.26428545,0.879498,1.0000
TG00006418,T00026,ELG,0.62958872,1.552363,1.0000
TG00006419,T00026,ELG,0.41870908,1.321494,1.0000
TG00006420,T00026,ELG,0.34793731,0.491802,1.0000
TG00006421,T00026,ELG,0.43266454,1.200814,1.0000
TG00006422,T00026,ELG,0.63393958,1.045534,1.0000
TG00006423,T00026,ELG,0.66084321,0.746917,1.0000
TG00006424,T00026,ELG,0.59932337,1.353125,1.0000
TG00006425,T00026,ELG,0.71055281,1.572689,1.0000
TG00006426,T00026,ELG,0.74966968,1.079226,1.0000
TG00006427,T00026,ELG,0.48021061,0.677245,1.0000
TG00006428,T00026,ELG,0.81872876,0.894337,1.0000
TG00006429,T00026,ELG,0.89964683,1.146555,1.0000
TG00006430,T00026,ELG,0.56270819,0.782359,1.0000
TG00006431,T00026,ELG,0.57147988,0.746913,1.0000
TG00006432,T00026,ELG,0.37739553,0.684339,1.0000
TG00006433,T00026,ELG,0.33078294,1.385039,1.0000
TG00006434,T00026,ELG,1.47772610,0.693357,1.0000
TG00006435,T00026,ELG,0.53509905,1.074523,1.0000
TG00006436,T00026,ELG,0.77780377,1.322973,1.0000
TG00006437,T00026,ELG,1.93699301,1.087300,1.0000
TG00006438,T00026,ELG,0.53730091,1.340093,1.0000
TG00006439,T00026,ELG,0.51874822,0.721296,1.0000
TG00006440,T00026,ELG,0.44194826,0.507546,1.0000
TG00006441,T00026,ELG,0.45014999,1.187130,1.0000
TG00006442,T00026,ELG,0.30577857,1.122271,1.0000
TG00006443,T00026,ELG,0.91587109,1.321228,1.0000
TG00006444,T00026,ELG,0.41697034,1.089351,1.0000
TG00006445,T00026,ELG,0.55241904,0.931464,1.0000
TG00006446,T00026,ELG,0.67423140,0.926433,1.0000
TG00006447,T00026,ELG,0.70048908,0.844143,1.0000
TG00006448,T00026,ELG,1.17418930,1.368427,1.0000
TG00006449,T00026,ELG,0.45595097,0.964633,1.0000
TG00006450,T00026,ELG,0.63253710,0.760544,1.0000
TG00006451,T00026,ELG,0.33457301,0.767409,1.0000
TG00006452,T00026,ELG,0.40064618,1.097932,1.0000
TG00006453,T00026,ELG,0.39640306,1.072234,1.0000
TG00006454,T00026,ELG,0.42533376,0.948553,1.0000
TG00006455,T00026,ELG,0.58440258,1.136948,1.0000
TG00006456,T00026,ELG,0.52308456,0.728530,1.0000
TG00006457,T00026,ELG,0.44390070,0.987756,1.0000
TG00006458,T00026,ELG,0.24867956,0.962813,1.0000
TG00006459,T00026,ELG,0.64958506,1.247718,1.0000
TG00006460,T00026,ELG,0.63764990,1.046852,1.0000
TG00006461,T00026,ELG,1.08405556,1.420312,1.0000
TG00006462,T00026,ELG,0.92436944,1.408194,1.0000
TG00006463,T00026,ELG,0.83756942,1.175253,1.0000
TG00006464,T00026,ELG,0.40125728,0.842432,1.0000
TG00006465,T00026,ELG,0.53653625,1.425557,1.0000
TG00006466,T00026,ELG,0.81752077,0.732270,1.0000
TG00006467,T00026,ELG,1.53734804,1.581633,1.0000
TG00006468,T00026,ELG,0.51649623,1.245393,1.0000
TG00006469,T00026,ELG,0.52568966,0.913129,1.0000
TG00006470,T00026,ELG,0.50372455,1.170900,1.0000
TG00006471,T00026,ELG,0.47814000,1.182736,1.0000
TG00006472,T00026,ELG,0.43148891,1.465497,1.0000
TG00006473,T00026,ELG,0.56489383,0.662605,1.0000
TG00006474,T00026,ELG,1.63895222,1.255243,1.0000
TG00006475,T00026,ELG,0.51788472,1.003133,1.0000
TG00006476,T00026,ELG,0.74954600,0.912774,1.0000
TG00006477,T00026,ELG,0.48573879,1.131841,1.0000
TG00006478,T00026,ELG,0.34626960,1.096497,1.0000
TG00006479,T00026,ELG,0.67336450,1.096120,1.0000
TG00006480,T00026,ELG,0.38521613,1.387034,1.0000
TG00006481,T00026,ELG,0.35329912,1.441225,1.0000
TG00006482,T00026,ELG,0.87782262,0.987435,1.0000
TG00006483,T00026,ELG,0.66614938,1.139114,1.0000
TG00006484,T00026,ELG,0.44699809,0.670304,1.0000
TG00006485,T00026,ELG,0.43861761,0.721706,1.0000
TG00006486,T00026,ELG,0.28072068,1.313891,1.0000
TG00006487,T00026,ELG,0.35488083,1.027158,1.0000
TG00006488,T00026,ELG,0.31206384,1.222285,1.0000
TG00006489,T00026,ELG,0.74823826,1.354174,1.0000
TG00006490,T00026,ELG,0.83043986,0.841804,1.0000
TG00006491,T00026,ELG,0.59418238,0.848823,1.0000
TG00006492,T00026,ELG,0.39964821,0.900778,1.0000
TG00006493,T00026,ELG,0.83953160,0.972968,1.0000
TG00006494,T00026,ELG,0.69081277,0.826933,1.0000
TG00006495,T00026,ELG,0.32505388,0.929590,1.0000
TG00006496,T00026,ELG,0.51924920,1.054063,1.0000
TG00006497,T00026,ELG,0.91977042,1.338105,1.0000
TG00006498,T00026,ELG,0.24347759,1.257444,1.0000
TG00006499,T00026,ELG,0.33189725,1.064186,1.0000
TG00006500,T00026,ELG,0.36056607,1.264550,1.0000
TG00006501,T00026,ELG,0.31822505,1.111308,1.0000
TG00006502,T00026,ELG,0.34514582,0.776971,1.0000
TG00006503,T00026,ELG,0.39721220,1.379926,1.0000
TG00006504,T00026,ELG,0.51788220,0.886678,1.0000
TG00006505,T00026,ELG,0.59851778,1.306610,1.0000
TG00006506,T00026,ELG,1.45986249,0.996183,1.0000
TG00006507,T00026,ELG,0.80214220,0.910042,1.0000
TG00006508,T00026,ELG,0.57154935,0.622304,1.0000
TG00006509,T00026,ELG,0.50514897,1.254133,1.0000
TG00006510,T00026,ELG,1.11785182,1.247078,1.0000
TG00006511,T00026,ELG,0.69936802,1.432154,1.0000
TG00006512,T00026,ELG,0.28094152,0.817239,1.0000
TG00006513,T00026,ELG,0.35620274,1.085155,1.0000
TG00006514,T00026,QSO,0.15557134,1.747363,1.7000
TG00006515,T00026,QSO,0.17128091,2.375530,1.7000
TG00006516,T00026,QSO,0.14617892,3.412379,1.7000
TG00006517,T00026,QSO,0.09996581,2.098943,1.7000
TG00006518,T00026,QSO,0.30591682,1.753395,1.7000
TG00006519,T00026,QSO,0.17132594,3.353345,1.7000
TG00006520,T00026,QSO,0.21877400,2.016430,1.7000
TG00006521,T00026,QSO,0.16871652,1.833770,1.7000
TG00006522,T00026,QSO,0.12691435,2.966086,1.7000
TG00006523,T00026,QSO,0.31939694,1.425122,1.7000
TG00006524,T00026,QSO,0.15899520,3.231798,1.7000
TG00006525,T00026,QSO,0.23956754,1.824298,1.7000
TG00006526,T00026,QSO,0.14507449,2.627089,1.7000
TG00006527,T00026,QSO,0.15149239,1.878297,1.7000
TG00006528,T00026,QSO,0.13250515,1.965128,1.7000
TG00006529,T00026,QSO,0.32783781,0.918962,1.7000
TG00006530,T00026,QSO,0.25016044,3.473056,1.7000
TG00006531,T00026,QSO,0.24798746,2.345353,1.7000
TG00006532,T00026,BGS,1.38554148,0.183506,0.4500
TG00006533,T00026,BGS,0.88820119,0.239521,0.4500
TG00006534,T00026,BGS,1.59510301,0.337100,0.4500
TG00006535,T00026,BGS,1.16448848,0.257097,0.4500
TG00006536,T00026,BGS,1.18151773,0.023785,0.4500
TG00006537,T00026,BGS,0.75761667,0.294219,0.4500
TG00006538,T00026,BGS,2.02074778,0.092975,0.4500
TG00006539,T00026,BGS,1.63928869,0.180389,0.4500
TG00006540,T00026,BGS,0.72851077,0.184907,0.4500
TG00006541,T00026,BGS,1.24898296,0.205084,0.4500
TG00006542,T00026,BGS,1.02901303,0.164641,0.4500
TG00006543,T00026,BGS,1.35220113,0.201447,0.4500
TG00006544,T00026,BGS,1.20572418,0.243225,0.4500
TG00006545,T00026,BGS,1.32165467,0.286677,0.4500
TG00006546,T00026,BGS,0.91989598,0.181536,0.4500
TG00006547,T00026,BGS,1.44053418,0.330579,0.4500
TG00006548,T00026,BGS,1.51494355,0.168441,0.4500
TG00006549,T00026,BGS,1.49167016,0.159085,0.4500
TG00006550,T00026,BGS,2.01900240,0.245208,0.4500
TG00006551,T00026,BGS,1.29353361,0.233966,0.4500
TG00006552,T00026,BGS,1.86726005,0.363267,0.4500
TG00006553,T00026,BGS,1.11986846,0.265298,0.4500
TG00006554,T00026,BGS,1.12576388,0.172929,0.4500
TG00006555,T00026,BGS,0.90447436,0.203115,0.4500
TG00006556,T00026,BGS,1.31969856,0.160995,0.4500
TG00006557,T00026,BGS,1.24706849,0.176178,0.4500
TG00006558,T00026,BGS,1.02844422,0.129569,0.4500
TG00006559,T00026,BGS,0.91164228,0.117355,0.4500
TG00006560,T00026,BGS,1.52389174,0.163639,0.4500
TG00006561,T00026,BGS,1.50108356,0.231383,0.4500
TG00006562,T00026,BGS,1.18207954,0.207121,0.4500
TG00006563,T00026,BGS,0.98015509,0.198456,0.4500
TG00006564,T00026,BGS,1.29445618,0.301856,0.4500
TG00006565,T00026,BGS,1.38148336,0.177737,0.4500
TG00006566,T00026,BGS,1.37413416,0.146415,0.4500
TG00006567,T00026,BGS,0.99982760,0.144125,0.4500
TG00006568,T00026,BGS,1.51197114,0.264438,0.4500
TG00006569,T00026,BGS,0.91576914,0.121869,0.4500
TG00006570,T00026,BGS,0.63652861,0.327199,0.4500
TG00006571,T00026,BGS,2.35292297,0.276999,0.4500
TG00006572,T00026,BGS,1.09388980,0.131401,0.4500
TG00006573,T00026,BGS,1.04087238,0.199982,0.4500
TG00006574,T00026,BGS,1.41325742,0.219220,0.4500
TG00006575,T00026,BGS,0.94117223,0.309653,0.4500
TG00006576,T00026,BGS,1.48839778,0.131487,0.4500
TG00006577,T00026,BGS,1.33869649,0.405952,0.4500
TG00006578,T00026,BGS,2.18935364,0.426827,0.4500
TG00006579,T00026,BGS,1.75344187,0.051035,0.4500
TG00006580,T00026,BGS,1.58977592,0.161512,0.4500
TG00006581,T00026,BGS,1.57558337,0.257183,0.4500
TG00006582,T00026,BGS,1.12856994,0.309656,0.4500
TG00006583,T00026,BGS,1.60975472,0.182801,0.4500
TG00006584,T00026,BGS,1.60402342,0.185637,0.4500
TG00006585,T00026,BGS,1.14200134,0.226375,0.4500
TG00006586,T00026,BGS,2.42753700,0.155540,0.4500
TG00006587,T00026,BGS,0.90931323,0.065724,0.4500
TG00006588,T00026,BGS,1.16562329,0.142363,0.4500
TG00006589,T00026,BGS,1.41936721,0.210196,0.4500
TG00006590,T00026,BGS,1.01148727,0.305035,0.4500
TG00006591,T00026,BGS,1.50558414,0.177028,0.4500
TG00006592,T00026,BGS,1.35481008,0.153612,0.4500
TG00006593,T00026,BGS,1.78110995,0.294423,0.4500
TG00006594,T00026,BGS,1.17975493,0.143730,0.4500
TG00006595,T00026,BGS,0.78356072,0.217552,0.4500
TG00006596,T00026,BGS,1.64383549,0.279802,0.4500
TG00006597,T00026,BGS,1.09717767,0.058608,0.4500
TG00006598,T00026,BGS,1.30538859,0.149153,0.4500
TG00006599,T00026,BGS,1.48106553,0.273730,0.4500
TG00006600,T00026,BGS,1.00180248,0.083087,0.4500
TG00006601,T00026,BGS,1.45327805,0.232652,0.4500
TG00006602,T00026,BGS,0.95719065,0.160270,0.4500
TG00006603,T00026,BGS,1.04001567,0.194079,0.4500
TG00006604,T00026,BGS,0.82688807,0.331908,0.4500
TG00006605,T00026,BGS,1.46809656,0.182615,0.4500
TG00006606,T00026,BGS,0.94284947,0.126308,0.4500
TG00006607,T00026,BGS,1.33596552,0.160417,0.4500
TG00006608,T00026,BGS,1.36761763,0.276447,0.4500
TG00006609,T00026,BGS,1.20519502,0.058940,0.4500
TG00006610,T00026,BGS,1.65167785,0.141288,0.4500
TG00006611,T00026,BGS,1.14703098,0.167013,0.4500
TG00006612,T00026,BGS,1.18104982,0.303193,0.4500
TG00006613,T00027,LRG,0.37700564,0.835064,1.0000
TG00006614,T00027,LRG,0.59136467,0.661967,1.0000
TG00006615,T00027,LRG,0.23286396,0.512424,1.0000
TG00006616,T00027,LRG,0.37001756,0.729099,1.0000
TG00006617,T00027,LRG,0.32123022,0.886869,1.0000
TG00006618,T00027,LRG,0.36500735,0.577984,1.0000
TG00006619,T00027,LRG,0.43336503,0.403966,1.0000
TG00006620,T00027,LRG,0.39672245,0.519003,1.0000
TG00006621,T00027,LRG,0.34613387,0.628928,1.0000
TG00006622,T00027,LRG,0.48706267,0.480703,1.0000
TG00006623,T00027,LRG,0.31681742,0.701018,1.0000
TG00006624,T00027,LRG,0.36747561,0.906134,1.0000
TG00006625,T00027,LRG,0.35803355,0.862739,1.0000
TG00006626,T00027,LRG,0.21066411,0.611907,1.0000
TG00006627,T00027,LRG,0.26735054,0.335158,1.0000
TG00006628,T00027,LRG,0.20711216,0.858192,1.0000
TG00006629,T00027,LRG,0.22276677,0.887859,1.0000
TG00006630,T00027,LRG,0.56772661,0.679685,1.0000
TG00006631,T00027,LRG,0.26508126,0.860683,1.0000
TG00006632,T00027,LRG,0.48051919,0.517945,1.0000
TG00006633,T00027,LRG,0.40971191,1.026388,1.0000
TG00006634,T00027,LRG,0.44568438,0.640112,1.0000
TG00006635,T00027,LRG,0.42013972,0.911635,1.0000
TG00006636,T00027,LRG,0.50954213,0.684202,1.0000
TG00006637,T00027,LRG,0.42787408,0.512402,1.0000
TG00006638,T00027,LRG,0.39938442,1.088709,1.0000
TG00006639,T00027,LRG,0.43680777,0.324220,1.0000
TG00006640,T00027,LRG,0.30863884,0.921210,1.0000
TG00006641,T00027,LRG,0.32428028,0.408207,1.0000
TG00006642,T00027,LRG,0.40722872,0.734455,1.0000
TG00006643,T00027,LRG,0.44321030,0.708559,1.0000
TG00006644,T00027,LRG,0.47191042,0.577500,1.0000
TG00006645,T00027,LRG,0.42351066,0.851157,1.0000
TG00006646,T00027,LRG,0.28665424,0.504996,1.0000
TG00006647,T00027,LRG,0.47529793,0.840195,1.0000
TG00006648,T00027,LRG,0.50614239,0.585682,1.0000
TG00006649,T00027,LRG,0.27163448,1.196460,1.0000
TG00006650,T00027,LRG,0.32640741,0.493539,1.0000
TG00006651,T00027,LRG,0.34162213,0.939472,1.0000
TG00006652,T00027,LRG,0.24687368,0.777797,1.0000
TG00006653,T00027,LRG,0.24576214,0.482153,1.0000
TG00006654,T00027,LRG,0.57291373,0.742290,1.0000
TG00006655,T00027,LRG,0.24472596,0.723020,1.0000
TG00006656,T00027,LRG,0.72893481,0.525687,1.0000
TG00006657,T00027,LRG,0.21444175,0.957196,1.0000
TG00006658,T00027,LRG,0.45677537,1.081944,1.0000
TG00006659,T00027,LRG,0.24157180,0.778320,1.0000
TG00006660,T00027,LRG,0.21408532,0.660054,1.0000
TG00006661,T00027,LRG,0.28532744,0.549931,1.0000
TG00006662,T00027,LRG,0.46465927,0.667580,1.0000
TG00006663,T00027,LRG,0.36531797,0.653850,1.0000
TG00006664,T00027,LRG,0.32028682,0.634477,1.0000
TG00006665,T00027,LRG,0.64496969,0.876058,1.0000
TG00006666,T00027,LRG,0.50075186,0.540140,1.0000
TG00006667,T00027,LRG,0.27498841,0.501230,1.0000
TG00006668,T00027,LRG,0.20510156,0.549240,1.0000
TG00006669,T00027,LRG,0.40839669,0.684961,1.0000
TG00006670,T00027,LRG,0.35438506,1.021348,1.0000
TG00006671,T00027,LRG,0.28046204,0.718478,1.0000
TG00006672,T00027,LRG,0.24357259,0.891638,1.0000
TG00006673,T00027,LRG,0.32160121,0.964658,1.0000
TG00006674,T00027,LRG,0.45449187,0.739851,1.0000
TG00006675,T00027,LRG,0.36780984,1.085075,1.0000
TG00006676,T00027,LRG,0.43780320,0.916954,1.0000
TG00006677,T00027,ELG,0.37093812,1.001115,1.0000
TG00006678,T00027,ELG,0.36269565,1.025172,1.0000
TG00006679,T00027,ELG,0.47672874,0.877768,1.0000
TG00006680,T00027,ELG,0.38686993,1.901168,1.0000
TG00006681,T00027,ELG,1.36694404,1.492892,1.0000
TG00006682,T00027,ELG,0.96706992,0.780499,1.0000
TG00006683,T00027,ELG,0.52032167,1.467958,1.0000
TG00006684,T00027,ELG,0.32524664,1.260244,1.0000
TG00006685,T00027,ELG,0.43820309,0.959592,1.0000
TG00006686,T00027,ELG,0.43056569,0.732492,1.0000
TG00006687,T00027,ELG,0.69459367,0.988686,1.0000
TG00006688,T00027,ELG,0.78208156,0.932547,1.0000
TG00006689,T00027,ELG,0.86699761,0.800590,1.0000
TG00006690,T00027,ELG,0.67193075,1.064284,1.0000
TG00006691,T00027,ELG,0.52910240,0.814557,1.0000
TG00006692,T00027,ELG,0.37835364,1.003457,1.0000
TG00006693,T00027,ELG,0.42452851,0.784943,1.0000
TG00006694,T00027,ELG,1.15327328,0.175459,1.0000
TG00006695,T00027,ELG,0.63858165,1.169302,1.0000
TG00006696,T00027,ELG,0.26062895,1.270580,1.0000
TG00006697,T00027,ELG,0.56196325,1.081731,1.0000
TG00006698,T00027,ELG,1.11671522,1.500864,1.0000
TG00006699,T00027,ELG,0.52653996,1.146782,1.0000
TG00006700,T00027,ELG,0.61497432,1.620489,1.0000
TG00006701,T00027,ELG,0.21865637,1.305872,1.0000
TG00006702,T00027,ELG,0.14433075,0.734914,1.0000
TG00006703,T00027,ELG,1.03275424,0.936359,1.0000
TG00006704,T00027,ELG,0.53175602,1.073120,1.0000
TG00006705,T00027,ELG,0.63419289,1.093227,1.0000
TG00006706,T00027,ELG,0.42797134,1.284111,1.0000
TG00006707,T00027,ELG,0.20121254,1.166477,1.0000
TG00006708,T00027,ELG,0.36403229,1.132117,1.0000
TG00006709,T00027,ELG,0.59701085,0.543579,1.0000
TG00006710,T00027,ELG,0.68928552,1.076003,1.0000
TG00006711,T00027,ELG,0.83623526,0.540988,1.0000
TG00006712,T00027,ELG,0.81135581,1.101680,1.0000
TG00006713,T00027,ELG,0.84474947,0.704072,1.0000
TG00006714,T00027,ELG,0.66549169,1.530170,1.0000
TG00006715,T00027,ELG,1.19724298,0.864178,1.0000
TG00006716,T00027,ELG,0.47708379,1.361004,1.0000
TG00006717,T00027,ELG,0.75058633,0.956906,1.0000
TG00006718,T00027,ELG,0.56480600,1.259088,1.0000
TG00006719,T00027,ELG,0.30225846,1.198941,1.0000
TG00006720,T00027,ELG,0.56706971,0.754662,1.0000
TG00006721,T00027,ELG,0.84547267,1.244871,1.0000
TG00006722,T00027,ELG,0.80115569,1.782904,1.0000
TG00006723,T00027,ELG,0.51855412,0.933661,1.0000
TG00006724,T00027,ELG,0.58868231,1.946942,1.0000
TG00006725,T00027,ELG,0.79613818,1.328969,1.0000
TG00006726,T00027,ELG,1.00929115,1.296718,1.0000
TG00006727,T00027,ELG,0.61965733,0.928286,1.0000
TG00006728,T00027,ELG,0.81638154,1.453493,1.0000
TG00006729,T00027,ELG,0.53816818,0.959281,1.0000
TG00006730,T00027,ELG,0.43756617,0.720518,1.0000
TG00006731,T00027,ELG,0.35183203,0.875616,1.0000
TG00006732,T00027,ELG,0.76539710,1.233940,1.0000
TG00006733,T00027,ELG,0.31846184,1.065608,1.0000
TG00006734,T00027,ELG,0.42816776,1.638326,1.0000
TG00006735,T00027,ELG,1.03462106,1.608161,1.0000
TG00006736,T00027,ELG,0.95183461,0.921462,1.0000
TG00006737,T00027,ELG,0.42166174,1.325451,1.0000
TG00006738,T00027,ELG,0.67925714,0.967216,1.0000
TG00006739,T00027,ELG,0.85799927,1.573476,1.0000
TG00006740,T00027,ELG,0.43769605,1.183477,1.0000
TG00006741,T00027,ELG,0.63044387,1.183791,1.0000
TG00006742,T00027,ELG,0.51787006,0.936874,1.0000
TG00006743,T00027,ELG,0.73364462,0.749264,1.0000
TG00006744,T00027,ELG,0.45063646,1.127308,1.0000
TG00006745,T00027,ELG,0.39693396,1.201164,1.0000
TG00006746,T00027,ELG,0.32864743,0.931550,1.0000
TG00006747,T00027,ELG,0.67678083,1.575069,1.0000
TG00006748,T00027,ELG,0.65356286,1.094401,1.0000
TG00006749,T00027,ELG,0.41168770,0.767252,1.0000
TG00006750,T00027,ELG,0.48915396,1.623781,1.0000
TG00006751,T00027,ELG,0.32425831,1.477842,1.0000
TG00006752,T00027,ELG,0.61563799,1.355435,1.0000
TG00006753,T00027,ELG,1.07053615,1.235944,1.0000
TG00006754,T00027,ELG,0.40515661,0.864939,1.0000
TG00006755,T00027,ELG,0.52551603,1.202303,1.0000
TG00006756,T00027,ELG,0.16668708,1.028623,1.0000
TG00006757,T00027,ELG,0.68046299,0.959741,1.0000
TG00006758,T00027,ELG,0.40248100,0.822403,1.0000
TG00006759,T00027,ELG,0.34189397,1.165557,1.0000
TG00006760,T00027,ELG,0.54508744,1.077853,1.0000
TG00006761,T00027,ELG,0.30682543,0.811473,1.0000
TG00006762,T00027,ELG,0.44061986,0.944300,1.0000
TG00006763,T00027,ELG,0.39504251,1.054274,1.0000
TG00006764,T00027,ELG,0.44964622,1.411279,1.0000
TG00006765,T00027,ELG,1.34002820,0.898813,1.0000
TG00006766,T00027,ELG,0.61532644,1.270295,1.0000
TG00006767,T00027,ELG,0.60990109,0.951301,1.0000
TG00006768,T00027,ELG,0.44600290,0.527742,1.0000
TG00006769,T00027,ELG,0.58152809,1.031047,1.0000
TG00006770,T00027,ELG,0.43546753,1.246811,1.0000
TG00006771,T00027,ELG,0.49976562,1.593711,1.0000
TG00006772,T00027,ELG,0.36093497,1.450385,1.0000
TG00006773,T00027,ELG,0.67777619,1.089327,1.0000
TG00006774,T00027,ELG,0.86491337,1.210653,1.0000
TG00006775,T00027,ELG,0.65955687,1.544839,1.0000
TG00006776,T00027,ELG,0.46251411,1.049223,1.0000
TG00006777,T00027,ELG,1.96902779,0.939205,1.0000
TG00006778,T00027,ELG,0.35054229,1.034706,1.0000
TG00006779,T00027,ELG,0.37383808,1.067291,1.0000
TG00006780,T00027,ELG,0.97774717,0.837250,1.0000
TG00006781,T00027,ELG,0.72623801,0.850068,1.0000
TG00006782,T00027,ELG,0.60088643,1.435583,1.0000
TG00006783,T00027,ELG,0.45998100,1.350848,1.0000
TG00006784,T00027,ELG,0.45790312,1.588951,1.0000
TG00006785,T00027,ELG,0.67448934,0.844963,1.0000
TG00006786,T00027,ELG,0.53081550,0.684093,1.0000
TG00006787,T00027,ELG,0.31058695,1.235985,1.0000
TG00006788,T00027,ELG,0.28312151,1.441028,1.0000
TG00006789,T00027,ELG,1.21756819,0.926019,1.0000
TG00006790,T00027,ELG,0.56815437,0.593983,1.0000
TG00006791,T00027,ELG,0.48948971,1.077529,1.0000
TG00006792,T00027,ELG,0.42161123,1.151831,1.0000
TG00006793,T00027,ELG,0.37530778,1.678190,1.0000
TG00006794,T00027,ELG,0.35978936,1.158815,1.0000
TG00006795,T00027,ELG,0.44921851,1.194878,1.0000
TG00006796,T00027,ELG,0.78821085,1.226633,1.0000
TG00006797,T00027,ELG,0.50408538,1.345403,1.0000
TG00006798,T00027,ELG,0.44127856,0.593964,1.0000
TG00006799,T00027,ELG,0.49115306,0.898952,1.0000
TG00006800,T00027,ELG,0.66269716,0.734221,1.0000
TG00006801,T00027,ELG,0.74183768,0.845492,1.0000
TG00006802,T00027,ELG,0.66260850,1.167961,1.0000
TG00006803,T00027,ELG,0.45437689,0.826270,1.0000
TG00006804,T00027,ELG,1.18129766,0.910019,1.0000
TG00006805,T00027,ELG,0.48635029,0.614730,1.0000
TG00006806,T00027,ELG,0.40910963,1.480335,1.0000
TG00006807,T00027,ELG,0.68985411,1.167252,1.0000
TG00006808,T00027,ELG,0.84379112,0.758170,1.0000
TG00006809,T00027,ELG,0.27221801,0.744568,1.0000
TG00006810,T00027,ELG,0.73241224,1.369269,1.0000
TG00006811,T00027,QSO,0.09565671,2.147066,1.7000
TG00006812,T00027,QSO,0.24752223,1.558993,1.7000
TG00006813,T00027,QSO,0.11959780,1.896300,1.7000
TG00006814,T00027,QSO,0.42773295,2.594991,1.7000
TG00006815,T00027,QSO,0.16431719,1.675648,1.7000
TG00006816,T00027,QSO,0.42760356,1.766132,1.7000
TG00006817,T00027,QSO,0.18360556,3.172321,1.7000
TG00006818,T00027,QSO,0.09328473,2.720580,1.7000
TG00006819,T00027,QSO,0.21457807,3.099157,1.7000
TG00006820,T00027,QSO,0.06266059,2.133852,1.7000
TG00006821,T00027,QSO,0.49769733,2.706258,1.7000
TG00006822,T00027,QSO,0.20108259,1.929627,1.7000
TG00006823,T00027,QSO,0.11057244,2.011180,1.7000
TG00006824,T00027,QSO,0.23824018,2.194799,1.7000
TG00006825,T00027,QSO,0.20201769,3.060484,1.7000
TG00006826,T00027,QSO,0.40753368,2.296104,1.7000
TG00006827,T00027,QSO,0.14215999,3.175610,1.7000
TG00006828,T00027,QSO,0.20359743,1.827498,1.7000
TG00006829,T00027,QSO,0.36787502,2.669879,1.7000
TG00006830,T00027,QSO,0.42050812,1.582673,1.7000
TG00006831,T00027,QSO,0.08360891,1.289633,1.7000
TG00006832,T00027,QSO,0.15454904,1.741567,1.7000
TG00006833,T00027,BGS,1.30452992,0.155964,0.4500
TG00006834,T00027,BGS,1.02038355,0.253451,0.4500
TG00006835,T00027,BGS,1.55709644,0.216586,0.4500
TG00006836,T00027,BGS,1.13598310,0.142668,0.4500
TG00006837,T00027,BGS,0.99681948,0.108830,0.4500
TG00006838,T00027,BGS,0.63157975,0.307761,0.4500
TG00006839,T00027,BGS,1.22880533,0.274700,0.4500
TG00006840,T00027,BGS,1.66307340,0.169816,0.4500
TG00006841,T00027,BGS,1.17587265,0.261153,0.4500
TG00006842,T00027,BGS,1.00458063,0.261290,0.4500
TG00006843,T00027,BGS,2.57015740,0.202671,0.4500
TG00006844,T00027,BGS,2.04421686,0.289303,0.4500
TG00006845,T00027,BGS,1.32192797,0.166122,0.4500
TG00006846,T00027,BGS,1.63906309,0.112153,0.4500
TG00006847,T00027,BGS,0.85644855,0.043520,0.4500
TG00006848,T00027,BGS,1.22356010,0.201095,0.4500
TG00006849,T00027,BGS,1.51488897,0.094704,0.4500
TG00006850,T00027,BGS,1.34048413,0.188259,0.4500
TG00006851,T00027,BGS,2.12239530,0.157613,0.4500
TG00006852,T00027,BGS,1.64491801,0.214819,0.4500
TG00006853,T00027,BGS,1.33574396,0.269624,0.4500
TG00006854,T00027,BGS,0.71448562,0.134323,0.4500
TG00006855,T00027,BGS,0.96690888,0.233203,0.4500
TG00006856,T00027,BGS,1.23170749,0.271759,0.4500
TG00006857,T00027,BGS,1.27660737,0.108351,0.4500
TG00006858,T00027,BGS,1.59274859,0.175175,0.4500
TG00006859,T00027,BGS,1.86348634,0.313972,0.4500
TG00006860,T00027,BGS,1.88488856,0.347494,0.4500
TG00006861,T00027,BGS,0.86311745,0.238052,0.4500
TG00006862,T00027,BGS,1.29331381,0.171975,0.4500
TG00006863,T00027,BGS,1.12881901,0.257577,0.4500
TG00006864,T00027,BGS,1.69273872,0.150968,0.4500
TG00006865,T00027,BGS,1.11749079,0.133295,0.4500
TG00006866,T00027,BGS,0.82476096,0.185090,0.4500
TG00006867,T00027,BGS,1.11098115,0.273696,0.4500
TG00006868,T00027,BGS,1.58501594,0.193843,0.4500
TG00006869,T00027,BGS,2.08885793,0.092208,0.4500
TG00006870,T00027,BGS,1.68750911,0.195808,0.4500
TG00006871,T00027,BGS,1.60058885,0.168909,0.4500
TG00006872,T00027,BGS,1.58161405,0.236719,0.4500
TG00006873,T00027,BGS,1.20195889,0.315313,0.4500
TG00006874,T00027,BGS,0.97454067,0.425902,0.4500
TG00006875,T00027,BGS,1.14141616,0.097734,0.4500
TG00006876,T00027,BGS,1.40860700,0.275940,0.4500
TG00006877,T00027,BGS,1.04882061,0.230121,0.4500
TG00006878,T00027,BGS,1.52093647,0.239585,0.4500
TG00006879,T00027,BGS,1.29621659,0.256287,0.4500
TG00006880,T00027,BGS,1.17962248,0.204848,0.4500
TG00006881,T00027,BGS,1.71842947,0.374911,0.4500
TG00006882,T00027,BGS,2.05202010,0.179983,0.4500
TG00006883,T00027,BGS,2.27780821,0.094018,0.4500
TG00006884,T00027,BGS,1.38976123,0.170234,0.4500
TG00006885,T00027,BGS,1.13894171,0.183831,0.4500
TG00006886,T00027,BGS,1.33713701,0.218274,0.4500
TG00006887,T00027,BGS,2.74750910,0.138077,0.4500
TG00006888,T00027,BGS,0.96438348,0.201410,0.4500
TG00006889,T00027,BGS,1.40100034,0.300017,0.4500
TG00006890,T00027,BGS,1.06234961,0.133251,0.4500
TG00006891,T00027,BGS,0.55992065,0.420180,0.4500
TG00006892,T00027,BGS,0.99674042,0.296185,0.4500
TG00006893,T00027,BGS,1.56755135,0.201814,0.4500
TG00006894,T00027,BGS,1.30301594,0.157606,0.4500
TG00006895,T00027,BGS,1.20972946,0.198552,0.4500
TG00006896,T00027,BGS,1.73948952,0.341436,0.4500
TG00006897,T00027,BGS,1.56236906,0.370416,0.4500
TG00006898,T00027,BGS,1.77067986,0.102471,0.4500
TG00006899,T00027,BGS,1.53696078,0.283289,0.4500
TG00006900,T00027,BGS,1.06482163,0.247985,0.4500
TG00006901,T00027,BGS,1.40456026,0.241541,0.4500
TG00006902,T00027,BGS,1.49416721,0.067010,0.4500
TG00006903,T00027,BGS,1.82270895,0.168326,0.4500
TG00006904,T00027,BGS,1.22330545,0.086873,0.4500
TG00006905,T00027,BGS,0.75575628,0.339611,0.4500
TG00006906,T00027,BGS,1.36980062,0.182070,0.4500
TG00006907,T00027,BGS,1.42949684,0.345211,0.4500
TG00006908,T00027,BGS,0.99068981,0.220990,0.4500
TG00006909,T00027,BGS,0.89875488,0.241472,0.4500
TG00006910,T00027,BGS,1.26390191,0.390225,0.4500
TG00006911,T00027,BGS,1.14238878,0.214014,0.4500
TG00006912,T00027,BGS,1.83520939,0.163949,0.4500
TG00006913,T00027,BGS,2.92784447,0.227751,0.4500
TG00006914,T00027,BGS,1.19401905,0.134183,0.4500
TG00006915,T00027,BGS,1.05686996,0.250871,0.4500
TG00006916,T00027,BGS,0.95289382,0.358713,0.4500
TG00006917,T00027,BGS,2.13057307,0.123134,0.4500
TG00006918,T00027,BGS,1.02364069,0.329720,0.4500
TG00006919,T00027,BGS,0.82904324,0.323695,0.4500
TG00006920,T00027,BGS,1.32593907,0.144322,0.4500
TG00006921,T00028,LRG,0.36500352,0.703976,1.0000
TG00006922,T00028,LRG,0.76324743,0.835422,1.0000
TG00006923,T00028,LRG,0.29453828,0.906747,1.0000
TG00006924,T00028,LRG,0.70890234,0.653893,1.0000
TG00006925,T00028,LRG,0.21088163,0.613993,1.0000
TG00006926,T00028,LRG,0.37301590,0.910133,1.0000
TG00006927,T00028,LRG,0.30015969,0.880127,1.0000
TG00006928,T00028,LRG,0.30342835,0.870259,1.0000
TG00006929,T00028,LRG,0.13686900,0.600762,1.0000
TG00006930,T00028,LRG,0.37709550,0.782134,1.0000
TG00006931,T00028,LRG,0.37129690,0.832563,1.0000
TG00006932,T00028,LRG,0.89207170,0.749121,1.0000
TG00006933,T00028,LRG,0.74289038,0.587271,1.0000
TG00006934,T00028,LRG,0.41164874,0.618077,1.0000
TG00006935,T00028,LRG,0.30129675,0.714778,1.0000
TG00006936,T00028,LRG,0.16512790,0.807819,1.0000
TG00006937,T00028,LRG,0.29855537,0.493347,1.0000
TG00006938,T00028,LRG,0.36101577,1.037880,1.0000
TG00006939,T00028,LRG,0.22499618,0.787316,1.0000
TG00006940,T00028,LRG,0.21253521,0.904558,1.0000
TG00006941,T00028,LRG,0.57731421,0.407723,1.0000
TG00006942,T00028,LRG,0.17471758,0.779527,1.0000
TG00006943,T00028,LRG,0.54302052,0.821519,1.0000
TG00006944,T00028,LRG,0.42620034,0.674104,1.0000
TG00006945,T00028,LRG,0.47054555,0.759443,1.0000
TG00006946,T00028,LRG,0.44485587,0.479124,1.0000
TG00006947,T00028,LRG,0.46968072,0.793069,1.0000
TG00006948,T00028,LRG,0.25717053,0.646585,1.0000
TG00006949,T00028,LRG,0.72738843,0.594378,1.0000
TG00006950,T00028,LRG,0.36281850,0.964948,1.0000
TG00006951,T00028,LRG,0.17607423,0.469996,1.0000
TG00006952,T00028,LRG,0.37746074,0.766299,1.0000
TG00006953,T00028,LRG,0.26452990,0.508131,1.0000
TG00006954,T00028,LRG,0.20714585,0.713025,1.0000
TG00006955,T00028,LRG,0.40956614,0.618411,1.0000
TG00006956,T00028,LRG,0.41014991,1.078868,1.0000
TG00006957,T00028,LRG,0.19219346,0.300136,1.0000
TG00006958,T00028,LRG,0.42065780,1.063745,1.0000
TG00006959,T00028,LRG,0.32023895,0.795918,1.0000
TG00006960,T00028,LRG,0.33933535,0.658674,1.0000
TG00006961,T00028,LRG,0.48643292,0.684280,1.0000
TG00006962,T00028,LRG,0.31274461,0.838358,1.0000
TG00006963,T00028,LRG,0.20093797,0.672755,1.0000
TG00006964,T00028,LRG,0.80687614,0.690552,1.0000
TG00006965,T00028,LRG,0.36416995,0.572619,1.0000
TG00006966,T00028,LRG,0.26412414,0.814608,1.0000
TG00006967,T00028,LRG,0.73937377,0.842127,1.0000
TG00006968,T00028,LRG,0.40207367,1.176018,1.0000
TG00006969,T00028,LRG,0.34735816,0.756913,1.0000
TG00006970,T00028,LRG,0.39745150,0.481444,1.0000
TG00006971,T00028,LRG,0.26852617,0.474707,1.0000
TG00006972,T00028,LRG,0.20060290,0.502688,1.0000
TG00006973,T00028,LRG,0.34146171,0.848934,1.0000
TG00006974,T00028,LRG,0.58559213,0.604173,1.0000
TG00006975,T00028,ELG,0.53614275,1.080543,1.0000
TG00006976,T00028,ELG,0.65780905,1.351325,1.0000
TG00006977,T00028,ELG,1.04687532,1.028011,1.0000
TG00006978,T00028,ELG,0.55305194,1.146533,1.0000
TG00006979,T00028,ELG,0.95655487,0.835141,1.0000
TG00006980,T00028,ELG,0.64819694,0.926389,1.0000
TG00006981,T00028,ELG,0.66781762,1.206520,1.0000
TG00006982,T00028,ELG,0.73540148,0.605977,1.0000
TG00006983,T00028,ELG,0.49230303,1.098216,1.0000
TG00006984,T00028,ELG,0.38429468,1.291750,1.0000
TG00006985,T00028,ELG,0.67144343,1.014933,1.0000
TG00006986,T00028,ELG,0.33144647,0.940512,1.0000
TG00006987,T00028,ELG,0.76957323,1.320947,1.0000
TG00006988,T00028,ELG,0.37891561,0.763307,1.0000
TG00006989,T00028,ELG,0.36263479,1.338780,1.0000
TG00006990,T00028,ELG,0.26810104,1.079491,1.0000
TG00006991,T00028,ELG,0.83000714,1.440676,1.0000
TG00006992,T00028,ELG,0.42039932,0.939223,1.0000
TG00006993,T00028,ELG,0.31107909,0.822135,1.0000
TG00006994,T00028,ELG,0.49929159,1.161600,1.0000
TG00006995,T00028,ELG,0.52179576,1.491025,1.0000
TG00006996,T00028,ELG,0.48733064,1.023298,1.0000
TG00006997,T00028,ELG,0.29265838,1.033179,1.0000
TG00006998,T00028,ELG,0.26375334,0.556400,1.0000
TG00006999,T00028,ELG,0.69644951,0.715570,1.0000
TG00007000,T00028,ELG,0.72572756,1.412426,1.0000
TG00007001,T00028,ELG,0.98824914,0.956256,1.0000
TG00007002,T00028,ELG,0.27930988,1.313312,1.0000
TG00007003,T00028,ELG,0.62871965,0.976151,1.0000
TG00007004,T00028,ELG,0.29866985,1.193830,1.0000
TG00007005,T00028,ELG,0.37279213,1.435089,1.0000
TG00007006,T00028,ELG,0.54775951,0.676424,1.0000
TG00007007,T00028,ELG,0.52880005,1.039795,1.0000
TG00007008,T00028,ELG,0.72091491,0.549846,1.0000
TG00007009,T00028,ELG,0.35330610,1.189096,1.0000
TG00007010,T00028,ELG,0.97625800,0.695953,1.0000
TG00007011,T00028,ELG,0.66575264,1.031782,1.0000
TG00007012,T00028,ELG,0.68790606,0.999005,1.0000
TG00007013,T00028,ELG,0.48108919,1.345404,1.0000
TG00007014,T00028,ELG,0.64447008,0.994782,1.0000
TG00007015,T00028,ELG,0.35991649,0.724850,1.0000
TG00007016,T00028,ELG,0.42539340,1.000451,1.0000
TG00007017,T00028,ELG,0.55342337,0.944198,1.0000
TG00007018,T00028,ELG,0.58346890,0.939736,1.0000
TG00007019,T00028,ELG,0.45837043,1.237616,1.0000
TG00007020,T00028,ELG,0.51440799,1.121282,1.0000
TG00007021,T00028,ELG,0.60846693,0.861126,1.0000
TG00007022,T00028,ELG,0.27042670,1.493520,1.0000
TG00007023,T00028,ELG,0.70498545,1.578384,1.0000
TG00007024,T00028,ELG,0.47680080,0.988203,1.0000
TG00007025,T00028,ELG,0.68517353,0.727085,1.0000
TG00007026,T00028,ELG,0.79911122,1.130166,1.0000
TG00007027,T00028,ELG,0.58766968,1.450435,1.0000
TG00007028,T00028,ELG,0.19732535,1.056390,1.0000
TG00007029,T00028,ELG,0.28644475,1.375697,1.0000
TG00007030,T00028,ELG,0.97730906,1.051951,1.0000
TG00007031,T00028,ELG,0.39194754,0.767103,1.0000
TG00007032,T00028,ELG,0.53122503,1.088330,1.0000
TG00007033,T00028,ELG,1.48452163,1.661219,1.0000
TG00007034,T00028,ELG,0.57735458,1.041626,1.0000
TG00007035,T00028,ELG,0.38075938,0.960860,1.0000
TG00007036,T00028,ELG,0.80534053,0.773206,1.0000
TG00007037,T00028,ELG,0.96743740,0.672719,1.0000
TG00007038,T00028,ELG,0.50890146,1.073251,1.0000
TG00007039,T00028,ELG,0.21118794,1.097474,1.0000
TG00007040,T00028,ELG,0.50242672,1.566134,1.0000
TG00007041,T00028,ELG,0.48012857,0.904802,1.0000
TG00007042,T00028,ELG,0.51649101,1.019879,1.0000
TG00007043,T00028,ELG,0.62387279,0.972838,1.0000
TG00007044,T00028,ELG,0.84897143,1.379409,1.0000
TG00007045,T00028,ELG,0.38350026,1.291189,1.0000
TG00007046,T00028,ELG,0.45536237,0.918971,1.0000
TG00007047,T00028,ELG,0.35261123,0.824804,1.0000
TG00007048,T00028,ELG,0.66252300,0.736198,1.0000
TG00007049,T00028,ELG,0.39025614,1.388170,1.0000
TG00007050,T00028,ELG,0.31323689,1.185619,1.0000
TG00007051,T00028,ELG,1.27201485,0.729288,1.0000
TG00007052,T00028,ELG,0.40563903,1.308887,1.0000
TG00007053,T00028,ELG,1.39968814,1.430363,1.0000
TG00007054,T00028,ELG,0.49097507,0.964236,1.0000
TG00007055,T00028,QSO,0.15353516,3.207104,1.7000
TG00007056,T00028,QSO,0.23696057,2.373925,1.7000
TG00007057,T00028,QSO,0.13252997,2.868048,1.7000
TG00007058,T00028,QSO,0.05295062,0.036636,1.7000
TG00007059,T00028,QSO,0.11332288,2.372280,1.7000
TG00007060,T00028,QSO,0.17996206,0.710526,1.7000
TG00007061,T00028,QSO,0.17803961,3.174604,1.7000
TG00007062,T00028,QSO,0.26744567,2.423657,1.7000
TG00007063,T00028,QSO,0.37273569,3.149469,1.7000
TG00007064,T00028,QSO,0.18671189,2.605831,1.7000
TG00007065,T00028,QSO,0.49720170,2.293777,1.7000
TG00007066,T00028,QSO,0.06944369,3.043949,1.7000
TG00007067,T00028,QSO,0.39072823,2.034944,1.7000
TG00007068,T00028,QSO,0.11634192,2.838153,1.7000
TG00007069,T00028,QSO,0.16053576,2.758116,1.7000
TG00007070,T00028,QSO,0.31581242,1.588840,1.7000
TG00007071,T00028,QSO,0.49562298,1.421620,1.7000
TG00007072,T00028,QSO,0.22215653,2.106878,1.7000
TG00007073,T00028,QSO,0.15691968,2.059004,1.7000
TG00007074,T00028,QSO,0.42827896,1.614381,1.7000
TG00007075,T00028,QSO,0.17700821,2.044093,1.7000
TG00007076,T00028,QSO,0.10637844,1.566871,1.7000
TG00007077,T00028,BGS,1.29282322,0.130403,0.4500
TG00007078,T00028,BGS,0.89363777,0.275558,0.4500
TG00007079,T00028,BGS,1.17800240,0.216961,0.4500
TG00007080,T00028,BGS,1.30317030,0.093362,0.4500
TG00007081,T00028,BGS,1.13774604,0.256563,0.4500
TG00007082,T00028,BGS,2.19609921,0.195788,0.4500
TG00007083,T00028,BGS,1.20203917,0.142808,0.4500
TG00007084,T00028,BGS,0.98030900,0.274008,0.4500
TG00007085,T00028,BGS,2.08174901,0.346187,0.4500
TG00007086,T00028,BGS,2.38211677,0.000000,0.4500
TG00007087,T00028,BGS,0.63155376,0.306365,0.4500
TG00007088,T00028,BGS,1.60796034,0.263158,0.4500
TG00007089,T00028,BGS,1.24354092,0.048439,0.4500
TG00007090,T00028,BGS,1.26997361,0.129556,0.4500
TG00007091,T00028,BGS,0.58323238,0.232253,0.4500
TG00007092,T00028,BGS,1.97514060,0.157970,0.4500
TG00007093,T00028,BGS,1.33258392,0.084490,0.4500
TG00007094,T00028,BGS,0.91323440,0.301007,0.4500
TG00007095,T00028,BGS,0.90632238,0.339207,0.4500
TG00007096,T00028,BGS,0.82207839,0.312016,0.4500
TG00007097,T00028,BGS,0.91216405,0.335055,0.4500
TG00007098,T00028,BGS,1.02663622,0.163145,0.4500
TG00007099,T00028,BGS,1.58680511,0.247061,0.4500
TG00007100,T00028,BGS,1.10198675,0.025713,0.4500
TG00007101,T00028,BGS,1.25937736,0.161996,0.4500
TG00007102,T00028,BGS,1.20892751,0.274346,0.4500
TG00007103,T00028,BGS,1.48312744,0.350834,0.4500
TG00007104,T00028,BGS,1.77063593,0.391268,0.4500
TG00007105,T00028,BGS,1.86469948,0.168399,0.4500
TG00007106,T00028,BGS,1.83932300,0.214670,0.4500
TG00007107,T00028,BGS,0.95471361,0.189362,0.4500
TG00007108,T00028,BGS,1.27013509,0.284964,0.4500
TG00007109,T00028,BGS,1.36166057,0.069676,0.4500
TG00007110,T00028,BGS,2.67109558,0.046555,0.4500
TG00007111,T00028,BGS,1.04169631,0.290899,0.4500
TG00007112,T00028,BGS,1.68509578,0.270489,0.4500
TG00007113,T00028,BGS,0.90304640,0.209573,0.4500
TG00007114,T00028,BGS,0.98395978,0.260177,0.4500
TG00007115,T00028,BGS,1.14522075,0.183399,0.4500
TG00007116,T00028,BGS,0.98822824,0.067294,0.4500
TG00007117,T00028,BGS,1.61196165,0.057578,0.4500
TG00007118,T00028,BGS,1.10225168,0.181195,0.4500
TG00007119,T00028,BGS,1.06709531,0.244036,0.4500
TG00007120,T00028,BGS,1.88630552,0.318216,0.4500
TG00007121,T00028,BGS,1.52695138,0.215030,0.4500
TG00007122,T00028,BGS,1.00742167,0.350362,0.4500
TG00007123,T00028,BGS,1.71173048,0.225369,0.4500
TG00007124,T00028,BGS,1.24997081,0.209781,0.4500
TG00007125,T00028,BGS,1.92894751,0.274755,0.4500
TG00007126,T00028,BGS,1.20830948,0.258989,0.4500
TG00007127,T00028,BGS,1.67411400,0.017636,0.4500
TG00007128,T00028,BGS,1.28133326,0.280360,0.4500
TG00007129,T00028,BGS,1.27432788,0.118720,0.4500
TG00007130,T00028,BGS,1.12024110,0.188986,0.4500
TG00007131,T00028,BGS,1.14702886,0.286149,0.4500
TG00007132,T00028,BGS,0.64150409,0.149001,0.4500
TG00007133,T00028,BGS,1.16103070,0.267752,0.4500
TG00007134,T00028,BGS,1.08567388,0.197289,0.4500
TG00007135,T00028,BGS,1.74819331,0.261474,0.4500
TG00007136,T00028,BGS,0.80144430,0.250123,0.4500
TG00007137,T00028,BGS,1.40436097,0.158873,0.4500
TG00007138,T00028,BGS,1.38185296,0.296672,0.4500
TG00007139,T00028,BGS,1.27796279,0.124936,0.4500
TG00007140,T00028,BGS,0.73372791,0.232521,0.4500
TG00007141,T00028,BGS,0.86659612,0.442052,0.4500
TG00007142,T00028,BGS,1.30460376,0.194228,0.4500
TG00007143,T00028,BGS,1.07228103,0.388837,0.4500
TG00007144,T00028,BGS,2.02574098,0.308471,0.4500
TG00007145,T00028,BGS,2.56570434,0.362339,0.4500
TG00007146,T00028,BGS,2.88959874,0.153261,0.4500
TG00007147,T00028,BGS,0.70596333,0.203338,0.4500
TG00007148,T00028,BGS,0.88233512,0.289122,0.4500
TG00007149,T00028,BGS,1.73773920,0.374007,0.4500
TG00007150,T00028,BGS,1.94191793,0.255668,0.4500
TG00007151,T00028,BGS,1.50956400,0.255555,0.4500
TG00007152,T00028,BGS,2.13301417,0.268678,0.4500
TG00007153,T00028,BGS,1.47960259,0.182084,0.4500
TG00007154,T00028,BGS,1.24259412,0.286881,0.4500
TG00007155,T00028,BGS,1.22285213,0.227079,0.4500
TG00007156,T00028,BGS,1.13333659,0.080037,0.4500
TG00007157,T00028,BGS,1.17830610,0.225105,0.4500
TG00007158,T00028,BGS,1.80873332,0.225933,0.4500
TG00007159,T00028,BGS,1.33400922,0.101818,0.4500
TG00007160,T00028,BGS,1.46822077,0.104787,0.4500
TG00007161,T00028,BGS,0.83521516,0.264951,0.4500
TG00007162,T00028,BGS,1.82835219,0.307165,0.4500
TG00007163,T00028,BGS,1.30095144,0.264393,0.4500
TG00007164,T00028,BGS,0.68195708,0.183451,0.4500
TG00007165,T00028,BGS,1.09605864,0.195577,0.4500
TG00007166,T00028,BGS,1.30952602,0.183273,0.4500
TG00007167,T00028,BGS,1.51196670,0.303028,0.4500
TG00007168,T00028,BGS,0.95337537,0.209570,0.4500
TG00007169,T00028,BGS,0.82409457,0.170208,0.4500
TG00007170,T00028,BGS,1.33257993,0.351663,0.4500
TG00007171,T00028,BGS,1.47531380,0.000000,0.4500
TG00007172,T00028,BGS,1.36908398,0.154032,0.4500
TG00007173,T00028,BGS,1.20144968,0.121878,0.4500
TG00007174,T00028,BGS,1.12020109,0.137305,0.4500
TG00007175,T00028,BGS,1.23914474,0.223338,0.4500
TG00007176,T00028,BGS,1.11825526,0.197702,0.4500
TG00007177,T00028,BGS,1.28650254,0.219015,0.4500
TG00007178,T00029,LRG,0.19638902,0.692708,1.0000
TG00007179,T00029,LRG,0.25406450,0.623842,1.0000
TG00007180,T00029,LRG,0.26076000,0.592233,1.0000
TG00007181,T00029,LRG,0.44856550,0.693126,1.0000
TG00007182,T00029,LRG,0.35342722,0.416110,1.0000
TG00007183,T00029,LRG,0.20886162,0.718800,1.0000
TG00007184,T00029,LRG,0.54435360,0.629210,1.0000
TG00007185,T00029,LRG,0.28787461,0.766990,1.0000
TG00007186,T00029,LRG,0.42206771,0.771691,1.0000
TG00007187,T00029,LRG,0.39073065,0.573956,1.0000
TG00007188,T00029,LRG,0.28415599,0.650103,1.0000
TG00007189,T00029,LRG,0.23145353,0.620747,1.0000
TG00007190,T00029,LRG,0.34442090,0.636068,1.0000
TG00007191,T00029,LRG,0.38573382,0.511915,1.0000
TG00007192,T00029,LRG,0.26988790,0.548368,1.0000
TG00007193,T00029,LRG,0.28565479,0.771051,1.0000
TG00007194,T00029,LRG,0.28785597,0.581842,1.0000
TG00007195,T00029,LRG,0.38084847,0.846285,1.0000
TG00007196,T00029,LRG,0.31406566,0.932594,1.0000
TG00007197,T00029,LRG,0.44724650,0.720192,1.0000
TG00007198,T00029,LRG,0.18223069,1.128442,1.0000
TG00007199,T00029,LRG,0.40682604,0.988285,1.0000
TG00007200,T00029,LRG,0.18890601,0.353921,1.0000
TG00007201,T00029,LRG,0.55842298,0.390618,1.0000
TG00007202,T00029,LRG,0.37404254,0.917824,1.0000
TG00007203,T00029,LRG,0.34634900,0.906431,1.0000
TG00007204,T00029,LRG,0.26387184,0.564142,1.0000
TG00007205,T00029,LRG,0.58724396,0.597874,1.0000
TG00007206,T00029,LRG,0.39779337,0.696145,1.0000
TG00007207,T00029,LRG,0.55667855,0.306972,1.0000
TG00007208,T00029,LRG,0.38552540,0.878190,1.0000
TG00007209,T00029,LRG,0.39234264,0.749723,1.0000
TG00007210,T00029,LRG,0.33057840,0.418954,1.0000
TG00007211,T00029,LRG,0.45932734,0.841025,1.0000
TG00007212,T00029,LRG,0.33822742,0.870347,1.0000
TG00007213,T00029,LRG,0.30721866,0.747899,1.0000
TG00007214,T00029,LRG,0.27550002,0.761281,1.0000
TG00007215,T00029,LRG,0.56740627,0.666350,1.0000
TG00007216,T00029,LRG,0.31921673,0.553417,1.0000
TG00007217,T00029,LRG,0.54864446,0.919850,1.0000
TG00007218,T00029,LRG,0.35212017,1.046336,1.0000
TG00007219,T00029,LRG,0.30666219,0.619299,1.0000
TG00007220,T00029,LRG,0.50203255,0.789859,1.0000
TG00007221,T00029,LRG,0.21417028,0.911780,1.0000
TG00007222,T00029,LRG,0.17248769,0.802304,1.0000
TG00007223,T00029,LRG,0.34502767,0.869478,1.0000
TG00007224,T00029,LRG,0.34554387,0.699096,1.0000
TG00007225,T00029,LRG,0.33097391,0.553364,1.0000
TG00007226,T00029,LRG,0.24463572,0.780223,1.0000
TG00007227,T00029,LRG,0.40706469,0.881313,1.0000
TG00007228,T00029,LRG,0.22996545,0.859479,1.0000
TG00007229,T00029,LRG,0.44608327,0.882763,1.0000
TG00007230,T00029,LRG,0.34908036,0.797941,1.0000
TG00007231,T00029,LRG,0.49152370,0.656860,1.0000
TG00007232,T00029,LRG,0.39704593,0.878368,1.0000
TG00007233,T00029,LRG,0.51487845,0.700330,1.0000
TG00007234,T00029,LRG,0.21012601,0.393450,1.0000
TG00007235,T00029,ELG,0.73425781,1.519023,1.0000
TG00007236,T00029,ELG,0.47842838,0.997658,1.0000
TG00007237,T00029,ELG,0.32983506,0.560973,1.0000
TG00007238,T00029,ELG,0.81455736,1.171801,1.0000
TG00007239,T00029,ELG,0.40427750,1.098129,1.0000
TG00007240,T00029,ELG,0.47893479,1.129535,1.0000
TG00007241,T00029,ELG,0.53234900,1.273365,1.0000
TG00007242,T00029,ELG,0.35954831,1.148880,1.0000
TG00007243,T00029,ELG,0.86763721,1.043412,1.0000
TG00007244,T00029,ELG,0.41263423,2.110625,1.0000
TG00007245,T00029,ELG,0.50808381,1.088545,1.0000
TG00007246,T00029,ELG,0.28273389,1.154333,1.0000
TG00007247,T00029,ELG,0.38171751,1.249962,1.0000
TG00007248,T00029,ELG,0.44555861,1.217498,1.0000
TG00007249,T00029,ELG,0.52381012,0.961344,1.0000
TG00007250,T00029,ELG,0.52157651,0.720638,1.0000
TG00007251,T00029,ELG,0.15067693,1.216689,1.0000
TG00007252,T00029,ELG,0.31511460,0.935870,1.0000
TG00007253,T00029,ELG,0.62517209,1.198370,1.0000
TG00007254,T00029,ELG,0.54534236,1.033060,1.0000
TG00007255,T00029,ELG,0.42475303,0.590339,1.0000
TG00007256,T00029,ELG,0.80655503,1.643704,1.0000
TG00007257,T00029,ELG,0.41548779,0.787634,1.0000
TG00007258,T00029,ELG,0.31354907,0.910215,1.0000
TG00007259,T00029,ELG,0.25166486,1.036186,1.0000
TG00007260,T00029,ELG,0.52609973,0.987794,1.0000
TG00007261,T00029,ELG,0.26956428,1.118765,1.0000
TG00007262,T00029,ELG,0.52219497,1.058814,1.0000
TG00007263,T00029,ELG,0.37656038,1.019782,1.0000
TG00007264,T00029,ELG,0.55336012,0.989620,1.0000
TG00007265,T00029,ELG,0.55362469,0.845760,1.0000
TG00007266,T00029,ELG,0.48007188,0.970093,1.0000
TG00007267,T00029,ELG,0.69928716,1.206964,1.0000
TG00007268,T00029,ELG,0.28211702,1.183521,1.0000
TG00007269,T00029,ELG,0.33235132,0.893845,1.0000
TG00007270,T00029,ELG,0.89707097,0.992918,1.0000
TG00007271,T00029,ELG,0.53822675,1.518290,1.0000
TG00007272,T00029,ELG,0.73444213,0.932099,1.0000
TG00007273,T00029,ELG,0.51928567,1.011777,1.0000
TG00007274,T00029,ELG,0.74790912,1.263792,1.0000
TG00007275,T00029,ELG,0.49837561,0.719802,1.0000
TG00007276,T00029,ELG,0.63399494,1.110376,1.0000
TG00007277,T00029,ELG,0.31153848,1.153387,1.0000
TG00007278,T00029,ELG,0.48063487,1.392322,1.0000
TG00007279,T00029,ELG,0.40642717,1.312429,1.0000
TG00007280,T00029,ELG,0.79005316,1.093156,1.0000
TG00007281,T00029,ELG,0.98238582,1.328486,1.0000
TG00007282,T00029,ELG,0.95755221,1.411350,1.0000
TG00007283,T00029,ELG,0.43385219,0.619708,1.0000
TG00007284,T00029,ELG,0.51192419,0.997054,1.0000
TG00007285,T00029,ELG,0.42405473,0.900412,1.0000
TG00007286,T00029,ELG,0.35977440,1.442348,1.0000
TG00007287,T00029,ELG,0.33086387,0.724564,1.0000
TG00007288,T00029,ELG,0.54362871,1.358958,1.0000
TG00007289,T00029,ELG,0.43917696,1.419244,1.0000
TG00007290,T00029,ELG,0.40089522,1.173708,1.0000
TG00007291,T00029,ELG,0.44017244,0.764577,1.0000
TG00007292,T00029,ELG,1.02670412,0.721704,1.0000
TG00007293,T00029,ELG,0.63846210,0.936086,1.0000
TG00007294,T00029,ELG,0.42660254,1.248701,1.0000
TG00007295,T00029,ELG,0.53858032,0.975940,1.0000
TG00007296,T00029,ELG,0.36531634,0.883053,1.0000
TG00007297,T00029,ELG,0.75753542,1.152145,1.0000
TG00007298,T00029,ELG,0.59434864,1.311763,1.0000
TG00007299,T00029,ELG,0.51628017,1.047828,1.0000
TG00007300,T00029,ELG,0.44525167,1.253729,1.0000
TG00007301,T00029,ELG,0.41633092,1.127333,1.0000
TG00007302,T00029,QSO,0.16547134,1.775877,1.7000
TG00007303,T00029,QSO,0.11432298,1.812494,1.7000
TG00007304,T00029,QSO,0.34381822,1.935688,1.7000
TG00007305,T00029,QSO,0.59573375,1.529652,1.7000
TG00007306,T00029,QSO,0.28706951,1.012239,1.7000
TG00007307,T00029,QSO,0.17826381,2.870026,1.7000
TG00007308,T00029,QSO,0.54568618,2.401853,1.7000
TG00007309,T00029,QSO,0.20102782,2.187589,1.7000
TG00007310,T00029,QSO,0.39439573,1.968601,1.7000
TG00007311,T00029,QSO,0.35320151,2.467825,1.7000
TG00007312,T00029,QSO,0.19073250,2.548020,1.7000
TG00007313,T00029,QSO,0.08738709,1.829430,1.7000
TG00007314,T00029,QSO,0.13783441,2.353891,1.7000
TG00007315,T00029,QSO,0.37722765,2.694078,1.7000
TG00007316,T00029,QSO,0.04945101,2.194965,1.7000
TG00007317,T00029,QSO,0.09745595,2.596640,1.7000
TG00007318,T00029,QSO,0.14245055,2.931767,1.7000
TG00007319,T00029,QSO,0.23001233,2.726357,1.7000
TG00007320,T00029,QSO,0.20914537,3.139996,1.7000
TG00007321,T00029,QSO,0.13545044,1.400758,1.7000
TG00007322,T00029,QSO,0.12822797,2.060850,1.7000
TG00007323,T00029,QSO,0.12013251,1.039435,1.7000
TG00007324,T00029,QSO,0.16792829,0.268452,1.7000
TG00007325,T00029,QSO,0.29172081,1.802070,1.7000
TG00007326,T00029,BGS,1.15868994,0.162055,0.4500
TG00007327,T00029,BGS,1.23782179,0.265393,0.4500
TG00007328,T00029,BGS,1.36490019,0.355594,0.4500
TG00007329,T00029,BGS,1.16206081,0.245247,0.4500
TG00007330,T00029,BGS,1.36306632,0.308344,0.4500
TG00007331,T00029,BGS,1.58566547,0.158376,0.4500
TG00007332,T00029,BGS,1.20037993,0.260387,0.4500
TG00007333,T00029,BGS,1.07070456,0.210814,0.4500
TG00007334,T00029,BGS,1.22745021,0.242258,0.4500
TG00007335,T00029,BGS,1.23949859,0.223135,0.4500
TG00007336,T00029,BGS,2.24494255,0.054882,0.4500
TG00007337,T00029,BGS,1.40410356,0.294268,0.4500
TG00007338,T00029,BGS,1.83109249,0.260530,0.4500
TG00007339,T00029,BGS,1.25564780,0.313373,0.4500
TG00007340,T00029,BGS,1.14395281,0.264944,0.4500
TG00007341,T00029,BGS,1.51753066,0.255996,0.4500
TG00007342,T00029,BGS,0.76631501,0.236179,0.4500
TG00007343,T00029,BGS,1.08434658,0.190247,0.4500
TG00007344,T00029,BGS,1.11099496,0.095861,0.4500
TG00007345,T00029,BGS,1.34422308,0.126929,0.4500
TG00007346,T00029,BGS,1.07862578,0.103187,0.4500
TG00007347,T00029,BGS,0.90748875,0.186350,0.4500
TG00007348,T00029,BGS,1.17647700,0.341301,0.4500
TG00007349,T00029,BGS,0.96760172,0.206043,0.4500
TG00007350,T00029,BGS,0.93241311,0.131154,0.4500
TG00007351,T00029,BGS,0.88318654,0.288768,0.4500
TG00007352,T00029,BGS,2.34680614,0.087016,0.4500
TG00007353,T00029,BGS,1.61013322,0.235125,0.4500
TG00007354,T00029,BGS,0.97224184,0.307392,0.4500
TG00007355,T00029,BGS,1.33377639,0.217171,0.4500
TG00007356,T00029,BGS,1.18596351,0.218415,0.4500
TG00007357,T00029,BGS,0.88598453,0.162973,0.4500
TG00007358,T00029,BGS,1.47557036,0.145958,0.4500
TG00007359,T00029,BGS,1.39405064,0.196866,0.4500
TG00007360,T00029,BGS,0.96491442,0.212976,0.4500
TG00007361,T00029,BGS,1.02521553,0.100525,0.4500
TG00007362,T00029,BGS,1.72361144,0.133623,0.4500
TG00007363,T00029,BGS,1.61924194,0.000000,0.4500
TG00007364,T00029,BGS,0.88721814,0.111138,0.4500
TG00007365,T00029,BGS,0.89212517,0.235428,0.4500
TG00007366,T00029,BGS,1.98187778,0.233515,0.4500
TG00007367,T00029,BGS,1.31438235,0.279690,0.4500
TG00007368,T00029,BGS,1.23021520,0.134893,0.4500
TG00007369,T00029,BGS,1.04172243,0.193498,0.4500
TG00007370,T00029,BGS,0.87458853,0.407188,0.4500
TG00007371,T00029,BGS,0.90409723,0.348587,0.4500
TG00007372,T00029,BGS,1.39820401,0.183174,0.4500
TG00007373,T00029,BGS,1.25298615,0.222821,0.4500
TG00007374,T00029,BGS,1.11317889,0.363001,0.4500
TG00007375,T00029,BGS,1.55447441,0.269444,0.4500
TG00007376,T00029,BGS,1.53453290,0.392488,0.4500
TG00007377,T00029,BGS,1.21721455,0.277253,0.4500
TG00007378,T00029,BGS,1.45243400,0.104517,0.4500
TG00007379,T00029,BGS,1.22782171,0.214601,0.4500
TG00007380,T00029,BGS,2.86061316,0.446675,0.4500
TG00007381,T00029,BGS,1.22375879,0.128855,0.4500
TG00007382,T00029,BGS,0.85157192,0.194977,0.4500
TG00007383,T00029,BGS,0.65630909,0.159733,0.4500
TG00007384,T00029,BGS,1.26518331,0.169685,0.4500
TG00007385,T00029,BGS,1.38766510,0.338982,0.4500
TG00007386,T00029,BGS,0.84205264,0.288716,0.4500
TG00007387,T00029,BGS,1.49052735,0.212778,0.4500
TG00007388,T00029,BGS,1.02386964,0.249214,0.4500
TG00007389,T00029,BGS,1.61887059,0.313096,0.4500
TG00007390,T00029,BGS,1.07446189,0.189329,0.4500
TG00007391,T00029,BGS,1.64212050,0.180430,0.4500
TG00007392,T00029,BGS,1.51128744,0.034441,0.4500
TG00007393,T00029,BGS,1.21768724,0.115568,0.4500
TG00007394,T00029,BGS,0.78640322,0.138047,0.4500
TG00007395,T00029,BGS,0.72134252,0.252160,0.4500
TG00007396,T00030,LRG,0.38513434,0.560455,1.0000
TG00007397,T00030,LRG,0.53859821,0.866073,1.0000
TG00007398,T00030,LRG,0.35121188,0.729762,1.0000
TG00007399,T00030,LRG,0.52769591,0.832325,1.0000
TG00007400,T00030,LRG,0.36909920,0.642352,1.0000
TG00007401,T00030,LRG,0.33572441,0.685747,1.0000
TG00007402,T00030,LRG,0.40512181,0.798061,1.0000
TG00007403,T00030,LRG,0.45090325,0.388702,1.0000
TG00007404,T00030,LRG,0.15336953,0.982406,1.0000
TG00007405,T00030,LRG,0.27559546,0.739149,1.0000
TG00007406,T00030,LRG,0.29741643,0.610999,1.0000
TG00007407,T00030,LRG,0.29980261,0.661597,1.0000
TG00007408,T00030,LRG,0.39701141,0.685793,1.0000
TG00007409,T00030,LRG,0.17393295,0.679284,1.0000
TG00007410,T00030,LRG,0.20592649,0.954721,1.0000
TG00007411,T00030,LRG,0.29709477,0.737391,1.0000
TG00007412,T00030,LRG,0.61239527,0.631148,1.0000
TG00007413,T00030,LRG,0.32040265,0.468662,1.0000
TG00007414,T00030,LRG,0.41029428,0.476798,1.0000
TG00007415,T00030,LRG,0.28584398,0.535554,1.0000
TG00007416,T00030,LRG,0.31499280,0.390512,1.0000
TG00007417,T00030,LRG,0.34065120,0.605802,1.0000
TG00007418,T00030,LRG,0.43793009,0.631233,1.0000
TG00007419,T00030,LRG,0.36153788,0.250974,1.0000
TG00007420,T00030,LRG,0.40594249,0.864028,1.0000
TG00007421,T00030,LRG,0.26407690,0.836125,1.0000
TG00007422,T00030,LRG,0.38130912,0.786143,1.0000
TG00007423,T00030,LRG,0.33840215,0.336424,1.0000
TG00007424,T00030,LRG,0.34175757,0.717663,1.0000
TG00007425,T00030,LRG,0.52120992,0.713823,1.0000
TG00007426,T00030,LRG,0.21809183,0.992249,1.0000
TG00007427,T00030,LRG,0.25159902,0.773915,1.0000
TG00007428,T00030,LRG,0.17508255,0.638797,1.0000
TG00007429,T00030,LRG,0.33654933,0.571380,1.0000
TG00007430,T00030,LRG,0.50255052,0.800441,1.0000
TG00007431,T00030,LRG,0.63927442,0.756533,1.0000
TG00007432,T00030,LRG,0.24928048,0.689864,1.0000
TG00007433,T00030,LRG,0.40187576,0.640927,1.0000
TG00007434,T00030,LRG,0.24809536,0.566088,1.0000
TG00007435,T00030,LRG,0.42517278,0.695144,1.0000
TG00007436,T00030,LRG,0.52195276,0.594924,1.0000
TG00007437,T00030,LRG,0.18956285,0.480513,1.0000
TG00007438,T00030,LRG,0.31308483,0.796675,1.0000
TG00007439,T00030,LRG,0.43293268,0.704209,1.0000
TG00007440,T00030,LRG,0.53320680,0.673894,1.0000
TG00007441,T00030,LRG,0.41083059,0.400383,1.0000
TG00007442,T00030,LRG,0.46350667,0.632418,1.0000
TG00007443,T00030,LRG,0.31105666,0.827019,1.0000
TG00007444,T00030,LRG,0.50087074,0.564699,1.0000
TG00007445,T00030,LRG,0.21242378,0.790736,1.0000
TG00007446,T00030,LRG,0.42552233,0.712197,1.0000
TG00007447,T00030,LRG,0.58492744,0.809902,1.0000
TG00007448,T00030,LRG,0.57631612,0.728434,1.0000
TG00007449,T00030,LRG,0.26502130,0.863293,1.0000
TG00007450,T00030,LRG,0.29336400,0.684377,1.0000
TG00007451,T00030,LRG,0.30774077,0.886101,1.0000
TG00007452,T00030,LRG,0.49232331,0.809980,1.0000
TG00007453,T00030,LRG,0.60099102,0.595458,1.0000
TG00007454,T00030,LRG,0.18841914,0.745891,1.0000
TG00007455,T00030,LRG,0.29383601,0.950844,1.0000
TG00007456,T00030,LRG,0.40219447,0.676210,1.0000
TG00007457,T00030,ELG,0.24566744,1.365795,1.0000
TG00007458,T00030,ELG,0.57942432,1.545573,1.0000
TG00007459,T00030,ELG,0.44077279,1.246498,1.0000
TG00007460,T00030,ELG,0.28661674,1.026192,1.0000
TG00007461,T00030,ELG,0.61069237,1.340142,1.0000
TG00007462,T00030,ELG,0.85219734,1.334608,1.0000
TG00007463,T00030,ELG,0.33299764,1.376599,1.0000
TG00007464,T00030,ELG,0.67712258,1.054924,1.0000
TG00007465,T00030,ELG,0.53122082,0.642558,1.0000
TG00007466,T00030,ELG,0.66797071,1.294167,1.0000
TG00007467,T00030,ELG,0.36647596,0.966452,1.0000
TG00007468,T00030,ELG,0.36121448,1.039156,1.0000
TG00007469,T00030,ELG,0.51227620,1.378945,1.0000
TG00007470,T00030,ELG,1.26966771,1.193822,1.0000
TG00007471,T00030,ELG,0.59935112,1.029200,1.0000
TG00007472,T00030,ELG,0.79127199,1.448795,1.0000
TG00007473,T00030,ELG,0.61177163,0.939088,1.0000
TG00007474,T00030,ELG,0.53006527,1.734570,1.0000
TG00007475,T00030,ELG,0.71341974,0.930968,1.0000
TG00007476,T00030,ELG,0.57266637,1.034048,1.0000
TG00007477,T00030,ELG,0.63228837,0.748471,1.0000
TG00007478,T00030,ELG,0.46816113,0.821247,1.0000
TG00007479,T00030,ELG,1.10159994,1.265464,1.0000
TG00007480,T00030,ELG,0.32543543,1.433788,1.0000
TG00007481,T00030,ELG,0.36080632,0.829941,1.0000
TG00007482,T00030,ELG,0.82615501,1.168405,1.0000
TG00007483,T00030,ELG,0.93739387,0.872732,1.0000
TG00007484,T00030,ELG,0.36774324,0.727236,1.0000
TG00007485,T00030,ELG,0.40400099,1.130785,1.0000
TG00007486,T00030,ELG,0.56539909,1.556706,1.0000
TG00007487,T00030,ELG,0.40851191,1.239571,1.0000
TG00007488,T00030,ELG,0.31697153,1.181441,1.0000
TG00007489,T00030,ELG,0.59277961,0.798341,1.0000
TG00007490,T00030,ELG,0.41244658,0.878504,1.0000
TG00007491,T00030,ELG,0.67612962,0.911043,1.0000
TG00007492,T00030,ELG,0.51093461,1.330492,1.0000
TG00007493,T00030,ELG,0.63967688,1.343071,1.0000
TG00007494,T00030,ELG,0.44004252,0.648057,1.0000
TG00007495,T00030,ELG,0.39768534,1.246120,1.0000
TG00007496,T00030,ELG,0.85724611,1.372359,1.0000
TG00007497,T00030,ELG,0.50741367,1.190994,1.0000
TG00007498,T00030,ELG,0.82342972,1.110336,1.0000
TG00007499,T00030,ELG,0.83245200,1.193343,1.0000
TG00007500,T00030,ELG,1.41845746,1.371240,1.0000
TG00007501,T00030,ELG,0.62201733,0.732252,1.0000
TG00007502,T00030,ELG,0.47619193,1.927182,1.0000
TG00007503,T00030,ELG,0.73596129,1.356227,1.0000
TG00007504,T00030,ELG,0.41459055,0.995519,1.0000
TG00007505,T00030,ELG,0.40504972,1.650598,1.0000
TG00007506,T00030,ELG,0.48784075,1.218410,1.0000
TG00007507,T00030,ELG,0.45350269,0.624060,1.0000
TG00007508,T00030,ELG,0.54862452,1.123181,1.0000
TG00007509,T00030,ELG,0.31038642,1.029994,1.0000
TG00007510,T00030,ELG,0.53590436,1.109341,1.0000
TG00007511,T00030,ELG,0.64693441,1.574572,1.0000
TG00007512,T00030,ELG,0.73180602,1.277992,1.0000
TG00007513,T00030,ELG,1.58727096,0.777851,1.0000
TG00007514,T00030,ELG,0.54533952,1.329135,1.0000
TG00007515,T00030,ELG,0.55629853,1.433203,1.0000
TG00007516,T00030,ELG,0.65073561,0.589978,1.0000
TG00007517,T00030,ELG,1.02261014,1.175039,1.0000
TG00007518,T00030,ELG,0.88885367,1.438377,1.0000
TG00007519,T00030,ELG,1.01359834,0.815909,1.0000
TG00007520,T00030,ELG,1.12192998,0.939229,1.0000
TG00007521,T00030,ELG,0.76401589,1.853827,1.0000
TG00007522,T00030,ELG,0.94209595,1.284952,1.0000
TG00007523,T00030,ELG,0.85958979,1.167734,1.0000
TG00007524,T00030,ELG,0.47745710,1.285196,1.0000
TG00007525,T00030,ELG,0.41847951,0.873021,1.0000
TG00007526,T00030,ELG,0.51018792,0.868378,1.0000
TG00007527,T00030,ELG,0.36639553,0.918818,1.0000
TG00007528,T00030,ELG,0.65546021,1.350774,1.0000
TG00007529,T00030,ELG,0.71424224,1.412553,1.0000
TG00007530,T00030,ELG,0.32323236,1.142272,1.0000
TG00007531,T00030,ELG,1.23919054,0.585339,1.0000
TG00007532,T00030,ELG,0.28895583,0.709585,1.0000
TG00007533,T00030,ELG,0.38490264,1.310920,1.0000
TG00007534,T00030,ELG,0.37140484,0.954266,1.0000
TG00007535,T00030,ELG,0.69190101,0.883771,1.0000
TG00007536,T00030,ELG,0.74198515,1.309516,1.0000
TG00007537,T00030,ELG,0.36606353,1.214394,1.0000
TG00007538,T00030,ELG,0.93415764,1.768798,1.0000
TG00007539,T00030,ELG,0.78334475,1.468113,1.0000
TG00007540,T00030,ELG,0.62498401,0.984031,1.0000
TG00007541,T00030,ELG,0.60047326,1.326091,1.0000
TG00007542,T00030,ELG,0.56631218,1.255799,1.0000
TG00007543,T00030,ELG,0.69152728,0.863259,1.0000
TG00007544,T00030,ELG,0.34983388,1.598036,1.0000
TG00007545,T00030,ELG,0.70615748,1.661014,1.0000
TG00007546,T00030,ELG,0.68918845,1.246349,1.0000
TG00007547,T00030,ELG,0.68170543,1.091053,1.0000
TG00007548,T00030,ELG,0.89795326,1.362872,1.0000
TG00007549,T00030,ELG,0.61323612,0.821380,1.0000
TG00007550,T00030,ELG,0.31369563,0.953060,1.0000
TG00007551,T00030,ELG,0.61629009,1.113457,1.0000
TG00007552,T00030,ELG,0.60604724,1.502924,1.0000
TG00007553,T00030,ELG,0.63657059,0.881047,1.0000
TG00007554,T00030,ELG,0.33892576,1.240381,1.0000
TG00007555,T00030,ELG,0.45507828,1.020139,1.0000
TG00007556,T00030,ELG,1.02184693,0.996025,1.0000
TG00007557,T00030,ELG,0.37327092,1.091409,1.0000
TG00007558,T00030,ELG,0.40911011,0.905631,1.0000
TG00007559,T00030,ELG,0.33571663,0.739045,1.0000
TG00007560,T00030,ELG,0.33374806,1.012915,1.0000
TG00007561,T00030,ELG,0.66526017,1.286211,1.0000
TG00007562,T00030,ELG,1.16975280,0.936185,1.0000
TG00007563,T00030,ELG,0.35838962,1.418488,1.0000
TG00007564,T00030,ELG,0.47395438,1.689508,1.0000
TG00007565,T00030,ELG,0.61678453,2.110507,1.0000
TG00007566,T00030,ELG,0.49105655,0.769878,1.0000
TG00007567,T00030,ELG,0.49241380,1.538029,1.0000
TG00007568,T00030,ELG,0.30388153,1.222905,1.0000
TG00007569,T00030,ELG,0.76059491,0.559417,1.0000
TG00007570,T00030,ELG,0.28026544,0.768566,1.0000
TG00007571,T00030,ELG,1.00627418,0.769260,1.0000
TG00007572,T00030,ELG,0.34552862,1.434481,1.0000
TG00007573,T00030,ELG,0.57312363,1.192578,1.0000
TG00007574,T00030,ELG,0.48256665,0.788381,1.0000
TG00007575,T00030,ELG,0.60939485,0.689612,1.0000
TG00007576,T00030,ELG,0.66668215,1.490420,1.0000
TG00007577,T00030,ELG,0.92505042,0.984371,1.0000
TG00007578,T00030,ELG,0.42277105,1.167384,1.0000
TG00007579,T00030,ELG,0.55496745,0.975882,1.0000
TG00007580,T00030,ELG,0.97535907,0.984999,1.0000
TG00007581,T00030,ELG,0.58423917,1.003691,1.0000
TG00007582,T00030,ELG,0.71469030,0.592155,1.0000
TG00007583,T00030,ELG,0.59805174,0.948047,1.0000
TG00007584,T00030,ELG,0.73622872,0.907355,1.0000
TG00007585,T00030,ELG,0.77406395,1.141286,1.0000
TG00007586,T00030,ELG,0.64829484,1.019177,1.0000
TG00007587,T00030,ELG,0.49875095,0.860452,1.0000
TG00007588,T00030,ELG,0.55956728,1.202275,1.0000
TG00007589,T00030,QSO,0.17802643,1.215155,1.7000
TG00007590,T00030,QSO,0.06377275,2.021000,1.7000
TG00007591,T00030,QSO,0.13739379,1.988389,1.7000
TG00007592,T00030,QSO,0.17353193,3.032666,1.7000
TG00007593,T00030,QSO,0.19261418,1.994164,1.7000
TG00007594,T00030,QSO,0.17599256,1.835678,1.7000
TG00007595,T00030,QSO,0.15986715,2.451965,1.7000
TG00007596,T00030,QSO,0.11797526,2.153919,1.7000
TG00007597,T00030,QSO,0.07518888,4.095519,1.7000
TG00007598,T00030,QSO,0.42481621,1.643958,1.7000
TG00007599,T00030,QSO,0.25489057,1.953437,1.7000
TG00007600,T00030,QSO,0.22510438,1.291752,1.7000
TG00007601,T00030,QSO,0.26409348,3.029958,1.7000
TG00007602,T00030,QSO,0.38858611,2.590292,1.7000
TG00007603,T00030,QSO,0.11498785,3.325819,1.7000
TG00007604,T00030,QSO,0.20794621,2.153784,1.7000
TG00007605,T00030,QSO,0.23942056,3.259171,1.7000
TG00007606,T00030,QSO,0.09811220,1.308886,1.7000
TG00007607,T00030,BGS,1.09037334,0.346460,0.4500
TG00007608,T00030,BGS,1.59102590,0.313477,0.4500
TG00007609,T00030,BGS,1.26546580,0.102849,0.4500
TG00007610,T00030,BGS,1.12439131,0.329104,0.4500
TG00007611,T00030,BGS,1.44463218,0.222127,0.4500
TG00007612,T00030,BGS,1.51593128,0.177657,0.4500
TG00007613,T00030,BGS,1.07494145,0.307549,0.4500
TG00007614,T00030,BGS,2.11779764,0.311916,0.4500
TG00007615,T00030,BGS,0.66775102,0.145563,0.4500
TG00007616,T00030,BGS,0.73027497,0.278995,0.4500
TG00007617,T00030,BGS,1.50035552,0.099559,0.4500
TG00007618,T00030,BGS,1.11105884,0.127382,0.4500
TG00007619,T00030,BGS,1.42132188,0.117454,0.4500
TG00007620,T00030,BGS,1.37888550,0.029026,0.4500
TG00007621,T00030,BGS,1.48776643,0.082494,0.4500
TG00007622,T00030,BGS,2.29378068,0.045369,0.4500
TG00007623,T00030,BGS,2.42273172,0.142429,0.4500
TG00007624,T00030,BGS,0.96160139,0.240656,0.4500
TG00007625,T00030,BGS,1.48828934,0.116667,0.4500
TG00007626,T00030,BGS,0.90250635,0.147487,0.4500
TG00007627,T00030,BGS,1.07334444,0.233956,0.4500
TG00007628,T00030,BGS,1.11342290,0.094209,0.4500
TG00007629,T00030,BGS,1.53322148,0.118295,0.4500
TG00007630,T00030,BGS,1.32092447,0.130033,0.4500
TG00007631,T00030,BGS,1.94235613,0.330762,0.4500
TG00007632,T00030,BGS,1.75646022,0.115979,0.4500
TG00007633,T00030,BGS,1.14319363,0.257159,0.4500
TG00007634,T00030,BGS,1.28501461,0.273611,0.4500
TG00007635,T00030,BGS,1.82476340,0.135519,0.4500
TG00007636,T00030,BGS,1.50356889,0.125375,0.4500
TG00007637,T00030,BGS,1.73259227,0.184379,0.4500
TG00007638,T00030,BGS,1.37575885,0.245797,0.4500
TG00007639,T00030,BGS,1.45930581,0.197430,0.4500
TG00007640,T00030,BGS,1.42549907,0.269243,0.4500
TG00007641,T00030,BGS,1.22185205,0.361073,0.4500
TG00007642,T00030,BGS,1.02277938,0.054026,0.4500
TG00007643,T00030,BGS,1.94448172,0.236623,0.4500
TG00007644,T00030,BGS,0.94845104,0.386801,0.4500
TG00007645,T00030,BGS,1.39615803,0.257520,0.4500
TG00007646,T00030,BGS,1.00234796,0.053080,0.4500
TG00007647,T00030,BGS,0.96622533,0.332340,0.4500
TG00007648,T00030,BGS,0.83282140,0.271266,0.4500
TG00007649,T00030,BGS,0.86752995,0.285709,0.4500
TG00007650,T00030,BGS,1.19631204,0.243361,0.4500
TG00007651,T00030,BGS,1.02009131,0.078013,0.4500
TG00007652,T00030,BGS,0.84261645,0.033101,0.4500
TG00007653,T00030,BGS,1.09593856,0.117349,0.4500
TG00007654,T00030,BGS,1.13618667,0.271765,0.4500
TG00007655,T00030,BGS,1.50007079,0.119587,0.4500
TG00007656,T00030,BGS,0.82927113,0.358165,0.4500
TG00007657,T00030,BGS,1.35065807,0.131969,0.4500
TG00007658,T00030,BGS,0.81401980,0.226717,0.4500
TG00007659,T00030,BGS,1.15053960,0.205183,0.4500
TG00007660,T00030,BGS,1.52328054,0.237879,0.4500
TG00007661,T00030,BGS,0.72207647,0.096618,0.4500
TG00007662,T00030,BGS,0.93248840,0.200471,0.4500
TG00007663,T00030,BGS,1.90424845,0.223093,0.4500
TG00007664,T00030,BGS,1.22232921,0.320739,0.4500
TG00007665,T00030,BGS,1.31383267,0.250362,0.4500
TG00007666,T00030,BGS,1.38303805,0.252245,0.4500
TG00007667,T00030,BGS,1.35501971,0.238811,0.4500
TG00007668,T00030,BGS,1.58800629,0.086899,0.4500
TG00007669,T00030,BGS,1.78873647,0.259284,0.4500
TG00007670,T00030,BGS,0.76764659,0.189292,0.4500
TG00007671,T00030,BGS,1.38827942,0.363150,0.4500
TG00007672,T00030,BGS,1.15899984,0.127948,0.4500
TG00007673,T00030,BGS,0.96745138,0.289193,0.4500
TG00007674,T00031,LRG,0.22952763,0.876868,1.0000
TG00007675,T00031,LRG,0.20238700,0.536809,1.0000
TG00007676,T00031,LRG,0.38594650,0.703337,1.0000
TG00007677,T00031,LRG,0.22979339,0.891688,1.0000
TG00007678,T00031,LRG,0.26800570,0.628744,1.0000
TG00007679,T00031,LRG,0.20607821,0.485576,1.0000
TG00007680,T00031,LRG,0.80013733,0.369056,1.0000
TG00007681,T00031,LRG,0.32648362,0.867331,1.0000
TG00007682,T00031,LRG,0.53638894,0.776398,1.0000
TG00007683,T00031,LRG,0.27327248,0.771270,1.0000
TG00007684,T00031,LRG,0.34592997,0.796683,1.0000
TG00007685,T00031,LRG,0.23118126,0.706024,1.0000
TG00007686,T00031,LRG,0.53873937,0.727149,1.0000
TG00007687,T00031,LRG,0.37179120,0.665908,1.0000
TG00007688,T00031,LRG,0.28014624,0.449914,1.0000
TG00007689,T00031,LRG,0.21426034,0.720221,1.0000
TG00007690,T00031,LRG,0.22315032,0.510547,1.0000
TG00007691,T00031,LRG,0.32902903,0.398050,1.0000
TG00007692,T00031,LRG,0.20033293,0.309158,1.0000
TG00007693,T00031,LRG,0.31856814,0.643761,1.0000
TG00007694,T00031,LRG,0.24432872,0.639049,1.0000
TG00007695,T00031,LRG,0.24674214,0.766141,1.0000
TG00007696,T00031,LRG,0.09107953,0.591754,1.0000
TG00007697,T00031,LRG,0.43717370,0.809659,1.0000
TG00007698,T00031,LRG,0.50001125,1.011624,1.0000
TG00007699,T00031,LRG,0.36450315,0.609107,1.0000
TG00007700,T00031,LRG,0.37710958,0.716429,1.0000
TG00007701,T00031,LRG,0.25485839,0.576076,1.0000
TG00007702,T00031,LRG,0.27598758,0.679919,1.0000
TG00007703,T00031,LRG,0.32920317,0.953144,1.0000
TG00007704,T00031,LRG,0.32335080,0.312016,1.0000
TG00007705,T00031,LRG,0.21837045,0.771975,1.0000
TG00007706,T00031,LRG,0.46617040,0.795758,1.0000
TG00007707,T00031,LRG,0.19694678,0.618971,1.0000
TG00007708,T00031,LRG,0.40290971,0.685541,1.0000
TG00007709,T00031,LRG,0.35427328,0.603328,1.0000
TG00007710,T00031,LRG,0.56658871,1.173883,1.0000
TG00007711,T00031,LRG,0.58240899,0.637390,1.0000
TG00007712,T00031,LRG,0.18663549,0.850942,1.0000
TG00007713,T00031,LRG,0.63277295,0.676041,1.0000
TG00007714,T00031,LRG,0.34564956,0.527654,1.0000
TG00007715,T00031,LRG,0.30600783,0.437003,1.0000
TG00007716,T00031,LRG,0.50004376,0.833214,1.0000
TG00007717,T00031,LRG,0.25134527,0.837035,1.0000
TG00007718,T00031,LRG,0.29442184,0.461999,1.0000
TG00007719,T00031,LRG,0.24367015,0.439894,1.0000
TG00007720,T00031,LRG,0.17466469,0.571629,1.0000
TG00007721,T00031,LRG,0.40521134,1.093277,1.0000
TG00007722,T00031,LRG,0.30169848,0.738946,1.0000
TG00007723,T00031,LRG,0.31368589,0.654698,1.0000
TG00007724,T00031,LRG,0.40354870,0.437013,1.0000
TG00007725,T00031,LRG,0.34806950,0.957962,1.0000
TG00007726,T00031,LRG,0.20524234,0.731995,1.0000
TG00007727,T00031,LRG,0.35644689,0.598675,1.0000
TG00007728,T00031,LRG,0.24229099,0.727155,1.0000
TG00007729,T00031,LRG,0.48654299,0.791574,1.0000
TG00007730,T00031,LRG,0.23099493,0.379922,1.0000
TG00007731,T00031,LRG,0.49530941,0.663536,1.0000
TG00007732,T00031,LRG,0.42303364,0.837206,1.0000
TG00007733,T00031,LRG,0.71859511,0.470398,1.0000
TG00007734,T00031,LRG,0.34331204,1.010550,1.0000
TG00007735,T00031,LRG,0.39133146,0.436299,1.0000
TG00007736,T00031,LRG,0.20932537,0.715404,1.0000
TG00007737,T00031,LRG,0.41216669,0.606719,1.0000
TG00007738,T00031,ELG,0.60455342,0.960870,1.0000
TG00007739,T00031,ELG,0.33635505,1.322473,1.0000
TG00007740,T00031,ELG,0.53478312,1.419411,1.0000
TG00007741,T00031,ELG,0.26754572,1.114487,1.0000
TG00007742,T00031,ELG,0.50343281,1.641042,1.0000
TG00007743,T00031,ELG,0.84309402,1.022498,1.0000
TG00007744,T00031,ELG,0.66726926,1.091194,1.0000
TG00007745,T00031,ELG,1.40654425,1.274878,1.0000
TG00007746,T00031,ELG,0.48714328,0.675954,1.0000
TG00007747,T00031,ELG,0.37442535,1.115662,1.0000
TG00007748,T00031,ELG,0.37379989,0.383816,1.0000
TG00007749,T00031,ELG,0.43675653,1.225492,1.0000
TG00007750,T00031,ELG,0.39038299,1.681336,1.0000
TG00007751,T00031,ELG,0.52327253,1.182059,1.0000
TG00007752,T00031,ELG,0.79870382,1.051039,1.0000
TG00007753,T00031,ELG,0.44152860,0.872914,1.0000
TG00007754,T00031,ELG,0.46762291,1.471530,1.0000
TG00007755,T00031,ELG,0.54937230,0.858690,1.0000
TG00007756,T00031,ELG,0.51241221,1.296728,1.0000
TG00007757,T00031,ELG,1.04067816,1.129700,1.0000
TG00007758,T00031,ELG,0.23129069,1.208479,1.0000
TG00007759,T00031,ELG,0.75135548,0.999102,1.0000
TG00007760,T00031,ELG,0.86942714,0.872410,1.0000
TG00007761,T00031,ELG,0.62160586,1.016311,1.0000
TG00007762,T00031,ELG,0.67417881,1.020340,1.0000
TG00007763,T00031,ELG,0.71641457,1.126900,1.0000
TG00007764,T00031,ELG,0.70067096,1.250271,1.0000
TG00007765,T00031,ELG,0.43031486,1.351388,1.0000
TG00007766,T00031,ELG,0.77368222,1.302899,1.0000
TG00007767,T00031,ELG,0.43847559,1.378372,1.0000
TG00007768,T00031,ELG,0.52784347,1.042818,1.0000
TG00007769,T00031,ELG,0.33676531,0.774613,1.0000
TG00007770,T00031,ELG,0.45490497,0.915679,1.0000
TG00007771,T00031,ELG,0.44836287,1.045865,1.0000
TG00007772,T00031,ELG,0.55691802,1.204110,1.0000
TG00007773,T00031,ELG,0.41187174,1.145303,1.0000
TG00007774,T00031,ELG,0.22301157,0.594960,1.0000
TG00007775,T00031,ELG,1.02308975,1.107012,1.0000
TG00007776,T00031,ELG,0.47152195,0.957559,1.0000
TG00007777,T00031,ELG,0.55129457,0.872489,1.0000
TG00007778,T00031,ELG,0.42578927,1.186382,1.0000
TG00007779,T00031,ELG,0.77262593,1.193909,1.0000
TG00007780,T00031,ELG,0.51930866,1.256663,1.0000
TG00007781,T00031,ELG,0.84986488,1.071197,1.0000
TG00007782,T00031,ELG,0.34086459,0.972013,1.0000
TG00007783,T00031,ELG,0.57301886,1.240205,1.0000
TG00007784,T00031,ELG,0.73829922,0.940563,1.0000
TG00007785,T00031,ELG,1.51447195,1.330859,1.0000
TG00007786,T00031,ELG,0.87226027,1.581398,1.0000
TG00007787,T00031,ELG,0.62604179,0.789812,1.0000
TG00007788,T00031,ELG,0.32897664,0.554468,1.0000
TG00007789,T00031,ELG,1.06751091,0.963114,1.0000
TG00007790,T00031,ELG,0.38386501,1.176073,1.0000
TG00007791,T00031,ELG,0.41712056,1.217817,1.0000
TG00007792,T00031,ELG,0.50097146,0.840171,1.0000
TG00007793,T00031,ELG,0.83890235,1.227288,1.0000
TG00007794,T00031,ELG,0.56812352,1.300465,1.0000
TG00007795,T00031,ELG,0.50903477,1.299049,1.0000
TG00007796,T00031,ELG,0.53835366,1.046065,1.0000
TG00007797,T00031,ELG,0.50689552,0.741001,1.0000
TG00007798,T00031,ELG,0.63817291,0.700310,1.0000
TG00007799,T00031,ELG,0.36755743,1.169921,1.0000
TG00007800,T00031,ELG,0.57494304,0.853680,1.0000
TG00007801,T00031,ELG,0.57368960,1.104231,1.0000
TG00007802,T00031,ELG,0.50749938,0.818816,1.0000
TG00007803,T00031,ELG,0.61803189,1.292765,1.0000
TG00007804,T00031,ELG,0.29160879,1.157894,1.0000
TG00007805,T00031,ELG,0.45739150,0.996540,1.0000
TG00007806,T00031,ELG,0.50244745,0.872648,1.0000
TG00007807,T00031,ELG,0.64402538,1.249273,1.0000
TG00007808,T00031,ELG,0.63641267,1.550270,1.0000
TG00007809,T00031,ELG,0.44991470,0.921700,1.0000
TG00007810,T00031,ELG,0.42079149,1.527295,1.0000
TG00007811,T00031,ELG,1.12167583,1.021452,1.0000
TG00007812,T00031,ELG,0.37765347,1.509526,1.0000
TG00007813,T00031,ELG,0.31900532,0.985393,1.0000
TG00007814,T00031,ELG,0.33783091,1.098749,1.0000
TG00007815,T00031,ELG,0.36675264,1.191671,1.0000
TG00007816,T00031,ELG,0.46427069,1.060230,1.0000
TG00007817,T00031,ELG,0.72351444,1.254030,1.0000
TG00007818,T00031,ELG,0.69777514,1.065024,1.0000
TG00007819,T00031,ELG,0.63032665,1.417630,1.0000
TG00007820,T00031,ELG,0.48770811,0.724923,1.0000
TG00007821,T00031,ELG,0.83136810,0.676332,1.0000
TG00007822,T00031,ELG,0.58826506,1.358001,1.0000
TG00007823,T00031,ELG,1.32288460,1.322013,1.0000
TG00007824,T00031,ELG,0.56356834,1.474319,1.0000
TG00007825,T00031,ELG,0.55618598,0.895899,1.0000
TG00007826,T00031,ELG,0.47401061,0.543180,1.0000
TG00007827,T00031,ELG,0.66048399,1.203550,1.0000
TG00007828,T00031,ELG,1.14872685,1.059914,1.0000
TG00007829,T00031,ELG,0.89082934,1.359825,1.0000
TG00007830,T00031,ELG,0.23870243,0.301895,1.0000
TG00007831,T00031,ELG,0.29500134,1.328148,1.0000
TG00007832,T00031,ELG,0.50065903,0.828567,1.0000
TG00007833,T00031,ELG,0.55027153,1.177127,1.0000
TG00007834,T00031,ELG,0.44214004,1.600004,1.0000
TG00007835,T00031,ELG,0.82752470,1.222039,1.0000
TG00007836,T00031,ELG,0.41855239,1.481892,1.0000
TG00007837,T00031,ELG,0.63558756,1.428546,1.0000
TG00007838,T00031,ELG,0.89215621,0.721351,1.0000
TG00007839,T00031,ELG,0.56141070,1.156606,1.0000
TG00007840,T00031,ELG,0.57161261,1.391407,1.0000
TG00007841,T00031,ELG,0.50049615,1.029071,1.0000
TG00007842,T00031,ELG,0.73645839,1.013789,1.0000
TG00007843,T00031,ELG,0.33267534,1.292358,1.0000
TG00007844,T00031,ELG,0.22141639,0.815682,1.0000
TG00007845,T00031,ELG,0.55340728,1.350444,1.0000
TG00007846,T00031,ELG,0.58247624,1.245824,1.0000
TG00007847,T00031,ELG,0.65717047,1.586938,1.0000
TG00007848,T00031,ELG,0.44031378,0.842337,1.0000
TG00007849,T00031,ELG,0.91775525,1.758362,1.0000
TG00007850,T00031,ELG,0.58235227,1.413518,1.0000
TG00007851,T00031,ELG,0.47508874,1.095937,1.0000
TG00007852,T00031,ELG,0.37561172,1.378789,1.0000
TG00007853,T00031,ELG,0.52552329,0.926286,1.0000
TG00007854,T00031,ELG,0.59391636,1.132585,1.0000
TG00007855,T00031,QSO,0.08443850,2.094668,1.7000
TG00007856,T00031,QSO,0.14469843,1.608707,1.7000
TG00007857,T00031,QSO,0.15737828,1.916595,1.7000
TG00007858,T00031,QSO,0.06650479,1.771833,1.7000
TG00007859,T00031,QSO,0.04105377,2.764423,1.7000
TG00007860,T00031,QSO,0.12097871,3.067431,1.7000
TG00007861,T00031,QSO,0.43668138,1.680664,1.7000
TG00007862,T00031,QSO,0.09984903,1.647592,1.7000
TG00007863,T00031,QSO,0.12663821,2.240561,1.7000
TG00007864,T00031,QSO,0.24598481,2.619260,1.7000
TG00007865,T00031,QSO,0.26436746,2.750106,1.7000
TG00007866,T00031,QSO,0.27114613,3.188494,1.7000
TG00007867,T00031,BGS,1.59776786,0.204613,0.4500
TG00007868,T00031,BGS,1.40298563,0.106177,0.4500
TG00007869,T00031,BGS,1.33122032,0.294075,0.4500
TG00007870,T00031,BGS,1.06746262,0.336815,0.4500
TG00007871,T00031,BGS,0.67533372,0.261674,0.4500
TG00007872,T00031,BGS,0.99232327,0.290624,0.4500
TG00007873,T00031,BGS,1.68224810,0.261667,0.4500
TG00007874,T00031,BGS,1.20014739,0.378792,0.4500
TG00007875,T00031,BGS,1.78416134,0.277128,0.4500
TG00007876,T00031,BGS,0.98193715,0.090675,0.4500
TG00007877,T00031,BGS,1.47949862,0.135571,0.4500
TG00007878,T00031,BGS,1.02724723,0.098229,0.4500
TG00007879,T00031,BGS,0.91157568,0.000000,0.4500
TG00007880,T00031,BGS,1.21502497,0.440830,0.4500
TG00007881,T00031,BGS,2.36387816,0.143601,0.4500
TG00007882,T00031,BGS,1.07824164,0.214402,0.4500
TG00007883,T00031,BGS,0.91481235,0.324333,0.4500
TG00007884,T00031,BGS,1.01518524,0.188560,0.4500
TG00007885,T00031,BGS,2.33505711,0.324642,0.4500
TG00007886,T00031,BGS,1.33199950,0.266141,0.4500
TG00007887,T00031,BGS,1.94811525,0.322503,0.4500
TG00007888,T00031,BGS,0.78325638,0.266326,0.4500
TG00007889,T00031,BGS,1.06897510,0.142660,0.4500
TG00007890,T00031,BGS,0.99920124,0.312576,0.4500
TG00007891,T00031,BGS,0.95047475,0.143766,0.4500
TG00007892,T00031,BGS,1.55588458,0.238775,0.4500
TG00007893,T00031,BGS,1.17749024,0.129864,0.4500
TG00007894,T00031,BGS,1.60400815,0.274665,0.4500
TG00007895,T00031,BGS,1.49671084,0.267596,0.4500
TG00007896,T00031,BGS,1.52133631,0.362806,0.4500
TG00007897,T00031,BGS,0.99905940,0.102224,0.4500
TG00007898,T00031,BGS,1.49008864,0.164505,0.4500
TG00007899,T00031,BGS,1.45277712,0.153346,0.4500
TG00007900,T00031,BGS,1.27776742,0.145315,0.4500
TG00007901,T00031,BGS,1.43120626,0.179365,0.4500
TG00007902,T00031,BGS,1.57263153,0.200987,0.4500
TG00007903,T00031,BGS,1.30270756,0.195523,0.4500
TG00007904,T00031,BGS,1.12006467,0.417648,0.4500
TG00007905,T00031,BGS,1.52292381,0.303815,0.4500
TG00007906,T00031,BGS,0.82911345,0.250243,0.4500
TG00007907,T00031,BGS,0.86923936,0.092644,0.4500
TG00007908,T00031,BGS,0.87051311,0.185054,0.4500
TG00007909,T00031,BGS,1.23087509,0.155500,0.4500
TG00007910,T00031,BGS,1.14386925,0.189913,0.4500
TG00007911,T00031,BGS,1.45473111,0.300893,0.4500
TG00007912,T00031,BGS,0.80325944,0.357589,0.4500
TG00007913,T00031,BGS,1.05283860,0.256049,0.4500
TG00007914,T00031,BGS,1.60060381,0.298961,0.4500
TG00007915,T00031,BGS,1.30843892,0.215356,0.4500
TG00007916,T00031,BGS,1.50938947,0.194246,0.4500
TG00007917,T00031,BGS,1.27772875,0.204445,0.4500
TG00007918,T00031,BGS,1.33076940,0.199965,0.4500
TG00007919,T00031,BGS,2.16397891,0.113798,0.4500
TG00007920,T00031,BGS,1.78091590,0.463456,0.4500
TG00007921,T00031,BGS,1.05685162,0.344094,0.4500
TG00007922,T00031,BGS,2.16915735,0.090986,0.4500
TG00007923,T00031,BGS,1.44274424,0.207390,0.4500
TG00007924,T00031,BGS,0.87344468,0.278323,0.4500
TG00007925,T00031,BGS,0.96243249,0.213270,0.4500
TG00007926,T00031,BGS,1.09669621,0.275201,0.4500
TG00007927,T00031,BGS,1.32601048,0.212055,0.4500
TG00007928,T00031,BGS,0.74299398,0.395776,0.4500
TG00007929,T00031,BGS,1.41070796,0.193556,0.4500
TG00007930,T00031,BGS,0.91208426,0.039467,0.4500
TG00007931,T00031,BGS,1.33486502,0.136007,0.4500
TG00007932,T00031,BGS,1.14041721,0.258470,0.4500
TG00007933,T00031,BGS,0.99263753,0.283141,0.4500
TG00007934,T00031,BGS,0.87220657,0.239465,0.4500
TG00007935,T00031,BGS,0.75038970,0.282329,0.4500
TG00007936,T00031,BGS,1.96564708,0.349418,0.4500
TG00007937,T00031,BGS,1.26179327,0.312781,0.4500
TG00007938,T00031,BGS,1.50943665,0.147638,0.4500
TG00007939,T00031,BGS,1.03777427,0.096855,0.4500
TG00007940,T00032,LRG,0.37680945,0.673805,1.0000
TG00007941,T00032,LRG,0.38041719,0.504115,1.0000
TG00007942,T00032,LRG,0.31166511,0.513651,1.0000
TG00007943,T00032,LRG,0.32217518,0.364279,1.0000
TG00007944,T00032,LRG,0.37941891,0.762693,1.0000
TG00007945,T00032,LRG,0.21610569,0.615325,1.0000
TG00007946,T00032,LRG,0.29738182,0.592654,1.0000
TG00007947,T00032,LRG,0.38585176,0.465586,1.0000
TG00007948,T00032,LRG,0.36241014,0.793075,1.0000
TG00007949,T00032,LRG,0.36543359,0.703993,1.0000
TG00007950,T00032,LRG,0.24882363,0.403019,1.0000
TG00007951,T00032,LRG,0.35475322,0.496272,1.0000
TG00007952,T00032,LRG,0.40034413,0.872604,1.0000
TG00007953,T00032,LRG,0.39944147,0.961501,1.0000
TG00007954,T00032,LRG,0.46677495,0.784723,1.0000
TG00007955,T00032,LRG,0.27074729,0.529306,1.0000
TG00007956,T00032,LRG,0.19549185,0.863440,1.0000
TG00007957,T00032,LRG,0.34999779,0.497576,1.0000
TG00007958,T00032,LRG,0.35504503,0.875034,1.0000
TG00007959,T00032,LRG,0.54768330,0.760776,1.0000
TG00007960,T00032,LRG,0.40306312,0.733022,1.0000
TG00007961,T00032,LRG,0.16663577,0.665501,1.0000
TG00007962,T00032,LRG,0.20825120,0.748438,1.0000
TG00007963,T00032,LRG,0.42281479,0.849863,1.0000
TG00007964,T00032,LRG,0.70399088,0.726165,1.0000
TG00007965,T00032,LRG,0.31991436,0.862488,1.0000
TG00007966,T00032,LRG,0.28253419,0.541034,1.0000
TG00007967,T00032,LRG,0.79990671,0.756198,1.0000
TG00007968,T00032,LRG,0.29239723,0.687679,1.0000
TG00007969,T00032,LRG,0.47431335,0.390100,1.0000
TG00007970,T00032,LRG,0.53055147,0.771520,1.0000
TG00007971,T00032,LRG,0.24898108,0.742432,1.0000
TG00007972,T00032,LRG,0.31556218,0.561631,1.0000
TG00007973,T00032,LRG,0.50989682,0.557829,1.0000
TG00007974,T00032,LRG,0.36528733,0.724486,1.0000
TG00007975,T00032,LRG,0.47836080,0.620932,1.0000
TG00007976,T00032,LRG,0.26358544,1.015270,1.0000
TG00007977,T00032,LRG,0.24631468,0.679544,1.0000
TG00007978,T00032,LRG,0.26683947,0.931417,1.0000
TG00007979,T00032,LRG,0.36537498,0.825191,1.0000
TG00007980,T00032,LRG,0.51698159,0.888608,1.0000
TG00007981,T00032,LRG,0.41435645,0.714663,1.0000
TG00007982,T00032,LRG,0.33056641,0.618673,1.0000
TG00007983,T00032,LRG,0.55400811,0.741958,1.0000
TG00007984,T00032,LRG,0.16671520,0.613856,1.0000
TG00007985,T00032,LRG,0.19945896,0.779419,1.0000
TG00007986,T00032,LRG,0.24655257,0.361431,1.0000
TG00007987,T00032,LRG,0.18583092,0.717802,1.0000
TG00007988,T00032,LRG,0.36048260,0.730591,1.0000
TG00007989,T00032,LRG,0.29123625,1.040698,1.0000
TG00007990,T00032,LRG,0.21162127,0.333215,1.0000
TG00007991,T00032,LRG,0.45153322,0.759046,1.0000
TG00007992,T00032,ELG,0.61081532,1.128159,1.0000
TG00007993,T00032,ELG,0.36180020,1.713537,1.0000
TG00007994,T00032,ELG,0.34462096,1.086349,1.0000
TG00007995,T00032,ELG,0.91137796,0.894724,1.0000
TG00007996,T00032,ELG,0.76492459,1.894795,1.0000
TG00007997,T00032,ELG,1.03405940,0.645319,1.0000
TG00007998,T00032,ELG,0.58778765,0.621089,1.0000
TG00007999,T00032,ELG,0.57651383,0.853745,1.0000
TG00008000,T00032,ELG,0.45531913,1.001446,1.0000
TG00008001,T00032,ELG,0.33249539,0.893844,1.0000
TG00008002,T00032,ELG,0.53595461,1.509407,1.0000
TG00008003,T00032,ELG,0.60637671,0.964264,1.0000
TG00008004,T00032,ELG,0.48036492,1.208689,1.0000
TG00008005,T00032,ELG,0.22405668,1.334101,1.0000
TG00008006,T00032,ELG,0.24060408,1.324769,1.0000
TG00008007,T00032,ELG,0.44488814,1.099007,1.0000
TG00008008,T00032,ELG,0.70683000,0.876029,1.0000
TG00008009,T00032,ELG,0.87573722,0.367010,1.0000
TG00008010,T00032,ELG,0.43466529,0.460765,1.0000
TG00008011,T00032,ELG,0.92868109,0.891726,1.0000
TG00008012,T00032,ELG,0.71718786,0.745906,1.0000
TG00008013,T00032,ELG,0.43519406,1.187778,1.0000
TG00008014,T00032,ELG,0.54839365,1.242764,1.0000
TG00008015,T00032,ELG,0.51335374,0.797823,1.0000
TG00008016,T00032,ELG,0.51256554,1.059690,1.0000
TG00008017,T00032,ELG,0.41402885,1.189802,1.0000
TG00008018,T00032,ELG,0.53445282,1.011302,1.0000
TG00008019,T00032,ELG,0.32767970,1.444637,1.0000
TG00008020,T00032,ELG,0.39097521,1.364237,1.0000
TG00008021,T00032,ELG,0.40932167,1.040225,1.0000
TG00008022,T00032,ELG,0.32121503,1.031137,1.0000
TG00008023,T00032,ELG,0.35638878,0.661637,1.0000
TG00008024,T00032,ELG,0.54826408,0.591398,1.0000
TG00008025,T00032,ELG,0.40356029,1.118161,1.0000
TG00008026,T00032,ELG,0.28169428,0.859275,1.0000
TG00008027,T00032,ELG,0.68033822,1.165574,1.0000
TG00008028,T00032,ELG,0.83122547,1.241065,1.0000
TG00008029,T00032,ELG,0.37677428,0.885765,1.0000
TG00008030,T00032,ELG,0.37944402,0.708890,1.0000
TG00008031,T00032,ELG,0.43533957,0.714268,1.0000
TG00008032,T00032,ELG,0.42302824,1.254567,1.0000
TG00008033,T00032,ELG,0.48155478,1.271980,1.0000
TG00008034,T00032,ELG,0.80995802,1.152707,1.0000
TG00008035,T00032,ELG,0.72907494,1.017279,1.0000
TG00008036,T00032,ELG,0.67420054,0.491207,1.0000
TG00008037,T00032,ELG,0.43315744,1.232409,1.0000
TG00008038,T00032,ELG,0.38154708,1.027385,1.0000
TG00008039,T00032,ELG,0.34025057,1.245355,1.0000
TG00008040,T00032,ELG,0.90961159,1.435468,1.0000
TG00008041,T00032,ELG,0.33511077,1.262755,1.0000
TG00008042,T00032,ELG,1.25666295,1.484633,1.0000
TG00008043,T00032,ELG,0.69507844,0.684713,1.0000
TG00008044,T00032,ELG,0.88838091,0.648154,1.0000
TG00008045,T00032,ELG,0.69563216,1.228881,1.0000
TG00008046,T00032,ELG,0.63484472,1.504684,1.0000
TG00008047,T00032,ELG,0.37292747,1.185820,1.0000
TG00008048,T00032,ELG,0.51142123,0.607425,1.0000
TG00008049,T00032,ELG,0.44961395,1.036179,1.0000
TG00008050,T00032,ELG,0.34897727,1.648405,1.0000
TG00008051,T00032,ELG,0.48655243,0.963655,1.0000
TG00008052,T00032,ELG,0.45163011,0.941419,1.0000
TG00008053,T00032,ELG,0.66909904,1.371908,1.0000
TG00008054,T00032,ELG,0.71558171,1.062525,1.0000
TG00008055,T00032,ELG,0.86716501,1.027589,1.0000
TG00008056,T00032,ELG,0.35302838,1.132040,1.0000
TG00008057,T00032,ELG,0.38944232,1.214875,1.0000
TG00008058,T00032,ELG,0.46163312,0.736978,1.0000
TG00008059,T00032,ELG,0.82316774,1.401429,1.0000
TG00008060,T00032,ELG,0.49983066,1.254991,1.0000
TG00008061,T00032,ELG,0.30749986,1.305067,1.0000
TG00008062,T00032,ELG,0.44236779,1.329529,1.0000
TG00008063,T00032,ELG,0.51457267,1.052341,1.0000
TG00008064,T00032,ELG,0.36861788,1.349924,1.0000
TG00008065,T00032,ELG,1.07564269,1.270046,1.0000
TG00008066,T00032,ELG,0.48483609,0.576054,1.0000
TG00008067,T00032,ELG,0.73454314,0.870603,1.0000
TG00008068,T00032,ELG,0.84055136,1.038572,1.0000
TG00008069,T00032,ELG,0.59848338,0.955697,1.0000
TG00008070,T00032,ELG,0.68946707,0.830974,1.0000
TG00008071,T00032,ELG,0.56314735,1.244140,1.0000
TG00008072,T00032,ELG,0.62740466,1.464452,1.0000
TG00008073,T00032,ELG,0.84256780,1.295184,1.0000
TG00008074,T00032,ELG,0.39345039,1.348890,1.0000
TG00008075,T00032,ELG,0.62114907,1.026985,1.0000
TG00008076,T00032,ELG,0.45441278,0.394018,1.0000
TG00008077,T00032,ELG,0.43693041,1.244962,1.0000
TG00008078,T00032,ELG,0.92417145,1.089388,1.0000
TG00008079,T00032,ELG,0.26680817,1.236714,1.0000
TG00008080,T00032,ELG,0.63682435,1.298686,1.0000
TG00008081,T00032,ELG,0.57953871,1.496989,1.0000
TG00008082,T00032,ELG,0.30902523,1.220464,1.0000
TG00008083,T00032,ELG,0.40583040,1.088400,1.0000
TG00008084,T00032,ELG,0.46616280,1.660497,1.0000
TG00008085,T00032,ELG,0.71663919,0.715963,1.0000
TG00008086,T00032,ELG,0.35089531,1.094988,1.0000
TG00008087,T00032,ELG,0.71735075,0.557249,1.0000
TG00008088,T00032,ELG,0.27694002,0.857573,1.0000
TG00008089,T00032,ELG,0.60627522,1.237118,1.0000
TG00008090,T00032,ELG,0.43671061,1.253320,1.0000
TG00008091,T00032,ELG,0.42853709,0.981995,1.0000
TG00008092,T00032,ELG,0.51908712,1.397871,1.0000
TG00008093,T00032,ELG,1.37981958,1.563278,1.0000
TG00008094,T00032,ELG,0.25738018,0.878969,1.0000
TG00008095,T00032,ELG,0.36433178,1.004953,1.0000
TG00008096,T00032,ELG,0.34431050,0.905547,1.0000
TG00008097,T00032,ELG,0.68932045,1.023453,1.0000
TG00008098,T00032,ELG,0.29683875,1.113949,1.0000
TG00008099,T00032,ELG,0.40385047,1.086919,1.0000
TG00008100,T00032,ELG,0.36691697,1.430189,1.0000
TG00008101,T00032,ELG,0.57004899,0.724756,1.0000
TG00008102,T00032,ELG,0.47912466,1.163419,1.0000
TG00008103,T00032,ELG,0.77319912,0.988555,1.0000
TG00008104,T00032,ELG,0.85590496,0.963073,1.0000
TG00008105,T00032,ELG,0.87193191,1.192751,1.0000
TG00008106,T00032,ELG,0.59700947,0.811737,1.0000
TG00008107,T00032,ELG,0.64718557,1.062789,1.0000
TG00008108,T00032,ELG,1.57979452,1.227234,1.0000
TG00008109,T00032,ELG,0.20687405,1.015994,1.0000
TG00008110,T00032,ELG,0.43603415,0.709228,1.0000
TG00008111,T00032,ELG,0.44128225,0.928732,1.0000
TG00008112,T00032,ELG,0.65695225,1.212237,1.0000
TG00008113,T00032,ELG,0.20583341,1.310303,1.0000
TG00008114,T00032,ELG,0.87889488,0.975514,1.0000
TG00008115,T00032,ELG,0.40270925,1.169200,1.0000
TG00008116,T00032,ELG,0.52914176,1.401218,1.0000
TG00008117,T00032,ELG,0.61929697,1.087740,1.0000
TG00008118,T00032,QSO,0.09768726,1.841314,1.7000
TG00008119,T00032,QSO,0.10671208,3.253063,1.7000
TG00008120,T00032,QSO,0.19774080,2.256230,1.7000
TG00008121,T00032,QSO,0.10326815,2.098926,1.7000
TG00008122,T00032,QSO,0.42790046,2.716503,1.7000
TG00008123,T00032,QSO,0.18689741,2.202480,1.7000
TG00008124,T00032,QSO,0.16334743,2.241233,1.7000
TG00008125,T00032,QSO,0.13521553,2.337686,1.7000
TG00008126,T00032,QSO,0.34092079,1.239702,1.7000
TG00008127,T00032,QSO,0.20540457,1.821774,1.7000
TG00008128,T00032,QSO,0.19458485,1.886151,1.7000
TG00008129,T00032,QSO,0.09843195,2.319581,1.7000
TG00008130,T00032,QSO,0.10615484,1.438259,1.7000
TG00008131,T00032,QSO,0.16232732,1.591558,1.7000
TG00008132,T00032,QSO,0.12310606,2.477887,1.7000
TG00008133,T00032,QSO,0.16030549,1.902969,1.7000
TG00008134,T00032,QSO,0.11776266,1.557174,1.7000
TG00008135,T00032,QSO,0.20920405,2.261542,1.7000
TG00008136,T00032,BGS,0.74982932,0.077922,0.4500
TG00008137,T00032,BGS,1.15404602,0.246649,0.4500
TG00008138,T00032,BGS,1.68304351,0.291221,0.4500
TG00008139,T00032,BGS,1.34775357,0.265750,0.4500
TG00008140,T00032,BGS,0.84877739,0.119166,0.4500
TG00008141,T00032,BGS,0.96060327,0.262436,0.4500
TG00008142,T00032,BGS,0.96691742,0.127711,0.4500
TG00008143,T00032,BGS,1.20925238,0.226176,0.4500
TG00008144,T00032,BGS,0.76267045,0.287628,0.4500
TG00008145,T00032,BGS,0.99543751,0.314168,0.4500
TG00008146,T00032,BGS,1.51157860,0.316978,0.4500
TG00008147,T00032,BGS,1.66346388,0.233737,0.4500
TG00008148,T00032,BGS,1.25901161,0.249320,0.4500
TG00008149,T00032,BGS,1.28018492,0.394081,0.4500
TG00008150,T00032,BGS,1.50250944,0.096251,0.4500
TG00008151,T00032,BGS,1.15549817,0.154931,0.4500
TG00008152,T00032,BGS,1.23813496,0.242349,0.4500
TG00008153,T00032,BGS,1.70754060,0.185419,0.4500
TG00008154,T00032,BGS,1.00323418,0.103194,0.4500
TG00008155,T00032,BGS,1.38544840,0.218866,0.4500
TG00008156,T00032,BGS,0.71280637,0.245958,0.4500
TG00008157,T00032,BGS,1.03704979,0.205780,0.4500
TG00008158,T00032,BGS,1.30300866,0.188966,0.4500
TG00008159,T00032,BGS,2.22753409,0.252030,0.4500
TG00008160,T00032,BGS,1.34411089,0.090426,0.4500
TG00008161,T00032,BGS,0.79525166,0.109099,0.4500
TG00008162,T00032,BGS,1.95472367,0.058887,0.4500
TG00008163,T00032,BGS,0.98420262,0.114627,0.4500
TG00008164,T00032,BGS,1.36465782,0.186340,0.4500
TG00008165,T00032,BGS,1.53511670,0.222144,0.4500
TG00008166,T00032,BGS,1.38683053,0.279314,0.4500
TG00008167,T00032,BGS,2.33192205,0.269453,0.4500
TG00008168,T00032,BGS,1.84798721,0.190753,0.4500
TG00008169,T00032,BGS,0.98610390,0.067430,0.4500
TG00008170,T00032,BGS,1.46872989,0.188884,0.4500
TG00008171,T00032,BGS,1.43106579,0.141604,0.4500
TG00008172,T00032,BGS,1.50689690,0.199719,0.4500
TG00008173,T00032,BGS,1.12928957,0.095244,0.4500
TG00008174,T00032,BGS,1.24675883,0.330343,0.4500
TG00008175,T00032,BGS,1.20354265,0.263873,0.4500
TG00008176,T00032,BGS,1.28369124,0.177621,0.4500
TG00008177,T00032,BGS,0.91003965,0.247072,0.4500
TG00008178,T00032,BGS,0.89948104,0.197803,0.4500
TG00008179,T00032,BGS,1.57947820,0.295101,0.4500
TG00008180,T00032,BGS,1.86247892,0.242529,0.4500
TG00008181,T00032,BGS,1.73069665,0.050433,0.4500
TG00008182,T00032,BGS,1.72244636,0.235226,0.4500
TG00008183,T00032,BGS,1.41927063,0.142542,0.4500
TG00008184,T00032,BGS,2.46707952,0.210933,0.4500
TG00008185,T00032,BGS,0.56531972,0.114102,0.4500
TG00008186,T00032,BGS,1.74460223,0.311916,0.4500
TG00008187,T00032,BGS,1.68661082,0.218505,0.4500
TG00008188,T00032,BGS,1.10535262,0.324185,0.4500
TG00008189,T00032,BGS,0.99058438,0.100149,0.4500
TG00008190,T00032,BGS,1.79018267,0.235320,0.4500
TG00008191,T00032,BGS,0.66236895,0.140984,0.4500
TG00008192,T00032,BGS,0.71785969,0.140129,0.4500
TG00008193,T00032,BGS,2.74135138,0.128267,0.4500
TG00008194,T00032,BGS,1.18250226,0.257611,0.4500
TG00008195,T00032,BGS,1.33398464,0.045085,0.4500
TG00008196,T00032,BGS,1.28693093,0.288769,0.4500
TG00008197,T00032,BGS,0.93051395,0.082368,0.4500
TG00008198,T00032,BGS,1.95323054,0.105197,0.4500
TG00008199,T00032,BGS,2.87790415,0.312111,0.4500
TG00008200,T00032,BGS,0.94503840,0.280051,0.4500
TG00008201,T00032,BGS,0.83123327,0.197672,0.4500
TG00008202,T00032,BGS,1.40398351,0.099876,0.4500
TG00008203,T00032,BGS,0.97091737,0.302194,0.4500
TG00008204,T00032,BGS,1.11777570,0.158036,0.4500
TG00008205,T00032,BGS,1.09840305,0.320311,0.4500
TG00008206,T00032,BGS,1.11286892,0.356696,0.4500
TG00008207,T00032,BGS,1.05131452,0.263511,0.4500
TG00008208,T00032,BGS,1.21977555,0.233489,0.4500
TG00008209,T00032,BGS,1.40133582,0.439720,0.4500
TG00008210,T00032,BGS,1.09257131,0.300588,0.4500
TG00008211,T00032,BGS,0.90060558,0.354352,0.4500
TG00008212,T00032,BGS,1.91628001,0.258528,0.4500
TG00008213,T00032,BGS,1.40154872,0.358807,0.4500
TG00008214,T00032,BGS,1.60876106,0.272469,0.4500
TG00008215,T00032,BGS,1.19374616,0.158661,0.4500
TG00008216,T00032,BGS,3.47200807,0.452837,0.4500
TG00008217,T00032,BGS,0.98808606,0.230470,0.4500
TG00008218,T00032,BGS,1.17145761,0.000000,0.4500
TG00008219,T00032,BGS,1.11106764,0.179502,0.4500
TG00008220,T00032,BGS,1.99787967,0.212119,0.4500
TG00008221,T00032,BGS,1.63193059,0.183054,0.4500
TG00008222,T00032,BGS,0.89450226,0.335043,0.4500
TG00008223,T00032,BGS,1.56099224,0.109346,0.4500
TG00008224,T00032,BGS,1.20874983,0.280259,0.4500
TG00008225,T00032,BGS,1.70641080,0.213946,0.4500
TG00008226,T00032,BGS,1.42681753,0.214797,0.4500
TG00008227,T00033,LRG,0.25780370,0.981562,1.0000
TG00008228,T00033,LRG,0.50636685,0.786360,1.0000
TG00008229,T00033,LRG,0.22861816,0.631521,1.0000
TG00008230,T00033,LRG,0.32112125,0.761099,1.0000
TG00008231,T00033,LRG,0.21746570,0.456680,1.0000
TG00008232,T00033,LRG,0.55515750,0.506131,1.0000
TG00008233,T00033,LRG,0.23560508,0.468152,1.0000
TG00008234,T00033,LRG,0.56974898,0.734523,1.0000
TG00008235,T00033,LRG,0.10009459,1.006503,1.0000
TG00008236,T00033,LRG,0.49299897,0.219338,1.0000
TG00008237,T00033,LRG,0.37952628,0.688206,1.0000
TG00008238,T00033,LRG,0.54435443,0.699915,1.0000
TG00008239,T00033,LRG,0.55144226,0.748185,1.0000
TG00008240,T00033,LRG,0.31319953,0.707191,1.0000
TG00008241,T00033,LRG,0.32557410,0.453546,1.0000
TG00008242,T00033,LRG,0.39916509,0.654098,1.0000
TG00008243,T00033,LRG,0.41982167,0.624314,1.0000
TG00008244,T00033,LRG,0.52203606,0.610176,1.0000
TG00008245,T00033,LRG,0.31798631,0.636917,1.0000
TG00008246,T00033,LRG,0.61870495,0.560557,1.0000
TG00008247,T00033,LRG,0.36110674,0.737918,1.0000
TG00008248,T00033,LRG,0.28579558,0.466608,1.0000
TG00008249,T00033,LRG,0.27198744,0.686231,1.0000
TG00008250,T00033,LRG,0.22981243,0.553319,1.0000
TG00008251,T00033,LRG,0.43369461,0.543570,1.0000
TG00008252,T00033,LRG,0.31738926,1.023644,1.0000
TG00008253,T00033,LRG,0.14462094,0.460704,1.0000
TG00008254,T00033,LRG,0.34888213,0.845752,1.0000
TG00008255,T00033,LRG,0.41583439,0.707523,1.0000
TG00008256,T00033,LRG,0.36446979,0.535964,1.0000
TG00008257,T00033,LRG,0.26730557,0.858845,1.0000
TG00008258,T00033,LRG,0.46678058,0.598107,1.0000
TG00008259,T00033,LRG,0.53541703,0.657265,1.0000
TG00008260,T00033,LRG,0.30374739,0.945022,1.0000
TG00008261,T00033,LRG,0.29669965,0.547101,1.0000
TG00008262,T00033,LRG,0.43115655,0.772960,1.0000
TG00008263,T00033,LRG,0.25040199,0.936330,1.0000
TG00008264,T00033,LRG,0.58529651,0.501985,1.0000
TG00008265,T00033,LRG,0.36807975,0.712582,1.0000
TG00008266,T00033,LRG,0.31906431,0.909499,1.0000
TG00008267,T00033,LRG,0.22450066,0.509653,1.0000
TG00008268,T00033,LRG,0.30129820,0.581083,1.0000
TG00008269,T00033,LRG,0.28307422,0.847756,1.0000
TG00008270,T00033,LRG,0.30799597,0.824162,1.0000
TG00008271,T00033,LRG,0.24723907,0.891285,1.0000
TG00008272,T00033,LRG,0.18712863,0.820904,1.0000
TG00008273,T00033,LRG,0.38070102,0.501574,1.0000
TG00008274,T00033,LRG,0.39903741,0.756812,1.0000
TG00008275,T00033,ELG,0.33254001,0.830072,1.0000
TG00008276,T00033,ELG,0.86196810,1.239168,1.0000
TG00008277,T00033,ELG,0.42921167,0.957870,1.0000
TG00008278,T00033,ELG,0.46115601,0.941215,1.0000
TG00008279,T00033,ELG,0.64638188,1.024551,1.0000
TG00008280,T00033,ELG,0.79542412,0.781001,1.0000
TG00008281,T00033,ELG,0.72670295,1.262789,1.0000
TG00008282,T00033,ELG,0.93007825,1.234854,1.0000
TG00008283,T00033,ELG,0.34647244,1.333092,1.0000
TG00008284,T00033,ELG,0.41661598,0.937181,1.0000
TG00008285,T00033,ELG,0.70360038,1.045317,1.0000
TG00008286,T00033,ELG,0.77726560,0.890219,1.0000
TG00008287,T00033,ELG,0.68651478,1.130874,1.0000
TG00008288,T00033,ELG,0.53403673,1.129724,1.0000
TG00008289,T00033,ELG,0.31252064,0.977093,1.0000
TG00008290,T00033,ELG,0.25055283,0.971086,1.0000
TG00008291,T00033,ELG,1.52392417,1.351057,1.0000
TG00008292,T00033,ELG,0.56567484,1.007805,1.0000
TG00008293,T00033,ELG,0.64881947,1.069488,1.0000
TG00008294,T00033,ELG,0.42922848,1.424593,1.0000
TG00008295,T00033,ELG,0.50955898,1.201966,1.0000
TG00008296,T00033,ELG,1.09639346,0.549061,1.0000
TG00008297,T00033,ELG,0.24502434,0.419476,1.0000
TG00008298,T00033,ELG,0.38876766,0.829317,1.0000
TG00008299,T00033,ELG,0.76802867,1.226632,1.0000
TG00008300,T00033,ELG,0.69862607,1.758242,1.0000
TG00008301,T00033,ELG,0.37411025,0.557373,1.0000
TG00008302,T00033,ELG,0.50753752,1.043966,1.0000
TG00008303,T00033,ELG,0.59577308,0.874360,1.0000
TG00008304,T00033,ELG,0.33999553,1.246065,1.0000
TG00008305,T00033,ELG,0.43461483,0.830813,1.0000
TG00008306,T00033,ELG,0.13633796,0.999759,1.0000
TG00008307,T00033,ELG,0.49912423,0.307711,1.0000
TG00008308,T00033,ELG,1.30658154,1.694874,1.0000
TG00008309,T00033,ELG,1.22463175,0.886204,1.0000
TG00008310,T00033,ELG,0.40656205,1.215249,1.0000
TG00008311,T00033,ELG,0.50425793,0.983940,1.0000
TG00008312,T00033,ELG,0.85808525,1.076759,1.0000
TG00008313,T00033,ELG,0.49719113,0.786433,1.0000
TG00008314,T00033,ELG,0.50628908,1.182614,1.0000
TG00008315,T00033,ELG,0.34007440,1.590678,1.0000
TG00008316,T00033,ELG,0.63309527,1.478956,1.0000
TG00008317,T00033,ELG,0.63706423,1.374601,1.0000
TG00008318,T00033,ELG,0.40296512,1.487047,1.0000
TG00008319,T00033,ELG,0.25840467,1.432987,1.0000
TG00008320,T00033,ELG,0.52773374,0.542216,1.0000
TG00008321,T00033,ELG,0.51714920,1.125154,1.0000
TG00008322,T00033,ELG,0.62251393,1.222718,1.0000
TG00008323,T00033,ELG,0.55806926,0.886353,1.0000
TG00008324,T00033,ELG,0.60598056,1.084534,1.0000
TG00008325,T00033,ELG,1.09020358,1.149771,1.0000
TG00008326,T00033,ELG,0.78184330,1.315966,1.0000
TG00008327,T00033,ELG,0.64105227,0.886546,1.0000
TG00008328,T00033,ELG,0.44070584,0.902980,1.0000
TG00008329,T00033,ELG,0.34692408,1.048918,1.0000
TG00008330,T00033,ELG,0.53655757,1.317921,1.0000
TG00008331,T00033,ELG,0.48049441,1.297216,1.0000
TG00008332,T00033,ELG,0.68502152,0.717107,1.0000
TG00008333,T00033,ELG,0.87789584,0.964600,1.0000
TG00008334,T00033,ELG,0.92811819,1.213955,1.0000
TG00008335,T00033,ELG,0.46223670,1.302976,1.0000
TG00008336,T00033,ELG,0.60772273,0.640960,1.0000
TG00008337,T00033,ELG,0.27927810,0.861896,1.0000
TG00008338,T00033,ELG,0.28068537,1.351600,1.0000
TG00008339,T00033,ELG,0.51139090,0.990279,1.0000
TG00008340,T00033,ELG,0.53343437,1.050321,1.0000
TG00008341,T00033,ELG,0.61894112,1.050098,1.0000
TG00008342,T00033,ELG,0.32344865,1.410579,1.0000
TG00008343,T00033,ELG,0.56341864,1.283347,1.0000
TG00008344,T00033,ELG,0.74022975,0.968739,1.0000
TG00008345,T00033,ELG,0.73659871,1.085260,1.0000
TG00008346,T00033,ELG,0.55083431,1.145679,1.0000
TG00008347,T00033,ELG,0.39555191,0.575978,1.0000
TG00008348,T00033,ELG,0.51304500,1.211903,1.0000
TG00008349,T00033,ELG,0.64725589,0.579838,1.0000
TG00008350,T00033,ELG,0.51236468,1.143833,1.0000
TG00008351,T00033,ELG,0.48375920,1.057650,1.0000
TG00008352,T00033,ELG,0.76432967,1.112376,1.0000
TG00008353,T00033,ELG,0.55788932,1.424272,1.0000
TG00008354,T00033,ELG,0.75672318,1.079490,1.0000
TG00008355,T00033,ELG,0.48205242,1.099258,1.0000
TG00008356,T00033,ELG,0.74988948,1.451708,1.0000
TG00008357,T00033,ELG,0.95672349,1.243855,1.0000
TG00008358,T00033,ELG,0.97633631,1.430230,1.0000
TG00008359,T00033,ELG,0.64928476,1.007291,1.0000
TG00008360,T00033,ELG,1.01175215,1.159946,1.0000
TG00008361,T00033,ELG,0.54329624,0.967796,1.0000
TG00008362,T00033,ELG,0.46032890,1.169097,1.0000
TG00008363,T00033,ELG,0.40621231,0.942149,1.0000
TG00008364,T00033,ELG,0.48916894,0.900109,1.0000
TG00008365,T00033,ELG,0.57196194,0.411838,1.0000
TG00008366,T00033,ELG,0.62766187,0.681094,1.0000
TG00008367,T00033,ELG,0.80119113,1.348717,1.0000
TG00008368,T00033,ELG,0.67010175,1.263048,1.0000
TG00008369,T00033,ELG,0.40217963,1.431257,1.0000
TG00008370,T00033,ELG,0.71095500,0.936359,1.0000
TG00008371,T00033,ELG,0.77809291,1.002882,1.0000
TG00008372,T00033,ELG,0.94392058,0.579040,1.0000
TG00008373,T00033,ELG,0.35085146,1.040672,1.0000
TG00008374,T00033,ELG,0.71736140,0.997142,1.0000
TG00008375,T00033,ELG,0.80737847,0.923072,1.0000
TG00008376,T00033,ELG,0.71608588,0.760553,1.0000
TG00008377,T00033,ELG,0.36040344,1.097046,1.0000
TG00008378,T00033,ELG,0.53501113,0.767900,1.0000
TG00008379,T00033,ELG,0.55055945,1.066166,1.0000
TG00008380,T00033,ELG,0.70525455,0.900253,1.0000
TG00008381,T00033,ELG,0.44780386,1.167112,1.0000
TG00008382,T00033,ELG,0.96042298,0.989925,1.0000
TG00008383,T00033,ELG,0.93506970,1.095983,1.0000
TG00008384,T00033,ELG,0.25694641,0.914278,1.0000
TG00008385,T00033,ELG,0.60361299,1.334900,1.0000
TG00008386,T00033,ELG,0.73489073,0.327049,1.0000
TG00008387,T00033,ELG,0.53507725,1.354534,1.0000
TG00008388,T00033,ELG,0.27062176,1.034083,1.0000
TG00008389,T00033,ELG,0.65679108,0.741860,1.0000
TG00008390,T00033,ELG,0.75451669,1.118519,1.0000
TG00008391,T00033,ELG,0.40288259,1.373600,1.0000
TG00008392,T00033,ELG,0.56494769,1.136777,1.0000
TG00008393,T00033,ELG,0.67213010,0.891723,1.0000
TG00008394,T00033,ELG,1.20797752,1.410783,1.0000
TG00008395,T00033,ELG,0.39017942,1.417235,1.0000
TG00008396,T00033,ELG,0.60518081,1.115737,1.0000
TG00008397,T00033,ELG,0.49288223,0.838680,1.0000
TG00008398,T00033,ELG,0.60943053,1.134567,1.0000
TG00008399,T00033,ELG,0.55420531,1.557177,1.0000
TG00008400,T00033,ELG,0.77503354,0.910841,1.0000
TG00008401,T00033,ELG,0.18056252,0.816374,1.0000
TG00008402,T00033,ELG,0.79813367,0.920030,1.0000
TG00008403,T00033,ELG,0.72633173,1.526059,1.0000
TG00008404,T00033,ELG,0.44774641,0.926187,1.0000
TG00008405,T00033,ELG,1.24147531,1.365271,1.0000
TG00008406,T00033,ELG,0.93833438,1.481729,1.0000
TG00008407,T00033,QSO,0.15691023,2.537750,1.7000
TG00008408,T00033,QSO,0.24243244,2.668595,1.7000
TG00008409,T00033,QSO,0.19373116,1.295060,1.7000
TG00008410,T00033,QSO,0.41125768,2.645688,1.7000
TG00008411,T00033,QSO,0.15497020,1.307996,1.7000
TG00008412,T00033,QSO,0.14163472,2.254087,1.7000
TG00008413,T00033,QSO,0.15161635,0.893789,1.7000
TG00008414,T00033,QSO,0.37680453,1.891301,1.7000
TG00008415,T00033,QSO,0.10524238,3.025582,1.7000
TG00008416,T00033,QSO,0.08621785,2.396608,1.7000
TG00008417,T00033,QSO,0.19033496,2.558787,1.7000
TG00008418,T00033,QSO,0.24986798,0.828912,1.7000
TG00008419,T00033,QSO,0.09193637,1.679143,1.7000
TG00008420,T00033,QSO,0.12637994,2.280766,1.7000
TG00008421,T00033,QSO,0.22500297,1.651865,1.7000
TG00008422,T00033,QSO,0.23754998,1.375650,1.7000
TG00008423,T00033,QSO,0.08913580,1.954519,1.7000
TG00008424,T00033,QSO,0.21356337,2.734750,1.7000
TG00008425,T00033,QSO,0.15807843,2.022584,1.7000
TG00008426,T00033,QSO,0.10958901,2.738566,1.7000
TG00008427,T00033,QSO,0.04410651,2.933815,1.7000
TG00008428,T00033,QSO,0.30177722,2.569509,1.7000
TG00008429,T00033,QSO,0.12634189,1.933244,1.7000
TG00008430,T00033,QSO,0.11298535,2.010974,1.7000
TG00008431,T00033,BGS,1.09309066,0.223428,0.4500
TG00008432,T00033,BGS,1.68248068,0.183267,0.4500
TG00008433,T00033,BGS,2.24514533,0.363830,0.4500
TG00008434,T00033,BGS,1.05618884,0.167768,0.4500
TG00008435,T00033,BGS,1.01848962,0.069807,0.4500
TG00008436,T00033,BGS,1.67743958,0.156019,0.4500
TG00008437,T00033,BGS,0.89095005,0.143643,0.4500
TG00008438,T00033,BGS,1.40575743,0.297693,0.4500
TG00008439,T00033,BGS,1.10512831,0.052288,0.4500
TG00008440,T00033,BGS,2.98037693,0.271131,0.4500
TG00008441,T00033,BGS,2.31331929,0.270095,0.4500
TG00008442,T00033,BGS,1.04305199,0.205090,0.4500
TG00008443,T00033,BGS,1.17127881,0.323807,0.4500
TG00008444,T00033,BGS,1.91383977,0.100364,0.4500
TG00008445,T00033,BGS,2.35241424,0.187210,0.4500
TG00008446,T00033,BGS,1.08159377,0.263033,0.4500
TG00008447,T00033,BGS,1.49728657,0.264525,0.4500
TG00008448,T00033,BGS,1.45263074,0.000000,0.4500
TG00008449,T00033,BGS,1.52829379,0.353923,0.4500
TG00008450,T00033,BGS,1.59622243,0.170979,0.4500
TG00008451,T00033,BGS,1.63228044,0.204563,0.4500
TG00008452,T00033,BGS,1.27014562,0.237846,0.4500
TG00008453,T00033,BGS,1.05265080,0.379855,0.4500
TG00008454,T00033,BGS,1.28298579,0.205350,0.4500
TG00008455,T00033,BGS,0.97534077,0.340633,0.4500
TG00008456,T00033,BGS,1.17481862,0.306701,0.4500
TG00008457,T00033,BGS,1.45014854,0.241852,0.4500
TG00008458,T00033,BGS,1.02205296,0.000000,0.4500
TG00008459,T00033,BGS,1.76330056,0.234587,0.4500
TG00008460,T00033,BGS,3.06862936,0.159110,0.4500
TG00008461,T00033,BGS,0.80713811,0.262960,0.4500
TG00008462,T00033,BGS,1.40091575,0.213009,0.4500
TG00008463,T00033,BGS,0.88131603,0.264395,0.4500
TG00008464,T00033,BGS,1.63955182,0.113036,0.4500
TG00008465,T00033,BGS,0.88655758,0.236909,0.4500
TG00008466,T00033,BGS,1.57527334,0.422709,0.4500
TG00008467,T00033,BGS,0.77930860,0.195422,0.4500
TG00008468,T00033,BGS,1.73985046,0.164593,0.4500
TG00008469,T00033,BGS,1.50084957,0.155150,0.4500
TG00008470,T00033,BGS,0.84809612,0.128498,0.4500
TG00008471,T00033,BGS,1.25433396,0.184768,0.4500
TG00008472,T00033,BGS,0.85898337,0.145231,0.4500
TG00008473,T00033,BGS,1.27844189,0.314982,0.4500
TG00008474,T00033,BGS,2.37047364,0.249194,0.4500
TG00008475,T00033,BGS,1.23794041,0.188314,0.4500
TG00008476,T00033,BGS,1.68482216,0.325913,0.4500
TG00008477,T00033,BGS,1.45859084,0.123411,0.4500
TG00008478,T00033,BGS,1.78676431,0.292308,0.4500
TG00008479,T00033,BGS,1.30850660,0.087094,0.4500
TG00008480,T00033,BGS,1.93226662,0.334929,0.4500
TG00008481,T00033,BGS,1.33037687,0.332201,0.4500
TG00008482,T00033,BGS,1.42625173,0.248296,0.4500
TG00008483,T00033,BGS,0.68450972,0.211331,0.4500
TG00008484,T00033,BGS,1.02217608,0.237496,0.4500
TG00008485,T00033,BGS,1.05866348,0.241920,0.4500
TG00008486,T00033,BGS,1.06887919,0.315965,0.4500
TG00008487,T00033,BGS,1.04844240,0.096306,0.4500
TG00008488,T00033,BGS,1.43105536,0.199297,0.4500
TG00008489,T00033,BGS,0.93338540,0.423748,0.4500
TG00008490,T00033,BGS,1.61768358,0.036021,0.4500
TG00008491,T00033,BGS,1.56424243,0.275538,0.4500
TG00008492,T00033,BGS,2.11505278,0.366594,0.4500
TG00008493,T00033,BGS,1.13095242,0.403593,0.4500
TG00008494,T00033,BGS,1.55585504,0.276557,0.4500
TG00008495,T00033,BGS,1.10857373,0.072010,0.4500
TG00008496,T00033,BGS,0.85260300,0.218001,0.4500
TG00008497,T00033,BGS,0.75910239,0.330021,0.4500
TG00008498,T00033,BGS,1.94985631,0.189714,0.4500
TG00008499,T00033,BGS,1.82535641,0.146695,0.4500
TG00008500,T00033,BGS,0.59235037,0.145948,0.4500
TG00008501,T00033,BGS,1.03590778,0.141250,0.4500
TG00008502,T00033,BGS,1.23764918,0.007136,0.4500
TG00008503,T00033,BGS,0.66013521,0.199859,0.4500
TG00008504,T00033,BGS,0.85414600,0.303745,0.4500
TG00008505,T00033,BGS,0.67013887,0.154442,0.4500
TG00008506,T00033,BGS,1.66933712,0.152098,0.4500
TG00008507,T00033,BGS,0.97275441,0.369492,0.4500
TG00008508,T00033,BGS,0.57238435,0.229382,0.4500
TG00008509,T00033,BGS,1.48555715,0.201275,0.4500
TG00008510,T00033,BGS,1.36107718,0.240745,0.4500
TG00008511,T00033,BGS,1.32752502,0.213535,0.4500
TG00008512,T00033,BGS,1.81097069,0.236639,0.4500
TG00008513,T00033,BGS,1.33941217,0.280581,0.4500
TG00008514,T00033,BGS,1.73891676,0.069749,0.4500
TG00008515,T00033,BGS,1.28057814,0.070503,0.4500
TG00008516,T00033,BGS,0.84283553,0.148925,0.4500
TG00008517,T00033,BGS,1.65840065,0.281226,0.4500
TG00008518,T00033,BGS,1.01756287,0.202463,0.4500
TG00008519,T00033,BGS,1.64611464,0.078259,0.4500
TG00008520,T00033,BGS,1.72989525,0.279970,0.4500
TG00008521,T00033,BGS,0.94584705,0.218612,0.4500
TG00008522,T00033,BGS,1.43619240,0.120611,0.4500
TG00008523,T00033,BGS,1.09158346,0.303477,0.4500
TG00008524,T00033,BGS,3.10223299,0.177919,0.4500
TG00008525,T00033,BGS,0.88140045,0.119036,0.4500
TG00008526,T00033,BGS,1.30158501,0.412284,0.4500
TG00008527,T00034,LRG,0.29905328,1.046423,1.0000
TG00008528,T00034,LRG,0.38356247,0.936856,1.0000
TG00008529,T00034,LRG,0.24744480,0.495414,1.0000
TG00008530,T00034,LRG,0.34473223,0.878551,1.0000
TG00008531,T00034,LRG,0.20657045,0.749899,1.0000
TG00008532,T00034,LRG,0.44700288,0.413615,1.0000
TG00008533,T00034,LRG,0.33386511,0.941146,1.0000
TG00008534,T00034,LRG,0.19819859,0.782678,1.0000
TG00008535,T00034,LRG,0.70771100,0.605098,1.0000
TG00008536,T00034,LRG,0.26474029,0.450086,1.0000
TG00008537,T00034,LRG,0.18880802,0.594500,1.0000
TG00008538,T00034,LRG,0.34728733,0.594710,1.0000
TG00008539,T00034,LRG,0.24687386,0.510728,1.0000
TG00008540,T00034,LRG,0.40579634,0.412515,1.0000
TG00008541,T00034,LRG,0.56039141,0.780147,1.0000
TG00008542,T00034,LRG,0.18425348,0.849541,1.0000
TG00008543,T00034,LRG,0.27690646,0.760955,1.0000
TG00008544,T00034,LRG,0.30437026,0.515460,1.0000
TG00008545,T00034,LRG,0.27158736,0.904351,1.0000
TG00008546,T00034,LRG,0.57439969,0.693627,1.0000
TG00008547,T00034,LRG,0.53144736,1.158221,1.0000
TG00008548,T00034,LRG,0.62641858,0.609881,1.0000
TG00008549,T00034,LRG,0.34822789,0.501256,1.0000
TG00008550,T00034,LRG,0.55471161,0.911265,1.0000
TG00008551,T00034,LRG,0.40243486,0.789860,1.0000
TG00008552,T00034,LRG,0.34696017,0.773309,1.0000
TG00008553,T00034,LRG,0.23445181,0.667107,1.0000
TG00008554,T00034,LRG,1.19934636,0.557536,1.0000
TG00008555,T00034,LRG,0.24708033,0.790408,1.0000
TG00008556,T00034,LRG,0.37202682,0.829889,1.0000
TG00008557,T00034,LRG,0.19458496,0.624810,1.0000
TG00008558,T00034,LRG,0.74621252,0.329699,1.0000
TG00008559,T00034,LRG,0.29457742,0.690068,1.0000
TG00008560,T00034,LRG,0.22697541,0.796575,1.0000
TG00008561,T00034,LRG,0.39378264,0.370134,1.0000
TG00008562,T00034,LRG,0.45419473,1.026334,1.0000
TG00008563,T00034,LRG,0.46790482,0.774445,1.0000
TG00008564,T00034,LRG,0.33841151,1.032489,1.0000
TG00008565,T00034,LRG,0.28738549,0.731232,1.0000
TG00008566,T00034,LRG,0.31509132,0.936277,1.0000
TG00008567,T00034,LRG,0.79755249,0.674586,1.0000
TG00008568,T00034,LRG,0.29105548,0.650999,1.0000
TG00008569,T00034,LRG,0.57603181,0.824258,1.0000
TG00008570,T00034,LRG,0.55313303,0.660062,1.0000
TG00008571,T00034,LRG,0.37046672,0.699864,1.0000
TG00008572,T00034,LRG,0.56014597,0.344242,1.0000
TG00008573,T00034,LRG,0.27227788,0.657805,1.0000
TG00008574,T00034,LRG,0.40920539,0.722954,1.0000
TG00008575,T00034,LRG,0.27872929,0.691665,1.0000
TG00008576,T00034,LRG,0.32764456,0.594765,1.0000
TG00008577,T00034,LRG,0.49644568,0.768074,1.0000
TG00008578,T00034,LRG,0.40431021,0.768250,1.0000
TG00008579,T00034,LRG,0.34622234,0.486419,1.0000
TG00008580,T00034,LRG,0.21368667,0.719252,1.0000
TG00008581,T00034,LRG,0.51617097,0.688193,1.0000
TG00008582,T00034,LRG,0.51689530,0.659923,1.0000
TG00008583,T00034,LRG,0.30888432,0.582958,1.0000
TG00008584,T00034,LRG,0.53256022,0.505369,1.0000
TG00008585,T00034,LRG,0.31187053,0.632911,1.0000
TG00008586,T00034,LRG,0.31208825,0.612839,1.0000
TG00008587,T00034,LRG,0.31737431,0.675606,1.0000
TG00008588,T00034,LRG,0.28965338,0.822568,1.0000
TG00008589,T00034,LRG,0.48162750,0.373363,1.0000
TG00008590,T00034,ELG,0.37652023,0.828604,1.0000
TG00008591,T00034,ELG,0.92715239,0.937299,1.0000
TG00008592,T00034,ELG,0.39364363,1.482654,1.0000
TG00008593,T00034,ELG,0.33697540,0.584199,1.0000
TG00008594,T00034,ELG,0.48823208,0.858195,1.0000
TG00008595,T00034,ELG,0.66986182,0.972328,1.0000
TG00008596,T00034,ELG,0.67838025,0.963170,1.0000
TG00008597,T00034,ELG,0.36695532,1.123623,1.0000
TG00008598,T00034,ELG,0.71819337,1.248353,1.0000
TG00008599,T00034,ELG,0.42487659,0.850756,1.0000
TG00008600,T00034,ELG,0.43073149,0.978050,1.0000
TG00008601,T00034,ELG,0.34531251,1.315963,1.0000
TG00008602,T00034,ELG,0.84365425,1.309965,1.0000
TG00008603,T00034,ELG,0.98168698,1.315525,1.0000
TG00008604,T00034,ELG,0.45842093,0.980399,1.0000
TG00008605,T00034,ELG,0.65645178,1.105067,1.0000
TG00008606,T00034,ELG,0.55673907,1.193041,1.0000
TG00008607,T00034,ELG,0.68461713,1.221694,1.0000
TG00008608,T00034,ELG,0.49482028,0.867901,1.0000
TG00008609,T00034,ELG,0.55516833,1.154132,1.0000
TG00008610,T00034,ELG,0.26416247,1.489155,1.0000
TG00008611,T00034,ELG,0.30621885,1.183295,1.0000
TG00008612,T00034,ELG,0.47290340,1.594619,1.0000
TG00008613,T00034,ELG,0.42217160,1.099740,1.0000
TG00008614,T00034,ELG,1.51823655,0.560653,1.0000
TG00008615,T00034,ELG,0.82406266,1.069377,1.0000
TG00008616,T00034,ELG,0.33779661,0.848098,1.0000
TG00008617,T00034,ELG,0.39548186,1.200687,1.0000
TG00008618,T00034,ELG,0.69390516,1.347023,1.0000
TG00008619,T00034,ELG,0.41886426,1.220821,1.0000
TG00008620,T00034,ELG,0.66881470,0.965400,1.0000
TG00008621,T00034,ELG,0.57173855,0.864438,1.0000
TG00008622,T00034,ELG,0.56753779,1.015362,1.0000
TG00008623,T00034,ELG,0.54852401,1.445585,1.0000
TG00008624,T00034,ELG,1.32357921,0.949956,1.0000
TG00008625,T00034,ELG,0.51969760,1.274912,1.0000
TG00008626,T00034,ELG,1.60874350,1.313734,1.0000
TG00008627,T00034,ELG,1.16862973,1.584633,1.0000
TG00008628,T00034,ELG,0.61536279,1.642412,1.0000
TG00008629,T00034,ELG,0.44517844,1.430779,1.0000
TG00008630,T00034,ELG,0.94206172,1.004748,1.0000
TG00008631,T00034,ELG,0.78558761,1.080750,1.0000
TG00008632,T00034,ELG,0.54347006,0.772193,1.0000
TG00008633,T00034,ELG,0.36154148,0.992392,1.0000
TG00008634,T00034,ELG,0.40249273,1.158932,1.0000
TG00008635,T00034,ELG,1.08164507,1.123549,1.0000
TG00008636,T00034,ELG,0.82394357,0.795531,1.0000
TG00008637,T00034,ELG,0.31810022,1.361848,1.0000
TG00008638,T00034,ELG,0.35244965,1.068432,1.0000
TG00008639,T00034,ELG,0.91062676,0.909629,1.0000
TG00008640,T00034,ELG,0.57182908,0.960925,1.0000
TG00008641,T00034,ELG,0.44975916,1.299182,1.0000
TG00008642,T00034,ELG,1.61032783,0.920203,1.0000
TG00008643,T00034,ELG,0.71717106,0.851124,1.0000
TG00008644,T00034,ELG,0.33403156,0.915513,1.0000
TG00008645,T00034,ELG,0.86430147,1.637246,1.0000
TG00008646,T00034,ELG,0.48274285,1.244196,1.0000
TG00008647,T00034,ELG,0.45951761,0.965817,1.0000
TG00008648,T00034,ELG,0.40416838,0.643924,1.0000
TG00008649,T00034,ELG,1.16668907,1.478607,1.0000
TG00008650,T00034,ELG,0.39444872,1.439259,1.0000
TG00008651,T00034,ELG,0.44865549,1.030112,1.0000
TG00008652,T00034,ELG,0.63949930,1.226886,1.0000
TG00008653,T00034,ELG,0.39070325,1.171443,1.0000
TG00008654,T00034,ELG,0.60174493,0.927398,1.0000
TG00008655,T00034,ELG,0.41297005,1.542461,1.0000
TG00008656,T00034,ELG,0.59078940,1.768832,1.0000
TG00008657,T00034,ELG,1.07224508,1.146880,1.0000
TG00008658,T00034,ELG,0.65261611,1.586557,1.0000
TG00008659,T00034,ELG,0.37592046,0.678004,1.0000
TG00008660,T00034,ELG,0.50306500,1.059164,1.0000
TG00008661,T00034,ELG,0.88582442,0.866783,1.0000
TG00008662,T00034,ELG,0.79434260,0.564221,1.0000
TG00008663,T00034,ELG,0.33753259,1.252619,1.0000
TG00008664,T00034,ELG,0.46846780,1.697100,1.0000
TG00008665,T00034,ELG,0.63047948,1.039300,1.0000
TG00008666,T00034,QSO,0.35460006,2.022948,1.7000
TG00008667,T00034,QSO,0.32655950,1.525294,1.7000
TG00008668,T00034,QSO,0.21075481,2.087459,1.7000
TG00008669,T00034,QSO,0.16902060,2.250784,1.7000
TG00008670,T00034,QSO,0.21446442,3.066451,1.7000
TG00008671,T00034,QSO,0.14696405,2.641608,1.7000
TG00008672,T00034,QSO,0.22973263,2.986551,1.7000
TG00008673,T00034,QSO,0.15537117,2.652176,1.7000
TG00008674,T00034,QSO,0.15247098,1.479668,1.7000
TG00008675,T00034,QSO,0.06206881,2.120634,1.7000
TG00008676,T00034,QSO,0.08757202,0.957170,1.7000
TG00008677,T00034,QSO,0.12572001,2.048331,1.7000
TG00008678,T00034,QSO,0.18627249,1.881380,1.7000
TG00008679,T00034,QSO,0.27249499,2.217405,1.7000
TG00008680,T00034,QSO,0.18528151,2.612465,1.7000
TG00008681,T00034,BGS,1.04456982,0.044663,0.4500
TG00008682,T00034,BGS,1.19098258,0.264556,0.4500
TG00008683,T00034,BGS,0.93418563,0.212424,0.4500
TG00008684,T00034,BGS,0.84026655,0.347915,0.4500
TG00008685,T00034,BGS,0.91272965,0.213648,0.4500
TG00008686,T00034,BGS,1.03170443,0.218994,0.4500
TG00008687,T00034,BGS,1.16199852,0.235454,0.4500
TG00008688,T00034,BGS,0.86153678,0.260976,0.4500
TG00008689,T00034,BGS,1.50315716,0.190267,0.4500
TG00008690,T00034,BGS,2.17414381,0.253879,0.4500
TG00008691,T00034,BGS,1.25879367,0.270920,0.4500
TG00008692,T00034,BGS,0.99287351,0.228219,0.4500
TG00008693,T00034,BGS,1.32444038,0.245132,0.4500
TG00008694,T00034,BGS,0.96503299,0.321973,0.4500
TG00008695,T00034,BGS,1.25554571,0.237296,0.4500
TG00008696,T00034,BGS,1.20091010,0.175195,0.4500
TG00008697,T00034,BGS,2.13677289,0.222086,0.4500
TG00008698,T00034,BGS,1.21553864,0.175905,0.4500
TG00008699,T00034,BGS,1.81319420,0.285128,0.4500
TG00008700,T00034,BGS,1.36930963,0.169393,0.4500
TG00008701,T00034,BGS,2.69126068,0.283928,0.4500
TG00008702,T00034,BGS,0.85694396,0.260018,0.4500
TG00008703,T00034,BGS,1.07626878,0.092314,0.4500
TG00008704,T00034,BGS,1.06826167,0.307002,0.4500
TG00008705,T00034,BGS,2.43666855,0.123612,0.4500
TG00008706,T00034,BGS,1.13098558,0.219772,0.4500
TG00008707,T00034,BGS,1.19848390,0.300331,0.4500
TG00008708,T00034,BGS,0.75522260,0.200748,0.4500
TG00008709,T00034,BGS,1.82899970,0.157046,0.4500
TG00008710,T00034,BGS,0.79185835,0.189389,0.4500
TG00008711,T00034,BGS,1.28219626,0.293482,0.4500
TG00008712,T00034,BGS,1.18543876,0.317988,0.4500
TG00008713,T00034,BGS,0.85233612,0.228810,0.4500
TG00008714,T00034,BGS,1.06175242,0.107215,0.4500
TG00008715,T00034,BGS,0.79998798,0.283811,0.4500
TG00008716,T00034,BGS,1.51247307,0.000000,0.4500
TG00008717,T00034,BGS,2.02373051,0.231473,0.4500
TG00008718,T00034,BGS,0.79232789,0.239275,0.4500
TG00008719,T00034,BGS,1.91859078,0.386543,0.4500
TG00008720,T00034,BGS,1.14915714,0.191866,0.4500
TG00008721,T00034,BGS,1.13912598,0.107900,0.4500
TG00008722,T00034,BGS,1.64205773,0.284194,0.4500
TG00008723,T00034,BGS,1.20252748,0.131179,0.4500
TG00008724,T00034,BGS,0.99737896,0.100501,0.4500
TG00008725,T00034,BGS,1.23659708,0.342915,0.4500
TG00008726,T00034,BGS,1.54182114,0.261915,0.4500
TG00008727,T00034,BGS,1.42883580,0.155326,0.4500
TG00008728,T00034,BGS,0.93362919,0.276431,0.4500
TG00008729,T00034,BGS,1.34473646,0.310791,0.4500
TG00008730,T00034,BGS,1.58716927,0.205997,0.4500
TG00008731,T00034,BGS,1.29247346,0.083719,0.4500
TG00008732,T00034,BGS,2.81369039,0.261715,0.4500
TG00008733,T00034,BGS,1.13710505,0.267157,0.4500
TG00008734,T00034,BGS,0.99723099,0.244898,0.4500
TG00008735,T00034,BGS,1.03088190,0.295034,0.4500
TG00008736,T00034,BGS,1.43683858,0.148403,0.4500
TG00008737,T00034,BGS,0.71242632,0.240565,0.4500
TG00008738,T00034,BGS,1.02778188,0.163398,0.4500
TG00008739,T00034,BGS,0.66535615,0.114545,0.4500
TG00008740,T00034,BGS,1.33414874,0.152216,0.4500
TG00008741,T00034,BGS,1.11551778,0.192230,0.4500
TG00008742,T00034,BGS,1.51537645,0.003733,0.4500
TG00008743,T00034,BGS,1.73649228,0.217531,0.4500
TG00008744,T00034,BGS,2.10454059,0.245116,0.4500
TG00008745,T00034,BGS,1.20852029,0.278392,0.4500
TG00008746,T00034,BGS,1.04431387,0.298588,0.4500
TG00008747,T00034,BGS,0.76961443,0.202682,0.4500
TG00008748,T00034,BGS,1.61141667,0.119902,0.4500
TG00008749,T00034,BGS,1.47311281,0.102025,0.4500
TG00008750,T00034,BGS,0.66497486,0.243150,0.4500
TG00008751,T00034,BGS,1.18558547,0.299997,0.4500
TG00008752,T00034,BGS,1.58042267,0.239607,0.4500
TG00008753,T00035,LRG,0.36581966,0.728665,1.0000
TG00008754,T00035,LRG,0.39521870,0.862560,1.0000
TG00008755,T00035,LRG,0.46727861,0.476796,1.0000
TG00008756,T00035,LRG,0.65114827,0.967334,1.0000
TG00008757,T00035,LRG,0.29717586,0.431401,1.0000
TG00008758,T00035,LRG,0.44400754,0.797198,1.0000
TG00008759,T00035,LRG,0.28018029,0.866290,1.0000
TG00008760,T00035,LRG,0.64508574,1.153713,1.0000
TG00008761,T00035,LRG,0.40890917,0.640448,1.0000
TG00008762,T00035,LRG,0.26033569,0.433914,1.0000
TG00008763,T00035,LRG,0.28217076,0.838355,1.0000
TG00008764,T00035,LRG,0.61448978,0.405865,1.0000
TG00008765,T00035,LRG,0.41427898,0.930316,1.0000
TG00008766,T00035,LRG,0.16353172,0.418806,1.0000
TG00008767,T00035,LRG,0.40607307,0.845720,1.0000
TG00008768,T00035,LRG,0.32543921,0.794298,1.0000
TG00008769,T00035,LRG,0.40066531,0.724726,1.0000
TG00008770,T00035,LRG,0.34748013,0.803030,1.0000
TG00008771,T00035,LRG,0.21760473,0.716101,1.0000
TG00008772,T00035,LRG,0.27506937,0.516899,1.0000
TG00008773,T00035,LRG,0.59337223,0.611951,1.0000
TG00008774,T00035,LRG,0.24687584,0.442934,1.0000
TG00008775,T00035,LRG,0.31483704,0.666110,1.0000
TG00008776,T00035,LRG,0.31543641,0.708421,1.0000
TG00008777,T00035,LRG,0.50961520,0.730700,1.0000
TG00008778,T00035,LRG,0.44033094,0.431134,1.0000
TG00008779,T00035,LRG,0.44959746,0.649667,1.0000
TG00008780,T00035,LRG,0.38248905,0.767718,1.0000
TG00008781,T00035,LRG,0.32212706,0.617782,1.0000
TG00008782,T00035,LRG,0.30945990,0.666832,1.0000
TG00008783,T00035,LRG,0.39042722,0.771166,1.0000
TG00008784,T00035,LRG,0.27522926,0.740350,1.0000
TG00008785,T00035,LRG,0.48180164,0.837719,1.0000
TG00008786,T00035,LRG,0.42981219,0.376393,1.0000
TG00008787,T00035,LRG,0.41731133,0.689269,1.0000
TG00008788,T00035,LRG,0.31722194,0.635465,1.0000
TG00008789,T00035,LRG,0.43525399,0.503668,1.0000
TG00008790,T00035,LRG,0.30561883,0.531445,1.0000
TG00008791,T00035,LRG,0.38962556,0.850694,1.0000
TG00008792,T00035,LRG,0.43203763,0.503492,1.0000
TG00008793,T00035,LRG,0.30745121,1.180030,1.0000
TG00008794,T00035,LRG,0.55373678,0.801462,1.0000
TG00008795,T00035,LRG,0.39233827,0.641510,1.0000
TG00008796,T00035,LRG,0.50894838,0.581432,1.0000
TG00008797,T00035,LRG,0.28049042,0.796945,1.0000
TG00008798,T00035,LRG,0.34640402,0.749714,1.0000
TG00008799,T00035,LRG,0.53702815,0.754105,1.0000
TG00008800,T00035,LRG,0.30409519,0.774296,1.0000
TG00008801,T00035,LRG,0.17073416,0.975366,1.0000
TG00008802,T00035,LRG,0.19327978,0.627854,1.0000
TG00008803,T00035,LRG,0.35382663,0.893248,1.0000
TG00008804,T00035,LRG,0.18763515,0.689643,1.0000
TG00008805,T00035,LRG,0.51662222,0.699450,1.0000
TG00008806,T00035,LRG,0.73892164,0.674886,1.0000
TG00008807,T00035,LRG,0.36346093,0.598007,1.0000
TG00008808,T00035,LRG,0.26982546,0.373082,1.0000
TG00008809,T00035,LRG,0.62016347,0.821994,1.0000
TG00008810,T00035,LRG,0.34042315,0.694008,1.0000
TG00008811,T00035,LRG,0.13000256,0.345209,1.0000
TG00008812,T00035,LRG,0.47958364,0.853350,1.0000
TG00008813,T00035,LRG,0.22327832,0.798403,1.0000
TG00008814,T00035,LRG,0.60823033,0.543357,1.0000
TG00008815,T00035,LRG,0.33633020,0.625731,1.0000
TG00008816,T00035,LRG,0.36642516,0.868352,1.0000
TG00008817,T00035,ELG,0.72965520,0.786284,1.0000
TG00008818,T00035,ELG,0.43623887,0.955950,1.0000
TG00008819,T00035,ELG,0.34139346,1.288197,1.0000
TG00008820,T00035,ELG,0.36432277,1.577308,1.0000
TG00008821,T00035,ELG,0.39345641,1.094888,1.0000
TG00008822,T00035,ELG,0.45136336,0.911271,1.0000
TG00008823,T00035,ELG,0.62248856,0.984128,1.0000
TG00008824,T00035,ELG,0.70348052,1.212160,1.0000
TG00008825,T00035,ELG,0.45936878,0.917111,1.0000
TG00008826,T00035,ELG,0.65751659,0.893848,1.0000
TG00008827,T00035,ELG,0.39769027,1.455691,1.0000
TG00008828,T00035,ELG,0.53174668,0.787510,1.0000
TG00008829,T00035,ELG,0.62222685,1.138560,1.0000
TG00008830,T00035,ELG,0.37827923,1.056130,1.0000
TG00008831,T00035,ELG,0.28232862,1.420917,1.0000
TG00008832,T00035,ELG,0.73769595,0.622226,1.0000
TG00008833,T00035,ELG,1.06858422,1.397387,1.0000
TG00008834,T00035,ELG,0.47814233,1.498484,1.0000
TG00008835,T00035,ELG,0.34051850,0.956170,1.0000
TG00008836,T00035,ELG,0.89347938,1.192764,1.0000
TG00008837,T00035,ELG,0.54171513,1.111976,1.0000
TG00008838,T00035,ELG,0.41002447,0.702271,1.0000
TG00008839,T00035,ELG,0.68919135,0.963370,1.0000
TG00008840,T00035,ELG,0.43034935,0.974648,1.0000
TG00008841,T00035,ELG,0.75137076,0.820115,1.0000
TG00008842,T00035,ELG,0.86162068,1.024397,1.0000
TG00008843,T00035,ELG,0.41070271,0.918727,1.0000
TG00008844,T00035,ELG,0.58333532,1.320070,1.0000
TG00008845,T00035,ELG,0.53186171,1.341152,1.0000
TG00008846,T00035,ELG,0.63098261,1.150224,1.0000
TG00008847,T00035,ELG,0.58397876,1.107995,1.0000
TG00008848,T00035,ELG,0.55932211,1.228950,1.0000
TG00008849,T00035,ELG,0.62289943,1.382191,1.0000
TG00008850,T00035,ELG,0.33936257,1.176935,1.0000
TG00008851,T00035,ELG,0.32783941,1.466498,1.0000
TG00008852,T00035,ELG,0.42025656,1.338054,1.0000
TG00008853,T00035,ELG,0.58459072,1.014171,1.0000
TG00008854,T00035,ELG,0.28440806,1.145880,1.0000
TG00008855,T00035,ELG,0.40920122,1.309546,1.0000
TG00008856,T00035,ELG,1.16217079,1.334096,1.0000
TG00008857,T00035,ELG,0.67657719,0.922944,1.0000
TG00008858,T00035,ELG,1.42311281,1.067735,1.0000
TG00008859,T00035,ELG,0.44072531,1.563745,1.0000
TG00008860,T00035,ELG,0.49219859,1.582653,1.0000
TG00008861,T00035,ELG,0.80734467,0.855656,1.0000
TG00008862,T00035,ELG,0.79314571,0.873515,1.0000
TG00008863,T00035,ELG,0.43870225,1.176673,1.0000
TG00008864,T00035,ELG,0.60055962,0.975766,1.0000
TG00008865,T00035,ELG,0.63177224,0.916294,1.0000
TG00008866,T00035,ELG,0.49397134,1.496596,1.0000
TG00008867,T00035,ELG,0.44407607,1.069417,1.0000
TG00008868,T00035,ELG,0.40993083,0.961186,1.0000
TG00008869,T00035,ELG,0.55208803,1.666733,1.0000
TG00008870,T00035,ELG,0.34251738,1.086972,1.0000
TG00008871,T00035,ELG,0.50073881,0.871865,1.0000
TG00008872,T00035,ELG,0.43603073,1.102799,1.0000
TG00008873,T00035,ELG,0.96456996,1.268703,1.0000
TG00008874,T00035,ELG,0.57516523,1.252229,1.0000
TG00008875,T00035,ELG,0.58971957,1.171841,1.0000
TG00008876,T00035,ELG,0.31718240,0.833872,1.0000
TG00008877,T00035,ELG,0.27537639,1.248034,1.0000
TG00008878,T00035,ELG,0.48042253,1.305708,1.0000
TG00008879,T00035,ELG,0.89903817,1.095209,1.0000
TG00008880,T00035,ELG,0.60283900,1.211382,1.0000
TG00008881,T00035,ELG,0.50190262,1.014921,1.0000
TG00008882,T00035,ELG,0.50338784,0.925663,1.0000
TG00008883,T00035,ELG,0.50256351,0.929024,1.0000
TG00008884,T00035,ELG,1.12697741,1.075880,1.0000
TG00008885,T00035,ELG,0.42040536,0.857651,1.0000
TG00008886,T00035,ELG,0.48293245,0.889613,1.0000
TG00008887,T00035,ELG,0.32372335,0.707295,1.0000
TG00008888,T00035,ELG,0.45644859,1.023894,1.0000
TG00008889,T00035,ELG,0.92171939,1.095378,1.0000
TG00008890,T00035,ELG,0.63851020,1.344487,1.0000
TG00008891,T00035,ELG,0.77988411,0.866516,1.0000
TG00008892,T00035,ELG,0.56493310,1.381907,1.0000
TG00008893,T00035,ELG,0.99431199,1.287558,1.0000
TG00008894,T00035,ELG,0.68640110,1.349120,1.0000
TG00008895,T00035,ELG,0.43419201,1.375801,1.0000
TG00008896,T00035,ELG,0.66948625,1.065454,1.0000
TG00008897,T00035,ELG,0.68683740,1.526847,1.0000
TG00008898,T00035,ELG,0.38006203,1.206680,1.0000
TG00008899,T00035,ELG,0.32401427,0.783216,1.0000
TG00008900,T00035,ELG,0.54507602,0.756241,1.0000
TG00008901,T00035,ELG,0.73103031,1.288512,1.0000
TG00008902,T00035,ELG,0.95207868,1.189934,1.0000
TG00008903,T00035,ELG,0.67810730,0.991867,1.0000
TG00008904,T00035,ELG,0.75248237,1.279920,1.0000
TG00008905,T00035,ELG,0.55025170,1.533906,1.0000
TG00008906,T00035,ELG,0.36970642,1.020309,1.0000
TG00008907,T00035,ELG,0.64710657,1.096735,1.0000
TG00008908,T00035,ELG,0.48778614,1.309680,1.0000
TG00008909,T00035,ELG,0.75648984,1.392707,1.0000
TG00008910,T00035,ELG,0.34474063,1.232919,1.0000
TG00008911,T00035,ELG,0.82687332,1.035064,1.0000
TG00008912,T00035,ELG,0.67666308,0.806791,1.0000
TG00008913,T00035,ELG,0.87675651,1.175589,1.0000
TG00008914,T00035,ELG,0.33826738,1.086161,1.0000
TG00008915,T00035,ELG,0.70035711,0.693452,1.0000
TG00008916,T00035,ELG,0.27899696,1.335967,1.0000
TG00008917,T00035,ELG,0.69310820,1.041873,1.0000
TG00008918,T00035,ELG,0.64627243,1.580189,1.0000
TG00008919,T00035,ELG,0.63920257,1.499984,1.0000
TG00008920,T00035,ELG,1.16697936,0.783454,1.0000
TG00008921,T00035,ELG,0.20320139,1.387351,1.0000
TG00008922,T00035,ELG,0.31269813,0.738566,1.0000
TG00008923,T00035,ELG,0.64766303,1.047632,1.0000
TG00008924,T00035,ELG,0.81399257,1.310160,1.0000
TG00008925,T00035,ELG,0.42805949,1.395430,1.0000
TG00008926,T00035,ELG,0.50662564,1.672257,1.0000
TG00008927,T00035,ELG,0.67976093,1.337193,1.0000
TG00008928,T00035,ELG,2.29173663,0.584961,1.0000
TG00008929,T00035,ELG,0.54824423,0.695336,1.0000
TG00008930,T00035,ELG,0.34159342,1.081911,1.0000
TG00008931,T00035,ELG,0.46945593,1.362678,1.0000
TG00008932,T00035,ELG,0.26821737,0.726919,1.0000
TG00008933,T00035,ELG,0.51767303,1.040903,1.0000
TG00008934,T00035,ELG,0.51568343,1.667406,1.0000
TG00008935,T00035,ELG,0.29182764,1.157384,1.0000
TG00008936,T00035,ELG,0.48705112,1.176967,1.0000
TG00008937,T00035,ELG,0.28799770,1.063186,1.0000
TG00008938,T00035,ELG,0.42822791,1.040532,1.0000
TG00008939,T00035,ELG,0.94540571,1.184650,1.0000
TG00008940,T00035,ELG,0.68059350,1.548529,1.0000
TG00008941,T00035,QSO,0.15548372,1.027392,1.7000
TG00008942,T00035,QSO,0.13984081,1.628582,1.7000
TG00008943,T00035,QSO,0.17125457,0.772881,1.7000
TG00008944,T00035,QSO,0.44831505,3.181726,1.7000
TG00008945,T00035,QSO,0.16997083,2.192165,1.7000
TG00008946,T00035,QSO,0.28868213,2.968990,1.7000
TG00008947,T00035,QSO,0.16123200,2.673694,1.7000
TG00008948,T00035,QSO,0.14861048,2.770207,1.7000
TG00008949,T00035,QSO,0.26403768,2.547384,1.7000
TG00008950,T00035,QSO,0.10442021,1.895425,1.7000
TG00008951,T00035,QSO,0.26215629,2.972261,1.7000
TG00008952,T00035,QSO,0.41082385,2.441810,1.7000
TG00008953,T00035,QSO,0.29211996,1.728023,1.7000
TG00008954,T00035,QSO,0.55873554,1.773118,1.7000
TG00008955,T00035,QSO,0.26353592,2.630103,1.7000
TG00008956,T00035,QSO,0.13316870,2.439835,1.7000
TG00008957,T00035,QSO,0.07633541,1.122709,1.7000
TG00008958,T00035,QSO,0.17127537,2.638676,1.7000
TG00008959,T00035,BGS,1.26265069,0.219222,0.4500
TG00008960,T00035,BGS,1.73903171,0.269377,0.4500
TG00008961,T00035,BGS,1.56219008,0.040728,0.4500
TG00008962,T00035,BGS,0.71775692,0.172699,0.4500
TG00008963,T00035,BGS,1.51970151,0.292431,0.4500
TG00008964,T00035,BGS,1.32898764,0.440186,0.4500
TG00008965,T00035,BGS,1.55523042,0.260535,0.4500
TG00008966,T00035,BGS,1.86024372,0.265735,0.4500
TG00008967,T00035,BGS,1.07531535,0.353000,0.4500
TG00008968,T00035,BGS,0.84715130,0.276516,0.4500
TG00008969,T00035,BGS,1.17817920,0.135599,0.4500
TG00008970,T00035,BGS,1.67552456,0.069574,0.4500
TG00008971,T00035,BGS,1.30645460,0.183688,0.4500
TG00008972,T00035,BGS,1.56873968,0.090733,0.4500
TG00008973,T00035,BGS,1.12998597,0.134515,0.4500
TG00008974,T00035,BGS,1.23028835,0.136547,0.4500
TG00008975,T00035,BGS,1.60148853,0.258141,0.4500
TG00008976,T00035,BGS,1.37058735,0.343473,0.4500
TG00008977,T00035,BGS,1.06223255,0.253261,0.4500
TG00008978,T00035,BGS,1.44878727,0.115320,0.4500
TG00008979,T00035,BGS,1.11624786,0.148129,0.4500
TG00008980,T00035,BGS,0.88462393,0.203317,0.4500
TG00008981,T00035,BGS,1.24491415,0.281194,0.4500
TG00008982,T00035,BGS,1.39473047,0.170347,0.4500
TG00008983,T00035,BGS,0.87105669,0.189816,0.4500
TG00008984,T00035,BGS,1.52636335,0.266685,0.4500
TG00008985,T00035,BGS,1.73906381,0.357173,0.4500
TG00008986,T00035,BGS,2.55394308,0.128652,0.4500
TG00008987,T00035,BGS,1.26924307,0.244507,0.4500
TG00008988,T00035,BGS,0.99231476,0.103737,0.4500
TG00008989,T00035,BGS,1.79554884,0.134904,0.4500
TG00008990,T00035,BGS,1.70334931,0.253778,0.4500
TG00008991,T00035,BGS,2.93144216,0.152688,0.4500
TG00008992,T00035,BGS,0.84717675,0.093812,0.4500
TG00008993,T00035,BGS,1.48476337,0.390316,0.4500
TG00008994,T00035,BGS,1.21354643,0.036803,0.4500
TG00008995,T00035,BGS,0.98011304,0.333910,0.4500
TG00008996,T00035,BGS,1.16619746,0.028291,0.4500
TG00008997,T00035,BGS,1.18067096,0.266907,0.4500
TG00008998,T00035,BGS,0.99278766,0.244213,0.4500
TG00008999,T00035,BGS,1.01614399,0.231234,0.4500
TG00009000,T00035,BGS,2.14147711,0.220523,0.4500
TG00009001,T00035,BGS,2.04688357,0.303538,0.4500
TG00009002,T00035,BGS,1.29130533,0.319946,0.4500
TG00009003,T00035,BGS,1.05660865,0.279851,0.4500
TG00009004,T00035,BGS,0.88593510,0.211313,0.4500
TG00009005,T00035,BGS,1.01598008,0.185131,0.4500
TG00009006,T00035,BGS,1.10361064,0.156553,0.4500
TG00009007,T00035,BGS,1.39624146,0.174185,0.4500
TG00009008,T00035,BGS,1.29911549,0.336788,0.4500
TG00009009,T00035,BGS,0.93610261,0.133628,0.4500
TG00009010,T00035,BGS,1.22000170,0.170853,0.4500
TG00009011,T00035,BGS,1.36333857,0.139087,0.4500
TG00009012,T00035,BGS,1.32332162,0.238266,0.4500
TG00009013,T00035,BGS,0.87175474,0.132523,0.4500
TG00009014,T00035,BGS,1.29410817,0.101429,0.4500
TG00009015,T00036,LRG,0.63223789,0.902280,1.0000
TG00009016,T00036,LRG,0.33361214,0.789389,1.0000
TG00009017,T00036,LRG,0.29291861,0.734339,1.0000
TG00009018,T00036,LRG,0.29724525,0.391551,1.0000
TG00009019,T00036,LRG,0.33715159,0.607327,1.0000
TG00009020,T00036,LRG,0.35989817,0.516600,1.0000
TG00009021,T00036,LRG,0.50837949,0.903493,1.0000
TG00009022,T00036,LRG,0.35887757,0.955894,1.0000
TG00009023,T00036,LRG,0.75503420,0.834496,1.0000
TG00009024,T00036,LRG,0.48562352,1.008789,1.0000
TG00009025,T00036,LRG,0.22265271,0.644872,1.0000
TG00009026,T00036,LRG,0.24150195,0.961801,1.0000
TG00009027,T00036,LRG,0.45151679,0.688289,1.0000
TG00009028,T00036,LRG,0.27239488,0.801936,1.0000
TG00009029,T00036,LRG,0.41795919,0.702569,1.0000
TG00009030,T00036,LRG,0.18671768,0.657120,1.0000
TG00009031,T00036,LRG,0.26913805,0.903077,1.0000
TG00009032,T00036,LRG,0.51723688,1.039764,1.0000
TG00009033,T00036,LRG,0.49205715,0.628230,1.0000
TG00009034,T00036,LRG,0.26019729,0.633686,1.0000
TG00009035,T00036,LRG,0.20702307,0.677303,1.0000
TG00009036,T00036,LRG,0.57579300,0.620187,1.0000
TG00009037,T00036,LRG,0.35914321,0.630857,1.0000
TG00009038,T00036,LRG,0.71321943,0.835730,1.0000
TG00009039,T00036,LRG,0.42907182,0.664498,1.0000
TG00009040,T00036,LRG,0.27722792,0.565921,1.0000
TG00009041,T00036,LRG,0.42528526,0.873241,1.0000
TG00009042,T00036,LRG,0.40482216,0.509796,1.0000
TG00009043,T00036,LRG,0.37240564,0.582345,1.0000
TG00009044,T00036,LRG,0.40867770,0.378811,1.0000
TG00009045,T00036,LRG,0.29601570,0.542367,1.0000
TG00009046,T00036,LRG,0.26311413,0.873546,1.0000
TG00009047,T00036,LRG,0.50203009,0.638116,1.0000
TG00009048,T00036,LRG,0.29433680,0.509325,1.0000
TG00009049,T00036,LRG,0.31306284,0.382328,1.0000
TG00009050,T00036,LRG,0.37319354,0.589896,1.0000
TG00009051,T00036,LRG,0.49530317,0.724752,1.0000
TG00009052,T00036,LRG,0.21415511,0.793873,1.0000
TG00009053,T00036,LRG,0.32004064,0.481953,1.0000
TG00009054,T00036,LRG,0.36129238,1.032841,1.0000
TG00009055,T00036,LRG,0.36323903,0.742641,1.0000
TG00009056,T00036,LRG,0.37416965,0.783366,1.0000
TG00009057,T00036,LRG,0.32944450,0.679244,1.0000
TG00009058,T00036,LRG,0.42975699,0.661736,1.0000
TG00009059,T00036,LRG,0.46302149,0.947416,1.0000
TG00009060,T00036,LRG,0.33334954,0.803983,1.0000
TG00009061,T00036,LRG,0.41863150,0.687295,1.0000
TG00009062,T00036,LRG,0.40904716,0.772288,1.0000
TG00009063,T00036,LRG,0.50669267,0.656949,1.0000
TG00009064,T00036,ELG,0.39882086,1.463335,1.0000
TG00009065,T00036,ELG,0.79633677,1.431385,1.0000
TG00009066,T00036,ELG,1.02693748,1.495616,1.0000
TG00009067,T00036,ELG,0.46826718,1.368705,1.0000
TG00009068,T00036,ELG,0.29635526,1.394746,1.0000
TG00009069,T00036,ELG,1.05942877,1.127143,1.0000
TG00009070,T00036,ELG,1.63857138,1.413851,1.0000
TG00009071,T00036,ELG,0.32578537,1.049392,1.0000
TG00009072,T00036,ELG,0.34623768,1.373450,1.0000
TG00009073,T00036,ELG,1.13441775,1.340295,1.0000
TG00009074,T00036,ELG,0.55794443,1.439998,1.0000
TG00009075,T00036,ELG,0.75675595,1.216528,1.0000
TG00009076,T00036,ELG,0.73848771,1.051689,1.0000
TG00009077,T00036,ELG,1.60587566,0.827571,1.0000
TG00009078,T00036,ELG,0.59778397,0.644821,1.0000
TG00009079,T00036,ELG,0.77092380,1.096981,1.0000
TG00009080,T00036,ELG,1.23804887,0.977829,1.0000
TG00009081,T00036,ELG,0.65253958,1.154789,1.0000
TG00009082,T00036,ELG,0.43704520,0.517183,1.0000
TG00009083,T00036,ELG,0.66412659,1.002705,1.0000
TG00009084,T00036,ELG,0.47106199,0.655534,1.0000
TG00009085,T00036,ELG,0.74929355,1.655081,1.0000
TG00009086,T00036,ELG,1.38583647,0.468838,1.0000
TG00009087,T00036,ELG,0.47450676,1.514110,1.0000
TG00009088,T00036,ELG,0.95600116,1.192931,1.0000
TG00009089,T00036,ELG,0.80613629,1.555194,1.0000
TG00009090,T00036,ELG,0.46040533,1.361211,1.0000
TG00009091,T00036,ELG,0.66858071,1.370156,1.0000
TG00009092,T00036,ELG,0.63888163,1.194378,1.0000
TG00009093,T00036,ELG,0.80446874,1.279577,1.0000
TG00009094,T00036,ELG,0.41607933,1.244254,1.0000
TG00009095,T00036,ELG,0.94379398,1.193913,1.0000
TG00009096,T00036,ELG,0.30546200,1.522151,1.0000
TG00009097,T00036,ELG,0.39909689,1.380677,1.0000
TG00009098,T00036,ELG,0.73951576,0.873115,1.0000
TG00009099,T00036,ELG,0.73637223,0.918464,1.0000
TG00009100,T00036,ELG,0.64765020,1.113854,1.0000
TG00009101,T00036,ELG,0.70440068,1.418502,1.0000
TG00009102,T00036,ELG,0.79248375,1.783926,1.0000
TG00009103,T00036,ELG,0.41601421,1.443283,1.0000
TG00009104,T00036,ELG,0.67165755,1.250330,1.0000
TG00009105,T00036,ELG,0.71413753,1.184255,1.0000
TG00009106,T00036,ELG,0.85021308,1.273694,1.0000
TG00009107,T00036,ELG,0.19672795,0.894352,1.0000
TG00009108,T00036,ELG,0.56192141,1.379458,1.0000
TG00009109,T00036,ELG,0.42201886,0.924532,1.0000
TG00009110,T00036,ELG,0.40804263,1.040052,1.0000
TG00009111,T00036,ELG,0.41345570,1.392136,1.0000
TG00009112,T00036,ELG,0.66845626,1.165077,1.0000
TG00009113,T00036,ELG,0.41909392,0.871718,1.0000
TG00009114,T00036,ELG,0.58317683,1.332151,1.0000
TG00009115,T00036,ELG,0.89578185,1.299409,1.0000
TG00009116,T00036,ELG,0.70671763,1.520903,1.0000
TG00009117,T00036,ELG,0.38403613,0.651490,1.0000
TG00009118,T00036,ELG,0.86318531,1.480858,1.0000
TG00009119,T00036,ELG,0.73317926,1.096280,1.0000
TG00009120,T00036,ELG,1.01091147,0.730633,1.0000
TG00009121,T00036,ELG,0.52227338,0.616056,1.0000
TG00009122,T00036,ELG,0.40961145,0.260988,1.0000
TG00009123,T00036,ELG,0.69166419,1.282207,1.0000
TG00009124,T00036,ELG,0.43257076,1.279687,1.0000
TG00009125,T00036,ELG,0.83867469,0.652163,1.0000
TG00009126,T00036,ELG,0.49851293,0.463559,1.0000
TG00009127,T00036,ELG,0.45383525,1.279742,1.0000
TG00009128,T00036,ELG,0.84774713,0.978825,1.0000
TG00009129,T00036,ELG,0.35125669,0.864533,1.0000
TG00009130,T00036,ELG,1.03769527,0.586383,1.0000
TG00009131,T00036,ELG,0.49242867,1.534186,1.0000
TG00009132,T00036,ELG,0.72175084,1.104069,1.0000
TG00009133,T00036,ELG,0.34106556,1.021840,1.0000
TG00009134,T00036,ELG,0.45351790,1.388115,1.0000
TG00009135,T00036,ELG,0.31128733,1.283318,1.0000
TG00009136,T00036,ELG,1.05480100,1.139766,1.0000
TG00009137,T00036,ELG,1.08829125,1.148773,1.0000
TG00009138,T00036,ELG,0.77581088,0.809919,1.0000
TG00009139,T00036,ELG,0.79028513,1.080442,1.0000
TG00009140,T00036,ELG,0.33394555,1.180864,1.0000
TG00009141,T00036,ELG,0.72231551,0.499881,1.0000
TG00009142,T00036,ELG,0.61484035,1.671490,1.0000
TG00009143,T00036,ELG,0.26199979,0.800844,1.0000
TG00009144,T00036,ELG,0.69277345,0.563134,1.0000
TG00009145,T00036,ELG,1.27827334,1.583735,1.0000
TG00009146,T00036,ELG,0.91825740,1.383470,1.0000
TG00009147,T00036,ELG,0.95721210,0.585114,1.0000
TG00009148,T00036,ELG,0.85101321,1.329201,1.0000
TG00009149,T00036,ELG,0.98572058,1.088288,1.0000
TG00009150,T00036,ELG,0.65094268,1.636266,1.0000
TG00009151,T00036,ELG,0.42349417,0.970699,1.0000
TG00009152,T00036,ELG,0.47691058,1.471512,1.0000
TG00009153,T00036,ELG,0.44652310,1.143937,1.0000
TG00009154,T00036,ELG,0.75672065,1.209223,1.0000
TG00009155,T00036,ELG,0.33800903,0.870301,1.0000
TG00009156,T00036,ELG,0.84113712,0.897241,1.0000
TG00009157,T00036,ELG,0.39697392,0.944273,1.0000
TG00009158,T00036,ELG,0.39511600,1.387430,1.0000
TG00009159,T00036,ELG,0.37108562,0.824258,1.0000
TG00009160,T00036,ELG,0.58068631,0.916434,1.0000
TG00009161,T00036,QSO,0.25820868,2.366632,1.7000
TG00009162,T00036,QSO,0.09281464,2.021091,1.7000
TG00009163,T00036,QSO,0.10712117,1.995435,1.7000
TG00009164,T00036,QSO,0.06839304,1.501586,1.7000
TG00009165,T00036,QSO,0.13535648,1.089943,1.7000
TG00009166,T00036,QSO,0.14056538,2.642053,1.7000
TG00009167,T00036,QSO,0.24536440,1.367843,1.7000
TG00009168,T00036,QSO,0.31675248,2.367881,1.7000
TG00009169,T00036,QSO,0.11452660,2.812542,1.7000
TG00009170,T00036,QSO,0.07462456,1.480915,1.7000
TG00009171,T00036,QSO,0.22408450,2.307740,1.7000
TG00009172,T00036,QSO,0.16293906,1.648015,1.7000
TG00009173,T00036,QSO,0.09479440,2.436671,1.7000
TG00009174,T00036,QSO,0.16612772,1.421860,1.7000
TG00009175,T00036,QSO,0.19647365,1.878282,1.7000
TG00009176,T00036,QSO,0.17155918,1.282849,1.7000
TG00009177,T00036,QSO,0.13004702,3.058236,1.7000
TG00009178,T00036,QSO,0.21617421,2.733184,1.7000
TG00009179,T00036,BGS,1.34854432,0.142554,0.4500
TG00009180,T00036,BGS,1.42273009,0.348479,0.4500
TG00009181,T00036,BGS,1.42207995,0.186793,0.4500
TG00009182,T00036,BGS,1.35433639,0.193529,0.4500
TG00009183,T00036,BGS,2.21277061,0.113975,0.4500
TG00009184,T00036,BGS,1.14635404,0.200295,0.4500
TG00009185,T00036,BGS,0.88343115,0.243995,0.4500
TG00009186,T00036,BGS,1.35208498,0.238624,0.4500
TG00009187,T00036,BGS,1.94270998,0.372265,0.4500
TG00009188,T00036,BGS,1.10805076,0.204643,0.4500
TG00009189,T00036,BGS,0.75223788,0.349246,0.4500
TG00009190,T00036,BGS,1.18968815,0.159518,0.4500
TG00009191,T00036,BGS,1.09326161,0.346083,0.4500
TG00009192,T00036,BGS,0.68252950,0.223626,0.4500
TG00009193,T00036,BGS,1.34108208,0.393689,0.4500
TG00009194,T00036,BGS,1.04608824,0.275106,0.4500
TG00009195,T00036,BGS,1.22936606,0.166838,0.4500
TG00009196,T00036,BGS,1.21271479,0.136113,0.4500
TG00009197,T00036,BGS,2.62096209,0.368938,0.4500
TG00009198,T00036,BGS,0.81304106,0.197190,0.4500
TG00009199,T00036,BGS,1.17578930,0.044036,0.4500
TG00009200,T00036,BGS,1.41665591,0.144303,0.4500
TG00009201,T00036,BGS,1.15277872,0.118035,0.4500
TG00009202,T00036,BGS,1.45644966,0.199438,0.4500
TG00009203,T00036,BGS,0.82907251,0.310660,0.4500
TG00009204,T00036,BGS,1.31143204,0.204196,0.4500
TG00009205,T00036,BGS,0.71416069,0.304655,0.4500
TG00009206,T00036,BGS,1.09539926,0.036100,0.4500
TG00009207,T00036,BGS,1.07298201,0.347289,0.4500
TG00009208,T00036,BGS,2.54031424,0.219182,0.4500
TG00009209,T00036,BGS,1.88524371,0.099682,0.4500
TG00009210,T00036,BGS,1.58874181,0.218137,0.4500
TG00009211,T00036,BGS,1.13335477,0.299517,0.4500
TG00009212,T00036,BGS,1.25987901,0.241685,0.4500
TG00009213,T00036,BGS,1.60197290,0.292078,0.4500
TG00009214,T00036,BGS,1.29815397,0.114836,0.4500
TG00009215,T00036,BGS,1.20777758,0.195692,0.4500
TG00009216,T00036,BGS,1.61541465,0.119737,0.4500
TG00009217,T00036,BGS,1.68344528,0.272891,0.4500
TG00009218,T00036,BGS,1.27315488,0.211949,0.4500
TG00009219,T00036,BGS,1.35270801,0.169400,0.4500
TG00009220,T00036,BGS,1.55937135,0.317711,0.4500
TG00009221,T00036,BGS,0.77506235,0.205424,0.4500
TG00009222,T00036,BGS,1.07057535,0.194404,0.4500
TG00009223,T00036,BGS,1.34434798,0.172147,0.4500
TG00009224,T00036,BGS,1.35648567,0.216124,0.4500
TG00009225,T00036,BGS,1.18085519,0.287475,0.4500
TG00009226,T00036,BGS,1.20093123,0.287307,0.4500
TG00009227,T00036,BGS,0.83119072,0.207127,0.4500
TG00009228,T00036,BGS,1.28458596,0.220823,0.4500
TG00009229,T00036,BGS,1.68436308,0.430086,0.4500
TG00009230,T00036,BGS,1.10085482,0.239189,0.4500
TG00009231,T00036,BGS,1.22464952,0.253043,0.4500
TG00009232,T00036,BGS,1.21850679,0.278413,0.4500
TG00009233,T00036,BGS,1.00663111,0.152879,0.4500
TG00009234,T00036,BGS,0.81703845,0.058382,0.4500
TG00009235,T00036,BGS,1.67088524,0.114636,0.4500
TG00009236,T00036,BGS,1.40468502,0.288435,0.4500
TG00009237,T00036,BGS,0.95568730,0.188456,0.4500
TG00009238,T00036,BGS,1.08129237,0.267649,0.4500
TG00009239,T00036,BGS,1.55361114,0.117595,0.4500
TG00009240,T00036,BGS,1.09966495,0.124505,0.4500
TG00009241,T00036,BGS,1.10123829,0.241330,0.4500
TG00009242,T00036,BGS,2.06701668,0.156905,0.4500
TG00009243,T00036,BGS,0.99635372,0.272841,0.4500
TG00009244,T00036,BGS,1.98622843,0.002860,0.4500
TG00009245,T00036,BGS,1.28255674,0.281990,0.4500
TG00009246,T00036,BGS,1.18269016,0.153886,0.4500
TG00009247,T00036,BGS,1.02900162,0.152057,0.4500
TG00009248,T00036,BGS,1.02862682,0.293018,0.4500
TG00009249,T00036,BGS,0.87964465,0.301016,0.4500
TG00009250,T00036,BGS,1.07521258,0.158900,0.4500
TG00009251,T00036,BGS,1.06571923,0.056147,0.4500
TG00009252,T00036,BGS,2.29953267,0.315334,0.4500
TG00009253,T00036,BGS,1.10645263,0.052847,0.4500
TG00009254,T00036,BGS,2.30054361,0.258367,0.4500
TG00009255,T00036,BGS,1.54787312,0.281667,0.4500
TG00009256,T00036,BGS,1.24347959,0.106792,0.4500
TG00009257,T00036,BGS,1.28204144,0.297298,0.4500
TG00009258,T00036,BGS,2.57143137,0.340157,0.4500
TG00009259,T00036,BGS,0.85416826,0.318558,0.4500
TG00009260,T00036,BGS,1.01960789,0.185279,0.4500
TG00009261,T00036,BGS,0.92104556,0.304986,0.4500
TG00009262,T00036,BGS,1.08163086,0.128000,0.4500
TG00009263,T00036,BGS,1.23465956,0.223752,0.4500
TG00009264,T00036,BGS,1.41270503,0.234801,0.4500
TG00009265,T00036,BGS,1.45811233,0.188235,0.4500
TG00009266,T00037,LRG,0.35624319,0.678322,1.0000
TG00009267,T00037,LRG,0.33610653,0.806856,1.0000
TG00009268,T00037,LRG,0.34261660,0.680191,1.0000
TG00009269,T00037,LRG,0.34061754,0.510864,1.0000
TG00009270,T00037,LRG,0.38405063,0.786670,1.0000
TG00009271,T00037,LRG,0.28650718,0.600894,1.0000
TG00009272,T00037,LRG,0.41597862,0.514898,1.0000
TG00009273,T00037,LRG,0.35793818,0.613031,1.0000
TG00009274,T00037,LRG,0.25121169,0.659103,1.0000
TG00009275,T00037,LRG,0.27110796,0.727856,1.0000
TG00009276,T00037,LRG,0.60454015,0.766695,1.0000
TG00009277,T00037,LRG,0.31005461,0.918414,1.0000
TG00009278,T00037,LRG,0.17689266,0.712365,1.0000
TG00009279,T00037,LRG,0.19649788,0.883348,1.0000
TG00009280,T00037,LRG,0.17469794,0.877965,1.0000
TG00009281,T00037,LRG,0.35284814,0.656408,1.0000
TG00009282,T00037,LRG,0.25010350,0.728750,1.0000
TG00009283,T00037,LRG,0.20949218,0.719647,1.0000
TG00009284,T00037,LRG,0.25237733,0.605596,1.0000
TG00009285,T00037,LRG,0.31321498,0.300463,1.0000
TG00009286,T00037,LRG,0.29147125,0.889889,1.0000
TG00009287,T00037,LRG,0.30723974,0.987428,1.0000
TG00009288,T00037,LRG,0.41703194,0.835722,1.0000
TG00009289,T00037,LRG,0.32823140,0.418563,1.0000
TG00009290,T00037,LRG,0.39968511,0.662041,1.0000
TG00009291,T00037,LRG,0.18326795,0.288117,1.0000
TG00009292,T00037,LRG,0.53958878,0.689207,1.0000
TG00009293,T00037,LRG,0.27105442,0.707509,1.0000
TG00009294,T00037,LRG,0.28794619,0.788309,1.0000
TG00009295,T00037,LRG,0.26681284,0.500950,1.0000
TG00009296,T00037,LRG,0.36279400,0.707067,1.0000
TG00009297,T00037,LRG,0.33471266,0.299654,1.0000
TG00009298,T00037,LRG,0.39519766,0.414480,1.0000
TG00009299,T00037,LRG,0.29264622,1.005248,1.0000
TG00009300,T00037,LRG,0.36135389,0.583739,1.0000
TG00009301,T00037,LRG,0.39147473,0.943241,1.0000
TG00009302,T00037,LRG,0.26248735,0.291770,1.0000
TG00009303,T00037,LRG,0.37769812,0.544213,1.0000
TG00009304,T00037,LRG,0.50520482,0.570433,1.0000
TG00009305,T00037,LRG,0.36200973,0.658436,1.0000
TG00009306,T00037,LRG,0.30177204,0.837154,1.0000
TG00009307,T00037,LRG,0.28898471,0.536051,1.0000
TG00009308,T00037,LRG,0.23371465,0.650775,1.0000
TG00009309,T00037,LRG,0.27896525,0.523187,1.0000
TG00009310,T00037,LRG,0.32524663,0.717741,1.0000
TG00009311,T00037,LRG,0.29886290,0.743093,1.0000
TG00009312,T00037,LRG,0.19643693,0.594270,1.0000
TG00009313,T00037,LRG,0.43740850,0.544197,1.0000
TG00009314,T00037,LRG,0.39022605,0.702917,1.0000
TG00009315,T00037,LRG,0.29437034,0.473551,1.0000
TG00009316,T00037,ELG,0.77010436,1.458882,1.0000
TG00009317,T00037,ELG,0.35226663,1.529788,1.0000
TG00009318,T00037,ELG,0.74316456,1.540261,1.0000
TG00009319,T00037,ELG,0.48259019,1.032156,1.0000
TG00009320,T00037,ELG,0.51170884,0.693770,1.0000
TG00009321,T00037,ELG,0.45499147,1.491672,1.0000
TG00009322,T00037,ELG,0.64494680,0.648580,1.0000
TG00009323,T00037,ELG,0.33170698,1.387392,1.0000
TG00009324,T00037,ELG,0.57796554,1.277296,1.0000
TG00009325,T00037,ELG,1.13735745,1.374977,1.0000
TG00009326,T00037,ELG,0.30862581,0.827525,1.0000
TG00009327,T00037,ELG,0.41752338,1.197007,1.0000
TG00009328,T00037,ELG,1.06444011,1.164768,1.0000
TG00009329,T00037,ELG,0.55310037,1.289836,1.0000
TG00009330,T00037,ELG,0.59916369,0.980461,1.0000
TG00009331,T00037,ELG,1.20789913,1.255031,1.0000
TG00009332,T00037,ELG,0.40096046,1.130654,1.0000
TG00009333,T00037,ELG,1.04709302,0.859032,1.0000
TG00009334,T00037,ELG,0.43256416,1.207007,1.0000
TG00009335,T00037,ELG,0.53542784,1.286115,1.0000
TG00009336,T00037,ELG,0.30616991,1.139384,1.0000
TG00009337,T00037,ELG,0.95604863,1.675595,1.0000
TG00009338,T00037,ELG,0.32506004,1.080546,1.0000
TG00009339,T00037,ELG,0.84063496,1.138279,1.0000
TG00009340,T00037,ELG,0.26318873,1.245526,1.0000
TG00009341,T00037,ELG,0.57743675,0.986015,1.0000
TG00009342,T00037,ELG,0.53153555,0.876553,1.0000
TG00009343,T00037,ELG,0.61852688,0.639875,1.0000
TG00009344,T00037,ELG,0.39939283,1.265200,1.0000
TG00009345,T00037,ELG,0.59873087,0.841183,1.0000
TG00009346,T00037,ELG,0.60522940,1.336715,1.0000
TG00009347,T00037,ELG,0.58451242,1.128087,1.0000
TG00009348,T00037,ELG,0.86715195,1.163972,1.0000
TG00009349,T00037,ELG,1.47324204,1.058759,1.0000
TG00009350,T00037,ELG,0.71111645,1.183762,1.0000
TG00009351,T00037,ELG,0.43353373,1.061324,1.0000
TG00009352,T00037,ELG,0.55725571,1.321181,1.0000
TG00009353,T00037,ELG,0.93437146,0.900505,1.0000
TG00009354,T00037,ELG,0.38438508,1.569256,1.0000
TG00009355,T00037,ELG,1.07246928,1.154342,1.0000
TG00009356,T00037,ELG,0.38915004,0.968576,1.0000
TG00009357,T00037,ELG,0.65474254,0.881422,1.0000
TG00009358,T00037,ELG,0.62313562,1.231314,1.0000
TG00009359,T00037,ELG,0.47905717,1.235322,1.0000
TG00009360,T00037,ELG,0.48857241,1.073115,1.0000
TG00009361,T00037,ELG,0.45724222,1.268715,1.0000
TG00009362,T00037,ELG,0.66625946,1.202345,1.0000
TG00009363,T00037,ELG,0.58012138,0.588071,1.0000
TG00009364,T00037,ELG,0.73117417,1.096455,1.0000
TG00009365,T00037,ELG,0.38985935,0.400425,1.0000
TG00009366,T00037,ELG,0.59208990,1.311128,1.0000
TG00009367,T00037,ELG,0.44156004,0.903834,1.0000
TG00009368,T00037,ELG,0.75583901,1.434252,1.0000
TG00009369,T00037,ELG,0.42944586,1.278489,1.0000
TG00009370,T00037,ELG,0.32168025,0.800023,1.0000
TG00009371,T00037,ELG,1.26377024,0.837575,1.0000
TG00009372,T00037,ELG,0.69987642,1.233486,1.0000
TG00009373,T00037,ELG,0.45348956,0.829067,1.0000
TG00009374,T00037,ELG,0.22931102,1.088040,1.0000
TG00009375,T00037,ELG,0.51507330,1.475582,1.0000
TG00009376,T00037,ELG,0.78537063,1.218161,1.0000
TG00009377,T00037,ELG,1.01803155,1.694821,1.0000
TG00009378,T00037,ELG,0.38436433,1.268152,1.0000
TG00009379,T00037,ELG,0.57045876,1.550356,1.0000
TG00009380,T00037,ELG,0.61073961,0.542393,1.0000
TG00009381,T00037,ELG,0.63005236,0.960178,1.0000
TG00009382,T00037,ELG,0.59660860,1.205073,1.0000
TG00009383,T00037,ELG,0.50770226,1.035790,1.0000
TG00009384,T00037,ELG,0.50939783,1.055985,1.0000
TG00009385,T00037,ELG,0.56126243,0.926224,1.0000
TG00009386,T00037,ELG,0.70200527,1.082407,1.0000
TG00009387,T00037,ELG,0.47679504,0.965293,1.0000
TG00009388,T00037,ELG,0.77516274,0.382286,1.0000
TG00009389,T00037,ELG,0.66477490,1.076290,1.0000
TG00009390,T00037,ELG,0.30343246,0.976655,1.0000
TG00009391,T00037,QSO,0.15477728,2.095298,1.7000
TG00009392,T00037,QSO,0.34098954,1.908145,1.7000
TG00009393,T00037,QSO,0.15392106,2.790889,1.7000
TG00009394,T00037,QSO,0.30590274,1.245266,1.7000
TG00009395,T00037,QSO,0.16453258,2.079023,1.7000
TG00009396,T00037,QSO,0.08676969,2.565233,1.7000
TG00009397,T00037,QSO,0.11528909,2.657288,1.7000
TG00009398,T00037,QSO,0.11602033,2.165590,1.7000
TG00009399,T00037,QSO,0.20991980,2.648494,1.7000
TG00009400,T00037,QSO,0.16232419,2.018989,1.7000
TG00009401,T00037,QSO,0.17390657,1.998032,1.7000
TG00009402,T00037,QSO,0.13053709,1.569639,1.7000
TG00009403,T00037,QSO,0.09565897,1.771091,1.7000
TG00009404,T00037,QSO,0.13480275,1.859221,1.7000
TG00009405,T00037,QSO,0.18439090,3.044796,1.7000
TG00009406,T00037,QSO,0.12751724,2.532879,1.7000
TG00009407,T00037,QSO,0.12921490,2.084345,1.7000
TG00009408,T00037,QSO,0.10055114,0.872699,1.7000
TG00009409,T00037,QSO,0.19641220,1.762184,1.7000
TG00009410,T00037,BGS,0.83093088,0.374419,0.4500
TG00009411,T00037,BGS,0.80720176,0.304137,0.4500
TG00009412,T00037,BGS,1.32799024,0.261097,0.4500
TG00009413,T00037,BGS,2.36159869,0.096706,0.4500
TG00009414,T00037,BGS,1.75521237,0.247874,0.4500
TG00009415,T00037,BGS,0.94705150,0.292607,0.4500
TG00009416,T00037,BGS,1.73478047,0.299558,0.4500
TG00009417,T00037,BGS,1.35894862,0.255198,0.4500
TG00009418,T00037,BGS,1.11417807,0.305648,0.4500
TG00009419,T00037,BGS,1.63989763,0.108655,0.4500
TG00009420,T00037,BGS,1.28863291,0.174353,0.4500
TG00009421,T00037,BGS,2.37883232,0.190622,0.4500
TG00009422,T00037,BGS,1.19103490,0.247848,0.4500
TG00009423,T00037,BGS,2.27567566,0.280912,0.4500
TG00009424,T00037,BGS,1.92958640,0.174072,0.4500
TG00009425,T00037,BGS,1.05573761,0.166801,0.4500
TG00009426,T00037,BGS,0.90596114,0.285401,0.4500
TG00009427,T00037,BGS,1.23742066,0.145941,0.4500
TG00009428,T00037,BGS,1.36047576,0.236653,0.4500
TG00009429,T00037,BGS,0.88961864,0.247819,0.4500
TG00009430,T00037,BGS,2.10548402,0.092597,0.4500
TG00009431,T00037,BGS,0.58513656,0.071337,0.4500
TG00009432,T00037,BGS,0.68613074,0.277474,0.4500
TG00009433,T00037,BGS,1.05254021,0.091358,0.4500
TG00009434,T00037,BGS,1.00988085,0.104199,0.4500
TG00009435,T00037,BGS,1.45762783,0.196143,0.4500
TG00009436,T00037,BGS,1.35547200,0.226712,0.4500
TG00009437,T00037,BGS,1.69204513,0.327815,0.4500
TG00009438,T00037,BGS,0.87389873,0.043813,0.4500
TG00009439,T00037,BGS,0.88151098,0.097281,0.4500
TG00009440,T00037,BGS,1.97290825,0.078974,0.4500
TG00009441,T00037,BGS,1.34860275,0.047795,0.4500
TG00009442,T00037,BGS,1.00630359,0.381489,0.4500
TG00009443,T00037,BGS,0.91940235,0.263760,0.4500
TG00009444,T00037,BGS,1.05603050,0.359061,0.4500
TG00009445,T00037,BGS,0.54075758,0.097852,0.4500
TG00009446,T00037,BGS,1.24904594,0.330995,0.4500
TG00009447,T00037,BGS,1.38199700,0.266921,0.4500
TG00009448,T00037,BGS,1.28631474,0.055785,0.4500
TG00009449,T00037,BGS,0.94215397,0.472144,0.4500
TG00009450,T00037,BGS,1.34281796,0.053579,0.4500
TG00009451,T00037,BGS,1.39557092,0.387821,0.4500
TG00009452,T00037,BGS,0.92848392,0.341380,0.4500
TG00009453,T00037,BGS,0.67393348,0.321070,0.4500
TG00009454,T00037,BGS,1.03669677,0.174779,0.4500
TG00009455,T00037,BGS,1.39263499,0.184659,0.4500
TG00009456,T00037,BGS,1.67326039,0.187278,0.4500
TG00009457,T00037,BGS,1.17824757,0.217484,0.4500
TG00009458,T00037,BGS,1.04753702,0.288329,0.4500
TG00009459,T00037,BGS,1.54953436,0.000000,0.4500
TG00009460,T00038,LRG,0.32395078,0.758887,1.0000
TG00009461,T00038,LRG,0.27645888,0.596944,1.0000
TG00009462,T00038,LRG,0.41964351,0.393001,1.0000
TG00009463,T00038,LRG,0.55089028,0.876382,1.0000
TG00009464,T00038,LRG,0.30516683,0.505351,1.0000
TG00009465,T00038,LRG,0.32050599,0.699020,1.0000
TG00009466,T00038,LRG,0.20072832,0.652016,1.0000
TG00009467,T00038,LRG,0.51570787,0.608450,1.0000
TG00009468,T00038,LRG,0.25303716,0.641612,1.0000
TG00009469,T00038,LRG,0.58591823,0.978346,1.0000
TG00009470,T00038,LRG,0.39894727,0.777405,1.0000
TG00009471,T00038,LRG,0.28306266,0.506802,1.0000
TG00009472,T00038,LRG,0.61194223,0.970504,1.0000
TG00009473,T00038,LRG,0.32778949,0.668899,1.0000
TG00009474,T00038,LRG,0.21870761,0.659240,1.0000
TG00009475,T00038,LRG,0.23360675,0.444734,1.0000
TG00009476,T00038,LRG,0.20500673,0.766181,1.0000
TG00009477,T00038,LRG,0.19436550,0.768207,1.0000
TG00009478,T00038,LRG,0.37263672,0.652717,1.0000
TG00009479,T00038,LRG,0.30461452,0.259500,1.0000
TG00009480,T00038,LRG,0.79930990,0.620724,1.0000
TG00009481,T00038,LRG,0.37929850,0.653113,1.0000
TG00009482,T00038,LRG,0.67353629,0.770065,1.0000
TG00009483,T00038,LRG,0.45635300,0.555745,1.0000
TG00009484,T00038,LRG,0.57812031,0.503439,1.0000
TG00009485,T00038,LRG,0.15678382,0.890504,1.0000
TG00009486,T00038,LRG,0.36877161,0.672583,1.0000
TG00009487,T00038,LRG,0.29943544,0.480223,1.0000
TG00009488,T00038,LRG,0.27769691,0.407822,1.0000
TG00009489,T00038,LRG,0.36366236,0.728753,1.0000
TG00009490,T00038,LRG,0.51848447,0.600503,1.0000
TG00009491,T00038,LRG,0.48424456,0.661550,1.0000
TG00009492,T00038,LRG,0.28764379,0.569991,1.0000
TG00009493,T00038,LRG,0.17715371,0.908015,1.0000
TG00009494,T00038,LRG,0.65462376,0.773092,1.0000
TG00009495,T00038,LRG,0.39355118,0.924848,1.0000
TG00009496,T00038,LRG,0.48557761,0.865601,1.0000
TG00009497,T00038,LRG,0.35333481,0.716828,1.0000
TG00009498,T00038,LRG,0.50114247,0.858683,1.0000
TG00009499,T00038,LRG,0.12065883,0.828594,1.0000
TG00009500,T00038,LRG,0.35713498,0.757415,1.0000
TG00009501,T00038,LRG,0.28651904,0.789777,1.0000
TG00009502,T00038,LRG,0.17254647,0.871799,1.0000
TG00009503,T00038,LRG,0.31950605,0.849239,1.0000
TG00009504,T00038,LRG,0.24664204,0.832811,1.0000
TG00009505,T00038,LRG,0.61715292,0.560784,1.0000
TG00009506,T00038,LRG,0.60533429,0.557240,1.0000
TG00009507,T00038,LRG,0.51152233,0.654908,1.0000
TG00009508,T00038,LRG,0.64953543,0.594809,1.0000
TG00009509,T00038,LRG,0.38376587,0.760890,1.0000
TG00009510,T00038,LRG,0.43568727,0.571493,1.0000
TG00009511,T00038,LRG,0.41103223,0.902281,1.0000
TG00009512,T00038,LRG,0.34797967,0.795450,1.0000
TG00009513,T00038,LRG,0.31020931,0.926915,1.0000
TG00009514,T00038,LRG,0.29140864,0.689888,1.0000
TG00009515,T00038,LRG,0.53408241,0.736031,1.0000
TG00009516,T00038,LRG,0.76678759,0.732419,1.0000
TG00009517,T00038,LRG,0.43872416,0.501855,1.0000
TG00009518,T00038,LRG,0.28965389,0.812075,1.0000
TG00009519,T00038,LRG,0.61471332,0.705481,1.0000
TG00009520,T00038,LRG,0.33436217,0.599350,1.0000
TG00009521,T00038,LRG,0.67259767,0.560806,1.0000
TG00009522,T00038,LRG,0.31697311,0.841311,1.0000
TG00009523,T00038,LRG,0.22743807,0.618013,1.0000
TG00009524,T00038,LRG,0.30038047,0.894529,1.0000
TG00009525,T00038,LRG,0.61075482,0.600292,1.0000
TG00009526,T00038,LRG,0.46926805,0.732278,1.0000
TG00009527,T00038,ELG,0.70140345,1.117804,1.0000
TG00009528,T00038,ELG,0.48902064,1.367156,1.0000
TG00009529,T00038,ELG,0.68757060,1.151293,1.0000
TG00009530,T00038,ELG,1.11197766,0.800386,1.0000
TG00009531,T00038,ELG,0.45389842,1.165403,1.0000
TG00009532,T00038,ELG,0.35485868,1.181907,1.0000
TG00009533,T00038,ELG,0.73382410,1.012277,1.0000
TG00009534,T00038,ELG,1.15305885,1.028196,1.0000
TG00009535,T00038,ELG,1.08637226,0.671247,1.0000
TG00009536,T00038,ELG,1.45948106,1.066962,1.0000
TG00009537,T00038,ELG,0.70882514,1.109327,1.0000
TG00009538,T00038,ELG,0.74725074,0.786466,1.0000
TG00009539,T00038,ELG,0.43175612,0.868572,1.0000
TG00009540,T00038,ELG,0.46913091,1.262168,1.0000
TG00009541,T00038,ELG,0.54925719,0.966436,1.0000
TG00009542,T00038,ELG,0.52425876,1.096361,1.0000
TG00009543,T00038,ELG,1.26181998,0.945106,1.0000
TG00009544,T00038,ELG,0.78038745,0.969874,1.0000
TG00009545,T00038,ELG,0.85816392,1.073943,1.0000
TG00009546,T00038,ELG,0.86897467,1.694877,1.0000
TG00009547,T00038,ELG,0.75861622,1.191730,1.0000
TG00009548,T00038,ELG,0.93840503,1.159449,1.0000
TG00009549,T00038,ELG,0.63209021,1.135190,1.0000
TG00009550,T00038,ELG,0.68774131,0.967425,1.0000
TG00009551,T00038,ELG,0.54490706,1.129183,1.0000
TG00009552,T00038,ELG,0.73012490,1.007749,1.0000
TG00009553,T00038,ELG,0.34181574,1.485479,1.0000
TG00009554,T00038,ELG,0.33020666,1.601669,1.0000
TG00009555,T00038,ELG,0.88249623,1.666717,1.0000
TG00009556,T00038,ELG,0.54512461,0.766856,1.0000
TG00009557,T00038,ELG,0.42154520,1.364950,1.0000
TG00009558,T00038,ELG,0.64373896,1.142144,1.0000
TG00009559,T00038,ELG,0.43477676,0.862212,1.0000
TG00009560,T00038,ELG,0.35683801,0.817798,1.0000
TG00009561,T00038,ELG,0.25905689,1.208675,1.0000
TG00009562,T00038,ELG,0.30493712,1.742257,1.0000
TG00009563,T00038,ELG,0.52845436,1.099131,1.0000
TG00009564,T00038,ELG,0.35356413,0.965569,1.0000
TG00009565,T00038,ELG,1.23156516,1.293047,1.0000
TG00009566,T00038,ELG,0.74105914,1.267736,1.0000
TG00009567,T00038,ELG,0.65701989,0.888146,1.0000
TG00009568,T00038,ELG,0.49908662,1.055467,1.0000
TG00009569,T00038,ELG,0.50361278,0.414298,1.0000
TG00009570,T00038,ELG,0.53969301,1.453352,1.0000
TG00009571,T00038,ELG,0.27554678,1.402738,1.0000
TG00009572,T00038,ELG,0.62306067,1.122478,1.0000
TG00009573,T00038,ELG,0.65631923,1.206607,1.0000
TG00009574,T00038,ELG,0.71582806,1.239712,1.0000
TG00009575,T00038,ELG,0.55731969,1.454379,1.0000
TG00009576,T00038,ELG,0.52494953,0.799327,1.0000
TG00009577,T00038,ELG,0.58714992,1.222925,1.0000
TG00009578,T00038,ELG,0.59359739,0.657597,1.0000
TG00009579,T00038,ELG,0.75744802,0.937145,1.0000
TG00009580,T00038,ELG,0.71525048,1.057827,1.0000
TG00009581,T00038,ELG,0.37914814,0.816850,1.0000
TG00009582,T00038,ELG,0.51092006,0.557831,1.0000
TG00009583,T00038,ELG,0.66081471,1.248617,1.0000
TG00009584,T00038,ELG,0.68305326,1.533155,1.0000
TG00009585,T00038,ELG,0.44305338,1.007490,1.0000
TG00009586,T00038,ELG,0.64314746,1.289856,1.0000
TG00009587,T00038,ELG,0.54519764,0.996511,1.0000
TG00009588,T00038,ELG,0.37451694,0.986581,1.0000
TG00009589,T00038,ELG,0.71607061,0.730465,1.0000
TG00009590,T00038,ELG,0.50188651,1.206223,1.0000
TG00009591,T00038,ELG,0.54358383,0.944657,1.0000
TG00009592,T00038,ELG,0.47700790,0.883122,1.0000
TG00009593,T00038,ELG,0.65087095,0.982396,1.0000
TG00009594,T00038,ELG,1.42016498,1.066900,1.0000
TG00009595,T00038,ELG,0.40596446,1.326735,1.0000
TG00009596,T00038,ELG,1.23574742,0.567724,1.0000
TG00009597,T00038,ELG,0.82364761,1.098951,1.0000
TG00009598,T00038,ELG,0.96624268,1.409906,1.0000
TG00009599,T00038,ELG,0.53759395,1.412347,1.0000
TG00009600,T00038,ELG,0.34897238,0.934202,1.0000
TG00009601,T00038,ELG,1.08376280,0.848670,1.0000
TG00009602,T00038,ELG,0.61120070,1.150008,1.0000
TG00009603,T00038,ELG,0.33627744,1.269251,1.0000
TG00009604,T00038,ELG,0.24464101,1.511446,1.0000
TG00009605,T00038,ELG,0.73876391,0.946557,1.0000
TG00009606,T00038,ELG,0.86996443,1.434255,1.0000
TG00009607,T00038,ELG,0.61470312,1.781898,1.0000
TG00009608,T00038,ELG,0.71102477,1.616866,1.0000
TG00009609,T00038,ELG,0.76980794,1.419303,1.0000
TG00009610,T00038,ELG,0.56504624,0.785681,1.0000
TG00009611,T00038,ELG,1.20777604,1.080200,1.0000
TG00009612,T00038,ELG,0.42733539,1.233381,1.0000
TG00009613,T00038,ELG,1.54183094,1.343117,1.0000
TG00009614,T00038,ELG,0.62478199,1.013116,1.0000
TG00009615,T00038,ELG,1.00532831,1.361435,1.0000
TG00009616,T00038,ELG,0.61001321,0.919773,1.0000
TG00009617,T00038,ELG,0.43636506,0.518727,1.0000
TG00009618,T00038,ELG,1.19137575,0.667531,1.0000
TG00009619,T00038,ELG,0.96324747,1.421200,1.0000
TG00009620,T00038,ELG,0.29584516,1.269249,1.0000
TG00009621,T00038,ELG,0.75689989,1.687440,1.0000
TG00009622,T00038,ELG,0.51973141,1.118257,1.0000
TG00009623,T00038,ELG,0.69672718,1.440045,1.0000
TG00009624,T00038,ELG,0.90694450,0.825302,1.0000
TG00009625,T00038,ELG,0.54770540,0.809281,1.0000
TG00009626,T00038,ELG,0.25734242,1.413483,1.0000
TG00009627,T00038,ELG,0.66298058,1.071013,1.0000
TG00009628,T00038,ELG,0.96289512,0.979056,1.0000
TG00009629,T00038,ELG,0.41199572,1.386146,1.0000
TG00009630,T00038,ELG,1.20103078,0.938011,1.0000
TG00009631,T00038,ELG,0.75703853,0.785646,1.0000
TG00009632,T00038,ELG,0.60922299,1.059104,1.0000
TG00009633,T00038,ELG,0.71844535,1.099584,1.0000
TG00009634,T00038,QSO,0.13511789,2.014535,1.7000
TG00009635,T00038,QSO,0.35170352,0.735741,1.7000
TG00009636,T00038,QSO,0.27685643,2.468288,1.7000
TG00009637,T00038,QSO,0.18237243,1.879365,1.7000
TG00009638,T00038,QSO,0.15907882,1.282557,1.7000
TG00009639,T00038,QSO,0.08050853,1.451388,1.7000
TG00009640,T00038,QSO,0.18579937,1.660466,1.7000
TG00009641,T00038,QSO,0.10024362,2.914728,1.7000
TG00009642,T00038,QSO,0.18771068,2.804409,1.7000
TG00009643,T00038,QSO,0.40760971,2.819363,1.7000
TG00009644,T00038,QSO,0.10430151,1.465076,1.7000
TG00009645,T00038,QSO,0.11172021,1.791502,1.7000
TG00009646,T00038,QSO,0.20851570,2.143791,1.7000
TG00009647,T00038,QSO,0.35358742,2.077701,1.7000
TG00009648,T00038,QSO,0.18725423,2.570721,1.7000
TG00009649,T00038,QSO,0.17627169,2.369273,1.7000
TG00009650,T00038,BGS,1.05968149,0.389585,0.4500
TG00009651,T00038,BGS,1.59872556,0.195216,0.4500
TG00009652,T00038,BGS,1.77001253,0.278939,0.4500
TG00009653,T00038,BGS,1.03717552,0.001561,0.4500
TG00009654,T00038,BGS,1.72104446,0.278182,0.4500
TG00009655,T00038,BGS,1.79315740,0.174670,0.4500
TG00009656,T00038,BGS,1.30995813,0.254786,0.4500
TG00009657,T00038,BGS,1.75087644,0.277192,0.4500
TG00009658,T00038,BGS,1.54497579,0.163626,0.4500
TG00009659,T00038,BGS,1.35452487,0.276127,0.4500
TG00009660,T00038,BGS,0.83441643,0.188350,0.4500
TG00009661,T00038,BGS,1.58476987,0.342541,0.4500
TG00009662,T00038,BGS,0.70326216,0.232761,0.4500
TG00009663,T00038,BGS,1.50749749,0.265618,0.4500
TG00009664,T00038,BGS,1.78298512,0.213675,0.4500
TG00009665,T00038,BGS,0.86524361,0.039774,0.4500
TG00009666,T00038,BGS,2.17294057,0.149723,0.4500
TG00009667,T00038,BGS,1.12916172,0.400181,0.4500
TG00009668,T00038,BGS,1.79549634,0.312089,0.4500
TG00009669,T00038,BGS,1.36994060,0.192545,0.4500
TG00009670,T00038,BGS,0.85855408,0.254807,0.4500
TG00009671,T00038,BGS,1.14215550,0.151341,0.4500
TG00009672,T00038,BGS,1.40549109,0.255584,0.4500
TG00009673,T00038,BGS,1.35177250,0.327374,0.4500
TG00009674,T00038,BGS,1.44502744,0.158174,0.4500
TG00009675,T00038,BGS,1.25248044,0.102545,0.4500
TG00009676,T00038,BGS,0.97320912,0.261139,0.4500
TG00009677,T00038,BGS,1.21455311,0.254947,0.4500
TG00009678,T00038,BGS,0.90370224,0.367143,0.4500
TG00009679,T00038,BGS,1.21448789,0.158187,0.4500
TG00009680,T00038,BGS,1.03551807,0.150149,0.4500
TG00009681,T00038,BGS,1.40602252,0.275375,0.4500
TG00009682,T00038,BGS,0.99512425,0.283415,0.4500
TG00009683,T00038,BGS,2.00373849,0.223489,0.4500
TG00009684,T00038,BGS,0.64163367,0.073361,0.4500
TG00009685,T00038,BGS,1.03274576,0.234403,0.4500
TG00009686,T00038,BGS,0.82876237,0.234944,0.4500
TG00009687,T00038,BGS,0.96320393,0.138150,0.4500
TG00009688,T00038,BGS,1.23522785,0.430344,0.4500
TG00009689,T00038,BGS,1.48963823,0.217035,0.4500
TG00009690,T00038,BGS,1.15504534,0.150772,0.4500
TG00009691,T00038,BGS,0.94391578,0.139804,0.4500
TG00009692,T00038,BGS,1.52793271,0.110604,0.4500
TG00009693,T00038,BGS,1.14746312,0.143639,0.4500
TG00009694,T00038,BGS,1.61553938,0.388662,0.4500
TG00009695,T00038,BGS,1.85490197,0.251042,0.4500
TG00009696,T00038,BGS,0.56010452,0.286195,0.4500
TG00009697,T00038,BGS,1.53845962,0.102341,0.4500
TG00009698,T00038,BGS,1.77458501,0.213797,0.4500
TG00009699,T00038,BGS,1.42878860,0.308137,0.4500
TG00009700,T00038,BGS,1.54941897,0.252551,0.4500
TG00009701,T00038,BGS,1.91363533,0.374977,0.4500
TG00009702,T00038,BGS,0.86718235,0.171704,0.4500
TG00009703,T00038,BGS,0.69041117,0.199231,0.4500
TG00009704,T00038,BGS,1.67841555,0.144261,0.4500
TG00009705,T00038,BGS,1.18361363,0.108414,0.4500
TG00009706,T00038,BGS,1.13304176,0.357618,0.4500
TG00009707,T00038,BGS,1.18911444,0.250765,0.4500
TG00009708,T00038,BGS,1.33360338,0.237828,0.4500
TG00009709,T00038,BGS,0.78697137,0.149738,0.4500
TG00009710,T00038,BGS,1.21548809,0.179934,0.4500
TG00009711,T00038,BGS,0.84377871,0.176729,0.4500
TG00009712,T00038,BGS,1.33374152,0.272011,0.4500
TG00009713,T00038,BGS,1.18710458,0.343117,0.4500
TG00009714,T00038,BGS,1.33147092,0.130759,0.4500
TG00009715,T00038,BGS,1.10281682,0.322746,0.4500
TG00009716,T00038,BGS,1.06377230,0.253300,0.4500
TG00009717,T00038,BGS,1.11619800,0.215443,0.4500
TG00009718,T00038,BGS,1.71288914,0.223010,0.4500
TG00009719,T00038,BGS,1.16464034,0.219927,0.4500
TG00009720,T00038,BGS,1.23868111,0.356981,0.4500
TG00009721,T00038,BGS,1.71936288,0.233641,0.4500
TG00009722,T00038,BGS,1.06125079,0.195434,0.4500
TG00009723,T00038,BGS,1.16428958,0.280727,0.4500
TG00009724,T00038,BGS,1.47561725,0.068178,0.4500
TG00009725,T00038,BGS,1.38664367,0.271045,0.4500
TG00009726,T00038,BGS,1.85671695,0.163855,0.4500
TG00009727,T00038,BGS,1.10627765,0.206852,0.4500
TG00009728,T00038,BGS,0.87513892,0.347544,0.4500
TG00009729,T00038,BGS,1.57074150,0.185178,0.4500
TG00009730,T00038,BGS,1.27810623,0.381658,0.4500
TG00009731,T00038,BGS,1.05741008,0.357514,0.4500
TG00009732,T00039,LRG,0.28789455,0.449025,1.0000
TG00009733,T00039,LRG,0.27515493,0.617426,1.0000
TG00009734,T00039,LRG,0.22565545,0.998756,1.0000
TG00009735,T00039,LRG,0.29029544,0.578129,1.0000
TG00009736,T00039,LRG,0.35843224,0.916408,1.0000
TG00009737,T00039,LRG,0.21665544,0.601289,1.0000
TG00009738,T00039,LRG,0.36236228,1.008174,1.0000
TG00009739,T00039,LRG,0.36659661,0.418688,1.0000
TG00009740,T00039,LRG,0.25949965,0.702055,1.0000
TG00009741,T00039,LRG,0.61111607,0.800726,1.0000
TG00009742,T00039,LRG,0.34231204,0.469098,1.0000
TG00009743,T00039,LRG,1.08776195,0.908591,1.0000
TG00009744,T00039,LRG,0.38298989,0.571940,1.0000
TG00009745,T00039,LRG,0.24402617,0.564801,1.0000
TG00009746,T00039,LRG,0.24745506,0.825162,1.0000
TG00009747,T00039,LRG,0.43247768,0.811022,1.0000
TG00009748,T00039,LRG,0.43232752,0.648477,1.0000
TG00009749,T00039,LRG,0.34187350,0.362698,1.0000
TG00009750,T00039,LRG,0.47416060,0.656862,1.0000
TG00009751,T00039,LRG,0.29525027,0.362981,1.0000
TG00009752,T00039,LRG,0.37370771,0.806232,1.0000
TG00009753,T00039,LRG,0.23153386,0.654903,1.0000
TG00009754,T00039,LRG,0.45487875,0.846279,1.0000
TG00009755,T00039,LRG,0.16642668,0.700061,1.0000
TG00009756,T00039,LRG,0.36791054,0.378627,1.0000
TG00009757,T00039,LRG,0.41059185,0.566397,1.0000
TG00009758,T00039,LRG,0.58870986,0.592294,1.0000
TG00009759,T00039,LRG,0.25418833,0.421054,1.0000
TG00009760,T00039,LRG,0.29454939,0.670695,1.0000
TG00009761,T00039,LRG,0.39768740,0.779783,1.0000
TG00009762,T00039,LRG,0.17428341,0.778734,1.0000
TG00009763,T00039,LRG,0.19445159,0.640408,1.0000
TG00009764,T00039,LRG,0.37389689,1.002236,1.0000
TG00009765,T00039,LRG,0.62936096,0.558223,1.0000
TG00009766,T00039,LRG,0.49801297,0.413125,1.0000
TG00009767,T00039,LRG,0.41307618,0.552682,1.0000
TG00009768,T00039,LRG,0.84639422,0.724472,1.0000
TG00009769,T00039,LRG,0.34982365,0.717643,1.0000
TG00009770,T00039,LRG,0.47776295,0.663609,1.0000
TG00009771,T00039,LRG,0.36132017,0.946810,1.0000
TG00009772,T00039,LRG,0.42432076,0.641749,1.0000
TG00009773,T00039,LRG,0.59962253,0.925879,1.0000
TG00009774,T00039,LRG,0.75086562,0.891762,1.0000
TG00009775,T00039,LRG,0.34217253,0.728002,1.0000
TG00009776,T00039,LRG,0.37518238,0.851717,1.0000
TG00009777,T00039,LRG,0.22405477,0.814355,1.0000
TG00009778,T00039,LRG,0.49909287,0.416270,1.0000
TG00009779,T00039,LRG,0.56406809,0.701287,1.0000
TG00009780,T00039,LRG,0.30087834,0.541388,1.0000
TG00009781,T00039,LRG,0.27344317,0.820763,1.0000
TG00009782,T00039,LRG,0.33214764,0.503733,1.0000
TG00009783,T00039,LRG,0.29049561,0.576332,1.0000
TG00009784,T00039,LRG,0.73202726,1.063071,1.0000
TG00009785,T00039,LRG,0.42306403,0.572444,1.0000
TG00009786,T00039,LRG,0.21767869,0.352478,1.0000
TG00009787,T00039,LRG,0.24670557,1.023447,1.0000
TG00009788,T00039,LRG,0.31677214,0.569539,1.0000
TG00009789,T00039,LRG,0.53972086,1.008895,1.0000
TG00009790,T00039,LRG,0.23501956,0.822140,1.0000
TG00009791,T00039,LRG,0.29567255,0.831907,1.0000
TG00009792,T00039,ELG,0.63345002,0.481028,1.0000
TG00009793,T00039,ELG,0.54189041,1.012716,1.0000
TG00009794,T00039,ELG,0.46954736,0.979647,1.0000
TG00009795,T00039,ELG,0.71748045,1.075869,1.0000
TG00009796,T00039,ELG,0.55766321,0.928644,1.0000
TG00009797,T00039,ELG,0.41611071,0.954683,1.0000
TG00009798,T00039,ELG,0.38656058,1.147127,1.0000
TG00009799,T00039,ELG,0.68172371,0.998549,1.0000
TG00009800,T00039,ELG,0.20513668,0.942463,1.0000
TG00009801,T00039,ELG,0.48629395,1.235788,1.0000
TG00009802,T00039,ELG,0.57354434,0.994768,1.0000
TG00009803,T00039,ELG,0.40773499,1.146149,1.0000
TG00009804,T00039,ELG,0.53219691,1.019762,1.0000
TG00009805,T00039,ELG,0.59496881,1.138675,1.0000
TG00009806,T00039,ELG,0.32811359,1.292306,1.0000
TG00009807,T00039,ELG,0.56625470,0.997281,1.0000
TG00009808,T00039,ELG,0.32596658,1.341544,1.0000
TG00009809,T00039,ELG,0.65309104,1.036713,1.0000
TG00009810,T00039,ELG,0.31854064,1.214090,1.0000
TG00009811,T00039,ELG,0.54877164,0.532725,1.0000
TG00009812,T00039,ELG,0.40142282,1.356635,1.0000
TG00009813,T00039,ELG,0.70894768,1.570569,1.0000
TG00009814,T00039,ELG,0.50678643,0.871238,1.0000
TG00009815,T00039,ELG,0.44557198,1.092423,1.0000
TG00009816,T00039,ELG,1.09317803,1.049926,1.0000
TG00009817,T00039,ELG,0.52974007,0.923024,1.0000
TG00009818,T00039,ELG,0.33615205,1.207437,1.0000
TG00009819,T00039,ELG,0.66306270,1.346360,1.0000
TG00009820,T00039,ELG,0.50783121,1.482245,1.0000
TG00009821,T00039,ELG,0.34377769,1.163168,1.0000
TG00009822,T00039,ELG,0.52282011,1.174295,1.0000
TG00009823,T00039,ELG,0.29531165,1.007372,1.0000
TG00009824,T00039,ELG,0.32823904,0.601748,1.0000
TG00009825,T00039,ELG,0.27716736,1.243921,1.0000
TG00009826,T00039,ELG,0.46140848,1.429178,1.0000
TG00009827,T00039,ELG,0.68829094,0.967974,1.0000
TG00009828,T00039,ELG,0.60711308,1.052557,1.0000
TG00009829,T00039,ELG,0.35044526,1.105074,1.0000
TG00009830,T00039,ELG,0.52892765,1.314179,1.0000
TG00009831,T00039,ELG,1.05206889,1.067584,1.0000
TG00009832,T00039,ELG,0.37744500,1.087995,1.0000
TG00009833,T00039,ELG,0.28819703,0.739372,1.0000
TG00009834,T00039,ELG,1.43572897,1.634249,1.0000
TG00009835,T00039,ELG,0.19158477,1.013325,1.0000
TG00009836,T00039,ELG,0.30277009,0.928642,1.0000
TG00009837,T00039,ELG,0.36064084,1.478397,1.0000
TG00009838,T00039,ELG,0.85220773,0.302975,1.0000
TG00009839,T00039,ELG,0.42015657,0.912228,1.0000
TG00009840,T00039,ELG,0.66014469,1.054082,1.0000
TG00009841,T00039,ELG,0.60501387,0.761463,1.0000
TG00009842,T00039,ELG,0.66620078,0.590762,1.0000
TG00009843,T00039,ELG,0.53418790,1.142267,1.0000
TG00009844,T00039,ELG,0.51195454,1.064611,1.0000
TG00009845,T00039,ELG,0.75657725,1.146498,1.0000
TG00009846,T00039,ELG,0.73943542,1.852649,1.0000
TG00009847,T00039,ELG,0.60949778,1.196508,1.0000
TG00009848,T00039,ELG,0.55092928,0.889698,1.0000
TG00009849,T00039,ELG,0.66634314,0.744327,1.0000
TG00009850,T00039,ELG,0.53830447,0.960377,1.0000
TG00009851,T00039,ELG,0.35432886,1.200029,1.0000
TG00009852,T00039,ELG,0.77544395,0.802546,1.0000
TG00009853,T00039,ELG,0.23156130,0.860903,1.0000
TG00009854,T00039,ELG,0.56079700,0.793319,1.0000
TG00009855,T00039,ELG,0.53848507,1.561252,1.0000
TG00009856,T00039,ELG,0.25662228,1.082457,1.0000
TG00009857,T00039,ELG,0.56207284,0.907107,1.0000
TG00009858,T00039,ELG,0.41595776,0.713806,1.0000
TG00009859,T00039,ELG,0.55352357,1.028524,1.0000
TG00009860,T00039,ELG,0.74530178,1.489055,1.0000
TG00009861,T00039,ELG,0.34946189,1.134723,1.0000
TG00009862,T00039,QSO,0.41298190,1.693430,1.7000
TG00009863,T00039,QSO,0.23901005,1.777731,1.7000
TG00009864,T00039,QSO,0.13749721,2.607338,1.7000
TG00009865,T00039,QSO,0.11447579,1.274956,1.7000
TG00009866,T00039,QSO,0.14914497,2.046768,1.7000
TG00009867,T00039,QSO,0.26163432,2.152590,1.7000
TG00009868,T00039,QSO,0.14037425,1.904032,1.7000
TG00009869,T00039,QSO,0.25237886,2.387665,1.7000
TG00009870,T00039,QSO,0.25164854,2.904981,1.7000
TG00009871,T00039,QSO,0.34008765,3.308795,1.7000
TG00009872,T00039,QSO,0.35075958,2.522198,1.7000
TG00009873,T00039,QSO,0.07731107,2.258277,1.7000
TG00009874,T00039,QSO,0.11562616,1.677193,1.7000
TG00009875,T00039,QSO,0.18891102,2.082880,1.7000
TG00009876,T00039,QSO,0.10546161,1.522658,1.7000
TG00009877,T00039,QSO,0.20338277,1.990979,1.7000
TG00009878,T00039,QSO,0.13228109,0.853361,1.7000
TG00009879,T00039,QSO,0.14503898,1.466124,1.7000
TG00009880,T00039,QSO,0.21453643,2.109511,1.7000
TG00009881,T00039,QSO,0.19929872,1.660435,1.7000
TG00009882,T00039,QSO,0.17911140,2.358930,1.7000
TG00009883,T00039,QSO,0.30214033,1.909775,1.7000
TG00009884,T00039,BGS,1.64546927,0.193006,0.4500
TG00009885,T00039,BGS,1.07278548,0.145975,0.4500
TG00009886,T00039,BGS,0.86311800,0.357053,0.4500
TG00009887,T00039,BGS,1.39828597,0.226563,0.4500
TG00009888,T00039,BGS,1.74196306,0.210509,0.4500
TG00009889,T00039,BGS,2.73389818,0.141925,0.4500
TG00009890,T00039,BGS,1.06094030,0.371439,0.4500
TG00009891,T00039,BGS,0.80435587,0.096023,0.4500
TG00009892,T00039,BGS,1.00715744,0.113291,0.4500
TG00009893,T00039,BGS,0.98902024,0.087454,0.4500
TG00009894,T00039,BGS,1.00664606,0.235254,0.4500
TG00009895,T00039,BGS,1.54066688,0.171195,0.4500
TG00009896,T00039,BGS,0.90483856,0.149279,0.4500
TG00009897,T00039,BGS,0.77595692,0.265131,0.4500
TG00009898,T00039,BGS,1.47096432,0.249603,0.4500
TG00009899,T00039,BGS,1.28368560,0.285376,0.4500
TG00009900,T00039,BGS,1.84190281,0.221698,0.4500
TG00009901,T00039,BGS,1.18453753,0.391734,0.4500
TG00009902,T00039,BGS,0.85958597,0.165466,0.4500
TG00009903,T00039,BGS,1.65695877,0.223149,0.4500
TG00009904,T00039,BGS,1.86622004,0.135750,0.4500
TG00009905,T00039,BGS,1.08278659,0.328743,0.4500
TG00009906,T00039,BGS,0.70485746,0.336244,0.4500
TG00009907,T00039,BGS,1.00535449,0.334786,0.4500
TG00009908,T00039,BGS,0.59545849,0.110803,0.4500
TG00009909,T00039,BGS,1.48496480,0.203453,0.4500
TG00009910,T00039,BGS,1.04096644,0.148326,0.4500
TG00009911,T00039,BGS,1.16786566,0.211106,0.4500
TG00009912,T00039,BGS,1.81801068,0.151586,0.4500
TG00009913,T00039,BGS,0.82700854,0.215859,0.4500
TG00009914,T00039,BGS,1.14346015,0.154793,0.4500
TG00009915,T00039,BGS,1.67787552,0.140091,0.4500
TG00009916,T00039,BGS,1.02905611,0.268158,0.4500
TG00009917,T00039,BGS,1.81585092,0.333795,0.4500
TG00009918,T00039,BGS,0.92182539,0.423330,0.4500
TG00009919,T00039,BGS,0.98569938,0.265621,0.4500
TG00009920,T00039,BGS,1.79441153,0.282360,0.4500
TG00009921,T00039,BGS,1.27049143,0.043761,0.4500
TG00009922,T00039,BGS,1.32600033,0.456208,0.4500
TG00009923,T00039,BGS,0.83237920,0.329408,0.4500
TG00009924,T00039,BGS,1.80248330,0.270714,0.4500
TG00009925,T00039,BGS,1.03584107,0.057069,0.4500
TG00009926,T00039,BGS,1.34629495,0.262086,0.4500
TG00009927,T00039,BGS,1.00687159,0.242051,0.4500
TG00009928,T00039,BGS,1.01988573,0.271968,0.4500
TG00009929,T00039,BGS,0.86108525,0.071312,0.4500
TG00009930,T00039,BGS,1.42756444,0.270457,0.4500
TG00009931,T00039,BGS,1.43790154,0.110916,0.4500
TG00009932,T00039,BGS,1.59149702,0.228916,0.4500
TG00009933,T00039,BGS,3.36137667,0.369199,0.4500
TG00009934,T00039,BGS,1.87019636,0.156209,0.4500
TG00009935,T00039,BGS,2.02267064,0.258020,0.4500
TG00009936,T00039,BGS,0.78057888,0.168992,0.4500
TG00009937,T00039,BGS,0.85673838,0.284575,0.4500
TG00009938,T00039,BGS,1.25189299,0.323219,0.4500
TG00009939,T00039,BGS,1.20388691,0.202759,0.4500
TG00009940,T00039,BGS,1.65133001,0.294933,0.4500
TG00009941,T00039,BGS,1.42373567,0.280998,0.4500
TG00009942,T00039,BGS,1.06289216,0.208403,0.4500
TG00009943,T00039,BGS,0.86255273,0.039705,0.4500
TG00009944,T00039,BGS,1.89177342,0.092819,0.4500
TG00009945,T00040,LRG,0.34893055,0.587251,1.0000
TG00009946,T00040,LRG,0.63021654,0.705546,1.0000
TG00009947,T00040,LRG,0.47377225,0.386555,1.0000
TG00009948,T00040,LRG,0.54703016,0.830445,1.0000
TG00009949,T00040,LRG,0.18371695,0.952518,1.0000
TG00009950,T00040,LRG,0.32396495,0.756918,1.0000
TG00009951,T00040,LRG,0.40975401,0.718292,1.0000
TG00009952,T00040,LRG,0.26069063,0.744988,1.0000
TG00009953,T00040,LRG,0.21027775,0.947100,1.0000
TG00009954,T00040,LRG,0.38605388,0.830959,1.0000
TG00009955,T00040,LRG,0.33856602,0.757181,1.0000
TG00009956,T00040,LRG,0.46491088,0.677885,1.0000
TG00009957,T00040,LRG,0.46154967,0.809890,1.0000
TG00009958,T00040,LRG,0.28464911,0.619768,1.0000
TG00009959,T00040,LRG,0.36140129,0.614901,1.0000
TG00009960,T00040,LRG,0.31762349,1.007897,1.0000
TG00009961,T00040,LRG,0.17580815,0.686060,1.0000
TG00009962,T00040,LRG,0.54983722,0.815258,1.0000
TG00009963,T00040,LRG,0.28812849,0.891519,1.0000
TG00009964,T00040,LRG,0.37520734,0.807611,1.0000
TG00009965,T00040,LRG,0.30317969,0.829313,1.0000
TG00009966,T00040,LRG,0.68884768,0.268678,1.0000
TG00009967,T00040,LRG,0.45826035,0.652320,1.0000
TG00009968,T00040,LRG,0.33783111,0.840125,1.0000
TG00009969,T00040,LRG,0.18985213,0.658236,1.0000
TG00009970,T00040,LRG,0.29159996,0.596822,1.0000
TG00009971,T00040,LRG,0.21146867,0.818352,1.0000
TG00009972,T00040,LRG,0.53936630,0.691010,1.0000
TG00009973,T00040,LRG,0.42415257,0.673646,1.0000
TG00009974,T00040,LRG,0.33639029,0.950879,1.0000
TG00009975,T00040,LRG,0.29861339,0.551528,1.0000
TG00009976,T00040,LRG,0.61693949,0.767770,1.0000
TG00009977,T00040,LRG,0.34775117,0.794846,1.0000
TG00009978,T00040,LRG,0.25032695,0.698109,1.0000
TG00009979,T00040,LRG,0.26323198,0.702221,1.0000
TG00009980,T00040,LRG,0.44397801,0.796317,1.0000
TG00009981,T00040,LRG,0.24563339,0.238812,1.0000
TG00009982,T00040,LRG,0.55027340,0.947519,1.0000
TG00009983,T00040,LRG,0.54225126,0.927840,1.0000
TG00009984,T00040,LRG,0.30457262,0.990047,1.0000
TG00009985,T00040,LRG,0.20665267,0.426966,1.0000
TG00009986,T00040,ELG,0.40342444,1.407086,1.0000
TG00009987,T00040,ELG,0.52962171,0.839234,1.0000
TG00009988,T00040,ELG,0.91319114,0.297147,1.0000
TG00009989,T00040,ELG,0.42484033,1.347091,1.0000
TG00009990,T00040,ELG,0.21289588,1.160854,1.0000
TG00009991,T00040,ELG,0.42976321,1.238063,1.0000
TG00009992,T00040,ELG,0.59362822,0.956205,1.0000
TG00009993,T00040,ELG,0.48095151,1.165042,1.0000
TG00009994,T00040,ELG,0.54954664,1.060660,1.0000
TG00009995,T00040,ELG,0.89920787,1.046436,1.0000
TG00009996,T00040,ELG,0.36495107,1.214755,1.0000
TG00009997,T00040,ELG,0.48625667,1.166629,1.0000
TG00009998,T00040,ELG,0.95124786,1.243962,1.0000
TG00009999,T00040,ELG,0.42649346,1.102644,1.0000
TG00010000,T00040,ELG,0.79968726,1.003730,1.0000
TG00010001,T00040,ELG,0.67600217,0.446698,1.0000
TG00010002,T00040,ELG,0.60205829,0.876626,1.0000
TG00010003,T00040,ELG,0.48337718,0.672071,1.0000
TG00010004,T00040,ELG,0.36118692,0.794136,1.0000
TG00010005,T00040,ELG,0.47018391,1.136514,1.0000
TG00010006,T00040,ELG,1.11717442,0.543052,1.0000
TG00010007,T00040,ELG,0.33447700,0.682637,1.0000
TG00010008,T00040,ELG,0.50661472,0.920316,1.0000
TG00010009,T00040,ELG,0.47375581,0.573084,1.0000
TG00010010,T00040,ELG,0.47496800,1.136510,1.0000
TG00010011,T00040,ELG,0.63594366,1.518167,1.0000
TG00010012,T00040,ELG,0.74588659,0.628911,1.0000
TG00010013,T00040,ELG,0.55103683,1.234600,1.0000
TG00010014,T00040,ELG,0.41387113,1.383771,1.0000
TG00010015,T00040,ELG,0.51172991,1.106996,1.0000
TG00010016,T00040,ELG,0.44514477,1.404464,1.0000
TG00010017,T00040,ELG,0.46884936,1.584154,1.0000
TG00010018,T00040,ELG,0.59601962,1.492797,1.0000
TG00010019,T00040,ELG,0.35780383,1.114111,1.0000
TG00010020,T00040,ELG,0.77703964,0.514080,1.0000
TG00010021,T00040,ELG,0.57877271,1.474372,1.0000
TG00010022,T00040,ELG,0.68645349,0.700989,1.0000
TG00010023,T00040,ELG,0.56076530,0.900583,1.0000
TG00010024,T00040,ELG,0.50032607,0.811408,1.0000
TG00010025,T00040,ELG,0.40677453,1.356579,1.0000
TG00010026,T00040,ELG,0.44240698,1.430679,1.0000
TG00010027,T00040,ELG,0.43671520,1.268098,1.0000
TG00010028,T00040,ELG,0.17458689,0.772977,1.0000
TG00010029,T00040,ELG,0.60581690,1.206070,1.0000
TG00010030,T00040,ELG,0.38156063,1.244971,1.0000
TG00010031,T00040,ELG,0.68783842,1.288871,1.0000
TG00010032,T00040,ELG,0.59698777,0.841033,1.0000
TG00010033,T00040,ELG,0.48889107,1.072351,1.0000
TG00010034,T00040,ELG,0.60559276,1.021773,1.0000
TG00010035,T00040,ELG,0.46881433,1.256973,1.0000
TG00010036,T00040,ELG,0.45955241,0.727341,1.0000
TG00010037,T00040,ELG,0.54007450,1.178302,1.0000
TG00010038,T00040,ELG,0.57866724,1.244274,1.0000
TG00010039,T00040,ELG,0.51689952,0.725562,1.0000
TG00010040,T00040,ELG,0.23972657,0.881231,1.0000
TG00010041,T00040,ELG,0.75270976,0.934521,1.0000
TG00010042,T00040,ELG,0.42422745,1.061294,1.0000
TG00010043,T00040,ELG,0.59695996,0.875400,1.0000
TG00010044,T00040,ELG,0.56353210,1.155895,1.0000
TG00010045,T00040,ELG,0.43340071,0.764391,1.0000
TG00010046,T00040,ELG,0.21542850,1.153867,1.0000
TG00010047,T00040,ELG,0.34390228,1.163191,1.0000
TG00010048,T00040,ELG,0.33789502,1.027523,1.0000
TG00010049,T00040,ELG,0.35409751,1.022983,1.0000
TG00010050,T00040,ELG,0.68343906,0.963173,1.0000
TG00010051,T00040,ELG,0.43821242,1.046737,1.0000
TG00010052,T00040,ELG,0.42977819,1.613064,1.0000
TG00010053,T00040,ELG,0.87988716,1.142681,1.0000
TG00010054,T00040,ELG,0.36121890,1.048432,1.0000
TG00010055,T00040,ELG,0.76009469,1.209217,1.0000
TG00010056,T00040,ELG,0.46866349,1.339546,1.0000
TG00010057,T00040,ELG,0.48890437,1.144585,1.0000
TG00010058,T00040,ELG,0.52463589,0.921355,1.0000
TG00010059,T00040,ELG,0.36167823,0.959268,1.0000
TG00010060,T00040,ELG,0.57731434,0.893331,1.0000
TG00010061,T00040,ELG,0.57593616,0.598867,1.0000
TG00010062,T00040,ELG,0.77053505,0.983074,1.0000
TG00010063,T00040,ELG,0.64568661,1.187740,1.0000
TG00010064,T00040,ELG,0.25753902,1.308177,1.0000
TG00010065,T00040,ELG,0.64173591,1.171230,1.0000
TG00010066,T00040,ELG,0.46540525,1.018634,1.0000
TG00010067,T00040,ELG,0.35355415,1.097765,1.0000
TG00010068,T00040,ELG,1.02477683,1.275567,1.0000
TG00010069,T00040,ELG,0.97603213,0.623911,1.0000
TG00010070,T00040,ELG,0.47960508,1.605710,1.0000
TG00010071,T00040,ELG,1.01670636,1.055239,1.0000
TG00010072,T00040,ELG,0.60309125,0.883845,1.0000
TG00010073,T00040,ELG,0.42189427,0.727307,1.0000
TG00010074,T00040,ELG,0.45272230,1.247398,1.0000
TG00010075,T00040,ELG,1.11468869,1.361249,1.0000
TG00010076,T00040,ELG,0.70689855,0.841788,1.0000
TG00010077,T00040,ELG,0.37810900,1.364493,1.0000
TG00010078,T00040,ELG,0.49973096,1.101359,1.0000
TG00010079,T00040,ELG,0.31782488,0.797881,1.0000
TG00010080,T00040,ELG,0.66694595,1.497631,1.0000
TG00010081,T00040,ELG,0.41033584,1.129319,1.0000
TG00010082,T00040,ELG,0.38227681,1.180824,1.0000
TG00010083,T00040,ELG,0.36419105,0.852923,1.0000
TG00010084,T00040,ELG,0.90343920,1.065116,1.0000
TG00010085,T00040,ELG,0.68856028,0.775314,1.0000
TG00010086,T00040,ELG,1.13299436,1.099006,1.0000
TG00010087,T00040,ELG,0.76876262,1.365658,1.0000
TG00010088,T00040,ELG,0.87763856,1.347008,1.0000
TG00010089,T00040,ELG,0.42017290,0.821711,1.0000
TG00010090,T00040,ELG,0.41016604,1.117222,1.0000
TG00010091,T00040,ELG,0.61642180,1.065678,1.0000
TG00010092,T00040,ELG,0.24098799,0.749676,1.0000
TG00010093,T00040,ELG,0.88792314,1.699271,1.0000
TG00010094,T00040,ELG,0.78388253,1.845189,1.0000
TG00010095,T00040,ELG,0.35693965,1.601465,1.0000
TG00010096,T00040,ELG,0.57647303,1.185663,1.0000
TG00010097,T00040,ELG,0.37914839,1.145780,1.0000
TG00010098,T00040,ELG,0.55683969,1.020160,1.0000
TG00010099,T00040,ELG,0.18969791,1.674940,1.0000
TG00010100,T00040,ELG,0.62632451,0.756079,1.0000
TG00010101,T00040,ELG,0.46431417,1.726420,1.0000
TG00010102,T00040,ELG,0.58825672,1.096590,1.0000
TG00010103,T00040,ELG,0.65388767,0.878532,1.0000
TG00010104,T00040,ELG,0.45731886,1.083978,1.0000
TG00010105,T00040,ELG,0.35637809,1.379384,1.0000
TG00010106,T00040,QSO,0.09382234,1.577179,1.7000
TG00010107,T00040,QSO,0.13471163,2.981899,1.7000
TG00010108,T00040,QSO,0.30918400,2.550410,1.7000
TG00010109,T00040,QSO,0.26453628,2.530635,1.7000
TG00010110,T00040,QSO,0.24864452,2.274576,1.7000
TG00010111,T00040,QSO,0.16955633,1.887100,1.7000
TG00010112,T00040,QSO,0.21094151,2.282477,1.7000
TG00010113,T00040,QSO,0.59319855,2.630053,1.7000
TG00010114,T00040,QSO,0.13577080,1.993393,1.7000
TG00010115,T00040,QSO,0.12269215,2.622999,1.7000
TG00010116,T00040,QSO,0.24957275,2.542922,1.7000
TG00010117,T00040,QSO,0.25150842,1.072733,1.7000
TG00010118,T00040,QSO,0.12812989,3.157239,1.7000
TG00010119,T00040,QSO,0.19393458,2.349433,1.7000
TG00010120,T00040,QSO,0.10974037,0.757996,1.7000
TG00010121,T00040,QSO,0.11225249,1.308278,1.7000
TG00010122,T00040,QSO,0.31748227,1.800240,1.7000
TG00010123,T00040,QSO,0.16879975,2.960974,1.7000
TG00010124,T00040,BGS,1.87863049,0.233404,0.4500
TG00010125,T00040,BGS,1.07326775,0.090543,0.4500
TG00010126,T00040,BGS,0.92241014,0.124144,0.4500
TG00010127,T00040,BGS,2.11663970,0.204378,0.4500
TG00010128,T00040,BGS,0.93253624,0.303033,0.4500
TG00010129,T00040,BGS,0.88223277,0.316949,0.4500
TG00010130,T00040,BGS,0.78166474,0.060250,0.4500
TG00010131,T00040,BGS,1.00339811,0.374850,0.4500
TG00010132,T00040,BGS,1.72354249,0.218175,0.4500
TG00010133,T00040,BGS,1.66587726,0.272367,0.4500
TG00010134,T00040,BGS,1.11032291,0.247501,0.4500
TG00010135,T00040,BGS,1.62276304,0.238125,0.4500
TG00010136,T00040,BGS,1.41916429,0.179448,0.4500
TG00010137,T00040,BGS,1.49805211,0.195780,0.4500
TG00010138,T00040,BGS,2.63827191,0.225140,0.4500
TG00010139,T00040,BGS,1.93264453,0.264903,0.4500
TG00010140,T00040,BGS,0.42186653,0.304158,0.4500
TG00010141,T00040,BGS,1.11885795,0.301709,0.4500
TG00010142,T00040,BGS,0.95516675,0.377348,0.4500
TG00010143,T00040,BGS,1.12311600,0.073090,0.4500
TG00010144,T00040,BGS,0.87285512,0.231525,0.4500
TG00010145,T00040,BGS,0.86679583,0.304468,0.4500
TG00010146,T00040,BGS,1.56495435,0.044753,0.4500
TG00010147,T00040,BGS,1.70171429,0.167838,0.4500
TG00010148,T00040,BGS,1.05047341,0.197366,0.4500
TG00010149,T00040,BGS,0.85733221,0.090933,0.4500
TG00010150,T00040,BGS,0.86336392,0.255356,0.4500
TG00010151,T00040,BGS,1.12929726,0.173578,0.4500
TG00010152,T00040,BGS,0.85177391,0.193274,0.4500
TG00010153,T00040,BGS,1.59711631,0.347232,0.4500
TG00010154,T00040,BGS,1.62249705,0.347441,0.4500
TG00010155,T00040,BGS,1.32973230,0.201487,0.4500
TG00010156,T00040,BGS,1.03229560,0.188829,0.4500
TG00010157,T00040,BGS,0.79144906,0.040943,0.4500
TG00010158,T00040,BGS,0.90596611,0.119496,0.4500
TG00010159,T00040,BGS,1.14673152,0.218201,0.4500
TG00010160,T00040,BGS,0.78986645,0.289781,0.4500
TG00010161,T00040,BGS,1.01017925,0.219558,0.4500
TG00010162,T00040,BGS,1.94754131,0.153951,0.4500
TG00010163,T00040,BGS,1.97382616,0.344487,0.4500
TG00010164,T00040,BGS,1.80325691,0.216047,0.4500
TG00010165,T00040,BGS,1.25284743,0.374065,0.4500
TG00010166,T00040,BGS,1.27757852,0.309405,0.4500
TG00010167,T00040,BGS,0.99573970,0.277211,0.4500
TG00010168,T00040,BGS,1.46119462,0.207912,0.4500
TG00010169,T00040,BGS,1.05679521,0.304231,0.4500
TG00010170,T00040,BGS,1.34475843,0.170563,0.4500
TG00010171,T00040,BGS,1.31039864,0.293062,0.4500
TG00010172,T00040,BGS,2.16231331,0.104846,0.4500
TG00010173,T00040,BGS,1.02675189,0.366745,0.4500
TG00010174,T00040,BGS,1.11441766,0.206987,0.4500
TG00010175,T00040,BGS,1.08105516,0.321521,0.4500
TG00010176,T00040,BGS,1.22313636,0.154763,0.4500
TG00010177,T00040,BGS,1.52970443,0.207825,0.4500
TG00010178,T00040,BGS,1.68771999,0.245858,0.4500
TG00010179,T00040,BGS,1.07867378,0.382841,0.4500
TG00010180,T00040,BGS,1.53137888,0.288403,0.4500
TG00010181,T00040,BGS,1.14393977,0.312140,0.4500
TG00010182,T00040,BGS,2.42537774,0.212246,0.4500
TG00010183,T00040,BGS,0.77470025,0.358622,0.4500
TG00010184,T00040,BGS,1.10195016,0.135505,0.4500
TG00010185,T00040,BGS,1.55118951,0.178617,0.4500
TG00010186,T00040,BGS,1.92023236,0.242866,0.4500
TG00010187,T00040,BGS,1.49159995,0.403780,0.4500
TG00010188,T00040,BGS,1.54116885,0.358557,0.4500
TG00010189,T00040,BGS,0.85595193,0.382085,0.4500
TG00010190,T00040,BGS,0.78999694,0.258581,0.4500
TG00010191,T00040,BGS,0.99548500,0.308952,0.4500
TG00010192,T00040,BGS,0.85809111,0.199457,0.4500
TG00010193,T00040,BGS,2.43764601,0.208804,0.4500
TG00010194,T00040,BGS,1.27206423,0.101943,0.4500
TG00010195,T00040,BGS,1.39489415,0.259345,0.4500
TG00010196,T00040,BGS,1.21167418,0.367085,0.4500
TG00010197,T00040,BGS,0.97996830,0.198368,0.4500
TG00010198,T00040,BGS,1.08857018,0.252462,0.4500
TG00010199,T00040,BGS,2.43885501,0.177732,0.4500
TG00010200,T00040,BGS,1.65619326,0.146156,0.4500
TG00010201,T00040,BGS,1.37854159,0.278759,0.4500
TG00010202,T00040,BGS,0.77295384,0.117350,0.4500
TG00010203,T00040,BGS,1.06450618,0.232308,0.4500
TG00010204,T00040,BGS,1.24291003,0.121062,0.4500
TG00010205,T00040,BGS,0.98482344,0.113043,0.4500
TG00010206,T00040,BGS,1.16709141,0.267817,0.4500
TG00010207,T00040,BGS,0.97346608,0.275534,0.4500
TG00010208,T00040,BGS,1.09640510,0.221554,0.4500
TG00010209,T00040,BGS,1.26709412,0.201225,0.4500
TG00010210,T00040,BGS,1.28234000,0.100766,0.4500
TG00010211,T00040,BGS,1.11114232,0.212199,0.4500
TG00010212,T00040,BGS,1.70204291,0.384198,0.4500
TG00010213,T00040,BGS,0.77237570,0.128009,0.4500
TG00010214,T00040,BGS,1.04902362,0.308850,0.4500
TG00010215,T00040,BGS,1.38262130,0.295641,0.4500
TG00010216,T00040,BGS,1.08395244,0.117153,0.4500
TG00010217,T00041,LRG,0.43218598,0.669961,1.0000
TG00010218,T00041,LRG,0.83566828,0.846156,1.0000
TG00010219,T00041,LRG,0.39201355,0.728266,1.0000
TG00010220,T00041,LRG,0.31413105,1.028141,1.0000
TG00010221,T00041,LRG,0.17826231,0.507237,1.0000
TG00010222,T00041,LRG,0.37248124,0.835716,1.0000
TG00010223,T00041,LRG,0.32143719,1.204341,1.0000
TG00010224,T00041,LRG,0.29064240,0.579591,1.0000
TG00010225,T00041,LRG,0.36461311,0.982712,1.0000
TG00010226,T00041,LRG,0.40617508,0.708852,1.0000
TG00010227,T00041,LRG,0.22315941,0.628845,1.0000
TG00010228,T00041,LRG,0.43298497,0.867846,1.0000
TG00010229,T00041,LRG,0.29697709,0.744876,1.0000
TG00010230,T00041,LRG,0.68853673,0.642858,1.0000
TG00010231,T00041,LRG,0.22685690,0.608001,1.0000
TG00010232,T00041,LRG,0.29989913,0.851142,1.0000
TG00010233,T00041,LRG,0.45400560,1.350214,1.0000
TG00010234,T00041,LRG,0.76058285,0.792106,1.0000
TG00010235,T00041,LRG,0.84824407,0.564768,1.0000
TG00010236,T00041,LRG,0.39649878,0.727808,1.0000
TG00010237,T00041,LRG,0.43680479,0.515124,1.0000
TG00010238,T00041,LRG,0.35464408,0.933751,1.0000
TG00010239,T00041,LRG,0.26816303,1.122030,1.0000
TG00010240,T00041,LRG,0.25471458,0.373585,1.0000
TG00010241,T00041,LRG,0.12500498,0.775625,1.0000
TG00010242,T00041,LRG,0.29493283,0.776209,1.0000
TG00010243,T00041,LRG,0.28474885,0.596050,1.0000
TG00010244,T00041,LRG,0.52080820,0.657091,1.0000
TG00010245,T00041,LRG,0.33415948,0.720178,1.0000
TG00010246,T00041,LRG,0.14044881,0.621712,1.0000
TG00010247,T00041,LRG,0.45492005,0.856151,1.0000
TG00010248,T00041,LRG,0.28396909,0.780577,1.0000
TG00010249,T00041,LRG,0.22692107,0.708014,1.0000
TG00010250,T00041,LRG,0.55366389,0.812818,1.0000
TG00010251,T00041,LRG,0.27545050,0.672170,1.0000
TG00010252,T00041,LRG,0.57245034,0.931259,1.0000
TG00010253,T00041,LRG,0.14903644,1.098158,1.0000
TG00010254,T00041,LRG,0.43620696,0.614077,1.0000
TG00010255,T00041,LRG,0.31581466,0.792305,1.0000
TG00010256,T00041,LRG,0.21450638,0.837496,1.0000
TG00010257,T00041,LRG,0.41785723,0.734385,1.0000
TG00010258,T00041,LRG,0.46383802,0.957920,1.0000
TG00010259,T00041,LRG,0.42344290,0.995104,1.0000
TG00010260,T00041,LRG,0.27107666,0.839011,1.0000
TG00010261,T00041,LRG,0.44504599,0.482116,1.0000
TG00010262,T00041,LRG,0.41055740,0.568385,1.0000
TG00010263,T00041,LRG,0.24299402,1.022236,1.0000
TG00010264,T00041,LRG,0.38885779,0.718971,1.0000
TG00010265,T00041,LRG,0.31169437,0.452638,1.0000
TG00010266,T00041,LRG,0.34214748,0.526113,1.0000
TG00010267,T00041,LRG,0.54134825,0.822386,1.0000
TG00010268,T00041,LRG,0.38807233,0.797283,1.0000
TG00010269,T00041,LRG,0.55828664,0.822003,1.0000
TG00010270,T00041,ELG,0.49737506,1.807834,1.0000
TG00010271,T00041,ELG,0.62721963,1.352774,1.0000
TG00010272,T00041,ELG,0.59837697,1.016109,1.0000
TG00010273,T00041,ELG,0.43385352,1.174780,1.0000
TG00010274,T00041,ELG,0.51655166,1.287382,1.0000
TG00010275,T00041,ELG,0.24677849,1.054482,1.0000
TG00010276,T00041,ELG,0.37399622,0.842343,1.0000
TG00010277,T00041,ELG,0.61124713,1.101438,1.0000
TG00010278,T00041,ELG,0.38206704,1.260647,1.0000
TG00010279,T00041,ELG,0.93355793,0.889019,1.0000
TG00010280,T00041,ELG,0.65836520,0.708659,1.0000
TG00010281,T00041,ELG,0.52389223,0.813234,1.0000
TG00010282,T00041,ELG,0.73680929,1.008525,1.0000
TG00010283,T00041,ELG,0.27544143,0.626684,1.0000
TG00010284,T00041,ELG,0.98005986,0.916077,1.0000
TG00010285,T00041,ELG,0.53275713,1.324050,1.0000
TG00010286,T00041,ELG,0.74609676,1.223947,1.0000
TG00010287,T00041,ELG,0.35121470,1.125791,1.0000
TG00010288,T00041,ELG,0.52812974,1.258646,1.0000
TG00010289,T00041,ELG,0.50685643,1.257223,1.0000
TG00010290,T00041,ELG,0.72343644,1.213885,1.0000
TG00010291,T00041,ELG,0.39379595,1.273565,1.0000
TG00010292,T00041,ELG,0.25091752,0.829748,1.0000
TG00010293,T00041,ELG,0.56158193,1.732496,1.0000
TG00010294,T00041,ELG,1.51869584,0.890175,1.0000
TG00010295,T00041,ELG,0.32867787,1.350510,1.0000
TG00010296,T00041,ELG,0.60910407,1.000174,1.0000
TG00010297,T00041,ELG,0.45688305,0.795461,1.0000
TG00010298,T00041,ELG,0.26256323,1.303471,1.0000
TG00010299,T00041,ELG,1.16261503,1.275118,1.0000
TG00010300,T00041,ELG,0.39986107,0.981739,1.0000
TG00010301,T00041,ELG,0.70327728,0.894744,1.0000
TG00010302,T00041,ELG,0.70099439,1.286208,1.0000
TG00010303,T00041,ELG,0.79092652,0.933497,1.0000
TG00010304,T00041,ELG,0.39670184,1.237563,1.0000
TG00010305,T00041,ELG,0.26124207,1.000437,1.0000
TG00010306,T00041,ELG,0.62187508,0.627253,1.0000
TG00010307,T00041,ELG,0.63911324,1.304266,1.0000
TG00010308,T00041,ELG,0.98018266,1.460658,1.0000
TG00010309,T00041,ELG,0.48105243,0.846817,1.0000
TG00010310,T00041,ELG,0.34868028,1.424769,1.0000
TG00010311,T00041,ELG,0.20109016,1.085274,1.0000
TG00010312,T00041,ELG,0.76519950,0.858167,1.0000
TG00010313,T00041,ELG,0.34216860,0.878785,1.0000
TG00010314,T00041,ELG,0.53097435,1.023400,1.0000
TG00010315,T00041,ELG,0.64739181,1.334744,1.0000
TG00010316,T00041,ELG,0.66750779,1.018808,1.0000
TG00010317,T00041,ELG,0.38705464,0.758220,1.0000
TG00010318,T00041,ELG,0.55247809,1.276467,1.0000
TG00010319,T00041,ELG,0.54575146,1.140431,1.0000
TG00010320,T00041,ELG,0.36051076,1.073286,1.0000
TG00010321,T00041,ELG,0.98611838,0.336711,1.0000
TG00010322,T00041,ELG,1.06197965,1.165146,1.0000
TG00010323,T00041,ELG,0.73201244,0.982867,1.0000
TG00010324,T00041,ELG,0.31326801,1.397888,1.0000
TG00010325,T00041,ELG,0.53017365,1.215224,1.0000
TG00010326,T00041,ELG,0.33991277,1.007317,1.0000
TG00010327,T00041,ELG,0.40991931,0.952086,1.0000
TG00010328,T00041,ELG,0.45676691,0.954213,1.0000
TG00010329,T00041,ELG,0.56509411,1.293452,1.0000
TG00010330,T00041,ELG,0.69802893,0.887643,1.0000
TG00010331,T00041,ELG,0.38470825,1.235277,1.0000
TG00010332,T00041,ELG,0.40708661,0.583407,1.0000
TG00010333,T00041,ELG,0.91135464,1.185097,1.0000
TG00010334,T00041,ELG,0.62786455,1.188034,1.0000
TG00010335,T00041,ELG,0.52988311,1.417926,1.0000
TG00010336,T00041,ELG,0.34551774,1.286510,1.0000
TG00010337,T00041,ELG,0.43602546,0.861567,1.0000
TG00010338,T00041,ELG,0.34767390,0.591935,1.0000
TG00010339,T00041,ELG,0.76523658,1.265584,1.0000
TG00010340,T00041,ELG,0.77871683,0.795629,1.0000
TG00010341,T00041,ELG,0.42776157,1.613891,1.0000
TG00010342,T00041,ELG,0.37589337,1.283555,1.0000
TG00010343,T00041,ELG,0.58883540,0.937393,1.0000
TG00010344,T00041,ELG,0.37587155,1.419401,1.0000
TG00010345,T00041,ELG,1.01650610,1.005197,1.0000
TG00010346,T00041,ELG,0.80925157,1.499304,1.0000
TG00010347,T00041,ELG,1.33520879,1.012766,1.0000
TG00010348,T00041,ELG,0.94005533,1.001250,1.0000
TG00010349,T00041,ELG,0.80886452,0.638245,1.0000
TG00010350,T00041,ELG,1.17105369,0.835296,1.0000
TG00010351,T00041,ELG,0.29631856,1.138294,1.0000
TG00010352,T00041,ELG,0.46863661,0.623495,1.0000
TG00010353,T00041,ELG,0.70383489,1.050961,1.0000
TG00010354,T00041,ELG,0.24472512,1.630458,1.0000
TG00010355,T00041,ELG,0.53187806,1.118796,1.0000
TG00010356,T00041,ELG,0.40463175,1.125702,1.0000
TG00010357,T00041,ELG,0.72253049,0.930235,1.0000
TG00010358,T00041,ELG,0.57800753,1.113895,1.0000
TG00010359,T00041,ELG,0.63676460,0.672867,1.0000
TG00010360,T00041,ELG,0.29458241,1.172449,1.0000
TG00010361,T00041,ELG,0.46051297,1.100369,1.0000
TG00010362,T00041,ELG,0.46305606,1.780020,1.0000
TG00010363,T00041,ELG,0.38558874,1.298383,1.0000
TG00010364,T00041,ELG,0.56363612,1.013889,1.0000
TG00010365,T00041,ELG,0.55159932,0.373584,1.0000
TG00010366,T00041,ELG,0.63899076,1.072731,1.0000
TG00010367,T00041,ELG,0.25722773,0.737874,1.0000
TG00010368,T00041,ELG,0.32006860,1.699203,1.0000
TG00010369,T00041,ELG,0.63290365,0.862699,1.0000
TG00010370,T00041,ELG,0.52558091,0.583666,1.0000
TG00010371,T00041,ELG,0.30017641,1.423959,1.0000
TG00010372,T00041,QSO,0.28409207,2.135506,1.7000
TG00010373,T00041,QSO,0.33466931,1.919504,1.7000
TG00010374,T00041,QSO,0.46063817,1.955788,1.7000
TG00010375,T00041,QSO,0.11211929,2.423535,1.7000
TG00010376,T00041,QSO,0.08857048,1.749222,1.7000
TG00010377,T00041,QSO,0.07758042,1.519065,1.7000
TG00010378,T00041,QSO,0.44426665,2.629449,1.7000
TG00010379,T00041,QSO,0.14508352,1.971616,1.7000
TG00010380,T00041,QSO,0.08054388,2.576310,1.7000
TG00010381,T00041,QSO,0.13639243,1.970327,1.7000
TG00010382,T00041,QSO,0.11178194,2.256775,1.7000
TG00010383,T00041,QSO,0.20064432,3.141737,1.7000
TG00010384,T00041,QSO,0.33075401,1.907477,1.7000
TG00010385,T00041,QSO,0.12541131,2.170640,1.7000
TG00010386,T00041,QSO,0.46365768,2.562411,1.7000
TG00010387,T00041,QSO,0.11376855,1.447490,1.7000
TG00010388,T00041,QSO,0.20178965,1.597964,1.7000
TG00010389,T00041,QSO,0.20623479,2.281445,1.7000
TG00010390,T00041,QSO,0.17399218,2.525671,1.7000
TG00010391,T00041,QSO,0.09902950,2.328621,1.7000
TG00010392,T00041,QSO,0.14564353,2.405571,1.7000
TG00010393,T00041,QSO,0.14269331,2.466418,1.7000
TG00010394,T00041,QSO,0.12676854,3.067982,1.7000
TG00010395,T00041,BGS,1.39507820,0.365969,0.4500
TG00010396,T00041,BGS,1.62040554,0.311348,0.4500
TG00010397,T00041,BGS,1.60313664,0.142809,0.4500
TG00010398,T00041,BGS,1.04479606,0.202148,0.4500
TG00010399,T00041,BGS,1.38329729,0.083485,0.4500
TG00010400,T00041,BGS,1.23050043,0.318102,0.4500
TG00010401,T00041,BGS,1.46955042,0.319801,0.4500
TG00010402,T00041,BGS,1.47205497,0.217409,0.4500
TG00010403,T00041,BGS,1.95721987,0.172731,0.4500
TG00010404,T00041,BGS,1.01198263,0.137349,0.4500
TG00010405,T00041,BGS,0.87536022,0.185236,0.4500
TG00010406,T00041,BGS,1.15989407,0.180198,0.4500
TG00010407,T00041,BGS,1.29467024,0.111546,0.4500
TG00010408,T00041,BGS,1.01758020,0.124142,0.4500
TG00010409,T00041,BGS,1.50215294,0.000000,0.4500
TG00010410,T00041,BGS,1.38833482,0.260559,0.4500
TG00010411,T00041,BGS,1.48772318,0.322840,0.4500
TG00010412,T00041,BGS,0.95940280,0.302703,0.4500
TG00010413,T00041,BGS,1.22946672,0.268199,0.4500
TG00010414,T00041,BGS,1.38350497,0.350060,0.4500
TG00010415,T00041,BGS,1.95475880,0.018446,0.4500
TG00010416,T00041,BGS,2.22318720,0.181832,0.4500
TG00010417,T00041,BGS,1.61091743,0.124438,0.4500
TG00010418,T00041,BGS,0.97243846,0.063955,0.4500
TG00010419,T00041,BGS,1.09211946,0.256264,0.4500
TG00010420,T00041,BGS,1.44151645,0.193581,0.4500
TG00010421,T00041,BGS,1.26324360,0.246329,0.4500
TG00010422,T00041,BGS,1.16229940,0.212599,0.4500
TG00010423,T00041,BGS,0.82850604,0.330717,0.4500
TG00010424,T00041,BGS,0.76225450,0.270473,0.4500
TG00010425,T00041,BGS,1.40369112,0.213154,0.4500
TG00010426,T00041,BGS,0.87091827,0.290129,0.4500
TG00010427,T00041,BGS,1.24072193,0.180918,0.4500
TG00010428,T00041,BGS,1.29637441,0.270170,0.4500
TG00010429,T00041,BGS,1.07883702,0.204025,0.4500
TG00010430,T00041,BGS,1.29539805,0.304795,0.4500
TG00010431,T00041,BGS,1.66356181,0.240028,0.4500
TG00010432,T00041,BGS,1.67015103,0.183794,0.4500
TG00010433,T00041,BGS,1.28488558,0.249139,0.4500
TG00010434,T00041,BGS,1.13644163,0.220429,0.4500
TG00010435,T00041,BGS,1.11564441,0.016653,0.4500
TG00010436,T00041,BGS,0.80782709,0.166664,0.4500
TG00010437,T00041,BGS,1.64811517,0.186141,0.4500
TG00010438,T00041,BGS,1.34796074,0.323938,0.4500
TG00010439,T00041,BGS,1.29190864,0.246678,0.4500
TG00010440,T00041,BGS,0.63026142,0.301914,0.4500
TG00010441,T00041,BGS,2.19131936,0.216123,0.4500
TG00010442,T00041,BGS,0.97445887,0.416376,0.4500
TG00010443,T00041,BGS,1.14155289,0.217577,0.4500
TG00010444,T00041,BGS,1.58312126,0.228187,0.4500
TG00010445,T00041,BGS,0.60559504,0.286397,0.4500
TG00010446,T00041,BGS,1.70728285,0.141470,0.4500
TG00010447,T00041,BGS,0.91353754,0.371838,0.4500
TG00010448,T00041,BGS,1.05659436,0.351198,0.4500
TG00010449,T00041,BGS,1.60758612,0.231767,0.4500
TG00010450,T00041,BGS,1.39741039,0.216775,0.4500
TG00010451,T00041,BGS,0.97967808,0.263837,0.4500
TG00010452,T00041,BGS,1.05459327,0.324843,0.4500
TG00010453,T00041,BGS,0.65557756,0.254826,0.4500
TG00010454,T00041,BGS,0.58644150,0.404134,0.4500
TG00010455,T00041,BGS,1.51531130,0.132034,0.4500
TG00010456,T00041,BGS,1.12137425,0.181962,0.4500
TG00010457,T00041,BGS,1.28833529,0.444013,0.4500
TG00010458,T00041,BGS,1.30363007,0.134432,0.4500
TG00010459,T00041,BGS,0.99207725,0.292482,0.4500
TG00010460,T00041,BGS,1.32816313,0.267234,0.4500
TG00010461,T00041,BGS,1.42662647,0.291646,0.4500
TG00010462,T00041,BGS,1.16984449,0.214843,0.4500
TG00010463,T00041,BGS,0.79983973,0.489747,0.4500
TG00010464,T00041,BGS,1.01618885,0.287495,0.4500
TG00010465,T00041,BGS,1.38882039,0.231459,0.4500
TG00010466,T00041,BGS,1.61289007,0.335952,0.4500
TG00010467,T00041,BGS,1.43775163,0.293984,0.4500
TG00010468,T00041,BGS,0.99763842,0.339298,0.4500
TG00010469,T00042,LRG,0.34095189,0.620202,1.0000
TG00010470,T00042,LRG,0.39973937,0.735620,1.0000
TG00010471,T00042,LRG,0.28399044,0.797124,1.0000
TG00010472,T00042,LRG,0.56900841,0.343787,1.0000
TG00010473,T00042,LRG,0.38046555,0.534875,1.0000
TG00010474,T00042,LRG,0.30397443,0.981376,1.0000
TG00010475,T00042,LRG,0.37702428,0.650101,1.0000
TG00010476,T00042,LRG,0.21863837,0.623750,1.0000
TG00010477,T00042,LRG,0.24780892,0.803355,1.0000
TG00010478,T00042,LRG,0.70460349,0.712768,1.0000
TG00010479,T00042,LRG,0.36403330,0.974818,1.0000
TG00010480,T00042,LRG,0.22357188,0.768820,1.0000
TG00010481,T00042,LRG,0.63244804,0.297014,1.0000
TG00010482,T00042,LRG,0.49678140,0.932935,1.0000
TG00010483,T00042,LRG,0.21976738,0.677397,1.0000
TG00010484,T00042,LRG,0.25155310,0.649914,1.0000
TG00010485,T00042,LRG,0.40879450,0.778444,1.0000
TG00010486,T00042,LRG,0.24489924,0.814595,1.0000
TG00010487,T00042,LRG,0.20344589,0.604384,1.0000
TG00010488,T00042,LRG,0.46718419,0.272478,1.0000
TG00010489,T00042,LRG,0.39833562,0.668956,1.0000
TG00010490,T00042,LRG,0.28240418,0.384838,1.0000
TG00010491,T00042,LRG,0.38601987,0.559762,1.0000
TG00010492,T00042,LRG,0.39981927,0.902169,1.0000
TG00010493,T00042,LRG,0.25799030,0.461869,1.0000
TG00010494,T00042,LRG,0.40159885,0.576851,1.0000
TG00010495,T00042,LRG,0.29070311,0.714626,1.0000
TG00010496,T00042,LRG,0.34506862,0.736921,1.0000
TG00010497,T00042,LRG,0.42697573,0.469823,1.0000
TG00010498,T00042,LRG,0.35920168,1.215294,1.0000
TG00010499,T00042,LRG,0.32039234,0.541228,1.0000
TG00010500,T00042,LRG,0.37154780,0.910295,1.0000
TG00010501,T00042,LRG,0.47355914,0.649938,1.0000
TG00010502,T00042,LRG,0.49711338,0.855296,1.0000
TG00010503,T00042,LRG,0.38475340,0.411042,1.0000
TG00010504,T00042,LRG,0.37479242,0.733259,1.0000
TG00010505,T00042,LRG,0.35010334,0.655361,1.0000
TG00010506,T00042,LRG,0.64829048,0.933976,1.0000
TG00010507,T00042,LRG,0.36122387,0.726099,1.0000
TG00010508,T00042,LRG,0.38097331,0.538126,1.0000
TG00010509,T00042,LRG,0.35332646,0.772767,1.0000
TG00010510,T00042,LRG,0.32195397,0.731707,1.0000
TG00010511,T00042,LRG,0.18549981,0.701348,1.0000
TG00010512,T00042,LRG,0.27711116,0.851779,1.0000
TG00010513,T00042,LRG,0.42991726,0.956615,1.0000
TG00010514,T00042,LRG,0.51419366,0.460139,1.0000
TG00010515,T00042,LRG,0.22874677,0.545887,1.0000
TG00010516,T00042,LRG,0.35007670,0.554485,1.0000
TG00010517,T00042,LRG,0.28252994,0.930889,1.0000
TG00010518,T00042,LRG,0.34579107,0.453202,1.0000
TG00010519,T00042,LRG,0.30741714,0.884603,1.0000
TG00010520,T00042,LRG,0.59805348,0.804417,1.0000
TG00010521,T00042,LRG,0.46287472,0.696893,1.0000
TG00010522,T00042,LRG,0.22733901,0.877949,1.0000
TG00010523,T00042,LRG,0.37679766,0.906913,1.0000
TG00010524,T00042,LRG,0.23639730,0.800817,1.0000
TG00010525,T00042,LRG,0.38371238,0.351758,1.0000
TG00010526,T00042,LRG,0.32160867,0.617876,1.0000
TG00010527,T00042,LRG,0.56169763,0.548595,1.0000
TG00010528,T00042,LRG,0.22261791,0.936768,1.0000
TG00010529,T00042,ELG,0.68212699,1.316055,1.0000
TG00010530,T00042,ELG,0.34487779,1.398776,1.0000
TG00010531,T00042,ELG,0.42898490,1.191815,1.0000
TG00010532,T00042,ELG,0.66692087,1.060459,1.0000
TG00010533,T00042,ELG,1.13960734,1.083332,1.0000
TG00010534,T00042,ELG,0.69882985,1.275795,1.0000
TG00010535,T00042,ELG,0.52950674,0.953894,1.0000
TG00010536,T00042,ELG,0.30164273,0.949091,1.0000
TG00010537,T00042,ELG,2.39402704,0.936507,1.0000
TG00010538,T00042,ELG,0.35700809,1.315281,1.0000
TG00010539,T00042,ELG,0.45182458,1.397491,1.0000
TG00010540,T00042,ELG,0.33107382,1.000305,1.0000
TG00010541,T00042,ELG,0.48963806,0.507974,1.0000
TG00010542,T00042,ELG,1.61040960,1.697575,1.0000
TG00010543,T00042,ELG,0.40646554,0.877365,1.0000
TG00010544,T00042,ELG,0.54040602,0.661637,1.0000
TG00010545,T00042,ELG,0.39124715,1.191536,1.0000
TG00010546,T00042,ELG,0.41882328,1.070160,1.0000
TG00010547,T00042,ELG,0.55104875,1.166189,1.0000
TG00010548,T00042,ELG,1.18706448,1.149077,1.0000
TG00010549,T00042,ELG,0.44019942,1.216098,1.0000
TG00010550,T00042,ELG,0.59362659,1.299836,1.0000
TG00010551,T00042,ELG,0.64311107,1.217365,1.0000
TG00010552,T00042,ELG,1.37394306,1.620217,1.0000
TG00010553,T00042,ELG,0.58202196,1.322203,1.0000
TG00010554,T00042,ELG,0.43080873,1.258409,1.0000
TG00010555,T00042,ELG,0.71571019,1.697462,1.0000
TG00010556,T00042,ELG,0.69017247,0.810918,1.0000
TG00010557,T00042,ELG,0.39508284,1.481624,1.0000
TG00010558,T00042,ELG,0.82363070,0.810480,1.0000
TG00010559,T00042,ELG,0.41573361,0.867184,1.0000
TG00010560,T00042,ELG,0.54431679,0.745879,1.0000
TG00010561,T00042,ELG,0.63767297,1.126138,1.0000
TG00010562,T00042,ELG,0.41138349,1.018311,1.0000
TG00010563,T00042,ELG,0.50651681,1.453125,1.0000
TG00010564,T00042,ELG,0.48654437,0.891812,1.0000
TG00010565,T00042,ELG,0.60102938,1.031025,1.0000
TG00010566,T00042,ELG,0.46940074,1.110198,1.0000
TG00010567,T00042,ELG,0.88209925,1.408687,1.0000
TG00010568,T00042,ELG,0.47853816,1.234396,1.0000
TG00010569,T00042,ELG,0.67052495,1.331496,1.0000
TG00010570,T00042,ELG,0.76694198,1.098229,1.0000
TG00010571,T00042,ELG,0.51569801,1.051023,1.0000
TG00010572,T00042,ELG,0.42027756,1.029038,1.0000
TG00010573,T00042,ELG,0.42254931,0.768521,1.0000
TG00010574,T00042,ELG,0.29442747,1.045377,1.0000
TG00010575,T00042,ELG,0.75705483,1.207908,1.0000
TG00010576,T00042,ELG,0.78331607,1.108694,1.0000
TG00010577,T00042,ELG,0.41846862,1.561016,1.0000
TG00010578,T00042,ELG,0.51011782,1.026759,1.0000
TG00010579,T00042,ELG,0.41778202,1.117064,1.0000
TG00010580,T00042,ELG,0.33637902,0.829604,1.0000
TG00010581,T00042,ELG,1.33515377,0.773634,1.0000
TG00010582,T00042,ELG,0.32241101,1.468886,1.0000
TG00010583,T00042,ELG,0.42661982,1.303098,1.0000
TG00010584,T00042,ELG,0.61633826,1.055250,1.0000
TG00010585,T00042,ELG,0.37531140,1.028009,1.0000
TG00010586,T00042,ELG,1.06538087,1.193232,1.0000
TG00010587,T00042,ELG,0.67387786,1.295178,1.0000
TG00010588,T00042,ELG,0.36648973,0.891126,1.0000
TG00010589,T00042,ELG,0.61210169,1.073310,1.0000
TG00010590,T00042,ELG,0.75848294,0.868644,1.0000
TG00010591,T00042,ELG,0.73266192,1.103015,1.0000
TG00010592,T00042,ELG,0.35946473,1.616632,1.0000
TG00010593,T00042,ELG,0.60645290,1.000094,1.0000
TG00010594,T00042,ELG,0.69367284,1.177752,1.0000
TG00010595,T00042,ELG,0.75917122,0.600525,1.0000
TG00010596,T00042,ELG,0.74636269,0.790164,1.0000
TG00010597,T00042,ELG,0.49453664,0.994937,1.0000
TG00010598,T00042,ELG,0.24552563,1.090694,1.0000
TG00010599,T00042,ELG,0.30909873,0.928383,1.0000
TG00010600,T00042,ELG,0.38325558,1.111932,1.0000
TG00010601,T00042,ELG,0.61164391,1.249828,1.0000
TG00010602,T00042,ELG,0.36313752,1.554171,1.0000
TG00010603,T00042,ELG,0.69109615,0.431452,1.0000
TG00010604,T00042,ELG,0.73459387,1.051759,1.0000
TG00010605,T00042,ELG,0.33463445,1.195895,1.0000
TG00010606,T00042,ELG,0.55035573,1.405599,1.0000
TG00010607,T00042,ELG,0.54518006,1.389700,1.0000
TG00010608,T00042,ELG,0.39130868,1.179770,1.0000
TG00010609,T00042,ELG,0.99933113,1.451118,1.0000
TG00010610,T00042,ELG,1.10156299,1.576812,1.0000
TG00010611,T00042,ELG,0.50042913,0.355657,1.0000
TG00010612,T00042,ELG,0.34776479,1.138826,1.0000
TG00010613,T00042,ELG,0.70002606,0.728819,1.0000
TG00010614,T00042,ELG,0.42012194,0.893663,1.0000
TG00010615,T00042,ELG,0.49051057,1.565559,1.0000
TG00010616,T00042,ELG,0.68884859,1.018750,1.0000
TG00010617,T00042,ELG,1.43754148,1.395606,1.0000
TG00010618,T00042,ELG,0.67233070,1.253905,1.0000
TG00010619,T00042,ELG,0.78668049,0.879914,1.0000
TG00010620,T00042,ELG,0.66189427,1.369039,1.0000
TG00010621,T00042,ELG,0.49197191,0.965930,1.0000
TG00010622,T00042,ELG,0.93606773,1.031506,1.0000
TG00010623,T00042,ELG,0.48901614,1.554173,1.0000
TG00010624,T00042,ELG,0.87526213,1.224234,1.0000
TG00010625,T00042,ELG,1.14937992,1.458716,1.0000
TG00010626,T00042,ELG,0.57635516,1.255107,1.0000
TG00010627,T00042,ELG,0.55068288,1.190662,1.0000
TG00010628,T00042,ELG,0.44129790,1.486931,1.0000
TG00010629,T00042,ELG,0.55157272,0.886079,1.0000
TG00010630,T00042,ELG,0.48747193,0.576244,1.0000
TG00010631,T00042,ELG,0.61672495,1.380406,1.0000
TG00010632,T00042,ELG,0.30759887,1.251520,1.0000
TG00010633,T00042,ELG,0.86469260,0.972079,1.0000
TG00010634,T00042,ELG,0.51683021,0.867292,1.0000
TG00010635,T00042,ELG,0.59100587,0.591065,1.0000
TG00010636,T00042,ELG,0.49098175,1.227693,1.0000
TG00010637,T00042,ELG,0.41873786,0.392143,1.0000
TG00010638,T00042,ELG,0.80837294,1.451460,1.0000
TG00010639,T00042,ELG,0.48370360,1.264111,1.0000
TG00010640,T00042,ELG,0.78381629,1.369307,1.0000
TG00010641,T00042,ELG,1.96225455,1.043687,1.0000
TG00010642,T00042,ELG,0.86352310,0.834823,1.0000
TG00010643,T00042,ELG,0.39613852,0.905657,1.0000
TG00010644,T00042,ELG,0.58315765,1.235970,1.0000
TG00010645,T00042,QSO,0.28762743,2.358611,1.7000
TG00010646,T00042,QSO,0.19523564,1.760837,1.7000
TG00010647,T00042,QSO,0.06818376,3.263222,1.7000
TG00010648,T00042,QSO,0.08912913,2.354463,1.7000
TG00010649,T00042,QSO,0.23208307,1.654368,1.7000
TG00010650,T00042,QSO,0.19215688,1.961670,1.7000
TG00010651,T00042,QSO,0.22371439,2.417731,1.7000
TG00010652,T00042,QSO,0.08671884,3.245438,1.7000
TG00010653,T00042,QSO,0.18823361,2.020343,1.7000
TG00010654,T00042,QSO,0.31587031,2.135543,1.7000
TG00010655,T00042,QSO,0.12121766,2.767890,1.7000
TG00010656,T00042,QSO,0.51965168,2.163383,1.7000
TG00010657,T00042,QSO,0.23710172,2.895258,1.7000
TG00010658,T00042,QSO,0.33807633,2.459325,1.7000
TG00010659,T00042,QSO,0.15371552,2.160200,1.7000
TG00010660,T00042,QSO,0.10959629,3.115353,1.7000
TG00010661,T00042,QSO,0.11960808,3.801903,1.7000
TG00010662,T00042,QSO,0.36449862,2.322885,1.7000
TG00010663,T00042,QSO,0.11225680,1.063998,1.7000
TG00010664,T00042,QSO,0.17974842,1.581596,1.7000
TG00010665,T00042,QSO,0.15444964,2.135124,1.7000
TG00010666,T00042,QSO,0.15788193,2.649365,1.7000
TG00010667,T00042,BGS,1.08064414,0.140433,0.4500
TG00010668,T00042,BGS,0.84206229,0.121777,0.4500
TG00010669,T00042,BGS,1.11706025,0.177953,0.4500
TG00010670,T00042,BGS,1.59707399,0.149866,0.4500
TG00010671,T00042,BGS,1.28977121,0.366577,0.4500
TG00010672,T00042,BGS,1.04281713,0.255629,0.4500
TG00010673,T00042,BGS,0.71654992,0.404936,0.4500
TG00010674,T00042,BGS,1.28907835,0.110729,0.4500
TG00010675,T00042,BGS,1.10612746,0.168837,0.4500
TG00010676,T00042,BGS,1.03092613,0.123297,0.4500
TG00010677,T00042,BGS,1.65342376,0.261973,0.4500
TG00010678,T00042,BGS,1.10852743,0.304497,0.4500
TG00010679,T00042,BGS,0.96304465,0.342957,0.4500
TG00010680,T00042,BGS,1.09723614,0.200727,0.4500
TG00010681,T00042,BGS,1.05087823,0.290491,0.4500
TG00010682,T00042,BGS,1.73311417,0.231212,0.4500
TG00010683,T00042,BGS,1.12992887,0.232928,0.4500
TG00010684,T00042,BGS,1.20503715,0.185803,0.4500
TG00010685,T00042,BGS,0.97019673,0.216311,0.4500
TG00010686,T00042,BGS,1.07126141,0.061570,0.4500
TG00010687,T00042,BGS,1.13684600,0.151984,0.4500
TG00010688,T00042,BGS,0.62759596,0.337913,0.4500
TG00010689,T00042,BGS,0.94638215,0.141177,0.4500
TG00010690,T00042,BGS,3.01746823,0.188581,0.4500
TG00010691,T00042,BGS,0.77964540,0.350319,0.4500
TG00010692,T00042,BGS,1.78632550,0.226959,0.4500
TG00010693,T00042,BGS,1.39343169,0.266343,0.4500
TG00010694,T00042,BGS,1.17679655,0.347693,0.4500
TG00010695,T00042,BGS,1.21632481,0.103036,0.4500
TG00010696,T00042,BGS,1.16711427,0.250892,0.4500
TG00010697,T00042,BGS,0.90681557,0.409303,0.4500
TG00010698,T00042,BGS,1.04039538,0.217117,0.4500
TG00010699,T00042,BGS,2.14878503,0.199564,0.4500
TG00010700,T00042,BGS,1.70590072,0.192444,0.4500
TG00010701,T00042,BGS,1.46288729,0.263777,0.4500
TG00010702,T00042,BGS,0.84099783,0.253335,0.4500
TG00010703,T00042,BGS,1.11340429,0.107927,0.4500
TG00010704,T00042,BGS,0.87930779,0.222961,0.4500
TG00010705,T00042,BGS,1.04870761,0.287293,0.4500
TG00010706,T00042,BGS,1.39206132,0.411913,0.4500
TG00010707,T00042,BGS,1.05464490,0.479422,0.4500
TG00010708,T00042,BGS,0.91697895,0.275478,0.4500
TG00010709,T00042,BGS,0.96390467,0.228344,0.4500
TG00010710,T00042,BGS,0.68101776,0.454670,0.4500
TG00010711,T00042,BGS,1.41699168,0.420066,0.4500
TG00010712,T00042,BGS,1.08779575,0.251994,0.4500
TG00010713,T00042,BGS,1.50711576,0.451845,0.4500
TG00010714,T00042,BGS,1.24013327,0.076682,0.4500
TG00010715,T00042,BGS,1.59345296,0.291947,0.4500
TG00010716,T00042,BGS,0.65635148,0.233432,0.4500
TG00010717,T00042,BGS,0.77454762,0.219468,0.4500
TG00010718,T00042,BGS,1.37097758,0.079483,0.4500
TG00010719,T00042,BGS,0.97360996,0.292940,0.4500
TG00010720,T00042,BGS,1.58112246,0.152449,0.4500
TG00010721,T00042,BGS,1.29582150,0.259285,0.4500
TG00010722,T00042,BGS,1.49287716,0.132387,0.4500
TG00010723,T00042,BGS,1.09288051,0.127769,0.4500
TG00010724,T00042,BGS,0.82849217,0.227936,0.4500
TG00010725,T00042,BGS,2.44628768,0.217766,0.4500
TG00010726,T00042,BGS,1.10798325,0.127145,0.4500
TG00010727,T00042,BGS,1.41316314,0.146451,0.4500
TG00010728,T00042,BGS,1.59221010,0.091912,0.4500
TG00010729,T00042,BGS,1.10177015,0.168317,0.4500
TG00010730,T00042,BGS,2.07448978,0.362023,0.4500
TG00010731,T00042,BGS,0.83528324,0.391278,0.4500
TG00010732,T00042,BGS,1.66965329,0.256700,0.4500
TG00010733,T00042,BGS,1.05219465,0.249203,0.4500
TG00010734,T00042,BGS,1.12663613,0.157275,0.4500
TG00010735,T00042,BGS,0.88702186,0.342102,0.4500
TG00010736,T00042,BGS,1.59433816,0.298987,0.4500
TG00010737,T00042,BGS,1.29819125,0.192773,0.4500
TG00010738,T00042,BGS,1.60161191,0.069949,0.4500
TG00010739,T00042,BGS,1.10319793,0.314018,0.4500
TG00010740,T00042,BGS,1.22322146,0.244184,0.4500
TG00010741,T00042,BGS,0.67680421,0.216563,0.4500
TG00010742,T00042,BGS,1.33467713,0.436968,0.4500
TG00010743,T00042,BGS,2.25620305,0.182081,0.4500
TG00010744,T00042,BGS,0.94860280,0.173662,0.4500
TG00010745,T00042,BGS,1.36904495,0.116928,0.4500
TG00010746,T00042,BGS,1.45798765,0.213448,0.4500
TG00010747,T00042,BGS,1.55465111,0.000000,0.4500
TG00010748,T00042,BGS,1.09224899,0.128171,0.4500
TG00010749,T00042,BGS,1.22538150,0.042007,0.4500
TG00010750,T00042,BGS,1.48567253,0.091548,0.4500
TG00010751,T00042,BGS,0.99314971,0.206515,0.4500
TG00010752,T00042,BGS,1.30441723,0.166591,0.4500
TG00010753,T00042,BGS,1.12443519,0.073642,0.4500
TG00010754,T00042,BGS,0.65342008,0.164117,0.4500
TG00010755,T00042,BGS,1.55945636,0.174594,0.4500
TG00010756,T00042,BGS,0.99259114,0.223897,0.4500
TG00010757,T00042,BGS,1.04586764,0.368036,0.4500
TG00010758,T00042,BGS,0.78786444,0.186447,0.4500
TG00010759,T00042,BGS,1.45293591,0.225327,0.4500
TG00010760,T00042,BGS,1.23864732,0.287412,0.4500
TG00010761,T00042,BGS,1.16408247,0.117631,0.4500
TG00010762,T00042,BGS,2.28697203,0.195036,0.4500
TG00010763,T00043,LRG,0.46151496,0.922870,1.0000
TG00010764,T00043,LRG,0.24465192,0.622284,1.0000
TG00010765,T00043,LRG,0.36733728,0.779985,1.0000
TG00010766,T00043,LRG,0.30900949,0.654946,1.0000
TG00010767,T00043,LRG,0.46958406,0.799050,1.0000
TG00010768,T00043,LRG,0.28704343,0.681991,1.0000
TG00010769,T00043,LRG,0.37937899,0.374292,1.0000
TG00010770,T00043,LRG,0.37339061,1.035658,1.0000
TG00010771,T00043,LRG,0.42196867,0.692732,1.0000
TG00010772,T00043,LRG,0.33183130,0.425304,1.0000
TG00010773,T00043,LRG,0.44016655,1.081193,1.0000
TG00010774,T00043,LRG,0.12594910,0.531501,1.0000
TG00010775,T00043,LRG,0.40688186,0.584012,1.0000
TG00010776,T00043,LRG,0.28236559,0.524700,1.0000
TG00010777,T00043,LRG,0.26478330,0.705313,1.0000
TG00010778,T00043,LRG,0.27525748,0.659336,1.0000
TG00010779,T00043,LRG,0.34646161,0.571419,1.0000
TG00010780,T00043,LRG,0.43639982,0.720322,1.0000
TG00010781,T00043,LRG,0.35425246,0.561941,1.0000
TG00010782,T00043,LRG,0.35289127,0.890077,1.0000
TG00010783,T00043,LRG,0.38220504,0.781138,1.0000
TG00010784,T00043,LRG,0.22195488,0.688544,1.0000
TG00010785,T00043,LRG,0.32317933,0.332187,1.0000
TG00010786,T00043,LRG,0.44212289,0.707254,1.0000
TG00010787,T00043,LRG,0.60091715,0.765152,1.0000
TG00010788,T00043,LRG,0.37672352,0.902306,1.0000
TG00010789,T00043,LRG,0.21882605,0.524844,1.0000
TG00010790,T00043,LRG,0.32990493,0.759955,1.0000
TG00010791,T00043,LRG,0.35012252,1.012628,1.0000
TG00010792,T00043,LRG,0.32984630,0.618296,1.0000
TG00010793,T00043,LRG,0.23693808,0.638081,1.0000
TG00010794,T00043,LRG,0.41000179,0.419085,1.0000
TG00010795,T00043,LRG,0.61610698,1.001810,1.0000
TG00010796,T00043,LRG,0.34381091,0.648153,1.0000
TG00010797,T00043,LRG,0.26090792,0.602656,1.0000
TG00010798,T00043,LRG,0.13166023,0.596982,1.0000
TG00010799,T00043,LRG,0.32795018,0.460210,1.0000
TG00010800,T00043,LRG,0.40618885,0.714850,1.0000
TG00010801,T00043,LRG,0.34123399,0.550571,1.0000
TG00010802,T00043,LRG,0.21350595,0.678055,1.0000
TG00010803,T00043,LRG,0.36705797,0.655587,1.0000
TG00010804,T00043,LRG,0.55373378,0.980137,1.0000
TG00010805,T00043,LRG,0.46842315,0.784386,1.0000
TG00010806,T00043,LRG,0.37691377,0.503355,1.0000
TG00010807,T00043,LRG,0.52442129,1.015702,1.0000
TG00010808,T00043,LRG,0.15183895,0.839751,1.0000
TG00010809,T00043,LRG,0.26238529,0.627443,1.0000
TG00010810,T00043,LRG,0.30725273,1.019218,1.0000
TG00010811,T00043,LRG,0.26648506,0.786155,1.0000
TG00010812,T00043,LRG,0.24500779,0.541014,1.0000
TG00010813,T00043,LRG,0.35796312,0.637322,1.0000
TG00010814,T00043,LRG,0.33012656,1.058505,1.0000
TG00010815,T00043,LRG,0.20681565,0.926501,1.0000
TG00010816,T00043,LRG,0.45105814,0.624107,1.0000
TG00010817,T00043,LRG,0.83525250,0.635530,1.0000
TG00010818,T00043,LRG,0.35073202,0.669898,1.0000
TG00010819,T00043,LRG,0.53533627,1.016271,1.0000
TG00010820,T00043,LRG,0.57841909,0.955503,1.0000
TG00010821,T00043,LRG,0.44008493,0.697466,1.0000
TG00010822,T00043,LRG,0.29873528,0.817751,1.0000
TG00010823,T00043,LRG,0.54920145,0.586180,1.0000
TG00010824,T00043,LRG,0.56282806,0.792638,1.0000
TG00010825,T00043,LRG,0.33532414,0.949473,1.0000
TG00010826,T00043,LRG,0.59135930,0.627770,1.0000
TG00010827,T00043,LRG,0.26910440,0.496086,1.0000
TG00010828,T00043,LRG,0.31485213,0.786260,1.0000
TG00010829,T00043,LRG,0.22522293,0.407450,1.0000
TG00010830,T00043,LRG,0.67369882,1.082919,1.0000
TG00010831,T00043,LRG,0.59280136,0.399147,1.0000
TG00010832,T00043,LRG,0.36628493,0.818558,1.0000
TG00010833,T00043,LRG,0.26240940,0.617431,1.0000
TG00010834,T00043,LRG,0.36400251,0.478234,1.0000
TG00010835,T00043,LRG,0.42533069,0.435131,1.0000
TG00010836,T00043,LRG,0.31291858,0.776282,1.0000
TG00010837,T00043,LRG,0.61568802,0.528061,1.0000
TG00010838,T00043,LRG,0.30011469,1.049691,1.0000
TG00010839,T00043,LRG,0.47632639,1.082811,1.0000
TG00010840,T00043,LRG,0.55184755,0.532577,1.0000
TG00010841,T00043,LRG,0.30046277,0.973812,1.0000
TG00010842,T00043,LRG,0.20024678,0.873746,1.0000
TG00010843,T00043,LRG,0.48135962,0.448789,1.0000
TG00010844,T00043,LRG,0.41321965,0.939969,1.0000
TG00010845,T00043,LRG,0.29373990,0.617345,1.0000
TG00010846,T00043,ELG,0.28329602,1.231342,1.0000
TG00010847,T00043,ELG,0.84520893,1.106283,1.0000
TG00010848,T00043,ELG,0.60396069,1.610139,1.0000
TG00010849,T00043,ELG,0.55296033,1.140264,1.0000
TG00010850,T00043,ELG,0.65077261,1.199604,1.0000
TG00010851,T00043,ELG,0.75636692,1.393638,1.0000
TG00010852,T00043,ELG,0.18217382,1.078428,1.0000
TG00010853,T00043,ELG,0.67986156,1.077838,1.0000
TG00010854,T00043,ELG,0.39755617,0.647065,1.0000
TG00010855,T00043,ELG,0.96290342,1.117187,1.0000
TG00010856,T00043,ELG,0.44482415,1.221526,1.0000
TG00010857,T00043,ELG,0.43121865,1.585222,1.0000
TG00010858,T00043,ELG,0.51662435,1.033162,1.0000
TG00010859,T00043,ELG,1.06942845,0.906556,1.0000
TG00010860,T00043,ELG,0.39735373,0.706583,1.0000
TG00010861,T00043,ELG,0.49212777,1.438273,1.0000
TG00010862,T00043,ELG,0.77750217,1.459834,1.0000
TG00010863,T00043,ELG,0.59130644,1.275953,1.0000
TG00010864,T00043,ELG,0.38262933,1.004322,1.0000
TG00010865,T00043,ELG,0.45577015,1.368536,1.0000
TG00010866,T00043,ELG,0.52409863,1.024354,1.0000
TG00010867,T00043,ELG,0.53292684,0.856728,1.0000
TG00010868,T00043,ELG,0.45622703,1.218800,1.0000
TG00010869,T00043,ELG,0.42977432,1.281210,1.0000
TG00010870,T00043,ELG,0.80848529,2.137937,1.0000
TG00010871,T00043,ELG,0.27778034,1.220272,1.0000
TG00010872,T00043,ELG,0.52059470,1.202202,1.0000
TG00010873,T00043,ELG,0.60440553,1.149603,1.0000
TG00010874,T00043,ELG,0.72240287,0.862328,1.0000
TG00010875,T00043,ELG,0.56901808,1.138217,1.0000
TG00010876,T00043,ELG,0.79661225,1.110938,1.0000
TG00010877,T00043,ELG,0.96733067,0.839587,1.0000
TG00010878,T00043,ELG,0.86532903,1.179944,1.0000
TG00010879,T00043,ELG,0.54676826,1.245462,1.0000
TG00010880,T00043,ELG,0.56353177,1.402062,1.0000
TG00010881,T00043,ELG,0.43306867,1.787166,1.0000
TG00010882,T00043,ELG,0.31339474,1.073037,1.0000
TG00010883,T00043,ELG,0.57719989,0.778589,1.0000
TG00010884,T00043,ELG,0.60561325,1.219534,1.0000
TG00010885,T00043,ELG,0.66965144,0.850693,1.0000
TG00010886,T00043,ELG,0.60540349,1.063617,1.0000
TG00010887,T00043,ELG,0.25314826,0.563953,1.0000
TG00010888,T00043,ELG,0.32927026,1.154026,1.0000
TG00010889,T00043,ELG,0.57007879,0.982032,1.0000
TG00010890,T00043,ELG,0.71580046,1.194171,1.0000
TG00010891,T00043,ELG,0.40340537,1.686679,1.0000
TG00010892,T00043,ELG,0.58799940,1.307582,1.0000
TG00010893,T00043,ELG,0.47002759,0.690643,1.0000
TG00010894,T00043,ELG,0.85244463,0.916516,1.0000
TG00010895,T00043,ELG,0.45281005,1.049246,1.0000
TG00010896,T00043,ELG,0.42987685,0.716449,1.0000
TG00010897,T00043,ELG,0.56441483,1.134886,1.0000
TG00010898,T00043,ELG,0.56785550,0.826987,1.0000
TG00010899,T00043,ELG,0.57348366,1.281554,1.0000
TG00010900,T00043,ELG,0.34982109,1.042686,1.0000
TG00010901,T00043,ELG,0.48269094,0.804274,1.0000
TG00010902,T00043,ELG,1.42119097,0.861966,1.0000
TG00010903,T00043,ELG,0.48632322,1.063949,1.0000
TG00010904,T00043,ELG,0.32202293,0.940884,1.0000
TG00010905,T00043,ELG,0.58396867,0.667089,1.0000
TG00010906,T00043,ELG,0.55492124,0.843979,1.0000
TG00010907,T00043,ELG,0.92487807,1.629506,1.0000
TG00010908,T00043,ELG,0.73160371,1.043327,1.0000
TG00010909,T00043,ELG,0.50870121,0.807004,1.0000
TG00010910,T00043,ELG,0.44767502,1.246784,1.0000
TG00010911,T00043,ELG,0.89082696,1.070780,1.0000
TG00010912,T00043,QSO,0.26237981,2.296287,1.7000
TG00010913,T00043,QSO,0.13138075,1.415467,1.7000
TG00010914,T00043,QSO,0.13057410,1.849797,1.7000
TG00010915,T00043,QSO,0.18023103,1.560471,1.7000
TG00010916,T00043,QSO,0.46394664,1.462955,1.7000
TG00010917,T00043,QSO,0.11992870,2.435792,1.7000
TG00010918,T00043,QSO,0.27369903,1.737899,1.7000
TG00010919,T00043,QSO,0.27924867,2.995066,1.7000
TG00010920,T00043,QSO,0.06457693,1.636942,1.7000
TG00010921,T00043,QSO,0.13314774,2.089752,1.7000
TG00010922,T00043,QSO,0.25690483,1.022179,1.7000
TG00010923,T00043,QSO,0.12895229,1.250217,1.7000
TG00010924,T00043,QSO,0.22409188,2.755183,1.7000
TG00010925,T00043,QSO,0.17429787,2.011632,1.7000
TG00010926,T00043,QSO,0.41230980,2.703497,1.7000
TG00010927,T00043,QSO,0.18131731,2.360286,1.7000
TG00010928,T00043,QSO,0.39085099,1.977830,1.7000
TG00010929,T00043,QSO,0.12396934,3.403353,1.7000
TG00010930,T00043,QSO,0.11864526,1.764735,1.7000
TG00010931,T00043,QSO,0.16789585,2.823816,1.7000
TG00010932,T00043,QSO,0.18932570,2.740779,1.7000
TG00010933,T00043,QSO,0.17093228,2.534100,1.7000
TG00010934,T00043,QSO,0.09389369,2.290385,1.7000
TG00010935,T00043,QSO,0.11740980,1.019808,1.7000
TG00010936,T00043,BGS,1.17572492,0.257839,0.4500
TG00010937,T00043,BGS,1.49050569,0.195787,0.4500
TG00010938,T00043,BGS,0.76539964,0.259942,0.4500
TG00010939,T00043,BGS,1.07025608,0.229292,0.4500
TG00010940,T00043,BGS,1.34170684,0.290695,0.4500
TG00010941,T00043,BGS,1.00519917,0.109624,0.4500
TG00010942,T00043,BGS,1.30259084,0.262692,0.4500
TG00010943,T00043,BGS,0.99586232,0.203263,0.4500
TG00010944,T00043,BGS,1.31549148,0.291919,0.4500
TG00010945,T00043,BGS,1.14727739,0.307213,0.4500
TG00010946,T00043,BGS,1.48156321,0.159650,0.4500
TG00010947,T00043,BGS,1.29633971,0.157132,0.4500
TG00010948,T00043,BGS,1.35167637,0.220635,0.4500
TG00010949,T00043,BGS,1.68792844,0.152478,0.4500
TG00010950,T00043,BGS,0.75168161,0.187776,0.4500
TG00010951,T00043,BGS,1.37525720,0.213854,0.4500
TG00010952,T00043,BGS,1.63191881,0.130678,0.4500
TG00010953,T00043,BGS,1.23838750,0.185408,0.4500
TG00010954,T00043,BGS,1.09549042,0.375608,0.4500
TG00010955,T00043,BGS,1.18649982,0.307934,0.4500
TG00010956,T00043,BGS,1.24329221,0.233270,0.4500
TG00010957,T00043,BGS,1.69283241,0.230801,0.4500
TG00010958,T00043,BGS,1.05907666,0.471056,0.4500
TG00010959,T00043,BGS,1.23965651,0.222798,0.4500
TG00010960,T00043,BGS,1.72133233,0.187526,0.4500
TG00010961,T00043,BGS,1.79400094,0.219741,0.4500
TG00010962,T00043,BGS,1.44766610,0.182439,0.4500
TG00010963,T00043,BGS,0.69310529,0.283770,0.4500
TG00010964,T00043,BGS,1.71488207,0.056196,0.4500
TG00010965,T00043,BGS,0.66665927,0.359955,0.4500
TG00010966,T00043,BGS,0.92889308,0.163279,0.4500
TG00010967,T00043,BGS,1.01193486,0.240138,0.4500
TG00010968,T00043,BGS,0.75508561,0.169092,0.4500
TG00010969,T00043,BGS,1.11275235,0.169108,0.4500
TG00010970,T00043,BGS,0.85155157,0.119215,0.4500
TG00010971,T00043,BGS,1.08492235,0.320278,0.4500
TG00010972,T00043,BGS,1.41117797,0.302754,0.4500
TG00010973,T00043,BGS,0.93350867,0.085755,0.4500
TG00010974,T00043,BGS,1.19781880,0.165455,0.4500
TG00010975,T00043,BGS,0.89078057,0.179514,0.4500
TG00010976,T00043,BGS,0.89446763,0.163657,0.4500
TG00010977,T00043,BGS,0.95826745,0.000000,0.4500
TG00010978,T00043,BGS,1.06289375,0.357187,0.4500
TG00010979,T00043,BGS,0.97184905,0.278348,0.4500
TG00010980,T00043,BGS,1.21064338,0.085305,0.4500
TG00010981,T00043,BGS,1.15970636,0.248613,0.4500
TG00010982,T00043,BGS,1.70266892,0.299144,0.4500
TG00010983,T00043,BGS,0.90290366,0.463658,0.4500
TG00010984,T00043,BGS,1.56962676,0.147955,0.4500
TG00010985,T00043,BGS,1.43000843,0.385270,0.4500
TG00010986,T00043,BGS,1.35183561,0.247545,0.4500
TG00010987,T00043,BGS,0.97883515,0.249412,0.4500
TG00010988,T00043,BGS,1.60148937,0.287191,0.4500
TG00010989,T00043,BGS,1.26214448,0.184282,0.4500
TG00010990,T00043,BGS,1.08235468,0.179522,0.4500
TG00010991,T00043,BGS,1.05611403,0.239903,0.4500
TG00010992,T00043,BGS,0.81401292,0.335684,0.4500
TG00010993,T00043,BGS,1.24209826,0.186930,0.4500
TG00010994,T00043,BGS,1.11170962,0.108348,0.4500
TG00010995,T00043,BGS,0.92360322,0.399981,0.4500
TG00010996,T00043,BGS,1.14797200,0.215496,0.4500
TG00010997,T00043,BGS,1.08875077,0.173338,0.4500
TG00010998,T00043,BGS,2.20690849,0.327534,0.4500
TG00010999,T00043,BGS,1.28233217,0.224799,0.4500
TG00011000,T00043,BGS,1.93499408,0.138843,0.4500
TG00011001,T00043,BGS,0.93582090,0.315690,0.4500
TG00011002,T00043,BGS,1.03699823,0.000000,0.4500
TG00011003,T00043,BGS,1.56102644,0.146423,0.4500
TG00011004,T00043,BGS,0.90970737,0.174391,0.4500
TG00011005,T00043,BGS,1.62280888,0.340271,0.4500
TG00011006,T00043,BGS,1.15172654,0.267740,0.4500
TG00011007,T00043,BGS,1.30766306,0.199147,0.4500
TG00011008,T00043,BGS,0.95732987,0.290421,0.4500
TG00011009,T00043,BGS,1.34017021,0.265066,0.4500
TG00011010,T00043,BGS,1.24914379,0.197158,0.4500
TG00011011,T00043,BGS,1.04701630,0.213509,0.4500
TG00011012,T00043,BGS,0.70878074,0.011458,0.4500
TG00011013,T00043,BGS,1.22806113,0.255368,0.4500
TG00011014,T00043,BGS,0.57582228,0.155993,0.4500
TG00011015,T00043,BGS,0.81142465,0.265134,0.4500
TG00011016,T00043,BGS,0.98704311,0.222674,0.4500
TG00011017,T00044,LRG,0.68765437,0.585154,1.0000
TG00011018,T00044,LRG,0.25668183,0.614679,1.0000
TG00011019,T00044,LRG,0.31497991,0.612936,1.0000
TG00011020,T00044,LRG,1.11630000,0.473087,1.0000
TG00011021,T00044,LRG,0.37880278,0.929259,1.0000
TG00011022,T00044,LRG,0.23219572,0.816264,1.0000
TG00011023,T00044,LRG,0.34091411,0.523704,1.0000
TG00011024,T00044,LRG,0.28207689,0.688956,1.0000
TG00011025,T00044,LRG,0.30077950,0.816180,1.0000
TG00011026,T00044,LRG,0.45861249,0.807131,1.0000
TG00011027,T00044,LRG,0.24107604,0.607001,1.0000
TG00011028,T00044,LRG,0.23866347,0.739905,1.0000
TG00011029,T00044,LRG,0.44545920,0.684263,1.0000
TG00011030,T00044,LRG,0.30482480,0.853006,1.0000
TG00011031,T00044,LRG,0.35891229,0.740898,1.0000
TG00011032,T00044,LRG,0.51390725,0.723104,1.0000
TG00011033,T00044,LRG,0.49177044,0.721283,1.0000
TG00011034,T00044,LRG,0.59276552,0.715252,1.0000
TG00011035,T00044,LRG,0.39247175,0.598160,1.0000
TG00011036,T00044,LRG,0.33169489,0.272565,1.0000
TG00011037,T00044,LRG,0.29314784,0.651698,1.0000
TG00011038,T00044,LRG,0.44141924,0.772686,1.0000
TG00011039,T00044,LRG,0.29653505,0.569001,1.0000
TG00011040,T00044,LRG,0.29516674,0.672743,1.0000
TG00011041,T00044,LRG,0.45448054,0.294142,1.0000
TG00011042,T00044,LRG,0.25052199,0.427309,1.0000
TG00011043,T00044,LRG,0.26997125,0.683182,1.0000
TG00011044,T00044,LRG,0.38093285,0.858905,1.0000
TG00011045,T00044,LRG,0.49919159,0.773952,1.0000
TG00011046,T00044,LRG,0.33021722,0.849949,1.0000
TG00011047,T00044,LRG,0.44500144,0.895296,1.0000
TG00011048,T00044,LRG,0.25662534,0.491959,1.0000
TG00011049,T00044,LRG,0.51329662,1.048894,1.0000
TG00011050,T00044,LRG,0.31459445,1.006477,1.0000
TG00011051,T00044,LRG,0.48226263,0.581523,1.0000
TG00011052,T00044,LRG,0.23507413,0.485910,1.0000
TG00011053,T00044,LRG,0.34611304,0.586861,1.0000
TG00011054,T00044,LRG,0.31507782,0.901659,1.0000
TG00011055,T00044,LRG,0.28955666,0.797393,1.0000
TG00011056,T00044,LRG,0.46873599,0.778088,1.0000
TG00011057,T00044,LRG,0.38022017,0.871152,1.0000
TG00011058,T00044,LRG,0.15086719,0.456939,1.0000
TG00011059,T00044,LRG,0.34480299,0.763432,1.0000
TG00011060,T00044,LRG,0.58586623,0.832168,1.0000
TG00011061,T00044,LRG,0.32916670,1.012394,1.0000
TG00011062,T00044,LRG,0.41705278,0.848369,1.0000
TG00011063,T00044,LRG,0.25374349,0.594414,1.0000
TG00011064,T00044,LRG,0.36386818,0.599458,1.0000
TG00011065,T00044,LRG,0.30230448,0.401278,1.0000
TG00011066,T00044,LRG,0.40508621,0.796326,1.0000
TG00011067,T00044,LRG,0.29395839,0.565183,1.0000
TG00011068,T00044,LRG,0.42185904,0.767923,1.0000
TG00011069,T00044,LRG,0.44721674,0.646793,1.0000
TG00011070,T00044,LRG,0.27958261,0.532701,1.0000
TG00011071,T00044,LRG,0.30065228,0.703693,1.0000
TG00011072,T00044,LRG,0.57732008,0.533992,1.0000
TG00011073,T00044,LRG,0.25570935,0.807699,1.0000
TG00011074,T00044,LRG,0.55847440,0.626885,1.0000
TG00011075,T00044,LRG,0.38761339,0.959152,1.0000
TG00011076,T00044,LRG,0.41892393,0.499010,1.0000
TG00011077,T00044,LRG,0.33728700,0.504804,1.0000
TG00011078,T00044,LRG,0.30291642,0.778521,1.0000
TG00011079,T00044,LRG,0.27145260,1.163059,1.0000
TG00011080,T00044,LRG,0.44135143,0.392539,1.0000
TG00011081,T00044,LRG,0.23940073,0.546514,1.0000
TG00011082,T00044,LRG,0.66280148,0.663613,1.0000
TG00011083,T00044,LRG,0.36587180,0.887432,1.0000
TG00011084,T00044,LRG,0.43496162,0.832799,1.0000
TG00011085,T00044,LRG,0.65747307,0.615170,1.0000
TG00011086,T00044,LRG,0.21969897,0.590997,1.0000
TG00011087,T00044,LRG,0.29815007,0.460043,1.0000
TG00011088,T00044,LRG,0.23470322,1.020571,1.0000
TG00011089,T00044,LRG,0.66871016,0.965951,1.0000
TG00011090,T00044,LRG,0.23155257,0.825317,1.0000
TG00011091,T00044,LRG,0.45147470,0.791381,1.0000
TG00011092,T00044,LRG,0.38782724,0.626431,1.0000
TG00011093,T00044,ELG,1.06144322,1.334277,1.0000
TG00011094,T00044,ELG,0.33107671,0.966553,1.0000
TG00011095,T00044,ELG,0.36333897,1.068922,1.0000
TG00011096,T00044,ELG,0.42576557,0.962345,1.0000
TG00011097,T00044,ELG,0.64574387,1.194492,1.0000
TG00011098,T00044,ELG,0.85538262,1.130589,1.0000
TG00011099,T00044,ELG,0.58323056,1.312885,1.0000
TG00011100,T00044,ELG,0.97115835,1.264728,1.0000
TG00011101,T00044,ELG,0.86323214,1.053895,1.0000
TG00011102,T00044,ELG,0.36857786,0.775457,1.0000
TG00011103,T00044,ELG,0.37192318,1.370019,1.0000
TG00011104,T00044,ELG,0.56385123,1.249057,1.0000
TG00011105,T00044,ELG,0.36723223,1.289955,1.0000
TG00011106,T00044,ELG,0.66235337,0.954898,1.0000
TG00011107,T00044,ELG,0.48135305,1.233624,1.0000
TG00011108,T00044,ELG,1.08253650,1.043983,1.0000
TG00011109,T00044,ELG,0.34745721,1.185116,1.0000
TG00011110,T00044,ELG,0.44936394,1.109773,1.0000
TG00011111,T00044,ELG,0.41482588,1.038194,1.0000
TG00011112,T00044,ELG,0.49592934,1.668255,1.0000
TG00011113,T00044,ELG,0.57768484,1.067323,1.0000
TG00011114,T00044,ELG,0.86866158,1.261015,1.0000
TG00011115,T00044,ELG,0.40350910,1.205763,1.0000
TG00011116,T00044,ELG,0.63117260,1.091653,1.0000
TG00011117,T00044,ELG,1.20159667,1.694499,1.0000
TG00011118,T00044,ELG,0.37895454,1.046971,1.0000
TG00011119,T00044,ELG,0.61832259,1.135321,1.0000
TG00011120,T00044,ELG,1.02383341,1.323564,1.0000
TG00011121,T00044,ELG,0.89431271,1.059190,1.0000
TG00011122,T00044,ELG,0.61686071,0.444237,1.0000
TG00011123,T00044,ELG,0.57556501,0.896252,1.0000
TG00011124,T00044,ELG,0.44979911,0.804593,1.0000
TG00011125,T00044,ELG,0.72317151,1.565963,1.0000
TG00011126,T00044,ELG,1.03636716,1.804608,1.0000
TG00011127,T00044,ELG,0.34299578,1.387943,1.0000
TG00011128,T00044,ELG,0.89870571,1.361208,1.0000
TG00011129,T00044,ELG,0.32727667,0.952754,1.0000
TG00011130,T00044,ELG,0.60193765,1.288788,1.0000
TG00011131,T00044,ELG,0.46380076,1.311763,1.0000
TG00011132,T00044,ELG,0.42818562,1.208387,1.0000
TG00011133,T00044,ELG,0.75837701,1.119184,1.0000
TG00011134,T00044,ELG,0.43171519,0.577051,1.0000
TG00011135,T00044,ELG,0.49512019,0.751765,1.0000
TG00011136,T00044,ELG,0.48380261,0.780578,1.0000
TG00011137,T00044,ELG,0.58391351,0.939044,1.0000
TG00011138,T00044,ELG,0.56180433,1.087421,1.0000
TG00011139,T00044,ELG,0.80426614,0.908862,1.0000
TG00011140,T00044,ELG,0.59718023,1.677112,1.0000
TG00011141,T00044,ELG,0.51580333,1.201396,1.0000
TG00011142,T00044,ELG,0.51121388,0.939627,1.0000
TG00011143,T00044,ELG,0.90944719,1.218364,1.0000
TG00011144,T00044,ELG,0.36504704,0.672693,1.0000
TG00011145,T00044,ELG,0.51637368,0.595824,1.0000
TG00011146,T00044,ELG,0.51659625,0.996066,1.0000
TG00011147,T00044,ELG,0.27949967,0.593882,1.0000
TG00011148,T00044,ELG,0.74617117,1.605793,1.0000
TG00011149,T00044,ELG,0.43812441,1.072928,1.0000
TG00011150,T00044,ELG,0.97569399,0.600756,1.0000
TG00011151,T00044,ELG,0.37665345,1.088282,1.0000
TG00011152,T00044,ELG,1.14039867,1.012775,1.0000
TG00011153,T00044,ELG,0.37745114,1.227542,1.0000
TG00011154,T00044,ELG,0.43432693,1.406723,1.0000
TG00011155,T00044,ELG,0.45421162,1.441268,1.0000
TG00011156,T00044,ELG,0.48928417,0.868682,1.0000
TG00011157,T00044,ELG,0.44918189,0.640655,1.0000
TG00011158,T00044,ELG,0.80894566,1.450979,1.0000
TG00011159,T00044,ELG,0.54540658,1.032445,1.0000
TG00011160,T00044,ELG,0.43392748,0.894603,1.0000
TG00011161,T00044,ELG,0.71152368,0.396740,1.0000
TG00011162,T00044,ELG,0.70048643,1.118748,1.0000
TG00011163,T00044,ELG,0.27403921,0.914223,1.0000
TG00011164,T00044,ELG,0.59317854,1.159259,1.0000
TG00011165,T00044,ELG,1.05792699,1.325921,1.0000
TG00011166,T00044,ELG,0.52870679,0.982210,1.0000
TG00011167,T00044,ELG,0.51807397,1.346084,1.0000
TG00011168,T00044,ELG,0.68042261,1.269377,1.0000
TG00011169,T00044,ELG,0.38501388,0.870588,1.0000
TG00011170,T00044,ELG,0.63980194,0.246458,1.0000
TG00011171,T00044,ELG,0.51626909,1.056112,1.0000
TG00011172,T00044,ELG,0.62914071,0.629576,1.0000
TG00011173,T00044,ELG,0.54281569,1.299173,1.0000
TG00011174,T00044,ELG,1.12795815,0.793635,1.0000
TG00011175,T00044,ELG,0.89920111,1.158734,1.0000
TG00011176,T00044,ELG,0.53441862,0.893281,1.0000
TG00011177,T00044,ELG,0.90695353,1.127356,1.0000
TG00011178,T00044,ELG,0.45482838,1.230196,1.0000
TG00011179,T00044,ELG,0.97368046,0.991177,1.0000
TG00011180,T00044,ELG,0.59553981,1.085292,1.0000
TG00011181,T00044,ELG,0.63070751,1.644315,1.0000
TG00011182,T00044,ELG,0.64942010,0.814050,1.0000
TG00011183,T00044,ELG,0.88946664,0.896570,1.0000
TG00011184,T00044,ELG,0.62966225,1.133361,1.0000
TG00011185,T00044,ELG,1.00762539,0.787614,1.0000
TG00011186,T00044,ELG,0.46575795,1.441968,1.0000
TG00011187,T00044,ELG,0.63808510,1.177533,1.0000
TG00011188,T00044,ELG,0.55791545,1.087744,1.0000
TG00011189,T00044,ELG,0.37202516,1.133146,1.0000
TG00011190,T00044,ELG,0.70321167,1.116672,1.0000
TG00011191,T00044,ELG,0.55029095,1.268692,1.0000
TG00011192,T00044,ELG,0.28252428,1.155615,1.0000
TG00011193,T00044,ELG,0.36125558,1.469494,1.0000
TG00011194,T00044,ELG,0.49459080,0.882876,1.0000
TG00011195,T00044,ELG,0.52537540,1.034153,1.0000
TG00011196,T00044,ELG,0.35566958,1.281358,1.0000
TG00011197,T00044,ELG,0.44221341,0.750420,1.0000
TG00011198,T00044,ELG,0.67725434,1.185761,1.0000
TG00011199,T00044,ELG,1.70315181,1.407130,1.0000
TG00011200,T00044,ELG,0.34264273,1.330442,1.0000
TG00011201,T00044,ELG,0.32414002,1.296068,1.0000
TG00011202,T00044,ELG,0.33589095,1.123883,1.0000
TG00011203,T00044,ELG,0.44301407,1.306382,1.0000
TG00011204,T00044,ELG,0.37566208,0.937026,1.0000
TG00011205,T00044,ELG,0.56909693,1.067872,1.0000
TG00011206,T00044,ELG,0.51733698,1.443432,1.0000
TG00011207,T00044,ELG,0.64853738,0.787813,1.0000
TG00011208,T00044,ELG,0.68417135,1.575289,1.0000
TG00011209,T00044,ELG,0.38985546,1.180239,1.0000
TG00011210,T00044,ELG,0.76863041,1.492756,1.0000
TG00011211,T00044,ELG,0.93933491,1.460614,1.0000
TG00011212,T00044,QSO,0.25053079,1.750885,1.7000
TG00011213,T00044,QSO,0.11069297,1.888680,1.7000
TG00011214,T00044,QSO,0.11867996,1.786019,1.7000
TG00011215,T00044,QSO,0.22353034,1.252459,1.7000
TG00011216,T00044,QSO,0.18965469,2.396673,1.7000
TG00011217,T00044,QSO,0.26434477,2.756723,1.7000
TG00011218,T00044,QSO,0.26281163,2.576811,1.7000
TG00011219,T00044,QSO,0.30607076,2.129876,1.7000
TG00011220,T00044,QSO,0.09348553,1.327741,1.7000
TG00011221,T00044,QSO,0.12389593,1.907754,1.7000
TG00011222,T00044,QSO,0.10640305,1.472395,1.7000
TG00011223,T00044,QSO,0.07380723,2.361612,1.7000
TG00011224,T00044,QSO,0.25851452,2.920235,1.7000
TG00011225,T00044,QSO,0.09830452,2.160889,1.7000
TG00011226,T00044,QSO,0.12855753,3.576883,1.7000
TG00011227,T00044,QSO,0.18573442,2.997484,1.7000
TG00011228,T00044,QSO,0.19311724,1.544701,1.7000
TG00011229,T00044,BGS,0.76468468,0.234378,0.4500
TG00011230,T00044,BGS,1.21898734,0.195909,0.4500
TG00011231,T00044,BGS,0.62334141,0.398807,0.4500
TG00011232,T00044,BGS,1.62643997,0.161887,0.4500
TG00011233,T00044,BGS,0.98673262,0.253202,0.4500
TG00011234,T00044,BGS,1.40435916,0.228615,0.4500
TG00011235,T00044,BGS,1.59611193,0.128616,0.4500
TG00011236,T00044,BGS,1.21283614,0.068514,0.4500
TG00011237,T00044,BGS,1.76642966,0.163424,0.4500
TG00011238,T00044,BGS,1.09308090,0.112888,0.4500
TG00011239,T00044,BGS,0.79958248,0.334039,0.4500
TG00011240,T00044,BGS,1.10610480,0.127291,0.4500
TG00011241,T00044,BGS,0.85842623,0.152117,0.4500
TG00011242,T00044,BGS,1.48865441,0.291034,0.4500
TG00011243,T00044,BGS,1.05725807,0.323760,0.4500
TG00011244,T00044,BGS,1.13884403,0.206365,0.4500
TG00011245,T00044,BGS,2.04222733,0.273411,0.4500
TG00011246,T00044,BGS,1.33780213,0.174563,0.4500
TG00011247,T00044,BGS,1.28737974,0.216648,0.4500
TG00011248,T00044,BGS,2.15472499,0.307736,0.4500
TG00011249,T00044,BGS,1.06697619,0.282638,0.4500
TG00011250,T00044,BGS,1.70402248,0.274013,0.4500
TG00011251,T00044,BGS,1.31489103,0.150285,0.4500
TG00011252,T00044,BGS,1.73054838,0.317466,0.4500
TG00011253,T00044,BGS,1.66165711,0.213562,0.4500
TG00011254,T00044,BGS,0.89888151,0.234127,0.4500
TG00011255,T00044,BGS,1.04511514,0.275325,0.4500
TG00011256,T00044,BGS,1.24006414,0.225835,0.4500
TG00011257,T00044,BGS,1.66621243,0.218307,0.4500
TG00011258,T00044,BGS,0.88911420,0.224508,0.4500
TG00011259,T00044,BGS,1.15858893,0.345926,0.4500
TG00011260,T00044,BGS,0.88442422,0.239374,0.4500
TG00011261,T00044,BGS,0.84995277,0.153521,0.4500
TG00011262,T00044,BGS,1.28646293,0.237280,0.4500
TG00011263,T00044,BGS,1.27515435,0.054382,0.4500
TG00011264,T00044,BGS,1.70845651,0.015418,0.4500
TG00011265,T00044,BGS,0.69045463,0.219558,0.4500
TG00011266,T00044,BGS,1.15658090,0.204462,0.4500
TG00011267,T00044,BGS,1.62885955,0.347596,0.4500
TG00011268,T00044,BGS,1.55919928,0.214778,0.4500
TG00011269,T00044,BGS,1.65844349,0.119286,0.4500
TG00011270,T00044,BGS,0.50096872,0.203988,0.4500
TG00011271,T00044,BGS,1.44345878,0.198044,0.4500
TG00011272,T00044,BGS,1.59526002,0.059864,0.4500
TG00011273,T00044,BGS,2.16401744,0.173330,0.4500
TG00011274,T00044,BGS,1.05816631,0.223528,0.4500
TG00011275,T00044,BGS,1.60330619,0.220850,0.4500
TG00011276,T00044,BGS,1.42977609,0.157753,0.4500
TG00011277,T00044,BGS,1.08751646,0.176833,0.4500
TG00011278,T00044,BGS,1.21045100,0.000000,0.4500
TG00011279,T00044,BGS,1.56341921,0.302114,0.4500
TG00011280,T00044,BGS,1.23608128,0.203868,0.4500
TG00011281,T00044,BGS,1.49266965,0.229051,0.4500
TG00011282,T00044,BGS,1.87283622,0.166862,0.4500
TG00011283,T00044,BGS,1.93915225,0.117122,0.4500
TG00011284,T00044,BGS,1.28669019,0.305777,0.4500
TG00011285,T00044,BGS,1.66332603,0.181497,0.4500
TG00011286,T00044,BGS,1.58876260,0.249684,0.4500
TG00011287,T00044,BGS,0.77098045,0.219478,0.4500
TG00011288,T00044,BGS,0.91404494,0.226788,0.4500
TG00011289,T00044,BGS,1.11820957,0.244347,0.4500
TG00011290,T00044,BGS,1.05691204,0.264443,0.4500
TG00011291,T00044,BGS,0.78849138,0.263525,0.4500
TG00011292,T00044,BGS,1.31805617,0.277874,0.4500
TG00011293,T00044,BGS,0.78312057,0.091121,0.4500
TG00011294,T00044,BGS,0.93150139,0.262402,0.4500
TG00011295,T00044,BGS,1.31919846,0.273901,0.4500
TG00011296,T00044,BGS,1.31837958,0.152661,0.4500
TG00011297,T00044,BGS,0.92999353,0.206927,0.4500
TG00011298,T00044,BGS,1.57342918,0.338099,0.4500
TG00011299,T00044,BGS,1.48216539,0.290662,0.4500
TG00011300,T00044,BGS,1.23763591,0.295390,0.4500
TG00011301,T00044,BGS,1.42775646,0.218662,0.4500
TG00011302,T00044,BGS,1.26685344,0.233810,0.4500
TG00011303,T00044,BGS,1.39225190,0.320721,0.4500
TG00011304,T00044,BGS,1.30357822,0.245883,0.4500
TG00011305,T00044,BGS,0.86319345,0.209761,0.4500
TG00011306,T00044,BGS,2.20409062,0.232620,0.4500
TG00011307,T00044,BGS,1.69131692,0.119439,0.4500
TG00011308,T00045,LRG,0.47544236,0.711622,1.0000
TG00011309,T00045,LRG,0.64467391,0.644466,1.0000
TG00011310,T00045,LRG,0.36851612,0.795699,1.0000
TG00011311,T00045,LRG,0.54391136,0.656929,1.0000
TG00011312,T00045,LRG,0.43071153,0.774079,1.0000
TG00011313,T00045,LRG,0.43895161,0.592854,1.0000
TG00011314,T00045,LRG,0.30110092,0.614212,1.0000
TG00011315,T00045,LRG,0.33781327,0.617283,1.0000
TG00011316,T00045,LRG,0.38613564,0.871546,1.0000
TG00011317,T00045,LRG,0.24064959,0.989526,1.0000
TG00011318,T00045,LRG,0.57843076,0.754212,1.0000
TG00011319,T00045,LRG,0.23952347,0.625093,1.0000
TG00011320,T00045,LRG,0.28710326,0.689183,1.0000
TG00011321,T00045,LRG,0.50516757,0.717786,1.0000
TG00011322,T00045,LRG,0.42354501,0.916209,1.0000
TG00011323,T00045,LRG,0.31350520,0.499417,1.0000
TG00011324,T00045,LRG,0.22389612,0.899279,1.0000
TG00011325,T00045,LRG,0.65441315,0.668644,1.0000
TG00011326,T00045,LRG,0.48814111,0.642452,1.0000
TG00011327,T00045,LRG,0.25990803,0.844478,1.0000
TG00011328,T00045,LRG,0.23748235,0.771280,1.0000
TG00011329,T00045,LRG,0.41398707,0.705721,1.0000
TG00011330,T00045,LRG,0.41344945,1.045380,1.0000
TG00011331,T00045,LRG,0.59029041,0.515317,1.0000
TG00011332,T00045,LRG,0.36069130,0.794797,1.0000
TG00011333,T00045,LRG,0.14357980,0.494205,1.0000
TG00011334,T00045,LRG,0.32244553,0.806075,1.0000
TG00011335,T00045,LRG,0.46795565,0.693126,1.0000
TG00011336,T00045,LRG,0.18188809,0.750995,1.0000
TG00011337,T00045,LRG,0.42544658,0.340052,1.0000
TG00011338,T00045,LRG,0.25011814,0.481104,1.0000
TG00011339,T00045,LRG,0.20484810,1.142221,1.0000
TG00011340,T00045,LRG,0.39816255,0.810968,1.0000
TG00011341,T00045,LRG,0.39057590,0.820188,1.0000
TG00011342,T00045,LRG,0.32482009,0.881531,1.0000
TG00011343,T00045,LRG,0.46822079,0.696971,1.0000
TG00011344,T00045,LRG,0.33966612,0.719884,1.0000
TG00011345,T00045,LRG,0.22233631,0.360791,1.0000
TG00011346,T00045,LRG,0.52495328,0.588549,1.0000
TG00011347,T00045,LRG,0.46286471,0.851310,1.0000
TG00011348,T00045,LRG,0.17427151,0.742238,1.0000
TG00011349,T00045,LRG,0.46416728,0.626644,1.0000
TG00011350,T00045,LRG,0.26666779,0.680336,1.0000
TG00011351,T00045,LRG,0.36777895,0.876167,1.0000
TG00011352,T00045,LRG,0.42913814,0.642635,1.0000
TG00011353,T00045,LRG,0.42609048,0.685262,1.0000
TG00011354,T00045,LRG,0.39060708,0.588874,1.0000
TG00011355,T00045,LRG,0.30807381,1.147668,1.0000
TG00011356,T00045,ELG,0.45168320,0.237264,1.0000
TG00011357,T00045,ELG,0.71262091,0.939746,1.0000
TG00011358,T00045,ELG,0.41062854,1.098038,1.0000
TG00011359,T00045,ELG,0.89841792,0.941060,1.0000
TG00011360,T00045,ELG,0.26285774,1.373462,1.0000
TG00011361,T00045,ELG,0.62386853,1.618580,1.0000
TG00011362,T00045,ELG,0.32519014,1.108143,1.0000
TG00011363,T00045,ELG,0.54793138,0.939129,1.0000
TG00011364,T00045,ELG,0.32502190,1.310761,1.0000
TG00011365,T00045,ELG,0.73463545,0.650933,1.0000
TG00011366,T00045,ELG,1.14562170,1.037521,1.0000
TG00011367,T00045,ELG,0.25620673,0.791495,1.0000
TG00011368,T00045,ELG,0.48889938,0.646663,1.0000
TG00011369,T00045,ELG,0.76041052,1.158875,1.0000
TG00011370,T00045,ELG,0.43674211,0.878020,1.0000
TG00011371,T00045,ELG,0.58477155,1.123720,1.0000
TG00011372,T00045,ELG,0.94239958,0.942307,1.0000
TG00011373,T00045,ELG,0.71962660,0.864257,1.0000
TG00011374,T00045,ELG,0.91028112,1.436789,1.0000
TG00011375,T00045,ELG,0.78637327,0.804036,1.0000
TG00011376,T00045,ELG,0.57370487,1.290305,1.0000
TG00011377,T00045,ELG,0.31256989,1.160790,1.0000
TG00011378,T00045,ELG,0.60548181,1.029091,1.0000
TG00011379,T00045,ELG,0.48291596,1.254396,1.0000
TG00011380,T00045,ELG,0.53736890,1.106081,1.0000
TG00011381,T00045,ELG,0.46656848,1.734031,1.0000
TG00011382,T00045,ELG,0.89726747,1.242832,1.0000
TG00011383,T00045,ELG,0.46650676,1.218895,1.0000
TG00011384,T00045,ELG,0.37975645,1.273630,1.0000
TG00011385,T00045,ELG,0.31503732,1.413720,1.0000
TG00011386,T00045,ELG,1.09385727,0.645731,1.0000
TG00011387,T00045,ELG,0.50483450,1.252272,1.0000
TG00011388,T00045,ELG,0.42287295,1.362356,1.0000
TG00011389,T00045,ELG,0.53926188,0.714819,1.0000
TG00011390,T00045,ELG,0.75803417,1.207744,1.0000
TG00011391,T00045,ELG,0.36123989,1.208874,1.0000
TG00011392,T00045,ELG,0.27656008,0.921986,1.0000
TG00011393,T00045,ELG,0.70730617,1.118368,1.0000
TG00011394,T00045,ELG,0.61626031,0.948446,1.0000
TG00011395,T00045,ELG,0.65839983,1.307305,1.0000
TG00011396,T00045,ELG,1.24596396,0.976592,1.0000
TG00011397,T00045,ELG,0.63282679,1.124099,1.0000
TG00011398,T00045,ELG,0.67338868,1.709849,1.0000
TG00011399,T00045,ELG,0.84477644,1.100075,1.0000
TG00011400,T00045,ELG,0.37999746,1.312444,1.0000
TG00011401,T00045,ELG,1.43490554,1.076601,1.0000
TG00011402,T00045,ELG,0.73792965,0.759316,1.0000
TG00011403,T00045,ELG,0.68555451,1.265143,1.0000
TG00011404,T00045,ELG,0.31573319,1.124847,1.0000
TG00011405,T00045,ELG,0.21801907,1.380609,1.0000
TG00011406,T00045,ELG,0.50936331,1.131167,1.0000
TG00011407,T00045,ELG,1.06753732,1.190630,1.0000
TG00011408,T00045,ELG,0.69718159,1.305502,1.0000
TG00011409,T00045,ELG,0.40587906,1.250370,1.0000
TG00011410,T00045,ELG,0.40521661,1.382747,1.0000
TG00011411,T00045,ELG,0.35764929,0.827569,1.0000
TG00011412,T00045,ELG,0.35832585,1.221263,1.0000
TG00011413,T00045,ELG,0.42338935,1.006338,1.0000
TG00011414,T00045,ELG,0.52622957,0.839207,1.0000
TG00011415,T00045,ELG,1.17413692,1.546214,1.0000
TG00011416,T00045,ELG,0.42197576,1.422305,1.0000
TG00011417,T00045,ELG,0.49362953,0.909816,1.0000
TG00011418,T00045,ELG,0.77385377,1.300120,1.0000
TG00011419,T00045,ELG,0.60306791,1.026860,1.0000
TG00011420,T00045,ELG,0.67677966,1.582551,1.0000
TG00011421,T00045,ELG,1.64160078,1.239053,1.0000
TG00011422,T00045,ELG,0.75903270,0.906578,1.0000
TG00011423,T00045,ELG,0.47822814,1.210946,1.0000
TG00011424,T00045,ELG,1.31067103,1.041073,1.0000
TG00011425,T00045,ELG,0.62250073,1.150529,1.0000
TG00011426,T00045,ELG,0.44888773,0.674093,1.0000
TG00011427,T00045,ELG,0.50166639,1.270683,1.0000
TG00011428,T00045,ELG,0.65901150,1.176253,1.0000
TG00011429,T00045,ELG,0.83951894,1.001896,1.0000
TG00011430,T00045,ELG,0.68106291,1.185793,1.0000
TG00011431,T00045,ELG,0.63163384,1.118125,1.0000
TG00011432,T00045,ELG,0.38469136,1.010529,1.0000
TG00011433,T00045,ELG,0.33403060,1.122921,1.0000
TG00011434,T00045,ELG,0.55294224,1.173996,1.0000
TG00011435,T00045,ELG,0.72735356,1.098995,1.0000
TG00011436,T00045,ELG,0.46433117,1.049192,1.0000
TG00011437,T00045,ELG,1.15738640,1.147837,1.0000
TG00011438,T00045,QSO,0.09783940,1.336507,1.7000
TG00011439,T00045,QSO,0.28004433,2.194877,1.7000
TG00011440,T00045,QSO,0.14292069,2.287017,1.7000
TG00011441,T00045,QSO,0.21370894,2.656165,1.7000
TG00011442,T00045,QSO,0.08670223,2.146247,1.7000
TG00011443,T00045,QSO,0.10159005,1.751622,1.7000
TG00011444,T00045,QSO,0.07339425,2.355281,1.7000
TG00011445,T00045,QSO,0.19086344,2.280371,1.7000
TG00011446,T00045,QSO,0.53368278,2.331529,1.7000
TG00011447,T00045,QSO,0.27797648,1.345754,1.7000
TG00011448,T00045,QSO,0.17149085,1.977707,1.7000
TG00011449,T00045,QSO,0.07559643,2.496689,1.7000
TG00011450,T00045,QSO,0.14071667,2.626935,1.7000
TG00011451,T00045,QSO,0.12096400,1.937326,1.7000
TG00011452,T00045,QSO,0.21593494,2.454956,1.7000
TG00011453,T00045,QSO,0.54387200,2.490149,1.7000
TG00011454,T00045,QSO,0.13365018,2.202255,1.7000
TG00011455,T00045,QSO,0.22493060,3.111305,1.7000
TG00011456,T00045,QSO,0.05773243,1.897820,1.7000
TG00011457,T00045,QSO,0.09353993,2.610242,1.7000
TG00011458,T00045,QSO,0.10947634,2.564396,1.7000
TG00011459,T00045,QSO,0.11926402,2.615801,1.7000
TG00011460,T00045,QSO,0.12819108,1.449925,1.7000
TG00011461,T00045,BGS,1.01764752,0.160719,0.4500
TG00011462,T00045,BGS,0.87782773,0.220817,0.4500
TG00011463,T00045,BGS,1.32020107,0.384388,0.4500
TG00011464,T00045,BGS,1.70126056,0.139169,0.4500
TG00011465,T00045,BGS,1.55358701,0.350532,0.4500
TG00011466,T00045,BGS,1.23984807,0.439778,0.4500
TG00011467,T00045,BGS,0.83380037,0.220511,0.4500
TG00011468,T00045,BGS,1.40721924,0.297054,0.4500
TG00011469,T00045,BGS,1.35106051,0.215177,0.4500
TG00011470,T00045,BGS,1.92857153,0.272172,0.4500
TG00011471,T00045,BGS,1.74902483,0.238607,0.4500
TG00011472,T00045,BGS,0.96360141,0.162902,0.4500
TG00011473,T00045,BGS,2.69190092,0.169504,0.4500
TG00011474,T00045,BGS,1.89378697,0.365989,0.4500
TG00011475,T00045,BGS,1.37477484,0.140760,0.4500
TG00011476,T00045,BGS,1.39933503,0.233759,0.4500
TG00011477,T00045,BGS,1.11483637,0.107022,0.4500
TG00011478,T00045,BGS,0.87319045,0.228012,0.4500
TG00011479,T00045,BGS,1.13758395,0.218593,0.4500
TG00011480,T00045,BGS,1.12432613,0.255120,0.4500
TG00011481,T00045,BGS,1.03453716,0.350450,0.4500
TG00011482,T00045,BGS,1.07807652,0.166705,0.4500
TG00011483,T00045,BGS,1.02981261,0.313679,0.4500
TG00011484,T00045,BGS,1.19446222,0.158668,0.4500
TG00011485,T00045,BGS,0.85246167,0.076104,0.4500
TG00011486,T00045,BGS,1.27366927,0.412559,0.4500
TG00011487,T00045,BGS,0.73604411,0.038981,0.4500
TG00011488,T00045,BGS,1.51693305,0.221586,0.4500
TG00011489,T00045,BGS,1.45802754,0.016852,0.4500
TG00011490,T00045,BGS,0.74526363,0.277848,0.4500
TG00011491,T00045,BGS,1.06128143,0.182320,0.4500
TG00011492,T00045,BGS,1.40588134,0.165715,0.4500
TG00011493,T00045,BGS,1.00719054,0.120079,0.4500
TG00011494,T00045,BGS,0.90440788,0.255010,0.4500
TG00011495,T00045,BGS,1.58133774,0.168634,0.4500
TG00011496,T00045,BGS,0.99311975,0.026447,0.4500
TG00011497,T00045,BGS,1.46066396,0.256171,0.4500
TG00011498,T00045,BGS,1.13481477,0.249390,0.4500
TG00011499,T00045,BGS,1.18917856,0.313413,0.4500
TG00011500,T00045,BGS,1.11843817,0.015940,0.4500
TG00011501,T00045,BGS,1.84802628,0.090511,0.4500
TG00011502,T00045,BGS,0.90168411,0.320286,0.4500
TG00011503,T00045,BGS,1.21398492,0.046894,0.4500
TG00011504,T00045,BGS,1.43393947,0.219887,0.4500
TG00011505,T00045,BGS,1.38221249,0.200918,0.4500
TG00011506,T00045,BGS,1.41329632,0.163238,0.4500
TG00011507,T00045,BGS,0.68656385,0.296682,0.4500
TG00011508,T00045,BGS,1.12946989,0.267505,0.4500
TG00011509,T00045,BGS,1.03482815,0.286643,0.4500
TG00011510,T00045,BGS,1.50738510,0.086977,0.4500
TG00011511,T00045,BGS,1.86432943,0.178717,0.4500
TG00011512,T00045,BGS,0.97469288,0.266737,0.4500
TG00011513,T00045,BGS,1.64715118,0.183928,0.4500
TG00011514,T00045,BGS,1.59475738,0.155757,0.4500
TG00011515,T00045,BGS,1.38420424,0.314350,0.4500
TG00011516,T00045,BGS,1.82277141,0.253010,0.4500
TG00011517,T00045,BGS,1.65926798,0.160776,0.4500
TG00011518,T00045,BGS,1.31976506,0.101549,0.4500
TG00011519,T00045,BGS,1.32116585,0.232413,0.4500
TG00011520,T00045,BGS,0.99586622,0.338182,0.4500
TG00011521,T00045,BGS,0.50597098,0.379736,0.4500
TG00011522,T00045,BGS,1.00864544,0.194594,0.4500
TG00011523,T00045,BGS,3.03201636,0.279405,0.4500
TG00011524,T00045,BGS,0.94395313,0.091639,0.4500
TG00011525,T00045,BGS,0.82029038,0.142247,0.4500
TG00011526,T00045,BGS,1.64600079,0.185275,0.4500
TG00011527,T00045,BGS,0.97211570,0.306305,0.4500
TG00011528,T00045,BGS,1.21725048,0.085212,0.4500
TG00011529,T00045,BGS,0.71862669,0.278768,0.4500
TG00011530,T00045,BGS,1.16730699,0.236722,0.4500
TG00011531,T00045,BGS,0.93962175,0.209305,0.4500
TG00011532,T00045,BGS,1.42290696,0.301501,0.4500
TG00011533,T00045,BGS,1.91241525,0.277908,0.4500
TG00011534,T00045,BGS,1.03878273,0.248962,0.4500
TG00011535,T00045,BGS,0.87864265,0.054534,0.4500
TG00011536,T00045,BGS,1.75561617,0.228030,0.4500
TG00011537,T00045,BGS,1.38842261,0.336222,0.4500
TG00011538,T00045,BGS,1.05722900,0.308580,0.4500
TG00011539,T00045,BGS,1.27379472,0.340964,0.4500
TG00011540,T00045,BGS,1.19506230,0.302372,0.4500
TG00011541,T00045,BGS,1.54578636,0.253802,0.4500
TG00011542,T00045,BGS,1.80456989,0.100796,0.4500
TG00011543,T00045,BGS,1.15402888,0.363245,0.4500
TG00011544,T00045,BGS,1.56569638,0.250636,0.4500
TG00011545,T00046,LRG,0.16925978,0.704864,1.0000
TG00011546,T00046,LRG,0.21378064,0.737928,1.0000
TG00011547,T00046,LRG,0.35636666,0.400348,1.0000
TG00011548,T00046,LRG,0.30277630,0.757547,1.0000
TG00011549,T00046,LRG,0.32641493,0.635997,1.0000
TG00011550,T00046,LRG,0.84124572,0.614649,1.0000
TG00011551,T00046,LRG,0.49528528,0.648789,1.0000
TG00011552,T00046,LRG,0.24865911,1.183445,1.0000
TG00011553,T00046,LRG,0.39091798,0.441688,1.0000
TG00011554,T00046,LRG,0.45130187,0.679845,1.0000
TG00011555,T00046,LRG,0.84316708,0.654989,1.0000
TG00011556,T00046,LRG,0.33274588,0.603476,1.0000
TG00011557,T00046,LRG,0.43877467,0.560952,1.0000
TG00011558,T00046,LRG,0.43153557,0.939888,1.0000
TG00011559,T00046,LRG,0.38982669,0.732072,1.0000
TG00011560,T00046,LRG,0.53490422,0.696985,1.0000
TG00011561,T00046,LRG,0.51299515,0.572975,1.0000
TG00011562,T00046,LRG,0.36007656,0.572995,1.0000
TG00011563,T00046,LRG,0.35817859,0.730379,1.0000
TG00011564,T00046,LRG,0.31180400,0.898846,1.0000
TG00011565,T00046,LRG,0.39029531,0.640404,1.0000
TG00011566,T00046,LRG,0.25414808,0.838447,1.0000
TG00011567,T00046,LRG,0.42679285,0.887271,1.0000
TG00011568,T00046,LRG,0.59220355,0.759698,1.0000
TG00011569,T00046,LRG,0.62673458,0.609391,1.0000
TG00011570,T00046,LRG,0.17474669,1.022280,1.0000
TG00011571,T00046,LRG,0.42677584,0.764875,1.0000
TG00011572,T00046,LRG,0.37977260,0.781528,1.0000
TG00011573,T00046,LRG,0.25852691,0.579144,1.0000
TG00011574,T00046,LRG,0.62775207,0.526945,1.0000
TG00011575,T00046,LRG,0.36003394,0.594864,1.0000
TG00011576,T00046,LRG,0.30398671,0.657434,1.0000
TG00011577,T00046,LRG,0.53917583,0.698060,1.0000
TG00011578,T00046,LRG,0.19868051,0.603706,1.0000
TG00011579,T00046,LRG,0.65926584,0.749685,1.0000
TG00011580,T00046,LRG,0.43466876,0.441299,1.0000
TG00011581,T00046,LRG,0.32240432,0.648007,1.0000
TG00011582,T00046,LRG,0.20070598,0.624612,1.0000
TG00011583,T00046,LRG,0.42356387,0.686566,1.0000
TG00011584,T00046,LRG,0.36263269,0.847178,1.0000
TG00011585,T00046,LRG,0.48337234,0.512123,1.0000
TG00011586,T00046,LRG,0.19885599,0.567745,1.0000
TG00011587,T00046,LRG,0.24185026,1.024241,1.0000
TG00011588,T00046,LRG,0.28466656,0.657664,1.0000
TG00011589,T00046,LRG,0.59111013,0.570404,1.0000
TG00011590,T00046,ELG,0.52230443,1.309047,1.0000
TG00011591,T00046,ELG,0.39105692,1.055579,1.0000
TG00011592,T00046,ELG,0.43643568,1.673256,1.0000
TG00011593,T00046,ELG,0.41982395,0.677472,1.0000
TG00011594,T00046,ELG,0.56769064,1.386969,1.0000
TG00011595,T00046,ELG,0.90798793,0.965112,1.0000
TG00011596,T00046,ELG,0.21325863,1.170724,1.0000
TG00011597,T00046,ELG,0.34982286,0.819022,1.0000
TG00011598,T00046,ELG,0.36296541,1.534725,1.0000
TG00011599,T00046,ELG,0.59431018,1.186442,1.0000
TG00011600,T00046,ELG,0.53982337,1.503120,1.0000
TG00011601,T00046,ELG,1.02304088,0.499041,1.0000
TG00011602,T00046,ELG,0.72915352,1.352979,1.0000
TG00011603,T00046,ELG,0.27786123,1.198432,1.0000
TG00011604,T00046,ELG,0.60223805,1.528022,1.0000
TG00011605,T00046,ELG,0.35946466,0.764642,1.0000
TG00011606,T00046,ELG,0.65204990,1.687941,1.0000
TG00011607,T00046,ELG,0.63493425,1.169542,1.0000
TG00011608,T00046,ELG,1.27351210,0.966280,1.0000
TG00011609,T00046,ELG,0.40529658,1.010653,1.0000
TG00011610,T00046,ELG,0.68899974,1.201750,1.0000
TG00011611,T00046,ELG,0.47882750,1.019457,1.0000
TG00011612,T00046,ELG,0.62939150,1.513467,1.0000
TG00011613,T00046,ELG,0.45098553,0.478946,1.0000
TG00011614,T00046,ELG,0.58042707,1.043118,1.0000
TG00011615,T00046,ELG,0.45351488,1.161327,1.0000
TG00011616,T00046,ELG,0.30136329,0.801886,1.0000
TG00011617,T00046,ELG,0.22665336,0.742452,1.0000
TG00011618,T00046,ELG,0.63202300,1.280366,1.0000
TG00011619,T00046,ELG,0.41952848,1.576684,1.0000
TG00011620,T00046,ELG,0.31958420,0.767156,1.0000
TG00011621,T00046,ELG,0.32690003,1.152119,1.0000
TG00011622,T00046,ELG,0.59621713,0.805271,1.0000
TG00011623,T00046,ELG,0.49860997,1.291226,1.0000
TG00011624,T00046,ELG,0.56975840,1.500513,1.0000
TG00011625,T00046,ELG,0.81662877,1.278514,1.0000
TG00011626,T00046,ELG,0.50988279,0.833801,1.0000
TG00011627,T00046,ELG,0.53053210,1.290418,1.0000
TG00011628,T00046,ELG,0.41617863,1.806121,1.0000
TG00011629,T00046,ELG,0.73091897,1.140801,1.0000
TG00011630,T00046,ELG,0.43163348,1.059001,1.0000
TG00011631,T00046,ELG,0.32549473,0.576635,1.0000
TG00011632,T00046,ELG,0.37378366,1.192638,1.0000
TG00011633,T00046,ELG,0.50766283,0.698358,1.0000
TG00011634,T00046,ELG,0.82228701,1.116160,1.0000
TG00011635,T00046,ELG,0.94346390,1.073219,1.0000
TG00011636,T00046,ELG,0.47884159,0.905549,1.0000
TG00011637,T00046,ELG,0.69233311,0.968183,1.0000
TG00011638,T00046,ELG,0.26789337,0.846726,1.0000
TG00011639,T00046,ELG,0.61794296,1.036026,1.0000
TG00011640,T00046,ELG,0.95665658,0.896284,1.0000
TG00011641,T00046,ELG,0.60342615,0.736117,1.0000
TG00011642,T00046,ELG,0.64765628,1.067934,1.0000
TG00011643,T00046,ELG,0.87936421,0.763095,1.0000
TG00011644,T00046,ELG,0.43971464,1.199863,1.0000
TG00011645,T00046,ELG,0.42714964,1.166914,1.0000
TG00011646,T00046,ELG,0.47418278,1.373094,1.0000
TG00011647,T00046,ELG,1.27526243,1.264453,1.0000
TG00011648,T00046,ELG,0.42526056,1.100791,1.0000
TG00011649,T00046,ELG,0.51829064,1.033664,1.0000
TG00011650,T00046,ELG,0.36480090,1.119257,1.0000
TG00011651,T00046,ELG,0.60572208,0.944967,1.0000
TG00011652,T00046,ELG,0.36227159,1.378386,1.0000
TG00011653,T00046,ELG,0.53163848,0.808562,1.0000
TG00011654,T00046,ELG,0.62316447,0.966916,1.0000
TG00011655,T00046,ELG,0.41098044,0.992451,1.0000
TG00011656,T00046,ELG,0.63928660,0.708009,1.0000
TG00011657,T00046,ELG,0.85697376,0.741547,1.0000
TG00011658,T00046,ELG,0.40579547,1.285107,1.0000
TG00011659,T00046,ELG,0.98174483,1.185883,1.0000
TG00011660,T00046,ELG,0.48833564,1.334631,1.0000
TG00011661,T00046,ELG,0.27289100,1.284756,1.0000
TG00011662,T00046,ELG,0.58575587,1.033425,1.0000
TG00011663,T00046,ELG,0.36113865,1.027127,1.0000
TG00011664,T00046,ELG,0.25735433,1.011743,1.0000
TG00011665,T00046,ELG,0.50480984,1.309551,1.0000
TG00011666,T00046,ELG,0.52776086,1.100083,1.0000
TG00011667,T00046,ELG,0.48533536,0.859802,1.0000
TG00011668,T00046,ELG,0.54414463,0.834251,1.0000
TG00011669,T00046,ELG,0.48965338,1.445381,1.0000
TG00011670,T00046,ELG,0.76770494,1.400178,1.0000
TG00011671,T00046,ELG,0.42790767,1.168404,1.0000
TG00011672,T00046,ELG,0.37344633,0.470298,1.0000
TG00011673,T00046,ELG,0.51393655,1.344621,1.0000
TG00011674,T00046,ELG,0.34979300,1.139559,1.0000
TG00011675,T00046,ELG,0.46853267,0.616564,1.0000
TG00011676,T00046,ELG,0.52317202,1.169244,1.0000
TG00011677,T00046,ELG,0.85096927,1.472545,1.0000
TG00011678,T00046,ELG,0.41127094,1.359683,1.0000
TG00011679,T00046,ELG,0.57365474,0.693198,1.0000
TG00011680,T00046,ELG,0.35875785,0.702250,1.0000
TG00011681,T00046,ELG,0.32662473,1.351112,1.0000
TG00011682,T00046,ELG,0.64047501,0.957330,1.0000
TG00011683,T00046,ELG,0.35712378,0.411810,1.0000
TG00011684,T00046,ELG,0.54927345,0.405022,1.0000
TG00011685,T00046,ELG,0.33433013,1.078917,1.0000
TG00011686,T00046,ELG,0.53828344,0.749355,1.0000
TG00011687,T00046,ELG,0.35759153,0.863853,1.0000
TG00011688,T00046,ELG,0.42439515,1.295814,1.0000
TG00011689,T00046,QSO,0.06736991,2.920043,1.7000
TG00011690,T00046,QSO,0.11849474,1.747375,1.7000
TG00011691,T00046,QSO,0.24830286,2.415660,1.7000
TG00011692,T00046,QSO,0.13519419,1.823900,1.7000
TG00011693,T00046,QSO,0.11254322,2.829582,1.7000
TG00011694,T00046,QSO,0.22643114,2.747099,1.7000
TG00011695,T00046,QSO,0.26720902,2.800951,1.7000
TG00011696,T00046,QSO,0.22006207,1.840699,1.7000
TG00011697,T00046,QSO,0.15686758,4.424709,1.7000
TG00011698,T00046,QSO,0.51818854,2.238816,1.7000
TG00011699,T00046,QSO,0.36079615,3.068074,1.7000
TG00011700,T00046,QSO,0.10410328,3.138851,1.7000
TG00011701,T00046,QSO,0.23139657,1.260090,1.7000
TG00011702,T00046,QSO,0.27208379,1.911848,1.7000
TG00011703,T00046,QSO,0.14041785,2.365745,1.7000
TG00011704,T00046,QSO,0.45254206,2.333174,1.7000
TG00011705,T00046,QSO,0.14289698,1.135041,1.7000
TG00011706,T00046,BGS,0.77601474,0.226055,0.4500
TG00011707,T00046,BGS,0.98253932,0.119651,0.4500
TG00011708,T00046,BGS,2.02562980,0.237149,0.4500
TG00011709,T00046,BGS,0.98271146,0.154973,0.4500
TG00011710,T00046,BGS,1.63245801,0.170552,0.4500
TG00011711,T00046,BGS,0.84031991,0.073486,0.4500
TG00011712,T00046,BGS,2.14820096,0.337450,0.4500
TG00011713,T00046,BGS,0.87240776,0.109591,0.4500
TG00011714,T00046,BGS,1.65497197,0.187445,0.4500
TG00011715,T00046,BGS,0.85202725,0.271056,0.4500
TG00011716,T00046,BGS,1.70953660,0.284066,0.4500
TG00011717,T00046,BGS,1.38011656,0.184999,0.4500
TG00011718,T00046,BGS,0.83253229,0.343916,0.4500
TG00011719,T00046,BGS,1.52550613,0.292007,0.4500
TG00011720,T00046,BGS,1.14715093,0.255935,0.4500
TG00011721,T00046,BGS,0.88206328,0.202785,0.4500
TG00011722,T00046,BGS,1.52492315,0.223545,0.4500
TG00011723,T00046,BGS,0.94207588,0.253702,0.4500
TG00011724,T00046,BGS,0.77582843,0.336633,0.4500
TG00011725,T00046,BGS,0.65798803,0.330314,0.4500
TG00011726,T00046,BGS,0.94949836,0.302469,0.4500
TG00011727,T00046,BGS,0.91723917,0.162350,0.4500
TG00011728,T00046,BGS,1.83461366,0.208369,0.4500
TG00011729,T00046,BGS,0.97317365,0.058308,0.4500
TG00011730,T00046,BGS,1.75837078,0.238631,0.4500
TG00011731,T00046,BGS,0.81237003,0.211734,0.4500
TG00011732,T00046,BGS,1.44409492,0.131425,0.4500
TG00011733,T00046,BGS,0.83809175,0.240019,0.4500
TG00011734,T00046,BGS,1.16288711,0.258263,0.4500
TG00011735,T00046,BGS,1.65795233,0.289026,0.4500
TG00011736,T00046,BGS,1.01720332,0.148910,0.4500
TG00011737,T00046,BGS,1.91040265,0.183750,0.4500
TG00011738,T00046,BGS,0.76150447,0.060524,0.4500
TG00011739,T00046,BGS,1.10763393,0.328202,0.4500
TG00011740,T00046,BGS,0.85629912,0.367873,0.4500
TG00011741,T00046,BGS,0.74999177,0.259198,0.4500
TG00011742,T00046,BGS,1.81628583,0.205077,0.4500
TG00011743,T00046,BGS,1.25070036,0.219681,0.4500
TG00011744,T00046,BGS,1.73694002,0.277502,0.4500
TG00011745,T00046,BGS,1.35921053,0.214214,0.4500
TG00011746,T00046,BGS,1.13411736,0.181444,0.4500
TG00011747,T00046,BGS,1.17036591,0.184260,0.4500
TG00011748,T00046,BGS,2.70821167,0.264260,0.4500
TG00011749,T00046,BGS,1.04832598,0.167902,0.4500
TG00011750,T00046,BGS,1.09242306,0.263402,0.4500
TG00011751,T00046,BGS,1.24424843,0.160218,0.4500
TG00011752,T00046,BGS,1.37927062,0.128834,0.4500
TG00011753,T00046,BGS,1.80900912,0.112313,0.4500
TG00011754,T00046,BGS,0.78719757,0.177466,0.4500
TG00011755,T00046,BGS,0.52367228,0.147947,0.4500
TG00011756,T00046,BGS,1.46854022,0.067692,0.4500
TG00011757,T00046,BGS,0.86495270,0.290293,0.4500
TG00011758,T00046,BGS,0.83408750,0.137892,0.4500
TG00011759,T00046,BGS,0.70443393,0.135621,0.4500
TG00011760,T00046,BGS,1.42517702,0.107442,0.4500
TG00011761,T00046,BGS,1.23941581,0.263724,0.4500
TG00011762,T00046,BGS,1.72124149,0.301792,0.4500
TG00011763,T00046,BGS,1.25882573,0.173912,0.4500
TG00011764,T00046,BGS,1.16042727,0.086771,0.4500
TG00011765,T00046,BGS,1.25156978,0.212015,0.4500
TG00011766,T00046,BGS,1.01747127,0.278279,0.4500
TG00011767,T00046,BGS,0.97902529,0.239679,0.4500
TG00011768,T00046,BGS,1.04060722,0.149433,0.4500
TG00011769,T00046,BGS,1.66121787,0.294854,0.4500
TG00011770,T00046,BGS,0.87366973,0.253478,0.4500
TG00011771,T00046,BGS,0.62212724,0.160041,0.4500
TG00011772,T00047,LRG,0.34680802,0.553897,1.0000
TG00011773,T00047,LRG,0.50654326,0.371468,1.0000
TG00011774,T00047,LRG,0.52649690,0.485341,1.0000
TG00011775,T00047,LRG,0.40316419,0.483013,1.0000
TG00011776,T00047,LRG,0.36686619,0.456575,1.0000
TG00011777,T00047,LRG,0.44561736,0.539863,1.0000
TG00011778,T00047,LRG,0.22013042,0.547092,1.0000
TG00011779,T00047,LRG,0.26299255,0.610810,1.0000
TG00011780,T00047,LRG,0.31667723,0.669198,1.0000
TG00011781,T00047,LRG,0.53408805,0.980087,1.0000
TG00011782,T00047,LRG,0.30314257,0.738724,1.0000
TG00011783,T00047,LRG,0.27847772,0.729558,1.0000
TG00011784,T00047,LRG,0.26491365,0.624326,1.0000
TG00011785,T00047,LRG,0.32787656,0.674874,1.0000
TG00011786,T00047,LRG,0.28277880,0.616960,1.0000
TG00011787,T00047,LRG,0.33460667,0.548857,1.0000
TG00011788,T00047,LRG,0.40660037,1.177141,1.0000
TG00011789,T00047,LRG,0.56352601,0.824152,1.0000
TG00011790,T00047,LRG,0.20309977,0.746742,1.0000
TG00011791,T00047,LRG,0.51151997,0.626591,1.0000
TG00011792,T00047,LRG,0.38392907,0.901321,1.0000
TG00011793,T00047,LRG,0.21769347,0.911341,1.0000
TG00011794,T00047,LRG,0.35518824,0.523380,1.0000
TG00011795,T00047,LRG,0.29370136,0.573328,1.0000
TG00011796,T00047,LRG,0.30804496,0.409997,1.0000
TG00011797,T00047,LRG,0.36249646,0.693720,1.0000
TG00011798,T00047,LRG,0.54126964,0.825218,1.0000
TG00011799,T00047,LRG,0.28303030,0.559323,1.0000
TG00011800,T00047,LRG,0.27235849,0.602771,1.0000
TG00011801,T00047,LRG,0.41289805,0.457564,1.0000
TG00011802,T00047,LRG,0.62657011,0.840100,1.0000
TG00011803,T00047,LRG,0.59681649,0.644281,1.0000
TG00011804,T00047,LRG,0.44707643,0.894313,1.0000
TG00011805,T00047,LRG,0.34343079,1.049031,1.0000
TG00011806,T00047,LRG,0.33277675,0.944769,1.0000
TG00011807,T00047,LRG,0.33740940,0.800861,1.0000
TG00011808,T00047,LRG,0.22297776,0.695727,1.0000
TG00011809,T00047,LRG,0.44207360,0.891970,1.0000
TG00011810,T00047,LRG,0.36847792,0.569764,1.0000
TG00011811,T00047,LRG,0.27879701,0.595049,1.0000
TG00011812,T00047,LRG,0.46248478,0.731135,1.0000
TG00011813,T00047,LRG,0.49749485,0.710487,1.0000
TG00011814,T00047,LRG,0.32780828,0.484177,1.0000
TG00011815,T00047,LRG,0.48279251,0.602598,1.0000
TG00011816,T00047,LRG,0.42850771,0.680477,1.0000
TG00011817,T00047,LRG,0.60825115,0.570952,1.0000
TG00011818,T00047,LRG,0.25387182,0.559518,1.0000
TG00011819,T00047,LRG,0.24669669,0.553454,1.0000
TG00011820,T00047,LRG,0.65993144,0.458754,1.0000
TG00011821,T00047,LRG,0.40639893,0.961886,1.0000
TG00011822,T00047,LRG,0.32897283,0.663657,1.0000
TG00011823,T00047,ELG,0.30675504,0.601885,1.0000
TG00011824,T00047,ELG,0.71954172,1.066450,1.0000
TG00011825,T00047,ELG,0.23549671,1.320539,1.0000
TG00011826,T00047,ELG,1.54355673,1.658416,1.0000
TG00011827,T00047,ELG,0.25839115,0.786155,1.0000
TG00011828,T00047,ELG,0.97494875,1.091628,1.0000
TG00011829,T00047,ELG,0.45585292,1.327906,1.0000
TG00011830,T00047,ELG,0.45076759,1.239279,1.0000
TG00011831,T00047,ELG,0.56726030,1.085868,1.0000
TG00011832,T00047,ELG,0.43441427,1.014190,1.0000
TG00011833,T00047,ELG,0.63708673,0.794020,1.0000
TG00011834,T00047,ELG,0.72579616,1.201982,1.0000
TG00011835,T00047,ELG,0.66339327,1.402015,1.0000
TG00011836,T00047,ELG,0.47731092,1.220150,1.0000
TG00011837,T00047,ELG,0.68303971,0.877181,1.0000
TG00011838,T00047,ELG,0.64332827,1.204362,1.0000
TG00011839,T00047,ELG,0.37151831,1.261100,1.0000
TG00011840,T00047,ELG,0.63504144,0.945043,1.0000
TG00011841,T00047,ELG,0.18090814,1.238774,1.0000
TG00011842,T00047,ELG,0.46853194,1.160343,1.0000
TG00011843,T00047,ELG,0.76363734,0.825524,1.0000
TG00011844,T00047,ELG,0.45541561,1.458667,1.0000
TG00011845,T00047,ELG,0.75730943,0.623981,1.0000
TG00011846,T00047,ELG,0.62145150,0.897175,1.0000
TG00011847,T00047,ELG,0.45930274,1.356831,1.0000
TG00011848,T00047,ELG,0.80552361,1.380730,1.0000
TG00011849,T00047,ELG,0.27154093,1.275424,1.0000
TG00011850,T00047,ELG,0.88509418,1.218073,1.0000
TG00011851,T00047,ELG,0.38699018,1.026223,1.0000
TG00011852,T00047,ELG,0.91362535,0.851078,1.0000
TG00011853,T00047,ELG,0.19994190,0.786335,1.0000
TG00011854,T00047,ELG,0.45631288,1.498876,1.0000
TG00011855,T00047,ELG,0.26897928,1.364281,1.0000
TG00011856,T00047,ELG,0.44900987,1.391931,1.0000
TG00011857,T00047,ELG,0.18314346,1.187117,1.0000
TG00011858,T00047,ELG,0.44506459,1.550467,1.0000
TG00011859,T00047,ELG,0.49075768,1.007671,1.0000
TG00011860,T00047,ELG,0.46086747,1.262119,1.0000
TG00011861,T00047,ELG,0.28340764,1.414810,1.0000
TG00011862,T00047,ELG,0.71851665,0.448505,1.0000
TG00011863,T00047,ELG,0.42896129,0.240118,1.0000
TG00011864,T00047,ELG,0.26760261,0.944331,1.0000
TG00011865,T00047,ELG,0.64691109,1.049232,1.0000
TG00011866,T00047,ELG,0.40067520,1.369470,1.0000
TG00011867,T00047,ELG,1.10088962,1.345503,1.0000
TG00011868,T00047,ELG,0.74428586,1.232834,1.0000
TG00011869,T00047,ELG,0.55878935,1.032538,1.0000
TG00011870,T00047,ELG,0.97270311,0.795230,1.0000
TG00011871,T00047,ELG,0.51946016,0.867463,1.0000
TG00011872,T00047,ELG,0.56719201,0.843464,1.0000
TG00011873,T00047,ELG,0.47858314,1.550301,1.0000
TG00011874,T00047,ELG,0.79273139,1.524242,1.0000
TG00011875,T00047,ELG,0.27726078,1.087650,1.0000
TG00011876,T00047,ELG,0.64368502,0.491216,1.0000
TG00011877,T00047,ELG,0.49016727,1.139937,1.0000
TG00011878,T00047,ELG,0.78366223,0.975915,1.0000
TG00011879,T00047,ELG,0.60598801,1.020955,1.0000
TG00011880,T00047,ELG,0.47639660,0.876023,1.0000
TG00011881,T00047,ELG,0.31509111,0.976647,1.0000
TG00011882,T00047,ELG,0.46217655,0.907816,1.0000
TG00011883,T00047,ELG,0.68946031,1.725113,1.0000
TG00011884,T00047,ELG,0.51954885,0.883843,1.0000
TG00011885,T00047,ELG,0.56316875,1.065647,1.0000
TG00011886,T00047,ELG,0.83020276,1.649745,1.0000
TG00011887,T00047,ELG,0.45906367,1.077066,1.0000
TG00011888,T00047,ELG,0.43955438,0.813538,1.0000
TG00011889,T00047,ELG,0.62217350,1.288309,1.0000
TG00011890,T00047,ELG,1.39636069,1.185200,1.0000
TG00011891,T00047,ELG,0.46198626,0.885844,1.0000
TG00011892,T00047,ELG,1.17760834,1.032768,1.0000
TG00011893,T00047,ELG,1.12623632,0.932293,1.0000
TG00011894,T00047,ELG,0.66463009,1.080410,1.0000
TG00011895,T00047,ELG,0.56016715,1.392629,1.0000
TG00011896,T00047,ELG,0.39864621,1.139161,1.0000
TG00011897,T00047,ELG,0.68619642,1.012508,1.0000
TG00011898,T00047,ELG,0.46492545,1.389610,1.0000
TG00011899,T00047,ELG,0.37206400,0.783169,1.0000
TG00011900,T00047,ELG,0.29130652,1.126420,1.0000
TG00011901,T00047,ELG,0.78610974,1.207336,1.0000
TG00011902,T00047,ELG,0.28683095,1.581928,1.0000
TG00011903,T00047,ELG,0.43669469,1.014633,1.0000
TG00011904,T00047,ELG,0.45534806,1.307522,1.0000
TG00011905,T00047,ELG,0.93504202,0.525018,1.0000
TG00011906,T00047,ELG,0.17865160,1.040562,1.0000
TG00011907,T00047,ELG,0.46828458,1.691454,1.0000
TG00011908,T00047,ELG,0.92790769,1.089336,1.0000
TG00011909,T00047,ELG,0.46947216,1.278928,1.0000
TG00011910,T00047,ELG,0.36046790,1.116695,1.0000
TG00011911,T00047,ELG,0.83224171,1.058309,1.0000
TG00011912,T00047,ELG,0.90840564,1.470306,1.0000
TG00011913,T00047,ELG,0.69745464,1.180866,1.0000
TG00011914,T00047,QSO,0.35176266,1.867764,1.7000
TG00011915,T00047,QSO,0.10910426,2.794957,1.7000
TG00011916,T00047,QSO,0.27396948,3.809555,1.7000
TG00011917,T00047,QSO,0.62003943,2.662525,1.7000
TG00011918,T00047,QSO,0.11757519,1.987057,1.7000
TG00011919,T00047,QSO,0.16373480,2.581256,1.7000
TG00011920,T00047,QSO,0.18484209,3.307230,1.7000
TG00011921,T00047,QSO,0.14577910,2.464872,1.7000
TG00011922,T00047,QSO,0.11197562,3.155677,1.7000
TG00011923,T00047,QSO,0.19811361,2.544229,1.7000
TG00011924,T00047,QSO,0.40064531,1.525715,1.7000
TG00011925,T00047,QSO,0.25465399,1.768406,1.7000
TG00011926,T00047,QSO,0.17451653,2.249781,1.7000
TG00011927,T00047,BGS,1.05819361,0.186210,0.4500
TG00011928,T00047,BGS,0.86782656,0.436690,0.4500
TG00011929,T00047,BGS,1.15540082,0.197357,0.4500
TG00011930,T00047,BGS,0.99599173,0.194666,0.4500
TG00011931,T00047,BGS,2.02399605,0.326587,0.4500
TG00011932,T00047,BGS,1.22194673,0.397380,0.4500
TG00011933,T00047,BGS,1.63421779,0.092577,0.4500
TG00011934,T00047,BGS,1.46731481,0.051563,0.4500
TG00011935,T00047,BGS,1.28517864,0.270199,0.4500
TG00011936,T00047,BGS,1.27227089,0.230128,0.4500
TG00011937,T00047,BGS,0.86145092,0.236861,0.4500
TG00011938,T00047,BGS,0.80024036,0.157882,0.4500
TG00011939,T00047,BGS,1.40089556,0.138273,0.4500
TG00011940,T00047,BGS,0.85287499,0.212246,0.4500
TG00011941,T00047,BGS,1.29569143,0.318265,0.4500
TG00011942,T00047,BGS,1.07028763,0.247191,0.4500
TG00011943,T00047,BGS,1.62196281,0.191389,0.4500
TG00011944,T00047,BGS,0.93620401,0.197422,0.4500
TG00011945,T00047,BGS,1.03867108,0.227276,0.4500
TG00011946,T00047,BGS,1.20127729,0.159889,0.4500
TG00011947,T00047,BGS,1.07492035,0.216797,0.4500
TG00011948,T00047,BGS,0.90368916,0.210860,0.4500
TG00011949,T00047,BGS,0.58100717,0.228446,0.4500
TG00011950,T00047,BGS,0.97237197,0.307258,0.4500
TG00011951,T00047,BGS,1.02583230,0.163792,0.4500
TG00011952,T00047,BGS,0.94378376,0.132826,0.4500
TG00011953,T00047,BGS,1.63128614,0.181460,0.4500
TG00011954,T00047,BGS,0.47769474,0.296693,0.4500
TG00011955,T00047,BGS,1.74477102,0.296934,0.4500
TG00011956,T00047,BGS,1.09589463,0.175724,0.4500
TG00011957,T00047,BGS,1.62597777,0.130403,0.4500
TG00011958,T00047,BGS,1.53754864,0.171776,0.4500
TG00011959,T00047,BGS,0.76372539,0.143666,0.4500
TG00011960,T00047,BGS,1.47608257,0.178178,0.4500
TG00011961,T00047,BGS,1.45637881,0.182471,0.4500
TG00011962,T00047,BGS,1.63924197,0.311771,0.4500
TG00011963,T00047,BGS,1.18697703,0.266307,0.4500
TG00011964,T00047,BGS,1.34454419,0.003579,0.4500
TG00011965,T00047,BGS,1.55062727,0.226180,0.4500
TG00011966,T00047,BGS,1.07334647,0.173403,0.4500
TG00011967,T00047,BGS,0.83521763,0.236940,0.4500
TG00011968,T00047,BGS,0.87639159,0.141843,0.4500
TG00011969,T00047,BGS,1.49853797,0.117319,0.4500
TG00011970,T00047,BGS,1.23054397,0.265552,0.4500
TG00011971,T00047,BGS,1.74941069,0.274450,0.4500
TG00011972,T00047,BGS,1.59763389,0.249239,0.4500
TG00011973,T00047,BGS,1.23819611,0.348936,0.4500
TG00011974,T00047,BGS,0.90261559,0.319032,0.4500
TG00011975,T00047,BGS,1.06859265,0.301019,0.4500
TG00011976,T00047,BGS,0.92108576,0.308070,0.4500
TG00011977,T00047,BGS,1.07401766,0.180633,0.4500
TG00011978,T00047,BGS,2.00643936,0.147644,0.4500
TG00011979,T00047,BGS,1.04378476,0.377852,0.4500
TG00011980,T00047,BGS,1.01474291,0.129949,0.4500
TG00011981,T00047,BGS,0.92999127,0.270375,0.4500
TG00011982,T00047,BGS,1.83073320,0.284530,0.4500
TG00011983,T00047,BGS,2.11344951,0.299652,0.4500
TG00011984,T00047,BGS,1.83400186,0.218680,0.4500
TG00011985,T00047,BGS,0.90864681,0.315915,0.4500
TG00011986,T00047,BGS,2.01050557,0.315029,0.4500
TG00011987,T00047,BGS,1.08316034,0.432417,0.4500
TG00011988,T00047,BGS,1.14612215,0.360779,0.4500
TG00011989,T00047,BGS,0.89406449,0.315989,0.4500
TG00011990,T00047,BGS,1.51713056,0.142823,0.4500
TG00011991,T00047,BGS,1.28669805,0.183592,0.4500
TG00011992,T00047,BGS,1.70773941,0.097658,0.4500
TG00011993,T00047,BGS,1.31157465,0.288959,0.4500
TG00011994,T00047,BGS,1.73789889,0.206145,0.4500
TG00011995,T00047,BGS,0.86469947,0.074016,0.4500
TG00011996,T00047,BGS,1.45298363,0.186226,0.4500
TG00011997,T00047,BGS,1.50131012,0.283182,0.4500
TG00011998,T00047,BGS,1.93649808,0.296683,0.4500
TG00011999,T00047,BGS,1.15140690,0.328131,0.4500
TG00012000,T00047,BGS,1.09983580,0.198689,0.4500
TG00012001,T00047,BGS,2.07794852,0.220549,0.4500
TG00012002,T00047,BGS,0.96558677,0.316339,0.4500
TG00012003,T00047,BGS,1.73686603,0.010551,0.4500
TG00012004,T00047,BGS,1.18299819,0.159397,0.4500
TG00012005,T00047,BGS,0.87644873,0.191809,0.4500
TG00012006,T00047,BGS,1.76121007,0.122784,0.4500
TG00012007,T00047,BGS,1.26232922,0.282927,0.4500
TG00012008,T00047,BGS,0.70523754,0.237530,0.4500
TG00012009,T00047,BGS,1.14736604,0.228769,0.4500
TG00012010,T00047,BGS,1.56042337,0.341102,0.4500
TG00012011,T00047,BGS,0.91054052,0.203118,0.4500
TG00012012,T00047,BGS,2.45984730,0.300802,0.4500
TG00012013,T00047,BGS,1.57802669,0.173352,0.4500
TG00012014,T00047,BGS,1.18141106,0.060762,0.4500
TG00012015,T00047,BGS,2.48517434,0.245887,0.4500
TG00012016,T00047,BGS,1.07723960,0.140179,0.4500
TG00012017,T00048,LRG,0.37529390,0.752651,1.0000
TG00012018,T00048,LRG,0.53204279,0.396368,1.0000
TG00012019,T00048,LRG,0.50501775,0.688980,1.0000
TG00012020,T00048,LRG,0.21859729,0.958439,1.0000
TG00012021,T00048,LRG,0.37653424,0.355070,1.0000
TG00012022,T00048,LRG,0.30534338,0.824194,1.0000
TG00012023,T00048,LRG,0.27001706,0.609497,1.0000
TG00012024,T00048,LRG,0.19445581,0.818691,1.0000
TG00012025,T00048,LRG,0.21389871,0.736773,1.0000
TG00012026,T00048,LRG,0.19263008,0.553778,1.0000
TG00012027,T00048,LRG,0.25110891,0.761958,1.0000
TG00012028,T00048,LRG,0.36244624,0.945229,1.0000
TG00012029,T00048,LRG,0.42852372,0.938035,1.0000
TG00012030,T00048,LRG,0.38710276,0.967874,1.0000
TG00012031,T00048,LRG,0.22735319,0.635642,1.0000
TG00012032,T00048,LRG,0.46653949,0.536208,1.0000
TG00012033,T00048,LRG,0.36947425,0.630551,1.0000
TG00012034,T00048,LRG,0.62909525,0.838865,1.0000
TG00012035,T00048,LRG,0.23172537,0.859780,1.0000
TG00012036,T00048,LRG,0.35595129,0.658866,1.0000
TG00012037,T00048,LRG,0.41197337,0.284857,1.0000
TG00012038,T00048,LRG,0.43113706,0.935634,1.0000
TG00012039,T00048,LRG,0.40439143,0.649002,1.0000
TG00012040,T00048,LRG,0.43974085,0.790571,1.0000
TG00012041,T00048,LRG,0.32156461,0.726819,1.0000
TG00012042,T00048,LRG,0.58592986,0.533286,1.0000
TG00012043,T00048,LRG,0.21732567,0.477545,1.0000
TG00012044,T00048,LRG,0.22972164,0.636573,1.0000
TG00012045,T00048,LRG,0.30000905,1.037024,1.0000
TG00012046,T00048,LRG,0.21338006,0.944262,1.0000
TG00012047,T00048,LRG,0.43218399,0.640139,1.0000
TG00012048,T00048,LRG,0.21222031,0.729825,1.0000
TG00012049,T00048,LRG,0.42603151,0.509930,1.0000
TG00012050,T00048,LRG,0.23829987,0.425536,1.0000
TG00012051,T00048,LRG,0.37061404,0.443691,1.0000
TG00012052,T00048,LRG,0.20732813,0.906128,1.0000
TG00012053,T00048,LRG,0.80336915,0.799473,1.0000
TG00012054,T00048,LRG,1.10653831,0.564175,1.0000
TG00012055,T00048,LRG,0.32837277,0.253573,1.0000
TG00012056,T00048,LRG,0.37969420,0.738748,1.0000
TG00012057,T00048,LRG,0.39601470,0.422016,1.0000
TG00012058,T00048,LRG,0.39400950,0.993441,1.0000
TG00012059,T00048,LRG,0.40637485,0.508218,1.0000
TG00012060,T00048,LRG,0.50517552,0.889933,1.0000
TG00012061,T00048,LRG,0.58302595,0.612997,1.0000
TG00012062,T00048,LRG,0.47365930,0.401061,1.0000
TG00012063,T00048,LRG,0.16823755,0.876764,1.0000
TG00012064,T00048,LRG,0.33817001,0.885352,1.0000
TG00012065,T00048,LRG,0.53155346,0.430188,1.0000
TG00012066,T00048,LRG,0.39119078,0.671089,1.0000
TG00012067,T00048,LRG,0.49674651,0.559927,1.0000
TG00012068,T00048,LRG,0.23357741,0.682902,1.0000
TG00012069,T00048,LRG,0.30352349,0.850493,1.0000
TG00012070,T00048,LRG,0.24203010,0.829810,1.0000
TG00012071,T00048,LRG,0.57706297,0.458003,1.0000
TG00012072,T00048,LRG,0.61405568,0.582658,1.0000
TG00012073,T00048,LRG,0.25321427,0.819234,1.0000
TG00012074,T00048,LRG,0.29658506,0.631916,1.0000
TG00012075,T00048,LRG,0.19302441,0.685643,1.0000
TG00012076,T00048,LRG,0.35283709,0.165971,1.0000
TG00012077,T00048,LRG,0.32451913,0.764897,1.0000
TG00012078,T00048,LRG,0.42771565,0.927975,1.0000
TG00012079,T00048,LRG,0.86143294,1.059647,1.0000
TG00012080,T00048,LRG,0.59522608,0.742619,1.0000
TG00012081,T00048,LRG,0.26610638,0.749021,1.0000
TG00012082,T00048,ELG,0.79780262,1.085274,1.0000
TG00012083,T00048,ELG,0.56504321,0.752748,1.0000
TG00012084,T00048,ELG,0.50680780,1.049301,1.0000
TG00012085,T00048,ELG,0.80415519,0.957304,1.0000
TG00012086,T00048,ELG,0.30691512,1.708021,1.0000
TG00012087,T00048,ELG,0.30348825,0.650785,1.0000
TG00012088,T00048,ELG,0.91305773,1.102762,1.0000
TG00012089,T00048,ELG,0.38212435,0.753927,1.0000
TG00012090,T00048,ELG,0.57012740,1.241217,1.0000
TG00012091,T00048,ELG,0.22754676,1.488741,1.0000
TG00012092,T00048,ELG,0.58961362,1.389158,1.0000
TG00012093,T00048,ELG,0.24481513,1.416076,1.0000
TG00012094,T00048,ELG,1.21311001,0.853018,1.0000
TG00012095,T00048,ELG,0.64072580,1.183240,1.0000
TG00012096,T00048,ELG,1.87645076,1.062363,1.0000
TG00012097,T00048,ELG,0.65603720,1.038286,1.0000
TG00012098,T00048,ELG,0.63298528,1.180208,1.0000
TG00012099,T00048,ELG,0.47806741,1.319903,1.0000
TG00012100,T00048,ELG,0.38904077,0.762988,1.0000
TG00012101,T00048,ELG,0.88766712,1.040542,1.0000
TG00012102,T00048,ELG,0.31981278,0.969618,1.0000
TG00012103,T00048,ELG,0.50984177,1.149941,1.0000
TG00012104,T00048,ELG,0.41343932,0.925268,1.0000
TG00012105,T00048,ELG,0.39552263,0.920931,1.0000
TG00012106,T00048,ELG,0.90239961,1.406172,1.0000
TG00012107,T00048,ELG,0.57243769,1.441089,1.0000
TG00012108,T00048,ELG,0.58231024,0.949550,1.0000
TG00012109,T00048,ELG,0.55550582,0.985239,1.0000
TG00012110,T00048,ELG,0.85457094,1.061696,1.0000
TG00012111,T00048,ELG,0.55939227,1.020280,1.0000
TG00012112,T00048,ELG,0.66128155,1.218379,1.0000
TG00012113,T00048,ELG,1.01083646,0.676553,1.0000
TG00012114,T00048,ELG,0.60844835,1.516112,1.0000
TG00012115,T00048,ELG,0.93586244,1.146798,1.0000
TG00012116,T00048,ELG,0.53883119,1.548443,1.0000
TG00012117,T00048,ELG,0.68658644,0.766969,1.0000
TG00012118,T00048,ELG,0.83023310,1.213295,1.0000
TG00012119,T00048,ELG,0.63803986,1.560504,1.0000
TG00012120,T00048,ELG,0.47360484,1.435060,1.0000
TG00012121,T00048,ELG,0.57052127,1.404437,1.0000
TG00012122,T00048,ELG,0.24288443,1.075312,1.0000
TG00012123,T00048,ELG,0.47022344,0.869422,1.0000
TG00012124,T00048,ELG,0.80262896,1.805199,1.0000
TG00012125,T00048,ELG,0.42929485,0.999260,1.0000
TG00012126,T00048,ELG,0.28868855,0.914627,1.0000
TG00012127,T00048,ELG,0.88467274,1.221462,1.0000
TG00012128,T00048,ELG,0.54277901,1.243762,1.0000
TG00012129,T00048,ELG,0.53630613,0.820636,1.0000
TG00012130,T00048,ELG,0.70559993,0.641929,1.0000
TG00012131,T00048,ELG,0.57243094,1.214194,1.0000
TG00012132,T00048,ELG,0.65220867,1.077725,1.0000
TG00012133,T00048,ELG,0.33852123,1.613062,1.0000
TG00012134,T00048,ELG,0.62383192,0.738990,1.0000
TG00012135,T00048,ELG,0.87526214,1.379425,1.0000
TG00012136,T00048,ELG,0.71062509,0.710237,1.0000
TG00012137,T00048,ELG,0.39585657,0.808542,1.0000
TG00012138,T00048,ELG,0.54840278,1.015620,1.0000
TG00012139,T00048,ELG,0.51482186,0.784485,1.0000
TG00012140,T00048,ELG,0.48488702,1.203877,1.0000
TG00012141,T00048,ELG,0.24844961,1.321097,1.0000
TG00012142,T00048,ELG,0.52764278,1.375623,1.0000
TG00012143,T00048,ELG,0.39978138,0.764532,1.0000
TG00012144,T00048,ELG,0.57538173,1.390583,1.0000
TG00012145,T00048,ELG,0.94958208,1.186152,1.0000
TG00012146,T00048,ELG,0.53746156,1.602333,1.0000
TG00012147,T00048,ELG,0.34948451,0.708683,1.0000
TG00012148,T00048,ELG,0.74608962,0.841170,1.0000
TG00012149,T00048,ELG,0.30151235,1.030367,1.0000
TG00012150,T00048,ELG,0.24991664,0.579581,1.0000
TG00012151,T00048,ELG,0.70990056,0.624872,1.0000
TG00012152,T00048,ELG,0.38987397,1.075629,1.0000
TG00012153,T00048,ELG,0.61172555,0.774865,1.0000
TG00012154,T00048,ELG,0.55797956,1.327522,1.0000
TG00012155,T00048,ELG,0.47986122,1.005722,1.0000
TG00012156,T00048,ELG,0.45866405,0.851160,1.0000
TG00012157,T00048,ELG,0.27072648,1.081335,1.0000
TG00012158,T00048,ELG,0.73418072,0.919183,1.0000
TG00012159,T00048,ELG,0.33600659,1.240609,1.0000
TG00012160,T00048,ELG,0.73594579,1.230699,1.0000
TG00012161,T00048,ELG,1.01844274,1.019597,1.0000
TG00012162,T00048,ELG,1.10863373,1.116145,1.0000
TG00012163,T00048,ELG,0.51853679,0.395528,1.0000
TG00012164,T00048,ELG,0.41089993,1.005219,1.0000
TG00012165,T00048,ELG,0.19803781,0.918929,1.0000
TG00012166,T00048,ELG,0.78765042,1.426448,1.0000
TG00012167,T00048,ELG,0.44162806,0.672096,1.0000
TG00012168,T00048,ELG,0.59779560,0.993452,1.0000
TG00012169,T00048,ELG,0.87311477,0.843416,1.0000
TG00012170,T00048,ELG,0.75574338,1.578723,1.0000
TG00012171,T00048,ELG,0.61616397,1.071337,1.0000
TG00012172,T00048,ELG,0.70840004,0.768837,1.0000
TG00012173,T00048,ELG,0.27064168,1.123952,1.0000
TG00012174,T00048,ELG,0.52671590,1.018172,1.0000
TG00012175,T00048,ELG,0.97225513,1.399272,1.0000
TG00012176,T00048,ELG,0.78758093,0.742945,1.0000
TG00012177,T00048,ELG,0.84031287,0.876230,1.0000
TG00012178,T00048,ELG,0.93120188,1.061079,1.0000
TG00012179,T00048,ELG,0.56294868,1.817516,1.0000
TG00012180,T00048,ELG,0.42557138,1.297369,1.0000
TG00012181,T00048,ELG,0.69941666,0.933411,1.0000
TG00012182,T00048,ELG,0.49489185,0.824401,1.0000
TG00012183,T00048,ELG,0.91125036,1.249931,1.0000
TG00012184,T00048,ELG,0.40429441,1.447164,1.0000
TG00012185,T00048,ELG,0.87026662,0.671610,1.0000
TG00012186,T00048,ELG,0.92159263,1.080156,1.0000
TG00012187,T00048,ELG,0.34125945,1.019506,1.0000
TG00012188,T00048,ELG,0.58986781,1.105399,1.0000
TG00012189,T00048,ELG,0.49906801,0.551085,1.0000
TG00012190,T00048,ELG,0.70486595,1.140755,1.0000
TG00012191,T00048,ELG,0.24059760,0.869223,1.0000
TG00012192,T00048,ELG,0.87272736,1.613873,1.0000
TG00012193,T00048,ELG,0.29651622,0.841962,1.0000
TG00012194,T00048,ELG,0.31430965,0.565896,1.0000
TG00012195,T00048,ELG,0.28335365,0.529409,1.0000
TG00012196,T00048,QSO,0.07598608,1.772403,1.7000
TG00012197,T00048,QSO,0.25643433,2.418904,1.7000
TG00012198,T00048,QSO,0.22322837,1.941665,1.7000
TG00012199,T00048,QSO,0.43573430,2.955663,1.7000
TG00012200,T00048,QSO,0.31242927,1.751710,1.7000
TG00012201,T00048,QSO,0.25604744,2.469682,1.7000
TG00012202,T00048,QSO,0.11362002,2.539772,1.7000
TG00012203,T00048,QSO,0.20449899,2.485438,1.7000
TG00012204,T00048,QSO,0.27793018,0.836455,1.7000
TG00012205,T00048,QSO,0.24519762,1.290147,1.7000
TG00012206,T00048,QSO,0.24836090,1.630620,1.7000
TG00012207,T00048,QSO,0.07479948,1.054740,1.7000
TG00012208,T00048,QSO,0.21837683,1.930671,1.7000
TG00012209,T00048,QSO,0.32869969,2.050686,1.7000
TG00012210,T00048,QSO,0.14188410,2.895049,1.7000
TG00012211,T00048,QSO,0.18882259,1.007640,1.7000
TG00012212,T00048,QSO,0.21247067,2.300629,1.7000
TG00012213,T00048,BGS,1.17647347,0.188106,0.4500
TG00012214,T00048,BGS,1.59379805,0.032019,0.4500
TG00012215,T00048,BGS,1.18389380,0.297074,0.4500
TG00012216,T00048,BGS,1.03868896,0.297297,0.4500
TG00012217,T00048,BGS,1.62814495,0.070550,0.4500
TG00012218,T00048,BGS,1.22057172,0.243804,0.4500
TG00012219,T00048,BGS,1.39383982,0.195551,0.4500
TG00012220,T00048,BGS,2.94121259,0.167178,0.4500
TG00012221,T00048,BGS,1.47255656,0.203189,0.4500
TG00012222,T00048,BGS,1.26168206,0.211068,0.4500
TG00012223,T00048,BGS,1.67089927,0.227271,0.4500
TG00012224,T00048,BGS,1.21197096,0.412619,0.4500
TG00012225,T00048,BGS,1.34872304,0.125288,0.4500
TG00012226,T00048,BGS,1.63527554,0.346073,0.4500
TG00012227,T00048,BGS,1.42248279,0.230654,0.4500
TG00012228,T00048,BGS,1.03808548,0.089730,0.4500
TG00012229,T00048,BGS,1.20131251,0.273456,0.4500
TG00012230,T00048,BGS,1.12865587,0.214893,0.4500
TG00012231,T00048,BGS,1.59964867,0.332762,0.4500
TG00012232,T00048,BGS,1.79669812,0.215536,0.4500
TG00012233,T00048,BGS,1.13384613,0.442240,0.4500
TG00012234,T00048,BGS,1.18960201,0.349000,0.4500
TG00012235,T00048,BGS,1.35209066,0.134914,0.4500
TG00012236,T00048,BGS,2.05673715,0.294096,0.4500
TG00012237,T00048,BGS,0.93153838,0.330055,0.4500
TG00012238,T00048,BGS,1.26626418,0.158044,0.4500
TG00012239,T00048,BGS,0.68370510,0.098360,0.4500
TG00012240,T00048,BGS,1.12086549,0.213485,0.4500
TG00012241,T00048,BGS,1.02372061,0.288006,0.4500
TG00012242,T00048,BGS,1.06030420,0.145235,0.4500
TG00012243,T00048,BGS,2.40038729,0.196617,0.4500
TG00012244,T00048,BGS,1.86626157,0.103225,0.4500
TG00012245,T00048,BGS,1.79406326,0.227236,0.4500
TG00012246,T00048,BGS,1.34674047,0.141040,0.4500
TG00012247,T00048,BGS,0.85275389,0.205034,0.4500
TG00012248,T00048,BGS,1.09322373,0.246887,0.4500
TG00012249,T00048,BGS,1.50595669,0.185663,0.4500
TG00012250,T00048,BGS,1.38556814,0.131919,0.4500
TG00012251,T00048,BGS,1.63616949,0.278505,0.4500
TG00012252,T00048,BGS,1.25418466,0.154112,0.4500
TG00012253,T00048,BGS,1.39494802,0.265370,0.4500
TG00012254,T00048,BGS,0.94112043,0.397210,0.4500
TG00012255,T00048,BGS,1.33889403,0.148948,0.4500
TG00012256,T00048,BGS,1.38110236,0.283749,0.4500
TG00012257,T00048,BGS,1.90026387,0.352214,0.4500
TG00012258,T00048,BGS,1.43879873,0.288138,0.4500
TG00012259,T00048,BGS,0.88718659,0.401784,0.4500
TG00012260,T00048,BGS,0.82158649,0.147515,0.4500
TG00012261,T00048,BGS,1.25551736,0.313206,0.4500
TG00012262,T00048,BGS,2.05877421,0.281486,0.4500
TG00012263,T00048,BGS,3.19623761,0.330127,0.4500
TG00012264,T00048,BGS,0.50714609,0.393043,0.4500
TG00012265,T00048,BGS,1.10448584,0.168364,0.4500
TG00012266,T00048,BGS,0.58079020,0.137829,0.4500
TG00012267,T00049,LRG,0.62152235,0.901109,1.0000
TG00012268,T00049,LRG,0.26855029,0.518668,1.0000
TG00012269,T00049,LRG,0.32173784,0.774434,1.0000
TG00012270,T00049,LRG,0.29173472,1.060737,1.0000
TG00012271,T00049,LRG,0.37221944,0.455835,1.0000
TG00012272,T00049,LRG,0.42763042,0.283165,1.0000
TG00012273,T00049,LRG,0.70883108,0.647734,1.0000
TG00012274,T00049,LRG,0.29602564,0.407755,1.0000
TG00012275,T00049,LRG,0.34268477,0.877380,1.0000
TG00012276,T00049,LRG,0.47956524,0.924391,1.0000
TG00012277,T00049,LRG,0.46042878,0.715929,1.0000
TG00012278,T00049,LRG,0.33419139,0.549948,1.0000
TG00012279,T00049,LRG,0.39690810,0.348297,1.0000
TG00012280,T00049,LRG,0.21338910,0.800009,1.0000
TG00012281,T00049,LRG,0.29792886,0.765563,1.0000
TG00012282,T00049,LRG,0.20749152,0.688601,1.0000
TG00012283,T00049,LRG,0.20383312,0.734700,1.0000
TG00012284,T00049,LRG,0.58907366,1.064548,1.0000
TG00012285,T00049,LRG,0.57850794,0.461807,1.0000
TG00012286,T00049,LRG,0.34585876,0.809171,1.0000
TG00012287,T00049,LRG,0.23877103,0.805628,1.0000
TG00012288,T00049,LRG,0.36591949,0.546633,1.0000
TG00012289,T00049,LRG,0.34681549,0.702814,1.0000
TG00012290,T00049,LRG,0.19948964,0.799636,1.0000
TG00012291,T00049,LRG,0.44216291,0.706550,1.0000
TG00012292,T00049,LRG,0.39606629,0.797478,1.0000
TG00012293,T00049,LRG,0.18862942,0.535053,1.0000
TG00012294,T00049,LRG,0.23352744,1.032188,1.0000
TG00012295,T00049,LRG,0.47989991,0.890787,1.0000
TG00012296,T00049,LRG,0.44776517,0.784271,1.0000
TG00012297,T00049,LRG,0.23073991,0.498836,1.0000
TG00012298,T00049,LRG,0.29082292,0.846704,1.0000
TG00012299,T00049,LRG,0.44786497,0.495817,1.0000
TG00012300,T00049,LRG,0.32147470,1.092768,1.0000
TG00012301,T00049,LRG,0.37302480,0.776457,1.0000
TG00012302,T00049,LRG,0.31228912,0.552699,1.0000
TG00012303,T00049,LRG,0.51837887,0.834470,1.0000
TG00012304,T00049,LRG,0.46658746,0.896896,1.0000
TG00012305,T00049,LRG,0.26522520,0.624555,1.0000
TG00012306,T00049,LRG,0.38210619,0.582660,1.0000
TG00012307,T00049,LRG,0.56514282,0.622336,1.0000
TG00012308,T00049,LRG,0.40010696,0.641515,1.0000
TG00012309,T00049,LRG,0.33397790,0.526999,1.0000
TG00012310,T00049,LRG,0.44072053,0.883868,1.0000
TG00012311,T00049,LRG,0.34936016,0.439094,1.0000
TG00012312,T00049,LRG,0.33685463,0.545926,1.0000
TG00012313,T00049,LRG,0.27951936,1.110039,1.0000
TG00012314,T00049,LRG,0.15314314,0.337707,1.0000
TG00012315,T00049,LRG,0.47289841,0.556335,1.0000
TG00012316,T00049,LRG,0.36058351,0.597800,1.0000
TG00012317,T00049,LRG,0.63662822,0.455636,1.0000
TG00012318,T00049,LRG,0.21079140,0.959357,1.0000
TG00012319,T00049,LRG,0.38624534,0.699934,1.0000
TG00012320,T00049,LRG,0.51064958,0.608051,1.0000
TG00012321,T00049,LRG,0.24657608,0.751758,1.0000
TG00012322,T00049,LRG,0.27068007,0.905507,1.0000
TG00012323,T00049,LRG,0.25555395,0.640726,1.0000
TG00012324,T00049,LRG,0.33681936,0.510948,1.0000
TG00012325,T00049,LRG,0.39485719,0.675556,1.0000
TG00012326,T00049,LRG,0.21013170,1.100296,1.0000
TG00012327,T00049,LRG,0.43567057,0.556700,1.0000
TG00012328,T00049,LRG,0.30628002,0.938218,1.0000
TG00012329,T00049,LRG,0.27029345,0.405078,1.0000
TG00012330,T00049,LRG,0.31337092,0.770279,1.0000
TG00012331,T00049,LRG,0.26050293,0.814313,1.0000
TG00012332,T00049,LRG,0.26510138,0.657703,1.0000
TG00012333,T00049,LRG,0.19143165,0.553258,1.0000
TG00012334,T00049,LRG,0.43551282,0.544219,1.0000
TG00012335,T00049,ELG,0.44743921,1.277887,1.0000
TG00012336,T00049,ELG,0.31123427,1.608982,1.0000
TG00012337,T00049,ELG,0.34331912,0.757498,1.0000
TG00012338,T00049,ELG,0.89790568,1.161047,1.0000
TG00012339,T00049,ELG,0.96262091,1.113924,1.0000
TG00012340,T00049,ELG,0.27826577,1.062690,1.0000
TG00012341,T00049,ELG,0.32364292,1.352916,1.0000
TG00012342,T00049,ELG,1.11557659,1.203953,1.0000
TG00012343,T00049,ELG,0.73709311,0.975759,1.0000
TG00012344,T00049,ELG,0.79184420,1.320472,1.0000
TG00012345,T00049,ELG,0.27984198,1.076887,1.0000
TG00012346,T00049,ELG,0.72901921,1.283174,1.0000
TG00012347,T00049,ELG,0.63972056,0.742385,1.0000
TG00012348,T00049,ELG,0.51368988,0.852428,1.0000
TG00012349,T00049,ELG,0.94827533,1.036648,1.0000
TG00012350,T00049,ELG,0.59299129,1.178649,1.0000
TG00012351,T00049,ELG,0.43525245,0.993355,1.0000
TG00012352,T00049,ELG,0.98809786,1.393277,1.0000
TG00012353,T00049,ELG,0.65340702,1.496517,1.0000
TG00012354,T00049,ELG,0.44551894,0.955352,1.0000
TG00012355,T00049,ELG,0.37669785,1.384152,1.0000
TG00012356,T00049,ELG,0.41230123,0.452958,1.0000
TG00012357,T00049,ELG,0.48587656,1.252126,1.0000
TG00012358,T00049,ELG,0.33057487,0.660378,1.0000
TG00012359,T00049,ELG,0.56359564,0.651212,1.0000
TG00012360,T00049,ELG,0.48684299,1.180686,1.0000
TG00012361,T00049,ELG,0.72249362,1.785748,1.0000
TG00012362,T00049,ELG,0.69393631,0.955874,1.0000
TG00012363,T00049,ELG,0.45825483,1.209075,1.0000
TG00012364,T00049,ELG,0.93155937,0.880193,1.0000
TG00012365,T00049,ELG,0.48234138,1.220653,1.0000
TG00012366,T00049,ELG,0.49222472,0.521731,1.0000
TG00012367,T00049,ELG,1.10404366,1.265486,1.0000
TG00012368,T00049,ELG,0.25531791,1.153803,1.0000
TG00012369,T00049,ELG,1.02128127,1.454205,1.0000
TG00012370,T00049,ELG,0.67425524,0.959086,1.0000
TG00012371,T00049,ELG,0.40079998,1.153441,1.0000
TG00012372,T00049,ELG,0.30370779,0.847137,1.0000
TG00012373,T00049,ELG,0.61700117,1.315324,1.0000
TG00012374,T00049,ELG,0.69448347,0.913509,1.0000
TG00012375,T00049,ELG,0.79943571,0.615353,1.0000
TG00012376,T00049,ELG,0.43981120,1.271011,1.0000
TG00012377,T00049,ELG,0.26890732,0.846511,1.0000
TG00012378,T00049,ELG,0.44091421,1.128225,1.0000
TG00012379,T00049,ELG,0.52795815,0.866207,1.0000
TG00012380,T00049,ELG,0.39463201,1.379088,1.0000
TG00012381,T00049,ELG,0.21540535,1.134223,1.0000
TG00012382,T00049,ELG,0.59348171,1.560834,1.0000
TG00012383,T00049,ELG,0.41653499,1.113649,1.0000
TG00012384,T00049,ELG,0.23523488,1.164445,1.0000
TG00012385,T00049,ELG,0.40767774,1.027100,1.0000
TG00012386,T00049,ELG,0.58156949,1.435819,1.0000
TG00012387,T00049,ELG,0.75356864,0.831808,1.0000
TG00012388,T00049,ELG,0.72991535,1.713585,1.0000
TG00012389,T00049,ELG,0.95214161,1.073203,1.0000
TG00012390,T00049,ELG,0.63062143,0.842795,1.0000
TG00012391,T00049,ELG,0.55155032,0.724271,1.0000
TG00012392,T00049,ELG,1.02099767,0.947356,1.0000
TG00012393,T00049,ELG,0.43597592,1.184398,1.0000
TG00012394,T00049,ELG,0.45710193,1.448204,1.0000
TG00012395,T00049,ELG,0.52585960,1.499249,1.0000
TG00012396,T00049,ELG,0.63430295,1.222464,1.0000
TG00012397,T00049,ELG,0.34236715,0.982171,1.0000
TG00012398,T00049,ELG,0.38272331,1.027082,1.0000
TG00012399,T00049,ELG,0.62054950,0.988454,1.0000
TG00012400,T00049,ELG,0.52356450,0.995329,1.0000
TG00012401,T00049,ELG,0.67913350,1.053586,1.0000
TG00012402,T00049,ELG,1.24103201,1.317384,1.0000
TG00012403,T00049,ELG,0.35507364,1.511061,1.0000
TG00012404,T00049,ELG,0.89175381,1.164378,1.0000
TG00012405,T00049,ELG,1.11653157,0.467432,1.0000
TG00012406,T00049,ELG,0.35327402,1.278798,1.0000
TG00012407,T00049,ELG,0.31866207,0.830899,1.0000
TG00012408,T00049,ELG,0.73805728,0.868745,1.0000
TG00012409,T00049,ELG,0.67913956,0.928191,1.0000
TG00012410,T00049,ELG,1.22638568,0.985455,1.0000
TG00012411,T00049,ELG,0.69924582,0.908132,1.0000
TG00012412,T00049,ELG,0.49757886,1.259879,1.0000
TG00012413,T00049,ELG,0.54681157,0.960454,1.0000
TG00012414,T00049,ELG,0.42250179,1.095563,1.0000
TG00012415,T00049,ELG,0.49326591,1.004105,1.0000
TG00012416,T00049,ELG,0.33913365,0.888988,1.0000
TG00012417,T00049,ELG,0.54286571,1.200293,1.0000
TG00012418,T00049,ELG,0.57387930,0.844466,1.0000
TG00012419,T00049,ELG,0.73262898,1.023399,1.0000
TG00012420,T00049,ELG,0.96235772,1.059258,1.0000
TG00012421,T00049,ELG,0.43586971,0.811337,1.0000
TG00012422,T00049,ELG,0.71749628,1.097782,1.0000
TG00012423,T00049,ELG,0.39699082,0.696593,1.0000
TG00012424,T00049,ELG,0.72575920,1.602597,1.0000
TG00012425,T00049,ELG,0.24945743,0.581291,1.0000
TG00012426,T00049,ELG,0.55955627,1.597630,1.0000
TG00012427,T00049,ELG,0.99563751,1.009071,1.0000
TG00012428,T00049,ELG,0.69392342,1.343456,1.0000
TG00012429,T00049,ELG,0.74575812,1.304519,1.0000
TG00012430,T00049,ELG,0.39689372,1.088182,1.0000
TG00012431,T00049,ELG,0.71952054,1.077234,1.0000
TG00012432,T00049,ELG,0.72289618,1.182563,1.0000
TG00012433,T00049,ELG,0.47814932,1.170951,1.0000
TG00012434,T00049,ELG,0.34329835,1.111329,1.0000
TG00012435,T00049,QSO,0.20298323,2.476858,1.7000
TG00012436,T00049,QSO,0.19633502,2.373450,1.7000
TG00012437,T00049,QSO,0.10977720,1.088479,1.7000
TG00012438,T00049,QSO,0.18659934,2.307159,1.7000
TG00012439,T00049,QSO,0.22301113,0.971108,1.7000
TG00012440,T00049,QSO,0.12574996,2.017192,1.7000
TG00012441,T00049,QSO,0.11278044,1.944485,1.7000
TG00012442,T00049,QSO,0.30841544,1.754916,1.7000
TG00012443,T00049,QSO,0.33722895,2.613875,1.7000
TG00012444,T00049,QSO,0.43170574,1.899978,1.7000
TG00012445,T00049,QSO,0.12325783,1.801018,1.7000
TG00012446,T00049,QSO,0.23696426,2.498741,1.7000
TG00012447,T00049,QSO,0.26542341,2.098610,1.7000
TG00012448,T00049,QSO,0.64632808,2.186452,1.7000
TG00012449,T00049,BGS,1.92219928,0.176171,0.4500
TG00012450,T00049,BGS,2.20766157,0.103408,0.4500
TG00012451,T00049,BGS,1.27905998,0.123714,0.4500
TG00012452,T00049,BGS,1.70948549,0.226648,0.4500
TG00012453,T00049,BGS,1.78086816,0.295352,0.4500
TG00012454,T00049,BGS,1.02552623,0.259509,0.4500
TG00012455,T00049,BGS,1.49216827,0.129375,0.4500
TG00012456,T00049,BGS,1.31781950,0.324692,0.4500
TG00012457,T00049,BGS,0.93386211,0.240176,0.4500
TG00012458,T00049,BGS,0.81602093,0.226657,0.4500
TG00012459,T00049,BGS,1.86974717,0.000000,0.4500
TG00012460,T00049,BGS,1.02120372,0.242831,0.4500
TG00012461,T00049,BGS,1.97012790,0.155323,0.4500
TG00012462,T00049,BGS,2.05398688,0.138396,0.4500
TG00012463,T00049,BGS,1.65563957,0.248211,0.4500
TG00012464,T00049,BGS,1.37386446,0.233286,0.4500
TG00012465,T00049,BGS,1.38471806,0.156091,0.4500
TG00012466,T00049,BGS,0.73428783,0.084508,0.4500
TG00012467,T00049,BGS,0.93274859,0.143056,0.4500
TG00012468,T00049,BGS,1.35137306,0.096271,0.4500
TG00012469,T00049,BGS,1.35536416,0.390255,0.4500
TG00012470,T00049,BGS,0.95697368,0.368204,0.4500
TG00012471,T00049,BGS,1.47365458,0.384023,0.4500
TG00012472,T00049,BGS,1.42503402,0.261433,0.4500
TG00012473,T00049,BGS,0.88795471,0.280191,0.4500
TG00012474,T00049,BGS,0.92457973,0.204734,0.4500
TG00012475,T00049,BGS,1.15662894,0.166837,0.4500
TG00012476,T00049,BGS,1.07929650,0.201703,0.4500
TG00012477,T00049,BGS,2.08457664,0.084685,0.4500
TG00012478,T00049,BGS,1.67288932,0.171827,0.4500
TG00012479,T00049,BGS,1.80808977,0.357687,0.4500
TG00012480,T00049,BGS,1.89500238,0.280053,0.4500
TG00012481,T00049,BGS,2.07295834,0.167646,0.4500
TG00012482,T00049,BGS,1.40810633,0.148973,0.4500
TG00012483,T00049,BGS,0.94492632,0.277139,0.4500
TG00012484,T00049,BGS,1.14926499,0.124011,0.4500
TG00012485,T00049,BGS,1.07167449,0.208395,0.4500
TG00012486,T00049,BGS,1.31726977,0.266194,0.4500
TG00012487,T00049,BGS,1.06536493,0.192502,0.4500
TG00012488,T00049,BGS,1.05826744,0.149861,0.4500
TG00012489,T00049,BGS,1.04161914,0.045716,0.4500
TG00012490,T00049,BGS,1.35749934,0.217550,0.4500
TG00012491,T00049,BGS,1.16162162,0.175178,0.4500
TG00012492,T00049,BGS,2.35809303,0.258851,0.4500
TG00012493,T00049,BGS,1.42042045,0.074119,0.4500
TG00012494,T00049,BGS,1.46726674,0.071613,0.4500
TG00012495,T00049,BGS,1.63763937,0.290542,0.4500
TG00012496,T00049,BGS,1.61463430,0.216089,0.4500
TG00012497,T00049,BGS,1.59517439,0.306662,0.4500
TG00012498,T00049,BGS,1.27120409,0.276312,0.4500
TG00012499,T00049,BGS,1.64476702,0.136875,0.4500
TG00012500,T00049,BGS,0.99059994,0.137179,0.4500
TG00012501,T00049,BGS,1.42236572,0.365419,0.4500
TG00012502,T00049,BGS,1.61571728,0.282823,0.4500
TG00012503,T00049,BGS,1.77237636,0.258159,0.4500
TG00012504,T00049,BGS,1.24328184,0.184757,0.4500
TG00012505,T00049,BGS,1.14605493,0.260431,0.4500
TG00012506,T00049,BGS,1.17007190,0.164522,0.4500
TG00012507,T00049,BGS,0.68453235,0.198847,0.4500
TG00012508,T00049,BGS,1.14846464,0.104272,0.4500
TG00012509,T00049,BGS,2.13148780,0.200441,0.4500
TG00012510,T00049,BGS,1.29690185,0.340651,0.4500
TG00012511,T00049,BGS,1.71217717,0.043530,0.4500
TG00012512,T00049,BGS,1.37194346,0.253889,0.4500
TG00012513,T00049,BGS,1.59145380,0.200220,0.4500
TG00012514,T00049,BGS,1.25272333,0.155791,0.4500
TG00012515,T00049,BGS,1.79660936,0.174543,0.4500
TG00012516,T00049,BGS,1.17627151,0.253527,0.4500
TG00012517,T00049,BGS,2.16589743,0.194852,0.4500
TG00012518,T00049,BGS,1.06337066,0.341751,0.4500
TG00012519,T00049,BGS,1.48093386,0.333858,0.4500
TG00012520,T00049,BGS,1.69624999,0.216056,0.4500
TG00012521,T00049,BGS,1.00691429,0.275663,0.4500
TG00012522,T00049,BGS,1.26276688,0.239349,0.4500
TG00012523,T00049,BGS,1.37814995,0.250526,0.4500
TG00012524,T00049,BGS,1.68108522,0.299040,0.4500
TG00012525,T00049,BGS,1.08839116,0.150061,0.4500
TG00012526,T00049,BGS,1.25984180,0.313345,0.4500
TG00012527,T00049,BGS,0.85452777,0.136440,0.4500
TG00012528,T00049,BGS,1.48601376,0.252054,0.4500
TG00012529,T00049,BGS,1.35348175,0.201047,0.4500
TG00012530,T00049,BGS,1.14408530,0.174331,0.4500
TG00012531,T00049,BGS,1.45527635,0.254526,0.4500
TG00012532,T00049,BGS,0.83194731,0.215293,0.4500
TG00012533,T00049,BGS,2.00462148,0.066785,0.4500
TG00012534,T00049,BGS,0.91254809,0.204692,0.4500
TG00012535,T00049,BGS,0.80294700,0.207408,0.4500
TG00012536,T00049,BGS,0.72160305,0.324048,0.4500
TG00012537,T00050,LRG,0.26462033,0.998387,1.0000
TG00012538,T00050,LRG,0.36978365,0.327691,1.0000
TG00012539,T00050,LRG,0.18001712,0.642534,1.0000
TG00012540,T00050,LRG,0.28856224,0.647484,1.0000
TG00012541,T00050,LRG,0.50374254,0.578149,1.0000
TG00012542,T00050,LRG,0.26246678,0.824090,1.0000
TG00012543,T00050,LRG,0.26270115,0.755641,1.0000
TG00012544,T00050,LRG,0.23107956,0.760140,1.0000
TG00012545,T00050,LRG,0.36906471,0.708469,1.0000
TG00012546,T00050,LRG,0.25671755,0.670795,1.0000
TG00012547,T00050,LRG,0.30078377,0.659214,1.0000
TG00012548,T00050,LRG,0.44629789,0.604357,1.0000
TG00012549,T00050,LRG,0.32627661,0.519783,1.0000
TG00012550,T00050,LRG,0.33168010,0.717898,1.0000
TG00012551,T00050,LRG,0.32487244,0.560472,1.0000
TG00012552,T00050,LRG,0.30750264,0.817770,1.0000
TG00012553,T00050,LRG,0.36624226,0.421033,1.0000
TG00012554,T00050,LRG,0.24589040,1.015576,1.0000
TG00012555,T00050,LRG,0.19668863,0.766312,1.0000
TG00012556,T00050,LRG,0.32696223,0.589389,1.0000
TG00012557,T00050,LRG,0.41110642,0.462366,1.0000
TG00012558,T00050,LRG,0.20343403,0.410186,1.0000
TG00012559,T00050,LRG,0.40013385,0.478983,1.0000
TG00012560,T00050,LRG,0.38140648,0.960080,1.0000
TG00012561,T00050,LRG,0.29655441,0.815516,1.0000
TG00012562,T00050,LRG,0.22008185,0.853325,1.0000
TG00012563,T00050,LRG,0.27662265,0.834669,1.0000
TG00012564,T00050,LRG,0.33464544,0.589219,1.0000
TG00012565,T00050,LRG,0.74892249,0.561011,1.0000
TG00012566,T00050,LRG,0.33230773,0.648481,1.0000
TG00012567,T00050,LRG,0.28863973,1.067266,1.0000
TG00012568,T00050,LRG,0.19232538,0.664867,1.0000
TG00012569,T00050,LRG,0.39312606,0.674418,1.0000
TG00012570,T00050,LRG,0.65095060,0.569204,1.0000
TG00012571,T00050,LRG,0.41771103,0.730371,1.0000
TG00012572,T00050,LRG,0.47963185,0.909668,1.0000
TG00012573,T00050,LRG,0.45029901,0.261683,1.0000
TG00012574,T00050,LRG,0.38516964,0.990713,1.0000
TG00012575,T00050,LRG,0.50569651,0.888280,1.0000
TG00012576,T00050,LRG,0.34170354,0.757737,1.0000
TG00012577,T00050,LRG,0.62723461,0.375258,1.0000
TG00012578,T00050,LRG,0.42487367,0.636007,1.0000
TG00012579,T00050,LRG,0.50127954,0.851276,1.0000
TG00012580,T00050,LRG,0.28685689,0.854114,1.0000
TG00012581,T00050,LRG,0.28307001,0.464260,1.0000
TG00012582,T00050,LRG,0.52992179,0.490924,1.0000
TG00012583,T00050,LRG,0.21566392,0.718702,1.0000
TG00012584,T00050,LRG,0.22200892,0.701834,1.0000
TG00012585,T00050,LRG,0.38907951,0.473513,1.0000
TG00012586,T00050,LRG,0.22219264,0.602064,1.0000
TG00012587,T00050,LRG,0.37951553,0.445713,1.0000
TG00012588,T00050,LRG,0.66735606,0.574856,1.0000
TG00012589,T00050,LRG,0.34945558,0.499604,1.0000
TG00012590,T00050,LRG,0.29171478,0.661603,1.0000
TG00012591,T00050,LRG,0.23790369,0.579221,1.0000
TG00012592,T00050,LRG,0.41424430,0.598269,1.0000
TG00012593,T00050,ELG,0.86466339,1.180691,1.0000
TG00012594,T00050,ELG,0.77361920,1.169879,1.0000
TG00012595,T00050,ELG,1.06147668,0.619283,1.0000
TG00012596,T00050,ELG,0.75576033,1.727346,1.0000
TG00012597,T00050,ELG,0.33962911,1.529055,1.0000
TG00012598,T00050,ELG,0.58465043,0.999109,1.0000
TG00012599,T00050,ELG,0.71150156,1.301417,1.0000
TG00012600,T00050,ELG,0.73216623,0.869980,1.0000
TG00012601,T00050,ELG,0.30145531,1.494483,1.0000
TG00012602,T00050,ELG,0.54451631,0.808924,1.0000
TG00012603,T00050,ELG,1.03260467,0.890773,1.0000
TG00012604,T00050,ELG,0.62942384,1.448845,1.0000
TG00012605,T00050,ELG,0.52202336,1.224527,1.0000
TG00012606,T00050,ELG,0.41121578,1.321190,1.0000
TG00012607,T00050,ELG,0.35089899,0.985021,1.0000
TG00012608,T00050,ELG,0.66651943,1.579894,1.0000
TG00012609,T00050,ELG,1.50904092,1.421973,1.0000
TG00012610,T00050,ELG,0.71727389,1.171621,1.0000
TG00012611,T00050,ELG,1.46357922,0.986790,1.0000
TG00012612,T00050,ELG,0.51504222,1.104743,1.0000
TG00012613,T00050,ELG,0.26790846,0.975256,1.0000
TG00012614,T00050,ELG,0.97952308,1.785995,1.0000
TG00012615,T00050,ELG,0.57883693,0.793381,1.0000
TG00012616,T00050,ELG,0.38163095,1.168049,1.0000
TG00012617,T00050,ELG,0.44815377,1.119604,1.0000
TG00012618,T00050,ELG,0.66514787,1.137765,1.0000
TG00012619,T00050,ELG,0.92340187,1.205331,1.0000
TG00012620,T00050,ELG,0.30413910,1.235519,1.0000
TG00012621,T00050,ELG,0.60136808,0.641930,1.0000
TG00012622,T00050,ELG,0.54588528,0.892086,1.0000
TG00012623,T00050,ELG,0.78727225,0.839621,1.0000
TG00012624,T00050,ELG,0.47333547,1.354332,1.0000
TG00012625,T00050,ELG,0.13063636,1.224272,1.0000
TG00012626,T00050,ELG,0.90458231,0.327595,1.0000
TG00012627,T00050,ELG,0.85243851,0.820282,1.0000
TG00012628,T00050,ELG,0.28999507,0.867781,1.0000
TG00012629,T00050,ELG,0.91299392,1.445327,1.0000
TG00012630,T00050,ELG,0.43557342,1.518414,1.0000
TG00012631,T00050,ELG,0.56454499,0.588371,1.0000
TG00012632,T00050,ELG,0.34167539,1.205791,1.0000
TG00012633,T00050,ELG,0.42234243,0.812385,1.0000
TG00012634,T00050,ELG,0.57430652,1.042685,1.0000
TG00012635,T00050,ELG,0.67694960,1.306204,1.0000
TG00012636,T00050,ELG,0.73802611,0.583365,1.0000
TG00012637,T00050,ELG,0.75743743,1.036255,1.0000
TG00012638,T00050,ELG,0.31002547,1.105874,1.0000
TG00012639,T00050,ELG,0.66945926,1.123728,1.0000
TG00012640,T00050,ELG,0.66341010,1.605195,1.0000
TG00012641,T00050,ELG,0.85340243,0.919015,1.0000
TG00012642,T00050,ELG,0.41135770,1.142457,1.0000
TG00012643,T00050,ELG,0.39477299,0.786348,1.0000
TG00012644,T00050,ELG,1.15188681,1.596716,1.0000
TG00012645,T00050,ELG,0.91732057,1.259012,1.0000
TG00012646,T00050,ELG,0.52165467,0.902671,1.0000
TG00012647,T00050,ELG,0.36958225,1.424590,1.0000
TG00012648,T00050,ELG,0.57312652,1.164128,1.0000
TG00012649,T00050,ELG,1.01830661,1.260205,1.0000
TG00012650,T00050,ELG,1.15662127,0.885203,1.0000
TG00012651,T00050,ELG,0.67877349,1.156152,1.0000
TG00012652,T00050,ELG,1.12305648,0.785553,1.0000
TG00012653,T00050,ELG,0.38604563,0.716827,1.0000
TG00012654,T00050,ELG,0.61167895,1.158571,1.0000
TG00012655,T00050,ELG,0.51484722,1.542877,1.0000
TG00012656,T00050,ELG,0.83531823,1.081207,1.0000
TG00012657,T00050,ELG,0.90357312,1.014434,1.0000
TG00012658,T00050,ELG,0.59592607,0.662310,1.0000
TG00012659,T00050,ELG,0.33552845,1.438525,1.0000
TG00012660,T00050,ELG,1.27300308,1.164375,1.0000
TG00012661,T00050,ELG,0.42469133,0.759733,1.0000
TG00012662,T00050,ELG,0.88025279,1.017860,1.0000
TG00012663,T00050,ELG,0.38467567,1.268705,1.0000
TG00012664,T00050,ELG,0.87869026,0.604963,1.0000
TG00012665,T00050,ELG,0.53018683,1.213932,1.0000
TG00012666,T00050,ELG,0.38565695,1.647495,1.0000
TG00012667,T00050,ELG,1.34337947,0.936228,1.0000
TG00012668,T00050,ELG,0.40646755,0.800319,1.0000
TG00012669,T00050,ELG,0.75419831,0.896099,1.0000
TG00012670,T00050,ELG,0.32630348,0.842675,1.0000
TG00012671,T00050,ELG,0.88272704,1.306250,1.0000
TG00012672,T00050,ELG,0.44047346,1.357960,1.0000
TG00012673,T00050,ELG,0.53224147,1.340258,1.0000
TG00012674,T00050,ELG,0.73886576,0.951550,1.0000
TG00012675,T00050,ELG,0.33856685,1.099288,1.0000
TG00012676,T00050,ELG,0.28959789,1.259083,1.0000
TG00012677,T00050,ELG,0.30209084,1.322358,1.0000
TG00012678,T00050,ELG,0.34658931,1.119162,1.0000
TG00012679,T00050,ELG,0.75206195,0.736637,1.0000
TG00012680,T00050,QSO,0.06437467,1.941639,1.7000
TG00012681,T00050,QSO,0.12959501,1.886540,1.7000
TG00012682,T00050,QSO,0.32814089,1.820804,1.7000
TG00012683,T00050,QSO,0.11420052,2.116949,1.7000
TG00012684,T00050,QSO,0.10067352,2.504505,1.7000
TG00012685,T00050,QSO,0.20926727,2.022245,1.7000
TG00012686,T00050,QSO,0.30575751,2.903883,1.7000
TG00012687,T00050,QSO,0.20753611,2.351405,1.7000
TG00012688,T00050,QSO,0.28336166,1.341163,1.7000
TG00012689,T00050,QSO,0.32309426,2.788828,1.7000
TG00012690,T00050,QSO,0.11234416,2.255213,1.7000
TG00012691,T00050,QSO,0.32985932,2.539927,1.7000
TG00012692,T00050,QSO,0.16227368,3.609794,1.7000
TG00012693,T00050,QSO,0.21382378,2.297383,1.7000
TG00012694,T00050,BGS,1.85987068,0.241755,0.4500
TG00012695,T00050,BGS,1.49641125,0.223487,0.4500
TG00012696,T00050,BGS,1.76694813,0.072532,0.4500
TG00012697,T00050,BGS,0.83186458,0.287039,0.4500
TG00012698,T00050,BGS,1.53637066,0.172640,0.4500
TG00012699,T00050,BGS,1.43214331,0.235366,0.4500
TG00012700,T00050,BGS,1.32205775,0.139467,0.4500
TG00012701,T00050,BGS,0.85463250,0.247217,0.4500
TG00012702,T00050,BGS,0.80069707,0.115240,0.4500
TG00012703,T00050,BGS,2.41196780,0.018203,0.4500
TG00012704,T00050,BGS,1.17488420,0.144745,0.4500
TG00012705,T00050,BGS,1.90480498,0.170018,0.4500
TG00012706,T00050,BGS,1.23568219,0.372966,0.4500
TG00012707,T00050,BGS,1.20083259,0.157115,0.4500
TG00012708,T00050,BGS,1.62318874,0.300932,0.4500
TG00012709,T00050,BGS,1.88374256,0.315689,0.4500
TG00012710,T00050,BGS,1.41489312,0.340487,0.4500
TG00012711,T00050,BGS,1.63509834,0.228175,0.4500
TG00012712,T00050,BGS,1.44770339,0.320936,0.4500
TG00012713,T00050,BGS,1.51214824,0.217605,0.4500
TG00012714,T00050,BGS,1.30182421,0.287592,0.4500
TG00012715,T00050,BGS,1.29751096,0.224339,0.4500
TG00012716,T00050,BGS,1.84129222,0.182268,0.4500
TG00012717,T00050,BGS,0.98065687,0.202037,0.4500
TG00012718,T00050,BGS,0.93821218,0.378382,0.4500
TG00012719,T00050,BGS,1.17149208,0.079741,0.4500
TG00012720,T00050,BGS,0.98513544,0.166655,0.4500
TG00012721,T00050,BGS,1.39558586,0.329272,0.4500
TG00012722,T00050,BGS,1.24035589,0.161917,0.4500
TG00012723,T00050,BGS,1.81804669,0.425736,0.4500
TG00012724,T00050,BGS,1.82080330,0.145280,0.4500
TG00012725,T00050,BGS,1.90607599,0.250297,0.4500
TG00012726,T00050,BGS,2.06162438,0.197673,0.4500
TG00012727,T00050,BGS,0.98263086,0.129941,0.4500
TG00012728,T00050,BGS,1.66099238,0.279249,0.4500
TG00012729,T00050,BGS,1.17570420,0.194035,0.4500
TG00012730,T00050,BGS,2.11201818,0.001115,0.4500
TG00012731,T00050,BGS,1.20465192,0.198096,0.4500
TG00012732,T00050,BGS,1.68045313,0.000000,0.4500
TG00012733,T00050,BGS,1.52936704,0.353392,0.4500
TG00012734,T00050,BGS,1.35706224,0.266164,0.4500
TG00012735,T00050,BGS,1.23456571,0.359438,0.4500
TG00012736,T00050,BGS,1.30748313,0.177619,0.4500
TG00012737,T00050,BGS,1.19710699,0.345153,0.4500
TG00012738,T00050,BGS,1.63543182,0.293775,0.4500
TG00012739,T00050,BGS,1.18805466,0.165806,0.4500
TG00012740,T00050,BGS,0.78344898,0.188108,0.4500
TG00012741,T00050,BGS,1.33830070,0.135902,0.4500
TG00012742,T00050,BGS,1.77550987,0.162136,0.4500
TG00012743,T00050,BGS,1.09597855,0.131417,0.4500
TG00012744,T00050,BGS,1.05337955,0.341048,0.4500
TG00012745,T00050,BGS,1.11593512,0.207657,0.4500
TG00012746,T00050,BGS,1.48242515,0.117727,0.4500
TG00012747,T00050,BGS,0.84574276,0.164121,0.4500
TG00012748,T00050,BGS,1.22714333,0.272826,0.4500
TG00012749,T00050,BGS,1.27869867,0.325377,0.4500
TG00012750,T00050,BGS,1.20174117,0.212517,0.4500
TG00012751,T00050,BGS,1.05795062,0.306604,0.4500
TG00012752,T00050,BGS,2.05636976,0.227163,0.4500
TG00012753,T00050,BGS,1.00334324,0.083313,0.4500
TG00012754,T00050,BGS,1.45522752,0.230088,0.4500
TG00012755,T00050,BGS,1.77331788,0.279379,0.4500
TG00012756,T00050,BGS,1.50311995,0.353994,0.4500
TG00012757,T00050,BGS,1.74456079,0.208303,0.4500
TG00012758,T00050,BGS,1.38623712,0.193411,0.4500
TG00012759,T00051,LRG,0.29255483,0.728660,1.0000
TG00012760,T00051,LRG,0.28617669,0.557550,1.0000
TG00012761,T00051,LRG,0.21927514,0.728283,1.0000
TG00012762,T00051,LRG,0.26347038,0.726523,1.0000
TG00012763,T00051,LRG,0.44434230,1.007184,1.0000
TG00012764,T00051,LRG,0.54922083,0.787915,1.0000
TG00012765,T00051,LRG,0.34005768,0.841184,1.0000
TG00012766,T00051,LRG,0.27180589,0.801871,1.0000
TG00012767,T00051,LRG,0.24490036,0.628959,1.0000
TG00012768,T00051,LRG,0.21750819,0.735233,1.0000
TG00012769,T00051,LRG,0.36872630,0.651812,1.0000
TG00012770,T00051,LRG,0.27204434,0.697981,1.0000
TG00012771,T00051,LRG,0.24856807,0.572570,1.0000
TG00012772,T00051,LRG,0.26328590,0.446090,1.0000
TG00012773,T00051,LRG,0.12494803,0.678242,1.0000
TG00012774,T00051,LRG,0.31095255,0.521941,1.0000
TG00012775,T00051,LRG,0.50553739,0.912905,1.0000
TG00012776,T00051,LRG,0.97325185,0.896554,1.0000
TG00012777,T00051,LRG,0.26489138,0.595570,1.0000
TG00012778,T00051,LRG,0.55236454,0.567216,1.0000
TG00012779,T00051,LRG,0.35946302,0.690472,1.0000
TG00012780,T00051,LRG,0.43029069,1.010009,1.0000
TG00012781,T00051,LRG,0.35615791,0.508218,1.0000
TG00012782,T00051,LRG,0.33569800,0.555801,1.0000
TG00012783,T00051,LRG,0.48167748,0.556769,1.0000
TG00012784,T00051,LRG,0.35680000,0.554457,1.0000
TG00012785,T00051,LRG,0.60635180,0.466317,1.0000
TG00012786,T00051,LRG,0.37587626,0.732552,1.0000
TG00012787,T00051,LRG,0.47679311,0.574828,1.0000
TG00012788,T00051,LRG,0.77253093,0.832322,1.0000
TG00012789,T00051,LRG,0.33954952,0.852891,1.0000
TG00012790,T00051,LRG,0.83710005,0.961526,1.0000
TG00012791,T00051,LRG,0.55575349,0.764348,1.0000
TG00012792,T00051,LRG,0.41400500,0.411176,1.0000
TG00012793,T00051,LRG,0.35163628,0.957648,1.0000
TG00012794,T00051,LRG,0.31704901,0.536255,1.0000
TG00012795,T00051,LRG,0.18495917,0.822848,1.0000
TG00012796,T00051,LRG,0.35781099,0.727712,1.0000
TG00012797,T00051,LRG,0.16320145,0.636687,1.0000
TG00012798,T00051,LRG,0.43306760,0.733170,1.0000
TG00012799,T00051,LRG,0.81324156,0.533496,1.0000
TG00012800,T00051,LRG,0.25680634,0.608334,1.0000
TG00012801,T00051,LRG,0.34453803,0.601680,1.0000
TG00012802,T00051,LRG,0.32211589,0.574205,1.0000
TG00012803,T00051,LRG,0.22432479,0.577024,1.0000
TG00012804,T00051,LRG,0.24207878,0.548081,1.0000
TG00012805,T00051,LRG,0.33532472,0.770203,1.0000
TG00012806,T00051,LRG,0.42087499,0.759024,1.0000
TG00012807,T00051,LRG,0.50672612,0.396532,1.0000
TG00012808,T00051,LRG,0.38492563,0.743993,1.0000
TG00012809,T00051,LRG,0.52411548,0.488114,1.0000
TG00012810,T00051,LRG,0.34477747,1.064277,1.0000
TG00012811,T00051,LRG,0.42982891,0.697471,1.0000
TG00012812,T00051,LRG,0.30998039,0.812070,1.0000
TG00012813,T00051,LRG,0.71751228,0.584316,1.0000
TG00012814,T00051,LRG,0.38370118,0.463074,1.0000
TG00012815,T00051,LRG,0.52936997,0.405311,1.0000
TG00012816,T00051,LRG,0.38754068,0.669683,1.0000
TG00012817,T00051,LRG,0.24176323,0.510494,1.0000
TG00012818,T00051,LRG,0.53402388,0.710675,1.0000
TG00012819,T00051,LRG,0.36022317,0.502959,1.0000
TG00012820,T00051,LRG,0.13368224,0.442815,1.0000
TG00012821,T00051,ELG,0.58021173,1.513628,1.0000
TG00012822,T00051,ELG,0.50822468,1.788330,1.0000
TG00012823,T00051,ELG,0.66628165,1.516993,1.0000
TG00012824,T00051,ELG,0.65747815,1.307061,1.0000
TG00012825,T00051,ELG,0.47794241,1.229287,1.0000
TG00012826,T00051,ELG,0.39747171,1.564540,1.0000
TG00012827,T00051,ELG,0.72356297,1.325919,1.0000
TG00012828,T00051,ELG,1.18143613,1.355641,1.0000
TG00012829,T00051,ELG,0.66227828,0.991188,1.0000
TG00012830,T00051,ELG,0.27799896,0.915944,1.0000
TG00012831,T00051,ELG,0.65893204,0.826870,1.0000
TG00012832,T00051,ELG,0.28297959,0.629112,1.0000
TG00012833,T00051,ELG,0.28074418,0.935688,1.0000
TG00012834,T00051,ELG,1.17136913,1.171366,1.0000
TG00012835,T00051,ELG,0.39411531,0.659796,1.0000
TG00012836,T00051,ELG,0.78114662,1.366613,1.0000
TG00012837,T00051,ELG,0.52919699,1.319645,1.0000
TG00012838,T00051,ELG,1.01625886,1.257973,1.0000
TG00012839,T00051,ELG,0.36322191,1.277884,1.0000
TG00012840,T00051,ELG,0.37269418,1.337323,1.0000
TG00012841,T00051,ELG,0.26110591,1.015836,1.0000
TG00012842,T00051,ELG,0.46886828,0.871568,1.0000
TG00012843,T00051,ELG,0.35510127,0.909573,1.0000
TG00012844,T00051,ELG,0.59603762,1.367100,1.0000
TG00012845,T00051,ELG,0.63844638,1.314357,1.0000
TG00012846,T00051,ELG,0.31505663,1.196831,1.0000
TG00012847,T00051,ELG,0.53739108,0.830947,1.0000
TG00012848,T00051,ELG,0.69973816,1.243854,1.0000
TG00012849,T00051,ELG,0.42624659,0.987939,1.0000
TG00012850,T00051,ELG,0.44084713,0.854382,1.0000
TG00012851,T00051,ELG,0.68010924,0.813212,1.0000
TG00012852,T00051,ELG,0.33142314,0.949936,1.0000
TG00012853,T00051,ELG,0.77728824,1.096865,1.0000
TG00012854,T00051,ELG,0.40244689,1.364523,1.0000
TG00012855,T00051,ELG,0.68486375,1.171198,1.0000
TG00012856,T00051,ELG,0.51625034,0.937060,1.0000
TG00012857,T00051,ELG,0.36714636,1.214989,1.0000
TG00012858,T00051,ELG,0.42271342,1.585182,1.0000
TG00012859,T00051,ELG,0.43280485,0.673509,1.0000
TG00012860,T00051,ELG,0.80656681,1.243102,1.0000
TG00012861,T00051,ELG,0.34537147,1.134630,1.0000
TG00012862,T00051,ELG,0.44451354,1.413286,1.0000
TG00012863,T00051,ELG,0.57308175,1.757497,1.0000
TG00012864,T00051,ELG,0.70304720,1.068226,1.0000
TG00012865,T00051,ELG,0.86840274,1.469124,1.0000
TG00012866,T00051,ELG,1.37520961,1.249980,1.0000
TG00012867,T00051,ELG,0.63572223,1.205373,1.0000
TG00012868,T00051,ELG,1.17860889,1.126837,1.0000
TG00012869,T00051,ELG,0.97624685,0.720609,1.0000
TG00012870,T00051,ELG,0.98220875,1.248245,1.0000
TG00012871,T00051,ELG,0.90304865,1.150429,1.0000
TG00012872,T00051,ELG,0.49934200,1.464816,1.0000
TG00012873,T00051,ELG,0.76902600,1.080463,1.0000
TG00012874,T00051,ELG,0.40281606,1.256998,1.0000
TG00012875,T00051,ELG,0.43015783,1.355436,1.0000
TG00012876,T00051,ELG,0.35908183,0.801004,1.0000
TG00012877,T00051,ELG,0.62205364,0.668059,1.0000
TG00012878,T00051,ELG,0.46631108,1.470531,1.0000
TG00012879,T00051,ELG,1.29472264,1.184322,1.0000
TG00012880,T00051,ELG,0.49150682,1.488898,1.0000
TG00012881,T00051,ELG,0.81622207,0.505510,1.0000
TG00012882,T00051,ELG,0.46030784,1.588176,1.0000
TG00012883,T00051,ELG,0.47124289,1.088586,1.0000
TG00012884,T00051,ELG,0.95963988,1.347946,1.0000
TG00012885,T00051,ELG,1.37068494,1.737589,1.0000
TG00012886,T00051,ELG,0.39634225,1.414521,1.0000
TG00012887,T00051,ELG,0.59042992,0.819977,1.0000
TG00012888,T00051,ELG,0.49545211,1.681628,1.0000
TG00012889,T00051,ELG,0.47423358,0.917472,1.0000
TG00012890,T00051,ELG,0.60435512,1.050140,1.0000
TG00012891,T00051,ELG,0.44606463,1.094783,1.0000
TG00012892,T00051,ELG,0.37972963,1.021371,1.0000
TG00012893,T00051,ELG,0.34018423,0.915805,1.0000
TG00012894,T00051,ELG,0.62669766,0.735900,1.0000
TG00012895,T00051,ELG,0.84115717,0.993507,1.0000
TG00012896,T00051,ELG,0.85518195,1.013897,1.0000
TG00012897,T00051,ELG,1.15391312,0.660738,1.0000
TG00012898,T00051,ELG,0.42272568,1.692064,1.0000
TG00012899,T00051,ELG,0.43247276,0.978425,1.0000
TG00012900,T00051,ELG,0.22501356,1.436391,1.0000
TG00012901,T00051,ELG,1.00545553,0.677450,1.0000
TG00012902,T00051,ELG,0.86077501,1.193300,1.0000
TG00012903,T00051,ELG,0.56516939,1.069652,1.0000
TG00012904,T00051,ELG,0.77646033,0.896934,1.0000
TG00012905,T00051,ELG,0.58198654,1.073397,1.0000
TG00012906,T00051,ELG,0.73286835,0.363158,1.0000
TG00012907,T00051,ELG,0.78950767,1.275578,1.0000
TG00012908,T00051,ELG,0.58434009,0.933074,1.0000
TG00012909,T00051,ELG,0.53123438,0.644261,1.0000
TG00012910,T00051,ELG,0.53766672,1.545725,1.0000
TG00012911,T00051,ELG,0.69304939,0.807933,1.0000
TG00012912,T00051,ELG,0.44157657,1.049246,1.0000
TG00012913,T00051,ELG,0.33204809,1.367402,1.0000
TG00012914,T00051,ELG,0.64626139,0.963886,1.0000
TG00012915,T00051,ELG,0.66112839,0.956686,1.0000
TG00012916,T00051,ELG,0.64606934,1.332087,1.0000
TG00012917,T00051,ELG,0.56426105,0.977764,1.0000
TG00012918,T00051,ELG,0.50821909,1.018448,1.0000
TG00012919,T00051,ELG,0.72751630,0.825722,1.0000
TG00012920,T00051,ELG,0.46591369,0.851683,1.0000
TG00012921,T00051,ELG,0.75102961,1.376880,1.0000
TG00012922,T00051,ELG,0.59976503,1.492704,1.0000
TG00012923,T00051,ELG,0.56198835,0.941866,1.0000
TG00012924,T00051,ELG,0.28429339,1.256463,1.0000
TG00012925,T00051,ELG,0.39902496,0.900509,1.0000
TG00012926,T00051,ELG,0.54514691,1.296120,1.0000
TG00012927,T00051,ELG,0.57302186,1.437043,1.0000
TG00012928,T00051,ELG,0.47906913,1.559540,1.0000
TG00012929,T00051,ELG,0.72929482,1.254602,1.0000
TG00012930,T00051,ELG,0.69703990,1.183708,1.0000
TG00012931,T00051,ELG,0.46607087,0.819942,1.0000
TG00012932,T00051,ELG,0.33537133,1.212655,1.0000
TG00012933,T00051,ELG,0.87809252,1.179755,1.0000
TG00012934,T00051,ELG,0.43098428,1.539936,1.0000
TG00012935,T00051,ELG,0.55260541,0.821756,1.0000
TG00012936,T00051,ELG,0.61126306,1.149893,1.0000
TG00012937,T00051,ELG,0.86990410,1.071927,1.0000
TG00012938,T00051,ELG,0.77602336,1.302398,1.0000
TG00012939,T00051,ELG,0.42828352,1.111597,1.0000
TG00012940,T00051,QSO,0.18372986,2.768846,1.7000
TG00012941,T00051,QSO,0.22036110,2.052345,1.7000
TG00012942,T00051,QSO,0.24949471,1.213785,1.7000
TG00012943,T00051,QSO,0.11710671,1.711442,1.7000
TG00012944,T00051,QSO,0.13778320,2.022892,1.7000
TG00012945,T00051,QSO,0.15545245,2.583523,1.7000
TG00012946,T00051,QSO,0.11493041,2.410791,1.7000
TG00012947,T00051,QSO,0.18019545,2.052935,1.7000
TG00012948,T00051,QSO,0.19846378,1.809236,1.7000
TG00012949,T00051,QSO,0.19752270,3.450341,1.7000
TG00012950,T00051,QSO,0.16710050,2.962801,1.7000
TG00012951,T00051,QSO,0.25724934,1.932719,1.7000
TG00012952,T00051,QSO,0.11257295,1.689793,1.7000
TG00012953,T00051,QSO,0.17067923,0.541630,1.7000
TG00012954,T00051,BGS,1.48113146,0.287151,0.4500
TG00012955,T00051,BGS,1.05452628,0.236103,0.4500
TG00012956,T00051,BGS,1.67568487,0.332880,0.4500
TG00012957,T00051,BGS,1.31760533,0.244595,0.4500
TG00012958,T00051,BGS,0.85311738,0.145182,0.4500
TG00012959,T00051,BGS,1.40087743,0.334852,0.4500
TG00012960,T00051,BGS,1.24448536,0.165171,0.4500
TG00012961,T00051,BGS,0.77977856,0.237906,0.4500
TG00012962,T00051,BGS,1.31512671,0.205609,0.4500
TG00012963,T00051,BGS,1.27539817,0.087007,0.4500
TG00012964,T00051,BGS,1.49148523,0.402048,0.4500
TG00012965,T00051,BGS,1.41753210,0.099958,0.4500
TG00012966,T00051,BGS,1.42886457,0.054958,0.4500
TG00012967,T00051,BGS,0.77305634,0.452279,0.4500
TG00012968,T00051,BGS,1.19688161,0.356455,0.4500
TG00012969,T00051,BGS,1.21194379,0.136398,0.4500
TG00012970,T00051,BGS,1.77783326,0.256596,0.4500
TG00012971,T00051,BGS,1.07929937,0.233322,0.4500
TG00012972,T00051,BGS,0.97007573,0.249260,0.4500
TG00012973,T00051,BGS,1.61224785,0.349018,0.4500
TG00012974,T00051,BGS,1.23306896,0.148997,0.4500
TG00012975,T00051,BGS,2.12499061,0.354479,0.4500
TG00012976,T00051,BGS,0.60881159,0.288921,0.4500
TG00012977,T00051,BGS,1.28557074,0.180571,0.4500
TG00012978,T00051,BGS,0.91409201,0.004606,0.4500
TG00012979,T00051,BGS,0.99778953,0.159348,0.4500
TG00012980,T00051,BGS,1.40057285,0.355893,0.4500
TG00012981,T00051,BGS,1.29029269,0.217819,0.4500
TG00012982,T00051,BGS,1.15984758,0.294918,0.4500
TG00012983,T00051,BGS,1.64574274,0.131558,0.4500
TG00012984,T00051,BGS,1.26731046,0.274126,0.4500
TG00012985,T00051,BGS,1.60671114,0.220940,0.4500
TG00012986,T00051,BGS,1.50958038,0.071496,0.4500
TG00012987,T00051,BGS,0.71717907,0.227113,0.4500
TG00012988,T00051,BGS,0.78049045,0.196824,0.4500
TG00012989,T00051,BGS,1.80143765,0.181894,0.4500
TG00012990,T00051,BGS,1.02071889,0.248258,0.4500
TG00012991,T00051,BGS,1.31587359,0.127059,0.4500
TG00012992,T00051,BGS,0.79491964,0.253043,0.4500
TG00012993,T00051,BGS,1.25267211,0.207491,0.4500
TG00012994,T00051,BGS,0.91362369,0.190909,0.4500
TG00012995,T00051,BGS,1.55337438,0.293170,0.4500
TG00012996,T00051,BGS,2.02642522,0.040811,0.4500
TG00012997,T00051,BGS,0.93263135,0.344648,0.4500
TG00012998,T00051,BGS,1.84974267,0.311692,0.4500
TG00012999,T00051,BGS,1.51703369,0.118600,0.4500
TG00013000,T00051,BGS,0.83514654,0.253515,0.4500
TG00013001,T00051,BGS,1.58867279,0.158695,0.4500
TG00013002,T00051,BGS,1.17953901,0.241160,0.4500
TG00013003,T00051,BGS,1.28574059,0.179042,0.4500
TG00013004,T00051,BGS,1.66262567,0.486164,0.4500
TG00013005,T00051,BGS,1.52492142,0.313249,0.4500
TG00013006,T00051,BGS,1.71232679,0.219693,0.4500
TG00013007,T00051,BGS,1.34325495,0.072245,0.4500
TG00013008,T00051,BGS,0.81714909,0.156013,0.4500
TG00013009,T00051,BGS,1.23973386,0.311049,0.4500
TG00013010,T00051,BGS,1.14761597,0.217273,0.4500
TG00013011,T00051,BGS,0.70486621,0.215793,0.4500
TG00013012,T00051,BGS,1.69351003,0.255985,0.4500
TG00013013,T00051,BGS,1.41523817,0.287598,0.4500
TG00013014,T00051,BGS,0.97740069,0.234351,0.4500
TG00013015,T00051,BGS,1.25948886,0.149475,0.4500
TG00013016,T00051,BGS,2.01412912,0.045347,0.4500
TG00013017,T00051,BGS,1.47699973,0.307100,0.4500
TG00013018,T00051,BGS,1.06110274,0.170438,0.4500
TG00013019,T00051,BGS,1.40837826,0.346387,0.4500
TG00013020,T00051,BGS,1.07686427,0.219290,0.4500
TG00013021,T00051,BGS,0.68133645,0.291214,0.4500
TG00013022,T00051,BGS,2.17194967,0.158367,0.4500
TG00013023,T00051,BGS,1.41007506,0.172191,0.4500
TG00013024,T00051,BGS,1.49260475,0.349371,0.4500
TG00013025,T00051,BGS,1.66600061,0.227672,0.4500
TG00013026,T00051,BGS,1.39935790,0.250452,0.4500
TG00013027,T00051,BGS,0.85595811,0.114681,0.4500
TG00013028,T00051,BGS,1.34760031,0.430242,0.4500
TG00013029,T00051,BGS,1.22657790,0.224145,0.4500
TG00013030,T00051,BGS,1.89714510,0.322595,0.4500
TG00013031,T00051,BGS,0.95864281,0.203282,0.4500
TG00013032,T00051,BGS,0.90380250,0.147995,0.4500
TG00013033,T00051,BGS,1.52926996,0.376568,0.4500
TG00013034,T00051,BGS,1.21931357,0.144833,0.4500
TG00013035,T00051,BGS,0.94400707,0.224306,0.4500
TG00013036,T00051,BGS,1.46875095,0.027147,0.4500
TG00013037,T00051,BGS,1.06936401,0.261770,0.4500
TG00013038,T00051,BGS,1.15648205,0.206966,0.4500
TG00013039,T00051,BGS,1.36490994,0.302549,0.4500
TG00013040,T00051,BGS,1.05867828,0.161168,0.4500
TG00013041,T00051,BGS,1.12201151,0.196109,0.4500
TG00013042,T00051,BGS,1.70213472,0.136885,0.4500
TG00013043,T00051,BGS,0.99121017,0.128625,0.4500
TG00013044,T00051,BGS,1.15771473,0.135709,0.4500
TG00013045,T00051,BGS,1.00079852,0.349631,0.4500
TG00013046,T00052,LRG,0.30226195,0.710045,1.0000
TG00013047,T00052,LRG,0.73010255,0.666134,1.0000
TG00013048,T00052,LRG,0.48971242,0.705930,1.0000
TG00013049,T00052,LRG,0.37535527,0.533241,1.0000
TG00013050,T00052,LRG,0.29720721,0.679692,1.0000
TG00013051,T00052,LRG,0.34555360,0.615990,1.0000
TG00013052,T00052,LRG,0.34873686,0.715937,1.0000
TG00013053,T00052,LRG,0.17693072,0.449383,1.0000
TG00013054,T00052,LRG,0.33411650,0.561880,1.0000
TG00013055,T00052,LRG,0.38158426,0.537713,1.0000
TG00013056,T00052,LRG,0.48293375,0.856806,1.0000
TG00013057,T00052,LRG,0.38234351,0.225157,1.0000
TG00013058,T00052,LRG,0.29588240,0.395324,1.0000
TG00013059,T00052,LRG,0.27453980,0.630059,1.0000
TG00013060,T00052,LRG,0.29142009,0.680002,1.0000
TG00013061,T00052,LRG,0.37895038,0.343949,1.0000
TG00013062,T00052,LRG,0.49370956,0.546738,1.0000
TG00013063,T00052,LRG,0.36789226,0.760614,1.0000
TG00013064,T00052,LRG,0.48829698,0.754748,1.0000
TG00013065,T00052,LRG,0.35882627,0.806088,1.0000
TG00013066,T00052,LRG,0.22835647,0.710963,1.0000
TG00013067,T00052,LRG,0.29341019,0.480492,1.0000
TG00013068,T00052,LRG,0.28867152,0.366092,1.0000
TG00013069,T00052,LRG,0.40795006,0.473752,1.0000
TG00013070,T00052,LRG,0.55969484,0.767503,1.0000
TG00013071,T00052,LRG,0.28286173,0.967784,1.0000
TG00013072,T00052,LRG,0.24726844,0.722919,1.0000
TG00013073,T00052,LRG,0.32644342,0.500209,1.0000
TG00013074,T00052,LRG,0.44028532,0.543696,1.0000
TG00013075,T00052,LRG,0.31725011,0.413139,1.0000
TG00013076,T00052,LRG,0.28390035,0.810539,1.0000
TG00013077,T00052,LRG,0.27634336,0.498167,1.0000
TG00013078,T00052,LRG,0.25275375,1.131369,1.0000
TG00013079,T00052,LRG,0.29953166,0.645918,1.0000
TG00013080,T00052,LRG,0.33592641,0.750660,1.0000
TG00013081,T00052,LRG,0.31147241,0.668516,1.0000
TG00013082,T00052,LRG,0.24359259,0.807307,1.0000
TG00013083,T00052,LRG,0.74182418,0.593306,1.0000
TG00013084,T00052,LRG,0.54900211,0.682256,1.0000
TG00013085,T00052,LRG,0.41433746,0.978475,1.0000
TG00013086,T00052,LRG,0.40355262,0.471063,1.0000
TG00013087,T00052,LRG,0.62534676,0.481774,1.0000
TG00013088,T00052,LRG,0.76296346,0.844593,1.0000
TG00013089,T00052,LRG,0.30254778,0.688941,1.0000
TG00013090,T00052,LRG,0.36735105,0.627481,1.0000
TG00013091,T00052,LRG,0.39525136,0.494639,1.0000
TG00013092,T00052,LRG,0.22035210,0.616227,1.0000
TG00013093,T00052,LRG,0.35552460,0.577649,1.0000
TG00013094,T00052,LRG,0.41255396,0.987305,1.0000
TG00013095,T00052,LRG,0.48512729,0.679710,1.0000
TG00013096,T00052,LRG,0.41062170,0.582966,1.0000
TG00013097,T00052,LRG,0.19371712,0.708820,1.0000
TG00013098,T00052,LRG,0.30764257,0.606192,1.0000
TG00013099,T00052,LRG,0.22483686,0.437718,1.0000
TG00013100,T00052,LRG,0.23161824,0.577176,1.0000
TG00013101,T00052,LRG,0.18950830,0.608646,1.0000
TG00013102,T00052,LRG,0.62461367,0.600692,1.0000
TG00013103,T00052,LRG,0.32177843,0.685535,1.0000
TG00013104,T00052,LRG,0.42611122,0.712041,1.0000
TG00013105,T00052,LRG,0.39060066,0.844853,1.0000
TG00013106,T00052,LRG,0.27362016,1.016862,1.0000
TG00013107,T00052,LRG,0.49509682,0.656255,1.0000
TG00013108,T00052,LRG,0.20931972,0.540799,1.0000
TG00013109,T00052,LRG,0.18437534,0.826427,1.0000
TG00013110,T00052,LRG,0.49711260,0.634848,1.0000
TG00013111,T00052,LRG,0.23003282,0.564249,1.0000
TG00013112,T00052,LRG,0.30502050,0.836289,1.0000
TG00013113,T00052,ELG,0.52195011,1.139581,1.0000
TG00013114,T00052,ELG,0.62080269,1.557596,1.0000
TG00013115,T00052,ELG,0.53509251,1.222393,1.0000
TG00013116,T00052,ELG,0.41177620,0.446028,1.0000
TG00013117,T00052,ELG,0.71063350,0.453899,1.0000
TG00013118,T00052,ELG,0.56273112,1.357156,1.0000
TG00013119,T00052,ELG,0.25417315,1.351362,1.0000
TG00013120,T00052,ELG,0.50903752,1.452338,1.0000
TG00013121,T00052,ELG,0.88816683,0.997616,1.0000
TG00013122,T00052,ELG,0.72925955,1.253012,1.0000
TG00013123,T00052,ELG,0.51862195,1.176663,1.0000
TG00013124,T00052,ELG,0.48447415,1.174078,1.0000
TG00013125,T00052,ELG,0.38848022,0.961161,1.0000
TG00013126,T00052,ELG,0.50579922,1.071256,1.0000
TG00013127,T00052,ELG,0.52398325,1.373241,1.0000
TG00013128,T00052,ELG,0.38238197,0.859416,1.0000
TG00013129,T00052,ELG,0.60744558,1.311965,1.0000
TG00013130,T00052,ELG,0.49105557,1.257602,1.0000
TG00013131,T00052,ELG,0.49266951,1.272767,1.0000
TG00013132,T00052,ELG,0.51102876,0.951396,1.0000
TG00013133,T00052,ELG,0.57423869,1.188968,1.0000
TG00013134,T00052,ELG,0.64597529,1.311629,1.0000
TG00013135,T00052,ELG,0.76942696,1.175232,1.0000
TG00013136,T00052,ELG,0.33389425,1.135798,1.0000
TG00013137,T00052,ELG,0.36309693,1.444060,1.0000
TG00013138,T00052,ELG,0.57096252,1.114809,1.0000
TG00013139,T00052,ELG,0.60272655,1.288876,1.0000
TG00013140,T00052,ELG,0.58704449,0.423853,1.0000
TG00013141,T00052,ELG,0.84631590,1.583830,1.0000
TG00013142,T00052,ELG,0.50108791,1.057209,1.0000
TG00013143,T00052,ELG,0.52306433,0.984452,1.0000
TG00013144,T00052,ELG,0.57806697,1.166907,1.0000
TG00013145,T00052,ELG,0.70153901,0.826000,1.0000
TG00013146,T00052,ELG,0.41308149,1.195694,1.0000
TG00013147,T00052,ELG,0.55347091,0.897568,1.0000
TG00013148,T00052,ELG,0.64422174,1.032457,1.0000
TG00013149,T00052,ELG,0.55642518,0.754554,1.0000
TG00013150,T00052,ELG,0.62410151,1.217598,1.0000
TG00013151,T00052,ELG,0.48354537,1.263022,1.0000
TG00013152,T00052,ELG,0.57031081,1.453539,1.0000
TG00013153,T00052,ELG,0.64687819,0.697359,1.0000
TG00013154,T00052,ELG,0.45245753,1.202885,1.0000
TG00013155,T00052,ELG,0.53012962,1.168170,1.0000
TG00013156,T00052,ELG,0.64097822,1.237544,1.0000
TG00013157,T00052,ELG,0.55229396,1.233735,1.0000
TG00013158,T00052,ELG,0.46003297,0.515350,1.0000
TG00013159,T00052,ELG,0.71709425,0.526562,1.0000
TG00013160,T00052,ELG,0.61802932,0.934384,1.0000
TG00013161,T00052,ELG,0.46445306,1.193447,1.0000
TG00013162,T00052,ELG,0.64631949,1.198055,1.0000
TG00013163,T00052,ELG,0.84933191,1.639148,1.0000
TG00013164,T00052,ELG,0.33398691,1.326275,1.0000
TG00013165,T00052,ELG,0.72354479,1.582216,1.0000
TG00013166,T00052,ELG,0.70362428,0.965000,1.0000
TG00013167,T00052,ELG,0.86196338,1.044160,1.0000
TG00013168,T00052,ELG,0.60878134,0.927342,1.0000
TG00013169,T00052,ELG,0.58081477,0.895723,1.0000
TG00013170,T00052,ELG,0.34395438,1.327777,1.0000
TG00013171,T00052,ELG,0.47784052,0.573851,1.0000
TG00013172,T00052,ELG,0.69160290,1.656437,1.0000
TG00013173,T00052,ELG,1.40299187,1.106251,1.0000
TG00013174,T00052,ELG,0.48391201,1.236738,1.0000
TG00013175,T00052,ELG,0.69691695,1.391717,1.0000
TG00013176,T00052,ELG,0.80586728,1.315437,1.0000
TG00013177,T00052,ELG,1.87476369,1.155632,1.0000
TG00013178,T00052,ELG,0.45259799,0.519918,1.0000
TG00013179,T00052,ELG,0.39285338,1.438152,1.0000
TG00013180,T00052,ELG,0.98262393,1.180159,1.0000
TG00013181,T00052,ELG,0.57290786,0.957137,1.0000
TG00013182,T00052,ELG,0.53379736,1.209103,1.0000
TG00013183,T00052,ELG,0.88904793,1.339241,1.0000
TG00013184,T00052,ELG,0.46672457,0.878063,1.0000
TG00013185,T00052,QSO,0.23789020,0.225798,1.7000
TG00013186,T00052,QSO,0.24036565,1.988849,1.7000
TG00013187,T00052,QSO,0.31741222,2.258580,1.7000
TG00013188,T00052,QSO,0.14728914,2.893579,1.7000
TG00013189,T00052,QSO,0.16141476,1.215020,1.7000
TG00013190,T00052,QSO,0.47508475,2.822738,1.7000
TG00013191,T00052,QSO,0.17149496,3.081274,1.7000
TG00013192,T00052,QSO,0.20732025,2.142835,1.7000
TG00013193,T00052,QSO,0.15607098,2.702639,1.7000
TG00013194,T00052,QSO,0.15823062,1.588584,1.7000
TG00013195,T00052,QSO,0.14658400,2.110361,1.7000
TG00013196,T00052,BGS,1.02545319,0.215214,0.4500
TG00013197,T00052,BGS,1.40656378,0.304932,0.4500
TG00013198,T00052,BGS,1.74426995,0.279592,0.4500
TG00013199,T00052,BGS,1.01415796,0.245632,0.4500
TG00013200,T00052,BGS,1.80587036,0.237706,0.4500
TG00013201,T00052,BGS,1.97789398,0.165471,0.4500
TG00013202,T00052,BGS,1.27347127,0.074823,0.4500
TG00013203,T00052,BGS,1.35101777,0.295859,0.4500
TG00013204,T00052,BGS,1.04883343,0.216936,0.4500
TG00013205,T00052,BGS,0.80852446,0.248472,0.4500
TG00013206,T00052,BGS,0.86616151,0.176267,0.4500
TG00013207,T00052,BGS,1.42162114,0.111164,0.4500
TG00013208,T00052,BGS,1.44043103,0.065431,0.4500
TG00013209,T00052,BGS,1.39172335,0.300411,0.4500
TG00013210,T00052,BGS,1.38264071,0.322305,0.4500
TG00013211,T00052,BGS,1.34084398,0.286207,0.4500
TG00013212,T00052,BGS,1.47281426,0.132003,0.4500
TG00013213,T00052,BGS,1.41054647,0.354624,0.4500
TG00013214,T00052,BGS,1.32433964,0.083774,0.4500
TG00013215,T00052,BGS,0.91841859,0.218190,0.4500
TG00013216,T00052,BGS,1.27310641,0.120296,0.4500
TG00013217,T00052,BGS,1.04775892,0.011571,0.4500
TG00013218,T00052,BGS,1.30036761,0.279981,0.4500
TG00013219,T00052,BGS,0.66930424,0.220692,0.4500
TG00013220,T00052,BGS,1.24853592,0.250723,0.4500
TG00013221,T00052,BGS,1.01454048,0.140548,0.4500
TG00013222,T00052,BGS,1.26277615,0.289993,0.4500
TG00013223,T00052,BGS,1.30085495,0.182558,0.4500
TG00013224,T00052,BGS,1.23492696,0.135677,0.4500
TG00013225,T00052,BGS,0.88708364,0.260381,0.4500
TG00013226,T00052,BGS,1.06154988,0.137767,0.4500
TG00013227,T00052,BGS,1.45403756,0.292418,0.4500
TG00013228,T00052,BGS,1.02006814,0.080654,0.4500
TG00013229,T00052,BGS,2.03883557,0.267483,0.4500
TG00013230,T00052,BGS,2.48018307,0.286873,0.4500
TG00013231,T00052,BGS,1.23667930,0.263019,0.4500
TG00013232,T00052,BGS,1.32635926,0.324618,0.4500
TG00013233,T00052,BGS,1.58205757,0.045723,0.4500
TG00013234,T00052,BGS,0.73987330,0.152122,0.4500
TG00013235,T00052,BGS,3.12979609,0.350776,0.4500
TG00013236,T00052,BGS,1.05327526,0.203148,0.4500
TG00013237,T00052,BGS,1.00355626,0.173037,0.4500
TG00013238,T00052,BGS,0.81824972,0.302130,0.4500
TG00013239,T00052,BGS,1.71086821,0.105002,0.4500
TG00013240,T00052,BGS,0.85466029,0.156485,0.4500
TG00013241,T00052,BGS,0.89421596,0.356774,0.4500
TG00013242,T00052,BGS,1.36534422,0.169036,0.4500
TG00013243,T00052,BGS,2.20912560,0.296106,0.4500
TG00013244,T00052,BGS,0.99237955,0.202773,0.4500
TG00013245,T00052,BGS,0.90913692,0.356093,0.4500
TG00013246,T00052,BGS,1.51193977,0.178008,0.4500
TG00013247,T00052,BGS,1.47892572,0.269113,0.4500
TG00013248,T00052,BGS,1.00311964,0.222101,0.4500
TG00013249,T00052,BGS,0.57997811,0.234244,0.4500
TG00013250,T00052,BGS,0.67006305,0.279636,0.4500
TG00013251,T00052,BGS,0.75250551,0.278821,0.4500
TG00013252,T00052,BGS,0.94654425,0.163726,0.4500
TG00013253,T00052,BGS,1.26433118,0.101852,0.4500
TG00013254,T00052,BGS,1.33799783,0.127867,0.4500
TG00013255,T00052,BGS,0.90763061,0.280540,0.4500
TG00013256,T00052,BGS,1.69483564,0.192609,0.4500
TG00013257,T00052,BGS,0.92366082,0.039865,0.4500
TG00013258,T00052,BGS,1.61734794,0.158549,0.4500
TG00013259,T00052,BGS,1.17500922,0.165926,0.4500
TG00013260,T00052,BGS,1.18601241,0.295129,0.4500
TG00013261,T00052,BGS,1.28411036,0.336929,0.4500
TG00013262,T00052,BGS,1.11553626,0.378926,0.4500
TG00013263,T00052,BGS,0.70270464,0.111032,0.4500
TG00013264,T00052,BGS,1.51769214,0.336698,0.4500
TG00013265,T00052,BGS,1.58253797,0.191335,0.4500
TG00013266,T00053,LRG,0.46196734,0.892632,1.0000
TG00013267,T00053,LRG,0.34821304,0.700608,1.0000
TG00013268,T00053,LRG,0.41655031,0.493209,1.0000
TG00013269,T00053,LRG,0.30512537,1.135627,1.0000
TG00013270,T00053,LRG,0.29854909,0.595999,1.0000
TG00013271,T00053,LRG,0.51933394,0.506545,1.0000
TG00013272,T00053,LRG,0.27027967,0.945166,1.0000
TG00013273,T00053,LRG,0.44119651,0.604822,1.0000
TG00013274,T00053,LRG,0.20146786,0.453356,1.0000
TG00013275,T00053,LRG,0.21446031,0.607382,1.0000
TG00013276,T00053,LRG,0.31488554,0.743286,1.0000
TG00013277,T00053,LRG,0.54541011,0.585441,1.0000
TG00013278,T00053,LRG,0.25625809,0.928441,1.0000
TG00013279,T00053,LRG,0.33533397,0.870079,1.0000
TG00013280,T00053,LRG,0.21858531,0.879382,1.0000
TG00013281,T00053,LRG,0.36614652,0.762350,1.0000
TG00013282,T00053,LRG,0.47140883,0.823388,1.0000
TG00013283,T00053,LRG,0.51545911,0.794460,1.0000
TG00013284,T00053,LRG,0.21543182,0.798772,1.0000
TG00013285,T00053,LRG,0.41943195,0.512703,1.0000
TG00013286,T00053,LRG,0.42272160,0.185433,1.0000
TG00013287,T00053,LRG,0.39152920,0.512436,1.0000
TG00013288,T00053,LRG,0.40795789,0.715333,1.0000
TG00013289,T00053,LRG,0.27914817,0.766407,1.0000
TG00013290,T00053,LRG,0.52920280,0.556839,1.0000
TG00013291,T00053,LRG,0.46308844,0.746313,1.0000
TG00013292,T00053,LRG,0.21278798,0.753749,1.0000
TG00013293,T00053,LRG,0.12863011,0.943249,1.0000
TG00013294,T00053,LRG,0.44947139,0.942001,1.0000
TG00013295,T00053,LRG,0.38151016,0.674342,1.0000
TG00013296,T00053,LRG,0.25842361,0.527316,1.0000
TG00013297,T00053,LRG,0.54490238,0.805363,1.0000
TG00013298,T00053,LRG,0.17996415,0.724699,1.0000
TG00013299,T00053,LRG,0.29960623,0.410688,1.0000
TG00013300,T00053,LRG,0.33378282,0.801894,1.0000
TG00013301,T00053,LRG,0.26885329,0.473599,1.0000
TG00013302,T00053,LRG,0.47370710,0.858728,1.0000
TG00013303,T00053,LRG,0.52105497,0.708394,1.0000
TG00013304,T00053,LRG,0.46151101,0.432383,1.0000
TG00013305,T00053,LRG,0.44998193,0.745692,1.0000
TG00013306,T00053,LRG,0.31699416,0.440083,1.0000
TG00013307,T00053,LRG,0.46569016,0.657313,1.0000
TG00013308,T00053,LRG,0.17544918,0.675869,1.0000
TG00013309,T00053,LRG,0.30175365,0.869683,1.0000
TG00013310,T00053,LRG,0.44075861,0.472885,1.0000
TG00013311,T00053,LRG,0.33735861,0.653016,1.0000
TG00013312,T00053,LRG,0.33068282,0.730065,1.0000
TG00013313,T00053,LRG,0.28694200,0.928792,1.0000
TG00013314,T00053,LRG,0.69961331,0.364983,1.0000
TG00013315,T00053,LRG,0.35164492,0.698197,1.0000
TG00013316,T00053,LRG,0.30059324,0.639433,1.0000
TG00013317,T00053,LRG,0.27617635,0.701236,1.0000
TG00013318,T00053,LRG,0.18639419,0.827673,1.0000
TG00013319,T00053,LRG,0.46116878,0.603342,1.0000
TG00013320,T00053,LRG,0.31084971,0.611863,1.0000
TG00013321,T00053,LRG,0.70561550,0.324933,1.0000
TG00013322,T00053,LRG,0.25633085,0.608549,1.0000
TG00013323,T00053,LRG,0.75264649,0.851517,1.0000
TG00013324,T00053,LRG,0.18683934,0.938751,1.0000
TG00013325,T00053,LRG,0.32813059,0.910135,1.0000
TG00013326,T00053,LRG,0.37182150,0.672796,1.0000
TG00013327,T00053,LRG,0.46312596,0.864297,1.0000
TG00013328,T00053,LRG,0.18831160,0.800082,1.0000
TG00013329,T00053,LRG,0.39957543,0.866458,1.0000
TG00013330,T00053,LRG,0.28315373,0.591008,1.0000
TG00013331,T00053,LRG,0.61595998,0.781303,1.0000
TG00013332,T00053,LRG,0.38963222,0.962640,1.0000
TG00013333,T00053,LRG,0.35150297,0.581977,1.0000
TG00013334,T00053,LRG,0.48911357,0.757194,1.0000
TG00013335,T00053,LRG,0.20559740,0.592841,1.0000
TG00013336,T00053,LRG,0.25509959,0.812818,1.0000
TG00013337,T00053,LRG,0.17783468,0.336763,1.0000
TG00013338,T00053,LRG,0.24842693,0.718221,1.0000
TG00013339,T00053,LRG,0.34232093,0.596017,1.0000
TG00013340,T00053,LRG,0.36332498,0.962358,1.0000
TG00013341,T00053,LRG,0.27844908,0.748730,1.0000
TG00013342,T00053,LRG,0.59882563,0.813033,1.0000
TG00013343,T00053,LRG,0.17080005,0.816959,1.0000
TG00013344,T00053,LRG,0.39882078,0.797524,1.0000
TG00013345,T00053,ELG,0.49319878,1.507043,1.0000
TG00013346,T00053,ELG,1.17499906,1.084623,1.0000
TG00013347,T00053,ELG,0.63130243,1.091934,1.0000
TG00013348,T00053,ELG,0.76888468,1.477440,1.0000
TG00013349,T00053,ELG,0.47844671,1.143349,1.0000
TG00013350,T00053,ELG,0.65174396,0.985179,1.0000
TG00013351,T00053,ELG,0.53157787,1.241013,1.0000
TG00013352,T00053,ELG,0.52246495,0.903937,1.0000
TG00013353,T00053,ELG,0.59151023,1.031303,1.0000
TG00013354,T00053,ELG,1.48579799,1.215939,1.0000
TG00013355,T00053,ELG,0.46189584,1.204163,1.0000
TG00013356,T00053,ELG,0.36007446,0.997893,1.0000
TG00013357,T00053,ELG,0.66159707,1.089070,1.0000
TG00013358,T00053,ELG,0.23861480,0.975825,1.0000
TG00013359,T00053,ELG,0.51144234,1.142751,1.0000
TG00013360,T00053,ELG,0.74616545,1.831222,1.0000
TG00013361,T00053,ELG,0.75658234,0.923625,1.0000
TG00013362,T00053,ELG,0.30629056,1.390876,1.0000
TG00013363,T00053,ELG,0.95949032,1.098854,1.0000
TG00013364,T00053,ELG,0.70650099,1.151681,1.0000
TG00013365,T00053,ELG,0.27457452,1.363999,1.0000
TG00013366,T00053,ELG,0.43768525,1.223774,1.0000
TG00013367,T00053,ELG,1.20633194,1.594269,1.0000
TG00013368,T00053,ELG,0.78918886,0.968863,1.0000
TG00013369,T00053,ELG,0.42742502,1.054197,1.0000
TG00013370,T00053,ELG,0.67777368,0.846663,1.0000
TG00013371,T00053,ELG,0.29056762,1.203857,1.0000
TG00013372,T00053,ELG,0.43495708,0.903769,1.0000
TG00013373,T00053,ELG,0.49019105,1.220571,1.0000
TG00013374,T00053,ELG,0.69100808,1.161780,1.0000
TG00013375,T00053,ELG,0.97302552,0.974848,1.0000
TG00013376,T00053,ELG,0.42748841,0.755586,1.0000
TG00013377,T00053,ELG,0.29594228,1.161957,1.0000
TG00013378,T00053,ELG,0.29994665,1.182076,1.0000
TG00013379,T00053,ELG,0.50962123,0.989962,1.0000
TG00013380,T00053,ELG,0.69778880,1.261881,1.0000
TG00013381,T00053,ELG,0.59137821,1.212618,1.0000
TG00013382,T00053,ELG,0.51415467,1.029617,1.0000
TG00013383,T00053,ELG,0.37748542,0.911742,1.0000
TG00013384,T00053,ELG,0.57621011,1.110973,1.0000
TG00013385,T00053,ELG,0.79613089,0.818122,1.0000
TG00013386,T00053,ELG,0.58681283,1.249790,1.0000
TG00013387,T00053,ELG,0.45491051,1.396999,1.0000
TG00013388,T00053,ELG,1.69665231,1.161338,1.0000
TG00013389,T00053,ELG,0.39033220,1.129322,1.0000
TG00013390,T00053,ELG,0.77929057,1.194043,1.0000
TG00013391,T00053,ELG,0.63123680,1.416092,1.0000
TG00013392,T00053,ELG,0.48467275,1.798313,1.0000
TG00013393,T00053,ELG,0.21981113,1.018436,1.0000
TG00013394,T00053,ELG,0.38917685,1.201314,1.0000
TG00013395,T00053,ELG,0.42526380,0.808856,1.0000
TG00013396,T00053,ELG,0.71199543,0.902298,1.0000
TG00013397,T00053,ELG,0.48656350,1.015312,1.0000
TG00013398,T00053,ELG,0.72078361,0.990429,1.0000
TG00013399,T00053,ELG,0.42710924,1.362182,1.0000
TG00013400,T00053,ELG,0.39884633,1.364259,1.0000
TG00013401,T00053,ELG,0.48322242,1.421738,1.0000
TG00013402,T00053,ELG,0.61047099,0.485397,1.0000
TG00013403,T00053,ELG,0.43229994,1.060055,1.0000
TG00013404,T00053,ELG,0.64591148,1.461133,1.0000
TG00013405,T00053,ELG,0.37669910,1.341874,1.0000
TG00013406,T00053,ELG,0.73562332,0.558656,1.0000
TG00013407,T00053,ELG,0.25104927,0.742292,1.0000
TG00013408,T00053,ELG,0.52729974,0.909521,1.0000
TG00013409,T00053,ELG,0.82705329,0.948152,1.0000
TG00013410,T00053,ELG,0.49539576,1.852994,1.0000
TG00013411,T00053,ELG,0.71368634,1.351054,1.0000
TG00013412,T00053,ELG,0.76876828,0.775598,1.0000
TG00013413,T00053,ELG,0.53643132,0.862968,1.0000
TG00013414,T00053,ELG,0.79262714,1.502510,1.0000
TG00013415,T00053,ELG,1.08801430,1.128703,1.0000
TG00013416,T00053,ELG,0.23887060,1.278866,1.0000
TG00013417,T00053,ELG,0.40024511,1.493102,1.0000
TG00013418,T00053,ELG,0.40309882,1.074705,1.0000
TG00013419,T00053,ELG,0.41480277,0.967058,1.0000
TG00013420,T00053,ELG,0.26284894,0.687955,1.0000
TG00013421,T00053,ELG,0.51664810,0.633027,1.0000
TG00013422,T00053,ELG,1.01882454,1.391863,1.0000
TG00013423,T00053,ELG,0.76998288,1.558905,1.0000
TG00013424,T00053,ELG,0.57699672,0.620160,1.0000
TG00013425,T00053,ELG,0.97194527,1.377709,1.0000
TG00013426,T00053,ELG,0.62314233,1.185530,1.0000
TG00013427,T00053,ELG,0.51714148,0.557952,1.0000
TG00013428,T00053,ELG,0.71722889,1.109584,1.0000
TG00013429,T00053,ELG,0.84241249,1.278671,1.0000
TG00013430,T00053,ELG,1.01956325,1.173579,1.0000
TG00013431,T00053,ELG,0.48923239,1.102292,1.0000
TG00013432,T00053,ELG,1.09306675,0.919991,1.0000
TG00013433,T00053,ELG,0.89084288,1.067445,1.0000
TG00013434,T00053,ELG,0.49161335,1.848448,1.0000
TG00013435,T00053,ELG,0.61315151,1.307540,1.0000
TG00013436,T00053,ELG,0.44049718,0.785528,1.0000
TG00013437,T00053,ELG,0.42881145,1.574444,1.0000
TG00013438,T00053,ELG,0.34141142,0.934178,1.0000
TG00013439,T00053,ELG,0.36154228,0.857415,1.0000
TG00013440,T00053,ELG,0.54285348,0.945630,1.0000
TG00013441,T00053,ELG,0.57269854,1.554654,1.0000
TG00013442,T00053,ELG,0.38399215,1.416641,1.0000
TG00013443,T00053,ELG,0.81180150,1.283706,1.0000
TG00013444,T00053,ELG,0.19685589,0.870003,1.0000
TG00013445,T00053,ELG,0.64118200,0.988628,1.0000
TG00013446,T00053,ELG,0.42171563,1.299775,1.0000
TG00013447,T00053,ELG,0.70328985,1.048741,1.0000
TG00013448,T00053,ELG,0.29346327,1.109004,1.0000
TG00013449,T00053,ELG,0.61379341,0.444999,1.0000
TG00013450,T00053,ELG,0.67033119,1.393770,1.0000
TG00013451,T00053,ELG,0.58975249,1.362715,1.0000
TG00013452,T00053,ELG,0.59374860,1.119502,1.0000
TG00013453,T00053,ELG,0.48498832,1.208777,1.0000
TG00013454,T00053,ELG,0.57082499,0.953157,1.0000
TG00013455,T00053,ELG,0.41223135,1.236196,1.0000
TG00013456,T00053,ELG,0.24799787,1.059221,1.0000
TG00013457,T00053,ELG,0.45203263,1.169934,1.0000
TG00013458,T00053,ELG,0.41005458,0.844245,1.0000
TG00013459,T00053,ELG,1.27860239,1.367891,1.0000
TG00013460,T00053,ELG,0.30371501,0.916664,1.0000
TG00013461,T00053,QSO,0.13893429,1.836950,1.7000
TG00013462,T00053,QSO,0.42277712,1.715680,1.7000
TG00013463,T00053,QSO,0.31387184,1.997476,1.7000
TG00013464,T00053,QSO,0.15090671,2.486054,1.7000
TG00013465,T00053,QSO,0.35978567,2.078434,1.7000
TG00013466,T00053,QSO,0.27331476,1.780782,1.7000
TG00013467,T00053,QSO,0.09133667,1.818365,1.7000
TG00013468,T00053,QSO,0.74727476,2.077248,1.7000
TG00013469,T00053,QSO,0.21812182,2.150093,1.7000
TG00013470,T00053,QSO,0.23027093,1.926161,1.7000
TG00013471,T00053,QSO,0.20095142,1.877065,1.7000
TG00013472,T00053,QSO,0.16061269,1.053697,1.7000
TG00013473,T00053,QSO,0.22669275,2.551818,1.7000
TG00013474,T00053,QSO,0.15749696,1.139596,1.7000
TG00013475,T00053,QSO,0.20003562,1.893326,1.7000
TG00013476,T00053,QSO,0.28786621,0.984405,1.7000
TG00013477,T00053,QSO,0.22592559,3.331955,1.7000
TG00013478,T00053,QSO,0.13650977,1.292024,1.7000
TG00013479,T00053,QSO,0.19266927,1.778474,1.7000
TG00013480,T00053,QSO,0.28293104,2.871762,1.7000
TG00013481,T00053,QSO,0.10043221,2.597422,1.7000
TG00013482,T00053,QSO,0.27701810,1.240641,1.7000
TG00013483,T00053,QSO,0.08043463,2.490779,1.7000
TG00013484,T00053,QSO,0.38332256,1.814567,1.7000
TG00013485,T00053,QSO,0.36635907,2.838021,1.7000
TG00013486,T00053,BGS,1.40560716,0.240048,0.4500
TG00013487,T00053,BGS,0.92651850,0.252460,0.4500
TG00013488,T00053,BGS,0.71374461,0.066860,0.4500
TG00013489,T00053,BGS,1.95320613,0.296080,0.4500
TG00013490,T00053,BGS,1.49494130,0.323001,0.4500
TG00013491,T00053,BGS,1.35160941,0.183587,0.4500
TG00013492,T00053,BGS,1.22811826,0.227711,0.4500
TG00013493,T00053,BGS,1.03746222,0.065990,0.4500
TG00013494,T00053,BGS,0.74788336,0.431899,0.4500
TG00013495,T00053,BGS,1.06645130,0.276926,0.4500
TG00013496,T00053,BGS,1.34099809,0.175879,0.4500
TG00013497,T00053,BGS,0.94049104,0.227397,0.4500
TG00013498,T00053,BGS,1.56431968,0.212390,0.4500
TG00013499,T00053,BGS,0.60505337,0.089554,0.4500
TG00013500,T00053,BGS,0.71664699,0.069798,0.4500
TG00013501,T00053,BGS,1.39234831,0.195883,0.4500
TG00013502,T00053,BGS,2.29947292,0.181343,0.4500
TG00013503,T00053,BGS,1.22892931,0.364834,0.4500
TG00013504,T00053,BGS,2.69112042,0.264499,0.4500
TG00013505,T00053,BGS,1.14482231,0.075598,0.4500
TG00013506,T00053,BGS,1.46529774,0.330776,0.4500
TG00013507,T00053,BGS,1.13036590,0.277859,0.4500
TG00013508,T00053,BGS,1.07881207,0.201658,0.4500
TG00013509,T00053,BGS,1.79658780,0.294292,0.4500
TG00013510,T00053,BGS,2.20066159,0.309643,0.4500
TG00013511,T00053,BGS,1.10456855,0.183004,0.4500
TG00013512,T00053,BGS,1.08593934,0.528787,0.4500
TG00013513,T00053,BGS,1.36074921,0.293601,0.4500
TG00013514,T00053,BGS,1.30780970,0.161181,0.4500
TG00013515,T00053,BGS,1.44352037,0.186848,0.4500
TG00013516,T00053,BGS,1.65488582,0.159830,0.4500
TG00013517,T00053,BGS,1.28043540,0.309410,0.4500
TG00013518,T00053,BGS,1.01712025,0.348739,0.4500
TG00013519,T00053,BGS,0.93699509,0.380862,0.4500
TG00013520,T00053,BGS,0.72948866,0.216492,0.4500
TG00013521,T00053,BGS,1.43173470,0.117806,0.4500
TG00013522,T00053,BGS,1.30977504,0.165430,0.4500
TG00013523,T00053,BGS,1.43814268,0.253498,0.4500
TG00013524,T00053,BGS,0.80263948,0.203456,0.4500
TG00013525,T00053,BGS,0.80086627,0.302371,0.4500
TG00013526,T00053,BGS,0.82981126,0.177615,0.4500
TG00013527,T00053,BGS,1.42090894,0.224268,0.4500
TG00013528,T00053,BGS,0.82741264,0.234077,0.4500
TG00013529,T00053,BGS,1.52231649,0.289930,0.4500
TG00013530,T00053,BGS,0.70453881,0.170371,0.4500
TG00013531,T00053,BGS,1.09107232,0.274765,0.4500
TG00013532,T00053,BGS,1.05718110,0.176446,0.4500
TG00013533,T00053,BGS,1.86045518,0.242092,0.4500
TG00013534,T00053,BGS,0.85720564,0.328730,0.4500
TG00013535,T00053,BGS,1.14071949,0.312511,0.4500
TG00013536,T00053,BGS,1.09833546,0.235309,0.4500
TG00013537,T00053,BGS,1.08530321,0.283840,0.4500
TG00013538,T00053,BGS,0.82559806,0.185482,0.4500
TG00013539,T00053,BGS,1.76618224,0.294480,0.4500
TG00013540,T00053,BGS,1.12644822,0.325422,0.4500
TG00013541,T00053,BGS,1.32608040,0.364500,0.4500
TG00013542,T00053,BGS,1.17611104,0.106881,0.4500
TG00013543,T00053,BGS,1.40370796,0.222580,0.4500
TG00013544,T00053,BGS,1.35928874,0.323800,0.4500
TG00013545,T00053,BGS,1.34973658,0.333511,0.4500
TG00013546,T00053,BGS,1.04324240,0.248136,0.4500
TG00013547,T00053,BGS,1.12311395,0.162865,0.4500
TG00013548,T00053,BGS,0.88620615,0.210482,0.4500
TG00013549,T00053,BGS,1.17195380,0.191959,0.4500
TG00013550,T00053,BGS,0.75359528,0.218712,0.4500
TG00013551,T00053,BGS,0.80364805,0.248433,0.4500
TG00013552,T00053,BGS,1.02663222,0.218038,0.4500
TG00013553,T00053,BGS,1.24609573,0.174840,0.4500
TG00013554,T00053,BGS,1.60480380,0.135799,0.4500
TG00013555,T00053,BGS,2.14524887,0.356077,0.4500
TG00013556,T00053,BGS,1.67748659,0.296871,0.4500
TG00013557,T00053,BGS,1.74103229,0.196348,0.4500
TG00013558,T00053,BGS,1.17796139,0.205937,0.4500
TG00013559,T00053,BGS,1.63356516,0.248287,0.4500
TG00013560,T00053,BGS,0.87595318,0.309475,0.4500
TG00013561,T00054,LRG,0.46122542,0.755819,1.0000
TG00013562,T00054,LRG,0.38786625,0.591894,1.0000
TG00013563,T00054,LRG,0.27624183,0.974622,1.0000
TG00013564,T00054,LRG,0.51411908,0.818848,1.0000
TG00013565,T00054,LRG,0.33615661,0.704066,1.0000
TG00013566,T00054,LRG,0.65862361,0.713122,1.0000
TG00013567,T00054,LRG,0.35594007,0.841872,1.0000
TG00013568,T00054,LRG,0.42537977,0.842283,1.0000
TG00013569,T00054,LRG,0.39318198,0.947250,1.0000
TG00013570,T00054,LRG,0.58869968,0.584452,1.0000
TG00013571,T00054,LRG,0.30212644,0.782759,1.0000
TG00013572,T00054,LRG,0.21226716,0.523207,1.0000
TG00013573,T00054,LRG,0.65658099,0.263768,1.0000
TG00013574,T00054,LRG,0.47103387,0.650024,1.0000
TG00013575,T00054,LRG,0.39414274,0.125980,1.0000
TG00013576,T00054,LRG,0.33566227,0.584225,1.0000
TG00013577,T00054,LRG,0.19835537,0.619410,1.0000
TG00013578,T00054,LRG,0.27565547,0.346733,1.0000
TG00013579,T00054,LRG,0.37412171,0.587764,1.0000
TG00013580,T00054,LRG,0.29066673,0.567574,1.0000
TG00013581,T00054,LRG,0.37916108,0.494088,1.0000
TG00013582,T00054,LRG,0.56331049,0.118989,1.0000
TG00013583,T00054,LRG,0.28018285,0.452579,1.0000
TG00013584,T00054,LRG,0.35418671,0.553795,1.0000
TG00013585,T00054,LRG,0.32622531,0.680539,1.0000
TG00013586,T00054,LRG,0.29491748,0.699229,1.0000
TG00013587,T00054,LRG,0.28047431,0.669775,1.0000
TG00013588,T00054,LRG,0.22049689,0.688859,1.0000
TG00013589,T00054,LRG,0.36724491,0.577347,1.0000
TG00013590,T00054,LRG,0.21238152,0.310102,1.0000
TG00013591,T00054,LRG,0.45884442,0.555784,1.0000
TG00013592,T00054,LRG,0.32998152,0.616887,1.0000
TG00013593,T00054,LRG,0.79601797,0.934001,1.0000
TG00013594,T00054,LRG,0.74406916,0.587535,1.0000
TG00013595,T00054,LRG,0.47164282,0.434937,1.0000
TG00013596,T00054,LRG,0.34067602,0.944997,1.0000
TG00013597,T00054,LRG,0.43446064,0.684947,1.0000
TG00013598,T00054,LRG,0.31559129,0.486561,1.0000
TG00013599,T00054,LRG,0.38902625,0.671255,1.0000
TG00013600,T00054,LRG,0.25181820,0.565773,1.0000
TG00013601,T00054,LRG,0.57999084,0.817143,1.0000
TG00013602,T00054,LRG,0.48554223,0.981800,1.0000
TG00013603,T00054,LRG,0.67374949,0.606381,1.0000
TG00013604,T00054,LRG,0.33903037,0.925240,1.0000
TG00013605,T00054,LRG,0.49586831,0.752613,1.0000
TG00013606,T00054,LRG,0.21629247,0.475408,1.0000
TG00013607,T00054,LRG,0.32803118,0.504187,1.0000
TG00013608,T00054,LRG,0.25290778,0.798261,1.0000
TG00013609,T00054,LRG,0.23797505,0.709045,1.0000
TG00013610,T00054,LRG,0.21689317,0.648097,1.0000
TG00013611,T00054,LRG,0.51718832,0.756524,1.0000
TG00013612,T00054,LRG,0.48162644,0.913589,1.0000
TG00013613,T00054,LRG,0.28595016,0.863288,1.0000
TG00013614,T00054,LRG,0.23377715,0.279857,1.0000
TG00013615,T00054,LRG,0.35155051,0.837312,1.0000
TG00013616,T00054,LRG,0.25085699,0.362113,1.0000
TG00013617,T00054,LRG,0.29415108,0.602620,1.0000
TG00013618,T00054,LRG,0.42231473,0.595320,1.0000
TG00013619,T00054,LRG,0.31309102,0.931559,1.0000
TG00013620,T00054,LRG,0.47287424,0.965483,1.0000
TG00013621,T00054,LRG,0.35780086,0.717047,1.0000
TG00013622,T00054,LRG,0.34415893,0.860405,1.0000
TG00013623,T00054,LRG,0.44614752,0.363094,1.0000
TG00013624,T00054,LRG,0.17876713,0.648773,1.0000
TG00013625,T00054,LRG,0.31617745,0.596710,1.0000
TG00013626,T00054,LRG,0.25808174,0.817744,1.0000
TG00013627,T00054,LRG,0.21147659,0.714429,1.0000
TG00013628,T00054,LRG,0.16443279,0.805710,1.0000
TG00013629,T00054,LRG,0.32244660,0.464311,1.0000
TG00013630,T00054,LRG,0.27685003,0.427114,1.0000
TG00013631,T00054,LRG,0.67667281,0.634005,1.0000
TG00013632,T00054,ELG,0.79922198,0.867800,1.0000
TG00013633,T00054,ELG,0.60401503,1.269914,1.0000
TG00013634,T00054,ELG,0.70289074,1.083098,1.0000
TG00013635,T00054,ELG,0.50867632,0.739701,1.0000
TG00013636,T00054,ELG,1.50123819,1.827571,1.0000
TG00013637,T00054,ELG,0.49467078,0.680916,1.0000
TG00013638,T00054,ELG,0.49857168,1.396046,1.0000
TG00013639,T00054,ELG,0.67956730,1.046028,1.0000
TG00013640,T00054,ELG,0.34127180,0.800124,1.0000
TG00013641,T00054,ELG,0.43598700,1.318843,1.0000
TG00013642,T00054,ELG,0.56338208,1.180737,1.0000
TG00013643,T00054,ELG,0.31778046,1.673579,1.0000
TG00013644,T00054,ELG,0.56025685,1.881827,1.0000
TG00013645,T00054,ELG,0.93738338,0.951053,1.0000
TG00013646,T00054,ELG,0.41114273,1.417308,1.0000
TG00013647,T00054,ELG,0.36276202,0.958382,1.0000
TG00013648,T00054,ELG,0.57296894,0.572983,1.0000
TG00013649,T00054,ELG,0.42375085,0.849968,1.0000
TG00013650,T00054,ELG,0.36090770,1.395049,1.0000
TG00013651,T00054,ELG,0.63826433,1.159559,1.0000
TG00013652,T00054,ELG,0.50982630,0.923745,1.0000
TG00013653,T00054,ELG,0.59710044,0.832859,1.0000
TG00013654,T00054,ELG,0.85992302,0.574177,1.0000
TG00013655,T00054,ELG,0.84756488,0.861022,1.0000
TG00013656,T00054,ELG,0.46850123,0.327437,1.0000
TG00013657,T00054,ELG,1.38529661,0.700099,1.0000
TG00013658,T00054,ELG,0.32750134,1.329313,1.0000
TG00013659,T00054,ELG,0.59947891,1.221379,1.0000
TG00013660,T00054,ELG,0.48562758,1.391467,1.0000
TG00013661,T00054,ELG,0.38593863,1.003260,1.0000
TG00013662,T00054,ELG,0.69237436,0.439410,1.0000
TG00013663,T00054,ELG,0.44124308,1.182060,1.0000
TG00013664,T00054,ELG,0.37467526,0.758385,1.0000
TG00013665,T00054,ELG,0.50464989,1.637972,1.0000
TG00013666,T00054,ELG,0.32098677,0.562333,1.0000
TG00013667,T00054,ELG,0.67258337,0.739499,1.0000
TG00013668,T00054,ELG,0.61829630,1.430216,1.0000
TG00013669,T00054,ELG,0.72789623,0.756955,1.0000
TG00013670,T00054,ELG,0.43877543,1.075784,1.0000
TG00013671,T00054,ELG,0.52526650,1.754397,1.0000
TG00013672,T00054,ELG,0.69655940,0.690551,1.0000
TG00013673,T00054,ELG,0.93440173,1.660747,1.0000
TG00013674,T00054,ELG,0.41704663,1.255186,1.0000
TG00013675,T00054,ELG,0.24654372,1.306708,1.0000
TG00013676,T00054,ELG,1.01751033,0.918317,1.0000
TG00013677,T00054,ELG,0.47588660,0.715626,1.0000
TG00013678,T00054,ELG,1.53880325,0.998748,1.0000
TG00013679,T00054,ELG,0.66587963,0.845777,1.0000
TG00013680,T00054,ELG,0.84388979,1.448802,1.0000
TG00013681,T00054,ELG,0.29212420,1.547014,1.0000
TG00013682,T00054,ELG,0.25109847,1.419319,1.0000
TG00013683,T00054,ELG,0.76404759,1.036187,1.0000
TG00013684,T00054,ELG,0.43684430,1.301985,1.0000
TG00013685,T00054,ELG,0.41425410,1.393828,1.0000
TG00013686,T00054,ELG,0.77029776,1.299649,1.0000
TG00013687,T00054,ELG,0.25092306,0.750597,1.0000
TG00013688,T00054,ELG,0.41902748,0.904947,1.0000
TG00013689,T00054,ELG,0.63380969,1.564740,1.0000
TG00013690,T00054,ELG,0.37175132,0.670723,1.0000
TG00013691,T00054,ELG,0.42276143,0.775625,1.0000
TG00013692,T00054,ELG,0.66191774,1.022281,1.0000
TG00013693,T00054,ELG,0.49005258,1.355022,1.0000
TG00013694,T00054,ELG,0.55910090,0.884410,1.0000
TG00013695,T00054,ELG,0.47704786,1.839524,1.0000
TG00013696,T00054,ELG,0.33685749,1.054602,1.0000
TG00013697,T00054,ELG,0.48460610,0.964953,1.0000
TG00013698,T00054,ELG,0.37259847,0.898121,1.0000
TG00013699,T00054,ELG,0.99202353,1.074645,1.0000
TG00013700,T00054,ELG,0.40497961,0.791039,1.0000
TG00013701,T00054,ELG,0.73969802,0.603046,1.0000
TG00013702,T00054,ELG,0.67587616,0.880324,1.0000
TG00013703,T00054,ELG,0.47481764,0.445593,1.0000
TG00013704,T00054,ELG,0.20933670,1.131421,1.0000
TG00013705,T00054,ELG,0.33907154,1.030139,1.0000
TG00013706,T00054,ELG,0.54429302,0.915237,1.0000
TG00013707,T00054,ELG,0.41300031,1.049114,1.0000
TG00013708,T00054,ELG,0.72367006,1.499002,1.0000
TG00013709,T00054,ELG,0.44211856,1.435710,1.0000
TG00013710,T00054,ELG,0.52152181,1.517643,1.0000
TG00013711,T00054,ELG,0.69666763,1.052231,1.0000
TG00013712,T00054,ELG,0.80833721,0.897738,1.0000
TG00013713,T00054,ELG,0.59833782,1.167062,1.0000
TG00013714,T00054,ELG,0.77656200,0.895415,1.0000
TG00013715,T00054,ELG,0.28733950,1.236384,1.0000
TG00013716,T00054,ELG,0.75946803,1.237314,1.0000
TG00013717,T00054,ELG,0.70475312,1.105874,1.0000
TG00013718,T00054,ELG,0.52190689,1.109170,1.0000
TG00013719,T00054,ELG,0.63963621,1.089360,1.0000
TG00013720,T00054,ELG,0.50605024,0.596340,1.0000
TG00013721,T00054,ELG,0.62669783,1.196696,1.0000
TG00013722,T00054,ELG,0.65222980,1.221379,1.0000
TG00013723,T00054,ELG,0.75936129,1.135324,1.0000
TG00013724,T00054,ELG,0.49120974,1.082822,1.0000
TG00013725,T00054,ELG,0.68861627,1.195432,1.0000
TG00013726,T00054,ELG,0.23922531,1.474505,1.0000
TG00013727,T00054,ELG,0.26786269,0.974635,1.0000
TG00013728,T00054,ELG,0.57820073,1.602472,1.0000
TG00013729,T00054,ELG,0.38998047,1.617612,1.0000
TG00013730,T00054,ELG,0.55642661,0.840940,1.0000
TG00013731,T00054,ELG,0.56579259,1.103681,1.0000
TG00013732,T00054,ELG,0.60177314,0.719969,1.0000
TG00013733,T00054,ELG,0.81105347,1.372377,1.0000
TG00013734,T00054,ELG,1.18897297,1.597897,1.0000
TG00013735,T00054,ELG,0.44173242,1.338103,1.0000
TG00013736,T00054,ELG,0.55307063,1.221909,1.0000
TG00013737,T00054,ELG,0.52626662,0.914981,1.0000
TG00013738,T00054,ELG,0.74367231,0.573348,1.0000
TG00013739,T00054,ELG,0.43818217,1.379426,1.0000
TG00013740,T00054,ELG,0.50921295,0.933274,1.0000
TG00013741,T00054,ELG,0.60786461,1.430678,1.0000
TG00013742,T00054,ELG,0.42609127,0.692649,1.0000
TG00013743,T00054,ELG,0.63510879,1.120982,1.0000
TG00013744,T00054,ELG,1.02737900,0.980794,1.0000
TG00013745,T00054,ELG,0.94110803,0.804953,1.0000
TG00013746,T00054,ELG,0.66867879,1.112484,1.0000
TG00013747,T00054,ELG,0.38775109,1.185518,1.0000
TG00013748,T00054,ELG,0.83351481,1.238678,1.0000
TG00013749,T00054,ELG,0.63518965,1.031076,1.0000
TG00013750,T00054,ELG,0.96747859,1.482754,1.0000
TG00013751,T00054,ELG,0.61914739,1.219066,1.0000
TG00013752,T00054,ELG,0.57247895,1.203966,1.0000
TG00013753,T00054,ELG,0.32903101,0.755895,1.0000
TG00013754,T00054,ELG,0.53320687,0.952882,1.0000
TG00013755,T00054,ELG,0.50017633,1.075577,1.0000
TG00013756,T00054,QSO,0.10869469,2.063241,1.7000
TG00013757,T00054,QSO,0.11569548,1.132535,1.7000
TG00013758,T00054,QSO,0.10156262,2.537869,1.7000
TG00013759,T00054,QSO,0.11344290,3.134783,1.7000
TG00013760,T00054,QSO,0.49968371,1.910977,1.7000
TG00013761,T00054,QSO,0.17125359,0.969172,1.7000
TG00013762,T00054,QSO,0.31184554,1.952936,1.7000
TG00013763,T00054,QSO,0.07137609,2.305664,1.7000
TG00013764,T00054,QSO,0.12511278,2.304663,1.7000
TG00013765,T00054,QSO,0.10261985,2.420564,1.7000
TG00013766,T00054,QSO,0.41293083,2.283616,1.7000
TG00013767,T00054,QSO,0.28493769,1.587969,1.7000
TG00013768,T00054,QSO,0.25052683,2.784111,1.7000
TG00013769,T00054,QSO,0.07014441,1.717047,1.7000
TG00013770,T00054,QSO,0.09396681,1.628001,1.7000
TG00013771,T00054,QSO,0.12230781,2.683876,1.7000
TG00013772,T00054,QSO,0.09891455,2.779184,1.7000
TG00013773,T00054,QSO,0.12280715,2.608105,1.7000
TG00013774,T00054,QSO,0.21784720,2.257623,1.7000
TG00013775,T00054,QSO,0.09632702,1.619648,1.7000
TG00013776,T00054,QSO,0.22540720,0.696480,1.7000
TG00013777,T00054,QSO,0.10141383,2.058532,1.7000
TG00013778,T00054,QSO,0.19059311,2.464336,1.7000
TG00013779,T00054,BGS,1.28479883,0.186502,0.4500
TG00013780,T00054,BGS,1.10511275,0.332210,0.4500
TG00013781,T00054,BGS,0.75657763,0.213164,0.4500
TG00013782,T00054,BGS,1.02316102,0.198672,0.4500
TG00013783,T00054,BGS,0.96945607,0.125405,0.4500
TG00013784,T00054,BGS,1.20111441,0.136451,0.4500
TG00013785,T00054,BGS,1.11646304,0.260315,0.4500
TG00013786,T00054,BGS,0.93323375,0.083336,0.4500
TG00013787,T00054,BGS,1.07354119,0.165837,0.4500
TG00013788,T00054,BGS,1.55023262,0.190630,0.4500
TG00013789,T00054,BGS,1.56069926,0.240895,0.4500
TG00013790,T00054,BGS,1.70234775,0.184110,0.4500
TG00013791,T00054,BGS,0.83777218,0.311872,0.4500
TG00013792,T00054,BGS,1.45492705,0.157043,0.4500
TG00013793,T00054,BGS,1.07545109,0.148913,0.4500
TG00013794,T00054,BGS,1.89751525,0.090997,0.4500
TG00013795,T00054,BGS,1.54093953,0.225125,0.4500
TG00013796,T00054,BGS,1.22436572,0.226496,0.4500
TG00013797,T00054,BGS,1.60686412,0.224883,0.4500
TG00013798,T00054,BGS,0.59469071,0.074432,0.4500
TG00013799,T00054,BGS,1.21008701,0.160314,0.4500
TG00013800,T00054,BGS,1.20892630,0.295291,0.4500
TG00013801,T00054,BGS,0.90929134,0.225855,0.4500
TG00013802,T00054,BGS,1.15573086,0.330082,0.4500
TG00013803,T00054,BGS,1.89115662,0.144145,0.4500
TG00013804,T00054,BGS,1.22994448,0.148048,0.4500
TG00013805,T00054,BGS,1.31070476,0.058951,0.4500
TG00013806,T00054,BGS,1.12919725,0.262454,0.4500
TG00013807,T00054,BGS,1.00820904,0.227623,0.4500
TG00013808,T00054,BGS,0.75730040,0.224255,0.4500
TG00013809,T00054,BGS,0.81338546,0.322943,0.4500
TG00013810,T00054,BGS,1.23425281,0.182817,0.4500
TG00013811,T00054,BGS,1.67484998,0.281600,0.4500
TG00013812,T00054,BGS,1.26161692,0.201106,0.4500
TG00013813,T00054,BGS,2.52759403,0.275115,0.4500
TG00013814,T00054,BGS,1.94348834,0.286242,0.4500
TG00013815,T00054,BGS,1.39941806,0.262785,0.4500
TG00013816,T00054,BGS,0.97392011,0.201019,0.4500
TG00013817,T00054,BGS,1.16457305,0.198320,0.4500
TG00013818,T00054,BGS,1.22473956,0.055298,0.4500
TG00013819,T00054,BGS,1.20141203,0.197651,0.4500
TG00013820,T00054,BGS,1.78982236,0.337314,0.4500
TG00013821,T00054,BGS,1.31855338,0.183613,0.4500
TG00013822,T00054,BGS,1.50531806,0.106530,0.4500
TG00013823,T00054,BGS,1.16379686,0.167004,0.4500
TG00013824,T00054,BGS,0.97453636,0.131680,0.4500
TG00013825,T00054,BGS,1.39880888,0.425851,0.4500
TG00013826,T00054,BGS,0.92953319,0.143558,0.4500
TG00013827,T00054,BGS,0.87549857,0.277704,0.4500
TG00013828,T00054,BGS,0.97146497,0.251211,0.4500
TG00013829,T00054,BGS,1.26266352,0.239313,0.4500
TG00013830,T00054,BGS,1.59373605,0.253278,0.4500
TG00013831,T00054,BGS,1.20916352,0.151153,0.4500
TG00013832,T00054,BGS,1.26489130,0.185476,0.4500
TG00013833,T00054,BGS,1.19129451,0.024594,0.4500
TG00013834,T00054,BGS,1.46560863,0.094899,0.4500
TG00013835,T00054,BGS,1.32261257,0.331432,0.4500
TG00013836,T00055,LRG,0.31311893,0.885461,1.0000
TG00013837,T00055,LRG,0.30300959,0.703861,1.0000
TG00013838,T00055,LRG,0.33547766,0.679305,1.0000
TG00013839,T00055,LRG,0.45697074,0.592935,1.0000
TG00013840,T00055,LRG,0.54580798,1.258253,1.0000
TG00013841,T00055,LRG,0.26315267,0.860791,1.0000
TG00013842,T00055,LRG,0.42110979,0.514297,1.0000
TG00013843,T00055,LRG,0.40497348,0.590804,1.0000
TG00013844,T00055,LRG,0.28038454,0.831781,1.0000
TG00013845,T00055,LRG,0.28946216,0.656152,1.0000
TG00013846,T00055,LRG,0.51320488,0.710598,1.0000
TG00013847,T00055,LRG,0.36034160,0.824429,1.0000
TG00013848,T00055,LRG,0.35949895,0.629189,1.0000
TG00013849,T00055,LRG,0.14997527,0.772234,1.0000
TG00013850,T00055,LRG,0.55086558,0.921954,1.0000
TG00013851,T00055,LRG,0.61211385,0.900143,1.0000
TG00013852,T00055,LRG,0.64687160,0.410779,1.0000
TG00013853,T00055,LRG,0.35809070,0.550011,1.0000
TG00013854,T00055,LRG,0.19544118,0.872045,1.0000
TG00013855,T00055,LRG,0.32445459,0.715855,1.0000
TG00013856,T00055,LRG,0.55996738,0.572022,1.0000
TG00013857,T00055,LRG,0.26179823,0.815202,1.0000
TG00013858,T00055,LRG,0.59473448,0.862647,1.0000
TG00013859,T00055,LRG,0.28797534,0.759156,1.0000
TG00013860,T00055,LRG,0.20688498,0.571984,1.0000
TG00013861,T00055,LRG,0.20974657,0.661344,1.0000
TG00013862,T00055,LRG,0.48977141,0.597662,1.0000
TG00013863,T00055,LRG,0.29063508,0.882315,1.0000
TG00013864,T00055,LRG,0.18496813,0.931437,1.0000
TG00013865,T00055,LRG,0.63164848,0.644278,1.0000
TG00013866,T00055,LRG,0.38294988,0.722144,1.0000
TG00013867,T00055,LRG,0.26146590,0.811376,1.0000
TG00013868,T00055,LRG,0.24946001,0.656788,1.0000
TG00013869,T00055,LRG,0.41967891,0.839451,1.0000
TG00013870,T00055,LRG,0.31759816,0.809041,1.0000
TG00013871,T00055,LRG,0.63719364,0.454668,1.0000
TG00013872,T00055,LRG,0.33487876,0.658919,1.0000
TG00013873,T00055,LRG,0.60216580,0.621880,1.0000
TG00013874,T00055,LRG,0.38626583,0.612969,1.0000
TG00013875,T00055,LRG,0.34610670,0.600770,1.0000
TG00013876,T00055,LRG,0.18132766,0.816639,1.0000
TG00013877,T00055,LRG,0.49552219,0.470001,1.0000
TG00013878,T00055,LRG,0.21900344,0.696512,1.0000
TG00013879,T00055,LRG,0.42962725,0.763687,1.0000
TG00013880,T00055,LRG,0.40802474,0.536878,1.0000
TG00013881,T00055,LRG,0.47933200,0.790653,1.0000
TG00013882,T00055,LRG,0.26378323,0.506087,1.0000
TG00013883,T00055,LRG,0.32717370,0.947619,1.0000
TG00013884,T00055,LRG,0.44456083,0.600714,1.0000
TG00013885,T00055,LRG,0.23057102,0.425771,1.0000
TG00013886,T00055,LRG,0.34014965,0.760027,1.0000
TG00013887,T00055,LRG,0.29014663,0.733341,1.0000
TG00013888,T00055,LRG,0.33925810,0.736215,1.0000
TG00013889,T00055,LRG,0.42857963,0.736842,1.0000
TG00013890,T00055,LRG,0.41801444,0.804722,1.0000
TG00013891,T00055,LRG,0.30681757,0.925640,1.0000
TG00013892,T00055,LRG,0.36619503,0.864758,1.0000
TG00013893,T00055,LRG,0.27931145,0.775710,1.0000
TG00013894,T00055,LRG,0.34450834,0.663280,1.0000
TG00013895,T00055,ELG,0.45105121,1.035795,1.0000
TG00013896,T00055,ELG,0.57973292,0.988390,1.0000
TG00013897,T00055,ELG,0.92930530,1.230392,1.0000
TG00013898,T00055,ELG,0.28720087,1.621530,1.0000
TG00013899,T00055,ELG,0.64821524,0.969122,1.0000
TG00013900,T00055,ELG,0.17546503,0.832553,1.0000
TG00013901,T00055,ELG,0.51460633,1.186356,1.0000
TG00013902,T00055,ELG,0.48455777,1.668452,1.0000
TG00013903,T00055,ELG,0.43166751,1.125051,1.0000
TG00013904,T00055,ELG,0.60991562,1.279847,1.0000
TG00013905,T00055,ELG,0.91664453,1.050527,1.0000
TG00013906,T00055,ELG,0.60366478,1.508753,1.0000
TG00013907,T00055,ELG,0.33780776,1.165425,1.0000
TG00013908,T00055,ELG,0.59000767,0.567301,1.0000
TG00013909,T00055,ELG,0.87082771,0.968597,1.0000
TG00013910,T00055,ELG,0.53275629,1.654947,1.0000
TG00013911,T00055,ELG,0.75001113,1.148352,1.0000
TG00013912,T00055,ELG,1.26105809,0.914942,1.0000
TG00013913,T00055,ELG,0.96080585,1.610078,1.0000
TG00013914,T00055,ELG,0.48067519,1.051546,1.0000
TG00013915,T00055,ELG,0.62712823,0.805029,1.0000
TG00013916,T00055,ELG,0.55877397,0.763666,1.0000
TG00013917,T00055,ELG,0.21989691,1.058967,1.0000
TG00013918,T00055,ELG,0.42674936,0.527528,1.0000
TG00013919,T00055,ELG,0.94520721,0.922367,1.0000
TG00013920,T00055,ELG,0.34759591,0.325376,1.0000
TG00013921,T00055,ELG,0.41737583,0.923287,1.0000
TG00013922,T00055,ELG,0.42133436,1.076909,1.0000
TG00013923,T00055,ELG,0.67464799,1.184887,1.0000
TG00013924,T00055,ELG,0.49511290,0.561440,1.0000
TG00013925,T00055,ELG,0.72694869,1.514181,1.0000
TG00013926,T00055,ELG,0.42829168,1.038581,1.0000
TG00013927,T00055,ELG,0.57804962,1.010572,1.0000
TG00013928,T00055,ELG,0.41888536,0.829493,1.0000
TG00013929,T00055,ELG,0.32359040,0.318510,1.0000
TG00013930,T00055,ELG,0.62875489,1.226319,1.0000
TG00013931,T00055,ELG,0.64567300,1.154872,1.0000
TG00013932,T00055,ELG,1.00813617,0.741280,1.0000
TG00013933,T00055,ELG,0.74897375,0.794299,1.0000
TG00013934,T00055,ELG,0.46218144,1.029493,1.0000
TG00013935,T00055,ELG,0.97277430,1.358595,1.0000
TG00013936,T00055,ELG,0.63862329,1.245244,1.0000
TG00013937,T00055,ELG,0.59586107,1.275270,1.0000
TG00013938,T00055,ELG,0.74559696,1.452307,1.0000
TG00013939,T00055,ELG,0.43947925,1.407147,1.0000
TG00013940,T00055,ELG,0.47297290,1.235975,1.0000
TG00013941,T00055,ELG,0.43987850,0.910789,1.0000
TG00013942,T00055,ELG,0.26075285,1.417195,1.0000
TG00013943,T00055,ELG,0.59204014,1.042365,1.0000
TG00013944,T00055,ELG,0.54262347,0.494412,1.0000
TG00013945,T00055,ELG,0.72145112,0.941727,1.0000
TG00013946,T00055,ELG,0.51017219,1.115951,1.0000
TG00013947,T00055,ELG,0.35950424,1.785257,1.0000
TG00013948,T00055,ELG,0.33570539,0.599896,1.0000
TG00013949,T00055,ELG,0.84322063,1.060223,1.0000
TG00013950,T00055,ELG,0.56326491,0.711096,1.0000
TG00013951,T00055,ELG,0.22468835,1.257891,1.0000
TG00013952,T00055,ELG,0.91983462,1.116494,1.0000
TG00013953,T00055,ELG,0.39675856,1.019400,1.0000
TG00013954,T00055,ELG,0.42979833,0.943393,1.0000
TG00013955,T00055,ELG,0.56314277,1.205162,1.0000
TG00013956,T00055,ELG,0.46954988,0.530110,1.0000
TG00013957,T00055,QSO,0.16199843,2.256649,1.7000
TG00013958,T00055,QSO,0.20107418,2.038138,1.7000
TG00013959,T00055,QSO,0.11219776,3.734345,1.7000
TG00013960,T00055,QSO,0.25927237,1.705280,1.7000
TG00013961,T00055,QSO,0.46726697,1.920104,1.7000
TG00013962,T00055,QSO,0.13807999,2.005994,1.7000
TG00013963,T00055,QSO,0.10408468,2.583459,1.7000
TG00013964,T00055,QSO,0.19108645,2.526097,1.7000
TG00013965,T00055,QSO,0.30480441,1.952640,1.7000
TG00013966,T00055,QSO,0.11099229,2.961031,1.7000
TG00013967,T00055,QSO,0.19744557,1.449926,1.7000
TG00013968,T00055,QSO,0.25841168,1.120770,1.7000
TG00013969,T00055,QSO,0.13368219,2.798800,1.7000
TG00013970,T00055,QSO,0.14572632,2.217373,1.7000
TG00013971,T00055,QSO,0.34236364,3.129988,1.7000
TG00013972,T00055,QSO,0.24341168,2.617156,1.7000
TG00013973,T00055,BGS,0.83247043,0.318661,0.4500
TG00013974,T00055,BGS,0.99176744,0.294614,0.4500
TG00013975,T00055,BGS,1.64496615,0.229497,0.4500
TG00013976,T00055,BGS,1.31219821,0.288720,0.4500
TG00013977,T00055,BGS,1.48462379,0.254192,0.4500
TG00013978,T00055,BGS,1.44067756,0.270591,0.4500
TG00013979,T00055,BGS,1.68997835,0.230161,0.4500
TG00013980,T00055,BGS,1.44918077,0.247461,0.4500
TG00013981,T00055,BGS,1.44024109,0.135706,0.4500
TG00013982,T00055,BGS,1.49427905,0.236408,0.4500
TG00013983,T00055,BGS,1.06036243,0.360691,0.4500
TG00013984,T00055,BGS,1.68028116,0.160780,0.4500
TG00013985,T00055,BGS,1.72581151,0.491596,0.4500
TG00013986,T00055,BGS,1.52061313,0.316150,0.4500
TG00013987,T00055,BGS,2.08151819,0.292690,0.4500
TG00013988,T00055,BGS,0.99263054,0.237425,0.4500
TG00013989,T00055,BGS,1.28434928,0.273465,0.4500
TG00013990,T00055,BGS,1.46192438,0.339807,0.4500
TG00013991,T00055,BGS,1.37193431,0.240335,0.4500
TG00013992,T00055,BGS,1.41327709,0.159253,0.4500
TG00013993,T00055,BGS,0.79242720,0.313976,0.4500
TG00013994,T00055,BGS,1.07232957,0.216921,0.4500
TG00013995,T00055,BGS,1.19734802,0.227330,0.4500
TG00013996,T00055,BGS,1.05867944,0.042777,0.4500
TG00013997,T00055,BGS,1.14365106,0.166157,0.4500
TG00013998,T00055,BGS,1.16093710,0.068013,0.4500
TG00013999,T00055,BGS,1.39442102,0.253256,0.4500
TG00014000,T00055,BGS,1.13826318,0.170452,0.4500
TG00014001,T00055,BGS,1.01499905,0.201259,0.4500
TG00014002,T00055,BGS,0.98403742,0.186287,0.4500
TG00014003,T00055,BGS,1.04046183,0.147296,0.4500
TG00014004,T00055,BGS,1.31899677,0.272876,0.4500
TG00014005,T00055,BGS,1.60284514,0.209724,0.4500
TG00014006,T00055,BGS,0.73368823,0.108545,0.4500
TG00014007,T00055,BGS,1.63441310,0.232044,0.4500
TG00014008,T00055,BGS,1.48612237,0.166891,0.4500
TG00014009,T00055,BGS,1.39286536,0.225072,0.4500
TG00014010,T00055,BGS,1.14556511,0.228166,0.4500
TG00014011,T00055,BGS,1.01218380,0.271676,0.4500
TG00014012,T00055,BGS,1.03575299,0.202886,0.4500
TG00014013,T00055,BGS,1.09162952,0.300567,0.4500
TG00014014,T00055,BGS,1.66770317,0.322540,0.4500
TG00014015,T00055,BGS,1.01084162,0.224982,0.4500
TG00014016,T00055,BGS,1.08951534,0.165804,0.4500
TG00014017,T00055,BGS,1.03152305,0.155967,0.4500
TG00014018,T00055,BGS,2.18142482,0.111155,0.4500
TG00014019,T00055,BGS,0.78521023,0.228458,0.4500
TG00014020,T00055,BGS,0.80402051,0.256506,0.4500
TG00014021,T00055,BGS,1.16092953,0.298117,0.4500
TG00014022,T00055,BGS,1.62216328,0.238208,0.4500
TG00014023,T00055,BGS,1.08685365,0.316948,0.4500
TG00014024,T00055,BGS,0.91026120,0.371448,0.4500
TG00014025,T00055,BGS,1.14296647,0.253963,0.4500
TG00014026,T00055,BGS,1.24184810,0.219264,0.4500
TG00014027,T00055,BGS,1.11197020,0.185605,0.4500
TG00014028,T00055,BGS,0.98426418,0.286341,0.4500
TG00014029,T00055,BGS,2.08168220,0.098319,0.4500
TG00014030,T00055,BGS,1.36719986,0.288469,0.4500
TG00014031,T00055,BGS,0.75836250,0.210811,0.4500
TG00014032,T00055,BGS,0.98448305,0.033444,0.4500
TG00014033,T00055,BGS,1.27832938,0.269423,0.4500
TG00014034,T00055,BGS,1.41882743,0.115078,0.4500
TG00014035,T00055,BGS,1.15782323,0.225785,0.4500
TG00014036,T00055,BGS,1.08884028,0.304216,0.4500
TG00014037,T00055,BGS,0.75746375,0.404535,0.4500
TG00014038,T00055,BGS,1.44477161,0.142255,0.4500
TG00014039,T00055,BGS,0.60112777,0.209543,0.4500
TG00014040,T00055,BGS,1.08258232,0.000000,0.4500
TG00014041,T00055,BGS,1.61635291,0.028632,0.4500
TG00014042,T00055,BGS,0.96479783,0.208055,0.4500
TG00014043,T00055,BGS,1.09686336,0.182664,0.4500
TG00014044,T00055,BGS,1.39088907,0.328525,0.4500
TG00014045,T00055,BGS,1.03559842,0.298509,0.4500
TG00014046,T00055,BGS,1.11231933,0.188276,0.4500
TG00014047,T00055,BGS,1.50432155,0.175455,0.4500
TG00014048,T00055,BGS,1.59714127,0.280471,0.4500
TG00014049,T00055,BGS,1.79148982,0.238966,0.4500
TG00014050,T00055,BGS,1.17055051,0.281524,0.4500
TG00014051,T00055,BGS,1.38337788,0.314091,0.4500
TG00014052,T00055,BGS,0.86147768,0.184053,0.4500
TG00014053,T00056,LRG,0.36727018,0.689837,1.0000
TG00014054,T00056,LRG,0.21076460,0.889003,1.0000
TG00014055,T00056,LRG,0.31242125,0.691304,1.0000
TG00014056,T00056,LRG,0.52647432,0.682759,1.0000
TG00014057,T00056,LRG,0.33221888,0.559978,1.0000
TG00014058,T00056,LRG,0.36104335,1.054915,1.0000
TG00014059,T00056,LRG,0.35967103,0.698564,1.0000
TG00014060,T00056,LRG,0.38555296,0.878347,1.0000
TG00014061,T00056,LRG,0.40356811,0.813608,1.0000
TG00014062,T00056,LRG,0.35097189,0.605752,1.0000
TG00014063,T00056,LRG,0.42249520,0.349965,1.0000
TG00014064,T00056,LRG,0.50004595,0.640899,1.0000
TG00014065,T00056,LRG,0.34446460,0.850452,1.0000
TG00014066,T00056,LRG,0.36656135,0.653243,1.0000
TG00014067,T00056,LRG,0.21080973,0.827713,1.0000
TG00014068,T00056,LRG,0.25312146,0.803211,1.0000
TG00014069,T00056,LRG,0.23024073,0.533591,1.0000
TG00014070,T00056,LRG,0.45238184,0.742564,1.0000
TG00014071,T00056,LRG,0.75948687,0.728655,1.0000
TG00014072,T00056,LRG,0.22795423,0.529448,1.0000
TG00014073,T00056,LRG,0.46073749,0.773790,1.0000
TG00014074,T00056,LRG,0.45959994,0.772949,1.0000
TG00014075,T00056,LRG,0.70196085,0.758091,1.0000
TG00014076,T00056,LRG,0.31166612,0.710661,1.0000
TG00014077,T00056,LRG,0.52353214,0.465894,1.0000
TG00014078,T00056,LRG,0.40479158,0.383170,1.0000
TG00014079,T00056,LRG,0.29382944,0.809361,1.0000
TG00014080,T00056,LRG,0.29674157,0.475481,1.0000
TG00014081,T00056,LRG,0.39257612,0.640105,1.0000
TG00014082,T00056,LRG,0.27809253,0.694950,1.0000
TG00014083,T00056,LRG,0.63191630,0.687336,1.0000
TG00014084,T00056,LRG,0.59999995,0.774083,1.0000
TG00014085,T00056,LRG,0.71393525,0.831103,1.0000
TG00014086,T00056,LRG,0.71062792,0.874076,1.0000
TG00014087,T00056,LRG,0.32128075,0.789527,1.0000
TG00014088,T00056,LRG,0.17252066,0.925605,1.0000
TG00014089,T00056,LRG,0.38088230,0.903132,1.0000
TG00014090,T00056,LRG,0.32640458,0.660045,1.0000
TG00014091,T00056,LRG,0.16779352,0.706333,1.0000
TG00014092,T00056,LRG,0.40852193,0.612511,1.0000
TG00014093,T00056,LRG,0.24529151,0.844926,1.0000
TG00014094,T00056,LRG,0.33676911,0.716297,1.0000
TG00014095,T00056,LRG,0.34809262,0.752326,1.0000
TG00014096,T00056,LRG,0.32745278,0.706200,1.0000
TG00014097,T00056,LRG,0.39557194,0.666495,1.0000
TG00014098,T00056,LRG,0.71385525,0.765412,1.0000
TG00014099,T00056,LRG,0.41526938,0.635273,1.0000
TG00014100,T00056,LRG,0.32918574,0.752046,1.0000
TG00014101,T00056,LRG,0.36223816,0.564773,1.0000
TG00014102,T00056,LRG,0.55591429,0.459754,1.0000
TG00014103,T00056,LRG,0.58541742,0.690094,1.0000
TG00014104,T00056,LRG,0.18578819,0.492796,1.0000
TG00014105,T00056,LRG,0.32302283,0.568513,1.0000
TG00014106,T00056,LRG,0.69913980,0.713649,1.0000
TG00014107,T00056,LRG,0.35994217,0.665359,1.0000
TG00014108,T00056,ELG,0.74549959,1.299884,1.0000
TG00014109,T00056,ELG,0.47275492,0.815450,1.0000
TG00014110,T00056,ELG,0.92837023,1.283973,1.0000
TG00014111,T00056,ELG,0.49504385,1.087411,1.0000
TG00014112,T00056,ELG,0.33225123,1.268180,1.0000
TG00014113,T00056,ELG,0.93396039,0.764759,1.0000
TG00014114,T00056,ELG,0.55214381,1.418112,1.0000
TG00014115,T00056,ELG,0.85988755,0.889106,1.0000
TG00014116,T00056,ELG,0.83487506,0.971864,1.0000
TG00014117,T00056,ELG,0.45837530,0.779615,1.0000
TG00014118,T00056,ELG,1.29691393,1.308788,1.0000
TG00014119,T00056,ELG,1.18945679,1.525749,1.0000
TG00014120,T00056,ELG,1.12347244,1.282875,1.0000
TG00014121,T00056,ELG,0.58897073,1.153041,1.0000
TG00014122,T00056,ELG,0.33306676,0.976246,1.0000
TG00014123,T00056,ELG,0.78642064,0.254964,1.0000
TG00014124,T00056,ELG,0.68362393,0.941012,1.0000
TG00014125,T00056,ELG,0.53478576,0.996031,1.0000
TG00014126,T00056,ELG,0.67825845,1.103564,1.0000
TG00014127,T00056,ELG,0.49248047,1.064990,1.0000
TG00014128,T00056,ELG,0.50565891,1.498541,1.0000
TG00014129,T00056,ELG,0.41322365,0.624626,1.0000
TG00014130,T00056,ELG,0.66075956,1.129289,1.0000
TG00014131,T00056,ELG,0.60405042,0.988199,1.0000
TG00014132,T00056,ELG,0.77073157,1.121251,1.0000
TG00014133,T00056,ELG,0.42035397,1.595857,1.0000
TG00014134,T00056,ELG,0.33293793,1.427285,1.0000
TG00014135,T00056,ELG,0.44520662,1.462358,1.0000
TG00014136,T00056,ELG,0.33102366,0.869572,1.0000
TG00014137,T00056,ELG,0.71300921,1.109845,1.0000
TG00014138,T00056,ELG,0.69885975,0.873921,1.0000
TG00014139,T00056,ELG,0.62487487,1.290559,1.0000
TG00014140,T00056,ELG,0.55789403,1.319696,1.0000
TG00014141,T00056,ELG,0.48754791,1.304321,1.0000
TG00014142,T00056,ELG,0.50696678,1.068980,1.0000
TG00014143,T00056,ELG,0.37073686,1.251867,1.0000
TG00014144,T00056,ELG,0.38541126,1.472967,1.0000
TG00014145,T00056,ELG,0.40822463,1.430896,1.0000
TG00014146,T00056,ELG,0.48285932,0.503061,1.0000
TG00014147,T00056,ELG,0.67474079,0.859226,1.0000
TG00014148,T00056,ELG,0.54046852,0.645322,1.0000
TG00014149,T00056,ELG,0.83330863,1.002632,1.0000
TG00014150,T00056,ELG,0.30890948,1.677714,1.0000
TG00014151,T00056,ELG,0.62383911,1.167212,1.0000
TG00014152,T00056,ELG,0.84912330,1.172170,1.0000
TG00014153,T00056,ELG,0.60181936,1.608363,1.0000
TG00014154,T00056,ELG,0.50991111,0.911067,1.0000
TG00014155,T00056,ELG,0.55703841,1.193569,1.0000
TG00014156,T00056,ELG,0.54227739,0.587860,1.0000
TG00014157,T00056,ELG,0.38898367,1.182380,1.0000
TG00014158,T00056,ELG,0.56332589,0.757699,1.0000
TG00014159,T00056,ELG,0.96441943,1.195594,1.0000
TG00014160,T00056,ELG,0.32898056,1.163626,1.0000
TG00014161,T00056,ELG,0.87141621,1.325834,1.0000
TG00014162,T00056,ELG,0.67472074,0.793114,1.0000
TG00014163,T00056,ELG,0.42353666,0.987616,1.0000
TG00014164,T00056,ELG,0.68583676,1.792977,1.0000
TG00014165,T00056,ELG,0.69750144,0.927344,1.0000
TG00014166,T00056,ELG,0.25639497,1.008958,1.0000
TG00014167,T00056,ELG,0.50037479,1.074919,1.0000
TG00014168,T00056,ELG,0.64749198,1.110314,1.0000
TG00014169,T00056,ELG,0.34538771,1.306354,1.0000
TG00014170,T00056,ELG,1.03926547,1.263220,1.0000
TG00014171,T00056,ELG,0.55145390,1.518061,1.0000
TG00014172,T00056,ELG,0.53611227,0.849115,1.0000
TG00014173,T00056,ELG,0.52842586,0.975116,1.0000
TG00014174,T00056,ELG,0.67023216,1.054533,1.0000
TG00014175,T00056,ELG,1.08975623,1.049959,1.0000
TG00014176,T00056,ELG,0.42881471,1.058800,1.0000
TG00014177,T00056,ELG,0.54272917,0.833986,1.0000
TG00014178,T00056,ELG,0.88441030,1.100327,1.0000
TG00014179,T00056,ELG,0.31140724,0.471944,1.0000
TG00014180,T00056,ELG,0.43622792,1.126522,1.0000
TG00014181,T00056,ELG,0.35769948,1.062184,1.0000
TG00014182,T00056,ELG,0.68354394,0.973468,1.0000
TG00014183,T00056,ELG,0.36085017,0.790118,1.0000
TG00014184,T00056,ELG,0.59549538,1.513452,1.0000
TG00014185,T00056,ELG,1.04882814,1.126734,1.0000
TG00014186,T00056,ELG,0.23136851,0.971594,1.0000
TG00014187,T00056,ELG,1.05398592,1.515531,1.0000
TG00014188,T00056,ELG,0.49116325,1.453416,1.0000
TG00014189,T00056,ELG,0.47349134,1.254862,1.0000
TG00014190,T00056,ELG,0.72146407,1.451966,1.0000
TG00014191,T00056,ELG,0.64926397,1.017163,1.0000
TG00014192,T00056,ELG,0.37718810,1.100261,1.0000
TG00014193,T00056,ELG,0.53163237,0.747541,1.0000
TG00014194,T00056,ELG,0.63059503,1.398122,1.0000
TG00014195,T00056,ELG,0.47241561,0.966715,1.0000
TG00014196,T00056,ELG,0.83138579,0.935208,1.0000
TG00014197,T00056,ELG,0.52137493,1.756387,1.0000
TG00014198,T00056,ELG,0.63588966,1.181556,1.0000
TG00014199,T00056,ELG,0.55004304,1.274469,1.0000
TG00014200,T00056,ELG,0.46635851,0.991450,1.0000
TG00014201,T00056,ELG,1.00024752,1.128239,1.0000
TG00014202,T00056,QSO,0.19666867,1.615398,1.7000
TG00014203,T00056,QSO,0.19273443,2.676386,1.7000
TG00014204,T00056,QSO,0.28256032,3.025367,1.7000
TG00014205,T00056,QSO,0.10942410,2.157414,1.7000
TG00014206,T00056,QSO,0.10130750,2.369699,1.7000
TG00014207,T00056,QSO,0.17119553,2.724347,1.7000
TG00014208,T00056,QSO,0.15017215,2.052084,1.7000
TG00014209,T00056,QSO,0.29796946,2.083908,1.7000
TG00014210,T00056,QSO,0.07355102,1.338430,1.7000
TG00014211,T00056,QSO,0.51719140,2.414632,1.7000
TG00014212,T00056,QSO,0.11401191,2.395653,1.7000
TG00014213,T00056,QSO,0.34759577,2.682118,1.7000
TG00014214,T00056,QSO,0.19629681,1.994099,1.7000
TG00014215,T00056,QSO,0.22532434,1.412953,1.7000
TG00014216,T00056,QSO,0.14973214,2.179456,1.7000
TG00014217,T00056,QSO,0.10564178,2.658381,1.7000
TG00014218,T00056,QSO,0.34290964,2.977686,1.7000
TG00014219,T00056,QSO,0.18067014,1.941461,1.7000
TG00014220,T00056,QSO,0.17260212,2.604808,1.7000
TG00014221,T00056,QSO,0.20804103,2.158094,1.7000
TG00014222,T00056,QSO,0.19600577,2.618206,1.7000
TG00014223,T00056,QSO,0.19710892,0.877314,1.7000
TG00014224,T00056,BGS,1.07330168,0.264060,0.4500
TG00014225,T00056,BGS,1.00478201,0.316670,0.4500
TG00014226,T00056,BGS,1.37712690,0.228797,0.4500
TG00014227,T00056,BGS,1.19413811,0.258758,0.4500
TG00014228,T00056,BGS,1.30212252,0.308827,0.4500
TG00014229,T00056,BGS,1.23397381,0.192499,0.4500
TG00014230,T00056,BGS,1.03219102,0.445731,0.4500
TG00014231,T00056,BGS,0.91951082,0.256632,0.4500
TG00014232,T00056,BGS,1.53249604,0.240430,0.4500
TG00014233,T00056,BGS,1.27378797,0.255596,0.4500
TG00014234,T00056,BGS,1.45302616,0.216718,0.4500
TG00014235,T00056,BGS,1.79322308,0.269804,0.4500
TG00014236,T00056,BGS,1.54760508,0.224824,0.4500
TG00014237,T00056,BGS,1.10603448,0.000000,0.4500
TG00014238,T00056,BGS,1.24520770,0.044970,0.4500
TG00014239,T00056,BGS,1.53399030,0.265284,0.4500
TG00014240,T00056,BGS,0.82328326,0.408871,0.4500
TG00014241,T00056,BGS,1.75085110,0.121379,0.4500
TG00014242,T00056,BGS,1.00484982,0.379339,0.4500
TG00014243,T00056,BGS,0.97846845,0.209598,0.4500
TG00014244,T00056,BGS,1.35159813,0.286202,0.4500
TG00014245,T00056,BGS,1.46081066,0.177370,0.4500
TG00014246,T00056,BGS,0.73760040,0.151425,0.4500
TG00014247,T00056,BGS,1.14056419,0.219494,0.4500
TG00014248,T00056,BGS,1.02422367,0.124755,0.4500
TG00014249,T00056,BGS,1.72999241,0.182762,0.4500
TG00014250,T00056,BGS,1.07572082,0.266494,0.4500
TG00014251,T00056,BGS,1.48157643,0.170413,0.4500
TG00014252,T00056,BGS,1.42663009,0.245459,0.4500
TG00014253,T00056,BGS,0.84457034,0.252660,0.4500
TG00014254,T00056,BGS,1.02814294,0.232007,0.4500
TG00014255,T00056,BGS,1.64697068,0.366667,0.4500
TG00014256,T00056,BGS,2.22757172,0.157878,0.4500
TG00014257,T00056,BGS,1.21961424,0.183217,0.4500
TG00014258,T00056,BGS,1.32002629,0.026300,0.4500
TG00014259,T00056,BGS,1.32624044,0.099361,0.4500
TG00014260,T00056,BGS,0.74875897,0.261164,0.4500
TG00014261,T00056,BGS,1.33712131,0.147509,0.4500
TG00014262,T00056,BGS,0.93074541,0.252169,0.4500
TG00014263,T00056,BGS,0.98412627,0.212879,0.4500
TG00014264,T00056,BGS,0.82910985,0.290085,0.4500
TG00014265,T00056,BGS,0.84214896,0.114654,0.4500
TG00014266,T00056,BGS,1.21553968,0.162434,0.4500
TG00014267,T00056,BGS,1.33815284,0.158531,0.4500
TG00014268,T00056,BGS,1.01077411,0.183627,0.4500
TG00014269,T00056,BGS,1.90001099,0.217339,0.4500
TG00014270,T00056,BGS,1.27074625,0.267111,0.4500
TG00014271,T00056,BGS,1.33410772,0.344481,0.4500
TG00014272,T00056,BGS,1.14495106,0.136791,0.4500
TG00014273,T00056,BGS,1.07758693,0.057050,0.4500
TG00014274,T00056,BGS,1.01649650,0.168452,0.4500
TG00014275,T00056,BGS,1.05287541,0.275723,0.4500
TG00014276,T00056,BGS,1.19799398,0.224104,0.4500
TG00014277,T00056,BGS,1.01299865,0.217470,0.4500
TG00014278,T00056,BGS,1.38930718,0.370849,0.4500
TG00014279,T00056,BGS,1.46145046,0.277018,0.4500
TG00014280,T00056,BGS,0.99828434,0.130504,0.4500
TG00014281,T00056,BGS,0.94227050,0.238612,0.4500
TG00014282,T00056,BGS,0.82582991,0.218498,0.4500
TG00014283,T00056,BGS,1.52222334,0.082196,0.4500
TG00014284,T00056,BGS,1.12538198,0.300275,0.4500
TG00014285,T00056,BGS,0.99996031,0.339504,0.4500
TG00014286,T00056,BGS,0.94278451,0.275877,0.4500
TG00014287,T00056,BGS,1.20116576,0.331304,0.4500
TG00014288,T00056,BGS,1.64739108,0.282241,0.4500
TG00014289,T00056,BGS,1.26169295,0.254356,0.4500
TG00014290,T00056,BGS,0.71744262,0.234772,0.4500
TG00014291,T00056,BGS,0.89805509,0.076907,0.4500
TG00014292,T00056,BGS,1.35042817,0.222353,0.4500
TG00014293,T00056,BGS,0.99547738,0.216425,0.4500
TG00014294,T00056,BGS,0.96991002,0.047731,0.4500
TG00014295,T00056,BGS,1.41581333,0.336523,0.4500
TG00014296,T00056,BGS,0.64020051,0.306527,0.4500
TG00014297,T00056,BGS,1.17799953,0.385247,0.4500
TG00014298,T00057,LRG,0.38786944,0.638177,1.0000
TG00014299,T00057,LRG,0.31792303,0.820479,1.0000
TG00014300,T00057,LRG,0.44458536,0.637302,1.0000
TG00014301,T00057,LRG,0.39946263,0.873403,1.0000
TG00014302,T00057,LRG,0.34263750,0.858524,1.0000
TG00014303,T00057,LRG,0.53650812,0.802802,1.0000
TG00014304,T00057,LRG,0.45675429,0.271415,1.0000
TG00014305,T00057,LRG,0.36795648,0.875749,1.0000
TG00014306,T00057,LRG,0.32115432,0.587130,1.0000
TG00014307,T00057,LRG,0.29064963,0.531794,1.0000
TG00014308,T00057,LRG,0.36834944,0.927228,1.0000
TG00014309,T00057,LRG,0.43058957,0.638992,1.0000
TG00014310,T00057,LRG,0.38842761,0.570976,1.0000
TG00014311,T00057,LRG,0.24088571,1.058633,1.0000
TG00014312,T00057,LRG,0.30360968,0.785572,1.0000
TG00014313,T00057,LRG,0.35351081,0.701133,1.0000
TG00014314,T00057,LRG,0.19082756,0.697796,1.0000
TG00014315,T00057,LRG,0.54935196,0.433597,1.0000
TG00014316,T00057,LRG,0.36557425,1.078818,1.0000
TG00014317,T00057,LRG,0.54237068,0.591273,1.0000
TG00014318,T00057,LRG,0.54466178,0.756634,1.0000
TG00014319,T00057,LRG,0.24858480,0.832416,1.0000
TG00014320,T00057,LRG,0.34405473,0.683560,1.0000
TG00014321,T00057,LRG,0.62158508,0.915972,1.0000
TG00014322,T00057,LRG,0.38685749,0.800394,1.0000
TG00014323,T00057,LRG,0.34014685,0.572356,1.0000
TG00014324,T00057,LRG,0.38825664,0.747323,1.0000
TG00014325,T00057,LRG,0.51625916,0.455620,1.0000
TG00014326,T00057,LRG,0.20126014,0.670968,1.0000
TG00014327,T00057,LRG,0.44547854,0.956452,1.0000
TG00014328,T00057,LRG,0.41541045,0.688627,1.0000
TG00014329,T00057,LRG,0.19902554,0.571741,1.0000
TG00014330,T00057,LRG,0.34640819,0.902796,1.0000
TG00014331,T00057,LRG,0.43951361,0.629629,1.0000
TG00014332,T00057,LRG,0.52395209,0.722218,1.0000
TG00014333,T00057,LRG,0.33162091,0.214578,1.0000
TG00014334,T00057,LRG,0.28264863,0.674070,1.0000
TG00014335,T00057,LRG,0.32407156,0.500467,1.0000
TG00014336,T00057,LRG,0.26797559,0.408643,1.0000
TG00014337,T00057,LRG,0.39065358,0.896293,1.0000
TG00014338,T00057,LRG,0.82182248,0.596178,1.0000
TG00014339,T00057,LRG,0.34033805,0.638029,1.0000
TG00014340,T00057,LRG,0.21459466,0.562167,1.0000
TG00014341,T00057,LRG,0.40137265,0.708628,1.0000
TG00014342,T00057,LRG,0.54347166,0.726818,1.0000
TG00014343,T00057,LRG,0.26408612,1.104674,1.0000
TG00014344,T00057,LRG,0.78565313,0.807622,1.0000
TG00014345,T00057,LRG,0.25406057,0.926929,1.0000
TG00014346,T00057,LRG,0.52186502,0.703100,1.0000
TG00014347,T00057,LRG,0.58389652,0.694575,1.0000
TG00014348,T00057,LRG,0.21757768,0.840608,1.0000
TG00014349,T00057,LRG,0.31057092,0.486685,1.0000
TG00014350,T00057,LRG,0.33154904,0.846076,1.0000
TG00014351,T00057,LRG,0.33641253,0.443984,1.0000
TG00014352,T00057,LRG,0.22871086,0.695557,1.0000
TG00014353,T00057,ELG,0.77050026,0.554289,1.0000
TG00014354,T00057,ELG,1.11554610,1.021176,1.0000
TG00014355,T00057,ELG,0.60292790,1.257316,1.0000
TG00014356,T00057,ELG,0.29632098,1.456425,1.0000
TG00014357,T00057,ELG,0.42625526,1.085291,1.0000
TG00014358,T00057,ELG,0.33425392,1.128028,1.0000
TG00014359,T00057,ELG,0.54363221,1.529495,1.0000
TG00014360,T00057,ELG,0.44701071,1.848946,1.0000
TG00014361,T00057,ELG,0.28826005,1.762564,1.0000
TG00014362,T00057,ELG,0.28002260,1.334049,1.0000
TG00014363,T00057,ELG,0.42186064,1.293127,1.0000
TG00014364,T00057,ELG,0.84716653,1.308109,1.0000
TG00014365,T00057,ELG,0.59422133,0.823271,1.0000
TG00014366,T00057,ELG,0.81810591,0.413372,1.0000
TG00014367,T00057,ELG,0.82344964,1.055431,1.0000
TG00014368,T00057,ELG,0.82930916,1.230438,1.0000
TG00014369,T00057,ELG,0.88290223,1.193093,1.0000
TG00014370,T00057,ELG,0.45447214,0.386181,1.0000
TG00014371,T00057,ELG,0.50165705,0.953707,1.0000
TG00014372,T00057,ELG,0.42281526,1.069825,1.0000
TG00014373,T00057,ELG,0.35532049,1.102259,1.0000
TG00014374,T00057,ELG,0.58392102,1.117425,1.0000
TG00014375,T00057,ELG,0.60255377,1.201516,1.0000
TG00014376,T00057,ELG,0.63955940,1.163364,1.0000
TG00014377,T00057,ELG,0.71188304,0.518545,1.0000
TG00014378,T00057,ELG,0.65721296,1.297417,1.0000
TG00014379,T00057,ELG,0.42731760,1.058145,1.0000
TG00014380,T00057,ELG,0.59231716,1.097640,1.0000
TG00014381,T00057,ELG,0.69623371,0.667155,1.0000
TG00014382,T00057,ELG,0.32425526,1.075677,1.0000
TG00014383,T00057,ELG,0.57560331,1.323235,1.0000
TG00014384,T00057,ELG,0.62487719,1.044370,1.0000
TG00014385,T00057,ELG,0.65380428,0.660224,1.0000
TG00014386,T00057,ELG,0.86214461,1.478523,1.0000
TG00014387,T00057,ELG,0.27365248,0.869181,1.0000
TG00014388,T00057,ELG,0.31008152,0.950451,1.0000
TG00014389,T00057,ELG,0.24333412,1.104701,1.0000
TG00014390,T00057,ELG,0.78245048,1.214028,1.0000
TG00014391,T00057,ELG,0.48364514,1.668235,1.0000
TG00014392,T00057,ELG,0.59491563,1.392764,1.0000
TG00014393,T00057,ELG,0.47802007,1.388435,1.0000
TG00014394,T00057,ELG,0.43824350,0.322356,1.0000
TG00014395,T00057,ELG,0.75138739,0.869901,1.0000
TG00014396,T00057,ELG,0.86038887,1.369531,1.0000
TG00014397,T00057,ELG,0.45043334,1.016714,1.0000
TG00014398,T00057,ELG,0.64988704,0.909493,1.0000
TG00014399,T00057,ELG,0.68191158,1.115799,1.0000
TG00014400,T00057,ELG,0.54446507,1.077688,1.0000
TG00014401,T00057,ELG,0.66093003,1.213219,1.0000
TG00014402,T00057,ELG,0.98011399,0.610293,1.0000
TG00014403,T00057,ELG,0.36604220,0.945351,1.0000
TG00014404,T00057,ELG,0.47771132,0.931452,1.0000
TG00014405,T00057,ELG,0.45521398,1.399063,1.0000
TG00014406,T00057,ELG,0.50554734,1.746185,1.0000
TG00014407,T00057,ELG,0.33057086,1.333175,1.0000
TG00014408,T00057,ELG,0.55399852,0.929777,1.0000
TG00014409,T00057,ELG,0.40174798,1.238333,1.0000
TG00014410,T00057,ELG,0.79688253,0.874005,1.0000
TG00014411,T00057,ELG,0.49031497,1.065808,1.0000
TG00014412,T00057,ELG,0.34427902,0.881362,1.0000
TG00014413,T00057,ELG,0.67553019,1.227275,1.0000
TG00014414,T00057,ELG,1.59522951,1.677372,1.0000
TG00014415,T00057,ELG,0.50823350,1.201393,1.0000
TG00014416,T00057,ELG,0.49895718,1.500243,1.0000
TG00014417,T00057,ELG,0.66217942,1.262569,1.0000
TG00014418,T00057,ELG,0.23449259,1.160142,1.0000
TG00014419,T00057,ELG,0.41034896,1.293003,1.0000
TG00014420,T00057,ELG,0.50625733,1.253154,1.0000
TG00014421,T00057,ELG,0.95910744,1.362858,1.0000
TG00014422,T00057,ELG,1.04936612,0.486459,1.0000
TG00014423,T00057,ELG,0.62176090,1.129059,1.0000
TG00014424,T00057,ELG,0.79203101,0.793918,1.0000
TG00014425,T00057,ELG,0.45491251,1.323183,1.0000
TG00014426,T00057,ELG,0.75842837,1.279776,1.0000
TG00014427,T00057,ELG,0.35209127,0.782673,1.0000
TG00014428,T00057,ELG,0.14397199,1.430493,1.0000
TG00014429,T00057,ELG,0.26086421,1.407401,1.0000
TG00014430,T00057,ELG,0.25247923,1.446973,1.0000
TG00014431,T00057,ELG,0.29691213,1.057486,1.0000
TG00014432,T00057,ELG,0.39481435,0.660042,1.0000
TG00014433,T00057,ELG,0.33165000,0.754928,1.0000
TG00014434,T00057,ELG,0.43831671,1.270310,1.0000
TG00014435,T00057,ELG,1.28391269,1.339452,1.0000
TG00014436,T00057,ELG,0.21031796,0.885028,1.0000
TG00014437,T00057,ELG,0.67344118,1.488344,1.0000
TG00014438,T00057,ELG,0.52705227,1.189766,1.0000
TG00014439,T00057,ELG,0.95862994,0.887656,1.0000
TG00014440,T00057,ELG,0.79288301,1.105955,1.0000
TG00014441,T00057,ELG,0.59351198,1.516281,1.0000
TG00014442,T00057,ELG,0.43445354,1.082535,1.0000
TG00014443,T00057,ELG,0.82354755,1.316416,1.0000
TG00014444,T00057,ELG,0.72210029,0.990868,1.0000
TG00014445,T00057,ELG,0.52811358,0.982016,1.0000
TG00014446,T00057,ELG,0.61775414,1.315081,1.0000
TG00014447,T00057,ELG,0.92515374,1.188948,1.0000
TG00014448,T00057,ELG,0.27417476,0.875343,1.0000
TG00014449,T00057,ELG,0.90528295,1.020474,1.0000
TG00014450,T00057,ELG,1.26401185,1.114048,1.0000
TG00014451,T00057,ELG,0.52555393,1.154596,1.0000
TG00014452,T00057,ELG,0.42928736,1.060348,1.0000
TG00014453,T00057,ELG,0.49083870,1.718161,1.0000
TG00014454,T00057,ELG,0.32415003,0.940351,1.0000
TG00014455,T00057,ELG,0.96003703,1.228515,1.0000
TG00014456,T00057,ELG,1.00315956,1.249738,1.0000
TG00014457,T00057,ELG,0.80039053,1.109147,1.0000
TG00014458,T00057,ELG,0.72788693,0.802577,1.0000
TG00014459,T00057,ELG,0.49782558,0.758251,1.0000
TG00014460,T00057,ELG,1.73151920,1.157897,1.0000
TG00014461,T00057,ELG,0.59009957,1.297735,1.0000
TG00014462,T00057,ELG,0.70657570,1.126896,1.0000
TG00014463,T00057,ELG,0.60836147,0.931563,1.0000
TG00014464,T00057,ELG,0.88903688,0.770340,1.0000
TG00014465,T00057,ELG,0.62356835,0.812404,1.0000
TG00014466,T00057,ELG,0.82471712,1.751854,1.0000
TG00014467,T00057,ELG,0.40004239,0.931805,1.0000
TG00014468,T00057,ELG,0.49010392,1.255533,1.0000
TG00014469,T00057,ELG,0.72175615,0.673854,1.0000
TG00014470,T00057,ELG,0.64485056,0.799623,1.0000
TG00014471,T00057,ELG,0.38288144,0.991416,1.0000
TG00014472,T00057,ELG,0.35011894,0.759170,1.0000
TG00014473,T00057,ELG,0.66788922,0.918131,1.0000
TG00014474,T00057,ELG,0.53843049,1.253137,1.0000
TG00014475,T00057,ELG,0.84333891,0.981369,1.0000
TG00014476,T00057,ELG,0.49585415,1.817416,1.0000
TG00014477,T00057,ELG,0.54786159,0.766197,1.0000
TG00014478,T00057,ELG,0.43570161,1.171472,1.0000
TG00014479,T00057,ELG,0.34278220,0.910079,1.0000
TG00014480,T00057,ELG,0.90654920,1.552984,1.0000
TG00014481,T00057,ELG,0.26693315,1.125060,1.0000
TG00014482,T00057,ELG,0.24480944,0.966395,1.0000
TG00014483,T00057,ELG,0.66210482,0.401837,1.0000
TG00014484,T00057,ELG,0.62076520,0.497930,1.0000
TG00014485,T00057,QSO,0.17772045,3.435889,1.7000
TG00014486,T00057,QSO,0.09298503,1.615149,1.7000
TG00014487,T00057,QSO,0.10342843,2.350817,1.7000
TG00014488,T00057,QSO,0.15564710,1.322576,1.7000
TG00014489,T00057,QSO,0.25309132,1.740550,1.7000
TG00014490,T00057,QSO,0.09187848,2.069523,1.7000
TG00014491,T00057,QSO,0.52815262,2.031107,1.7000
TG00014492,T00057,QSO,0.23049920,1.795977,1.7000
TG00014493,T00057,QSO,0.19657016,1.994077,1.7000
TG00014494,T00057,QSO,0.11874402,3.161754,1.7000
TG00014495,T00057,QSO,0.21905281,1.847601,1.7000
TG00014496,T00057,QSO,0.16020890,2.430020,1.7000
TG00014497,T00057,QSO,0.09274305,2.574323,1.7000
TG00014498,T00057,QSO,0.11142793,1.117995,1.7000
TG00014499,T00057,QSO,0.20859917,1.277246,1.7000
TG00014500,T00057,QSO,0.39958013,1.623927,1.7000
TG00014501,T00057,QSO,0.13537230,1.350621,1.7000
TG00014502,T00057,QSO,0.07046612,2.477479,1.7000
TG00014503,T00057,QSO,0.35276393,2.377063,1.7000
TG00014504,T00057,QSO,0.09708122,1.936716,1.7000
TG00014505,T00057,QSO,0.21866836,3.101022,1.7000
TG00014506,T00057,QSO,0.13435835,2.869271,1.7000
TG00014507,T00057,QSO,0.18865164,2.472776,1.7000
TG00014508,T00057,QSO,0.20187813,2.989838,1.7000
TG00014509,T00057,QSO,0.19790750,0.906544,1.7000
TG00014510,T00057,QSO,0.40764306,2.443696,1.7000
TG00014511,T00057,BGS,1.48741446,0.349674,0.4500
TG00014512,T00057,BGS,0.80164122,0.134131,0.4500
TG00014513,T00057,BGS,0.82155673,0.208047,0.4500
TG00014514,T00057,BGS,1.44355755,0.145287,0.4500
TG00014515,T00057,BGS,1.12492400,0.182490,0.4500
TG00014516,T00057,BGS,0.88637564,0.171751,0.4500
TG00014517,T00057,BGS,1.20693995,0.091923,0.4500
TG00014518,T00057,BGS,1.49715452,0.212214,0.4500
TG00014519,T00057,BGS,1.90935786,0.148053,0.4500
TG00014520,T00057,BGS,1.07257234,0.225287,0.4500
TG00014521,T00057,BGS,1.41864517,0.196245,0.4500
TG00014522,T00057,BGS,1.09435804,0.351515,0.4500
TG00014523,T00057,BGS,0.71055820,0.110193,0.4500
TG00014524,T00057,BGS,0.88686897,0.160496,0.4500
TG00014525,T00057,BGS,1.06253611,0.264458,0.4500
TG00014526,T00057,BGS,0.81416203,0.211592,0.4500
TG00014527,T00057,BGS,0.97556983,0.272852,0.4500
TG00014528,T00057,BGS,1.20762919,0.242213,0.4500
TG00014529,T00057,BGS,1.31001901,0.179970,0.4500
TG00014530,T00057,BGS,1.64388365,0.203183,0.4500
TG00014531,T00057,BGS,1.17937838,0.092494,0.4500
TG00014532,T00057,BGS,1.27637850,0.194132,0.4500
TG00014533,T00057,BGS,1.03815386,0.209242,0.4500
TG00014534,T00057,BGS,1.71308710,0.167073,0.4500
TG00014535,T00057,BGS,1.20428146,0.315157,0.4500
TG00014536,T00057,BGS,0.71930992,0.164587,0.4500
TG00014537,T00057,BGS,1.90243951,0.244270,0.4500
TG00014538,T00057,BGS,1.06984791,0.135836,0.4500
TG00014539,T00057,BGS,1.22291365,0.176507,0.4500
TG00014540,T00057,BGS,1.79429034,0.340285,0.4500
TG00014541,T00057,BGS,0.89366142,0.174534,0.4500
TG00014542,T00057,BGS,0.98513269,0.170939,0.4500
TG00014543,T00057,BGS,0.84523593,0.169067,0.4500
TG00014544,T00057,BGS,0.78576770,0.152600,0.4500
TG00014545,T00057,BGS,1.33522171,0.241232,0.4500
TG00014546,T00057,BGS,1.63862380,0.244386,0.4500
TG00014547,T00057,BGS,1.43764352,0.215543,0.4500
TG00014548,T00057,BGS,1.11120703,0.045441,0.4500
TG00014549,T00057,BGS,1.23502045,0.129757,0.4500
TG00014550,T00057,BGS,1.83733044,0.245547,0.4500
TG00014551,T00057,BGS,0.58970005,0.208555,0.4500
TG00014552,T00057,BGS,1.28652155,0.339717,0.4500
TG00014553,T00057,BGS,1.02941397,0.238632,0.4500
TG00014554,T00057,BGS,1.29085551,0.312722,0.4500
TG00014555,T00057,BGS,1.49282263,0.158283,0.4500
TG00014556,T00057,BGS,1.71461427,0.262988,0.4500
TG00014557,T00057,BGS,0.95325397,0.321836,0.4500
TG00014558,T00057,BGS,1.31023412,0.125090,0.4500
TG00014559,T00057,BGS,2.40001312,0.128200,0.4500
TG00014560,T00057,BGS,1.15959237,0.171161,0.4500
TG00014561,T00057,BGS,2.05934311,0.320855,0.4500
TG00014562,T00057,BGS,1.49834470,0.182575,0.4500
TG00014563,T00057,BGS,1.47969512,0.280181,0.4500
TG00014564,T00057,BGS,0.92879119,0.260732,0.4500
TG00014565,T00057,BGS,1.29237166,0.146298,0.4500
TG00014566,T00057,BGS,1.39471658,0.194381,0.4500
TG00014567,T00057,BGS,1.80201685,0.355720,0.4500
TG00014568,T00057,BGS,1.32696076,0.056079,0.4500
TG00014569,T00057,BGS,1.25522440,0.101128,0.4500
TG00014570,T00057,BGS,1.15398497,0.196341,0.4500
TG00014571,T00057,BGS,1.54467939,0.348233,0.4500
TG00014572,T00057,BGS,1.73994498,0.179723,0.4500
TG00014573,T00057,BGS,1.15247331,0.139310,0.4500
TG00014574,T00057,BGS,1.62561495,0.109639,0.4500
TG00014575,T00057,BGS,1.02072496,0.195706,0.4500
TG00014576,T00057,BGS,0.96399186,0.275895,0.4500
TG00014577,T00058,LRG,0.29002402,0.735132,1.0000
TG00014578,T00058,LRG,0.30387729,0.861502,1.0000
TG00014579,T00058,LRG,0.12049207,0.804989,1.0000
TG00014580,T00058,LRG,0.83738621,0.705437,1.0000
TG00014581,T00058,LRG,0.24709749,0.402535,1.0000
TG00014582,T00058,LRG,0.19276538,0.640529,1.0000
TG00014583,T00058,LRG,0.41453871,0.851548,1.0000
TG00014584,T00058,LRG,0.50905680,0.536891,1.0000
TG00014585,T00058,LRG,0.31878864,0.900635,1.0000
TG00014586,T00058,LRG,0.19553071,0.332380,1.0000
TG00014587,T00058,LRG,0.25929417,0.558384,1.0000
TG00014588,T00058,LRG,0.27321897,0.613639,1.0000
TG00014589,T00058,LRG,0.32547877,0.738461,1.0000
TG00014590,T00058,LRG,0.38867194,0.520548,1.0000
TG00014591,T00058,LRG,0.30708857,0.887987,1.0000
TG00014592,T00058,LRG,0.41145786,0.855574,1.0000
TG00014593,T00058,LRG,0.68441094,0.563833,1.0000
TG00014594,T00058,LRG,0.31402925,0.695225,1.0000
TG00014595,T00058,LRG,0.29402491,0.710855,1.0000
TG00014596,T00058,LRG,0.22918850,1.234250,1.0000
TG00014597,T00058,LRG,0.30075120,0.966952,1.0000
TG00014598,T00058,LRG,0.43188651,0.850228,1.0000
TG00014599,T00058,LRG,0.34591137,0.634242,1.0000
TG00014600,T00058,LRG,0.43991307,1.057118,1.0000
TG00014601,T00058,LRG,0.28364106,0.695585,1.0000
TG00014602,T00058,LRG,0.52140016,0.699567,1.0000
TG00014603,T00058,LRG,0.43935254,0.504214,1.0000
TG00014604,T00058,LRG,0.48838956,0.590212,1.0000
TG00014605,T00058,LRG,0.33735480,1.052941,1.0000
TG00014606,T00058,LRG,0.44257325,0.883539,1.0000
TG00014607,T00058,LRG,0.28392732,0.368471,1.0000
TG00014608,T00058,LRG,0.21508833,0.821316,1.0000
TG00014609,T00058,LRG,0.37924572,0.386763,1.0000
TG00014610,T00058,LRG,0.22165227,0.363838,1.0000
TG00014611,T00058,LRG,0.36690908,0.857168,1.0000
TG00014612,T00058,LRG,0.27324328,0.674926,1.0000
TG00014613,T00058,LRG,0.16755573,0.573271,1.0000
TG00014614,T00058,LRG,0.44722560,0.969949,1.0000
TG00014615,T00058,LRG,0.32062445,0.750641,1.0000
TG00014616,T00058,LRG,0.27412808,0.603218,1.0000
TG00014617,T00058,LRG,0.44480620,0.439359,1.0000
TG00014618,T00058,LRG,0.29177138,0.670086,1.0000
TG00014619,T00058,LRG,0.39256261,0.752799,1.0000
TG00014620,T00058,LRG,0.20031551,0.940220,1.0000
TG00014621,T00058,LRG,0.30162917,0.853134,1.0000
TG00014622,T00058,LRG,0.25096781,0.481063,1.0000
TG00014623,T00058,LRG,0.17704971,0.673461,1.0000
TG00014624,T00058,LRG,0.22722802,0.817372,1.0000
TG00014625,T00058,LRG,0.32218307,0.602492,1.0000
TG00014626,T00058,LRG,0.16789997,0.681195,1.0000
TG00014627,T00058,LRG,0.42935345,0.947719,1.0000
TG00014628,T00058,LRG,0.19840269,0.927403,1.0000
TG00014629,T00058,LRG,0.22697822,0.940761,1.0000
TG00014630,T00058,ELG,0.45230915,0.808000,1.0000
TG00014631,T00058,ELG,0.63276934,1.701715,1.0000
TG00014632,T00058,ELG,0.85406927,0.943011,1.0000
TG00014633,T00058,ELG,0.21581172,1.540166,1.0000
TG00014634,T00058,ELG,0.88004651,1.275554,1.0000
TG00014635,T00058,ELG,0.71754118,0.832022,1.0000
TG00014636,T00058,ELG,0.35935573,1.308779,1.0000
TG00014637,T00058,ELG,0.33095129,1.037306,1.0000
TG00014638,T00058,ELG,0.67590195,1.036638,1.0000
TG00014639,T00058,ELG,0.80178569,0.703712,1.0000
TG00014640,T00058,ELG,0.58216027,1.535981,1.0000
TG00014641,T00058,ELG,1.29488887,1.638638,1.0000
TG00014642,T00058,ELG,1.09799812,0.927184,1.0000
TG00014643,T00058,ELG,0.78936903,1.106856,1.0000
TG00014644,T00058,ELG,0.45360968,0.921252,1.0000
TG00014645,T00058,ELG,0.62812462,1.336060,1.0000
TG00014646,T00058,ELG,0.96044524,1.225767,1.0000
TG00014647,T00058,ELG,1.03843532,1.293229,1.0000
TG00014648,T00058,ELG,0.43072521,1.525781,1.0000
TG00014649,T00058,ELG,0.52266824,0.699702,1.0000
TG00014650,T00058,ELG,0.56042719,0.588397,1.0000
TG00014651,T00058,ELG,0.74710558,1.834297,1.0000
TG00014652,T00058,ELG,0.57306795,0.704436,1.0000
TG00014653,T00058,ELG,0.41172840,0.715475,1.0000
TG00014654,T00058,ELG,0.25724711,0.797757,1.0000
TG00014655,T00058,ELG,0.32404154,1.440164,1.0000
TG00014656,T00058,ELG,0.60892969,1.329469,1.0000
TG00014657,T00058,ELG,0.72042013,1.422295,1.0000
TG00014658,T00058,ELG,1.01039137,1.308561,1.0000
TG00014659,T00058,ELG,0.53954519,0.872017,1.0000
TG00014660,T00058,ELG,0.33603445,1.306679,1.0000
TG00014661,T00058,ELG,0.71924865,0.898850,1.0000
TG00014662,T00058,ELG,0.56532045,0.866051,1.0000
TG00014663,T00058,ELG,0.55569653,1.407932,1.0000
TG00014664,T00058,ELG,0.35044584,1.125522,1.0000
TG00014665,T00058,ELG,0.54796647,1.314599,1.0000
TG00014666,T00058,ELG,0.73041884,1.324799,1.0000
TG00014667,T00058,ELG,0.50099196,1.742757,1.0000
TG00014668,T00058,ELG,0.70539605,1.200284,1.0000
TG00014669,T00058,ELG,0.72653131,1.334153,1.0000
TG00014670,T00058,ELG,0.39871009,1.051091,1.0000
TG00014671,T00058,ELG,1.03341567,0.894855,1.0000
TG00014672,T00058,ELG,0.48437747,1.654492,1.0000
TG00014673,T00058,ELG,0.77061927,1.362727,1.0000
TG00014674,T00058,ELG,0.78258518,0.685725,1.0000
TG00014675,T00058,ELG,1.03575805,1.642151,1.0000
TG00014676,T00058,ELG,0.82650112,0.924684,1.0000
TG00014677,T00058,ELG,0.65773558,1.416000,1.0000
TG00014678,T00058,ELG,0.71725562,1.180228,1.0000
TG00014679,T00058,ELG,0.38265495,0.985733,1.0000
TG00014680,T00058,ELG,0.61483563,0.641348,1.0000
TG00014681,T00058,ELG,0.76645727,1.203911,1.0000
TG00014682,T00058,ELG,0.53028455,0.803541,1.0000
TG00014683,T00058,ELG,0.79926966,1.314597,1.0000
TG00014684,T00058,ELG,0.35817034,1.228997,1.0000
TG00014685,T00058,ELG,0.53556762,0.776627,1.0000
TG00014686,T00058,ELG,0.26355268,0.847742,1.0000
TG00014687,T00058,ELG,0.64852923,1.363513,1.0000
TG00014688,T00058,ELG,0.44751754,1.680190,1.0000
TG00014689,T00058,ELG,0.24259206,1.441529,1.0000
TG00014690,T00058,ELG,0.79372511,0.805193,1.0000
TG00014691,T00058,ELG,0.60222653,1.227121,1.0000
TG00014692,T00058,ELG,0.42411543,1.251588,1.0000
TG00014693,T00058,ELG,0.52229228,1.394317,1.0000
TG00014694,T00058,ELG,0.61353849,0.488581,1.0000
TG00014695,T00058,ELG,0.81296841,0.862697,1.0000
TG00014696,T00058,ELG,0.45942238,1.041726,1.0000
TG00014697,T00058,ELG,0.74867636,1.195917,1.0000
TG00014698,T00058,ELG,0.69638572,1.574605,1.0000
TG00014699,T00058,ELG,0.60598717,1.047107,1.0000
TG00014700,T00058,ELG,0.76558092,1.435492,1.0000
TG00014701,T00058,ELG,0.36248236,1.519431,1.0000
TG00014702,T00058,ELG,0.80433463,1.208152,1.0000
TG00014703,T00058,ELG,0.37435141,1.298865,1.0000
TG00014704,T00058,ELG,0.42087575,0.998673,1.0000
TG00014705,T00058,ELG,0.46010430,0.610426,1.0000
TG00014706,T00058,ELG,0.86178154,1.142802,1.0000
TG00014707,T00058,ELG,0.38256646,1.701168,1.0000
TG00014708,T00058,ELG,0.56961361,1.319490,1.0000
TG00014709,T00058,ELG,0.53442387,1.074591,1.0000
TG00014710,T00058,ELG,0.83294266,1.337754,1.0000
TG00014711,T00058,ELG,0.48711545,1.132314,1.0000
TG00014712,T00058,ELG,0.52784993,0.878611,1.0000
TG00014713,T00058,ELG,0.83968139,0.874924,1.0000
TG00014714,T00058,ELG,0.68352256,1.266354,1.0000
TG00014715,T00058,ELG,0.70630969,1.461353,1.0000
TG00014716,T00058,ELG,0.78885628,1.009140,1.0000
TG00014717,T00058,ELG,0.37013247,1.622816,1.0000
TG00014718,T00058,ELG,0.73046152,1.110031,1.0000
TG00014719,T00058,ELG,0.58115496,0.956421,1.0000
TG00014720,T00058,ELG,0.66977605,1.026533,1.0000
TG00014721,T00058,ELG,0.36602156,1.294357,1.0000
TG00014722,T00058,ELG,0.58765452,1.500510,1.0000
TG00014723,T00058,ELG,0.46990242,1.429767,1.0000
TG00014724,T00058,ELG,0.95383252,1.314903,1.0000
TG00014725,T00058,QSO,0.14225307,2.360548,1.7000
TG00014726,T00058,QSO,0.11288015,1.765669,1.7000
TG00014727,T00058,QSO,0.12450915,1.611498,1.7000
TG00014728,T00058,QSO,0.22870108,1.745745,1.7000
TG00014729,T00058,QSO,0.23354672,3.221455,1.7000
TG00014730,T00058,QSO,0.20562958,1.400019,1.7000
TG00014731,T00058,QSO,0.12906016,1.313121,1.7000
TG00014732,T00058,QSO,0.07345537,1.406592,1.7000
TG00014733,T00058,QSO,0.31884155,1.804482,1.7000
TG00014734,T00058,QSO,0.35787433,2.617357,1.7000
TG00014735,T00058,QSO,0.14188278,1.532533,1.7000
TG00014736,T00058,QSO,0.12475214,2.335518,1.7000
TG00014737,T00058,QSO,0.24027919,1.297665,1.7000
TG00014738,T00058,QSO,0.17667370,1.593112,1.7000
TG00014739,T00058,QSO,0.20944984,3.887758,1.7000
TG00014740,T00058,QSO,0.16224183,1.951535,1.7000
TG00014741,T00058,QSO,0.17706271,2.517071,1.7000
TG00014742,T00058,BGS,1.00647207,0.312533,0.4500
TG00014743,T00058,BGS,1.14287106,0.157499,0.4500
TG00014744,T00058,BGS,1.07528915,0.271819,0.4500
TG00014745,T00058,BGS,0.91767770,0.168906,0.4500
TG00014746,T00058,BGS,1.53470505,0.284832,0.4500
TG00014747,T00058,BGS,1.21136851,0.240283,0.4500
TG00014748,T00058,BGS,0.95232151,0.176419,0.4500
TG00014749,T00058,BGS,1.19032763,0.219573,0.4500
TG00014750,T00058,BGS,0.98920711,0.218739,0.4500
TG00014751,T00058,BGS,0.75748654,0.357283,0.4500
TG00014752,T00058,BGS,1.36842952,0.141726,0.4500
TG00014753,T00058,BGS,1.07273583,0.315442,0.4500
TG00014754,T00058,BGS,1.11801808,0.179456,0.4500
TG00014755,T00058,BGS,1.42058042,0.353387,0.4500
TG00014756,T00058,BGS,0.86176000,0.266976,0.4500
TG00014757,T00058,BGS,1.49278640,0.172297,0.4500
TG00014758,T00058,BGS,0.88889585,0.252508,0.4500
TG00014759,T00058,BGS,1.20888409,0.215963,0.4500
TG00014760,T00058,BGS,1.47972199,0.233089,0.4500
TG00014761,T00058,BGS,0.73054863,0.271308,0.4500
TG00014762,T00058,BGS,1.24848691,0.328098,0.4500
TG00014763,T00058,BGS,1.47574684,0.204323,0.4500
TG00014764,T00058,BGS,1.04718080,0.143967,0.4500
TG00014765,T00058,BGS,1.40920526,0.230226,0.4500
TG00014766,T00058,BGS,1.12653186,0.266873,0.4500
TG00014767,T00058,BGS,1.60958584,0.279550,0.4500
TG00014768,T00058,BGS,1.14381924,0.175734,0.4500
TG00014769,T00058,BGS,1.21060707,0.304253,0.4500
TG00014770,T00058,BGS,1.94827586,0.296087,0.4500
TG00014771,T00058,BGS,0.74025223,0.221263,0.4500
TG00014772,T00058,BGS,1.86505050,0.000000,0.4500
TG00014773,T00058,BGS,1.94991980,0.244197,0.4500
TG00014774,T00058,BGS,0.82340725,0.302936,0.4500
TG00014775,T00058,BGS,1.47992147,0.320914,0.4500
TG00014776,T00058,BGS,1.86597445,0.212139,0.4500
TG00014777,T00058,BGS,0.84785153,0.299161,0.4500
TG00014778,T00058,BGS,0.80159671,0.224813,0.4500
TG00014779,T00058,BGS,1.05403531,0.164533,0.4500
TG00014780,T00058,BGS,1.08469399,0.346981,0.4500
TG00014781,T00058,BGS,1.58598611,0.069105,0.4500
TG00014782,T00058,BGS,2.25683504,0.285348,0.4500
TG00014783,T00058,BGS,1.10085190,0.158030,0.4500
TG00014784,T00058,BGS,0.95362297,0.372496,0.4500
TG00014785,T00058,BGS,0.81285237,0.384992,0.4500
TG00014786,T00058,BGS,1.32650566,0.312922,0.4500
TG00014787,T00058,BGS,0.87936434,0.206738,0.4500
TG00014788,T00058,BGS,1.32553398,0.213035,0.4500
TG00014789,T00058,BGS,0.90896782,0.128638,0.4500
TG00014790,T00058,BGS,1.11931132,0.295566,0.4500
TG00014791,T00058,BGS,0.91446013,0.280322,0.4500
TG00014792,T00058,BGS,0.83954959,0.188287,0.4500
TG00014793,T00058,BGS,2.26851154,0.153173,0.4500
TG00014794,T00058,BGS,1.78413948,0.166433,0.4500
TG00014795,T00058,BGS,3.49943945,0.277521,0.4500
TG00014796,T00058,BGS,1.19771669,0.114758,0.4500
TG00014797,T00058,BGS,1.64305270,0.341056,0.4500
TG00014798,T00058,BGS,0.95478192,0.155517,0.4500
TG00014799,T00058,BGS,1.73100367,0.225508,0.4500
TG00014800,T00058,BGS,2.26317228,0.188844,0.4500
TG00014801,T00058,BGS,1.92148866,0.171684,0.4500
TG00014802,T00058,BGS,1.58577357,0.112046,0.4500
TG00014803,T00058,BGS,1.15023209,0.297620,0.4500
TG00014804,T00058,BGS,1.57449275,0.264749,0.4500
TG00014805,T00058,BGS,1.12544076,0.407666,0.4500
TG00014806,T00058,BGS,1.68364797,0.288467,0.4500
TG00014807,T00058,BGS,1.44656008,0.289687,0.4500
TG00014808,T00058,BGS,1.21438534,0.105128,0.4500
TG00014809,T00058,BGS,1.15821556,0.445101,0.4500
TG00014810,T00058,BGS,1.06264293,0.180192,0.4500
TG00014811,T00058,BGS,1.81414702,0.375443,0.4500
TG00014812,T00058,BGS,1.33490612,0.303458,0.4500
TG00014813,T00058,BGS,1.26389651,0.258191,0.4500
TG00014814,T00058,BGS,1.01100529,0.108404,0.4500
TG00014815,T00058,BGS,1.09359438,0.256488,0.4500
TG00014816,T00058,BGS,0.66652986,0.269958,0.4500
TG00014817,T00058,BGS,1.25703786,0.424413,0.4500
TG00014818,T00058,BGS,1.19902491,0.132789,0.4500
TG00014819,T00058,BGS,1.66505619,0.122393,0.4500
TG00014820,T00058,BGS,1.29964182,0.275850,0.4500
TG00014821,T00058,BGS,1.60272900,0.089476,0.4500
TG00014822,T00058,BGS,1.14778136,0.098156,0.4500
TG00014823,T00058,BGS,1.06946662,0.161080,0.4500
TG00014824,T00058,BGS,1.00570063,0.235423,0.4500
TG00014825,T00058,BGS,1.17874966,0.512107,0.4500
TG00014826,T00058,BGS,1.27561660,0.160952,0.4500
TG00014827,T00058,BGS,1.97561100,0.182498,0.4500
TG00014828,T00058,BGS,0.79422458,0.214236,0.4500
TG00014829,T00058,BGS,1.01739442,0.161154,0.4500
TG00014830,T00058,BGS,1.01769426,0.221101,0.4500
TG00014831,T00058,BGS,0.90143222,0.246833,0.4500
TG00014832,T00058,BGS,0.78580639,0.226017,0.4500
TG00014833,T00058,BGS,0.74135746,0.246149,0.4500
TG00014834,T00058,BGS,2.00928032,0.241602,0.4500
TG00014835,T00058,BGS,1.43965652,0.186818,0.4500
TG00014836,T00058,BGS,1.78072448,0.231254,0.4500
TG00014837,T00058,BGS,1.10908806,0.363031,0.4500
TG00014838,T00058,BGS,1.16905233,0.295604,0.4500
TG00014839,T00058,BGS,1.76743173,0.127966,0.4500
TG00014840,T00058,BGS,1.15792892,0.286752,0.4500
TG00014841,T00059,LRG,0.39002992,0.993168,1.0000
TG00014842,T00059,LRG,0.36857146,0.426453,1.0000
TG00014843,T00059,LRG,0.29138693,0.901215,1.0000
TG00014844,T00059,LRG,0.31822983,0.258897,1.0000
TG00014845,T00059,LRG,0.27910569,0.570551,1.0000
TG00014846,T00059,LRG,0.27330707,0.526389,1.0000
TG00014847,T00059,LRG,0.47050760,0.876820,1.0000
TG00014848,T00059,LRG,0.25913977,0.637057,1.0000
TG00014849,T00059,LRG,0.21794111,0.733088,1.0000
TG00014850,T00059,LRG,0.34919902,0.690532,1.0000
TG00014851,T00059,LRG,0.33514961,0.506569,1.0000
TG00014852,T00059,LRG,0.28641503,0.838975,1.0000
TG00014853,T00059,LRG,0.33324109,1.015727,1.0000
TG00014854,T00059,LRG,0.38374596,0.933925,1.0000
TG00014855,T00059,LRG,0.32786132,0.805750,1.0000
TG00014856,T00059,LRG,0.38410534,0.643144,1.0000
TG00014857,T00059,LRG,0.53756597,0.679574,1.0000
TG00014858,T00059,LRG,0.58067953,0.761052,1.0000
TG00014859,T00059,LRG,0.50450345,0.371294,1.0000
TG00014860,T00059,LRG,0.41008077,0.424815,1.0000
TG00014861,T00059,LRG,0.62468377,0.742345,1.0000
TG00014862,T00059,LRG,0.83919964,0.909945,1.0000
TG00014863,T00059,LRG,0.33961780,0.729566,1.0000
TG00014864,T00059,LRG,0.44078837,0.787904,1.0000
TG00014865,T00059,LRG,0.42131187,0.802797,1.0000
TG00014866,T00059,LRG,0.31306360,0.677493,1.0000
TG00014867,T00059,LRG,0.23771143,0.689317,1.0000
TG00014868,T00059,LRG,0.54337006,0.468600,1.0000
TG00014869,T00059,LRG,0.48080029,0.847875,1.0000
TG00014870,T00059,LRG,0.46201425,0.787493,1.0000
TG00014871,T00059,LRG,0.26069896,0.597774,1.0000
TG00014872,T00059,LRG,0.31344625,0.800002,1.0000
TG00014873,T00059,LRG,0.36839818,0.680956,1.0000
TG00014874,T00059,LRG,0.39886705,0.508323,1.0000
TG00014875,T00059,LRG,0.27951346,0.556328,1.0000
TG00014876,T00059,LRG,0.22063478,0.644264,1.0000
TG00014877,T00059,LRG,0.44266340,0.395852,1.0000
TG00014878,T00059,LRG,0.24849086,0.897446,1.0000
TG00014879,T00059,LRG,0.21954074,0.554067,1.0000
TG00014880,T00059,LRG,0.25202155,0.398141,1.0000
TG00014881,T00059,LRG,0.22465389,0.583411,1.0000
TG00014882,T00059,LRG,0.40418072,0.792630,1.0000
TG00014883,T00059,LRG,0.41736995,0.552037,1.0000
TG00014884,T00059,LRG,0.56450021,0.650204,1.0000
TG00014885,T00059,LRG,0.29351044,0.626037,1.0000
TG00014886,T00059,LRG,0.26236805,0.602282,1.0000
TG00014887,T00059,LRG,0.22814063,0.496210,1.0000
TG00014888,T00059,LRG,0.67880396,0.795578,1.0000
TG00014889,T00059,LRG,0.39428987,0.434596,1.0000
TG00014890,T00059,LRG,0.44557276,0.552195,1.0000
TG00014891,T00059,LRG,0.28044921,0.861062,1.0000
TG00014892,T00059,LRG,0.52767797,0.839475,1.0000
TG00014893,T00059,LRG,0.41250516,0.792363,1.0000
TG00014894,T00059,LRG,0.27427034,0.726775,1.0000
TG00014895,T00059,LRG,0.50153825,0.647778,1.0000
TG00014896,T00059,LRG,0.36480823,0.641367,1.0000
TG00014897,T00059,LRG,0.76972242,0.963071,1.0000
TG00014898,T00059,LRG,0.50073482,0.494379,1.0000
TG00014899,T00059,LRG,0.35970447,0.763573,1.0000
TG00014900,T00059,LRG,0.50233644,0.877807,1.0000
TG00014901,T00059,LRG,0.61077881,0.841086,1.0000
TG00014902,T00059,LRG,0.40939771,1.037153,1.0000
TG00014903,T00059,LRG,0.45578649,0.583911,1.0000
TG00014904,T00059,LRG,0.24869272,0.639307,1.0000
TG00014905,T00059,LRG,0.22839710,0.946392,1.0000
TG00014906,T00059,LRG,0.29286119,0.858294,1.0000
TG00014907,T00059,LRG,0.27917132,0.848100,1.0000
TG00014908,T00059,LRG,0.60689209,0.569047,1.0000
TG00014909,T00059,LRG,0.25744359,0.730527,1.0000
TG00014910,T00059,LRG,0.56842197,0.814307,1.0000
TG00014911,T00059,LRG,0.27262529,1.068244,1.0000
TG00014912,T00059,LRG,0.36572316,0.676244,1.0000
TG00014913,T00059,ELG,0.26891236,1.610980,1.0000
TG00014914,T00059,ELG,0.74663248,1.297827,1.0000
TG00014915,T00059,ELG,0.38612548,1.262571,1.0000
TG00014916,T00059,ELG,0.72562247,0.514962,1.0000
TG00014917,T00059,ELG,0.47580330,0.874760,1.0000
TG00014918,T00059,ELG,0.68331326,1.172494,1.0000
TG00014919,T00059,ELG,0.97246970,1.636396,1.0000
TG00014920,T00059,ELG,0.44756073,0.898720,1.0000
TG00014921,T00059,ELG,0.75396528,0.720701,1.0000
TG00014922,T00059,ELG,0.50608343,1.137432,1.0000
TG00014923,T00059,ELG,1.15667451,0.804421,1.0000
TG00014924,T00059,ELG,0.54661763,1.546346,1.0000
TG00014925,T00059,ELG,0.87335652,1.279877,1.0000
TG00014926,T00059,ELG,0.53777251,1.278629,1.0000
TG00014927,T00059,ELG,0.47506409,0.903415,1.0000
TG00014928,T00059,ELG,0.73581072,0.883457,1.0000
TG00014929,T00059,ELG,0.90073330,1.362067,1.0000
TG00014930,T00059,ELG,0.33431915,1.222064,1.0000
TG00014931,T00059,ELG,0.64802893,0.407519,1.0000
TG00014932,T00059,ELG,1.03274051,0.581088,1.0000
TG00014933,T00059,ELG,0.91903517,1.063626,1.0000
TG00014934,T00059,ELG,0.54236747,0.829438,1.0000
TG00014935,T00059,ELG,0.44386588,1.156522,1.0000
TG00014936,T00059,ELG,0.31318345,1.301987,1.0000
TG00014937,T00059,ELG,0.90777902,1.141848,1.0000
TG00014938,T00059,ELG,0.42633418,1.407938,1.0000
TG00014939,T00059,ELG,0.76859987,0.946718,1.0000
TG00014940,T00059,ELG,0.52336299,0.973741,1.0000
TG00014941,T00059,ELG,0.56214073,1.362979,1.0000
TG00014942,T00059,ELG,0.65125364,1.331256,1.0000
TG00014943,T00059,ELG,0.69006696,1.197958,1.0000
TG00014944,T00059,ELG,0.86686753,1.154096,1.0000
TG00014945,T00059,ELG,0.46761318,0.834087,1.0000
TG00014946,T00059,ELG,0.34968464,1.275943,1.0000
TG00014947,T00059,ELG,0.59401021,1.092929,1.0000
TG00014948,T00059,ELG,0.52226604,1.310642,1.0000
TG00014949,T00059,ELG,0.77583505,1.363801,1.0000
TG00014950,T00059,ELG,0.66590160,1.100002,1.0000
TG00014951,T00059,ELG,1.11121713,0.972336,1.0000
TG00014952,T00059,ELG,0.26027687,0.908954,1.0000
TG00014953,T00059,ELG,0.75770629,1.316838,1.0000
TG00014954,T00059,ELG,0.82546245,1.226807,1.0000
TG00014955,T00059,ELG,0.61906810,1.035427,1.0000
TG00014956,T00059,ELG,0.81485014,0.595845,1.0000
TG00014957,T00059,ELG,0.92208167,0.763389,1.0000
TG00014958,T00059,ELG,0.83598669,1.204334,1.0000
TG00014959,T00059,ELG,0.34502785,0.852108,1.0000
TG00014960,T00059,ELG,0.25718913,0.833533,1.0000
TG00014961,T00059,ELG,1.05613383,1.201401,1.0000
TG00014962,T00059,ELG,0.81549303,1.199927,1.0000
TG00014963,T00059,ELG,0.53657383,1.036106,1.0000
TG00014964,T00059,ELG,0.86259536,1.280416,1.0000
TG00014965,T00059,ELG,0.54733525,1.071580,1.0000
TG00014966,T00059,ELG,0.94216414,1.368578,1.0000
TG00014967,T00059,ELG,0.91063120,0.748417,1.0000
TG00014968,T00059,ELG,0.86146423,1.191318,1.0000
TG00014969,T00059,ELG,0.81633591,1.240591,1.0000
TG00014970,T00059,ELG,0.74894956,1.343529,1.0000
TG00014971,T00059,ELG,0.71106697,1.403053,1.0000
TG00014972,T00059,ELG,0.54491207,0.869208,1.0000
TG00014973,T00059,ELG,0.54481600,1.462581,1.0000
TG00014974,T00059,ELG,0.53224979,0.999093,1.0000
TG00014975,T00059,ELG,0.43532421,1.622543,1.0000
TG00014976,T00059,ELG,0.35966678,1.419109,1.0000
TG00014977,T00059,ELG,0.73055334,0.579779,1.0000
TG00014978,T00059,ELG,0.27306345,0.848879,1.0000
TG00014979,T00059,ELG,0.46463037,1.063481,1.0000
TG00014980,T00059,ELG,0.50510189,1.014936,1.0000
TG00014981,T00059,ELG,0.74967156,0.983931,1.0000
TG00014982,T00059,ELG,0.31670737,0.948924,1.0000
TG00014983,T00059,ELG,0.44118384,0.836709,1.0000
TG00014984,T00059,ELG,0.19723848,0.752479,1.0000
TG00014985,T00059,ELG,0.47671833,1.419621,1.0000
TG00014986,T00059,ELG,0.82119931,0.722958,1.0000
TG00014987,T00059,ELG,0.64948158,1.143655,1.0000
TG00014988,T00059,ELG,0.37275610,0.605597,1.0000
TG00014989,T00059,ELG,1.33778966,1.537791,1.0000
TG00014990,T00059,ELG,0.45690744,0.753906,1.0000
TG00014991,T00059,ELG,0.78818588,1.206798,1.0000
TG00014992,T00059,ELG,0.33126932,1.028783,1.0000
TG00014993,T00059,ELG,0.49744491,1.417357,1.0000
TG00014994,T00059,ELG,0.49154927,0.648757,1.0000
TG00014995,T00059,ELG,0.66747444,1.016323,1.0000
TG00014996,T00059,ELG,0.49886569,1.734763,1.0000
TG00014997,T00059,ELG,0.43661487,1.239770,1.0000
TG00014998,T00059,ELG,0.38172699,1.245099,1.0000
TG00014999,T00059,ELG,0.61124284,0.556647,1.0000
TG00015000,T00059,ELG,1.28328183,1.239033,1.0000
TG00015001,T00059,ELG,0.43278520,0.995462,1.0000
TG00015002,T00059,ELG,0.98111488,1.271425,1.0000
TG00015003,T00059,ELG,0.32724524,0.447420,1.0000
TG00015004,T00059,ELG,0.55833147,0.941392,1.0000
TG00015005,T00059,ELG,0.88367010,0.911403,1.0000
TG00015006,T00059,ELG,0.53771035,0.865377,1.0000
TG00015007,T00059,ELG,0.89776463,0.809311,1.0000
TG00015008,T00059,ELG,0.42567641,1.327657,1.0000
TG00015009,T00059,ELG,0.45549687,0.965464,1.0000
TG00015010,T00059,ELG,0.63484734,1.030599,1.0000
TG00015011,T00059,ELG,0.73991604,1.267527,1.0000
TG00015012,T00059,ELG,0.45148897,0.722510,1.0000
TG00015013,T00059,ELG,0.56005347,0.606964,1.0000
TG00015014,T00059,ELG,0.25561944,0.699755,1.0000
TG00015015,T00059,ELG,0.68517049,0.932062,1.0000
TG00015016,T00059,ELG,0.83295131,1.152969,1.0000
TG00015017,T00059,ELG,1.23868192,0.742597,1.0000
TG00015018,T00059,ELG,0.74049442,1.361488,1.0000
TG00015019,T00059,ELG,0.25941139,1.108445,1.0000
TG00015020,T00059,ELG,0.74454592,0.280895,1.0000
TG00015021,T00059,ELG,0.48294982,1.087995,1.0000
TG00015022,T00059,ELG,0.67884870,0.862924,1.0000
TG00015023,T00059,ELG,0.64902635,1.065857,1.0000
TG00015024,T00059,ELG,0.66858646,0.738380,1.0000
TG00015025,T00059,ELG,0.44902616,0.581692,1.0000
TG00015026,T00059,QSO,0.23456620,1.560276,1.7000
TG00015027,T00059,QSO,0.32279355,1.095493,1.7000
TG00015028,T00059,QSO,0.21476217,1.937802,1.7000
TG00015029,T00059,QSO,0.14642989,1.464838,1.7000
TG00015030,T00059,QSO,0.21226618,1.808061,1.7000
TG00015031,T00059,QSO,0.19277913,2.302628,1.7000
TG00015032,T00059,QSO,0.40959182,1.614224,1.7000
TG00015033,T00059,QSO,0.25296038,3.178606,1.7000
TG00015034,T00059,QSO,0.19718635,0.958274,1.7000
TG00015035,T00059,QSO,0.11159111,2.217359,1.7000
TG00015036,T00059,QSO,0.09836742,1.923119,1.7000
TG00015037,T00059,QSO,0.13192983,1.275791,1.7000
TG00015038,T00059,QSO,0.23248342,2.249113,1.7000
TG00015039,T00059,QSO,0.09245484,1.863942,1.7000
TG00015040,T00059,QSO,0.20463753,2.106611,1.7000
TG00015041,T00059,QSO,0.07110203,1.920499,1.7000
TG00015042,T00059,QSO,0.28135062,2.175017,1.7000
TG00015043,T00059,QSO,0.16798500,1.544602,1.7000
TG00015044,T00059,QSO,0.44474669,1.792509,1.7000
TG00015045,T00059,QSO,0.11427518,1.978944,1.7000
TG00015046,T00059,QSO,0.15009075,2.650692,1.7000
TG00015047,T00059,QSO,0.10557400,1.939267,1.7000
TG00015048,T00059,QSO,0.13100330,0.215139,1.7000
TG00015049,T00059,BGS,1.48580584,0.187318,0.4500
TG00015050,T00059,BGS,0.74740505,0.107438,0.4500
TG00015051,T00059,BGS,1.63641638,0.411691,0.4500
TG00015052,T00059,BGS,0.62881533,0.124833,0.4500
TG00015053,T00059,BGS,1.08371182,0.155666,0.4500
TG00015054,T00059,BGS,2.00449777,0.362424,0.4500
TG00015055,T00059,BGS,1.02459795,0.160308,0.4500
TG00015056,T00059,BGS,1.83775541,0.305685,0.4500
TG00015057,T00059,BGS,1.51589445,0.237232,0.4500
TG00015058,T00059,BGS,1.32181103,0.229801,0.4500
TG00015059,T00059,BGS,1.30194506,0.308195,0.4500
TG00015060,T00059,BGS,0.62660254,0.029509,0.4500
TG00015061,T00059,BGS,1.66498868,0.155283,0.4500
TG00015062,T00059,BGS,1.27874982,0.112472,0.4500
TG00015063,T00059,BGS,1.51523472,0.252893,0.4500
TG00015064,T00059,BGS,1.50522450,0.122099,0.4500
TG00015065,T00059,BGS,1.34308815,0.169971,0.4500
TG00015066,T00059,BGS,1.54972030,0.223230,0.4500
TG00015067,T00059,BGS,1.80889351,0.224899,0.4500
TG00015068,T00059,BGS,0.89200545,0.134046,0.4500
TG00015069,T00059,BGS,1.46570559,0.048660,0.4500
TG00015070,T00059,BGS,1.02001825,0.206234,0.4500
TG00015071,T00059,BGS,1.09080049,0.109169,0.4500
TG00015072,T00059,BGS,0.85089651,0.067742,0.4500
TG00015073,T00059,BGS,0.86532896,0.283965,0.4500
TG00015074,T00059,BGS,0.77395858,0.000000,0.4500
TG00015075,T00059,BGS,1.26995363,0.280653,0.4500
TG00015076,T00059,BGS,2.37578642,0.167539,0.4500
TG00015077,T00059,BGS,0.80386963,0.229543,0.4500
TG00015078,T00059,BGS,1.65896177,0.183821,0.4500
TG00015079,T00059,BGS,1.40273864,0.205574,0.4500
TG00015080,T00059,BGS,1.74139421,0.109983,0.4500
TG00015081,T00059,BGS,0.81730056,0.073531,0.4500
TG00015082,T00059,BGS,0.77684147,0.183303,0.4500
TG00015083,T00059,BGS,1.13485447,0.204829,0.4500
TG00015084,T00059,BGS,1.72617455,0.315231,0.4500
TG00015085,T00059,BGS,1.15598157,0.182878,0.4500
TG00015086,T00059,BGS,1.51893384,0.240844,0.4500
TG00015087,T00059,BGS,1.23482665,0.193992,0.4500
TG00015088,T00059,BGS,0.82614789,0.249635,0.4500
TG00015089,T00059,BGS,1.11909819,0.304486,0.4500
TG00015090,T00059,BGS,1.16655904,0.231721,0.4500
TG00015091,T00059,BGS,0.87300149,0.290779,0.4500
TG00015092,T00059,BGS,1.24811378,0.301651,0.4500
TG00015093,T00059,BGS,0.68123343,0.123423,0.4500
TG00015094,T00059,BGS,1.16366506,0.267270,0.4500
TG00015095,T00059,BGS,1.26012495,0.144909,0.4500
TG00015096,T00059,BGS,1.96943118,0.244794,0.4500
TG00015097,T00059,BGS,1.16983726,0.268594,0.4500
TG00015098,T00059,BGS,1.09274815,0.139452,0.4500
TG00015099,T00059,BGS,1.04948063,0.149742,0.4500
TG00015100,T00059,BGS,1.72169143,0.271294,0.4500
TG00015101,T00059,BGS,1.52135683,0.204785,0.4500
TG00015102,T00059,BGS,1.30798271,0.272182,0.4500
TG00015103,T00059,BGS,1.22317062,0.299929,0.4500
TG00015104,T00060,LRG,0.25343097,0.689386,1.0000
TG00015105,T00060,LRG,0.35583929,0.871464,1.0000
TG00015106,T00060,LRG,0.25375969,0.884925,1.0000
TG00015107,T00060,LRG,0.28738155,0.641777,1.0000
TG00015108,T00060,LRG,0.50809333,0.987002,1.0000
TG00015109,T00060,LRG,0.38236127,0.880057,1.0000
TG00015110,T00060,LRG,0.20944432,0.562495,1.0000
TG00015111,T00060,LRG,0.53090436,0.539600,1.0000
TG00015112,T00060,LRG,0.34188627,0.939931,1.0000
TG00015113,T00060,LRG,0.52196477,0.605023,1.0000
TG00015114,T00060,LRG,0.16458152,1.171192,1.0000
TG00015115,T00060,LRG,0.26714579,0.883369,1.0000
TG00015116,T00060,LRG,0.62240672,0.550896,1.0000
TG00015117,T00060,LRG,0.33066210,0.381370,1.0000
TG00015118,T00060,LRG,0.37601907,0.820305,1.0000
TG00015119,T00060,LRG,0.38871972,0.760225,1.0000
TG00015120,T00060,LRG,0.41149407,0.657013,1.0000
TG00015121,T00060,LRG,0.44502018,0.555752,1.0000
TG00015122,T00060,LRG,0.36519467,0.416710,1.0000
TG00015123,T00060,LRG,0.28253262,0.347985,1.0000
TG00015124,T00060,LRG,0.53620319,0.438461,1.0000
TG00015125,T00060,LRG,0.27909009,0.709833,1.0000
TG00015126,T00060,LRG,0.32683815,0.984522,1.0000
TG00015127,T00060,LRG,0.19969615,0.510782,1.0000
TG00015128,T00060,LRG,0.37030095,0.595764,1.0000
TG00015129,T00060,LRG,0.29535353,0.794095,1.0000
TG00015130,T00060,LRG,0.45041095,0.513015,1.0000
TG00015131,T00060,LRG,0.16615643,0.838978,1.0000
TG00015132,T00060,LRG,0.49076815,0.675796,1.0000
TG00015133,T00060,LRG,0.65478940,0.666867,1.0000
TG00015134,T00060,LRG,0.37479653,0.871200,1.0000
TG00015135,T00060,LRG,0.56806410,0.553267,1.0000
TG00015136,T00060,LRG,0.26443288,0.686214,1.0000
TG00015137,T00060,LRG,0.31921197,0.734034,1.0000
TG00015138,T00060,LRG,0.23014884,0.743130,1.0000
TG00015139,T00060,LRG,0.22701262,0.562607,1.0000
TG00015140,T00060,LRG,0.17264973,0.837289,1.0000
TG00015141,T00060,LRG,0.35324143,0.584553,1.0000
TG00015142,T00060,LRG,0.35355740,0.654569,1.0000
TG00015143,T00060,LRG,0.61717384,0.708137,1.0000
TG00015144,T00060,LRG,0.35950282,0.993382,1.0000
TG00015145,T00060,LRG,0.25334601,0.522826,1.0000
TG00015146,T00060,LRG,0.21313462,0.607158,1.0000
TG00015147,T00060,LRG,0.41077312,0.975709,1.0000
TG00015148,T00060,LRG,0.42325632,0.593240,1.0000
TG00015149,T00060,LRG,0.21529488,0.738001,1.0000
TG00015150,T00060,LRG,0.31804764,0.391905,1.0000
TG00015151,T00060,LRG,0.37604824,0.761254,1.0000
TG00015152,T00060,LRG,0.39517392,0.712574,1.0000
TG00015153,T00060,LRG,0.48656029,0.534137,1.0000
TG00015154,T00060,LRG,0.38004046,0.925171,1.0000
TG00015155,T00060,LRG,0.82448101,0.601995,1.0000
TG00015156,T00060,LRG,0.18925774,0.702795,1.0000
TG00015157,T00060,LRG,0.33491206,0.830423,1.0000
TG00015158,T00060,LRG,0.28465368,0.861726,1.0000
TG00015159,T00060,LRG,0.34334476,0.717264,1.0000
TG00015160,T00060,ELG,0.59465930,1.224516,1.0000
TG00015161,T00060,ELG,0.88104175,1.094449,1.0000
TG00015162,T00060,ELG,0.51244702,0.865767,1.0000
TG00015163,T00060,ELG,0.85267619,1.002114,1.0000
TG00015164,T00060,ELG,0.66410770,1.100185,1.0000
TG00015165,T00060,ELG,0.63489345,1.520450,1.0000
TG00015166,T00060,ELG,0.40175962,1.172075,1.0000
TG00015167,T00060,ELG,0.72629877,0.793500,1.0000
TG00015168,T00060,ELG,0.58369033,1.425927,1.0000
TG00015169,T00060,ELG,0.56924792,1.028370,1.0000
TG00015170,T00060,ELG,1.11539743,1.131220,1.0000
TG00015171,T00060,ELG,0.51077029,0.775290,1.0000
TG00015172,T00060,ELG,0.52878157,0.674716,1.0000
TG00015173,T00060,ELG,0.31334225,0.657299,1.0000
TG00015174,T00060,ELG,0.39233111,0.891464,1.0000
TG00015175,T00060,ELG,0.51246698,1.416607,1.0000
TG00015176,T00060,ELG,1.06977500,0.578623,1.0000
TG00015177,T00060,ELG,0.39243595,0.893468,1.0000
TG00015178,T00060,ELG,0.29400705,1.260027,1.0000
TG00015179,T00060,ELG,0.37634303,1.113949,1.0000
TG00015180,T00060,ELG,0.59151301,1.202663,1.0000
TG00015181,T00060,ELG,0.45039090,1.249449,1.0000
TG00015182,T00060,ELG,0.79725660,1.025634,1.0000
TG00015183,T00060,ELG,0.55801666,1.289210,1.0000
TG00015184,T00060,ELG,0.63278980,0.807067,1.0000
TG00015185,T00060,ELG,0.44983344,1.054396,1.0000
TG00015186,T00060,ELG,1.09983896,1.199982,1.0000
TG00015187,T00060,ELG,0.77374796,1.140818,1.0000
TG00015188,T00060,ELG,0.40254060,0.931726,1.0000
TG00015189,T00060,ELG,0.47871355,1.523385,1.0000
TG00015190,T00060,ELG,0.47343801,1.168475,1.0000
TG00015191,T00060,ELG,0.27529320,1.609755,1.0000
TG00015192,T00060,ELG,1.54224354,0.748210,1.0000
TG00015193,T00060,ELG,0.42179198,1.262975,1.0000
TG00015194,T00060,ELG,0.27992555,1.330708,1.0000
TG00015195,T00060,ELG,0.70334576,1.186024,1.0000
TG00015196,T00060,ELG,0.40138599,1.520058,1.0000
TG00015197,T00060,ELG,0.30882993,0.927097,1.0000
TG00015198,T00060,ELG,0.58952648,1.016365,1.0000
TG00015199,T00060,ELG,0.49955106,1.103203,1.0000
TG00015200,T00060,ELG,0.48666482,0.471445,1.0000
TG00015201,T00060,ELG,0.43271043,0.986738,1.0000
TG00015202,T00060,ELG,0.67787062,1.186309,1.0000
TG00015203,T00060,ELG,0.80216866,1.557348,1.0000
TG00015204,T00060,ELG,0.76721192,0.852156,1.0000
TG00015205,T00060,ELG,0.94291315,1.074093,1.0000
TG00015206,T00060,ELG,0.25845593,0.895041,1.0000
TG00015207,T00060,ELG,0.49774122,0.842182,1.0000
TG00015208,T00060,ELG,0.78590558,1.098011,1.0000
TG00015209,T00060,ELG,0.38083219,1.107409,1.0000
TG00015210,T00060,ELG,0.55136727,1.710759,1.0000
TG00015211,T00060,ELG,0.63069608,1.341230,1.0000
TG00015212,T00060,ELG,0.59349725,1.397922,1.0000
TG00015213,T00060,ELG,0.36631427,1.063275,1.0000
TG00015214,T00060,ELG,0.57782159,0.914302,1.0000
TG00015215,T00060,ELG,0.30007411,0.545384,1.0000
TG00015216,T00060,ELG,0.95453160,1.478487,1.0000
TG00015217,T00060,ELG,0.31258509,1.109560,1.0000
TG00015218,T00060,ELG,0.52994621,1.249465,1.0000
TG00015219,T00060,ELG,0.48373635,0.768648,1.0000
TG00015220,T00060,ELG,0.60612215,1.270227,1.0000
TG00015221,T00060,ELG,0.81108920,1.064432,1.0000
TG00015222,T00060,ELG,0.49851131,0.580722,1.0000
TG00015223,T00060,ELG,0.88218805,1.099375,1.0000
TG00015224,T00060,ELG,0.38623096,1.304675,1.0000
TG00015225,T00060,ELG,0.52664313,1.495563,1.0000
TG00015226,T00060,ELG,0.70285818,0.795051,1.0000
TG00015227,T00060,ELG,0.47656767,1.127241,1.0000
TG00015228,T00060,ELG,0.70022016,1.071767,1.0000
TG00015229,T00060,ELG,0.34371233,0.784198,1.0000
TG00015230,T00060,ELG,0.75298586,0.854132,1.0000
TG00015231,T00060,ELG,0.43597213,0.980184,1.0000
TG00015232,T00060,ELG,0.25781766,1.219373,1.0000
TG00015233,T00060,ELG,0.42014872,0.986808,1.0000
TG00015234,T00060,ELG,0.54788532,1.652163,1.0000
TG00015235,T00060,ELG,0.41724525,1.266459,1.0000
TG00015236,T00060,ELG,1.07898962,1.098082,1.0000
TG00015237,T00060,ELG,0.31644265,1.442469,1.0000
TG00015238,T00060,ELG,0.67135733,1.028413,1.0000
TG00015239,T00060,ELG,0.45522886,0.839539,1.0000
TG00015240,T00060,ELG,0.65999570,1.405739,1.0000
TG00015241,T00060,ELG,0.59832047,1.052255,1.0000
TG00015242,T00060,ELG,0.35467039,1.290134,1.0000
TG00015243,T00060,ELG,0.30543372,0.797259,1.0000
TG00015244,T00060,ELG,0.38606816,0.716087,1.0000
TG00015245,T00060,ELG,0.15267629,1.404818,1.0000
TG00015246,T00060,ELG,0.34355021,1.325448,1.0000
TG00015247,T00060,ELG,0.57583929,0.995979,1.0000
TG00015248,T00060,ELG,0.44349584,1.093822,1.0000
TG00015249,T00060,ELG,0.23684168,1.243251,1.0000
TG00015250,T00060,ELG,0.27625339,1.243734,1.0000
TG00015251,T00060,ELG,0.97032664,0.976583,1.0000
TG00015252,T00060,ELG,0.42122784,1.453305,1.0000
TG00015253,T00060,ELG,0.71985426,0.632870,1.0000
TG00015254,T00060,ELG,0.62481156,0.789139,1.0000
TG00015255,T00060,ELG,0.46798073,0.800935,1.0000
TG00015256,T00060,ELG,0.43072775,0.679989,1.0000
TG00015257,T00060,ELG,0.41503043,0.825250,1.0000
TG00015258,T00060,QSO,0.20696317,1.294129,1.7000
TG00015259,T00060,QSO,0.15385337,1.461599,1.7000
TG00015260,T00060,QSO,0.17845406,2.378642,1.7000
TG00015261,T00060,QSO,0.31753044,2.631319,1.7000
TG00015262,T00060,QSO,0.10665172,1.273964,1.7000
TG00015263,T00060,QSO,0.18498934,1.696918,1.7000
TG00015264,T00060,QSO,0.16485311,2.316400,1.7000
TG00015265,T00060,QSO,0.31857862,1.330018,1.7000
TG00015266,T00060,QSO,0.33237872,2.113774,1.7000
TG00015267,T00060,QSO,0.17472773,1.929544,1.7000
TG00015268,T00060,BGS,1.41036406,0.118979,0.4500
TG00015269,T00060,BGS,1.06156546,0.213314,0.4500
TG00015270,T00060,BGS,0.87328524,0.264208,0.4500
TG00015271,T00060,BGS,1.25093057,0.355387,0.4500
TG00015272,T00060,BGS,1.14909927,0.140005,0.4500
TG00015273,T00060,BGS,1.17753674,0.245324,0.4500
TG00015274,T00060,BGS,1.41041886,0.236821,0.4500
TG00015275,T00060,BGS,1.78259957,0.222155,0.4500
TG00015276,T00060,BGS,0.55959687,0.215944,0.4500
TG00015277,T00060,BGS,2.01619947,0.293489,0.4500
TG00015278,T00060,BGS,0.84671957,0.145449,0.4500
TG00015279,T00060,BGS,1.41583101,0.262227,0.4500
TG00015280,T00060,BGS,1.10421418,0.362429,0.4500
TG00015281,T00060,BGS,0.66495222,0.181086,0.4500
TG00015282,T00060,BGS,1.68933856,0.304098,0.4500
TG00015283,T00060,BGS,1.05982172,0.268242,0.4500
TG00015284,T00060,BGS,1.29309736,0.193345,0.4500
TG00015285,T00060,BGS,1.52322207,0.277087,0.4500
TG00015286,T00060,BGS,0.87556338,0.220166,0.4500
TG00015287,T00060,BGS,1.58843378,0.279093,0.4500
TG00015288,T00060,BGS,0.59840939,0.383202,0.4500
TG00015289,T00060,BGS,2.22647309,0.000000,0.4500
TG00015290,T00060,BGS,2.04083658,0.267576,0.4500
TG00015291,T00060,BGS,0.72170874,0.083467,0.4500
TG00015292,T00060,BGS,1.51309567,0.177870,0.4500
TG00015293,T00060,BGS,1.89988221,0.177482,0.4500
TG00015294,T00060,BGS,1.13092273,0.209961,0.4500
TG00015295,T00060,BGS,1.23161852,0.156969,0.4500
TG00015296,T00060,BGS,1.10218907,0.065496,0.4500
TG00015297,T00060,BGS,0.83146658,0.203142,0.4500
TG00015298,T00060,BGS,0.95126949,0.146128,0.4500
TG00015299,T00060,BGS,0.94599650,0.201920,0.4500
TG00015300,T00060,BGS,1.78050291,0.154478,0.4500
TG00015301,T00060,BGS,1.47910932,0.299247,0.4500
TG00015302,T00060,BGS,0.90867066,0.317027,0.4500
TG00015303,T00060,BGS,1.24067453,0.346653,0.4500
TG00015304,T00060,BGS,1.11002920,0.355499,0.4500
TG00015305,T00060,BGS,1.22476248,0.293506,0.4500
TG00015306,T00060,BGS,1.74253715,0.177442,0.4500
TG00015307,T00060,BGS,2.01414805,0.107097,0.4500
TG00015308,T00060,BGS,1.32244102,0.167657,0.4500
TG00015309,T00060,BGS,0.95624652,0.196831,0.4500
TG00015310,T00060,BGS,1.47191438,0.237796,0.4500
TG00015311,T00060,BGS,1.20801311,0.152989,0.4500
TG00015312,T00060,BGS,2.02648618,0.266905,0.4500
TG00015313,T00060,BGS,1.66416305,0.276751,0.4500
TG00015314,T00060,BGS,1.26271305,0.291104,0.4500
TG00015315,T00060,BGS,1.21485276,0.164124,0.4500
TG00015316,T00060,BGS,0.79947157,0.205593,0.4500
TG00015317,T00060,BGS,1.60750437,0.163274,0.4500
TG00015318,T00060,BGS,0.88171385,0.138821,0.4500
TG00015319,T00060,BGS,1.75907082,0.142866,0.4500
TG00015320,T00060,BGS,1.65539233,0.252207,0.4500
TG00015321,T00060,BGS,1.83519960,0.092373,0.4500
TG00015322,T00060,BGS,2.06426846,0.200787,0.4500
TG00015323,T00060,BGS,0.91253954,0.175972,0.4500
TG00015324,T00060,BGS,1.34875907,0.295921,0.4500
TG00015325,T00060,BGS,1.05260394,0.314465,0.4500
TG00015326,T00061,LRG,0.24350181,0.748444,1.0000
TG00015327,T00061,LRG,0.18524844,0.692596,1.0000
TG00015328,T00061,LRG,0.18358452,0.833796,1.0000
TG00015329,T00061,LRG,0.55572903,0.942948,1.0000
TG00015330,T00061,LRG,0.29296731,0.567750,1.0000
TG00015331,T00061,LRG,0.36123574,0.620273,1.0000
TG00015332,T00061,LRG,0.16556273,0.885730,1.0000
TG00015333,T00061,LRG,0.50302324,0.589469,1.0000
TG00015334,T00061,LRG,0.58193883,0.533612,1.0000
TG00015335,T00061,LRG,0.33310874,0.747111,1.0000
TG00015336,T00061,LRG,0.50833378,0.808652,1.0000
TG00015337,T00061,LRG,0.30323564,0.598893,1.0000
TG00015338,T00061,LRG,0.26748944,0.694774,1.0000
TG00015339,T00061,LRG,0.14369579,0.631597,1.0000
TG00015340,T00061,LRG,0.27888641,0.918240,1.0000
TG00015341,T00061,LRG,0.68532620,0.861902,1.0000
TG00015342,T00061,LRG,0.51054182,0.780314,1.0000
TG00015343,T00061,LRG,0.40244691,0.665177,1.0000
TG00015344,T00061,LRG,0.33830308,0.818050,1.0000
TG00015345,T00061,LRG,0.23050891,0.918888,1.0000
TG00015346,T00061,LRG,0.23026068,0.854113,1.0000
TG00015347,T00061,LRG,0.22157590,0.442586,1.0000
TG00015348,T00061,LRG,0.36516404,0.885883,1.0000
TG00015349,T00061,LRG,0.16563047,0.510844,1.0000
TG00015350,T00061,LRG,0.48895486,0.655560,1.0000
TG00015351,T00061,LRG,0.23967146,1.014966,1.0000
TG00015352,T00061,LRG,0.32955320,0.722871,1.0000
TG00015353,T00061,LRG,0.47315988,1.068055,1.0000
TG00015354,T00061,LRG,0.48537618,0.588313,1.0000
TG00015355,T00061,LRG,0.18892611,0.770761,1.0000
TG00015356,T00061,LRG,0.52156019,0.498995,1.0000
TG00015357,T00061,LRG,0.26113760,0.785834,1.0000
TG00015358,T00061,LRG,0.35797373,0.741798,1.0000
TG00015359,T00061,LRG,0.40630031,0.713240,1.0000
TG00015360,T00061,LRG,0.28399871,1.023795,1.0000
TG00015361,T00061,LRG,0.38658503,0.692946,1.0000
TG00015362,T00061,LRG,0.62018932,0.415263,1.0000
TG00015363,T00061,LRG,0.58676895,0.635843,1.0000
TG00015364,T00061,LRG,0.26006958,0.869522,1.0000
TG00015365,T00061,LRG,0.25499332,0.680657,1.0000
TG00015366,T00061,LRG,0.25900358,1.020065,1.0000
TG00015367,T00061,LRG,0.50670014,0.647686,1.0000
TG00015368,T00061,LRG,0.26983470,0.817722,1.0000
TG00015369,T00061,LRG,0.35989577,0.721720,1.0000
TG00015370,T00061,LRG,0.53714510,0.575986,1.0000
TG00015371,T00061,LRG,0.55811653,0.593041,1.0000
TG00015372,T00061,LRG,0.33518499,0.716389,1.0000
TG00015373,T00061,LRG,0.45953575,0.746274,1.0000
TG00015374,T00061,LRG,0.52346214,0.634587,1.0000
TG00015375,T00061,LRG,0.55081539,0.554041,1.0000
TG00015376,T00061,LRG,0.40571755,0.818148,1.0000
TG00015377,T00061,LRG,0.35871355,1.025202,1.0000
TG00015378,T00061,LRG,0.42105706,0.899490,1.0000
TG00015379,T00061,LRG,0.22312695,0.690503,1.0000
TG00015380,T00061,LRG,0.34631764,0.869458,1.0000
TG00015381,T00061,LRG,0.43793863,0.580396,1.0000
TG00015382,T00061,LRG,0.14330462,0.990546,1.0000
TG00015383,T00061,LRG,0.42200653,0.517503,1.0000
TG00015384,T00061,LRG,0.44711883,0.519961,1.0000
TG00015385,T00061,LRG,0.67057562,0.777440,1.0000
TG00015386,T00061,LRG,0.28756993,0.702643,1.0000
TG00015387,T00061,LRG,0.35563834,0.817674,1.0000
TG00015388,T00061,LRG,0.16736274,0.535702,1.0000
TG00015389,T00061,LRG,0.42059670,0.912068,1.0000
TG00015390,T00061,LRG,0.41495041,0.538841,1.0000
TG00015391,T00061,LRG,0.32159909,0.808677,1.0000
TG00015392,T00061,LRG,0.42679527,0.715734,1.0000
TG00015393,T00061,LRG,0.42091340,0.828819,1.0000
TG00015394,T00061,LRG,0.25388341,0.380546,1.0000
TG00015395,T00061,LRG,0.27650783,0.990738,1.0000
TG00015396,T00061,LRG,0.21667912,0.610027,1.0000
TG00015397,T00061,ELG,0.35138234,1.184824,1.0000
TG00015398,T00061,ELG,0.26870801,1.059213,1.0000
TG00015399,T00061,ELG,0.57594497,1.205893,1.0000
TG00015400,T00061,ELG,0.57834996,1.209873,1.0000
TG00015401,T00061,ELG,0.27022499,1.239001,1.0000
TG00015402,T00061,ELG,0.33277369,0.737150,1.0000
TG00015403,T00061,ELG,0.63686653,1.178154,1.0000
TG00015404,T00061,ELG,0.61776678,0.907514,1.0000
TG00015405,T00061,ELG,0.42777113,1.579535,1.0000
TG00015406,T00061,ELG,0.71106461,1.320470,1.0000
TG00015407,T00061,ELG,0.62596907,1.019880,1.0000
TG00015408,T00061,ELG,0.67356445,1.366324,1.0000
TG00015409,T00061,ELG,0.71158674,1.172790,1.0000
TG00015410,T00061,ELG,0.49304098,0.922654,1.0000
TG00015411,T00061,ELG,0.55515030,1.011107,1.0000
TG00015412,T00061,ELG,0.90231926,0.879399,1.0000
TG00015413,T00061,ELG,0.49588321,0.943565,1.0000
TG00015414,T00061,ELG,0.37047695,1.349147,1.0000
TG00015415,T00061,ELG,0.77028304,1.263931,1.0000
TG00015416,T00061,ELG,0.71948299,0.863743,1.0000
TG00015417,T00061,ELG,0.55790541,1.286230,1.0000
TG00015418,T00061,ELG,0.37125695,1.132861,1.0000
TG00015419,T00061,ELG,0.21307026,0.793361,1.0000
TG00015420,T00061,ELG,0.33475472,1.569748,1.0000
TG00015421,T00061,ELG,0.63382604,1.171227,1.0000
TG00015422,T00061,ELG,0.60451297,1.376047,1.0000
TG00015423,T00061,ELG,0.39336967,0.724072,1.0000
TG00015424,T00061,ELG,0.18534410,1.149777,1.0000
TG00015425,T00061,ELG,1.20473564,1.058315,1.0000
TG00015426,T00061,ELG,0.51076239,0.914769,1.0000
TG00015427,T00061,ELG,0.43060618,0.845907,1.0000
TG00015428,T00061,ELG,0.43598477,0.803162,1.0000
TG00015429,T00061,ELG,0.32964094,1.439108,1.0000
TG00015430,T00061,ELG,0.79285403,0.794445,1.0000
TG00015431,T00061,ELG,0.43600779,1.187183,1.0000
TG00015432,T00061,ELG,0.39253190,1.088900,1.0000
TG00015433,T00061,ELG,0.64522993,1.581782,1.0000
TG00015434,T00061,ELG,1.28086479,1.115937,1.0000
TG00015435,T00061,ELG,0.37155521,0.496815,1.0000
TG00015436,T00061,ELG,0.41174551,1.125355,1.0000
TG00015437,T00061,ELG,0.35282584,0.881598,1.0000
TG00015438,T00061,ELG,0.50252113,0.931725,1.0000
TG00015439,T00061,ELG,0.95120643,0.767709,1.0000
TG00015440,T00061,ELG,0.76558144,1.064924,1.0000
TG00015441,T00061,ELG,0.78990384,1.136387,1.0000
TG00015442,T00061,ELG,0.59817162,1.215857,1.0000
TG00015443,T00061,ELG,0.55535798,0.784536,1.0000
TG00015444,T00061,ELG,0.56674365,1.635265,1.0000
TG00015445,T00061,ELG,0.44329733,0.978092,1.0000
TG00015446,T00061,ELG,0.75187810,1.554345,1.0000
TG00015447,T00061,ELG,1.04859399,0.932597,1.0000
TG00015448,T00061,ELG,0.65455990,0.869112,1.0000
TG00015449,T00061,ELG,0.50519147,1.632566,1.0000
TG00015450,T00061,ELG,0.33684859,0.951394,1.0000
TG00015451,T00061,ELG,0.56376755,1.423421,1.0000
TG00015452,T00061,ELG,0.49233686,0.604746,1.0000
TG00015453,T00061,ELG,0.18409913,1.518138,1.0000
TG00015454,T00061,ELG,1.14815566,1.220209,1.0000
TG00015455,T00061,ELG,0.50559394,1.409887,1.0000
TG00015456,T00061,ELG,0.75380613,0.505131,1.0000
TG00015457,T00061,ELG,0.45138522,1.157557,1.0000
TG00015458,T00061,ELG,0.55203564,1.398281,1.0000
TG00015459,T00061,ELG,0.71990555,0.992925,1.0000
TG00015460,T00061,ELG,0.93677686,0.791124,1.0000
TG00015461,T00061,ELG,0.74651629,1.070601,1.0000
TG00015462,T00061,ELG,0.64719584,1.002574,1.0000
TG00015463,T00061,ELG,0.79556295,0.746776,1.0000
TG00015464,T00061,ELG,0.44393792,1.496577,1.0000
TG00015465,T00061,ELG,0.65141083,0.898832,1.0000
TG00015466,T00061,ELG,0.62697614,0.758173,1.0000
TG00015467,T00061,ELG,0.78780358,0.695382,1.0000
TG00015468,T00061,ELG,0.38847991,0.934149,1.0000
TG00015469,T00061,ELG,0.55684763,0.923155,1.0000
TG00015470,T00061,ELG,0.51321762,1.100986,1.0000
TG00015471,T00061,ELG,0.84189187,1.084063,1.0000
TG00015472,T00061,ELG,0.91597318,0.828347,1.0000
TG00015473,T00061,ELG,0.45077616,1.280123,1.0000
TG00015474,T00061,ELG,0.40560753,1.192917,1.0000
TG00015475,T00061,ELG,0.66616565,0.997089,1.0000
TG00015476,T00061,ELG,0.90924831,1.013296,1.0000
TG00015477,T00061,ELG,0.58873307,0.746680,1.0000
TG00015478,T00061,ELG,0.32621759,0.828955,1.0000
TG00015479,T00061,ELG,0.43360557,1.286537,1.0000
TG00015480,T00061,ELG,0.57154469,0.835035,1.0000
TG00015481,T00061,ELG,0.39908931,1.050398,1.0000
TG00015482,T00061,ELG,0.47666399,1.286870,1.0000
TG00015483,T00061,ELG,0.64342674,1.442314,1.0000
TG00015484,T00061,ELG,0.81022146,1.010737,1.0000
TG00015485,T00061,QSO,0.14335812,2.325776,1.7000
TG00015486,T00061,QSO,0.15009871,2.420197,1.7000
TG00015487,T00061,QSO,0.11942244,1.079119,1.7000
TG00015488,T00061,QSO,0.23809451,2.029117,1.7000
TG00015489,T00061,QSO,0.07592577,2.085066,1.7000
TG00015490,T00061,QSO,0.17647629,1.804219,1.7000
TG00015491,T00061,QSO,0.34622390,1.817887,1.7000
TG00015492,T00061,QSO,0.19466543,2.755056,1.7000
TG00015493,T00061,QSO,0.38688599,1.229289,1.7000
TG00015494,T00061,QSO,0.18205424,3.081473,1.7000
TG00015495,T00061,BGS,1.40604481,0.199362,0.4500
TG00015496,T00061,BGS,1.70186506,0.042181,0.4500
TG00015497,T00061,BGS,1.58249729,0.197344,0.4500
TG00015498,T00061,BGS,1.37549224,0.214801,0.4500
TG00015499,T00061,BGS,1.11012529,0.235982,0.4500
TG00015500,T00061,BGS,0.87322968,0.275686,0.4500
TG00015501,T00061,BGS,0.92288269,0.065381,0.4500
TG00015502,T00061,BGS,1.96582882,0.242784,0.4500
TG00015503,T00061,BGS,0.76047786,0.207069,0.4500
TG00015504,T00061,BGS,0.82055601,0.195839,0.4500
TG00015505,T00061,BGS,1.73962921,0.199633,0.4500
TG00015506,T00061,BGS,1.40250120,0.186378,0.4500
TG00015507,T00061,BGS,0.98523481,0.161297,0.4500
TG00015508,T00061,BGS,0.74675001,0.216670,0.4500
TG00015509,T00061,BGS,0.95437251,0.154278,0.4500
TG00015510,T00061,BGS,0.94478427,0.177046,0.4500
TG00015511,T00061,BGS,1.71076388,0.142082,0.4500
TG00015512,T00061,BGS,0.85743050,0.192955,0.4500
TG00015513,T00061,BGS,1.03658850,0.321648,0.4500
TG00015514,T00061,BGS,1.13618355,0.008785,0.4500
TG00015515,T00061,BGS,1.48328178,0.310623,0.4500
TG00015516,T00061,BGS,1.12766450,0.112969,0.4500
TG00015517,T00061,BGS,1.13015014,0.202832,0.4500
TG00015518,T00061,BGS,0.77204131,0.293939,0.4500
TG00015519,T00061,BGS,1.44168163,0.151366,0.4500
TG00015520,T00061,BGS,1.00414268,0.216252,0.4500
TG00015521,T00061,BGS,1.06337538,0.303549,0.4500
TG00015522,T00061,BGS,1.18412817,0.162302,0.4500
TG00015523,T00061,BGS,1.76926810,0.253276,0.4500
TG00015524,T00061,BGS,1.19710622,0.277851,0.4500
TG00015525,T00061,BGS,1.84046544,0.268618,0.4500
TG00015526,T00061,BGS,0.90850730,0.236314,0.4500
TG00015527,T00061,BGS,1.05416895,0.091039,0.4500
TG00015528,T00061,BGS,2.62933424,0.323465,0.4500
TG00015529,T00061,BGS,1.31742615,0.179326,0.4500
TG00015530,T00061,BGS,0.76674469,0.165354,0.4500
TG00015531,T00061,BGS,1.09537725,0.087871,0.4500
TG00015532,T00061,BGS,0.97920689,0.170065,0.4500
TG00015533,T00061,BGS,0.83879096,0.286110,0.4500
TG00015534,T00061,BGS,1.52029491,0.353767,0.4500
TG00015535,T00061,BGS,1.46176901,0.182424,0.4500
TG00015536,T00061,BGS,0.88253268,0.152236,0.4500
TG00015537,T00061,BGS,1.11372369,0.343890,0.4500
TG00015538,T00061,BGS,0.86748540,0.185744,0.4500
TG00015539,T00061,BGS,0.75340418,0.047343,0.4500
TG00015540,T00061,BGS,1.01350490,0.260918,0.4500
TG00015541,T00061,BGS,1.22819778,0.398909,0.4500
TG00015542,T00061,BGS,1.53115300,0.295321,0.4500
TG00015543,T00061,BGS,0.94086593,0.246705,0.4500
TG00015544,T00061,BGS,1.72990087,0.224378,0.4500
TG00015545,T00062,LRG,0.29938382,0.349346,1.0000
TG00015546,T00062,LRG,0.33895290,0.690689,1.0000
TG00015547,T00062,LRG,0.54429551,0.901651,1.0000
TG00015548,T00062,LRG,0.27426664,0.316264,1.0000
TG00015549,T00062,LRG,0.56289354,0.405909,1.0000
TG00015550,T00062,LRG,0.35465974,0.782310,1.0000
TG00015551,T00062,LRG,0.45145289,0.748161,1.0000
TG00015552,T00062,LRG,0.42281977,0.648858,1.0000
TG00015553,T00062,LRG,0.27324065,0.556948,1.0000
TG00015554,T00062,LRG,0.15813870,0.224958,1.0000
TG00015555,T00062,LRG,0.19853886,0.563604,1.0000
TG00015556,T00062,LRG,0.33254482,1.018664,1.0000
TG00015557,T00062,LRG,0.34099553,0.880154,1.0000
TG00015558,T00062,LRG,0.40177538,0.609151,1.0000
TG00015559,T00062,LRG,0.34263710,1.057314,1.0000
TG00015560,T00062,LRG,0.59163761,1.080696,1.0000
TG00015561,T00062,LRG,0.25615682,0.993466,1.0000
TG00015562,T00062,LRG,0.18093757,0.427799,1.0000
TG00015563,T00062,LRG,0.39214517,0.908672,1.0000
TG00015564,T00062,LRG,0.31704555,0.516811,1.0000
TG00015565,T00062,LRG,0.38640792,0.719601,1.0000
TG00015566,T00062,LRG,0.18339325,0.618153,1.0000
TG00015567,T00062,LRG,0.26852960,0.720291,1.0000
TG00015568,T00062,LRG,0.38858268,0.778209,1.0000
TG00015569,T00062,LRG,0.25923178,0.900304,1.0000
TG00015570,T00062,LRG,0.35677879,0.849693,1.0000
TG00015571,T00062,LRG,0.34961206,0.673272,1.0000
TG00015572,T00062,LRG,0.24511803,1.032918,1.0000
TG00015573,T00062,LRG,0.48601137,0.590493,1.0000
TG00015574,T00062,LRG,0.10554714,0.493985,1.0000
TG00015575,T00062,LRG,0.84268550,0.529386,1.0000
TG00015576,T00062,LRG,0.20456883,0.751801,1.0000
TG00015577,T00062,LRG,0.36001903,0.964322,1.0000
TG00015578,T00062,LRG,0.45034203,0.537525,1.0000
TG00015579,T00062,LRG,0.29941548,0.519522,1.0000
TG00015580,T00062,LRG,0.80393501,0.513411,1.0000
TG00015581,T00062,LRG,0.42482151,0.473569,1.0000
TG00015582,T00062,LRG,0.22425062,0.778181,1.0000
TG00015583,T00062,LRG,0.52021251,0.618760,1.0000
TG00015584,T00062,LRG,0.52984023,0.862105,1.0000
TG00015585,T00062,LRG,0.74497625,1.040823,1.0000
TG00015586,T00062,LRG,0.59050642,0.480052,1.0000
TG00015587,T00062,LRG,0.23303867,0.940530,1.0000
TG00015588,T00062,LRG,0.35792569,0.612440,1.0000
TG00015589,T00062,LRG,0.21746215,0.793665,1.0000
TG00015590,T00062,LRG,0.53354607,0.682622,1.0000
TG00015591,T00062,LRG,0.31168357,0.654581,1.0000
TG00015592,T00062,LRG,0.14152215,0.304159,1.0000
TG00015593,T00062,LRG,0.35613771,0.738913,1.0000
TG00015594,T00062,LRG,0.25686654,0.579924,1.0000
TG00015595,T00062,LRG,0.32137769,0.521962,1.0000
TG00015596,T00062,LRG,0.34768295,0.670443,1.0000
TG00015597,T00062,LRG,0.27221505,0.493523,1.0000
TG00015598,T00062,LRG,0.57600742,0.657713,1.0000
TG00015599,T00062,LRG,0.23047341,0.888301,1.0000
TG00015600,T00062,LRG,0.24761964,0.292440,1.0000
TG00015601,T00062,LRG,0.24613194,0.799273,1.0000
TG00015602,T00062,LRG,0.19836341,0.902599,1.0000
TG00015603,T00062,LRG,0.50983610,0.688477,1.0000
TG00015604,T00062,LRG,0.35028717,0.755168,1.0000
TG00015605,T00062,LRG,0.52881896,0.964326,1.0000
TG00015606,T00062,LRG,0.30118200,0.734167,1.0000
TG00015607,T00062,LRG,0.27232988,0.621998,1.0000
TG00015608,T00062,LRG,0.68391489,0.457881,1.0000
TG00015609,T00062,LRG,0.34283085,0.516762,1.0000
TG00015610,T00062,ELG,0.50214548,1.292536,1.0000
TG00015611,T00062,ELG,0.50463712,1.716556,1.0000
TG00015612,T00062,ELG,0.87996196,1.329706,1.0000
TG00015613,T00062,ELG,0.37550458,1.510149,1.0000
TG00015614,T00062,ELG,0.52585504,1.454810,1.0000
TG00015615,T00062,ELG,0.76627073,0.478657,1.0000
TG00015616,T00062,ELG,0.47282220,1.122784,1.0000
TG00015617,T00062,ELG,0.48206117,1.148861,1.0000
TG00015618,T00062,ELG,0.55379395,0.954028,1.0000
TG00015619,T00062,ELG,0.34127540,1.361994,1.0000
TG00015620,T00062,ELG,0.45505594,1.286472,1.0000
TG00015621,T00062,ELG,0.89439269,1.432240,1.0000
TG00015622,T00062,ELG,1.00631612,1.341804,1.0000
TG00015623,T00062,ELG,1.41270131,1.308244,1.0000
TG00015624,T00062,ELG,1.42698037,0.935536,1.0000
TG00015625,T00062,ELG,0.87312162,0.840494,1.0000
TG00015626,T00062,ELG,0.65651600,1.409947,1.0000
TG00015627,T00062,ELG,0.52564706,0.787853,1.0000
TG00015628,T00062,ELG,0.98043293,1.673543,1.0000
TG00015629,T00062,ELG,0.76026846,1.335730,1.0000
TG00015630,T00062,ELG,0.50340943,1.246717,1.0000
TG00015631,T00062,ELG,1.16305419,1.041705,1.0000
TG00015632,T00062,ELG,0.24401792,1.062859,1.0000
TG00015633,T00062,ELG,0.61050182,0.150014,1.0000
TG00015634,T00062,ELG,0.51367482,0.997902,1.0000
TG00015635,T00062,ELG,0.59038672,0.575199,1.0000
TG00015636,T00062,ELG,0.19887109,0.792497,1.0000
TG00015637,T00062,ELG,0.35570908,0.885309,1.0000
TG00015638,T00062,ELG,0.25203266,1.166179,1.0000
TG00015639,T00062,ELG,0.53759746,0.978129,1.0000
TG00015640,T00062,ELG,0.57849107,1.935434,1.0000
TG00015641,T00062,ELG,0.74198639,1.004014,1.0000
TG00015642,T00062,ELG,0.57204656,0.762627,1.0000
TG00015643,T00062,ELG,0.35527536,1.095486,1.0000
TG00015644,T00062,ELG,0.89068568,0.983712,1.0000
TG00015645,T00062,ELG,0.39837314,1.458163,1.0000
TG00015646,T00062,ELG,0.67441108,1.122569,1.0000
TG00015647,T00062,ELG,0.53889352,1.189760,1.0000
TG00015648,T00062,ELG,0.27579800,0.958640,1.0000
TG00015649,T00062,ELG,0.83371679,1.302104,1.0000
TG00015650,T00062,ELG,0.49393632,1.105564,1.0000
TG00015651,T00062,ELG,0.60233377,1.005403,1.0000
TG00015652,T00062,ELG,0.81086160,1.145321,1.0000
TG00015653,T00062,ELG,0.30108616,0.954211,1.0000
TG00015654,T00062,ELG,0.72080817,0.846436,1.0000
TG00015655,T00062,ELG,0.27552819,0.789054,1.0000
TG00015656,T00062,ELG,0.89430396,0.787115,1.0000
TG00015657,T00062,ELG,0.42729867,0.948510,1.0000
TG00015658,T00062,ELG,0.31581547,0.900163,1.0000
TG00015659,T00062,ELG,0.77489103,1.236207,1.0000
TG00015660,T00062,ELG,0.48980665,1.138639,1.0000
TG00015661,T00062,ELG,0.43580861,0.890297,1.0000
TG00015662,T00062,ELG,0.48972889,1.272250,1.0000
TG00015663,T00062,ELG,0.67802209,1.147822,1.0000
TG00015664,T00062,ELG,0.36756132,0.978779,1.0000
TG00015665,T00062,ELG,0.70234383,1.104077,1.0000
TG00015666,T00062,ELG,0.47531073,1.221322,1.0000
TG00015667,T00062,ELG,0.90613526,1.145230,1.0000
TG00015668,T00062,ELG,0.38692463,1.364646,1.0000
TG00015669,T00062,ELG,0.32945472,0.964604,1.0000
TG00015670,T00062,ELG,0.91864224,1.095693,1.0000
TG00015671,T00062,ELG,0.55027953,0.976342,1.0000
TG00015672,T00062,ELG,0.63183284,1.247330,1.0000
TG00015673,T00062,ELG,0.37218838,1.300733,1.0000
TG00015674,T00062,ELG,0.22833534,1.215349,1.0000
TG00015675,T00062,ELG,0.37317293,1.085657,1.0000
TG00015676,T00062,ELG,1.12934118,0.357571,1.0000
TG00015677,T00062,ELG,0.39825320,1.109133,1.0000
TG00015678,T00062,ELG,1.21736770,0.897710,1.0000
TG00015679,T00062,ELG,0.40983258,1.276394,1.0000
TG00015680,T00062,ELG,1.04271444,1.312790,1.0000
TG00015681,T00062,ELG,0.81512651,1.283913,1.0000
TG00015682,T00062,ELG,0.37842830,1.210879,1.0000
TG00015683,T00062,ELG,0.53726890,1.027437,1.0000
TG00015684,T00062,ELG,0.69702117,0.682893,1.0000
TG00015685,T00062,ELG,1.05369428,0.976593,1.0000
TG00015686,T00062,ELG,0.55407597,1.248989,1.0000
TG00015687,T00062,ELG,0.36096417,1.236209,1.0000
TG00015688,T00062,ELG,0.94279947,1.146015,1.0000
TG00015689,T00062,ELG,0.39657597,0.961383,1.0000
TG00015690,T00062,ELG,0.47720770,1.229410,1.0000
TG00015691,T00062,ELG,0.72706260,0.872782,1.0000
TG00015692,T00062,ELG,0.72497547,1.373211,1.0000
TG00015693,T00062,ELG,0.31839700,1.354694,1.0000
TG00015694,T00062,ELG,0.47517498,0.842238,1.0000
TG00015695,T00062,ELG,0.94448430,1.478923,1.0000
TG00015696,T00062,ELG,1.07829450,1.361554,1.0000
TG00015697,T00062,ELG,0.35550570,1.567223,1.0000
TG00015698,T00062,ELG,0.26762909,0.808409,1.0000
TG00015699,T00062,ELG,0.42629033,1.293558,1.0000
TG00015700,T00062,ELG,1.58965978,1.193162,1.0000
TG00015701,T00062,ELG,0.61351790,0.876331,1.0000
TG00015702,T00062,ELG,0.92654647,1.098853,1.0000
TG00015703,T00062,ELG,0.25661613,1.377680,1.0000
TG00015704,T00062,ELG,0.34826531,1.310879,1.0000
TG00015705,T00062,ELG,0.60177866,1.198055,1.0000
TG00015706,T00062,ELG,0.57051483,1.125358,1.0000
TG00015707,T00062,ELG,0.79972505,0.997327,1.0000
TG00015708,T00062,ELG,0.25023628,1.292147,1.0000
TG00015709,T00062,ELG,0.41379950,0.924574,1.0000
TG00015710,T00062,ELG,0.85637520,1.072688,1.0000
TG00015711,T00062,ELG,0.55938728,1.643337,1.0000
TG00015712,T00062,ELG,0.47461531,1.644720,1.0000
TG00015713,T00062,ELG,0.29452943,1.183917,1.0000
TG00015714,T00062,ELG,0.80081669,1.688525,1.0000
TG00015715,T00062,ELG,0.69132713,1.112709,1.0000
TG00015716,T00062,ELG,0.46318717,0.769799,1.0000
TG00015717,T00062,ELG,0.68973302,0.896849,1.0000
TG00015718,T00062,ELG,0.51991175,1.482475,1.0000
TG00015719,T00062,ELG,0.69193000,1.253650,1.0000
TG00015720,T00062,ELG,0.42185892,1.276600,1.0000
TG00015721,T00062,ELG,0.63313203,0.897599,1.0000
TG00015722,T00062,ELG,0.25274815,1.265256,1.0000
TG00015723,T00062,ELG,0.59298346,0.914760,1.0000
TG00015724,T00062,ELG,0.53948985,0.842840,1.0000
TG00015725,T00062,ELG,0.26812868,1.218079,1.0000
TG00015726,T00062,ELG,0.41343118,1.068078,1.0000
TG00015727,T00062,ELG,0.87919885,1.298311,1.0000
TG00015728,T00062,ELG,0.48603298,1.038053,1.0000
TG00015729,T00062,ELG,0.40612980,1.148123,1.0000
TG00015730,T00062,ELG,0.26424206,0.778503,1.0000
TG00015731,T00062,ELG,0.80856789,0.810462,1.0000
TG00015732,T00062,ELG,0.30423358,1.474578,1.0000
TG00015733,T00062,ELG,0.46879055,0.772084,1.0000
TG00015734,T00062,ELG,0.47594588,0.698222,1.0000
TG00015735,T00062,ELG,0.29333532,1.176677,1.0000
TG00015736,T00062,QSO,0.09671817,1.147330,1.7000
TG00015737,T00062,QSO,0.17675993,2.287109,1.7000
TG00015738,T00062,QSO,0.26240624,3.262261,1.7000
TG00015739,T00062,QSO,0.09792043,1.650464,1.7000
TG00015740,T00062,QSO,0.08370890,1.880837,1.7000
TG00015741,T00062,QSO,0.27938076,1.394666,1.7000
TG00015742,T00062,QSO,0.08661272,2.452701,1.7000
TG00015743,T00062,QSO,0.50887928,1.945187,1.7000
TG00015744,T00062,QSO,0.10792646,1.840870,1.7000
TG00015745,T00062,QSO,0.11832955,1.707325,1.7000
TG00015746,T00062,QSO,0.08863770,1.975477,1.7000
TG00015747,T00062,QSO,0.20972847,1.530408,1.7000
TG00015748,T00062,QSO,0.14354657,2.340948,1.7000
TG00015749,T00062,QSO,0.10071895,2.304687,1.7000
TG00015750,T00062,QSO,0.13478980,1.359308,1.7000
TG00015751,T00062,QSO,0.10997500,1.365486,1.7000
TG00015752,T00062,QSO,0.09910169,2.708141,1.7000
TG00015753,T00062,QSO,0.13890570,2.627460,1.7000
TG00015754,T00062,QSO,0.09019700,2.219180,1.7000
TG00015755,T00062,QSO,0.41783923,2.426444,1.7000
TG00015756,T00062,QSO,0.06796990,2.358335,1.7000
TG00015757,T00062,BGS,1.09085576,0.190795,0.4500
TG00015758,T00062,BGS,0.98417597,0.205674,0.4500
TG00015759,T00062,BGS,1.39055455,0.347672,0.4500
TG00015760,T00062,BGS,0.68691097,0.049867,0.4500
TG00015761,T00062,BGS,0.97417353,0.219711,0.4500
TG00015762,T00062,BGS,1.93768652,0.464214,0.4500
TG00015763,T00062,BGS,1.17390068,0.257090,0.4500
TG00015764,T00062,BGS,1.32146145,0.229786,0.4500
TG00015765,T00062,BGS,1.54362724,0.104753,0.4500
TG00015766,T00062,BGS,0.84720246,0.112557,0.4500
TG00015767,T00062,BGS,0.78148464,0.227197,0.4500
TG00015768,T00062,BGS,1.11297256,0.188987,0.4500
TG00015769,T00062,BGS,1.44220311,0.227887,0.4500
TG00015770,T00062,BGS,1.00053957,0.325943,0.4500
TG00015771,T00062,BGS,1.34012819,0.119697,0.4500
TG00015772,T00062,BGS,1.51378685,0.156177,0.4500
TG00015773,T00062,BGS,1.19136257,0.185797,0.4500
TG00015774,T00062,BGS,0.68587662,0.106612,0.4500
TG00015775,T00062,BGS,1.68699630,0.394570,0.4500
TG00015776,T00062,BGS,1.54782465,0.228826,0.4500
TG00015777,T00062,BGS,1.92443611,0.176002,0.4500
TG00015778,T00062,BGS,0.58494463,0.173777,0.4500
TG00015779,T00062,BGS,1.37996222,0.293879,0.4500
TG00015780,T00062,BGS,1.05006823,0.112375,0.4500
TG00015781,T00062,BGS,1.00829073,0.350974,0.4500
TG00015782,T00062,BGS,2.12269908,0.155558,0.4500
TG00015783,T00062,BGS,1.11747588,0.146480,0.4500
TG00015784,T00062,BGS,1.37914409,0.152003,0.4500
TG00015785,T00062,BGS,1.39195479,0.448647,0.4500
TG00015786,T00062,BGS,1.94755080,0.171288,0.4500
TG00015787,T00062,BGS,1.39042934,0.341556,0.4500
TG00015788,T00062,BGS,1.56502454,0.084408,0.4500
TG00015789,T00062,BGS,1.09009693,0.277799,0.4500
TG00015790,T00062,BGS,1.94114217,0.412964,0.4500
TG00015791,T00062,BGS,1.23257745,0.239635,0.4500
TG00015792,T00062,BGS,0.97118998,0.179244,0.4500
TG00015793,T00062,BGS,1.11318761,0.361398,0.4500
TG00015794,T00062,BGS,1.01864583,0.216765,0.4500
TG00015795,T00062,BGS,1.62231381,0.180997,0.4500
TG00015796,T00062,BGS,1.23077604,0.302901,0.4500
TG00015797,T00062,BGS,1.25484602,0.090255,0.4500
TG00015798,T00062,BGS,0.98275445,0.302031,0.4500
TG00015799,T00062,BGS,1.42753697,0.308269,0.4500
TG00015800,T00062,BGS,1.54789794,0.463357,0.4500
TG00015801,T00062,BGS,0.60083174,0.348726,0.4500
TG00015802,T00062,BGS,1.37790297,0.224628,0.4500
TG00015803,T00062,BGS,1.78702273,0.219381,0.4500
TG00015804,T00062,BGS,1.43463570,0.131838,0.4500
TG00015805,T00062,BGS,1.21579129,0.191541,0.4500
TG00015806,T00062,BGS,1.26676648,0.153164,0.4500
TG00015807,T00062,BGS,2.20970194,0.296743,0.4500
TG00015808,T00062,BGS,0.86127422,0.209932,0.4500
TG00015809,T00062,BGS,1.91270748,0.267890,0.4500
TG00015810,T00062,BGS,0.88844985,0.181518,0.4500
TG00015811,T00062,BGS,1.18458682,0.289385,0.4500
TG00015812,T00062,BGS,0.92518560,0.272759,0.4500
TG00015813,T00062,BGS,0.91093424,0.022402,0.4500
TG00015814,T00062,BGS,1.22974149,0.143757,0.4500
TG00015815,T00062,BGS,1.31587014,0.275835,0.4500
TG00015816,T00062,BGS,1.63278606,0.184671,0.4500
TG00015817,T00062,BGS,1.16717489,0.154723,0.4500
TG00015818,T00062,BGS,1.07119458,0.171736,0.4500
TG00015819,T00062,BGS,1.32623506,0.213622,0.4500
TG00015820,T00062,BGS,0.91443061,0.117918,0.4500
TG00015821,T00063,LRG,0.24693818,0.456716,1.0000
TG00015822,T00063,LRG,0.56353225,0.634391,1.0000
TG00015823,T00063,LRG,0.57920181,0.810957,1.0000
TG00015824,T00063,LRG,0.25984869,0.739644,1.0000
TG00015825,T00063,LRG,0.27220926,0.843867,1.0000
TG00015826,T00063,LRG,0.67084601,1.028144,1.0000
TG00015827,T00063,LRG,0.85298638,0.960408,1.0000
TG00015828,T00063,LRG,0.48570621,0.512886,1.0000
TG00015829,T00063,LRG,0.31566167,0.576141,1.0000
TG00015830,T00063,LRG,0.31919141,0.690849,1.0000
TG00015831,T00063,LRG,0.33046189,0.674483,1.0000
TG00015832,T00063,LRG,0.35585449,0.568952,1.0000
TG00015833,T00063,LRG,0.50675691,0.695362,1.0000
TG00015834,T00063,LRG,0.61146842,1.101812,1.0000
TG00015835,T00063,LRG,0.27679415,0.750676,1.0000
TG00015836,T00063,LRG,0.19467167,0.516042,1.0000
TG00015837,T00063,LRG,0.73301537,0.971657,1.0000
TG00015838,T00063,LRG,0.22951468,0.345398,1.0000
TG00015839,T00063,LRG,0.35595629,0.478173,1.0000
TG00015840,T00063,LRG,0.44344276,0.857762,1.0000
TG00015841,T00063,LRG,0.38998994,1.239855,1.0000
TG00015842,T00063,LRG,0.34201652,0.683445,1.0000
TG00015843,T00063,LRG,0.49327967,0.448241,1.0000
TG00015844,T00063,LRG,0.22663183,0.890096,1.0000
TG00015845,T00063,LRG,0.10350459,0.549862,1.0000
TG00015846,T00063,LRG,0.69143314,1.042805,1.0000
TG00015847,T00063,LRG,0.47966704,0.596954,1.0000
TG00015848,T00063,LRG,0.41386316,0.596747,1.0000
TG00015849,T00063,LRG,0.29397379,0.860172,1.0000
TG00015850,T00063,LRG,0.44828823,0.701057,1.0000
TG00015851,T00063,LRG,0.57260378,0.557773,1.0000
TG00015852,T00063,LRG,0.18855767,0.687466,1.0000
TG00015853,T00063,LRG,0.13142297,0.862046,1.0000
TG00015854,T00063,LRG,0.34314221,0.548203,1.0000
TG00015855,T00063,LRG,0.29750269,0.654607,1.0000
TG00015856,T00063,LRG,0.28140369,0.585267,1.0000
TG00015857,T00063,LRG,0.33444452,0.786335,1.0000
TG00015858,T00063,LRG,0.27639937,0.533599,1.0000
TG00015859,T00063,LRG,0.38385811,0.598860,1.0000
TG00015860,T00063,LRG,0.35076547,0.763822,1.0000
TG00015861,T00063,LRG,0.37914705,0.667425,1.0000
TG00015862,T00063,LRG,0.50858656,0.959988,1.0000
TG00015863,T00063,LRG,0.30825701,0.645601,1.0000
TG00015864,T00063,LRG,0.17677742,0.556315,1.0000
TG00015865,T00063,LRG,0.40153375,0.896379,1.0000
TG00015866,T00063,LRG,0.39183019,0.481933,1.0000
TG00015867,T00063,LRG,0.32979104,0.793956,1.0000
TG00015868,T00063,LRG,0.24155318,0.764478,1.0000
TG00015869,T00063,LRG,0.31244705,1.129121,1.0000
TG00015870,T00063,LRG,0.60724901,0.773701,1.0000
TG00015871,T00063,LRG,0.20164677,0.462888,1.0000
TG00015872,T00063,LRG,0.30918334,0.368982,1.0000
TG00015873,T00063,LRG,0.38022355,0.980410,1.0000
TG00015874,T00063,LRG,0.32405511,0.415023,1.0000
TG00015875,T00063,LRG,0.19911291,0.687238,1.0000
TG00015876,T00063,ELG,0.78142137,1.759376,1.0000
TG00015877,T00063,ELG,1.55089815,1.212250,1.0000
TG00015878,T00063,ELG,1.10039298,1.293664,1.0000
TG00015879,T00063,ELG,0.27547571,0.663612,1.0000
TG00015880,T00063,ELG,0.87970863,1.103945,1.0000
TG00015881,T00063,ELG,0.64653035,1.257945,1.0000
TG00015882,T00063,ELG,0.65341860,0.795909,1.0000
TG00015883,T00063,ELG,0.37385100,1.019352,1.0000
TG00015884,T00063,ELG,0.53616306,0.856251,1.0000
TG00015885,T00063,ELG,0.85481390,1.868687,1.0000
TG00015886,T00063,ELG,0.54181465,1.485508,1.0000
TG00015887,T00063,ELG,0.81335777,1.585906,1.0000
TG00015888,T00063,ELG,0.73025652,1.558410,1.0000
TG00015889,T00063,ELG,0.89853664,0.556610,1.0000
TG00015890,T00063,ELG,0.36636820,1.134791,1.0000
TG00015891,T00063,ELG,0.42624332,1.271993,1.0000
TG00015892,T00063,ELG,0.74561001,1.504475,1.0000
TG00015893,T00063,ELG,1.09832870,1.203380,1.0000
TG00015894,T00063,ELG,0.61683485,0.737995,1.0000
TG00015895,T00063,ELG,0.42185000,0.998808,1.0000
TG00015896,T00063,ELG,0.65862157,0.944279,1.0000
TG00015897,T00063,ELG,0.48733894,0.660182,1.0000
TG00015898,T00063,ELG,0.43672275,1.219130,1.0000
TG00015899,T00063,ELG,0.48736115,1.241646,1.0000
TG00015900,T00063,ELG,0.49645881,0.940453,1.0000
TG00015901,T00063,ELG,0.34150847,1.564353,1.0000
TG00015902,T00063,ELG,0.82822381,1.264296,1.0000
TG00015903,T00063,ELG,0.44341188,1.043830,1.0000
TG00015904,T00063,ELG,0.76229525,1.231000,1.0000
TG00015905,T00063,ELG,0.54847502,0.660079,1.0000
TG00015906,T00063,ELG,0.46834804,1.182761,1.0000
TG00015907,T00063,ELG,0.36965986,1.473786,1.0000
TG00015908,T00063,ELG,0.58917106,1.109462,1.0000
TG00015909,T00063,ELG,0.59257596,1.207239,1.0000
TG00015910,T00063,ELG,0.67794077,0.836275,1.0000
TG00015911,T00063,ELG,0.48401053,1.295370,1.0000
TG00015912,T00063,ELG,0.44862938,1.158320,1.0000
TG00015913,T00063,ELG,0.50357939,1.491352,1.0000
TG00015914,T00063,ELG,0.39883416,0.693750,1.0000
TG00015915,T00063,ELG,0.74996927,1.602643,1.0000
TG00015916,T00063,ELG,0.69125082,1.791279,1.0000
TG00015917,T00063,ELG,0.41448945,1.182277,1.0000
TG00015918,T00063,ELG,0.49450902,1.178923,1.0000
TG00015919,T00063,ELG,0.49946972,1.184476,1.0000
TG00015920,T00063,ELG,1.09263650,0.727088,1.0000
TG00015921,T00063,ELG,0.51756386,0.826526,1.0000
TG00015922,T00063,ELG,0.62556695,1.405739,1.0000
TG00015923,T00063,ELG,0.34937280,1.032579,1.0000
TG00015924,T00063,ELG,0.20680390,0.966513,1.0000
TG00015925,T00063,ELG,0.55126470,1.384350,1.0000
TG00015926,T00063,ELG,0.40338154,0.672470,1.0000
TG00015927,T00063,ELG,0.35477980,1.468961,1.0000
TG00015928,T00063,ELG,0.92577222,0.667797,1.0000
TG00015929,T00063,ELG,0.40769477,1.168848,1.0000
TG00015930,T00063,ELG,0.65550213,1.263846,1.0000
TG00015931,T00063,ELG,0.34624019,1.651420,1.0000
TG00015932,T00063,ELG,0.51255812,0.926651,1.0000
TG00015933,T00063,ELG,0.69472753,0.966437,1.0000
TG00015934,T00063,ELG,0.62949931,1.520114,1.0000
TG00015935,T00063,ELG,0.65400789,1.102648,1.0000
TG00015936,T00063,ELG,0.51581957,1.443678,1.0000
TG00015937,T00063,ELG,0.30377725,1.184096,1.0000
TG00015938,T00063,ELG,0.51487029,0.531156,1.0000
TG00015939,T00063,ELG,0.35419985,1.203282,1.0000
TG00015940,T00063,ELG,0.63560122,1.449258,1.0000
TG00015941,T00063,ELG,0.63236005,0.921356,1.0000
TG00015942,T00063,ELG,0.26500725,1.140740,1.0000
TG00015943,T00063,ELG,0.53689421,0.796034,1.0000
TG00015944,T00063,ELG,0.45592879,0.902431,1.0000
TG00015945,T00063,ELG,0.53550940,1.225594,1.0000
TG00015946,T00063,ELG,0.40657283,0.497645,1.0000
TG00015947,T00063,ELG,1.10896798,0.749656,1.0000
TG00015948,T00063,ELG,0.58274695,0.856333,1.0000
TG00015949,T00063,ELG,0.52775924,0.990923,1.0000
TG00015950,T00063,ELG,0.54069783,1.180962,1.0000
TG00015951,T00063,ELG,0.76752642,1.514812,1.0000
TG00015952,T00063,ELG,0.70670978,0.885734,1.0000
TG00015953,T00063,ELG,0.75846337,1.234964,1.0000
TG00015954,T00063,ELG,0.78562693,1.114371,1.0000
TG00015955,T00063,ELG,0.29279907,0.860152,1.0000
TG00015956,T00063,ELG,2.00554853,1.127983,1.0000
TG00015957,T00063,ELG,0.23622515,1.035692,1.0000
TG00015958,T00063,ELG,0.43423465,0.920999,1.0000
TG00015959,T00063,ELG,0.30520014,0.974205,1.0000
TG00015960,T00063,ELG,0.43706435,1.324810,1.0000
TG00015961,T00063,QSO,0.09908031,1.387996,1.7000
TG00015962,T00063,QSO,0.16760370,1.465899,1.7000
TG00015963,T00063,QSO,0.08240800,1.937550,1.7000
TG00015964,T00063,QSO,0.16591662,2.611102,1.7000
TG00015965,T00063,QSO,0.22136678,3.388583,1.7000
TG00015966,T00063,QSO,0.27208615,2.839719,1.7000
TG00015967,T00063,QSO,0.31704154,3.607372,1.7000
TG00015968,T00063,QSO,0.06566214,2.349326,1.7000
TG00015969,T00063,QSO,0.48037295,1.373152,1.7000
TG00015970,T00063,QSO,0.35894591,2.140269,1.7000
TG00015971,T00063,QSO,0.20103727,1.850956,1.7000
TG00015972,T00063,QSO,0.17057681,3.262257,1.7000
TG00015973,T00063,QSO,0.40936860,2.132565,1.7000
TG00015974,T00063,QSO,0.23619447,2.658855,1.7000
TG00015975,T00063,QSO,0.09871477,2.156738,1.7000
TG00015976,T00063,QSO,0.10636260,2.144118,1.7000
TG00015977,T00063,QSO,0.12899717,2.573976,1.7000
TG00015978,T00063,QSO,0.18951376,1.579685,1.7000
TG00015979,T00063,QSO,0.32067412,1.590901,1.7000
TG00015980,T00063,BGS,0.94520816,0.192494,0.4500
TG00015981,T00063,BGS,1.40358430,0.226058,0.4500
TG00015982,T00063,BGS,0.89512381,0.369446,0.4500
TG00015983,T00063,BGS,1.01691633,0.250114,0.4500
TG00015984,T00063,BGS,1.57706595,0.363280,0.4500
TG00015985,T00063,BGS,0.83254346,0.258522,0.4500
TG00015986,T00063,BGS,2.53539301,0.128597,0.4500
TG00015987,T00063,BGS,1.19786768,0.247896,0.4500
TG00015988,T00063,BGS,1.61735796,0.158685,0.4500
TG00015989,T00063,BGS,1.08173249,0.275265,0.4500
TG00015990,T00063,BGS,1.25417799,0.337571,0.4500
TG00015991,T00063,BGS,0.99924071,0.134870,0.4500
TG00015992,T00063,BGS,1.24564306,0.293211,0.4500
TG00015993,T00063,BGS,1.00477535,0.180907,0.4500
TG00015994,T00063,BGS,1.45493351,0.166088,0.4500
TG00015995,T00063,BGS,1.96968528,0.060082,0.4500
TG00015996,T00063,BGS,1.55605500,0.134206,0.4500
TG00015997,T00063,BGS,2.11518880,0.159891,0.4500
TG00015998,T00063,BGS,0.87702174,0.305273,0.4500
TG00015999,T00063,BGS,1.48682337,0.271702,0.4500
TG00016000,T00063,BGS,1.30918728,0.107977,0.4500
TG00016001,T00063,BGS,1.66742383,0.163772,0.4500
TG00016002,T00063,BGS,1.10228818,0.171382,0.4500
TG00016003,T00063,BGS,0.90621738,0.063097,0.4500
TG00016004,T00063,BGS,1.78600213,0.194412,0.4500
TG00016005,T00063,BGS,0.52670531,0.248538,0.4500
TG00016006,T00063,BGS,1.10394001,0.225768,0.4500
TG00016007,T00063,BGS,1.02032568,0.266245,0.4500
TG00016008,T00063,BGS,0.75823427,0.281317,0.4500
TG00016009,T00063,BGS,0.99823538,0.220918,0.4500
TG00016010,T00063,BGS,1.64403471,0.273210,0.4500
TG00016011,T00063,BGS,1.38854997,0.243355,0.4500
TG00016012,T00063,BGS,1.88653361,0.219360,0.4500
TG00016013,T00063,BGS,1.07555694,0.253244,0.4500
TG00016014,T00063,BGS,2.83963715,0.118261,0.4500
TG00016015,T00063,BGS,0.86920293,0.264115,0.4500
TG00016016,T00063,BGS,1.00195778,0.185555,0.4500
TG00016017,T00063,BGS,1.07533550,0.330449,0.4500
TG00016018,T00063,BGS,2.19321211,0.275918,0.4500
TG00016019,T00063,BGS,1.45637746,0.204809,0.4500
TG00016020,T00063,BGS,1.24703553,0.176386,0.4500
TG00016021,T00063,BGS,1.66588189,0.237916,0.4500
TG00016022,T00063,BGS,1.78137919,0.139996,0.4500
TG00016023,T00063,BGS,1.06627240,0.199280,0.4500
TG00016024,T00063,BGS,1.23659228,0.299787,0.4500
TG00016025,T00063,BGS,1.25906137,0.233965,0.4500
TG00016026,T00063,BGS,1.85409886,0.283060,0.4500
TG00016027,T00063,BGS,0.90340376,0.279990,0.4500
TG00016028,T00063,BGS,1.42411153,0.383557,0.4500
TG00016029,T00063,BGS,2.40146471,0.083983,0.4500
TG00016030,T00063,BGS,1.02877185,0.060174,0.4500
TG00016031,T00063,BGS,1.42065629,0.292367,0.4500
TG00016032,T00063,BGS,0.99088699,0.138134,0.4500
TG00016033,T00063,BGS,0.77277195,0.397651,0.4500
TG00016034,T00063,BGS,0.95045390,0.311295,0.4500
TG00016035,T00063,BGS,1.14675545,0.093935,0.4500
TG00016036,T00063,BGS,1.75396704,0.313656,0.4500
TG00016037,T00063,BGS,0.91328427,0.138695,0.4500
TG00016038,T00063,BGS,1.20852204,0.242401,0.4500
TG00016039,T00063,BGS,1.30093579,0.470472,0.4500
TG00016040,T00063,BGS,1.35666091,0.258791,0.4500
TG00016041,T00063,BGS,1.49677295,0.328686,0.4500
TG00016042,T00063,BGS,1.23495568,0.219336,0.4500
TG00016043,T00063,BGS,0.74980428,0.256269,0.4500
TG00016044,T00063,BGS,1.00010026,0.254478,0.4500
TG00016045,T00063,BGS,1.20786069,0.247464,0.4500
TG00016046,T00063,BGS,1.91846116,0.175774,0.4500
TG00016047,T00063,BGS,1.73608861,0.232927,0.4500
TG00016048,T00063,BGS,0.65125903,0.184305,0.4500
TG00016049,T00063,BGS,1.82440582,0.106533,0.4500
TG00016050,T00063,BGS,1.13689536,0.156526,0.4500
TG00016051,T00063,BGS,0.92052214,0.192606,0.4500
TG00016052,T00063,BGS,0.67358210,0.097773,0.4500
TG00016053,T00063,BGS,0.80736294,0.306309,0.4500
TG00016054,T00063,BGS,0.87973823,0.195284,0.4500
TG00016055,T00063,BGS,0.86792643,0.207874,0.4500
TG00016056,T00063,BGS,1.16336645,0.161478,0.4500
TG00016057,T00063,BGS,1.21433121,0.167661,0.4500
TG00016058,T00063,BGS,0.66613139,0.334956,0.4500
TG00016059,T00063,BGS,1.05081797,0.280617,0.4500
TG00016060,T00064,LRG,0.38714733,0.781092,1.0000
TG00016061,T00064,LRG,0.22985318,0.359332,1.0000
TG00016062,T00064,LRG,0.22709029,0.676152,1.0000
TG00016063,T00064,LRG,0.52459095,0.257019,1.0000
TG00016064,T00064,LRG,0.27320840,0.610994,1.0000
TG00016065,T00064,LRG,0.27304560,0.665576,1.0000
TG00016066,T00064,LRG,0.35349647,0.727191,1.0000
TG00016067,T00064,LRG,0.35196883,0.554142,1.0000
TG00016068,T00064,LRG,0.21234696,0.844370,1.0000
TG00016069,T00064,LRG,0.37996672,0.473151,1.0000
TG00016070,T00064,LRG,0.25036876,0.702518,1.0000
TG00016071,T00064,LRG,0.40418491,0.767356,1.0000
TG00016072,T00064,LRG,0.37434377,0.815738,1.0000
TG00016073,T00064,LRG,0.44586465,0.618132,1.0000
TG00016074,T00064,LRG,0.28197264,0.535977,1.0000
TG00016075,T00064,LRG,0.43065468,0.837584,1.0000
TG00016076,T00064,LRG,0.28469764,0.590208,1.0000
TG00016077,T00064,LRG,0.31059080,0.756140,1.0000
TG00016078,T00064,LRG,0.49636491,0.657629,1.0000
TG00016079,T00064,LRG,0.20496456,0.793377,1.0000
TG00016080,T00064,LRG,0.25046063,0.937866,1.0000
TG00016081,T00064,LRG,0.63107001,1.112315,1.0000
TG00016082,T00064,LRG,0.22290929,0.426266,1.0000
TG00016083,T00064,LRG,0.25292852,0.924739,1.0000
TG00016084,T00064,LRG,0.32159702,0.762682,1.0000
TG00016085,T00064,LRG,0.46097540,0.433268,1.0000
TG00016086,T00064,LRG,0.56361869,0.416253,1.0000
TG00016087,T00064,LRG,0.54633129,0.862185,1.0000
TG00016088,T00064,LRG,0.67209008,0.854602,1.0000
TG00016089,T00064,LRG,0.29381815,1.170779,1.0000
TG00016090,T00064,LRG,0.37571760,0.677769,1.0000
TG00016091,T00064,LRG,0.27692942,0.609348,1.0000
TG00016092,T00064,LRG,0.62535151,0.609572,1.0000
TG00016093,T00064,LRG,0.28489198,0.473540,1.0000
TG00016094,T00064,LRG,0.41034872,0.803291,1.0000
TG00016095,T00064,LRG,0.24247338,0.504883,1.0000
TG00016096,T00064,LRG,0.38169577,0.541708,1.0000
TG00016097,T00064,LRG,0.25174941,0.633508,1.0000
TG00016098,T00064,LRG,0.56986546,0.843402,1.0000
TG00016099,T00064,LRG,0.41418704,0.753197,1.0000
TG00016100,T00064,LRG,0.21157753,0.755845,1.0000
TG00016101,T00064,LRG,0.34544620,0.761157,1.0000
TG00016102,T00064,LRG,0.52577469,0.513906,1.0000
TG00016103,T00064,LRG,0.22150879,0.372741,1.0000
TG00016104,T00064,LRG,0.36577992,0.491552,1.0000
TG00016105,T00064,LRG,0.47649506,1.002423,1.0000
TG00016106,T00064,LRG,0.33958967,0.468268,1.0000
TG00016107,T00064,LRG,0.27635654,0.737195,1.0000
TG00016108,T00064,LRG,0.39545968,0.827054,1.0000
TG00016109,T00064,LRG,0.56269866,0.559466,1.0000
TG00016110,T00064,LRG,0.35777451,0.643064,1.0000
TG00016111,T00064,LRG,0.23879818,0.606299,1.0000
TG00016112,T00064,LRG,0.26055054,0.612856,1.0000
TG00016113,T00064,LRG,0.58090489,0.829926,1.0000
TG00016114,T00064,LRG,0.21909452,0.669281,1.0000
TG00016115,T00064,LRG,0.74052643,0.490205,1.0000
TG00016116,T00064,LRG,0.37733207,0.608926,1.0000
TG00016117,T00064,LRG,0.17190892,0.880647,1.0000
TG00016118,T00064,LRG,0.29693018,1.086056,1.0000
TG00016119,T00064,LRG,0.54084529,0.960359,1.0000
TG00016120,T00064,LRG,0.22287319,0.978194,1.0000
TG00016121,T00064,LRG,0.28249116,0.591123,1.0000
TG00016122,T00064,LRG,0.21853572,0.683915,1.0000
TG00016123,T00064,LRG,0.39475492,0.985647,1.0000
TG00016124,T00064,LRG,0.47094426,0.731241,1.0000
TG00016125,T00064,LRG,0.67527278,0.633279,1.0000
TG00016126,T00064,LRG,0.13392176,0.965145,1.0000
TG00016127,T00064,LRG,0.19999770,0.733717,1.0000
TG00016128,T00064,LRG,0.29527238,0.730808,1.0000
TG00016129,T00064,LRG,0.34603014,0.468739,1.0000
TG00016130,T00064,LRG,0.63920084,0.795951,1.0000
TG00016131,T00064,LRG,0.28499873,0.625541,1.0000
TG00016132,T00064,LRG,0.20697331,0.559182,1.0000
TG00016133,T00064,LRG,0.33881250,1.007231,1.0000
TG00016134,T00064,LRG,0.71150392,0.557042,1.0000
TG00016135,T00064,LRG,0.52924351,0.554721,1.0000
TG00016136,T00064,LRG,0.35552131,0.681396,1.0000
TG00016137,T00064,ELG,0.39172882,1.055702,1.0000
TG00016138,T00064,ELG,0.50911696,1.462881,1.0000
TG00016139,T00064,ELG,0.51289261,1.069136,1.0000
TG00016140,T00064,ELG,1.08018369,1.171137,1.0000
TG00016141,T00064,ELG,0.71893830,1.260331,1.0000
TG00016142,T00064,ELG,0.63303492,0.321424,1.0000
TG00016143,T00064,ELG,1.27797408,1.024651,1.0000
TG00016144,T00064,ELG,0.63690346,1.097199,1.0000
TG00016145,T00064,ELG,0.55125034,0.956752,1.0000
TG00016146,T00064,ELG,0.38838427,1.065206,1.0000
TG00016147,T00064,ELG,0.55557369,1.289362,1.0000
TG00016148,T00064,ELG,0.65139342,1.639712,1.0000
TG00016149,T00064,ELG,0.55393356,1.130097,1.0000
TG00016150,T00064,ELG,0.52313925,1.521299,1.0000
TG00016151,T00064,ELG,0.21358637,0.721589,1.0000
TG00016152,T00064,ELG,0.61088606,0.864863,1.0000
TG00016153,T00064,ELG,0.47014146,0.966843,1.0000
TG00016154,T00064,ELG,0.59357519,0.798315,1.0000
TG00016155,T00064,ELG,0.54351617,1.558694,1.0000
TG00016156,T00064,ELG,0.72626612,0.844462,1.0000
TG00016157,T00064,ELG,0.99065733,0.926624,1.0000
TG00016158,T00064,ELG,0.31341333,1.238547,1.0000
TG00016159,T00064,ELG,0.52003051,1.703818,1.0000
TG00016160,T00064,ELG,0.29862363,0.643863,1.0000
TG00016161,T00064,ELG,0.29209858,0.929956,1.0000
TG00016162,T00064,ELG,0.33560330,1.105782,1.0000
TG00016163,T00064,ELG,0.78038003,1.278744,1.0000
TG00016164,T00064,ELG,0.61429132,0.842608,1.0000
TG00016165,T00064,ELG,0.56176397,0.959931,1.0000
TG00016166,T00064,ELG,0.54787264,0.870542,1.0000
TG00016167,T00064,ELG,0.53997830,1.483997,1.0000
TG00016168,T00064,ELG,0.46176469,0.875524,1.0000
TG00016169,T00064,ELG,0.23588593,0.874230,1.0000
TG00016170,T00064,ELG,0.73541471,1.653752,1.0000
TG00016171,T00064,ELG,0.72070451,1.528215,1.0000
TG00016172,T00064,ELG,0.22392924,1.021437,1.0000
TG00016173,T00064,ELG,0.32545856,0.834760,1.0000
TG00016174,T00064,ELG,0.80233919,1.113955,1.0000
TG00016175,T00064,ELG,0.41806014,1.290680,1.0000
TG00016176,T00064,ELG,0.27219293,1.072209,1.0000
TG00016177,T00064,ELG,0.63818053,1.060328,1.0000
TG00016178,T00064,ELG,0.55387966,1.011598,1.0000
TG00016179,T00064,ELG,0.28527086,0.648557,1.0000
TG00016180,T00064,ELG,0.55473516,0.929507,1.0000
TG00016181,T00064,ELG,0.47643556,1.396772,1.0000
TG00016182,T00064,ELG,0.38842306,1.171388,1.0000
TG00016183,T00064,ELG,0.36250501,1.048786,1.0000
TG00016184,T00064,ELG,0.36195123,1.420758,1.0000
TG00016185,T00064,ELG,0.39035921,0.878975,1.0000
TG00016186,T00064,ELG,0.72706232,1.440117,1.0000
TG00016187,T00064,ELG,1.11647139,0.650610,1.0000
TG00016188,T00064,ELG,1.12538105,1.363643,1.0000
TG00016189,T00064,ELG,0.63678948,0.414628,1.0000
TG00016190,T00064,ELG,0.93585646,1.106079,1.0000
TG00016191,T00064,ELG,0.49814015,0.625942,1.0000
TG00016192,T00064,ELG,0.64222134,1.046405,1.0000
TG00016193,T00064,ELG,0.94787701,0.980373,1.0000
TG00016194,T00064,ELG,0.87681349,1.482680,1.0000
TG00016195,T00064,ELG,0.65402196,0.667380,1.0000
TG00016196,T00064,ELG,0.68325057,1.427509,1.0000
TG00016197,T00064,ELG,0.62646812,1.200306,1.0000
TG00016198,T00064,ELG,0.82802302,1.080281,1.0000
TG00016199,T00064,ELG,0.48970940,0.859199,1.0000
TG00016200,T00064,ELG,0.36351621,1.465798,1.0000
TG00016201,T00064,ELG,0.55356168,0.545665,1.0000
TG00016202,T00064,ELG,0.52434199,0.574818,1.0000
TG00016203,T00064,ELG,0.62178356,1.579050,1.0000
TG00016204,T00064,ELG,0.42750607,1.733839,1.0000
TG00016205,T00064,ELG,0.42742215,1.419927,1.0000
TG00016206,T00064,ELG,0.81490678,0.749656,1.0000
TG00016207,T00064,ELG,0.79350425,0.984816,1.0000
TG00016208,T00064,ELG,0.37152774,1.444235,1.0000
TG00016209,T00064,ELG,0.50943974,1.387465,1.0000
TG00016210,T00064,ELG,0.64365615,1.109244,1.0000
TG00016211,T00064,ELG,0.57298581,1.337268,1.0000
TG00016212,T00064,ELG,0.32263492,1.456683,1.0000
TG00016213,T00064,ELG,0.48056808,1.007148,1.0000
TG00016214,T00064,ELG,0.60882694,1.318812,1.0000
TG00016215,T00064,ELG,0.48245417,0.905343,1.0000
TG00016216,T00064,ELG,0.30142506,0.926968,1.0000
TG00016217,T00064,ELG,0.29023549,0.840534,1.0000
TG00016218,T00064,ELG,0.53418513,1.406511,1.0000
TG00016219,T00064,ELG,0.87222898,1.176450,1.0000
TG00016220,T00064,ELG,0.84607776,0.617794,1.0000
TG00016221,T00064,QSO,0.29677828,2.575886,1.7000
TG00016222,T00064,QSO,0.12425204,2.312268,1.7000
TG00016223,T00064,QSO,0.14995555,2.707676,1.7000
TG00016224,T00064,QSO,0.25483666,2.570337,1.7000
TG00016225,T00064,QSO,0.13191967,2.104078,1.7000
TG00016226,T00064,QSO,0.11497669,2.420881,1.7000
TG00016227,T00064,QSO,0.21206815,1.826837,1.7000
TG00016228,T00064,QSO,0.22527205,1.028084,1.7000
TG00016229,T00064,QSO,0.22605636,4.129759,1.7000
TG00016230,T00064,QSO,0.10401500,1.219538,1.7000
TG00016231,T00064,QSO,0.20533591,1.181094,1.7000
TG00016232,T00064,QSO,0.13568579,2.454712,1.7000
TG00016233,T00064,QSO,0.13115824,1.636704,1.7000
TG00016234,T00064,QSO,0.12018447,3.008077,1.7000
TG00016235,T00064,QSO,0.21278719,1.979767,1.7000
TG00016236,T00064,QSO,0.09773938,1.372810,1.7000
TG00016237,T00064,QSO,0.32979363,2.656715,1.7000
TG00016238,T00064,BGS,1.16240710,0.086184,0.4500
TG00016239,T00064,BGS,2.60137719,0.291231,0.4500
TG00016240,T00064,BGS,0.81432721,0.196841,0.4500
TG00016241,T00064,BGS,1.54824222,0.260726,0.4500
TG00016242,T00064,BGS,1.51177468,0.186797,0.4500
TG00016243,T00064,BGS,0.94357437,0.094496,0.4500
TG00016244,T00064,BGS,1.42111463,0.030613,0.4500
TG00016245,T00064,BGS,1.17541750,0.362101,0.4500
TG00016246,T00064,BGS,0.82189000,0.178122,0.4500
TG00016247,T00064,BGS,2.01502119,0.405592,0.4500
TG00016248,T00064,BGS,0.85599802,0.254778,0.4500
TG00016249,T00064,BGS,0.99993791,0.201114,0.4500
TG00016250,T00064,BGS,1.50611230,0.120105,0.4500
TG00016251,T00064,BGS,1.89480963,0.275143,0.4500
TG00016252,T00064,BGS,1.49266910,0.310206,0.4500
TG00016253,T00064,BGS,0.66647841,0.093956,0.4500
TG00016254,T00064,BGS,1.59791988,0.206670,0.4500
TG00016255,T00064,BGS,1.32302622,0.234751,0.4500
TG00016256,T00064,BGS,1.17920628,0.292425,0.4500
TG00016257,T00064,BGS,0.88602814,0.302239,0.4500
TG00016258,T00064,BGS,1.31839434,0.154167,0.4500
TG00016259,T00064,BGS,1.04865921,0.148021,0.4500
TG00016260,T00064,BGS,2.17259521,0.201454,0.4500
TG00016261,T00064,BGS,1.41718164,0.276686,0.4500
TG00016262,T00064,BGS,1.00756759,0.245151,0.4500
TG00016263,T00064,BGS,1.50300163,0.160598,0.4500
TG00016264,T00064,BGS,0.70802063,0.069275,0.4500
TG00016265,T00064,BGS,0.75892869,0.202538,0.4500
TG00016266,T00064,BGS,1.36006300,0.324704,0.4500
TG00016267,T00064,BGS,1.50663676,0.204801,0.4500
TG00016268,T00064,BGS,1.06071121,0.300934,0.4500
TG00016269,T00064,BGS,1.55402844,0.052080,0.4500
TG00016270,T00064,BGS,0.94755253,0.200469,0.4500
TG00016271,T00064,BGS,0.90268786,0.271927,0.4500
TG00016272,T00064,BGS,2.03054183,0.245506,0.4500
TG00016273,T00064,BGS,1.54922878,0.000000,0.4500
TG00016274,T00064,BGS,1.20360585,0.334716,0.4500
TG00016275,T00064,BGS,1.07424124,0.118833,0.4500
TG00016276,T00064,BGS,1.74592831,0.096017,0.4500
TG00016277,T00064,BGS,1.15757325,0.175888,0.4500
TG00016278,T00064,BGS,1.55679070,0.369720,0.4500
TG00016279,T00064,BGS,0.97450309,0.151648,0.4500
TG00016280,T00064,BGS,1.62077115,0.224629,0.4500
TG00016281,T00064,BGS,0.96449450,0.150602,0.4500
TG00016282,T00064,BGS,0.65491792,0.142611,0.4500
TG00016283,T00064,BGS,1.13828028,0.213093,0.4500
TG00016284,T00064,BGS,1.11796415,0.319665,0.4500
TG00016285,T00064,BGS,0.79614439,0.181542,0.4500
TG00016286,T00064,BGS,1.65916198,0.351634,0.4500
TG00016287,T00064,BGS,1.72973445,0.000000,0.4500
TG00016288,T00064,BGS,1.20824809,0.350774,0.4500
TG00016289,T00064,BGS,1.04493675,0.177804,0.4500
TG00016290,T00064,BGS,1.36087100,0.254298,0.4500
TG00016291,T00064,BGS,1.33787844,0.254323,0.4500
TG00016292,T00064,BGS,0.92178707,0.100179,0.4500
TG00016293,T00064,BGS,1.03969087,0.180375,0.4500
TG00016294,T00064,BGS,1.42140651,0.313478,0.4500
TG00016295,T00064,BGS,1.14383117,0.253284,0.4500
TG00016296,T00064,BGS,0.82150721,0.181498,0.4500
TG00016297,T00064,BGS,1.71167155,0.175011,0.4500
TG00016298,T00064,BGS,1.07056182,0.207782,0.4500
TG00016299,T00064,BGS,1.03330701,0.201763,0.4500
TG00016300,T00064,BGS,1.18625548,0.383263,0.4500
