slot_id,night_id,timestamp_utc,duration_seconds
N20270601-S001,N20270601,2027-06-01T17:15:00Z,900
N20270601-S002,N20270601,2027-06-01T17:30:00Z,900
N20270601-S003,N20270601,2027-06-01T17:45:00Z,900
N20270601-S004,N20270601,2027-06-01T18:00:00Z,900
N20270601-S005,N20270601,2027-06-01T18:15:00Z,900
N20270601-S006,N20270601,2027-06-01T18:30:00Z,900
N20270601-S007,N20270601,2027-06-01T18:45:00Z,900
N20270601-S008,N20270601,2027-06-01T19:00:00Z,900
N20270601-S009,N20270601,2027-06-01T19:15:00Z,900
N20270601-S010,N20270601,2027-06-01T19:30:00Z,900
N20270601-S011,N20270601,2027-06-01T19:45:00Z,900
N20270601-S012,N20270601,2027-06-01T20:00:00Z,900
N20270601-S013,N20270601,2027-06-01T20:15:00Z,900
N20270601-S014,N20270601,2027-06-01T20:30:00Z,900
N20270601-S015,N20270601,2027-06-01T20:45:00Z,900
N20270601-S016,N20270601,2027-06-01T21:00:00Z,900
N20270601-S017,N20270601,2027-06-01T21:15:00Z,900
N20270601-S018,N20270601,2027-06-01T21:30:00Z,900
N20270601-S019,N20270601,2027-06-01T21:45:00Z,900
N20270601-S020,N20270601,2027-06-01T22:00:00Z,900
N20270601-S021,N20270601,2027-06-01T22:15:00Z,900
N20270601-S022,N20270601,2027-06-01T22:30:00Z,900
N20270601-S023,N20270601,2027-06-01T22:45:00Z,900
N20270601-S024,N20270601,2027-06-01T23:00:00Z,900
N20270601-S025,N20270601,2027-06-01T23:15:00Z,900
N20270601-S026,N20270601,2027-06-01T23:30:00Z,900
N20270601-S027,N20270601,2027-06-01T23:45:00Z,900
N20270601-S028,N20270601,2027-06-02T00:00:00Z,900
N20270601-S029,N20270601,2027-06-02T00:15:00Z,900
N20270601-S030,N20270601,2027-06-02T00:30:00Z,900
N20270601-S031,N20270601,2027-06-02T00:45:00Z,900
N20270601-S032,N20270601,2027-06-02T01:00:00Z,900
N20270601-S033,N20270601,2027-06-02T01:15:00Z,900
N20270601-S034,N20270601,2027-06-02T01:30:00Z,900
N20270601-S035,N20270601,2027-06-02T01:45:00Z,900
N20270601-S036,N20270601,2027-06-02T02:00:00Z,900
N20270601-S037,N20270601,2027-06-02T02:15:00Z,900
N20270601-S038,N20270601,2027-06-02T02:30:00Z,900
N20270601-S039,N20270601,2027-06-02T02:45:00Z,900
N20270601-S040,N20270601,2027-06-02T03:00:00Z,900
N20270601-S041,N20270601,2027-06-02T03:15:00Z,900
N20270601-S042,N20270601,2027-06-02T03:30:00Z,900
N20270601-S043,N20270601,2027-06-02T03:45:00Z,900
N20270602-S001,N20270602,2027-06-02T17:15:00Z,900
N20270602-S002,N20270602,2027-06-02T17:30:00Z,900
N20270602-S003,N20270602,2027-06-02T17:45:00Z,900
N20270602-S004,N20270602,2027-06-02T18:00:00Z,900
N20270602-S005,N20270602,2027-06-02T18:15:00Z,900
N20270602-S006,N20270602,2027-06-02T18:30:00Z,900
N20270602-S007,N20270602,2027-06-02T18:45:00Z,900
N20270602-S008,N20270602,2027-06-02T19:00:00Z,900
N20270602-S009,N20270602,2027-06-02T19:15:00Z,900
N20270602-S010,N20270602,2027-06-02T19:30:00Z,900
N20270602-S011,N20270602,2027-06-02T19:45:00Z,900
N20270602-S012,N20270602,2027-06-02T20:00:00Z,900
N20270602-S013,N20270602,2027-06-02T20:15:00Z,900
N20270602-S014,N20270602,2027-06-02T20:30:00Z,900
N20270602-S015,N20270602,2027-06-02T20:45:00Z,900
N20270602-S016,N20270602,2027-06-02T21:00:00Z,900
N20270602-S017,N20270602,2027-06-02T21:15:00Z,900
N20270602-S018,N20270602,2027-06-02T21:30:00Z,900
N20270602-S019,N20270602,2027-06-02T21:45:00Z,900
N20270602-S020,N20270602,2027-06-02T22:00:00Z,900
N20270602-S021,N20270602,2027-06-02T22:15:00Z,900
N20270602-S022,N20270602,2027-06-02T22:30:00Z,900
N20270602-S023,N20270602,2027-06-02T22:45:00Z,900
N20270602-S024,N20270602,2027-06-02T23:00:00Z,900
N20270602-S025,N20270602,2027-06-02T23:15:00Z,900
N20270602-S026,N20270602,2027-06-02T23:30:00Z,900
N20270602-S027,N20270602,2027-06-02T23:45:00Z,900
N20270602-S028,N20270602,2027-06-03T00:00:00Z,900
N20270602-S029,N20270602,2027-06-03T00:15:00Z,900
N20270602-S030,N20270602,2027-06-03T00:30:00Z,900
N20270602-S031,N20270602,2027-06-03T00:45:00Z,900
N20270602-S032,N20270602,2027-06-03T01:00:00Z,900
N20270602-S033,N20270602,2027-06-03T01:15:00Z,900
N20270602-S034,N20270602,2027-06-03T01:30:00Z,900
N20270602-S035,N20270602,2027-06-03T01:45:00Z,900
N20270602-S036,N20270602,2027-06-03T02:00:00Z,900
N20270602-S037,N20270602,2027-06-03T02:15:00Z,900
N20270602-S038,N20270602,2027-06-03T02:30:00Z,900
N20270602-S039,N20270602,2027-06-03T02:45:00Z,900
N20270602-S040,N20270602,2027-06-03T03:00:00Z,900
N20270602-S041,N20270602,2027-06-03T03:15:00Z,900
N20270602-S042,N20270602,2027-06-03T03:30:00Z,900
N20270602-S043,N20270602,2027-06-03T03:45:00Z,900
N20270602-S044,N20270602,2027-06-03T04:00:00Z,900
N20270603-S001,N20270603,2027-06-03T17:15:00Z,900
N20270603-S002,N20270603,2027-06-03T17:30:00Z,900
N20270603-S003,N20270603,2027-06-03T17:45:00Z,900
N20270603-S004,N20270603,2027-06-03T18:00:00Z,900
N20270603-S005,N20270603,2027-06-03T18:15:00Z,900
N20270603-S006,N20270603,2027-06-03T18:30:00Z,900
N20270603-S007,N20270603,2027-06-03T18:45:00Z,900
N20270603-S008,N20270603,2027-06-03T19:00:00Z,900
N20270603-S009,N20270603,2027-06-03T19:15:00Z,900
N20270603-S010,N20270603,2027-06-03T19:30:00Z,900
N20270603-S011,N20270603,2027-06-03T19:45:00Z,900
N20270603-S012,N20270603,2027-06-03T20:00:00Z,900
N20270603-S013,N20270603,2027-06-03T20:15:00Z,900
N20270603-S014,N20270603,2027-06-03T20:30:00Z,900
N20270603-S015,N20270603,2027-06-03T20:45:00Z,900
N20270603-S016,N20270603,2027-06-03T21:00:00Z,900
N20270603-S017,N20270603,2027-06-03T21:15:00Z,900
N20270603-S018,N20270603,2027-06-03T21:30:00Z,900
N20270603-S019,N20270603,2027-06-03T21:45:00Z,900
N20270603-S020,N20270603,2027-06-03T22:00:00Z,900
N20270603-S021,N20270603,2027-06-03T22:15:00Z,900
N20270603-S022,N20270603,2027-06-03T22:30:00Z,900
N20270603-S023,N20270603,2027-06-03T22:45:00Z,900
N20270603-S024,N20270603,2027-06-03T23:00:00Z,900
N20270603-S025,N20270603,2027-06-03T23:15:00Z,900
N20270603-S026,N20270603,2027-06-03T23:30:00Z,900
N20270603-S027,N20270603,2027-06-03T23:45:00Z,900
N20270603-S028,N20270603,2027-06-04T00:00:00Z,900
N20270603-S029,N20270603,2027-06-04T00:15:00Z,900
N20270603-S030,N20270603,2027-06-04T00:30:00Z,900
N20270603-S031,N20270603,2027-06-04T00:45:00Z,900
N20270603-S032,N20270603,2027-06-04T01:00:00Z,900
N20270603-S033,N20270603,2027-06-04T01:15:00Z,900
N20270603-S034,N20270603,2027-06-04T01:30:00Z,900
N20270603-S035,N20270603,2027-06-04T01:45:00Z,900
N20270603-S036,N20270603,2027-06-04T02:00:00Z,900
N20270603-S037,N20270603,2027-06-04T02:15:00Z,900
N20270603-S038,N20270603,2027-06-04T02:30:00Z,900
N20270603-S039,N20270603,2027-06-04T02:45:00Z,900
N20270603-S040,N20270603,2027-06-04T03:00:00Z,900
N20270603-S041,N20270603,2027-06-04T03:15:00Z,900
N20270603-S042,N20270603,2027-06-04T03:30:00Z,900
N20270603-S043,N20270603,2027-06-04T03:45:00Z,900
N20270603-S044,N20270603,2027-06-04T04:00:00Z,900
N20270604-S001,N20270604,2027-06-04T17:15:00Z,900
N20270604-S002,N20270604,2027-06-04T17:30:00Z,900
N20270604-S003,N20270604,2027-06-04T17:45:00Z,900
N20270604-S004,N20270604,2027-06-04T18:00:00Z,900
N20270604-S005,N20270604,2027-06-04T18:15:00Z,900
N20270604-S006,N20270604,2027-06-04T18:30:00Z,900
N20270604-S007,N20270604,2027-06-04T18:45:00Z,900
N20270604-S008,N20270604,2027-06-04T19:00:00Z,900
N20270604-S009,N20270604,2027-06-04T19:15:00Z,900
N20270604-S010,N20270604,2027-06-04T19:30:00Z,900
N20270604-S011,N20270604,2027-06-04T19:45:00Z,900
N20270604-S012,N20270604,2027-06-04T20:00:00Z,900
N20270604-S013,N20270604,2027-06-04T20:15:00Z,900
N20270604-S014,N20270604,2027-06-04T20:30:00Z,900
N20270604-S015,N20270604,2027-06-04T20:45:00Z,900
N20270604-S016,N20270604,2027-06-04T21:00:00Z,900
N20270604-S017,N20270604,2027-06-04T21:15:00Z,900
N20270604-S018,N20270604,2027-06-04T21:30:00Z,900
N20270604-S019,N20270604,2027-06-04T21:45:00Z,900
N20270604-S020,N20270604,2027-06-04T22:00:00Z,900
N20270604-S021,N20270604,2027-06-04T22:15:00Z,900
N20270604-S022,N20270604,2027-06-04T22:30:00Z,900
N20270604-S023,N20270604,2027-06-04T22:45:00Z,900
N20270604-S024,N20270604,2027-06-04T23:00:00Z,900
N20270604-S025,N20270604,2027-06-04T23:15:00Z,900
N20270604-S026,N20270604,2027-06-04T23:30:00Z,900
N20270604-S027,N20270604,2027-06-04T23:45:00Z,900
N20270604-S028,N20270604,2027-06-05T00:00:00Z,900
N20270604-S029,N20270604,2027-06-05T00:15:00Z,900
N20270604-S030,N20270604,2027-06-05T00:30:00Z,900
N20270604-S031,N20270604,2027-06-05T00:45:00Z,900
N20270604-S032,N20270604,2027-06-05T01:00:00Z,900
N20270604-S033,N20270604,2027-06-05T01:15:00Z,900
N20270604-S034,N20270604,2027-06-05T01:30:00Z,900
N20270604-S035,N20270604,2027-06-05T01:45:00Z,900
N20270604-S036,N20270604,2027-06-05T02:00:00Z,900
N20270604-S037,N20270604,2027-06-05T02:15:00Z,900
N20270604-S038,N20270604,2027-06-05T02:30:00Z,900
N20270604-S039,N20270604,2027-06-05T02:45:00Z,900
N20270604-S040,N20270604,2027-06-05T03:00:00Z,900
N20270604-S041,N20270604,2027-06-05T03:15:00Z,900
N20270604-S042,N20270604,2027-06-05T03:30:00Z,900
N20270604-S043,N20270604,2027-06-05T03:45:00Z,900
N20270604-S044,N20270604,2027-06-05T04:00:00Z,900
N20270605-S001,N20270605,2027-06-05T17:15:00Z,900
N20270605-S002,N20270605,2027-06-05T17:30:00Z,900
N20270605-S003,N20270605,2027-06-05T17:45:00Z,900
N20270605-S004,N20270605,2027-06-05T18:00:00Z,900
N20270605-S005,N20270605,2027-06-05T18:15:00Z,900
N20270605-S006,N20270605,2027-06-05T18:30:00Z,900
N20270605-S007,N20270605,2027-06-05T18:45:00Z,900
N20270605-S008,N20270605,2027-06-05T19:00:00Z,900
N20270605-S009,N20270605,2027-06-05T19:15:00Z,900
N20270605-S010,N20270605,2027-06-05T19:30:00Z,900
N20270605-S011,N20270605,2027-06-05T19:45:00Z,900
N20270605-S012,N20270605,2027-06-05T20:00:00Z,900
N20270605-S013,N20270605,2027-06-05T20:15:00Z,900
N20270605-S014,N20270605,2027-06-05T20:30:00Z,900
N20270605-S015,N20270605,2027-06-05T20:45:00Z,900
N20270605-S016,N20270605,2027-06-05T21:00:00Z,900
N20270605-S017,N20270605,2027-06-05T21:15:00Z,900
N20270605-S018,N20270605,2027-06-05T21:30:00Z,900
N20270605-S019,N20270605,2027-06-05T21:45:00Z,900
N20270605-S020,N20270605,2027-06-05T22:00:00Z,900
N20270605-S021,N20270605,2027-06-05T22:15:00Z,900
N20270605-S022,N20270605,2027-06-05T22:30:00Z,900
N20270605-S023,N20270605,2027-06-05T22:45:00Z,900
N20270605-S024,N20270605,2027-06-05T23:00:00Z,900
N20270605-S025,N20270605,2027-06-05T23:15:00Z,900
N20270605-S026,N20270605,2027-06-05T23:30:00Z,900
N20270605-S027,N20270605,2027-06-05T23:45:00Z,900
N20270605-S028,N20270605,2027-06-06T00:00:00Z,900
N20270605-S029,N20270605,2027-06-06T00:15:00Z,900
N20270605-S030,N20270605,2027-06-06T00:30:00Z,900
N20270605-S031,N20270605,2027-06-06T00:45:00Z,900
N20270605-S032,N20270605,2027-06-06T01:00:00Z,900
N20270605-S033,N20270605,2027-06-06T01:15:00Z,900
N20270605-S034,N20270605,2027-06-06T01:30:00Z,900
N20270605-S035,N20270605,2027-06-06T01:45:00Z,900
N20270605-S036,N20270605,2027-06-06T02:00:00Z,900
N20270605-S037,N20270605,2027-06-06T02:15:00Z,900
N20270605-S038,N20270605,2027-06-06T02:30:00Z,900
N20270605-S039,N20270605,2027-06-06T02:45:00Z,900
N20270605-S040,N20270605,2027-06-06T03:00:00Z,900
N20270605-S041,N20270605,2027-06-06T03:15:00Z,900
N20270605-S042,N20270605,2027-06-06T03:30:00Z,900
N20270605-S043,N20270605,2027-06-06T03:45:00Z,900
N20270605-S044,N20270605,2027-06-06T04:00:00Z,900
N20270606-S001,N20270606,2027-06-06T17:15:00Z,900
N20270606-S002,N20270606,2027-06-06T17:30:00Z,900
N20270606-S003,N20270606,2027-06-06T17:45:00Z,900
N20270606-S004,N20270606,2027-06-06T18:00:00Z,900
N20270606-S005,N20270606,2027-06-06T18:15:00Z,900
N20270606-S006,N20270606,2027-06-06T18:30:00Z,900
N20270606-S007,N20270606,2027-06-06T18:45:00Z,900
N20270606-S008,N20270606,2027-06-06T19:00:00Z,900
N20270606-S009,N20270606,2027-06-06T19:15:00Z,900
N20270606-S010,N20270606,2027-06-06T19:30:00Z,900
N20270606-S011,N20270606,2027-06-06T19:45:00Z,900
N20270606-S012,N20270606,2027-06-06T20:00:00Z,900
N20270606-S013,N20270606,2027-06-06T20:15:00Z,900
N20270606-S014,N20270606,2027-06-06T20:30:00Z,900
N20270606-S015,N20270606,2027-06-06T20:45:00Z,900
N20270606-S016,N20270606,2027-06-06T21:00:00Z,900
N20270606-S017,N20270606,2027-06-06T21:15:00Z,900
N20270606-S018,N20270606,2027-06-06T21:30:00Z,900
N20270606-S019,N20270606,2027-06-06T21:45:00Z,900
N20270606-S020,N20270606,2027-06-06T22:00:00Z,900
N20270606-S021,N20270606,2027-06-06T22:15:00Z,900
N20270606-S022,N20270606,2027-06-06T22:30:00Z,900
N20270606-S023,N20270606,2027-06-06T22:45:00Z,900
N20270606-S024,N20270606,2027-06-06T23:00:00Z,900
N20270606-S025,N20270606,2027-06-06T23:15:00Z,900
N20270606-S026,N20270606,2027-06-06T23:30:00Z,900
N20270606-S027,N20270606,2027-06-06T23:45:00Z,900
N20270606-S028,N20270606,2027-06-07T00:00:00Z,900
N20270606-S029,N20270606,2027-06-07T00:15:00Z,900
N20270606-S030,N20270606,2027-06-07T00:30:00Z,900
N20270606-S031,N20270606,2027-06-07T00:45:00Z,900
N20270606-S032,N20270606,2027-06-07T01:00:00Z,900
N20270606-S033,N20270606,2027-06-07T01:15:00Z,900
N20270606-S034,N20270606,2027-06-07T01:30:00Z,900
N20270606-S035,N20270606,2027-06-07T01:45:00Z,900
N20270606-S036,N20270606,2027-06-07T02:00:00Z,900
N20270606-S037,N20270606,2027-06-07T02:15:00Z,900
N20270606-S038,N20270606,2027-06-07T02:30:00Z,900
N20270606-S039,N20270606,2027-06-07T02:45:00Z,900
N20270606-S040,N20270606,2027-06-07T03:00:00Z,900
N20270606-S041,N20270606,2027-06-07T03:15:00Z,900
N20270606-S042,N20270606,2027-06-07T03:30:00Z,900
N20270606-S043,N20270606,2027-06-07T03:45:00Z,900
N20270606-S044,N20270606,2027-06-07T04:00:00Z,900
N20270607-S001,N20270607,2027-06-07T17:15:00Z,900
N20270607-S002,N20270607,2027-06-07T17:30:00Z,900
N20270607-S003,N20270607,2027-06-07T17:45:00Z,900
N20270607-S004,N20270607,2027-06-07T18:00:00Z,900
N20270607-S005,N20270607,2027-06-07T18:15:00Z,900
N20270607-S006,N20270607,2027-06-07T18:30:00Z,900
N20270607-S007,N20270607,2027-06-07T18:45:00Z,900
N20270607-S008,N20270607,2027-06-07T19:00:00Z,900
N20270607-S009,N20270607,2027-06-07T19:15:00Z,900
N20270607-S010,N20270607,2027-06-07T19:30:00Z,900
N20270607-S011,N20270607,2027-06-07T19:45:00Z,900
N20270607-S012,N20270607,2027-06-07T20:00:00Z,900
N20270607-S013,N20270607,2027-06-07T20:15:00Z,900
N20270607-S014,N20270607,2027-06-07T20:30:00Z,900
N20270607-S015,N20270607,2027-06-07T20:45:00Z,900
N20270607-S016,N20270607,2027-06-07T21:00:00Z,900
N20270607-S017,N20270607,2027-06-07T21:15:00Z,900
N20270607-S018,N20270607,2027-06-07T21:30:00Z,900
N20270607-S019,N20270607,2027-06-07T21:45:00Z,900
N20270607-S020,N20270607,2027-06-07T22:00:00Z,900
N20270607-S021,N20270607,2027-06-07T22:15:00Z,900
N20270607-S022,N20270607,2027-06-07T22:30:00Z,900
N20270607-S023,N20270607,2027-06-07T22:45:00Z,900
N20270607-S024,N20270607,2027-06-07T23:00:00Z,900
N20270607-S025,N20270607,2027-06-07T23:15:00Z,900
N20270607-S026,N20270607,2027-06-07T23:30:00Z,900
N20270607-S027,N20270607,2027-06-07T23:45:00Z,900
N20270607-S028,N20270607,2027-06-08T00:00:00Z,900
N20270607-S029,N20270607,2027-06-08T00:15:00Z,900
N20270607-S030,N20270607,2027-06-08T00:30:00Z,900
N20270607-S031,N20270607,2027-06-08T00:45:00Z,900
N20270607-S032,N20270607,2027-06-08T01:00:00Z,900
N20270607-S033,N20270607,2027-06-08T01:15:00Z,900
N20270607-S034,N20270607,2027-06-08T01:30:00Z,900
N20270607-S035,N20270607,2027-06-08T01:45:00Z,900
N20270607-S036,N20270607,2027-06-08T02:00:00Z,900
N20270607-S037,N20270607,2027-06-08T02:15:00Z,900
N20270607-S038,N20270607,2027-06-08T02:30:00Z,900
N20270607-S039,N20270607,2027-06-08T02:45:00Z,900
N20270607-S040,N20270607,2027-06-08T03:00:00Z,900
N20270607-S041,N20270607,2027-06-08T03:15:00Z,900
N20270607-S042,N20270607,2027-06-08T03:30:00Z,900
N20270607-S043,N20270607,2027-06-08T03:45:00Z,900
N20270607-S044,N20270607,2027-06-08T04:00:00Z,900
N20270608-S001,N20270608,2027-06-08T17:15:00Z,900
N20270608-S002,N20270608,2027-06-08T17:30:00Z,900
N20270608-S003,N20270608,2027-06-08T17:45:00Z,900
N20270608-S004,N20270608,2027-06-08T18:00:00Z,900
N20270608-S005,N20270608,2027-06-08T18:15:00Z,900
N20270608-S006,N20270608,2027-06-08T18:30:00Z,900
N20270608-S007,N20270608,2027-06-08T18:45:00Z,900
N20270608-S008,N20270608,2027-06-08T19:00:00Z,900
N20270608-S009,N20270608,2027-06-08T19:15:00Z,900
N20270608-S010,N20270608,2027-06-08T19:30:00Z,900
N20270608-S011,N20270608,2027-06-08T19:45:00Z,900
N20270608-S012,N20270608,2027-06-08T20:00:00Z,900
N20270608-S013,N20270608,2027-06-08T20:15:00Z,900
N20270608-S014,N20270608,2027-06-08T20:30:00Z,900
N20270608-S015,N20270608,2027-06-08T20:45:00Z,900
N20270608-S016,N20270608,2027-06-08T21:00:00Z,900
N20270608-S017,N20270608,2027-06-08T21:15:00Z,900
N20270608-S018,N20270608,2027-06-08T21:30:00Z,900
N20270608-S019,N20270608,2027-06-08T21:45:00Z,900
N20270608-S020,N20270608,2027-06-08T22:00:00Z,900
N20270608-S021,N20270608,2027-06-08T22:15:00Z,900
N20270608-S022,N20270608,2027-06-08T22:30:00Z,900
N20270608-S023,N20270608,2027-06-08T22:45:00Z,900
N20270608-S024,N20270608,2027-06-08T23:00:00Z,900
N20270608-S025,N20270608,2027-06-08T23:15:00Z,900
N20270608-S026,N20270608,2027-06-08T23:30:00Z,900
N20270608-S027,N20270608,2027-06-08T23:45:00Z,900
N20270608-S028,N20270608,2027-06-09T00:00:00Z,900
N20270608-S029,N20270608,2027-06-09T00:15:00Z,900
N20270608-S030,N20270608,2027-06-09T00:30:00Z,900
N20270608-S031,N20270608,2027-06-09T00:45:00Z,900
N20270608-S032,N20270608,2027-06-09T01:00:00Z,900
N20270608-S033,N20270608,2027-06-09T01:15:00Z,900
N20270608-S034,N20270608,2027-06-09T01:30:00Z,900
N20270608-S035,N20270608,2027-06-09T01:45:00Z,900
N20270608-S036,N20270608,2027-06-09T02:00:00Z,900
N20270608-S037,N20270608,2027-06-09T02:15:00Z,900
N20270608-S038,N20270608,2027-06-09T02:30:00Z,900
N20270608-S039,N20270608,2027-06-09T02:45:00Z,900
N20270608-S040,N20270608,2027-06-09T03:00:00Z,900
N20270608-S041,N20270608,2027-06-09T03:15:00Z,900
N20270608-S042,N20270608,2027-06-09T03:30:00Z,900
N20270608-S043,N20270608,2027-06-09T03:45:00Z,900
N20270608-S044,N20270608,2027-06-09T04:00:00Z,900
N20270609-S001,N20270609,2027-06-09T17:15:00Z,900
N20270609-S002,N20270609,2027-06-09T17:30:00Z,900
N20270609-S003,N20270609,2027-06-09T17:45:00Z,900
N20270609-S004,N20270609,2027-06-09T18:00:00Z,900
N20270609-S005,N20270609,2027-06-09T18:15:00Z,900
N20270609-S006,N20270609,2027-06-09T18:30:00Z,900
N20270609-S007,N20270609,2027-06-09T18:45:00Z,900
N20270609-S008,N20270609,2027-06-09T19:00:00Z,900
N20270609-S009,N20270609,2027-06-09T19:15:00Z,900
N20270609-S010,N20270609,2027-06-09T19:30:00Z,900
N20270609-S011,N20270609,2027-06-09T19:45:00Z,900
N20270609-S012,N20270609,2027-06-09T20:00:00Z,900
N20270609-S013,N20270609,2027-06-09T20:15:00Z,900
N20270609-S014,N20270609,2027-06-09T20:30:00Z,900
N20270609-S015,N20270609,2027-06-09T20:45:00Z,900
N20270609-S016,N20270609,2027-06-09T21:00:00Z,900
N20270609-S017,N20270609,2027-06-09T21:15:00Z,900
N20270609-S018,N20270609,2027-06-09T21:30:00Z,900
N20270609-S019,N20270609,2027-06-09T21:45:00Z,900
N20270609-S020,N20270609,2027-06-09T22:00:00Z,900
N20270609-S021,N20270609,2027-06-09T22:15:00Z,900
N20270609-S022,N20270609,2027-06-09T22:30:00Z,900
N20270609-S023,N20270609,2027-06-09T22:45:00Z,900
N20270609-S024,N20270609,2027-06-09T23:00:00Z,900
N20270609-S025,N20270609,2027-06-09T23:15:00Z,900
N20270609-S026,N20270609,2027-06-09T23:30:00Z,900
N20270609-S027,N20270609,2027-06-09T23:45:00Z,900
N20270609-S028,N20270609,2027-06-10T00:00:00Z,900
N20270609-S029,N20270609,2027-06-10T00:15:00Z,900
N20270609-S030,N20270609,2027-06-10T00:30:00Z,900
N20270609-S031,N20270609,2027-06-10T00:45:00Z,900
N20270609-S032,N20270609,2027-06-10T01:00:00Z,900
N20270609-S033,N20270609,2027-06-10T01:15:00Z,900
N20270609-S034,N20270609,2027-06-10T01:30:00Z,900
N20270609-S035,N20270609,2027-06-10T01:45:00Z,900
N20270609-S036,N20270609,2027-06-10T02:00:00Z,900
N20270609-S037,N20270609,2027-06-10T02:15:00Z,900
N20270609-S038,N20270609,2027-06-10T02:30:00Z,900
N20270609-S039,N20270609,2027-06-10T02:45:00Z,900
N20270609-S040,N20270609,2027-06-10T03:00:00Z,900
N20270609-S041,N20270609,2027-06-10T03:15:00Z,900
N20270609-S042,N20270609,2027-06-10T03:30:00Z,900
N20270609-S043,N20270609,2027-06-10T03:45:00Z,900
N20270609-S044,N20270609,2027-06-10T04:00:00Z,900
N20270610-S001,N20270610,2027-06-10T17:15:00Z,900
N20270610-S002,N20270610,2027-06-10T17:30:00Z,900
N20270610-S003,N20270610,2027-06-10T17:45:00Z,900
N20270610-S004,N20270610,2027-06-10T18:00:00Z,900
N20270610-S005,N20270610,2027-06-10T18:15:00Z,900
N20270610-S006,N20270610,2027-06-10T18:30:00Z,900
N20270610-S007,N20270610,2027-06-10T18:45:00Z,900
N20270610-S008,N20270610,2027-06-10T19:00:00Z,900
N20270610-S009,N20270610,2027-06-10T19:15:00Z,900
N20270610-S010,N20270610,2027-06-10T19:30:00Z,900
N20270610-S011,N20270610,2027-06-10T19:45:00Z,900
N20270610-S012,N20270610,2027-06-10T20:00:00Z,900
N20270610-S013,N20270610,2027-06-10T20:15:00Z,900
N20270610-S014,N20270610,2027-06-10T20:30:00Z,900
N20270610-S015,N20270610,2027-06-10T20:45:00Z,900
N20270610-S016,N20270610,2027-06-10T21:00:00Z,900
N20270610-S017,N20270610,2027-06-10T21:15:00Z,900
N20270610-S018,N20270610,2027-06-10T21:30:00Z,900
N20270610-S019,N20270610,2027-06-10T21:45:00Z,900
N20270610-S020,N20270610,2027-06-10T22:00:00Z,900
N20270610-S021,N20270610,2027-06-10T22:15:00Z,900
N20270610-S022,N20270610,2027-06-10T22:30:00Z,900
N20270610-S023,N20270610,2027-06-10T22:45:00Z,900
N20270610-S024,N20270610,2027-06-10T23:00:00Z,900
N20270610-S025,N20270610,2027-06-10T23:15:00Z,900
N20270610-S026,N20270610,2027-06-10T23:30:00Z,900
N20270610-S027,N20270610,2027-06-10T23:45:00Z,900
N20270610-S028,N20270610,2027-06-11T00:00:00Z,900
N20270610-S029,N20270610,2027-06-11T00:15:00Z,900
N20270610-S030,N20270610,2027-06-11T00:30:00Z,900
N20270610-S031,N20270610,2027-06-11T00:45:00Z,900
N20270610-S032,N20270610,2027-06-11T01:00:00Z,900
N20270610-S033,N20270610,2027-06-11T01:15:00Z,900
N20270610-S034,N20270610,2027-06-11T01:30:00Z,900
N20270610-S035,N20270610,2027-06-11T01:45:00Z,900
N20270610-S036,N20270610,2027-06-11T02:00:00Z,900
N20270610-S037,N20270610,2027-06-11T02:15:00Z,900
N20270610-S038,N20270610,2027-06-11T02:30:00Z,900
N20270610-S039,N20270610,2027-06-11T02:45:00Z,900
N20270610-S040,N20270610,2027-06-11T03:00:00Z,900
N20270610-S041,N20270610,2027-06-11T03:15:00Z,900
N20270610-S042,N20270610,2027-06-11T03:30:00Z,900
N20270610-S043,N20270610,2027-06-11T03:45:00Z,900
N20270610-S044,N20270610,2027-06-11T04:00:00Z,900
N20270611-S001,N20270611,2027-06-11T17:15:00Z,900
N20270611-S002,N20270611,2027-06-11T17:30:00Z,900
N20270611-S003,N20270611,2027-06-11T17:45:00Z,900
N20270611-S004,N20270611,2027-06-11T18:00:00Z,900
N20270611-S005,N20270611,2027-06-11T18:15:00Z,900
N20270611-S006,N20270611,2027-06-11T18:30:00Z,900
N20270611-S007,N20270611,2027-06-11T18:45:00Z,900
N20270611-S008,N20270611,2027-06-11T19:00:00Z,900
N20270611-S009,N20270611,2027-06-11T19:15:00Z,900
N20270611-S010,N20270611,2027-06-11T19:30:00Z,900
N20270611-S011,N20270611,2027-06-11T19:45:00Z,900
N20270611-S012,N20270611,2027-06-11T20:00:00Z,900
N20270611-S013,N20270611,2027-06-11T20:15:00Z,900
N20270611-S014,N20270611,2027-06-11T20:30:00Z,900
N20270611-S015,N20270611,2027-06-11T20:45:00Z,900
N20270611-S016,N20270611,2027-06-11T21:00:00Z,900
N20270611-S017,N20270611,2027-06-11T21:15:00Z,900
N20270611-S018,N20270611,2027-06-11T21:30:00Z,900
N20270611-S019,N20270611,2027-06-11T21:45:00Z,900
N20270611-S020,N20270611,2027-06-11T22:00:00Z,900
N20270611-S021,N20270611,2027-06-11T22:15:00Z,900
N20270611-S022,N20270611,2027-06-11T22:30:00Z,900
N20270611-S023,N20270611,2027-06-11T22:45:00Z,900
N20270611-S024,N20270611,2027-06-11T23:00:00Z,900
N20270611-S025,N20270611,2027-06-11T23:15:00Z,900
N20270611-S026,N20270611,2027-06-11T23:30:00Z,900
N20270611-S027,N20270611,2027-06-11T23:45:00Z,900
N20270611-S028,N20270611,2027-06-12T00:00:00Z,900
N20270611-S029,N20270611,2027-06-12T00:15:00Z,900
N20270611-S030,N20270611,2027-06-12T00:30:00Z,900
N20270611-S031,N20270611,2027-06-12T00:45:00Z,900
N20270611-S032,N20270611,2027-06-12T01:00:00Z,900
N20270611-S033,N20270611,2027-06-12T01:15:00Z,900
N20270611-S034,N20270611,2027-06-12T01:30:00Z,900
N20270611-S035,N20270611,2027-06-12T01:45:00Z,900
N20270611-S036,N20270611,2027-06-12T02:00:00Z,900
N20270611-S037,N20270611,2027-06-12T02:15:00Z,900
N20270611-S038,N20270611,2027-06-12T02:30:00Z,900
N20270611-S039,N20270611,2027-06-12T02:45:00Z,900
N20270611-S040,N20270611,2027-06-12T03:00:00Z,900
N20270611-S041,N20270611,2027-06-12T03:15:00Z,900
N20270611-S042,N20270611,2027-06-12T03:30:00Z,900
N20270611-S043,N20270611,2027-06-12T03:45:00Z,900
N20270611-S044,N20270611,2027-06-12T04:00:00Z,900
N20270612-S001,N20270612,2027-06-12T17:15:00Z,900
N20270612-S002,N20270612,2027-06-12T17:30:00Z,900
N20270612-S003,N20270612,2027-06-12T17:45:00Z,900
N20270612-S004,N20270612,2027-06-12T18:00:00Z,900
N20270612-S005,N20270612,2027-06-12T18:15:00Z,900
N20270612-S006,N20270612,2027-06-12T18:30:00Z,900
N20270612-S007,N20270612,2027-06-12T18:45:00Z,900
N20270612-S008,N20270612,2027-06-12T19:00:00Z,900
N20270612-S009,N20270612,2027-06-12T19:15:00Z,900
N20270612-S010,N20270612,2027-06-12T19:30:00Z,900
N20270612-S011,N20270612,2027-06-12T19:45:00Z,900
N20270612-S012,N20270612,2027-06-12T20:00:00Z,900
N20270612-S013,N20270612,2027-06-12T20:15:00Z,900
N20270612-S014,N20270612,2027-06-12T20:30:00Z,900
N20270612-S015,N20270612,2027-06-12T20:45:00Z,900
N20270612-S016,N20270612,2027-06-12T21:00:00Z,900
N20270612-S017,N20270612,2027-06-12T21:15:00Z,900
N20270612-S018,N20270612,2027-06-12T21:30:00Z,900
N20270612-S019,N20270612,2027-06-12T21:45:00Z,900
N20270612-S020,N20270612,2027-06-12T22:00:00Z,900
N20270612-S021,N20270612,2027-06-12T22:15:00Z,900
N20270612-S022,N20270612,2027-06-12T22:30:00Z,900
N20270612-S023,N20270612,2027-06-12T22:45:00Z,900
N20270612-S024,N20270612,2027-06-12T23:00:00Z,900
N20270612-S025,N20270612,2027-06-12T23:15:00Z,900
N20270612-S026,N20270612,2027-06-12T23:30:00Z,900
N20270612-S027,N20270612,2027-06-12T23:45:00Z,900
N20270612-S028,N20270612,2027-06-13T00:00:00Z,900
N20270612-S029,N20270612,2027-06-13T00:15:00Z,900
N20270612-S030,N20270612,2027-06-13T00:30:00Z,900
N20270612-S031,N20270612,2027-06-13T00:45:00Z,900
N20270612-S032,N20270612,2027-06-13T01:00:00Z,900
N20270612-S033,N20270612,2027-06-13T01:15:00Z,900
N20270612-S034,N20270612,2027-06-13T01:30:00Z,900
N20270612-S035,N20270612,2027-06-13T01:45:00Z,900
N20270612-S036,N20270612,2027-06-13T02:00:00Z,900
N20270612-S037,N20270612,2027-06-13T02:15:00Z,900
N20270612-S038,N20270612,2027-06-13T02:30:00Z,900
N20270612-S039,N20270612,2027-06-13T02:45:00Z,900
N20270612-S040,N20270612,2027-06-13T03:00:00Z,900
N20270612-S041,N20270612,2027-06-13T03:15:00Z,900
N20270612-S042,N20270612,2027-06-13T03:30:00Z,900
N20270612-S043,N20270612,2027-06-13T03:45:00Z,900
N20270612-S044,N20270612,2027-06-13T04:00:00Z,900
N20270613-S001,N20270613,2027-06-13T17:15:00Z,900
N20270613-S002,N20270613,2027-06-13T17:30:00Z,900
N20270613-S003,N20270613,2027-06-13T17:45:00Z,900
N20270613-S004,N20270613,2027-06-13T18:00:00Z,900
N20270613-S005,N20270613,2027-06-13T18:15:00Z,900
N20270613-S006,N20270613,2027-06-13T18:30:00Z,900
N20270613-S007,N20270613,2027-06-13T18:45:00Z,900
N20270613-S008,N20270613,2027-06-13T19:00:00Z,900
N20270613-S009,N20270613,2027-06-13T19:15:00Z,900
N20270613-S010,N20270613,2027-06-13T19:30:00Z,900
N20270613-S011,N20270613,2027-06-13T19:45:00Z,900
N20270613-S012,N20270613,2027-06-13T20:00:00Z,900
N20270613-S013,N20270613,2027-06-13T20:15:00Z,900
N20270613-S014,N20270613,2027-06-13T20:30:00Z,900
N20270613-S015,N20270613,2027-06-13T20:45:00Z,900
N20270613-S016,N20270613,2027-06-13T21:00:00Z,900
N20270613-S017,N20270613,2027-06-13T21:15:00Z,900
N20270613-S018,N20270613,2027-06-13T21:30:00Z,900
N20270613-S019,N20270613,2027-06-13T21:45:00Z,900
N20270613-S020,N20270613,2027-06-13T22:00:00Z,900
N20270613-S021,N20270613,2027-06-13T22:15:00Z,900
N20270613-S022,N20270613,2027-06-13T22:30:00Z,900
N20270613-S023,N20270613,2027-06-13T22:45:00Z,900
N20270613-S024,N20270613,2027-06-13T23:00:00Z,900
N20270613-S025,N20270613,2027-06-13T23:15:00Z,900
N20270613-S026,N20270613,2027-06-13T23:30:00Z,900
N20270613-S027,N20270613,2027-06-13T23:45:00Z,900
N20270613-S028,N20270613,2027-06-14T00:00:00Z,900
N20270613-S029,N20270613,2027-06-14T00:15:00Z,900
N20270613-S030,N20270613,2027-06-14T00:30:00Z,900
N20270613-S031,N20270613,2027-06-14T00:45:00Z,900
N20270613-S032,N20270613,2027-06-14T01:00:00Z,900
N20270613-S033,N20270613,2027-06-14T01:15:00Z,900
N20270613-S034,N20270613,2027-06-14T01:30:00Z,900
N20270613-S035,N20270613,2027-06-14T01:45:00Z,900
N20270613-S036,N20270613,2027-06-14T02:00:00Z,900
N20270613-S037,N20270613,2027-06-14T02:15:00Z,900
N20270613-S038,N20270613,2027-06-14T02:30:00Z,900
N20270613-S039,N20270613,2027-06-14T02:45:00Z,900
N20270613-S040,N20270613,2027-06-14T03:00:00Z,900
N20270613-S041,N20270613,2027-06-14T03:15:00Z,900
N20270613-S042,N20270613,2027-06-14T03:30:00Z,900
N20270613-S043,N20270613,2027-06-14T03:45:00Z,900
N20270613-S044,N20270613,2027-06-14T04:00:00Z,900
N20270614-S001,N20270614,2027-06-14T17:15:00Z,900
N20270614-S002,N20270614,2027-06-14T17:30:00Z,900
N20270614-S003,N20270614,2027-06-14T17:45:00Z,900
N20270614-S004,N20270614,2027-06-14T18:00:00Z,900
N20270614-S005,N20270614,2027-06-14T18:15:00Z,900
N20270614-S006,N20270614,2027-06-14T18:30:00Z,900
N20270614-S007,N20270614,2027-06-14T18:45:00Z,900
N20270614-S008,N20270614,2027-06-14T19:00:00Z,900
N20270614-S009,N20270614,2027-06-14T19:15:00Z,900
N20270614-S010,N20270614,2027-06-14T19:30:00Z,900
N20270614-S011,N20270614,2027-06-14T19:45:00Z,900
N20270614-S012,N20270614,2027-06-14T20:00:00Z,900
N20270614-S013,N20270614,2027-06-14T20:15:00Z,900
N20270614-S014,N20270614,2027-06-14T20:30:00Z,900
N20270614-S015,N20270614,2027-06-14T20:45:00Z,900
N20270614-S016,N20270614,2027-06-14T21:00:00Z,900
N20270614-S017,N20270614,2027-06-14T21:15:00Z,900
N20270614-S018,N20270614,2027-06-14T21:30:00Z,900
N20270614-S019,N20270614,2027-06-14T21:45:00Z,900
N20270614-S020,N20270614,2027-06-14T22:00:00Z,900
N20270614-S021,N20270614,2027-06-14T22:15:00Z,900
N20270614-S022,N20270614,2027-06-14T22:30:00Z,900
N20270614-S023,N20270614,2027-06-14T22:45:00Z,900
N20270614-S024,N20270614,2027-06-14T23:00:00Z,900
N20270614-S025,N20270614,2027-06-14T23:15:00Z,900
N20270614-S026,N20270614,2027-06-14T23:30:00Z,900
N20270614-S027,N20270614,2027-06-14T23:45:00Z,900
N20270614-S028,N20270614,2027-06-15T00:00:00Z,900
N20270614-S029,N20270614,2027-06-15T00:15:00Z,900
N20270614-S030,N20270614,2027-06-15T00:30:00Z,900
N20270614-S031,N20270614,2027-06-15T00:45:00Z,900
N20270614-S032,N20270614,2027-06-15T01:00:00Z,900
N20270614-S033,N20270614,2027-06-15T01:15:00Z,900
N20270614-S034,N20270614,2027-06-15T01:30:00Z,900
N20270614-S035,N20270614,2027-06-15T01:45:00Z,900
N20270614-S036,N20270614,2027-06-15T02:00:00Z,900
N20270614-S037,N20270614,2027-06-15T02:15:00Z,900
N20270614-S038,N20270614,2027-06-15T02:30:00Z,900
N20270614-S039,N20270614,2027-06-15T02:45:00Z,900
N20270614-S040,N20270614,2027-06-15T03:00:00Z,900
N20270614-S041,N20270614,2027-06-15T03:15:00Z,900
N20270614-S042,N20270614,2027-06-15T03:30:00Z,900
N20270614-S043,N20270614,2027-06-15T03:45:00Z,900
N20270614-S044,N20270614,2027-06-15T04:00:00Z,900
N20270615-S001,N20270615,2027-06-15T17:15:00Z,900
N20270615-S002,N20270615,2027-06-15T17:30:00Z,900
N20270615-S003,N20270615,2027-06-15T17:45:00Z,900
N20270615-S004,N20270615,2027-06-15T18:00:00Z,900
N20270615-S005,N20270615,2027-06-15T18:15:00Z,900
N20270615-S006,N20270615,2027-06-15T18:30:00Z,900
N20270615-S007,N20270615,2027-06-15T18:45:00Z,900
N20270615-S008,N20270615,2027-06-15T19:00:00Z,900
N20270615-S009,N20270615,2027-06-15T19:15:00Z,900
N20270615-S010,N20270615,2027-06-15T19:30:00Z,900
N20270615-S011,N20270615,2027-06-15T19:45:00Z,900
N20270615-S012,N20270615,2027-06-15T20:00:00Z,900
N20270615-S013,N20270615,2027-06-15T20:15:00Z,900
N20270615-S014,N20270615,2027-06-15T20:30:00Z,900
N20270615-S015,N20270615,2027-06-15T20:45:00Z,900
N20270615-S016,N20270615,2027-06-15T21:00:00Z,900
N20270615-S017,N20270615,2027-06-15T21:15:00Z,900
N20270615-S018,N20270615,2027-06-15T21:30:00Z,900
N20270615-S019,N20270615,2027-06-15T21:45:00Z,900
N20270615-S020,N20270615,2027-06-15T22:00:00Z,900
N20270615-S021,N20270615,2027-06-15T22:15:00Z,900
N20270615-S022,N20270615,2027-06-15T22:30:00Z,900
N20270615-S023,N20270615,2027-06-15T22:45:00Z,900
N20270615-S024,N20270615,2027-06-15T23:00:00Z,900
N20270615-S025,N20270615,2027-06-15T23:15:00Z,900
N20270615-S026,N20270615,2027-06-15T23:30:00Z,900
N20270615-S027,N20270615,2027-06-15T23:45:00Z,900
N20270615-S028,N20270615,2027-06-16T00:00:00Z,900
N20270615-S029,N20270615,2027-06-16T00:15:00Z,900
N20270615-S030,N20270615,2027-06-16T00:30:00Z,900
N20270615-S031,N20270615,2027-06-16T00:45:00Z,900
N20270615-S032,N20270615,2027-06-16T01:00:00Z,900
N20270615-S033,N20270615,2027-06-16T01:15:00Z,900
N20270615-S034,N20270615,2027-06-16T01:30:00Z,900
N20270615-S035,N20270615,2027-06-16T01:45:00Z,900
N20270615-S036,N20270615,2027-06-16T02:00:00Z,900
N20270615-S037,N20270615,2027-06-16T02:15:00Z,900
N20270615-S038,N20270615,2027-06-16T02:30:00Z,900
N20270615-S039,N20270615,2027-06-16T02:45:00Z,900
N20270615-S040,N20270615,2027-06-16T03:00:00Z,900
N20270615-S041,N20270615,2027-06-16T03:15:00Z,900
N20270615-S042,N20270615,2027-06-16T03:30:00Z,900
N20270615-S043,N20270615,2027-06-16T03:45:00Z,900
N20270615-S044,N20270615,2027-06-16T04:00:00Z,900
N20270616-S001,N20270616,2027-06-16T17:15:00Z,900
N20270616-S002,N20270616,2027-06-16T17:30:00Z,900
N20270616-S003,N20270616,2027-06-16T17:45:00Z,900
N20270616-S004,N20270616,2027-06-16T18:00:00Z,900
N20270616-S005,N20270616,2027-06-16T18:15:00Z,900
N20270616-S006,N20270616,2027-06-16T18:30:00Z,900
N20270616-S007,N20270616,2027-06-16T18:45:00Z,900
N20270616-S008,N20270616,2027-06-16T19:00:00Z,900
N20270616-S009,N20270616,2027-06-16T19:15:00Z,900
N20270616-S010,N20270616,2027-06-16T19:30:00Z,900
N20270616-S011,N20270616,2027-06-16T19:45:00Z,900
N20270616-S012,N20270616,2027-06-16T20:00:00Z,900
N20270616-S013,N20270616,2027-06-16T20:15:00Z,900
N20270616-S014,N20270616,2027-06-16T20:30:00Z,900
N20270616-S015,N20270616,2027-06-16T20:45:00Z,900
N20270616-S016,N20270616,2027-06-16T21:00:00Z,900
N20270616-S017,N20270616,2027-06-16T21:15:00Z,900
N20270616-S018,N20270616,2027-06-16T21:30:00Z,900
N20270616-S019,N20270616,2027-06-16T21:45:00Z,900
N20270616-S020,N20270616,2027-06-16T22:00:00Z,900
N20270616-S021,N20270616,2027-06-16T22:15:00Z,900
N20270616-S022,N20270616,2027-06-16T22:30:00Z,900
N20270616-S023,N20270616,2027-06-16T22:45:00Z,900
N20270616-S024,N20270616,2027-06-16T23:00:00Z,900
N20270616-S025,N20270616,2027-06-16T23:15:00Z,900
N20270616-S026,N20270616,2027-06-16T23:30:00Z,900
N20270616-S027,N20270616,2027-06-16T23:45:00Z,900
N20270616-S028,N20270616,2027-06-17T00:00:00Z,900
N20270616-S029,N20270616,2027-06-17T00:15:00Z,900
N20270616-S030,N20270616,2027-06-17T00:30:00Z,900
N20270616-S031,N20270616,2027-06-17T00:45:00Z,900
N20270616-S032,N20270616,2027-06-17T01:00:00Z,900
N20270616-S033,N20270616,2027-06-17T01:15:00Z,900
N20270616-S034,N20270616,2027-06-17T01:30:00Z,900
N20270616-S035,N20270616,2027-06-17T01:45:00Z,900
N20270616-S036,N20270616,2027-06-17T02:00:00Z,900
N20270616-S037,N20270616,2027-06-17T02:15:00Z,900
N20270616-S038,N20270616,2027-06-17T02:30:00Z,900
N20270616-S039,N20270616,2027-06-17T02:45:00Z,900
N20270616-S040,N20270616,2027-06-17T03:00:00Z,900
N20270616-S041,N20270616,2027-06-17T03:15:00Z,900
N20270616-S042,N20270616,2027-06-17T03:30:00Z,900
N20270616-S043,N20270616,2027-06-17T03:45:00Z,900
N20270616-S044,N20270616,2027-06-17T04:00:00Z,900
N20270617-S001,N20270617,2027-06-17T17:15:00Z,900
N20270617-S002,N20270617,2027-06-17T17:30:00Z,900
N20270617-S003,N20270617,2027-06-17T17:45:00Z,900
N20270617-S004,N20270617,2027-06-17T18:00:00Z,900
N20270617-S005,N20270617,2027-06-17T18:15:00Z,900
N20270617-S006,N20270617,2027-06-17T18:30:00Z,900
N20270617-S007,N20270617,2027-06-17T18:45:00Z,900
N20270617-S008,N20270617,2027-06-17T19:00:00Z,900
N20270617-S009,N20270617,2027-06-17T19:15:00Z,900
N20270617-S010,N20270617,2027-06-17T19:30:00Z,900
N20270617-S011,N20270617,2027-06-17T19:45:00Z,900
N20270617-S012,N20270617,2027-06-17T20:00:00Z,900
N20270617-S013,N20270617,2027-06-17T20:15:00Z,900
N20270617-S014,N20270617,2027-06-17T20:30:00Z,900
N20270617-S015,N20270617,2027-06-17T20:45:00Z,900
N20270617-S016,N20270617,2027-06-17T21:00:00Z,900
N20270617-S017,N20270617,2027-06-17T21:15:00Z,900
N20270617-S018,N20270617,2027-06-17T21:30:00Z,900
N20270617-S019,N20270617,2027-06-17T21:45:00Z,900
N20270617-S020,N20270617,2027-06-17T22:00:00Z,900
N20270617-S021,N20270617,2027-06-17T22:15:00Z,900
N20270617-S022,N20270617,2027-06-17T22:30:00Z,900
N20270617-S023,N20270617,2027-06-17T22:45:00Z,900
N20270617-S024,N20270617,2027-06-17T23:00:00Z,900
N20270617-S025,N20270617,2027-06-17T23:15:00Z,900
N20270617-S026,N20270617,2027-06-17T23:30:00Z,900
N20270617-S027,N20270617,2027-06-17T23:45:00Z,900
N20270617-S028,N20270617,2027-06-18T00:00:00Z,900
N20270617-S029,N20270617,2027-06-18T00:15:00Z,900
N20270617-S030,N20270617,2027-06-18T00:30:00Z,900
N20270617-S031,N20270617,2027-06-18T00:45:00Z,900
N20270617-S032,N20270617,2027-06-18T01:00:00Z,900
N20270617-S033,N20270617,2027-06-18T01:15:00Z,900
N20270617-S034,N20270617,2027-06-18T01:30:00Z,900
N20270617-S035,N20270617,2027-06-18T01:45:00Z,900
N20270617-S036,N20270617,2027-06-18T02:00:00Z,900
N20270617-S037,N20270617,2027-06-18T02:15:00Z,900
N20270617-S038,N20270617,2027-06-18T02:30:00Z,900
N20270617-S039,N20270617,2027-06-18T02:45:00Z,900
N20270617-S040,N20270617,2027-06-18T03:00:00Z,900
N20270617-S041,N20270617,2027-06-18T03:15:00Z,900
N20270617-S042,N20270617,2027-06-18T03:30:00Z,900
N20270617-S043,N20270617,2027-06-18T03:45:00Z,900
N20270617-S044,N20270617,2027-06-18T04:00:00Z,900
N20270618-S001,N20270618,2027-06-18T17:15:00Z,900
N20270618-S002,N20270618,2027-06-18T17:30:00Z,900
N20270618-S003,N20270618,2027-06-18T17:45:00Z,900
N20270618-S004,N20270618,2027-06-18T18:00:00Z,900
N20270618-S005,N20270618,2027-06-18T18:15:00Z,900
N20270618-S006,N20270618,2027-06-18T18:30:00Z,900
N20270618-S007,N20270618,2027-06-18T18:45:00Z,900
N20270618-S008,N20270618,2027-06-18T19:00:00Z,900
N20270618-S009,N20270618,2027-06-18T19:15:00Z,900
N20270618-S010,N20270618,2027-06-18T19:30:00Z,900
N20270618-S011,N20270618,2027-06-18T19:45:00Z,900
N20270618-S012,N20270618,2027-06-18T20:00:00Z,900
N20270618-S013,N20270618,2027-06-18T20:15:00Z,900
N20270618-S014,N20270618,2027-06-18T20:30:00Z,900
N20270618-S015,N20270618,2027-06-18T20:45:00Z,900
N20270618-S016,N20270618,2027-06-18T21:00:00Z,900
N20270618-S017,N20270618,2027-06-18T21:15:00Z,900
N20270618-S018,N20270618,2027-06-18T21:30:00Z,900
N20270618-S019,N20270618,2027-06-18T21:45:00Z,900
N20270618-S020,N20270618,2027-06-18T22:00:00Z,900
N20270618-S021,N20270618,2027-06-18T22:15:00Z,900
N20270618-S022,N20270618,2027-06-18T22:30:00Z,900
N20270618-S023,N20270618,2027-06-18T22:45:00Z,900
N20270618-S024,N20270618,2027-06-18T23:00:00Z,900
N20270618-S025,N20270618,2027-06-18T23:15:00Z,900
N20270618-S026,N20270618,2027-06-18T23:30:00Z,900
N20270618-S027,N20270618,2027-06-18T23:45:00Z,900
N20270618-S028,N20270618,2027-06-19T00:00:00Z,900
N20270618-S029,N20270618,2027-06-19T00:15:00Z,900
N20270618-S030,N20270618,2027-06-19T00:30:00Z,900
N20270618-S031,N20270618,2027-06-19T00:45:00Z,900
N20270618-S032,N20270618,2027-06-19T01:00:00Z,900
N20270618-S033,N20270618,2027-06-19T01:15:00Z,900
N20270618-S034,N20270618,2027-06-19T01:30:00Z,900
N20270618-S035,N20270618,2027-06-19T01:45:00Z,900
N20270618-S036,N20270618,2027-06-19T02:00:00Z,900
N20270618-S037,N20270618,2027-06-19T02:15:00Z,900
N20270618-S038,N20270618,2027-06-19T02:30:00Z,900
N20270618-S039,N20270618,2027-06-19T02:45:00Z,900
N20270618-S040,N20270618,2027-06-19T03:00:00Z,900
N20270618-S041,N20270618,2027-06-19T03:15:00Z,900
N20270618-S042,N20270618,2027-06-19T03:30:00Z,900
N20270618-S043,N20270618,2027-06-19T03:45:00Z,900
N20270618-S044,N20270618,2027-06-19T04:00:00Z,900
N20270619-S001,N20270619,2027-06-19T17:15:00Z,900
N20270619-S002,N20270619,2027-06-19T17:30:00Z,900
N20270619-S003,N20270619,2027-06-19T17:45:00Z,900
N20270619-S004,N20270619,2027-06-19T18:00:00Z,900
N20270619-S005,N20270619,2027-06-19T18:15:00Z,900
N20270619-S006,N20270619,2027-06-19T18:30:00Z,900
N20270619-S007,N20270619,2027-06-19T18:45:00Z,900
N20270619-S008,N20270619,2027-06-19T19:00:00Z,900
N20270619-S009,N20270619,2027-06-19T19:15:00Z,900
N20270619-S010,N20270619,2027-06-19T19:30:00Z,900
N20270619-S011,N20270619,2027-06-19T19:45:00Z,900
N20270619-S012,N20270619,2027-06-19T20:00:00Z,900
N20270619-S013,N20270619,2027-06-19T20:15:00Z,900
N20270619-S014,N20270619,2027-06-19T20:30:00Z,900
N20270619-S015,N20270619,2027-06-19T20:45:00Z,900
N20270619-S016,N20270619,2027-06-19T21:00:00Z,900
N20270619-S017,N20270619,2027-06-19T21:15:00Z,900
N20270619-S018,N20270619,2027-06-19T21:30:00Z,900
N20270619-S019,N20270619,2027-06-19T21:45:00Z,900
N20270619-S020,N20270619,2027-06-19T22:00:00Z,900
N20270619-S021,N20270619,2027-06-19T22:15:00Z,900
N20270619-S022,N20270619,2027-06-19T22:30:00Z,900
N20270619-S023,N20270619,2027-06-19T22:45:00Z,900
N20270619-S024,N20270619,2027-06-19T23:00:00Z,900
N20270619-S025,N20270619,2027-06-19T23:15:00Z,900
N20270619-S026,N20270619,2027-06-19T23:30:00Z,900
N20270619-S027,N20270619,2027-06-19T23:45:00Z,900
N20270619-S028,N20270619,2027-06-20T00:00:00Z,900
N20270619-S029,N20270619,2027-06-20T00:15:00Z,900
N20270619-S030,N20270619,2027-06-20T00:30:00Z,900
N20270619-S031,N20270619,2027-06-20T00:45:00Z,900
N20270619-S032,N20270619,2027-06-20T01:00:00Z,900
N20270619-S033,N20270619,2027-06-20T01:15:00Z,900
N20270619-S034,N20270619,2027-06-20T01:30:00Z,900
N20270619-S035,N20270619,2027-06-20T01:45:00Z,900
N20270619-S036,N20270619,2027-06-20T02:00:00Z,900
N20270619-S037,N20270619,2027-06-20T02:15:00Z,900
N20270619-S038,N20270619,2027-06-20T02:30:00Z,900
N20270619-S039,N20270619,2027-06-20T02:45:00Z,900
N20270619-S040,N20270619,2027-06-20T03:00:00Z,900
N20270619-S041,N20270619,2027-06-20T03:15:00Z,900
N20270619-S042,N20270619,2027-06-20T03:30:00Z,900
N20270619-S043,N20270619,2027-06-20T03:45:00Z,900
N20270619-S044,N20270619,2027-06-20T04:00:00Z,900
N20270620-S001,N20270620,2027-06-20T17:15:00Z,900
N20270620-S002,N20270620,2027-06-20T17:30:00Z,900
N20270620-S003,N20270620,2027-06-20T17:45:00Z,900
N20270620-S004,N20270620,2027-06-20T18:00:00Z,900
N20270620-S005,N20270620,2027-06-20T18:15:00Z,900
N20270620-S006,N20270620,2027-06-20T18:30:00Z,900
N20270620-S007,N20270620,2027-06-20T18:45:00Z,900
N20270620-S008,N20270620,2027-06-20T19:00:00Z,900
N20270620-S009,N20270620,2027-06-20T19:15:00Z,900
N20270620-S010,N20270620,2027-06-20T19:30:00Z,900
N20270620-S011,N20270620,2027-06-20T19:45:00Z,900
N20270620-S012,N20270620,2027-06-20T20:00:00Z,900
N20270620-S013,N20270620,2027-06-20T20:15:00Z,900
N20270620-S014,N20270620,2027-06-20T20:30:00Z,900
N20270620-S015,N20270620,2027-06-20T20:45:00Z,900
N20270620-S016,N20270620,2027-06-20T21:00:00Z,900
N20270620-S017,N20270620,2027-06-20T21:15:00Z,900
N20270620-S018,N20270620,2027-06-20T21:30:00Z,900
N20270620-S019,N20270620,2027-06-20T21:45:00Z,900
N20270620-S020,N20270620,2027-06-20T22:00:00Z,900
N20270620-S021,N20270620,2027-06-20T22:15:00Z,900
N20270620-S022,N20270620,2027-06-20T22:30:00Z,900
N20270620-S023,N20270620,2027-06-20T22:45:00Z,900
N20270620-S024,N20270620,2027-06-20T23:00:00Z,900
N20270620-S025,N20270620,2027-06-20T23:15:00Z,900
N20270620-S026,N20270620,2027-06-20T23:30:00Z,900
N20270620-S027,N20270620,2027-06-20T23:45:00Z,900
N20270620-S028,N20270620,2027-06-21T00:00:00Z,900
N20270620-S029,N20270620,2027-06-21T00:15:00Z,900
N20270620-S030,N20270620,2027-06-21T00:30:00Z,900
N20270620-S031,N20270620,2027-06-21T00:45:00Z,900
N20270620-S032,N20270620,2027-06-21T01:00:00Z,900
N20270620-S033,N20270620,2027-06-21T01:15:00Z,900
N20270620-S034,N20270620,2027-06-21T01:30:00Z,900
N20270620-S035,N20270620,2027-06-21T01:45:00Z,900
N20270620-S036,N20270620,2027-06-21T02:00:00Z,900
N20270620-S037,N20270620,2027-06-21T02:15:00Z,900
N20270620-S038,N20270620,2027-06-21T02:30:00Z,900
N20270620-S039,N20270620,2027-06-21T02:45:00Z,900
N20270620-S040,N20270620,2027-06-21T03:00:00Z,900
N20270620-S041,N20270620,2027-06-21T03:15:00Z,900
N20270620-S042,N20270620,2027-06-21T03:30:00Z,900
N20270620-S043,N20270620,2027-06-21T03:45:00Z,900
N20270620-S044,N20270620,2027-06-21T04:00:00Z,900
N20270621-S001,N20270621,2027-06-21T17:15:00Z,900
N20270621-S002,N20270621,2027-06-21T17:30:00Z,900
N20270621-S003,N20270621,2027-06-21T17:45:00Z,900
N20270621-S004,N20270621,2027-06-21T18:00:00Z,900
N20270621-S005,N20270621,2027-06-21T18:15:00Z,900
N20270621-S006,N20270621,2027-06-21T18:30:00Z,900
N20270621-S007,N20270621,2027-06-21T18:45:00Z,900
N20270621-S008,N20270621,2027-06-21T19:00:00Z,900
N20270621-S009,N20270621,2027-06-21T19:15:00Z,900
N20270621-S010,N20270621,2027-06-21T19:30:00Z,900
N20270621-S011,N20270621,2027-06-21T19:45:00Z,900
N20270621-S012,N20270621,2027-06-21T20:00:00Z,900
N20270621-S013,N20270621,2027-06-21T20:15:00Z,900
N20270621-S014,N20270621,2027-06-21T20:30:00Z,900
N20270621-S015,N20270621,2027-06-21T20:45:00Z,900
N20270621-S016,N20270621,2027-06-21T21:00:00Z,900
N20270621-S017,N20270621,2027-06-21T21:15:00Z,900
N20270621-S018,N20270621,2027-06-21T21:30:00Z,900
N20270621-S019,N20270621,2027-06-21T21:45:00Z,900
N20270621-S020,N20270621,2027-06-21T22:00:00Z,900
N20270621-S021,N20270621,2027-06-21T22:15:00Z,900
N20270621-S022,N20270621,2027-06-21T22:30:00Z,900
N20270621-S023,N20270621,2027-06-21T22:45:00Z,900
N20270621-S024,N20270621,2027-06-21T23:00:00Z,900
N20270621-S025,N20270621,2027-06-21T23:15:00Z,900
N20270621-S026,N20270621,2027-06-21T23:30:00Z,900
N20270621-S027,N20270621,2027-06-21T23:45:00Z,900
N20270621-S028,N20270621,2027-06-22T00:00:00Z,900
N20270621-S029,N20270621,2027-06-22T00:15:00Z,900
N20270621-S030,N20270621,2027-06-22T00:30:00Z,900
N20270621-S031,N20270621,2027-06-22T00:45:00Z,900
N20270621-S032,N20270621,2027-06-22T01:00:00Z,900
N20270621-S033,N20270621,2027-06-22T01:15:00Z,900
N20270621-S034,N20270621,2027-06-22T01:30:00Z,900
N20270621-S035,N20270621,2027-06-22T01:45:00Z,900
N20270621-S036,N20270621,2027-06-22T02:00:00Z,900
N20270621-S037,N20270621,2027-06-22T02:15:00Z,900
N20270621-S038,N20270621,2027-06-22T02:30:00Z,900
N20270621-S039,N20270621,2027-06-22T02:45:00Z,900
N20270621-S040,N20270621,2027-06-22T03:00:00Z,900
N20270621-S041,N20270621,2027-06-22T03:15:00Z,900
N20270621-S042,N20270621,2027-06-22T03:30:00Z,900
N20270621-S043,N20270621,2027-06-22T03:45:00Z,900
N20270621-S044,N20270621,2027-06-22T04:00:00Z,900
N20270622-S001,N20270622,2027-06-22T17:15:00Z,900
N20270622-S002,N20270622,2027-06-22T17:30:00Z,900
N20270622-S003,N20270622,2027-06-22T17:45:00Z,900
N20270622-S004,N20270622,2027-06-22T18:00:00Z,900
N20270622-S005,N20270622,2027-06-22T18:15:00Z,900
N20270622-S006,N20270622,2027-06-22T18:30:00Z,900
N20270622-S007,N20270622,2027-06-22T18:45:00Z,900
N20270622-S008,N20270622,2027-06-22T19:00:00Z,900
N20270622-S009,N20270622,2027-06-22T19:15:00Z,900
N20270622-S010,N20270622,2027-06-22T19:30:00Z,900
N20270622-S011,N20270622,2027-06-22T19:45:00Z,900
N20270622-S012,N20270622,2027-06-22T20:00:00Z,900
N20270622-S013,N20270622,2027-06-22T20:15:00Z,900
N20270622-S014,N20270622,2027-06-22T20:30:00Z,900
N20270622-S015,N20270622,2027-06-22T20:45:00Z,900
N20270622-S016,N20270622,2027-06-22T21:00:00Z,900
N20270622-S017,N20270622,2027-06-22T21:15:00Z,900
N20270622-S018,N20270622,2027-06-22T21:30:00Z,900
N20270622-S019,N20270622,2027-06-22T21:45:00Z,900
N20270622-S020,N20270622,2027-06-22T22:00:00Z,900
N20270622-S021,N20270622,2027-06-22T22:15:00Z,900
N20270622-S022,N20270622,2027-06-22T22:30:00Z,900
N20270622-S023,N20270622,2027-06-22T22:45:00Z,900
N20270622-S024,N20270622,2027-06-22T23:00:00Z,900
N20270622-S025,N20270622,2027-06-22T23:15:00Z,900
N20270622-S026,N20270622,2027-06-22T23:30:00Z,900
N20270622-S027,N20270622,2027-06-22T23:45:00Z,900
N20270622-S028,N20270622,2027-06-23T00:00:00Z,900
N20270622-S029,N20270622,2027-06-23T00:15:00Z,900
N20270622-S030,N20270622,2027-06-23T00:30:00Z,900
N20270622-S031,N20270622,2027-06-23T00:45:00Z,900
N20270622-S032,N20270622,2027-06-23T01:00:00Z,900
N20270622-S033,N20270622,2027-06-23T01:15:00Z,900
N20270622-S034,N20270622,2027-06-23T01:30:00Z,900
N20270622-S035,N20270622,2027-06-23T01:45:00Z,900
N20270622-S036,N20270622,2027-06-23T02:00:00Z,900
N20270622-S037,N20270622,2027-06-23T02:15:00Z,900
N20270622-S038,N20270622,2027-06-23T02:30:00Z,900
N20270622-S039,N20270622,2027-06-23T02:45:00Z,900
N20270622-S040,N20270622,2027-06-23T03:00:00Z,900
N20270622-S041,N20270622,2027-06-23T03:15:00Z,900
N20270622-S042,N20270622,2027-06-23T03:30:00Z,900
N20270622-S043,N20270622,2027-06-23T03:45:00Z,900
N20270622-S044,N20270622,2027-06-23T04:00:00Z,900
N20270623-S001,N20270623,2027-06-23T17:15:00Z,900
N20270623-S002,N20270623,2027-06-23T17:30:00Z,900
N20270623-S003,N20270623,2027-06-23T17:45:00Z,900
N20270623-S004,N20270623,2027-06-23T18:00:00Z,900
N20270623-S005,N20270623,2027-06-23T18:15:00Z,900
N20270623-S006,N20270623,2027-06-23T18:30:00Z,900
N20270623-S007,N20270623,2027-06-23T18:45:00Z,900
N20270623-S008,N20270623,2027-06-23T19:00:00Z,900
N20270623-S009,N20270623,2027-06-23T19:15:00Z,900
N20270623-S010,N20270623,2027-06-23T19:30:00Z,900
N20270623-S011,N20270623,2027-06-23T19:45:00Z,900
N20270623-S012,N20270623,2027-06-23T20:00:00Z,900
N20270623-S013,N20270623,2027-06-23T20:15:00Z,900
N20270623-S014,N20270623,2027-06-23T20:30:00Z,900
N20270623-S015,N20270623,2027-06-23T20:45:00Z,900
N20270623-S016,N20270623,2027-06-23T21:00:00Z,900
N20270623-S017,N20270623,2027-06-23T21:15:00Z,900
N20270623-S018,N20270623,2027-06-23T21:30:00Z,900
N20270623-S019,N20270623,2027-06-23T21:45:00Z,900
N20270623-S020,N20270623,2027-06-23T22:00:00Z,900
N20270623-S021,N20270623,2027-06-23T22:15:00Z,900
N20270623-S022,N20270623,2027-06-23T22:30:00Z,900
N20270623-S023,N20270623,2027-06-23T22:45:00Z,900
N20270623-S024,N20270623,2027-06-23T23:00:00Z,900
N20270623-S025,N20270623,2027-06-23T23:15:00Z,900
N20270623-S026,N20270623,2027-06-23T23:30:00Z,900
N20270623-S027,N20270623,2027-06-23T23:45:00Z,900
N20270623-S028,N20270623,2027-06-24T00:00:00Z,900
N20270623-S029,N20270623,2027-06-24T00:15:00Z,900
N20270623-S030,N20270623,2027-06-24T00:30:00Z,900
N20270623-S031,N20270623,2027-06-24T00:45:00Z,900
N20270623-S032,N20270623,2027-06-24T01:00:00Z,900
N20270623-S033,N20270623,2027-06-24T01:15:00Z,900
N20270623-S034,N20270623,2027-06-24T01:30:00Z,900
N20270623-S035,N20270623,2027-06-24T01:45:00Z,900
N20270623-S036,N20270623,2027-06-24T02:00:00Z,900
N20270623-S037,N20270623,2027-06-24T02:15:00Z,900
N20270623-S038,N20270623,2027-06-24T02:30:00Z,900
N20270623-S039,N20270623,2027-06-24T02:45:00Z,900
N20270623-S040,N20270623,2027-06-24T03:00:00Z,900
N20270623-S041,N20270623,2027-06-24T03:15:00Z,900
N20270623-S042,N20270623,2027-06-24T03:30:00Z,900
N20270623-S043,N20270623,2027-06-24T03:45:00Z,900
N20270623-S044,N20270623,2027-06-24T04:00:00Z,900
N20270624-S001,N20270624,2027-06-24T17:30:00Z,900
N20270624-S002,N20270624,2027-06-24T17:45:00Z,900
N20270624-S003,N20270624,2027-06-24T18:00:00Z,900
N20270624-S004,N20270624,2027-06-24T18:15:00Z,900
N20270624-S005,N20270624,2027-06-24T18:30:00Z,900
N20270624-S006,N20270624,2027-06-24T18:45:00Z,900
N20270624-S007,N20270624,2027-06-24T19:00:00Z,900
N20270624-S008,N20270624,2027-06-24T19:15:00Z,900
N20270624-S009,N20270624,2027-06-24T19:30:00Z,900
N20270624-S010,N20270624,2027-06-24T19:45:00Z,900
N20270624-S011,N20270624,2027-06-24T20:00:00Z,900
N20270624-S012,N20270624,2027-06-24T20:15:00Z,900
N20270624-S013,N20270624,2027-06-24T20:30:00Z,900
N20270624-S014,N20270624,2027-06-24T20:45:00Z,900
N20270624-S015,N20270624,2027-06-24T21:00:00Z,900
N20270624-S016,N20270624,2027-06-24T21:15:00Z,900
N20270624-S017,N20270624,2027-06-24T21:30:00Z,900
N20270624-S018,N20270624,2027-06-24T21:45:00Z,900
N20270624-S019,N20270624,2027-06-24T22:00:00Z,900
N20270624-S020,N20270624,2027-06-24T22:15:00Z,900
N20270624-S021,N20270624,2027-06-24T22:30:00Z,900
N20270624-S022,N20270624,2027-06-24T22:45:00Z,900
N20270624-S023,N20270624,2027-06-24T23:00:00Z,900
N20270624-S024,N20270624,2027-06-24T23:15:00Z,900
N20270624-S025,N20270624,2027-06-24T23:30:00Z,900
N20270624-S026,N20270624,2027-06-24T23:45:00Z,900
N20270624-S027,N20270624,2027-06-25T00:00:00Z,900
N20270624-S028,N20270624,2027-06-25T00:15:00Z,900
N20270624-S029,N20270624,2027-06-25T00:30:00Z,900
N20270624-S030,N20270624,2027-06-25T00:45:00Z,900
N20270624-S031,N20270624,2027-06-25T01:00:00Z,900
N20270624-S032,N20270624,2027-06-25T01:15:00Z,900
N20270624-S033,N20270624,2027-06-25T01:30:00Z,900
N20270624-S034,N20270624,2027-06-25T01:45:00Z,900
N20270624-S035,N20270624,2027-06-25T02:00:00Z,900
N20270624-S036,N20270624,2027-06-25T02:15:00Z,900
N20270624-S037,N20270624,2027-06-25T02:30:00Z,900
N20270624-S038,N20270624,2027-06-25T02:45:00Z,900
N20270624-S039,N20270624,2027-06-25T03:00:00Z,900
N20270624-S040,N20270624,2027-06-25T03:15:00Z,900
N20270624-S041,N20270624,2027-06-25T03:30:00Z,900
N20270624-S042,N20270624,2027-06-25T03:45:00Z,900
N20270624-S043,N20270624,2027-06-25T04:00:00Z,900
N20270625-S001,N20270625,2027-06-25T17:30:00Z,900
N20270625-S002,N20270625,2027-06-25T17:45:00Z,900
N20270625-S003,N20270625,2027-06-25T18:00:00Z,900
N20270625-S004,N20270625,2027-06-25T18:15:00Z,900
N20270625-S005,N20270625,2027-06-25T18:30:00Z,900
N20270625-S006,N20270625,2027-06-25T18:45:00Z,900
N20270625-S007,N20270625,2027-06-25T19:00:00Z,900
N20270625-S008,N20270625,2027-06-25T19:15:00Z,900
N20270625-S009,N20270625,2027-06-25T19:30:00Z,900
N20270625-S010,N20270625,2027-06-25T19:45:00Z,900
N20270625-S011,N20270625,2027-06-25T20:00:00Z,900
N20270625-S012,N20270625,2027-06-25T20:15:00Z,900
N20270625-S013,N20270625,2027-06-25T20:30:00Z,900
N20270625-S014,N20270625,2027-06-25T20:45:00Z,900
N20270625-S015,N20270625,2027-06-25T21:00:00Z,900
N20270625-S016,N20270625,2027-06-25T21:15:00Z,900
N20270625-S017,N20270625,2027-06-25T21:30:00Z,900
N20270625-S018,N20270625,2027-06-25T21:45:00Z,900
N20270625-S019,N20270625,2027-06-25T22:00:00Z,900
N20270625-S020,N20270625,2027-06-25T22:15:00Z,900
N20270625-S021,N20270625,2027-06-25T22:30:00Z,900
N20270625-S022,N20270625,2027-06-25T22:45:00Z,900
N20270625-S023,N20270625,2027-06-25T23:00:00Z,900
N20270625-S024,N20270625,2027-06-25T23:15:00Z,900
N20270625-S025,N20270625,2027-06-25T23:30:00Z,900
N20270625-S026,N20270625,2027-06-25T23:45:00Z,900
N20270625-S027,N20270625,2027-06-26T00:00:00Z,900
N20270625-S028,N20270625,2027-06-26T00:15:00Z,900
N20270625-S029,N20270625,2027-06-26T00:30:00Z,900
N20270625-S030,N20270625,2027-06-26T00:45:00Z,900
N20270625-S031,N20270625,2027-06-26T01:00:00Z,900
N20270625-S032,N20270625,2027-06-26T01:15:00Z,900
N20270625-S033,N20270625,2027-06-26T01:30:00Z,900
N20270625-S034,N20270625,2027-06-26T01:45:00Z,900
N20270625-S035,N20270625,2027-06-26T02:00:00Z,900
N20270625-S036,N20270625,2027-06-26T02:15:00Z,900
N20270625-S037,N20270625,2027-06-26T02:30:00Z,900
N20270625-S038,N20270625,2027-06-26T02:45:00Z,900
N20270625-S039,N20270625,2027-06-26T03:00:00Z,900
N20270625-S040,N20270625,2027-06-26T03:15:00Z,900
N20270625-S041,N20270625,2027-06-26T03:30:00Z,900
N20270625-S042,N20270625,2027-06-26T03:45:00Z,900
N20270625-S043,N20270625,2027-06-26T04:00:00Z,900
N20270626-S001,N20270626,2027-06-26T17:30:00Z,900
N20270626-S002,N20270626,2027-06-26T17:45:00Z,900
N20270626-S003,N20270626,2027-06-26T18:00:00Z,900
N20270626-S004,N20270626,2027-06-26T18:15:00Z,900
N20270626-S005,N20270626,2027-06-26T18:30:00Z,900
N20270626-S006,N20270626,2027-06-26T18:45:00Z,900
N20270626-S007,N20270626,2027-06-26T19:00:00Z,900
N20270626-S008,N20270626,2027-06-26T19:15:00Z,900
N20270626-S009,N20270626,2027-06-26T19:30:00Z,900
N20270626-S010,N20270626,2027-06-26T19:45:00Z,900
N20270626-S011,N20270626,2027-06-26T20:00:00Z,900
N20270626-S012,N20270626,2027-06-26T20:15:00Z,900
N20270626-S013,N20270626,2027-06-26T20:30:00Z,900
N20270626-S014,N20270626,2027-06-26T20:45:00Z,900
N20270626-S015,N20270626,2027-06-26T21:00:00Z,900
N20270626-S016,N20270626,2027-06-26T21:15:00Z,900
N20270626-S017,N20270626,2027-06-26T21:30:00Z,900
N20270626-S018,N20270626,2027-06-26T21:45:00Z,900
N20270626-S019,N20270626,2027-06-26T22:00:00Z,900
N20270626-S020,N20270626,2027-06-26T22:15:00Z,900
N20270626-S021,N20270626,2027-06-26T22:30:00Z,900
N20270626-S022,N20270626,2027-06-26T22:45:00Z,900
N20270626-S023,N20270626,2027-06-26T23:00:00Z,900
N20270626-S024,N20270626,2027-06-26T23:15:00Z,900
N20270626-S025,N20270626,2027-06-26T23:30:00Z,900
N20270626-S026,N20270626,2027-06-26T23:45:00Z,900
N20270626-S027,N20270626,2027-06-27T00:00:00Z,900
N20270626-S028,N20270626,2027-06-27T00:15:00Z,900
N20270626-S029,N20270626,2027-06-27T00:30:00Z,900
N20270626-S030,N20270626,2027-06-27T00:45:00Z,900
N20270626-S031,N20270626,2027-06-27T01:00:00Z,900
N20270626-S032,N20270626,2027-06-27T01:15:00Z,900
N20270626-S033,N20270626,2027-06-27T01:30:00Z,900
N20270626-S034,N20270626,2027-06-27T01:45:00Z,900
N20270626-S035,N20270626,2027-06-27T02:00:00Z,900
N20270626-S036,N20270626,2027-06-27T02:15:00Z,900
N20270626-S037,N20270626,2027-06-27T02:30:00Z,900
N20270626-S038,N20270626,2027-06-27T02:45:00Z,900
N20270626-S039,N20270626,2027-06-27T03:00:00Z,900
N20270626-S040,N20270626,2027-06-27T03:15:00Z,900
N20270626-S041,N20270626,2027-06-27T03:30:00Z,900
N20270626-S042,N20270626,2027-06-27T03:45:00Z,900
N20270626-S043,N20270626,2027-06-27T04:00:00Z,900
N20270627-S001,N20270627,2027-06-27T17:30:00Z,900
N20270627-S002,N20270627,2027-06-27T17:45:00Z,900
N20270627-S003,N20270627,2027-06-27T18:00:00Z,900
N20270627-S004,N20270627,2027-06-27T18:15:00Z,900
N20270627-S005,N20270627,2027-06-27T18:30:00Z,900
N20270627-S006,N20270627,2027-06-27T18:45:00Z,900
N20270627-S007,N20270627,2027-06-27T19:00:00Z,900
N20270627-S008,N20270627,2027-06-27T19:15:00Z,900
N20270627-S009,N20270627,2027-06-27T19:30:00Z,900
N20270627-S010,N20270627,2027-06-27T19:45:00Z,900
N20270627-S011,N20270627,2027-06-27T20:00:00Z,900
N20270627-S012,N20270627,2027-06-27T20:15:00Z,900
N20270627-S013,N20270627,2027-06-27T20:30:00Z,900
N20270627-S014,N20270627,2027-06-27T20:45:00Z,900
N20270627-S015,N20270627,2027-06-27T21:00:00Z,900
N20270627-S016,N20270627,2027-06-27T21:15:00Z,900
N20270627-S017,N20270627,2027-06-27T21:30:00Z,900
N20270627-S018,N20270627,2027-06-27T21:45:00Z,900
N20270627-S019,N20270627,2027-06-27T22:00:00Z,900
N20270627-S020,N20270627,2027-06-27T22:15:00Z,900
N20270627-S021,N20270627,2027-06-27T22:30:00Z,900
N20270627-S022,N20270627,2027-06-27T22:45:00Z,900
N20270627-S023,N20270627,2027-06-27T23:00:00Z,900
N20270627-S024,N20270627,2027-06-27T23:15:00Z,900
N20270627-S025,N20270627,2027-06-27T23:30:00Z,900
N20270627-S026,N20270627,2027-06-27T23:45:00Z,900
N20270627-S027,N20270627,2027-06-28T00:00:00Z,900
N20270627-S028,N20270627,2027-06-28T00:15:00Z,900
N20270627-S029,N20270627,2027-06-28T00:30:00Z,900
N20270627-S030,N20270627,2027-06-28T00:45:00Z,900
N20270627-S031,N20270627,2027-06-28T01:00:00Z,900
N20270627-S032,N20270627,2027-06-28T01:15:00Z,900
N20270627-S033,N20270627,2027-06-28T01:30:00Z,900
N20270627-S034,N20270627,2027-06-28T01:45:00Z,900
N20270627-S035,N20270627,2027-06-28T02:00:00Z,900
N20270627-S036,N20270627,2027-06-28T02:15:00Z,900
N20270627-S037,N20270627,2027-06-28T02:30:00Z,900
N20270627-S038,N20270627,2027-06-28T02:45:00Z,900
N20270627-S039,N20270627,2027-06-28T03:00:00Z,900
N20270627-S040,N20270627,2027-06-28T03:15:00Z,900
N20270627-S041,N20270627,2027-06-28T03:30:00Z,900
N20270627-S042,N20270627,2027-06-28T03:45:00Z,900
N20270627-S043,N20270627,2027-06-28T04:00:00Z,900
N20270628-S001,N20270628,2027-06-28T17:30:00Z,900
N20270628-S002,N20270628,2027-06-28T17:45:00Z,900
N20270628-S003,N20270628,2027-06-28T18:00:00Z,900
N20270628-S004,N20270628,2027-06-28T18:15:00Z,900
N20270628-S005,N20270628,2027-06-28T18:30:00Z,900
N20270628-S006,N20270628,2027-06-28T18:45:00Z,900
N20270628-S007,N20270628,2027-06-28T19:00:00Z,900
N20270628-S008,N20270628,2027-06-28T19:15:00Z,900
N20270628-S009,N20270628,2027-06-28T19:30:00Z,900
N20270628-S010,N20270628,2027-06-28T19:45:00Z,900
N20270628-S011,N20270628,2027-06-28T20:00:00Z,900
N20270628-S012,N20270628,2027-06-28T20:15:00Z,900
N20270628-S013,N20270628,2027-06-28T20:30:00Z,900
N20270628-S014,N20270628,2027-06-28T20:45:00Z,900
N20270628-S015,N20270628,2027-06-28T21:00:00Z,900
N20270628-S016,N20270628,2027-06-28T21:15:00Z,900
N20270628-S017,N20270628,2027-06-28T21:30:00Z,900
N20270628-S018,N20270628,2027-06-28T21:45:00Z,900
N20270628-S019,N20270628,2027-06-28T22:00:00Z,900
N20270628-S020,N20270628,2027-06-28T22:15:00Z,900
N20270628-S021,N20270628,2027-06-28T22:30:00Z,900
N20270628-S022,N20270628,2027-06-28T22:45:00Z,900
N20270628-S023,N20270628,2027-06-28T23:00:00Z,900
N20270628-S024,N20270628,2027-06-28T23:15:00Z,900
N20270628-S025,N20270628,2027-06-28T23:30:00Z,900
N20270628-S026,N20270628,2027-06-28T23:45:00Z,900
N20270628-S027,N20270628,2027-06-29T00:00:00Z,900
N20270628-S028,N20270628,2027-06-29T00:15:00Z,900
N20270628-S029,N20270628,2027-06-29T00:30:00Z,900
N20270628-S030,N20270628,2027-06-29T00:45:00Z,900
N20270628-S031,N20270628,2027-06-29T01:00:00Z,900
N20270628-S032,N20270628,2027-06-29T01:15:00Z,900
N20270628-S033,N20270628,2027-06-29T01:30:00Z,900
N20270628-S034,N20270628,2027-06-29T01:45:00Z,900
N20270628-S035,N20270628,2027-06-29T02:00:00Z,900
N20270628-S036,N20270628,2027-06-29T02:15:00Z,900
N20270628-S037,N20270628,2027-06-29T02:30:00Z,900
N20270628-S038,N20270628,2027-06-29T02:45:00Z,900
N20270628-S039,N20270628,2027-06-29T03:00:00Z,900
N20270628-S040,N20270628,2027-06-29T03:15:00Z,900
N20270628-S041,N20270628,2027-06-29T03:30:00Z,900
N20270628-S042,N20270628,2027-06-29T03:45:00Z,900
N20270628-S043,N20270628,2027-06-29T04:00:00Z,900
N20270629-S001,N20270629,2027-06-29T17:30:00Z,900
N20270629-S002,N20270629,2027-06-29T17:45:00Z,900
N20270629-S003,N20270629,2027-06-29T18:00:00Z,900
N20270629-S004,N20270629,2027-06-29T18:15:00Z,900
N20270629-S005,N20270629,2027-06-29T18:30:00Z,900
N20270629-S006,N20270629,2027-06-29T18:45:00Z,900
N20270629-S007,N20270629,2027-06-29T19:00:00Z,900
N20270629-S008,N20270629,2027-06-29T19:15:00Z,900
N20270629-S009,N20270629,2027-06-29T19:30:00Z,900
N20270629-S010,N20270629,2027-06-29T19:45:00Z,900
N20270629-S011,N20270629,2027-06-29T20:00:00Z,900
N20270629-S012,N20270629,2027-06-29T20:15:00Z,900
N20270629-S013,N20270629,2027-06-29T20:30:00Z,900
N20270629-S014,N20270629,2027-06-29T20:45:00Z,900
N20270629-S015,N20270629,2027-06-29T21:00:00Z,900
N20270629-S016,N20270629,2027-06-29T21:15:00Z,900
N20270629-S017,N20270629,2027-06-29T21:30:00Z,900
N20270629-S018,N20270629,2027-06-29T21:45:00Z,900
N20270629-S019,N20270629,2027-06-29T22:00:00Z,900
N20270629-S020,N20270629,2027-06-29T22:15:00Z,900
N20270629-S021,N20270629,2027-06-29T22:30:00Z,900
N20270629-S022,N20270629,2027-06-29T22:45:00Z,900
N20270629-S023,N20270629,2027-06-29T23:00:00Z,900
N20270629-S024,N20270629,2027-06-29T23:15:00Z,900
N20270629-S025,N20270629,2027-06-29T23:30:00Z,900
N20270629-S026,N20270629,2027-06-29T23:45:00Z,900
N20270629-S027,N20270629,2027-06-30T00:00:00Z,900
N20270629-S028,N20270629,2027-06-30T00:15:00Z,900
N20270629-S029,N20270629,2027-06-30T00:30:00Z,900
N20270629-S030,N20270629,2027-06-30T00:45:00Z,900
N20270629-S031,N20270629,2027-06-30T01:00:00Z,900
N20270629-S032,N20270629,2027-06-30T01:15:00Z,900
N20270629-S033,N20270629,2027-06-30T01:30:00Z,900
N20270629-S034,N20270629,2027-06-30T01:45:00Z,900
N20270629-S035,N20270629,2027-06-30T02:00:00Z,900
N20270629-S036,N20270629,2027-06-30T02:15:00Z,900
N20270629-S037,N20270629,2027-06-30T02:30:00Z,900
N20270629-S038,N20270629,2027-06-30T02:45:00Z,900
N20270629-S039,N20270629,2027-06-30T03:00:00Z,900
N20270629-S040,N20270629,2027-06-30T03:15:00Z,900
N20270629-S041,N20270629,2027-06-30T03:30:00Z,900
N20270629-S042,N20270629,2027-06-30T03:45:00Z,900
N20270629-S043,N20270629,2027-06-30T04:00:00Z,900
N20270630-S001,N20270630,2027-06-30T17:30:00Z,900
N20270630-S002,N20270630,2027-06-30T17:45:00Z,900
N20270630-S003,N20270630,2027-06-30T18:00:00Z,900
N20270630-S004,N20270630,2027-06-30T18:15:00Z,900
N20270630-S005,N20270630,2027-06-30T18:30:00Z,900
N20270630-S006,N20270630,2027-06-30T18:45:00Z,900
N20270630-S007,N20270630,2027-06-30T19:00:00Z,900
N20270630-S008,N20270630,2027-06-30T19:15:00Z,900
N20270630-S009,N20270630,2027-06-30T19:30:00Z,900
N20270630-S010,N20270630,2027-06-30T19:45:00Z,900
N20270630-S011,N20270630,2027-06-30T20:00:00Z,900
N20270630-S012,N20270630,2027-06-30T20:15:00Z,900
N20270630-S013,N20270630,2027-06-30T20:30:00Z,900
N20270630-S014,N20270630,2027-06-30T20:45:00Z,900
N20270630-S015,N20270630,2027-06-30T21:00:00Z,900
N20270630-S016,N20270630,2027-06-30T21:15:00Z,900
N20270630-S017,N20270630,2027-06-30T21:30:00Z,900
N20270630-S018,N20270630,2027-06-30T21:45:00Z,900
N20270630-S019,N20270630,2027-06-30T22:00:00Z,900
N20270630-S020,N20270630,2027-06-30T22:15:00Z,900
N20270630-S021,N20270630,2027-06-30T22:30:00Z,900
N20270630-S022,N20270630,2027-06-30T22:45:00Z,900
N20270630-S023,N20270630,2027-06-30T23:00:00Z,900
N20270630-S024,N20270630,2027-06-30T23:15:00Z,900
N20270630-S025,N20270630,2027-06-30T23:30:00Z,900
N20270630-S026,N20270630,2027-06-30T23:45:00Z,900
N20270630-S027,N20270630,2027-07-01T00:00:00Z,900
N20270630-S028,N20270630,2027-07-01T00:15:00Z,900
N20270630-S029,N20270630,2027-07-01T00:30:00Z,900
N20270630-S030,N20270630,2027-07-01T00:45:00Z,900
N20270630-S031,N20270630,2027-07-01T01:00:00Z,900
N20270630-S032,N20270630,2027-07-01T01:15:00Z,900
N20270630-S033,N20270630,2027-07-01T01:30:00Z,900
N20270630-S034,N20270630,2027-07-01T01:45:00Z,900
N20270630-S035,N20270630,2027-07-01T02:00:00Z,900
N20270630-S036,N20270630,2027-07-01T02:15:00Z,900
N20270630-S037,N20270630,2027-07-01T02:30:00Z,900
N20270630-S038,N20270630,2027-07-01T02:45:00Z,900
N20270630-S039,N20270630,2027-07-01T03:00:00Z,900
N20270630-S040,N20270630,2027-07-01T03:15:00Z,900
N20270630-S041,N20270630,2027-07-01T03:30:00Z,900
N20270630-S042,N20270630,2027-07-01T03:45:00Z,900
N20270630-S043,N20270630,2027-07-01T04:00:00Z,900
N20270701-S001,N20270701,2027-07-01T17:30:00Z,900
N20270701-S002,N20270701,2027-07-01T17:45:00Z,900
N20270701-S003,N20270701,2027-07-01T18:00:00Z,900
N20270701-S004,N20270701,2027-07-01T18:15:00Z,900
N20270701-S005,N20270701,2027-07-01T18:30:00Z,900
N20270701-S006,N20270701,2027-07-01T18:45:00Z,900
N20270701-S007,N20270701,2027-07-01T19:00:00Z,900
N20270701-S008,N20270701,2027-07-01T19:15:00Z,900
N20270701-S009,N20270701,2027-07-01T19:30:00Z,900
N20270701-S010,N20270701,2027-07-01T19:45:00Z,900
N20270701-S011,N20270701,2027-07-01T20:00:00Z,900
N20270701-S012,N20270701,2027-07-01T20:15:00Z,900
N20270701-S013,N20270701,2027-07-01T20:30:00Z,900
N20270701-S014,N20270701,2027-07-01T20:45:00Z,900
N20270701-S015,N20270701,2027-07-01T21:00:00Z,900
N20270701-S016,N20270701,2027-07-01T21:15:00Z,900
N20270701-S017,N20270701,2027-07-01T21:30:00Z,900
N20270701-S018,N20270701,2027-07-01T21:45:00Z,900
N20270701-S019,N20270701,2027-07-01T22:00:00Z,900
N20270701-S020,N20270701,2027-07-01T22:15:00Z,900
N20270701-S021,N20270701,2027-07-01T22:30:00Z,900
N20270701-S022,N20270701,2027-07-01T22:45:00Z,900
N20270701-S023,N20270701,2027-07-01T23:00:00Z,900
N20270701-S024,N20270701,2027-07-01T23:15:00Z,900
N20270701-S025,N20270701,2027-07-01T23:30:00Z,900
N20270701-S026,N20270701,2027-07-01T23:45:00Z,900
N20270701-S027,N20270701,2027-07-02T00:00:00Z,900
N20270701-S028,N20270701,2027-07-02T00:15:00Z,900
N20270701-S029,N20270701,2027-07-02T00:30:00Z,900
N20270701-S030,N20270701,2027-07-02T00:45:00Z,900
N20270701-S031,N20270701,2027-07-02T01:00:00Z,900
N20270701-S032,N20270701,2027-07-02T01:15:00Z,900
N20270701-S033,N20270701,2027-07-02T01:30:00Z,900
N20270701-S034,N20270701,2027-07-02T01:45:00Z,900
N20270701-S035,N20270701,2027-07-02T02:00:00Z,900
N20270701-S036,N20270701,2027-07-02T02:15:00Z,900
N20270701-S037,N20270701,2027-07-02T02:30:00Z,900
N20270701-S038,N20270701,2027-07-02T02:45:00Z,900
N20270701-S039,N20270701,2027-07-02T03:00:00Z,900
N20270701-S040,N20270701,2027-07-02T03:15:00Z,900
N20270701-S041,N20270701,2027-07-02T03:30:00Z,900
N20270701-S042,N20270701,2027-07-02T03:45:00Z,900
N20270701-S043,N20270701,2027-07-02T04:00:00Z,900
N20270702-S001,N20270702,2027-07-02T17:30:00Z,900
N20270702-S002,N20270702,2027-07-02T17:45:00Z,900
N20270702-S003,N20270702,2027-07-02T18:00:00Z,900
N20270702-S004,N20270702,2027-07-02T18:15:00Z,900
N20270702-S005,N20270702,2027-07-02T18:30:00Z,900
N20270702-S006,N20270702,2027-07-02T18:45:00Z,900
N20270702-S007,N20270702,2027-07-02T19:00:00Z,900
N20270702-S008,N20270702,2027-07-02T19:15:00Z,900
N20270702-S009,N20270702,2027-07-02T19:30:00Z,900
N20270702-S010,N20270702,2027-07-02T19:45:00Z,900
N20270702-S011,N20270702,2027-07-02T20:00:00Z,900
N20270702-S012,N20270702,2027-07-02T20:15:00Z,900
N20270702-S013,N20270702,2027-07-02T20:30:00Z,900
N20270702-S014,N20270702,2027-07-02T20:45:00Z,900
N20270702-S015,N20270702,2027-07-02T21:00:00Z,900
N20270702-S016,N20270702,2027-07-02T21:15:00Z,900
N20270702-S017,N20270702,2027-07-02T21:30:00Z,900
N20270702-S018,N20270702,2027-07-02T21:45:00Z,900
N20270702-S019,N20270702,2027-07-02T22:00:00Z,900
N20270702-S020,N20270702,2027-07-02T22:15:00Z,900
N20270702-S021,N20270702,2027-07-02T22:30:00Z,900
N20270702-S022,N20270702,2027-07-02T22:45:00Z,900
N20270702-S023,N20270702,2027-07-02T23:00:00Z,900
N20270702-S024,N20270702,2027-07-02T23:15:00Z,900
N20270702-S025,N20270702,2027-07-02T23:30:00Z,900
N20270702-S026,N20270702,2027-07-02T23:45:00Z,900
N20270702-S027,N20270702,2027-07-03T00:00:00Z,900
N20270702-S028,N20270702,2027-07-03T00:15:00Z,900
N20270702-S029,N20270702,2027-07-03T00:30:00Z,900
N20270702-S030,N20270702,2027-07-03T00:45:00Z,900
N20270702-S031,N20270702,2027-07-03T01:00:00Z,900
N20270702-S032,N20270702,2027-07-03T01:15:00Z,900
N20270702-S033,N20270702,2027-07-03T01:30:00Z,900
N20270702-S034,N20270702,2027-07-03T01:45:00Z,900
N20270702-S035,N20270702,2027-07-03T02:00:00Z,900
N20270702-S036,N20270702,2027-07-03T02:15:00Z,900
N20270702-S037,N20270702,2027-07-03T02:30:00Z,900
N20270702-S038,N20270702,2027-07-03T02:45:00Z,900
N20270702-S039,N20270702,2027-07-03T03:00:00Z,900
N20270702-S040,N20270702,2027-07-03T03:15:00Z,900
N20270702-S041,N20270702,2027-07-03T03:30:00Z,900
N20270702-S042,N20270702,2027-07-03T03:45:00Z,900
N20270702-S043,N20270702,2027-07-03T04:00:00Z,900
N20270703-S001,N20270703,2027-07-03T17:30:00Z,900
N20270703-S002,N20270703,2027-07-03T17:45:00Z,900
N20270703-S003,N20270703,2027-07-03T18:00:00Z,900
N20270703-S004,N20270703,2027-07-03T18:15:00Z,900
N20270703-S005,N20270703,2027-07-03T18:30:00Z,900
N20270703-S006,N20270703,2027-07-03T18:45:00Z,900
N20270703-S007,N20270703,2027-07-03T19:00:00Z,900
N20270703-S008,N20270703,2027-07-03T19:15:00Z,900
N20270703-S009,N20270703,2027-07-03T19:30:00Z,900
N20270703-S010,N20270703,2027-07-03T19:45:00Z,900
N20270703-S011,N20270703,2027-07-03T20:00:00Z,900
N20270703-S012,N20270703,2027-07-03T20:15:00Z,900
N20270703-S013,N20270703,2027-07-03T20:30:00Z,900
N20270703-S014,N20270703,2027-07-03T20:45:00Z,900
N20270703-S015,N20270703,2027-07-03T21:00:00Z,900
N20270703-S016,N20270703,2027-07-03T21:15:00Z,900
N20270703-S017,N20270703,2027-07-03T21:30:00Z,900
N20270703-S018,N20270703,2027-07-03T21:45:00Z,900
N20270703-S019,N20270703,2027-07-03T22:00:00Z,900
N20270703-S020,N20270703,2027-07-03T22:15:00Z,900
N20270703-S021,N20270703,2027-07-03T22:30:00Z,900
N20270703-S022,N20270703,2027-07-03T22:45:00Z,900
N20270703-S023,N20270703,2027-07-03T23:00:00Z,900
N20270703-S024,N20270703,2027-07-03T23:15:00Z,900
N20270703-S025,N20270703,2027-07-03T23:30:00Z,900
N20270703-S026,N20270703,2027-07-03T23:45:00Z,900
N20270703-S027,N20270703,2027-07-04T00:00:00Z,900
N20270703-S028,N20270703,2027-07-04T00:15:00Z,900
N20270703-S029,N20270703,2027-07-04T00:30:00Z,900
N20270703-S030,N20270703,2027-07-04T00:45:00Z,900
N20270703-S031,N20270703,2027-07-04T01:00:00Z,900
N20270703-S032,N20270703,2027-07-04T01:15:00Z,900
N20270703-S033,N20270703,2027-07-04T01:30:00Z,900
N20270703-S034,N20270703,2027-07-04T01:45:00Z,900
N20270703-S035,N20270703,2027-07-04T02:00:00Z,900
N20270703-S036,N20270703,2027-07-04T02:15:00Z,900
N20270703-S037,N20270703,2027-07-04T02:30:00Z,900
N20270703-S038,N20270703,2027-07-04T02:45:00Z,900
N20270703-S039,N20270703,2027-07-04T03:00:00Z,900
N20270703-S040,N20270703,2027-07-04T03:15:00Z,900
N20270703-S041,N20270703,2027-07-04T03:30:00Z,900
N20270703-S042,N20270703,2027-07-04T03:45:00Z,900
N20270703-S043,N20270703,2027-07-04T04:00:00Z,900
N20270704-S001,N20270704,2027-07-04T17:30:00Z,900
N20270704-S002,N20270704,2027-07-04T17:45:00Z,900
N20270704-S003,N20270704,2027-07-04T18:00:00Z,900
N20270704-S004,N20270704,2027-07-04T18:15:00Z,900
N20270704-S005,N20270704,2027-07-04T18:30:00Z,900
N20270704-S006,N20270704,2027-07-04T18:45:00Z,900
N20270704-S007,N20270704,2027-07-04T19:00:00Z,900
N20270704-S008,N20270704,2027-07-04T19:15:00Z,900
N20270704-S009,N20270704,2027-07-04T19:30:00Z,900
N20270704-S010,N20270704,2027-07-04T19:45:00Z,900
N20270704-S011,N20270704,2027-07-04T20:00:00Z,900
N20270704-S012,N20270704,2027-07-04T20:15:00Z,900
N20270704-S013,N20270704,2027-07-04T20:30:00Z,900
N20270704-S014,N20270704,2027-07-04T20:45:00Z,900
N20270704-S015,N20270704,2027-07-04T21:00:00Z,900
N20270704-S016,N20270704,2027-07-04T21:15:00Z,900
N20270704-S017,N20270704,2027-07-04T21:30:00Z,900
N20270704-S018,N20270704,2027-07-04T21:45:00Z,900
N20270704-S019,N20270704,2027-07-04T22:00:00Z,900
N20270704-S020,N20270704,2027-07-04T22:15:00Z,900
N20270704-S021,N20270704,2027-07-04T22:30:00Z,900
N20270704-S022,N20270704,2027-07-04T22:45:00Z,900
N20270704-S023,N20270704,2027-07-04T23:00:00Z,900
N20270704-S024,N20270704,2027-07-04T23:15:00Z,900
N20270704-S025,N20270704,2027-07-04T23:30:00Z,900
N20270704-S026,N20270704,2027-07-04T23:45:00Z,900
N20270704-S027,N20270704,2027-07-05T00:00:00Z,900
N20270704-S028,N20270704,2027-07-05T00:15:00Z,900
N20270704-S029,N20270704,2027-07-05T00:30:00Z,900
N20270704-S030,N20270704,2027-07-05T00:45:00Z,900
N20270704-S031,N20270704,2027-07-05T01:00:00Z,900
N20270704-S032,N20270704,2027-07-05T01:15:00Z,900
N20270704-S033,N20270704,2027-07-05T01:30:00Z,900
N20270704-S034,N20270704,2027-07-05T01:45:00Z,900
N20270704-S035,N20270704,2027-07-05T02:00:00Z,900
N20270704-S036,N20270704,2027-07-05T02:15:00Z,900
N20270704-S037,N20270704,2027-07-05T02:30:00Z,900
N20270704-S038,N20270704,2027-07-05T02:45:00Z,900
N20270704-S039,N20270704,2027-07-05T03:00:00Z,900
N20270704-S040,N20270704,2027-07-05T03:15:00Z,900
N20270704-S041,N20270704,2027-07-05T03:30:00Z,900
N20270704-S042,N20270704,2027-07-05T03:45:00Z,900
N20270704-S043,N20270704,2027-07-05T04:00:00Z,900
N20270705-S001,N20270705,2027-07-05T17:30:00Z,900
N20270705-S002,N20270705,2027-07-05T17:45:00Z,900
N20270705-S003,N20270705,2027-07-05T18:00:00Z,900
N20270705-S004,N20270705,2027-07-05T18:15:00Z,900
N20270705-S005,N20270705,2027-07-05T18:30:00Z,900
N20270705-S006,N20270705,2027-07-05T18:45:00Z,900
N20270705-S007,N20270705,2027-07-05T19:00:00Z,900
N20270705-S008,N20270705,2027-07-05T19:15:00Z,900
N20270705-S009,N20270705,2027-07-05T19:30:00Z,900
N20270705-S010,N20270705,2027-07-05T19:45:00Z,900
N20270705-S011,N20270705,2027-07-05T20:00:00Z,900
N20270705-S012,N20270705,2027-07-05T20:15:00Z,900
N20270705-S013,N20270705,2027-07-05T20:30:00Z,900
N20270705-S014,N20270705,2027-07-05T20:45:00Z,900
N20270705-S015,N20270705,2027-07-05T21:00:00Z,900
N20270705-S016,N20270705,2027-07-05T21:15:00Z,900
N20270705-S017,N20270705,2027-07-05T21:30:00Z,900
N20270705-S018,N20270705,2027-07-05T21:45:00Z,900
N20270705-S019,N20270705,2027-07-05T22:00:00Z,900
N20270705-S020,N20270705,2027-07-05T22:15:00Z,900
N20270705-S021,N20270705,2027-07-05T22:30:00Z,900
N20270705-S022,N20270705,2027-07-05T22:45:00Z,900
N20270705-S023,N20270705,2027-07-05T23:00:00Z,900
N20270705-S024,N20270705,2027-07-05T23:15:00Z,900
N20270705-S025,N20270705,2027-07-05T23:30:00Z,900
N20270705-S026,N20270705,2027-07-05T23:45:00Z,900
N20270705-S027,N20270705,2027-07-06T00:00:00Z,900
N20270705-S028,N20270705,2027-07-06T00:15:00Z,900
N20270705-S029,N20270705,2027-07-06T00:30:00Z,900
N20270705-S030,N20270705,2027-07-06T00:45:00Z,900
N20270705-S031,N20270705,2027-07-06T01:00:00Z,900
N20270705-S032,N20270705,2027-07-06T01:15:00Z,900
N20270705-S033,N20270705,2027-07-06T01:30:00Z,900
N20270705-S034,N20270705,2027-07-06T01:45:00Z,900
N20270705-S035,N20270705,2027-07-06T02:00:00Z,900
N20270705-S036,N20270705,2027-07-06T02:15:00Z,900
N20270705-S037,N20270705,2027-07-06T02:30:00Z,900
N20270705-S038,N20270705,2027-07-06T02:45:00Z,900
N20270705-S039,N20270705,2027-07-06T03:00:00Z,900
N20270705-S040,N20270705,2027-07-06T03:15:00Z,900
N20270705-S041,N20270705,2027-07-06T03:30:00Z,900
N20270705-S042,N20270705,2027-07-06T03:45:00Z,900
N20270705-S043,N20270705,2027-07-06T04:00:00Z,900
N20270706-S001,N20270706,2027-07-06T17:30:00Z,900
N20270706-S002,N20270706,2027-07-06T17:45:00Z,900
N20270706-S003,N20270706,2027-07-06T18:00:00Z,900
N20270706-S004,N20270706,2027-07-06T18:15:00Z,900
N20270706-S005,N20270706,2027-07-06T18:30:00Z,900
N20270706-S006,N20270706,2027-07-06T18:45:00Z,900
N20270706-S007,N20270706,2027-07-06T19:00:00Z,900
N20270706-S008,N20270706,2027-07-06T19:15:00Z,900
N20270706-S009,N20270706,2027-07-06T19:30:00Z,900
N20270706-S010,N20270706,2027-07-06T19:45:00Z,900
N20270706-S011,N20270706,2027-07-06T20:00:00Z,900
N20270706-S012,N20270706,2027-07-06T20:15:00Z,900
N20270706-S013,N20270706,2027-07-06T20:30:00Z,900
N20270706-S014,N20270706,2027-07-06T20:45:00Z,900
N20270706-S015,N20270706,2027-07-06T21:00:00Z,900
N20270706-S016,N20270706,2027-07-06T21:15:00Z,900
N20270706-S017,N20270706,2027-07-06T21:30:00Z,900
N20270706-S018,N20270706,2027-07-06T21:45:00Z,900
N20270706-S019,N20270706,2027-07-06T22:00:00Z,900
N20270706-S020,N20270706,2027-07-06T22:15:00Z,900
N20270706-S021,N20270706,2027-07-06T22:30:00Z,900
N20270706-S022,N20270706,2027-07-06T22:45:00Z,900
N20270706-S023,N20270706,2027-07-06T23:00:00Z,900
N20270706-S024,N20270706,2027-07-06T23:15:00Z,900
N20270706-S025,N20270706,2027-07-06T23:30:00Z,900
N20270706-S026,N20270706,2027-07-06T23:45:00Z,900
N20270706-S027,N20270706,2027-07-07T00:00:00Z,900
N20270706-S028,N20270706,2027-07-07T00:15:00Z,900
N20270706-S029,N20270706,2027-07-07T00:30:00Z,900
N20270706-S030,N20270706,2027-07-07T00:45:00Z,900
N20270706-S031,N20270706,2027-07-07T01:00:00Z,900
N20270706-S032,N20270706,2027-07-07T01:15:00Z,900
N20270706-S033,N20270706,2027-07-07T01:30:00Z,900
N20270706-S034,N20270706,2027-07-07T01:45:00Z,900
N20270706-S035,N20270706,2027-07-07T02:00:00Z,900
N20270706-S036,N20270706,2027-07-07T02:15:00Z,900
N20270706-S037,N20270706,2027-07-07T02:30:00Z,900
N20270706-S038,N20270706,2027-07-07T02:45:00Z,900
N20270706-S039,N20270706,2027-07-07T03:00:00Z,900
N20270706-S040,N20270706,2027-07-07T03:15:00Z,900
N20270706-S041,N20270706,2027-07-07T03:30:00Z,900
N20270706-S042,N20270706,2027-07-07T03:45:00Z,900
N20270706-S043,N20270706,2027-07-07T04:00:00Z,900
N20270707-S001,N20270707,2027-07-07T17:30:00Z,900
N20270707-S002,N20270707,2027-07-07T17:45:00Z,900
N20270707-S003,N20270707,2027-07-07T18:00:00Z,900
N20270707-S004,N20270707,2027-07-07T18:15:00Z,900
N20270707-S005,N20270707,2027-07-07T18:30:00Z,900
N20270707-S006,N20270707,2027-07-07T18:45:00Z,900
N20270707-S007,N20270707,2027-07-07T19:00:00Z,900
N20270707-S008,N20270707,2027-07-07T19:15:00Z,900
N20270707-S009,N20270707,2027-07-07T19:30:00Z,900
N20270707-S010,N20270707,2027-07-07T19:45:00Z,900
N20270707-S011,N20270707,2027-07-07T20:00:00Z,900
N20270707-S012,N20270707,2027-07-07T20:15:00Z,900
N20270707-S013,N20270707,2027-07-07T20:30:00Z,900
N20270707-S014,N20270707,2027-07-07T20:45:00Z,900
N20270707-S015,N20270707,2027-07-07T21:00:00Z,900
N20270707-S016,N20270707,2027-07-07T21:15:00Z,900
N20270707-S017,N20270707,2027-07-07T21:30:00Z,900
N20270707-S018,N20270707,2027-07-07T21:45:00Z,900
N20270707-S019,N20270707,2027-07-07T22:00:00Z,900
N20270707-S020,N20270707,2027-07-07T22:15:00Z,900
N20270707-S021,N20270707,2027-07-07T22:30:00Z,900
N20270707-S022,N20270707,2027-07-07T22:45:00Z,900
N20270707-S023,N20270707,2027-07-07T23:00:00Z,900
N20270707-S024,N20270707,2027-07-07T23:15:00Z,900
N20270707-S025,N20270707,2027-07-07T23:30:00Z,900
N20270707-S026,N20270707,2027-07-07T23:45:00Z,900
N20270707-S027,N20270707,2027-07-08T00:00:00Z,900
N20270707-S028,N20270707,2027-07-08T00:15:00Z,900
N20270707-S029,N20270707,2027-07-08T00:30:00Z,900
N20270707-S030,N20270707,2027-07-08T00:45:00Z,900
N20270707-S031,N20270707,2027-07-08T01:00:00Z,900
N20270707-S032,N20270707,2027-07-08T01:15:00Z,900
N20270707-S033,N20270707,2027-07-08T01:30:00Z,900
N20270707-S034,N20270707,2027-07-08T01:45:00Z,900
N20270707-S035,N20270707,2027-07-08T02:00:00Z,900
N20270707-S036,N20270707,2027-07-08T02:15:00Z,900
N20270707-S037,N20270707,2027-07-08T02:30:00Z,900
N20270707-S038,N20270707,2027-07-08T02:45:00Z,900
N20270707-S039,N20270707,2027-07-08T03:00:00Z,900
N20270707-S040,N20270707,2027-07-08T03:15:00Z,900
N20270707-S041,N20270707,2027-07-08T03:30:00Z,900
N20270707-S042,N20270707,2027-07-08T03:45:00Z,900
N20270707-S043,N20270707,2027-07-08T04:00:00Z,900
N20270708-S001,N20270708,2027-07-08T17:30:00Z,900
N20270708-S002,N20270708,2027-07-08T17:45:00Z,900
N20270708-S003,N20270708,2027-07-08T18:00:00Z,900
N20270708-S004,N20270708,2027-07-08T18:15:00Z,900
N20270708-S005,N20270708,2027-07-08T18:30:00Z,900
N20270708-S006,N20270708,2027-07-08T18:45:00Z,900
N20270708-S007,N20270708,2027-07-08T19:00:00Z,900
N20270708-S008,N20270708,2027-07-08T19:15:00Z,900
N20270708-S009,N20270708,2027-07-08T19:30:00Z,900
N20270708-S010,N20270708,2027-07-08T19:45:00Z,900
N20270708-S011,N20270708,2027-07-08T20:00:00Z,900
N20270708-S012,N20270708,2027-07-08T20:15:00Z,900
N20270708-S013,N20270708,2027-07-08T20:30:00Z,900
N20270708-S014,N20270708,2027-07-08T20:45:00Z,900
N20270708-S015,N20270708,2027-07-08T21:00:00Z,900
N20270708-S016,N20270708,2027-07-08T21:15:00Z,900
N20270708-S017,N20270708,2027-07-08T21:30:00Z,900
N20270708-S018,N20270708,2027-07-08T21:45:00Z,900
N20270708-S019,N20270708,2027-07-08T22:00:00Z,900
N20270708-S020,N20270708,2027-07-08T22:15:00Z,900
N20270708-S021,N20270708,2027-07-08T22:30:00Z,900
N20270708-S022,N20270708,2027-07-08T22:45:00Z,900
N20270708-S023,N20270708,2027-07-08T23:00:00Z,900
N20270708-S024,N20270708,2027-07-08T23:15:00Z,900
N20270708-S025,N20270708,2027-07-08T23:30:00Z,900
N20270708-S026,N20270708,2027-07-08T23:45:00Z,900
N20270708-S027,N20270708,2027-07-09T00:00:00Z,900
N20270708-S028,N20270708,2027-07-09T00:15:00Z,900
N20270708-S029,N20270708,2027-07-09T00:30:00Z,900
N20270708-S030,N20270708,2027-07-09T00:45:00Z,900
N20270708-S031,N20270708,2027-07-09T01:00:00Z,900
N20270708-S032,N20270708,2027-07-09T01:15:00Z,900
N20270708-S033,N20270708,2027-07-09T01:30:00Z,900
N20270708-S034,N20270708,2027-07-09T01:45:00Z,900
N20270708-S035,N20270708,2027-07-09T02:00:00Z,900
N20270708-S036,N20270708,2027-07-09T02:15:00Z,900
N20270708-S037,N20270708,2027-07-09T02:30:00Z,900
N20270708-S038,N20270708,2027-07-09T02:45:00Z,900
N20270708-S039,N20270708,2027-07-09T03:00:00Z,900
N20270708-S040,N20270708,2027-07-09T03:15:00Z,900
N20270708-S041,N20270708,2027-07-09T03:30:00Z,900
N20270708-S042,N20270708,2027-07-09T03:45:00Z,900
N20270708-S043,N20270708,2027-07-09T04:00:00Z,900
N20270709-S001,N20270709,2027-07-09T17:30:00Z,900
N20270709-S002,N20270709,2027-07-09T17:45:00Z,900
N20270709-S003,N20270709,2027-07-09T18:00:00Z,900
N20270709-S004,N20270709,2027-07-09T18:15:00Z,900
N20270709-S005,N20270709,2027-07-09T18:30:00Z,900
N20270709-S006,N20270709,2027-07-09T18:45:00Z,900
N20270709-S007,N20270709,2027-07-09T19:00:00Z,900
N20270709-S008,N20270709,2027-07-09T19:15:00Z,900
N20270709-S009,N20270709,2027-07-09T19:30:00Z,900
N20270709-S010,N20270709,2027-07-09T19:45:00Z,900
N20270709-S011,N20270709,2027-07-09T20:00:00Z,900
N20270709-S012,N20270709,2027-07-09T20:15:00Z,900
N20270709-S013,N20270709,2027-07-09T20:30:00Z,900
N20270709-S014,N20270709,2027-07-09T20:45:00Z,900
N20270709-S015,N20270709,2027-07-09T21:00:00Z,900
N20270709-S016,N20270709,2027-07-09T21:15:00Z,900
N20270709-S017,N20270709,2027-07-09T21:30:00Z,900
N20270709-S018,N20270709,2027-07-09T21:45:00Z,900
N20270709-S019,N20270709,2027-07-09T22:00:00Z,900
N20270709-S020,N20270709,2027-07-09T22:15:00Z,900
N20270709-S021,N20270709,2027-07-09T22:30:00Z,900
N20270709-S022,N20270709,2027-07-09T22:45:00Z,900
N20270709-S023,N20270709,2027-07-09T23:00:00Z,900
N20270709-S024,N20270709,2027-07-09T23:15:00Z,900
N20270709-S025,N20270709,2027-07-09T23:30:00Z,900
N20270709-S026,N20270709,2027-07-09T23:45:00Z,900
N20270709-S027,N20270709,2027-07-10T00:00:00Z,900
N20270709-S028,N20270709,2027-07-10T00:15:00Z,900
N20270709-S029,N20270709,2027-07-10T00:30:00Z,900
N20270709-S030,N20270709,2027-07-10T00:45:00Z,900
N20270709-S031,N20270709,2027-07-10T01:00:00Z,900
N20270709-S032,N20270709,2027-07-10T01:15:00Z,900
N20270709-S033,N20270709,2027-07-10T01:30:00Z,900
N20270709-S034,N20270709,2027-07-10T01:45:00Z,900
N20270709-S035,N20270709,2027-07-10T02:00:00Z,900
N20270709-S036,N20270709,2027-07-10T02:15:00Z,900
N20270709-S037,N20270709,2027-07-10T02:30:00Z,900
N20270709-S038,N20270709,2027-07-10T02:45:00Z,900
N20270709-S039,N20270709,2027-07-10T03:00:00Z,900
N20270709-S040,N20270709,2027-07-10T03:15:00Z,900
N20270709-S041,N20270709,2027-07-10T03:30:00Z,900
N20270709-S042,N20270709,2027-07-10T03:45:00Z,900
N20270709-S043,N20270709,2027-07-10T04:00:00Z,900
N20270710-S001,N20270710,2027-07-10T17:30:00Z,900
N20270710-S002,N20270710,2027-07-10T17:45:00Z,900
N20270710-S003,N20270710,2027-07-10T18:00:00Z,900
N20270710-S004,N20270710,2027-07-10T18:15:00Z,900
N20270710-S005,N20270710,2027-07-10T18:30:00Z,900
N20270710-S006,N20270710,2027-07-10T18:45:00Z,900
N20270710-S007,N20270710,2027-07-10T19:00:00Z,900
N20270710-S008,N20270710,2027-07-10T19:15:00Z,900
N20270710-S009,N20270710,2027-07-10T19:30:00Z,900
N20270710-S010,N20270710,2027-07-10T19:45:00Z,900
N20270710-S011,N20270710,2027-07-10T20:00:00Z,900
N20270710-S012,N20270710,2027-07-10T20:15:00Z,900
N20270710-S013,N20270710,2027-07-10T20:30:00Z,900
N20270710-S014,N20270710,2027-07-10T20:45:00Z,900
N20270710-S015,N20270710,2027-07-10T21:00:00Z,900
N20270710-S016,N20270710,2027-07-10T21:15:00Z,900
N20270710-S017,N20270710,2027-07-10T21:30:00Z,900
N20270710-S018,N20270710,2027-07-10T21:45:00Z,900
N20270710-S019,N20270710,2027-07-10T22:00:00Z,900
N20270710-S020,N20270710,2027-07-10T22:15:00Z,900
N20270710-S021,N20270710,2027-07-10T22:30:00Z,900
N20270710-S022,N20270710,2027-07-10T22:45:00Z,900
N20270710-S023,N20270710,2027-07-10T23:00:00Z,900
N20270710-S024,N20270710,2027-07-10T23:15:00Z,900
N20270710-S025,N20270710,2027-07-10T23:30:00Z,900
N20270710-S026,N20270710,2027-07-10T23:45:00Z,900
N20270710-S027,N20270710,2027-07-11T00:00:00Z,900
N20270710-S028,N20270710,2027-07-11T00:15:00Z,900
N20270710-S029,N20270710,2027-07-11T00:30:00Z,900
N20270710-S030,N20270710,2027-07-11T00:45:00Z,900
N20270710-S031,N20270710,2027-07-11T01:00:00Z,900
N20270710-S032,N20270710,2027-07-11T01:15:00Z,900
N20270710-S033,N20270710,2027-07-11T01:30:00Z,900
N20270710-S034,N20270710,2027-07-11T01:45:00Z,900
N20270710-S035,N20270710,2027-07-11T02:00:00Z,900
N20270710-S036,N20270710,2027-07-11T02:15:00Z,900
N20270710-S037,N20270710,2027-07-11T02:30:00Z,900
N20270710-S038,N20270710,2027-07-11T02:45:00Z,900
N20270710-S039,N20270710,2027-07-11T03:00:00Z,900
N20270710-S040,N20270710,2027-07-11T03:15:00Z,900
N20270710-S041,N20270710,2027-07-11T03:30:00Z,900
N20270710-S042,N20270710,2027-07-11T03:45:00Z,900
N20270710-S043,N20270710,2027-07-11T04:00:00Z,900
N20270711-S001,N20270711,2027-07-11T17:30:00Z,900
N20270711-S002,N20270711,2027-07-11T17:45:00Z,900
N20270711-S003,N20270711,2027-07-11T18:00:00Z,900
N20270711-S004,N20270711,2027-07-11T18:15:00Z,900
N20270711-S005,N20270711,2027-07-11T18:30:00Z,900
N20270711-S006,N20270711,2027-07-11T18:45:00Z,900
N20270711-S007,N20270711,2027-07-11T19:00:00Z,900
N20270711-S008,N20270711,2027-07-11T19:15:00Z,900
N20270711-S009,N20270711,2027-07-11T19:30:00Z,900
N20270711-S010,N20270711,2027-07-11T19:45:00Z,900
N20270711-S011,N20270711,2027-07-11T20:00:00Z,900
N20270711-S012,N20270711,2027-07-11T20:15:00Z,900
N20270711-S013,N20270711,2027-07-11T20:30:00Z,900
N20270711-S014,N20270711,2027-07-11T20:45:00Z,900
N20270711-S015,N20270711,2027-07-11T21:00:00Z,900
N20270711-S016,N20270711,2027-07-11T21:15:00Z,900
N20270711-S017,N20270711,2027-07-11T21:30:00Z,900
N20270711-S018,N20270711,2027-07-11T21:45:00Z,900
N20270711-S019,N20270711,2027-07-11T22:00:00Z,900
N20270711-S020,N20270711,2027-07-11T22:15:00Z,900
N20270711-S021,N20270711,2027-07-11T22:30:00Z,900
N20270711-S022,N20270711,2027-07-11T22:45:00Z,900
N20270711-S023,N20270711,2027-07-11T23:00:00Z,900
N20270711-S024,N20270711,2027-07-11T23:15:00Z,900
N20270711-S025,N20270711,2027-07-11T23:30:00Z,900
N20270711-S026,N20270711,2027-07-11T23:45:00Z,900
N20270711-S027,N20270711,2027-07-12T00:00:00Z,900
N20270711-S028,N20270711,2027-07-12T00:15:00Z,900
N20270711-S029,N20270711,2027-07-12T00:30:00Z,900
N20270711-S030,N20270711,2027-07-12T00:45:00Z,900
N20270711-S031,N20270711,2027-07-12T01:00:00Z,900
N20270711-S032,N20270711,2027-07-12T01:15:00Z,900
N20270711-S033,N20270711,2027-07-12T01:30:00Z,900
N20270711-S034,N20270711,2027-07-12T01:45:00Z,900
N20270711-S035,N20270711,2027-07-12T02:00:00Z,900
N20270711-S036,N20270711,2027-07-12T02:15:00Z,900
N20270711-S037,N20270711,2027-07-12T02:30:00Z,900
N20270711-S038,N20270711,2027-07-12T02:45:00Z,900
N20270711-S039,N20270711,2027-07-12T03:00:00Z,900
N20270711-S040,N20270711,2027-07-12T03:15:00Z,900
N20270711-S041,N20270711,2027-07-12T03:30:00Z,900
N20270711-S042,N20270711,2027-07-12T03:45:00Z,900
N20270711-S043,N20270711,2027-07-12T04:00:00Z,900
N20270712-S001,N20270712,2027-07-12T17:30:00Z,900
N20270712-S002,N20270712,2027-07-12T17:45:00Z,900
N20270712-S003,N20270712,2027-07-12T18:00:00Z,900
N20270712-S004,N20270712,2027-07-12T18:15:00Z,900
N20270712-S005,N20270712,2027-07-12T18:30:00Z,900
N20270712-S006,N20270712,2027-07-12T18:45:00Z,900
N20270712-S007,N20270712,2027-07-12T19:00:00Z,900
N20270712-S008,N20270712,2027-07-12T19:15:00Z,900
N20270712-S009,N20270712,2027-07-12T19:30:00Z,900
N20270712-S010,N20270712,2027-07-12T19:45:00Z,900
N20270712-S011,N20270712,2027-07-12T20:00:00Z,900
N20270712-S012,N20270712,2027-07-12T20:15:00Z,900
N20270712-S013,N20270712,2027-07-12T20:30:00Z,900
N20270712-S014,N20270712,2027-07-12T20:45:00Z,900
N20270712-S015,N20270712,2027-07-12T21:00:00Z,900
N20270712-S016,N20270712,2027-07-12T21:15:00Z,900
N20270712-S017,N20270712,2027-07-12T21:30:00Z,900
N20270712-S018,N20270712,2027-07-12T21:45:00Z,900
N20270712-S019,N20270712,2027-07-12T22:00:00Z,900
N20270712-S020,N20270712,2027-07-12T22:15:00Z,900
N20270712-S021,N20270712,2027-07-12T22:30:00Z,900
N20270712-S022,N20270712,2027-07-12T22:45:00Z,900
N20270712-S023,N20270712,2027-07-12T23:00:00Z,900
N20270712-S024,N20270712,2027-07-12T23:15:00Z,900
N20270712-S025,N20270712,2027-07-12T23:30:00Z,900
N20270712-S026,N20270712,2027-07-12T23:45:00Z,900
N20270712-S027,N20270712,2027-07-13T00:00:00Z,900
N20270712-S028,N20270712,2027-07-13T00:15:00Z,900
N20270712-S029,N20270712,2027-07-13T00:30:00Z,900
N20270712-S030,N20270712,2027-07-13T00:45:00Z,900
N20270712-S031,N20270712,2027-07-13T01:00:00Z,900
N20270712-S032,N20270712,2027-07-13T01:15:00Z,900
N20270712-S033,N20270712,2027-07-13T01:30:00Z,900
N20270712-S034,N20270712,2027-07-13T01:45:00Z,900
N20270712-S035,N20270712,2027-07-13T02:00:00Z,900
N20270712-S036,N20270712,2027-07-13T02:15:00Z,900
N20270712-S037,N20270712,2027-07-13T02:30:00Z,900
N20270712-S038,N20270712,2027-07-13T02:45:00Z,900
N20270712-S039,N20270712,2027-07-13T03:00:00Z,900
N20270712-S040,N20270712,2027-07-13T03:15:00Z,900
N20270712-S041,N20270712,2027-07-13T03:30:00Z,900
N20270712-S042,N20270712,2027-07-13T03:45:00Z,900
N20270712-S043,N20270712,2027-07-13T04:00:00Z,900
N20270713-S001,N20270713,2027-07-13T17:30:00Z,900
N20270713-S002,N20270713,2027-07-13T17:45:00Z,900
N20270713-S003,N20270713,2027-07-13T18:00:00Z,900
N20270713-S004,N20270713,2027-07-13T18:15:00Z,900
N20270713-S005,N20270713,2027-07-13T18:30:00Z,900
N20270713-S006,N20270713,2027-07-13T18:45:00Z,900
N20270713-S007,N20270713,2027-07-13T19:00:00Z,900
N20270713-S008,N20270713,2027-07-13T19:15:00Z,900
N20270713-S009,N20270713,2027-07-13T19:30:00Z,900
N20270713-S010,N20270713,2027-07-13T19:45:00Z,900
N20270713-S011,N20270713,2027-07-13T20:00:00Z,900
N20270713-S012,N20270713,2027-07-13T20:15:00Z,900
N20270713-S013,N20270713,2027-07-13T20:30:00Z,900
N20270713-S014,N20270713,2027-07-13T20:45:00Z,900
N20270713-S015,N20270713,2027-07-13T21:00:00Z,900
N20270713-S016,N20270713,2027-07-13T21:15:00Z,900
N20270713-S017,N20270713,2027-07-13T21:30:00Z,900
N20270713-S018,N20270713,2027-07-13T21:45:00Z,900
N20270713-S019,N20270713,2027-07-13T22:00:00Z,900
N20270713-S020,N20270713,2027-07-13T22:15:00Z,900
N20270713-S021,N20270713,2027-07-13T22:30:00Z,900
N20270713-S022,N20270713,2027-07-13T22:45:00Z,900
N20270713-S023,N20270713,2027-07-13T23:00:00Z,900
N20270713-S024,N20270713,2027-07-13T23:15:00Z,900
N20270713-S025,N20270713,2027-07-13T23:30:00Z,900
N20270713-S026,N20270713,2027-07-13T23:45:00Z,900
N20270713-S027,N20270713,2027-07-14T00:00:00Z,900
N20270713-S028,N20270713,2027-07-14T00:15:00Z,900
N20270713-S029,N20270713,2027-07-14T00:30:00Z,900
N20270713-S030,N20270713,2027-07-14T00:45:00Z,900
N20270713-S031,N20270713,2027-07-14T01:00:00Z,900
N20270713-S032,N20270713,2027-07-14T01:15:00Z,900
N20270713-S033,N20270713,2027-07-14T01:30:00Z,900
N20270713-S034,N20270713,2027-07-14T01:45:00Z,900
N20270713-S035,N20270713,2027-07-14T02:00:00Z,900
N20270713-S036,N20270713,2027-07-14T02:15:00Z,900
N20270713-S037,N20270713,2027-07-14T02:30:00Z,900
N20270713-S038,N20270713,2027-07-14T02:45:00Z,900
N20270713-S039,N20270713,2027-07-14T03:00:00Z,900
N20270713-S040,N20270713,2027-07-14T03:15:00Z,900
N20270713-S041,N20270713,2027-07-14T03:30:00Z,900
N20270713-S042,N20270713,2027-07-14T03:45:00Z,900
N20270713-S043,N20270713,2027-07-14T04:00:00Z,900
N20270714-S001,N20270714,2027-07-14T17:30:00Z,900
N20270714-S002,N20270714,2027-07-14T17:45:00Z,900
N20270714-S003,N20270714,2027-07-14T18:00:00Z,900
N20270714-S004,N20270714,2027-07-14T18:15:00Z,900
N20270714-S005,N20270714,2027-07-14T18:30:00Z,900
N20270714-S006,N20270714,2027-07-14T18:45:00Z,900
N20270714-S007,N20270714,2027-07-14T19:00:00Z,900
N20270714-S008,N20270714,2027-07-14T19:15:00Z,900
N20270714-S009,N20270714,2027-07-14T19:30:00Z,900
N20270714-S010,N20270714,2027-07-14T19:45:00Z,900
N20270714-S011,N20270714,2027-07-14T20:00:00Z,900
N20270714-S012,N20270714,2027-07-14T20:15:00Z,900
N20270714-S013,N20270714,2027-07-14T20:30:00Z,900
N20270714-S014,N20270714,2027-07-14T20:45:00Z,900
N20270714-S015,N20270714,2027-07-14T21:00:00Z,900
N20270714-S016,N20270714,2027-07-14T21:15:00Z,900
N20270714-S017,N20270714,2027-07-14T21:30:00Z,900
N20270714-S018,N20270714,2027-07-14T21:45:00Z,900
N20270714-S019,N20270714,2027-07-14T22:00:00Z,900
N20270714-S020,N20270714,2027-07-14T22:15:00Z,900
N20270714-S021,N20270714,2027-07-14T22:30:00Z,900
N20270714-S022,N20270714,2027-07-14T22:45:00Z,900
N20270714-S023,N20270714,2027-07-14T23:00:00Z,900
N20270714-S024,N20270714,2027-07-14T23:15:00Z,900
N20270714-S025,N20270714,2027-07-14T23:30:00Z,900
N20270714-S026,N20270714,2027-07-14T23:45:00Z,900
N20270714-S027,N20270714,2027-07-15T00:00:00Z,900
N20270714-S028,N20270714,2027-07-15T00:15:00Z,900
N20270714-S029,N20270714,2027-07-15T00:30:00Z,900
N20270714-S030,N20270714,2027-07-15T00:45:00Z,900
N20270714-S031,N20270714,2027-07-15T01:00:00Z,900
N20270714-S032,N20270714,2027-07-15T01:15:00Z,900
N20270714-S033,N20270714,2027-07-15T01:30:00Z,900
N20270714-S034,N20270714,2027-07-15T01:45:00Z,900
N20270714-S035,N20270714,2027-07-15T02:00:00Z,900
N20270714-S036,N20270714,2027-07-15T02:15:00Z,900
N20270714-S037,N20270714,2027-07-15T02:30:00Z,900
N20270714-S038,N20270714,2027-07-15T02:45:00Z,900
N20270714-S039,N20270714,2027-07-15T03:00:00Z,900
N20270714-S040,N20270714,2027-07-15T03:15:00Z,900
N20270714-S041,N20270714,2027-07-15T03:30:00Z,900
N20270714-S042,N20270714,2027-07-15T03:45:00Z,900
N20270714-S043,N20270714,2027-07-15T04:00:00Z,900
N20270715-S001,N20270715,2027-07-15T17:30:00Z,900
N20270715-S002,N20270715,2027-07-15T17:45:00Z,900
N20270715-S003,N20270715,2027-07-15T18:00:00Z,900
N20270715-S004,N20270715,2027-07-15T18:15:00Z,900
N20270715-S005,N20270715,2027-07-15T18:30:00Z,900
N20270715-S006,N20270715,2027-07-15T18:45:00Z,900
N20270715-S007,N20270715,2027-07-15T19:00:00Z,900
N20270715-S008,N20270715,2027-07-15T19:15:00Z,900
N20270715-S009,N20270715,2027-07-15T19:30:00Z,900
N20270715-S010,N20270715,2027-07-15T19:45:00Z,900
N20270715-S011,N20270715,2027-07-15T20:00:00Z,900
N20270715-S012,N20270715,2027-07-15T20:15:00Z,900
N20270715-S013,N20270715,2027-07-15T20:30:00Z,900
N20270715-S014,N20270715,2027-07-15T20:45:00Z,900
N20270715-S015,N20270715,2027-07-15T21:00:00Z,900
N20270715-S016,N20270715,2027-07-15T21:15:00Z,900
N20270715-S017,N20270715,2027-07-15T21:30:00Z,900
N20270715-S018,N20270715,2027-07-15T21:45:00Z,900
N20270715-S019,N20270715,2027-07-15T22:00:00Z,900
N20270715-S020,N20270715,2027-07-15T22:15:00Z,900
N20270715-S021,N20270715,2027-07-15T22:30:00Z,900
N20270715-S022,N20270715,2027-07-15T22:45:00Z,900
N20270715-S023,N20270715,2027-07-15T23:00:00Z,900
N20270715-S024,N20270715,2027-07-15T23:15:00Z,900
N20270715-S025,N20270715,2027-07-15T23:30:00Z,900
N20270715-S026,N20270715,2027-07-15T23:45:00Z,900
N20270715-S027,N20270715,2027-07-16T00:00:00Z,900
N20270715-S028,N20270715,2027-07-16T00:15:00Z,900
N20270715-S029,N20270715,2027-07-16T00:30:00Z,900
N20270715-S030,N20270715,2027-07-16T00:45:00Z,900
N20270715-S031,N20270715,2027-07-16T01:00:00Z,900
N20270715-S032,N20270715,2027-07-16T01:15:00Z,900
N20270715-S033,N20270715,2027-07-16T01:30:00Z,900
N20270715-S034,N20270715,2027-07-16T01:45:00Z,900
N20270715-S035,N20270715,2027-07-16T02:00:00Z,900
N20270715-S036,N20270715,2027-07-16T02:15:00Z,900
N20270715-S037,N20270715,2027-07-16T02:30:00Z,900
N20270715-S038,N20270715,2027-07-16T02:45:00Z,900
N20270715-S039,N20270715,2027-07-16T03:00:00Z,900
N20270715-S040,N20270715,2027-07-16T03:15:00Z,900
N20270715-S041,N20270715,2027-07-16T03:30:00Z,900
N20270715-S042,N20270715,2027-07-16T03:45:00Z,900
N20270715-S043,N20270715,2027-07-16T04:00:00Z,900
N20270716-S001,N20270716,2027-07-16T17:30:00Z,900
N20270716-S002,N20270716,2027-07-16T17:45:00Z,900
N20270716-S003,N20270716,2027-07-16T18:00:00Z,900
N20270716-S004,N20270716,2027-07-16T18:15:00Z,900
N20270716-S005,N20270716,2027-07-16T18:30:00Z,900
N20270716-S006,N20270716,2027-07-16T18:45:00Z,900
N20270716-S007,N20270716,2027-07-16T19:00:00Z,900
N20270716-S008,N20270716,2027-07-16T19:15:00Z,900
N20270716-S009,N20270716,2027-07-16T19:30:00Z,900
N20270716-S010,N20270716,2027-07-16T19:45:00Z,900
N20270716-S011,N20270716,2027-07-16T20:00:00Z,900
N20270716-S012,N20270716,2027-07-16T20:15:00Z,900
N20270716-S013,N20270716,2027-07-16T20:30:00Z,900
N20270716-S014,N20270716,2027-07-16T20:45:00Z,900
N20270716-S015,N20270716,2027-07-16T21:00:00Z,900
N20270716-S016,N20270716,2027-07-16T21:15:00Z,900
N20270716-S017,N20270716,2027-07-16T21:30:00Z,900
N20270716-S018,N20270716,2027-07-16T21:45:00Z,900
N20270716-S019,N20270716,2027-07-16T22:00:00Z,900
N20270716-S020,N20270716,2027-07-16T22:15:00Z,900
N20270716-S021,N20270716,2027-07-16T22:30:00Z,900
N20270716-S022,N20270716,2027-07-16T22:45:00Z,900
N20270716-S023,N20270716,2027-07-16T23:00:00Z,900
N20270716-S024,N20270716,2027-07-16T23:15:00Z,900
N20270716-S025,N20270716,2027-07-16T23:30:00Z,900
N20270716-S026,N20270716,2027-07-16T23:45:00Z,900
N20270716-S027,N20270716,2027-07-17T00:00:00Z,900
N20270716-S028,N20270716,2027-07-17T00:15:00Z,900
N20270716-S029,N20270716,2027-07-17T00:30:00Z,900
N20270716-S030,N20270716,2027-07-17T00:45:00Z,900
N20270716-S031,N20270716,2027-07-17T01:00:00Z,900
N20270716-S032,N20270716,2027-07-17T01:15:00Z,900
N20270716-S033,N20270716,2027-07-17T01:30:00Z,900
N20270716-S034,N20270716,2027-07-17T01:45:00Z,900
N20270716-S035,N20270716,2027-07-17T02:00:00Z,900
N20270716-S036,N20270716,2027-07-17T02:15:00Z,900
N20270716-S037,N20270716,2027-07-17T02:30:00Z,900
N20270716-S038,N20270716,2027-07-17T02:45:00Z,900
N20270716-S039,N20270716,2027-07-17T03:00:00Z,900
N20270716-S040,N20270716,2027-07-17T03:15:00Z,900
N20270716-S041,N20270716,2027-07-17T03:30:00Z,900
N20270716-S042,N20270716,2027-07-17T03:45:00Z,900
N20270716-S043,N20270716,2027-07-17T04:00:00Z,900
N20270717-S001,N20270717,2027-07-17T17:30:00Z,900
N20270717-S002,N20270717,2027-07-17T17:45:00Z,900
N20270717-S003,N20270717,2027-07-17T18:00:00Z,900
N20270717-S004,N20270717,2027-07-17T18:15:00Z,900
N20270717-S005,N20270717,2027-07-17T18:30:00Z,900
N20270717-S006,N20270717,2027-07-17T18:45:00Z,900
N20270717-S007,N20270717,2027-07-17T19:00:00Z,900
N20270717-S008,N20270717,2027-07-17T19:15:00Z,900
N20270717-S009,N20270717,2027-07-17T19:30:00Z,900
N20270717-S010,N20270717,2027-07-17T19:45:00Z,900
N20270717-S011,N20270717,2027-07-17T20:00:00Z,900
N20270717-S012,N20270717,2027-07-17T20:15:00Z,900
N20270717-S013,N20270717,2027-07-17T20:30:00Z,900
N20270717-S014,N20270717,2027-07-17T20:45:00Z,900
N20270717-S015,N20270717,2027-07-17T21:00:00Z,900
N20270717-S016,N20270717,2027-07-17T21:15:00Z,900
N20270717-S017,N20270717,2027-07-17T21:30:00Z,900
N20270717-S018,N20270717,2027-07-17T21:45:00Z,900
N20270717-S019,N20270717,2027-07-17T22:00:00Z,900
N20270717-S020,N20270717,2027-07-17T22:15:00Z,900
N20270717-S021,N20270717,2027-07-17T22:30:00Z,900
N20270717-S022,N20270717,2027-07-17T22:45:00Z,900
N20270717-S023,N20270717,2027-07-17T23:00:00Z,900
N20270717-S024,N20270717,2027-07-17T23:15:00Z,900
N20270717-S025,N20270717,2027-07-17T23:30:00Z,900
N20270717-S026,N20270717,2027-07-17T23:45:00Z,900
N20270717-S027,N20270717,2027-07-18T00:00:00Z,900
N20270717-S028,N20270717,2027-07-18T00:15:00Z,900
N20270717-S029,N20270717,2027-07-18T00:30:00Z,900
N20270717-S030,N20270717,2027-07-18T00:45:00Z,900
N20270717-S031,N20270717,2027-07-18T01:00:00Z,900
N20270717-S032,N20270717,2027-07-18T01:15:00Z,900
N20270717-S033,N20270717,2027-07-18T01:30:00Z,900
N20270717-S034,N20270717,2027-07-18T01:45:00Z,900
N20270717-S035,N20270717,2027-07-18T02:00:00Z,900
N20270717-S036,N20270717,2027-07-18T02:15:00Z,900
N20270717-S037,N20270717,2027-07-18T02:30:00Z,900
N20270717-S038,N20270717,2027-07-18T02:45:00Z,900
N20270717-S039,N20270717,2027-07-18T03:00:00Z,900
N20270717-S040,N20270717,2027-07-18T03:15:00Z,900
N20270717-S041,N20270717,2027-07-18T03:30:00Z,900
N20270717-S042,N20270717,2027-07-18T03:45:00Z,900
N20270717-S043,N20270717,2027-07-18T04:00:00Z,900
N20270718-S001,N20270718,2027-07-18T17:30:00Z,900
N20270718-S002,N20270718,2027-07-18T17:45:00Z,900
N20270718-S003,N20270718,2027-07-18T18:00:00Z,900
N20270718-S004,N20270718,2027-07-18T18:15:00Z,900
N20270718-S005,N20270718,2027-07-18T18:30:00Z,900
N20270718-S006,N20270718,2027-07-18T18:45:00Z,900
N20270718-S007,N20270718,2027-07-18T19:00:00Z,900
N20270718-S008,N20270718,2027-07-18T19:15:00Z,900
N20270718-S009,N20270718,2027-07-18T19:30:00Z,900
N20270718-S010,N20270718,2027-07-18T19:45:00Z,900
N20270718-S011,N20270718,2027-07-18T20:00:00Z,900
N20270718-S012,N20270718,2027-07-18T20:15:00Z,900
N20270718-S013,N20270718,2027-07-18T20:30:00Z,900
N20270718-S014,N20270718,2027-07-18T20:45:00Z,900
N20270718-S015,N20270718,2027-07-18T21:00:00Z,900
N20270718-S016,N20270718,2027-07-18T21:15:00Z,900
N20270718-S017,N20270718,2027-07-18T21:30:00Z,900
N20270718-S018,N20270718,2027-07-18T21:45:00Z,900
N20270718-S019,N20270718,2027-07-18T22:00:00Z,900
N20270718-S020,N20270718,2027-07-18T22:15:00Z,900
N20270718-S021,N20270718,2027-07-18T22:30:00Z,900
N20270718-S022,N20270718,2027-07-18T22:45:00Z,900
N20270718-S023,N20270718,2027-07-18T23:00:00Z,900
N20270718-S024,N20270718,2027-07-18T23:15:00Z,900
N20270718-S025,N20270718,2027-07-18T23:30:00Z,900
N20270718-S026,N20270718,2027-07-18T23:45:00Z,900
N20270718-S027,N20270718,2027-07-19T00:00:00Z,900
N20270718-S028,N20270718,2027-07-19T00:15:00Z,900
N20270718-S029,N20270718,2027-07-19T00:30:00Z,900
N20270718-S030,N20270718,2027-07-19T00:45:00Z,900
N20270718-S031,N20270718,2027-07-19T01:00:00Z,900
N20270718-S032,N20270718,2027-07-19T01:15:00Z,900
N20270718-S033,N20270718,2027-07-19T01:30:00Z,900
N20270718-S034,N20270718,2027-07-19T01:45:00Z,900
N20270718-S035,N20270718,2027-07-19T02:00:00Z,900
N20270718-S036,N20270718,2027-07-19T02:15:00Z,900
N20270718-S037,N20270718,2027-07-19T02:30:00Z,900
N20270718-S038,N20270718,2027-07-19T02:45:00Z,900
N20270718-S039,N20270718,2027-07-19T03:00:00Z,900
N20270718-S040,N20270718,2027-07-19T03:15:00Z,900
N20270718-S041,N20270718,2027-07-19T03:30:00Z,900
N20270718-S042,N20270718,2027-07-19T03:45:00Z,900
N20270718-S043,N20270718,2027-07-19T04:00:00Z,900
N20270719-S001,N20270719,2027-07-19T17:30:00Z,900
N20270719-S002,N20270719,2027-07-19T17:45:00Z,900
N20270719-S003,N20270719,2027-07-19T18:00:00Z,900
N20270719-S004,N20270719,2027-07-19T18:15:00Z,900
N20270719-S005,N20270719,2027-07-19T18:30:00Z,900
N20270719-S006,N20270719,2027-07-19T18:45:00Z,900
N20270719-S007,N20270719,2027-07-19T19:00:00Z,900
N20270719-S008,N20270719,2027-07-19T19:15:00Z,900
N20270719-S009,N20270719,2027-07-19T19:30:00Z,900
N20270719-S010,N20270719,2027-07-19T19:45:00Z,900
N20270719-S011,N20270719,2027-07-19T20:00:00Z,900
N20270719-S012,N20270719,2027-07-19T20:15:00Z,900
N20270719-S013,N20270719,2027-07-19T20:30:00Z,900
N20270719-S014,N20270719,2027-07-19T20:45:00Z,900
N20270719-S015,N20270719,2027-07-19T21:00:00Z,900
N20270719-S016,N20270719,2027-07-19T21:15:00Z,900
N20270719-S017,N20270719,2027-07-19T21:30:00Z,900
N20270719-S018,N20270719,2027-07-19T21:45:00Z,900
N20270719-S019,N20270719,2027-07-19T22:00:00Z,900
N20270719-S020,N20270719,2027-07-19T22:15:00Z,900
N20270719-S021,N20270719,2027-07-19T22:30:00Z,900
N20270719-S022,N20270719,2027-07-19T22:45:00Z,900
N20270719-S023,N20270719,2027-07-19T23:00:00Z,900
N20270719-S024,N20270719,2027-07-19T23:15:00Z,900
N20270719-S025,N20270719,2027-07-19T23:30:00Z,900
N20270719-S026,N20270719,2027-07-19T23:45:00Z,900
N20270719-S027,N20270719,2027-07-20T00:00:00Z,900
N20270719-S028,N20270719,2027-07-20T00:15:00Z,900
N20270719-S029,N20270719,2027-07-20T00:30:00Z,900
N20270719-S030,N20270719,2027-07-20T00:45:00Z,900
N20270719-S031,N20270719,2027-07-20T01:00:00Z,900
N20270719-S032,N20270719,2027-07-20T01:15:00Z,900
N20270719-S033,N20270719,2027-07-20T01:30:00Z,900
N20270719-S034,N20270719,2027-07-20T01:45:00Z,900
N20270719-S035,N20270719,2027-07-20T02:00:00Z,900
N20270719-S036,N20270719,2027-07-20T02:15:00Z,900
N20270719-S037,N20270719,2027-07-20T02:30:00Z,900
N20270719-S038,N20270719,2027-07-20T02:45:00Z,900
N20270719-S039,N20270719,2027-07-20T03:00:00Z,900
N20270719-S040,N20270719,2027-07-20T03:15:00Z,900
N20270719-S041,N20270719,2027-07-20T03:30:00Z,900
N20270719-S042,N20270719,2027-07-20T03:45:00Z,900
N20270719-S043,N20270719,2027-07-20T04:00:00Z,900
N20270720-S001,N20270720,2027-07-20T17:30:00Z,900
N20270720-S002,N20270720,2027-07-20T17:45:00Z,900
N20270720-S003,N20270720,2027-07-20T18:00:00Z,900
N20270720-S004,N20270720,2027-07-20T18:15:00Z,900
N20270720-S005,N20270720,2027-07-20T18:30:00Z,900
N20270720-S006,N20270720,2027-07-20T18:45:00Z,900
N20270720-S007,N20270720,2027-07-20T19:00:00Z,900
N20270720-S008,N20270720,2027-07-20T19:15:00Z,900
N20270720-S009,N20270720,2027-07-20T19:30:00Z,900
N20270720-S010,N20270720,2027-07-20T19:45:00Z,900
N20270720-S011,N20270720,2027-07-20T20:00:00Z,900
N20270720-S012,N20270720,2027-07-20T20:15:00Z,900
N20270720-S013,N20270720,2027-07-20T20:30:00Z,900
N20270720-S014,N20270720,2027-07-20T20:45:00Z,900
N20270720-S015,N20270720,2027-07-20T21:00:00Z,900
N20270720-S016,N20270720,2027-07-20T21:15:00Z,900
N20270720-S017,N20270720,2027-07-20T21:30:00Z,900
N20270720-S018,N20270720,2027-07-20T21:45:00Z,900
N20270720-S019,N20270720,2027-07-20T22:00:00Z,900
N20270720-S020,N20270720,2027-07-20T22:15:00Z,900
N20270720-S021,N20270720,2027-07-20T22:30:00Z,900
N20270720-S022,N20270720,2027-07-20T22:45:00Z,900
N20270720-S023,N20270720,2027-07-20T23:00:00Z,900
N20270720-S024,N20270720,2027-07-20T23:15:00Z,900
N20270720-S025,N20270720,2027-07-20T23:30:00Z,900
N20270720-S026,N20270720,2027-07-20T23:45:00Z,900
N20270720-S027,N20270720,2027-07-21T00:00:00Z,900
N20270720-S028,N20270720,2027-07-21T00:15:00Z,900
N20270720-S029,N20270720,2027-07-21T00:30:00Z,900
N20270720-S030,N20270720,2027-07-21T00:45:00Z,900
N20270720-S031,N20270720,2027-07-21T01:00:00Z,900
N20270720-S032,N20270720,2027-07-21T01:15:00Z,900
N20270720-S033,N20270720,2027-07-21T01:30:00Z,900
N20270720-S034,N20270720,2027-07-21T01:45:00Z,900
N20270720-S035,N20270720,2027-07-21T02:00:00Z,900
N20270720-S036,N20270720,2027-07-21T02:15:00Z,900
N20270720-S037,N20270720,2027-07-21T02:30:00Z,900
N20270720-S038,N20270720,2027-07-21T02:45:00Z,900
N20270720-S039,N20270720,2027-07-21T03:00:00Z,900
N20270720-S040,N20270720,2027-07-21T03:15:00Z,900
N20270720-S041,N20270720,2027-07-21T03:30:00Z,900
N20270720-S042,N20270720,2027-07-21T03:45:00Z,900
N20270720-S043,N20270720,2027-07-21T04:00:00Z,900
N20270721-S001,N20270721,2027-07-21T17:30:00Z,900
N20270721-S002,N20270721,2027-07-21T17:45:00Z,900
N20270721-S003,N20270721,2027-07-21T18:00:00Z,900
N20270721-S004,N20270721,2027-07-21T18:15:00Z,900
N20270721-S005,N20270721,2027-07-21T18:30:00Z,900
N20270721-S006,N20270721,2027-07-21T18:45:00Z,900
N20270721-S007,N20270721,2027-07-21T19:00:00Z,900
N20270721-S008,N20270721,2027-07-21T19:15:00Z,900
N20270721-S009,N20270721,2027-07-21T19:30:00Z,900
N20270721-S010,N20270721,2027-07-21T19:45:00Z,900
N20270721-S011,N20270721,2027-07-21T20:00:00Z,900
N20270721-S012,N20270721,2027-07-21T20:15:00Z,900
N20270721-S013,N20270721,2027-07-21T20:30:00Z,900
N20270721-S014,N20270721,2027-07-21T20:45:00Z,900
N20270721-S015,N20270721,2027-07-21T21:00:00Z,900
N20270721-S016,N20270721,2027-07-21T21:15:00Z,900
N20270721-S017,N20270721,2027-07-21T21:30:00Z,900
N20270721-S018,N20270721,2027-07-21T21:45:00Z,900
N20270721-S019,N20270721,2027-07-21T22:00:00Z,900
N20270721-S020,N20270721,2027-07-21T22:15:00Z,900
N20270721-S021,N20270721,2027-07-21T22:30:00Z,900
N20270721-S022,N20270721,2027-07-21T22:45:00Z,900
N20270721-S023,N20270721,2027-07-21T23:00:00Z,900
N20270721-S024,N20270721,2027-07-21T23:15:00Z,900
N20270721-S025,N20270721,2027-07-21T23:30:00Z,900
N20270721-S026,N20270721,2027-07-21T23:45:00Z,900
N20270721-S027,N20270721,2027-07-22T00:00:00Z,900
N20270721-S028,N20270721,2027-07-22T00:15:00Z,900
N20270721-S029,N20270721,2027-07-22T00:30:00Z,900
N20270721-S030,N20270721,2027-07-22T00:45:00Z,900
N20270721-S031,N20270721,2027-07-22T01:00:00Z,900
N20270721-S032,N20270721,2027-07-22T01:15:00Z,900
N20270721-S033,N20270721,2027-07-22T01:30:00Z,900
N20270721-S034,N20270721,2027-07-22T01:45:00Z,900
N20270721-S035,N20270721,2027-07-22T02:00:00Z,900
N20270721-S036,N20270721,2027-07-22T02:15:00Z,900
N20270721-S037,N20270721,2027-07-22T02:30:00Z,900
N20270721-S038,N20270721,2027-07-22T02:45:00Z,900
N20270721-S039,N20270721,2027-07-22T03:00:00Z,900
N20270721-S040,N20270721,2027-07-22T03:15:00Z,900
N20270721-S041,N20270721,2027-07-22T03:30:00Z,900
N20270721-S042,N20270721,2027-07-22T03:45:00Z,900
N20270721-S043,N20270721,2027-07-22T04:00:00Z,900
N20270722-S001,N20270722,2027-07-22T17:30:00Z,900
N20270722-S002,N20270722,2027-07-22T17:45:00Z,900
N20270722-S003,N20270722,2027-07-22T18:00:00Z,900
N20270722-S004,N20270722,2027-07-22T18:15:00Z,900
N20270722-S005,N20270722,2027-07-22T18:30:00Z,900
N20270722-S006,N20270722,2027-07-22T18:45:00Z,900
N20270722-S007,N20270722,2027-07-22T19:00:00Z,900
N20270722-S008,N20270722,2027-07-22T19:15:00Z,900
N20270722-S009,N20270722,2027-07-22T19:30:00Z,900
N20270722-S010,N20270722,2027-07-22T19:45:00Z,900
N20270722-S011,N20270722,2027-07-22T20:00:00Z,900
N20270722-S012,N20270722,2027-07-22T20:15:00Z,900
N20270722-S013,N20270722,2027-07-22T20:30:00Z,900
N20270722-S014,N20270722,2027-07-22T20:45:00Z,900
N20270722-S015,N20270722,2027-07-22T21:00:00Z,900
N20270722-S016,N20270722,2027-07-22T21:15:00Z,900
N20270722-S017,N20270722,2027-07-22T21:30:00Z,900
N20270722-S018,N20270722,2027-07-22T21:45:00Z,900
N20270722-S019,N20270722,2027-07-22T22:00:00Z,900
N20270722-S020,N20270722,2027-07-22T22:15:00Z,900
N20270722-S021,N20270722,2027-07-22T22:30:00Z,900
N20270722-S022,N20270722,2027-07-22T22:45:00Z,900
N20270722-S023,N20270722,2027-07-22T23:00:00Z,900
N20270722-S024,N20270722,2027-07-22T23:15:00Z,900
N20270722-S025,N20270722,2027-07-22T23:30:00Z,900
N20270722-S026,N20270722,2027-07-22T23:45:00Z,900
N20270722-S027,N20270722,2027-07-23T00:00:00Z,900
N20270722-S028,N20270722,2027-07-23T00:15:00Z,900
N20270722-S029,N20270722,2027-07-23T00:30:00Z,900
N20270722-S030,N20270722,2027-07-23T00:45:00Z,900
N20270722-S031,N20270722,2027-07-23T01:00:00Z,900
N20270722-S032,N20270722,2027-07-23T01:15:00Z,900
N20270722-S033,N20270722,2027-07-23T01:30:00Z,900
N20270722-S034,N20270722,2027-07-23T01:45:00Z,900
N20270722-S035,N20270722,2027-07-23T02:00:00Z,900
N20270722-S036,N20270722,2027-07-23T02:15:00Z,900
N20270722-S037,N20270722,2027-07-23T02:30:00Z,900
N20270722-S038,N20270722,2027-07-23T02:45:00Z,900
N20270722-S039,N20270722,2027-07-23T03:00:00Z,900
N20270722-S040,N20270722,2027-07-23T03:15:00Z,900
N20270722-S041,N20270722,2027-07-23T03:30:00Z,900
N20270722-S042,N20270722,2027-07-23T03:45:00Z,900
N20270722-S043,N20270722,2027-07-23T04:00:00Z,900
N20270723-S001,N20270723,2027-07-23T17:30:00Z,900
N20270723-S002,N20270723,2027-07-23T17:45:00Z,900
N20270723-S003,N20270723,2027-07-23T18:00:00Z,900
N20270723-S004,N20270723,2027-07-23T18:15:00Z,900
N20270723-S005,N20270723,2027-07-23T18:30:00Z,900
N20270723-S006,N20270723,2027-07-23T18:45:00Z,900
N20270723-S007,N20270723,2027-07-23T19:00:00Z,900
N20270723-S008,N20270723,2027-07-23T19:15:00Z,900
N20270723-S009,N20270723,2027-07-23T19:30:00Z,900
N20270723-S010,N20270723,2027-07-23T19:45:00Z,900
N20270723-S011,N20270723,2027-07-23T20:00:00Z,900
N20270723-S012,N20270723,2027-07-23T20:15:00Z,900
N20270723-S013,N20270723,2027-07-23T20:30:00Z,900
N20270723-S014,N20270723,2027-07-23T20:45:00Z,900
N20270723-S015,N20270723,2027-07-23T21:00:00Z,900
N20270723-S016,N20270723,2027-07-23T21:15:00Z,900
N20270723-S017,N20270723,2027-07-23T21:30:00Z,900
N20270723-S018,N20270723,2027-07-23T21:45:00Z,900
N20270723-S019,N20270723,2027-07-23T22:00:00Z,900
N20270723-S020,N20270723,2027-07-23T22:15:00Z,900
N20270723-S021,N20270723,2027-07-23T22:30:00Z,900
N20270723-S022,N20270723,2027-07-23T22:45:00Z,900
N20270723-S023,N20270723,2027-07-23T23:00:00Z,900
N20270723-S024,N20270723,2027-07-23T23:15:00Z,900
N20270723-S025,N20270723,2027-07-23T23:30:00Z,900
N20270723-S026,N20270723,2027-07-23T23:45:00Z,900
N20270723-S027,N20270723,2027-07-24T00:00:00Z,900
N20270723-S028,N20270723,2027-07-24T00:15:00Z,900
N20270723-S029,N20270723,2027-07-24T00:30:00Z,900
N20270723-S030,N20270723,2027-07-24T00:45:00Z,900
N20270723-S031,N20270723,2027-07-24T01:00:00Z,900
N20270723-S032,N20270723,2027-07-24T01:15:00Z,900
N20270723-S033,N20270723,2027-07-24T01:30:00Z,900
N20270723-S034,N20270723,2027-07-24T01:45:00Z,900
N20270723-S035,N20270723,2027-07-24T02:00:00Z,900
N20270723-S036,N20270723,2027-07-24T02:15:00Z,900
N20270723-S037,N20270723,2027-07-24T02:30:00Z,900
N20270723-S038,N20270723,2027-07-24T02:45:00Z,900
N20270723-S039,N20270723,2027-07-24T03:00:00Z,900
N20270723-S040,N20270723,2027-07-24T03:15:00Z,900
N20270723-S041,N20270723,2027-07-24T03:30:00Z,900
N20270723-S042,N20270723,2027-07-24T03:45:00Z,900
N20270723-S043,N20270723,2027-07-24T04:00:00Z,900
N20270724-S001,N20270724,2027-07-24T17:30:00Z,900
N20270724-S002,N20270724,2027-07-24T17:45:00Z,900
N20270724-S003,N20270724,2027-07-24T18:00:00Z,900
N20270724-S004,N20270724,2027-07-24T18:15:00Z,900
N20270724-S005,N20270724,2027-07-24T18:30:00Z,900
N20270724-S006,N20270724,2027-07-24T18:45:00Z,900
N20270724-S007,N20270724,2027-07-24T19:00:00Z,900
N20270724-S008,N20270724,2027-07-24T19:15:00Z,900
N20270724-S009,N20270724,2027-07-24T19:30:00Z,900
N20270724-S010,N20270724,2027-07-24T19:45:00Z,900
N20270724-S011,N20270724,2027-07-24T20:00:00Z,900
N20270724-S012,N20270724,2027-07-24T20:15:00Z,900
N20270724-S013,N20270724,2027-07-24T20:30:00Z,900
N20270724-S014,N20270724,2027-07-24T20:45:00Z,900
N20270724-S015,N20270724,2027-07-24T21:00:00Z,900
N20270724-S016,N20270724,2027-07-24T21:15:00Z,900
N20270724-S017,N20270724,2027-07-24T21:30:00Z,900
N20270724-S018,N20270724,2027-07-24T21:45:00Z,900
N20270724-S019,N20270724,2027-07-24T22:00:00Z,900
N20270724-S020,N20270724,2027-07-24T22:15:00Z,900
N20270724-S021,N20270724,2027-07-24T22:30:00Z,900
N20270724-S022,N20270724,2027-07-24T22:45:00Z,900
N20270724-S023,N20270724,2027-07-24T23:00:00Z,900
N20270724-S024,N20270724,2027-07-24T23:15:00Z,900
N20270724-S025,N20270724,2027-07-24T23:30:00Z,900
N20270724-S026,N20270724,2027-07-24T23:45:00Z,900
N20270724-S027,N20270724,2027-07-25T00:00:00Z,900
N20270724-S028,N20270724,2027-07-25T00:15:00Z,900
N20270724-S029,N20270724,2027-07-25T00:30:00Z,900
N20270724-S030,N20270724,2027-07-25T00:45:00Z,900
N20270724-S031,N20270724,2027-07-25T01:00:00Z,900
N20270724-S032,N20270724,2027-07-25T01:15:00Z,900
N20270724-S033,N20270724,2027-07-25T01:30:00Z,900
N20270724-S034,N20270724,2027-07-25T01:45:00Z,900
N20270724-S035,N20270724,2027-07-25T02:00:00Z,900
N20270724-S036,N20270724,2027-07-25T02:15:00Z,900
N20270724-S037,N20270724,2027-07-25T02:30:00Z,900
N20270724-S038,N20270724,2027-07-25T02:45:00Z,900
N20270724-S039,N20270724,2027-07-25T03:00:00Z,900
N20270724-S040,N20270724,2027-07-25T03:15:00Z,900
N20270724-S041,N20270724,2027-07-25T03:30:00Z,900
N20270724-S042,N20270724,2027-07-25T03:45:00Z,900
N20270724-S043,N20270724,2027-07-25T04:00:00Z,900
N20270725-S001,N20270725,2027-07-25T17:30:00Z,900
N20270725-S002,N20270725,2027-07-25T17:45:00Z,900
N20270725-S003,N20270725,2027-07-25T18:00:00Z,900
N20270725-S004,N20270725,2027-07-25T18:15:00Z,900
N20270725-S005,N20270725,2027-07-25T18:30:00Z,900
N20270725-S006,N20270725,2027-07-25T18:45:00Z,900
N20270725-S007,N20270725,2027-07-25T19:00:00Z,900
N20270725-S008,N20270725,2027-07-25T19:15:00Z,900
N20270725-S009,N20270725,2027-07-25T19:30:00Z,900
N20270725-S010,N20270725,2027-07-25T19:45:00Z,900
N20270725-S011,N20270725,2027-07-25T20:00:00Z,900
N20270725-S012,N20270725,2027-07-25T20:15:00Z,900
N20270725-S013,N20270725,2027-07-25T20:30:00Z,900
N20270725-S014,N20270725,2027-07-25T20:45:00Z,900
N20270725-S015,N20270725,2027-07-25T21:00:00Z,900
N20270725-S016,N20270725,2027-07-25T21:15:00Z,900
N20270725-S017,N20270725,2027-07-25T21:30:00Z,900
N20270725-S018,N20270725,2027-07-25T21:45:00Z,900
N20270725-S019,N20270725,2027-07-25T22:00:00Z,900
N20270725-S020,N20270725,2027-07-25T22:15:00Z,900
N20270725-S021,N20270725,2027-07-25T22:30:00Z,900
N20270725-S022,N20270725,2027-07-25T22:45:00Z,900
N20270725-S023,N20270725,2027-07-25T23:00:00Z,900
N20270725-S024,N20270725,2027-07-25T23:15:00Z,900
N20270725-S025,N20270725,2027-07-25T23:30:00Z,900
N20270725-S026,N20270725,2027-07-25T23:45:00Z,900
N20270725-S027,N20270725,2027-07-26T00:00:00Z,900
N20270725-S028,N20270725,2027-07-26T00:15:00Z,900
N20270725-S029,N20270725,2027-07-26T00:30:00Z,900
N20270725-S030,N20270725,2027-07-26T00:45:00Z,900
N20270725-S031,N20270725,2027-07-26T01:00:00Z,900
N20270725-S032,N20270725,2027-07-26T01:15:00Z,900
N20270725-S033,N20270725,2027-07-26T01:30:00Z,900
N20270725-S034,N20270725,2027-07-26T01:45:00Z,900
N20270725-S035,N20270725,2027-07-26T02:00:00Z,900
N20270725-S036,N20270725,2027-07-26T02:15:00Z,900
N20270725-S037,N20270725,2027-07-26T02:30:00Z,900
N20270725-S038,N20270725,2027-07-26T02:45:00Z,900
N20270725-S039,N20270725,2027-07-26T03:00:00Z,900
N20270725-S040,N20270725,2027-07-26T03:15:00Z,900
N20270725-S041,N20270725,2027-07-26T03:30:00Z,900
N20270725-S042,N20270725,2027-07-26T03:45:00Z,900
N20270725-S043,N20270725,2027-07-26T04:00:00Z,900
N20270726-S001,N20270726,2027-07-26T17:30:00Z,900
N20270726-S002,N20270726,2027-07-26T17:45:00Z,900
N20270726-S003,N20270726,2027-07-26T18:00:00Z,900
N20270726-S004,N20270726,2027-07-26T18:15:00Z,900
N20270726-S005,N20270726,2027-07-26T18:30:00Z,900
N20270726-S006,N20270726,2027-07-26T18:45:00Z,900
N20270726-S007,N20270726,2027-07-26T19:00:00Z,900
N20270726-S008,N20270726,2027-07-26T19:15:00Z,900
N20270726-S009,N20270726,2027-07-26T19:30:00Z,900
N20270726-S010,N20270726,2027-07-26T19:45:00Z,900
N20270726-S011,N20270726,2027-07-26T20:00:00Z,900
N20270726-S012,N20270726,2027-07-26T20:15:00Z,900
N20270726-S013,N20270726,2027-07-26T20:30:00Z,900
N20270726-S014,N20270726,2027-07-26T20:45:00Z,900
N20270726-S015,N20270726,2027-07-26T21:00:00Z,900
N20270726-S016,N20270726,2027-07-26T21:15:00Z,900
N20270726-S017,N20270726,2027-07-26T21:30:00Z,900
N20270726-S018,N20270726,2027-07-26T21:45:00Z,900
N20270726-S019,N20270726,2027-07-26T22:00:00Z,900
N20270726-S020,N20270726,2027-07-26T22:15:00Z,900
N20270726-S021,N20270726,2027-07-26T22:30:00Z,900
N20270726-S022,N20270726,2027-07-26T22:45:00Z,900
N20270726-S023,N20270726,2027-07-26T23:00:00Z,900
N20270726-S024,N20270726,2027-07-26T23:15:00Z,900
N20270726-S025,N20270726,2027-07-26T23:30:00Z,900
N20270726-S026,N20270726,2027-07-26T23:45:00Z,900
N20270726-S027,N20270726,2027-07-27T00:00:00Z,900
N20270726-S028,N20270726,2027-07-27T00:15:00Z,900
N20270726-S029,N20270726,2027-07-27T00:30:00Z,900
N20270726-S030,N20270726,2027-07-27T00:45:00Z,900
N20270726-S031,N20270726,2027-07-27T01:00:00Z,900
N20270726-S032,N20270726,2027-07-27T01:15:00Z,900
N20270726-S033,N20270726,2027-07-27T01:30:00Z,900
N20270726-S034,N20270726,2027-07-27T01:45:00Z,900
N20270726-S035,N20270726,2027-07-27T02:00:00Z,900
N20270726-S036,N20270726,2027-07-27T02:15:00Z,900
N20270726-S037,N20270726,2027-07-27T02:30:00Z,900
N20270726-S038,N20270726,2027-07-27T02:45:00Z,900
N20270726-S039,N20270726,2027-07-27T03:00:00Z,900
N20270726-S040,N20270726,2027-07-27T03:15:00Z,900
N20270726-S041,N20270726,2027-07-27T03:30:00Z,900
N20270726-S042,N20270726,2027-07-27T03:45:00Z,900
N20270726-S043,N20270726,2027-07-27T04:00:00Z,900
N20270727-S001,N20270727,2027-07-27T17:30:00Z,900
N20270727-S002,N20270727,2027-07-27T17:45:00Z,900
N20270727-S003,N20270727,2027-07-27T18:00:00Z,900
N20270727-S004,N20270727,2027-07-27T18:15:00Z,900
N20270727-S005,N20270727,2027-07-27T18:30:00Z,900
N20270727-S006,N20270727,2027-07-27T18:45:00Z,900
N20270727-S007,N20270727,2027-07-27T19:00:00Z,900
N20270727-S008,N20270727,2027-07-27T19:15:00Z,900
N20270727-S009,N20270727,2027-07-27T19:30:00Z,900
N20270727-S010,N20270727,2027-07-27T19:45:00Z,900
N20270727-S011,N20270727,2027-07-27T20:00:00Z,900
N20270727-S012,N20270727,2027-07-27T20:15:00Z,900
N20270727-S013,N20270727,2027-07-27T20:30:00Z,900
N20270727-S014,N20270727,2027-07-27T20:45:00Z,900
N20270727-S015,N20270727,2027-07-27T21:00:00Z,900
N20270727-S016,N20270727,2027-07-27T21:15:00Z,900
N20270727-S017,N20270727,2027-07-27T21:30:00Z,900
N20270727-S018,N20270727,2027-07-27T21:45:00Z,900
N20270727-S019,N20270727,2027-07-27T22:00:00Z,900
N20270727-S020,N20270727,2027-07-27T22:15:00Z,900
N20270727-S021,N20270727,2027-07-27T22:30:00Z,900
N20270727-S022,N20270727,2027-07-27T22:45:00Z,900
N20270727-S023,N20270727,2027-07-27T23:00:00Z,900
N20270727-S024,N20270727,2027-07-27T23:15:00Z,900
N20270727-S025,N20270727,2027-07-27T23:30:00Z,900
N20270727-S026,N20270727,2027-07-27T23:45:00Z,900
N20270727-S027,N20270727,2027-07-28T00:00:00Z,900
N20270727-S028,N20270727,2027-07-28T00:15:00Z,900
N20270727-S029,N20270727,2027-07-28T00:30:00Z,900
N20270727-S030,N20270727,2027-07-28T00:45:00Z,900
N20270727-S031,N20270727,2027-07-28T01:00:00Z,900
N20270727-S032,N20270727,2027-07-28T01:15:00Z,900
N20270727-S033,N20270727,2027-07-28T01:30:00Z,900
N20270727-S034,N20270727,2027-07-28T01:45:00Z,900
N20270727-S035,N20270727,2027-07-28T02:00:00Z,900
N20270727-S036,N20270727,2027-07-28T02:15:00Z,900
N20270727-S037,N20270727,2027-07-28T02:30:00Z,900
N20270727-S038,N20270727,2027-07-28T02:45:00Z,900
N20270727-S039,N20270727,2027-07-28T03:00:00Z,900
N20270727-S040,N20270727,2027-07-28T03:15:00Z,900
N20270727-S041,N20270727,2027-07-28T03:30:00Z,900
N20270727-S042,N20270727,2027-07-28T03:45:00Z,900
N20270727-S043,N20270727,2027-07-28T04:00:00Z,900
N20270728-S001,N20270728,2027-07-28T17:45:00Z,900
N20270728-S002,N20270728,2027-07-28T18:00:00Z,900
N20270728-S003,N20270728,2027-07-28T18:15:00Z,900
N20270728-S004,N20270728,2027-07-28T18:30:00Z,900
N20270728-S005,N20270728,2027-07-28T18:45:00Z,900
N20270728-S006,N20270728,2027-07-28T19:00:00Z,900
N20270728-S007,N20270728,2027-07-28T19:15:00Z,900
N20270728-S008,N20270728,2027-07-28T19:30:00Z,900
N20270728-S009,N20270728,2027-07-28T19:45:00Z,900
N20270728-S010,N20270728,2027-07-28T20:00:00Z,900
N20270728-S011,N20270728,2027-07-28T20:15:00Z,900
N20270728-S012,N20270728,2027-07-28T20:30:00Z,900
N20270728-S013,N20270728,2027-07-28T20:45:00Z,900
N20270728-S014,N20270728,2027-07-28T21:00:00Z,900
N20270728-S015,N20270728,2027-07-28T21:15:00Z,900
N20270728-S016,N20270728,2027-07-28T21:30:00Z,900
N20270728-S017,N20270728,2027-07-28T21:45:00Z,900
N20270728-S018,N20270728,2027-07-28T22:00:00Z,900
N20270728-S019,N20270728,2027-07-28T22:15:00Z,900
N20270728-S020,N20270728,2027-07-28T22:30:00Z,900
N20270728-S021,N20270728,2027-07-28T22:45:00Z,900
N20270728-S022,N20270728,2027-07-28T23:00:00Z,900
N20270728-S023,N20270728,2027-07-28T23:15:00Z,900
N20270728-S024,N20270728,2027-07-28T23:30:00Z,900
N20270728-S025,N20270728,2027-07-28T23:45:00Z,900
N20270728-S026,N20270728,2027-07-29T00:00:00Z,900
N20270728-S027,N20270728,2027-07-29T00:15:00Z,900
N20270728-S028,N20270728,2027-07-29T00:30:00Z,900
N20270728-S029,N20270728,2027-07-29T00:45:00Z,900
N20270728-S030,N20270728,2027-07-29T01:00:00Z,900
N20270728-S031,N20270728,2027-07-29T01:15:00Z,900
N20270728-S032,N20270728,2027-07-29T01:30:00Z,900
N20270728-S033,N20270728,2027-07-29T01:45:00Z,900
N20270728-S034,N20270728,2027-07-29T02:00:00Z,900
N20270728-S035,N20270728,2027-07-29T02:15:00Z,900
N20270728-S036,N20270728,2027-07-29T02:30:00Z,900
N20270728-S037,N20270728,2027-07-29T02:45:00Z,900
N20270728-S038,N20270728,2027-07-29T03:00:00Z,900
N20270728-S039,N20270728,2027-07-29T03:15:00Z,900
N20270728-S040,N20270728,2027-07-29T03:30:00Z,900
N20270728-S041,N20270728,2027-07-29T03:45:00Z,900
N20270729-S001,N20270729,2027-07-29T17:45:00Z,900
N20270729-S002,N20270729,2027-07-29T18:00:00Z,900
N20270729-S003,N20270729,2027-07-29T18:15:00Z,900
N20270729-S004,N20270729,2027-07-29T18:30:00Z,900
N20270729-S005,N20270729,2027-07-29T18:45:00Z,900
N20270729-S006,N20270729,2027-07-29T19:00:00Z,900
N20270729-S007,N20270729,2027-07-29T19:15:00Z,900
N20270729-S008,N20270729,2027-07-29T19:30:00Z,900
N20270729-S009,N20270729,2027-07-29T19:45:00Z,900
N20270729-S010,N20270729,2027-07-29T20:00:00Z,900
N20270729-S011,N20270729,2027-07-29T20:15:00Z,900
N20270729-S012,N20270729,2027-07-29T20:30:00Z,900
N20270729-S013,N20270729,2027-07-29T20:45:00Z,900
N20270729-S014,N20270729,2027-07-29T21:00:00Z,900
N20270729-S015,N20270729,2027-07-29T21:15:00Z,900
N20270729-S016,N20270729,2027-07-29T21:30:00Z,900
N20270729-S017,N20270729,2027-07-29T21:45:00Z,900
N20270729-S018,N20270729,2027-07-29T22:00:00Z,900
N20270729-S019,N20270729,2027-07-29T22:15:00Z,900
N20270729-S020,N20270729,2027-07-29T22:30:00Z,900
N20270729-S021,N20270729,2027-07-29T22:45:00Z,900
N20270729-S022,N20270729,2027-07-29T23:00:00Z,900
N20270729-S023,N20270729,2027-07-29T23:15:00Z,900
N20270729-S024,N20270729,2027-07-29T23:30:00Z,900
N20270729-S025,N20270729,2027-07-29T23:45:00Z,900
N20270729-S026,N20270729,2027-07-30T00:00:00Z,900
N20270729-S027,N20270729,2027-07-30T00:15:00Z,900
N20270729-S028,N20270729,2027-07-30T00:30:00Z,900
N20270729-S029,N20270729,2027-07-30T00:45:00Z,900
N20270729-S030,N20270729,2027-07-30T01:00:00Z,900
N20270729-S031,N20270729,2027-07-30T01:15:00Z,900
N20270729-S032,N20270729,2027-07-30T01:30:00Z,900
N20270729-S033,N20270729,2027-07-30T01:45:00Z,900
N20270729-S034,N20270729,2027-07-30T02:00:00Z,900
N20270729-S035,N20270729,2027-07-30T02:15:00Z,900
N20270729-S036,N20270729,2027-07-30T02:30:00Z,900
N20270729-S037,N20270729,2027-07-30T02:45:00Z,900
N20270729-S038,N20270729,2027-07-30T03:00:00Z,900
N20270729-S039,N20270729,2027-07-30T03:15:00Z,900
N20270729-S040,N20270729,2027-07-30T03:30:00Z,900
N20270729-S041,N20270729,2027-07-30T03:45:00Z,900
N20270730-S001,N20270730,2027-07-30T17:45:00Z,900
N20270730-S002,N20270730,2027-07-30T18:00:00Z,900
N20270730-S003,N20270730,2027-07-30T18:15:00Z,900
N20270730-S004,N20270730,2027-07-30T18:30:00Z,900
N20270730-S005,N20270730,2027-07-30T18:45:00Z,900
N20270730-S006,N20270730,2027-07-30T19:00:00Z,900
N20270730-S007,N20270730,2027-07-30T19:15:00Z,900
N20270730-S008,N20270730,2027-07-30T19:30:00Z,900
N20270730-S009,N20270730,2027-07-30T19:45:00Z,900
N20270730-S010,N20270730,2027-07-30T20:00:00Z,900
N20270730-S011,N20270730,2027-07-30T20:15:00Z,900
N20270730-S012,N20270730,2027-07-30T20:30:00Z,900
N20270730-S013,N20270730,2027-07-30T20:45:00Z,900
N20270730-S014,N20270730,2027-07-30T21:00:00Z,900
N20270730-S015,N20270730,2027-07-30T21:15:00Z,900
N20270730-S016,N20270730,2027-07-30T21:30:00Z,900
N20270730-S017,N20270730,2027-07-30T21:45:00Z,900
N20270730-S018,N20270730,2027-07-30T22:00:00Z,900
N20270730-S019,N20270730,2027-07-30T22:15:00Z,900
N20270730-S020,N20270730,2027-07-30T22:30:00Z,900
N20270730-S021,N20270730,2027-07-30T22:45:00Z,900
N20270730-S022,N20270730,2027-07-30T23:00:00Z,900
N20270730-S023,N20270730,2027-07-30T23:15:00Z,900
N20270730-S024,N20270730,2027-07-30T23:30:00Z,900
N20270730-S025,N20270730,2027-07-30T23:45:00Z,900
N20270730-S026,N20270730,2027-07-31T00:00:00Z,900
N20270730-S027,N20270730,2027-07-31T00:15:00Z,900
N20270730-S028,N20270730,2027-07-31T00:30:00Z,900
N20270730-S029,N20270730,2027-07-31T00:45:00Z,900
N20270730-S030,N20270730,2027-07-31T01:00:00Z,900
N20270730-S031,N20270730,2027-07-31T01:15:00Z,900
N20270730-S032,N20270730,2027-07-31T01:30:00Z,900
N20270730-S033,N20270730,2027-07-31T01:45:00Z,900
N20270730-S034,N20270730,2027-07-31T02:00:00Z,900
N20270730-S035,N20270730,2027-07-31T02:15:00Z,900
N20270730-S036,N20270730,2027-07-31T02:30:00Z,900
N20270730-S037,N20270730,2027-07-31T02:45:00Z,900
N20270730-S038,N20270730,2027-07-31T03:00:00Z,900
N20270730-S039,N20270730,2027-07-31T03:15:00Z,900
N20270730-S040,N20270730,2027-07-31T03:30:00Z,900
N20270730-S041,N20270730,2027-07-31T03:45:00Z,900
N20270731-S001,N20270731,2027-07-31T17:45:00Z,900
N20270731-S002,N20270731,2027-07-31T18:00:00Z,900
N20270731-S003,N20270731,2027-07-31T18:15:00Z,900
N20270731-S004,N20270731,2027-07-31T18:30:00Z,900
N20270731-S005,N20270731,2027-07-31T18:45:00Z,900
N20270731-S006,N20270731,2027-07-31T19:00:00Z,900
N20270731-S007,N20270731,2027-07-31T19:15:00Z,900
N20270731-S008,N20270731,2027-07-31T19:30:00Z,900
N20270731-S009,N20270731,2027-07-31T19:45:00Z,900
N20270731-S010,N20270731,2027-07-31T20:00:00Z,900
N20270731-S011,N20270731,2027-07-31T20:15:00Z,900
N20270731-S012,N20270731,2027-07-31T20:30:00Z,900
N20270731-S013,N20270731,2027-07-31T20:45:00Z,900
N20270731-S014,N20270731,2027-07-31T21:00:00Z,900
N20270731-S015,N20270731,2027-07-31T21:15:00Z,900
N20270731-S016,N20270731,2027-07-31T21:30:00Z,900
N20270731-S017,N20270731,2027-07-31T21:45:00Z,900
N20270731-S018,N20270731,2027-07-31T22:00:00Z,900
N20270731-S019,N20270731,2027-07-31T22:15:00Z,900
N20270731-S020,N20270731,2027-07-31T22:30:00Z,900
N20270731-S021,N20270731,2027-07-31T22:45:00Z,900
N20270731-S022,N20270731,2027-07-31T23:00:00Z,900
N20270731-S023,N20270731,2027-07-31T23:15:00Z,900
N20270731-S024,N20270731,2027-07-31T23:30:00Z,900
N20270731-S025,N20270731,2027-07-31T23:45:00Z,900
N20270731-S026,N20270731,2027-08-01T00:00:00Z,900
N20270731-S027,N20270731,2027-08-01T00:15:00Z,900
N20270731-S028,N20270731,2027-08-01T00:30:00Z,900
N20270731-S029,N20270731,2027-08-01T00:45:00Z,900
N20270731-S030,N20270731,2027-08-01T01:00:00Z,900
N20270731-S031,N20270731,2027-08-01T01:15:00Z,900
N20270731-S032,N20270731,2027-08-01T01:30:00Z,900
N20270731-S033,N20270731,2027-08-01T01:45:00Z,900
N20270731-S034,N20270731,2027-08-01T02:00:00Z,900
N20270731-S035,N20270731,2027-08-01T02:15:00Z,900
N20270731-S036,N20270731,2027-08-01T02:30:00Z,900
N20270731-S037,N20270731,2027-08-01T02:45:00Z,900
N20270731-S038,N20270731,2027-08-01T03:00:00Z,900
N20270731-S039,N20270731,2027-08-01T03:15:00Z,900
N20270731-S040,N20270731,2027-08-01T03:30:00Z,900
N20270731-S041,N20270731,2027-08-01T03:45:00Z,900
N20270801-S001,N20270801,2027-08-01T17:45:00Z,900
N20270801-S002,N20270801,2027-08-01T18:00:00Z,900
N20270801-S003,N20270801,2027-08-01T18:15:00Z,900
N20270801-S004,N20270801,2027-08-01T18:30:00Z,900
N20270801-S005,N20270801,2027-08-01T18:45:00Z,900
N20270801-S006,N20270801,2027-08-01T19:00:00Z,900
N20270801-S007,N20270801,2027-08-01T19:15:00Z,900
N20270801-S008,N20270801,2027-08-01T19:30:00Z,900
N20270801-S009,N20270801,2027-08-01T19:45:00Z,900
N20270801-S010,N20270801,2027-08-01T20:00:00Z,900
N20270801-S011,N20270801,2027-08-01T20:15:00Z,900
N20270801-S012,N20270801,2027-08-01T20:30:00Z,900
N20270801-S013,N20270801,2027-08-01T20:45:00Z,900
N20270801-S014,N20270801,2027-08-01T21:00:00Z,900
N20270801-S015,N20270801,2027-08-01T21:15:00Z,900
N20270801-S016,N20270801,2027-08-01T21:30:00Z,900
N20270801-S017,N20270801,2027-08-01T21:45:00Z,900
N20270801-S018,N20270801,2027-08-01T22:00:00Z,900
N20270801-S019,N20270801,2027-08-01T22:15:00Z,900
N20270801-S020,N20270801,2027-08-01T22:30:00Z,900
N20270801-S021,N20270801,2027-08-01T22:45:00Z,900
N20270801-S022,N20270801,2027-08-01T23:00:00Z,900
N20270801-S023,N20270801,2027-08-01T23:15:00Z,900
N20270801-S024,N20270801,2027-08-01T23:30:00Z,900
N20270801-S025,N20270801,2027-08-01T23:45:00Z,900
N20270801-S026,N20270801,2027-08-02T00:00:00Z,900
N20270801-S027,N20270801,2027-08-02T00:15:00Z,900
N20270801-S028,N20270801,2027-08-02T00:30:00Z,900
N20270801-S029,N20270801,2027-08-02T00:45:00Z,900
N20270801-S030,N20270801,2027-08-02T01:00:00Z,900
N20270801-S031,N20270801,2027-08-02T01:15:00Z,900
N20270801-S032,N20270801,2027-08-02T01:30:00Z,900
N20270801-S033,N20270801,2027-08-02T01:45:00Z,900
N20270801-S034,N20270801,2027-08-02T02:00:00Z,900
N20270801-S035,N20270801,2027-08-02T02:15:00Z,900
N20270801-S036,N20270801,2027-08-02T02:30:00Z,900
N20270801-S037,N20270801,2027-08-02T02:45:00Z,900
N20270801-S038,N20270801,2027-08-02T03:00:00Z,900
N20270801-S039,N20270801,2027-08-02T03:15:00Z,900
N20270801-S040,N20270801,2027-08-02T03:30:00Z,900
N20270801-S041,N20270801,2027-08-02T03:45:00Z,900
N20270802-S001,N20270802,2027-08-02T17:45:00Z,900
N20270802-S002,N20270802,2027-08-02T18:00:00Z,900
N20270802-S003,N20270802,2027-08-02T18:15:00Z,900
N20270802-S004,N20270802,2027-08-02T18:30:00Z,900
N20270802-S005,N20270802,2027-08-02T18:45:00Z,900
N20270802-S006,N20270802,2027-08-02T19:00:00Z,900
N20270802-S007,N20270802,2027-08-02T19:15:00Z,900
N20270802-S008,N20270802,2027-08-02T19:30:00Z,900
N20270802-S009,N20270802,2027-08-02T19:45:00Z,900
N20270802-S010,N20270802,2027-08-02T20:00:00Z,900
N20270802-S011,N20270802,2027-08-02T20:15:00Z,900
N20270802-S012,N20270802,2027-08-02T20:30:00Z,900
N20270802-S013,N20270802,2027-08-02T20:45:00Z,900
N20270802-S014,N20270802,2027-08-02T21:00:00Z,900
N20270802-S015,N20270802,2027-08-02T21:15:00Z,900
N20270802-S016,N20270802,2027-08-02T21:30:00Z,900
N20270802-S017,N20270802,2027-08-02T21:45:00Z,900
N20270802-S018,N20270802,2027-08-02T22:00:00Z,900
N20270802-S019,N20270802,2027-08-02T22:15:00Z,900
N20270802-S020,N20270802,2027-08-02T22:30:00Z,900
N20270802-S021,N20270802,2027-08-02T22:45:00Z,900
N20270802-S022,N20270802,2027-08-02T23:00:00Z,900
N20270802-S023,N20270802,2027-08-02T23:15:00Z,900
N20270802-S024,N20270802,2027-08-02T23:30:00Z,900
N20270802-S025,N20270802,2027-08-02T23:45:00Z,900
N20270802-S026,N20270802,2027-08-03T00:00:00Z,900
N20270802-S027,N20270802,2027-08-03T00:15:00Z,900
N20270802-S028,N20270802,2027-08-03T00:30:00Z,900
N20270802-S029,N20270802,2027-08-03T00:45:00Z,900
N20270802-S030,N20270802,2027-08-03T01:00:00Z,900
N20270802-S031,N20270802,2027-08-03T01:15:00Z,900
N20270802-S032,N20270802,2027-08-03T01:30:00Z,900
N20270802-S033,N20270802,2027-08-03T01:45:00Z,900
N20270802-S034,N20270802,2027-08-03T02:00:00Z,900
N20270802-S035,N20270802,2027-08-03T02:15:00Z,900
N20270802-S036,N20270802,2027-08-03T02:30:00Z,900
N20270802-S037,N20270802,2027-08-03T02:45:00Z,900
N20270802-S038,N20270802,2027-08-03T03:00:00Z,900
N20270802-S039,N20270802,2027-08-03T03:15:00Z,900
N20270802-S040,N20270802,2027-08-03T03:30:00Z,900
N20270802-S041,N20270802,2027-08-03T03:45:00Z,900
N20270803-S001,N20270803,2027-08-03T17:45:00Z,900
N20270803-S002,N20270803,2027-08-03T18:00:00Z,900
N20270803-S003,N20270803,2027-08-03T18:15:00Z,900
N20270803-S004,N20270803,2027-08-03T18:30:00Z,900
N20270803-S005,N20270803,2027-08-03T18:45:00Z,900
N20270803-S006,N20270803,2027-08-03T19:00:00Z,900
N20270803-S007,N20270803,2027-08-03T19:15:00Z,900
N20270803-S008,N20270803,2027-08-03T19:30:00Z,900
N20270803-S009,N20270803,2027-08-03T19:45:00Z,900
N20270803-S010,N20270803,2027-08-03T20:00:00Z,900
N20270803-S011,N20270803,2027-08-03T20:15:00Z,900
N20270803-S012,N20270803,2027-08-03T20:30:00Z,900
N20270803-S013,N20270803,2027-08-03T20:45:00Z,900
N20270803-S014,N20270803,2027-08-03T21:00:00Z,900
N20270803-S015,N20270803,2027-08-03T21:15:00Z,900
N20270803-S016,N20270803,2027-08-03T21:30:00Z,900
N20270803-S017,N20270803,2027-08-03T21:45:00Z,900
N20270803-S018,N20270803,2027-08-03T22:00:00Z,900
N20270803-S019,N20270803,2027-08-03T22:15:00Z,900
N20270803-S020,N20270803,2027-08-03T22:30:00Z,900
N20270803-S021,N20270803,2027-08-03T22:45:00Z,900
N20270803-S022,N20270803,2027-08-03T23:00:00Z,900
N20270803-S023,N20270803,2027-08-03T23:15:00Z,900
N20270803-S024,N20270803,2027-08-03T23:30:00Z,900
N20270803-S025,N20270803,2027-08-03T23:45:00Z,900
N20270803-S026,N20270803,2027-08-04T00:00:00Z,900
N20270803-S027,N20270803,2027-08-04T00:15:00Z,900
N20270803-S028,N20270803,2027-08-04T00:30:00Z,900
N20270803-S029,N20270803,2027-08-04T00:45:00Z,900
N20270803-S030,N20270803,2027-08-04T01:00:00Z,900
N20270803-S031,N20270803,2027-08-04T01:15:00Z,900
N20270803-S032,N20270803,2027-08-04T01:30:00Z,900
N20270803-S033,N20270803,2027-08-04T01:45:00Z,900
N20270803-S034,N20270803,2027-08-04T02:00:00Z,900
N20270803-S035,N20270803,2027-08-04T02:15:00Z,900
N20270803-S036,N20270803,2027-08-04T02:30:00Z,900
N20270803-S037,N20270803,2027-08-04T02:45:00Z,900
N20270803-S038,N20270803,2027-08-04T03:00:00Z,900
N20270803-S039,N20270803,2027-08-04T03:15:00Z,900
N20270803-S040,N20270803,2027-08-04T03:30:00Z,900
N20270803-S041,N20270803,2027-08-04T03:45:00Z,900
N20270804-S001,N20270804,2027-08-04T17:45:00Z,900
N20270804-S002,N20270804,2027-08-04T18:00:00Z,900
N20270804-S003,N20270804,2027-08-04T18:15:00Z,900
N20270804-S004,N20270804,2027-08-04T18:30:00Z,900
N20270804-S005,N20270804,2027-08-04T18:45:00Z,900
N20270804-S006,N20270804,2027-08-04T19:00:00Z,900
N20270804-S007,N20270804,2027-08-04T19:15:00Z,900
N20270804-S008,N20270804,2027-08-04T19:30:00Z,900
N20270804-S009,N20270804,2027-08-04T19:45:00Z,900
N20270804-S010,N20270804,2027-08-04T20:00:00Z,900
N20270804-S011,N20270804,2027-08-04T20:15:00Z,900
N20270804-S012,N20270804,2027-08-04T20:30:00Z,900
N20270804-S013,N20270804,2027-08-04T20:45:00Z,900
N20270804-S014,N20270804,2027-08-04T21:00:00Z,900
N20270804-S015,N20270804,2027-08-04T21:15:00Z,900
N20270804-S016,N20270804,2027-08-04T21:30:00Z,900
N20270804-S017,N20270804,2027-08-04T21:45:00Z,900
N20270804-S018,N20270804,2027-08-04T22:00:00Z,900
N20270804-S019,N20270804,2027-08-04T22:15:00Z,900
N20270804-S020,N20270804,2027-08-04T22:30:00Z,900
N20270804-S021,N20270804,2027-08-04T22:45:00Z,900
N20270804-S022,N20270804,2027-08-04T23:00:00Z,900
N20270804-S023,N20270804,2027-08-04T23:15:00Z,900
N20270804-S024,N20270804,2027-08-04T23:30:00Z,900
N20270804-S025,N20270804,2027-08-04T23:45:00Z,900
N20270804-S026,N20270804,2027-08-05T00:00:00Z,900
N20270804-S027,N20270804,2027-08-05T00:15:00Z,900
N20270804-S028,N20270804,2027-08-05T00:30:00Z,900
N20270804-S029,N20270804,2027-08-05T00:45:00Z,900
N20270804-S030,N20270804,2027-08-05T01:00:00Z,900
N20270804-S031,N20270804,2027-08-05T01:15:00Z,900
N20270804-S032,N20270804,2027-08-05T01:30:00Z,900
N20270804-S033,N20270804,2027-08-05T01:45:00Z,900
N20270804-S034,N20270804,2027-08-05T02:00:00Z,900
N20270804-S035,N20270804,2027-08-05T02:15:00Z,900
N20270804-S036,N20270804,2027-08-05T02:30:00Z,900
N20270804-S037,N20270804,2027-08-05T02:45:00Z,900
N20270804-S038,N20270804,2027-08-05T03:00:00Z,900
N20270804-S039,N20270804,2027-08-05T03:15:00Z,900
N20270804-S040,N20270804,2027-08-05T03:30:00Z,900
N20270804-S041,N20270804,2027-08-05T03:45:00Z,900
N20270805-S001,N20270805,2027-08-05T17:45:00Z,900
N20270805-S002,N20270805,2027-08-05T18:00:00Z,900
N20270805-S003,N20270805,2027-08-05T18:15:00Z,900
N20270805-S004,N20270805,2027-08-05T18:30:00Z,900
N20270805-S005,N20270805,2027-08-05T18:45:00Z,900
N20270805-S006,N20270805,2027-08-05T19:00:00Z,900
N20270805-S007,N20270805,2027-08-05T19:15:00Z,900
N20270805-S008,N20270805,2027-08-05T19:30:00Z,900
N20270805-S009,N20270805,2027-08-05T19:45:00Z,900
N20270805-S010,N20270805,2027-08-05T20:00:00Z,900
N20270805-S011,N20270805,2027-08-05T20:15:00Z,900
N20270805-S012,N20270805,2027-08-05T20:30:00Z,900
N20270805-S013,N20270805,2027-08-05T20:45:00Z,900
N20270805-S014,N20270805,2027-08-05T21:00:00Z,900
N20270805-S015,N20270805,2027-08-05T21:15:00Z,900
N20270805-S016,N20270805,2027-08-05T21:30:00Z,900
N20270805-S017,N20270805,2027-08-05T21:45:00Z,900
N20270805-S018,N20270805,2027-08-05T22:00:00Z,900
N20270805-S019,N20270805,2027-08-05T22:15:00Z,900
N20270805-S020,N20270805,2027-08-05T22:30:00Z,900
N20270805-S021,N20270805,2027-08-05T22:45:00Z,900
N20270805-S022,N20270805,2027-08-05T23:00:00Z,900
N20270805-S023,N20270805,2027-08-05T23:15:00Z,900
N20270805-S024,N20270805,2027-08-05T23:30:00Z,900
N20270805-S025,N20270805,2027-08-05T23:45:00Z,900
N20270805-S026,N20270805,2027-08-06T00:00:00Z,900
N20270805-S027,N20270805,2027-08-06T00:15:00Z,900
N20270805-S028,N20270805,2027-08-06T00:30:00Z,900
N20270805-S029,N20270805,2027-08-06T00:45:00Z,900
N20270805-S030,N20270805,2027-08-06T01:00:00Z,900
N20270805-S031,N20270805,2027-08-06T01:15:00Z,900
N20270805-S032,N20270805,2027-08-06T01:30:00Z,900
N20270805-S033,N20270805,2027-08-06T01:45:00Z,900
N20270805-S034,N20270805,2027-08-06T02:00:00Z,900
N20270805-S035,N20270805,2027-08-06T02:15:00Z,900
N20270805-S036,N20270805,2027-08-06T02:30:00Z,900
N20270805-S037,N20270805,2027-08-06T02:45:00Z,900
N20270805-S038,N20270805,2027-08-06T03:00:00Z,900
N20270805-S039,N20270805,2027-08-06T03:15:00Z,900
N20270805-S040,N20270805,2027-08-06T03:30:00Z,900
N20270805-S041,N20270805,2027-08-06T03:45:00Z,900
N20270806-S001,N20270806,2027-08-06T17:45:00Z,900
N20270806-S002,N20270806,2027-08-06T18:00:00Z,900
N20270806-S003,N20270806,2027-08-06T18:15:00Z,900
N20270806-S004,N20270806,2027-08-06T18:30:00Z,900
N20270806-S005,N20270806,2027-08-06T18:45:00Z,900
N20270806-S006,N20270806,2027-08-06T19:00:00Z,900
N20270806-S007,N20270806,2027-08-06T19:15:00Z,900
N20270806-S008,N20270806,2027-08-06T19:30:00Z,900
N20270806-S009,N20270806,2027-08-06T19:45:00Z,900
N20270806-S010,N20270806,2027-08-06T20:00:00Z,900
N20270806-S011,N20270806,2027-08-06T20:15:00Z,900
N20270806-S012,N20270806,2027-08-06T20:30:00Z,900
N20270806-S013,N20270806,2027-08-06T20:45:00Z,900
N20270806-S014,N20270806,2027-08-06T21:00:00Z,900
N20270806-S015,N20270806,2027-08-06T21:15:00Z,900
N20270806-S016,N20270806,2027-08-06T21:30:00Z,900
N20270806-S017,N20270806,2027-08-06T21:45:00Z,900
N20270806-S018,N20270806,2027-08-06T22:00:00Z,900
N20270806-S019,N20270806,2027-08-06T22:15:00Z,900
N20270806-S020,N20270806,2027-08-06T22:30:00Z,900
N20270806-S021,N20270806,2027-08-06T22:45:00Z,900
N20270806-S022,N20270806,2027-08-06T23:00:00Z,900
N20270806-S023,N20270806,2027-08-06T23:15:00Z,900
N20270806-S024,N20270806,2027-08-06T23:30:00Z,900
N20270806-S025,N20270806,2027-08-06T23:45:00Z,900
N20270806-S026,N20270806,2027-08-07T00:00:00Z,900
N20270806-S027,N20270806,2027-08-07T00:15:00Z,900
N20270806-S028,N20270806,2027-08-07T00:30:00Z,900
N20270806-S029,N20270806,2027-08-07T00:45:00Z,900
N20270806-S030,N20270806,2027-08-07T01:00:00Z,900
N20270806-S031,N20270806,2027-08-07T01:15:00Z,900
N20270806-S032,N20270806,2027-08-07T01:30:00Z,900
N20270806-S033,N20270806,2027-08-07T01:45:00Z,900
N20270806-S034,N20270806,2027-08-07T02:00:00Z,900
N20270806-S035,N20270806,2027-08-07T02:15:00Z,900
N20270806-S036,N20270806,2027-08-07T02:30:00Z,900
N20270806-S037,N20270806,2027-08-07T02:45:00Z,900
N20270806-S038,N20270806,2027-08-07T03:00:00Z,900
N20270806-S039,N20270806,2027-08-07T03:15:00Z,900
N20270806-S040,N20270806,2027-08-07T03:30:00Z,900
N20270806-S041,N20270806,2027-08-07T03:45:00Z,900
N20270807-S001,N20270807,2027-08-07T17:45:00Z,900
N20270807-S002,N20270807,2027-08-07T18:00:00Z,900
N20270807-S003,N20270807,2027-08-07T18:15:00Z,900
N20270807-S004,N20270807,2027-08-07T18:30:00Z,900
N20270807-S005,N20270807,2027-08-07T18:45:00Z,900
N20270807-S006,N20270807,2027-08-07T19:00:00Z,900
N20270807-S007,N20270807,2027-08-07T19:15:00Z,900
N20270807-S008,N20270807,2027-08-07T19:30:00Z,900
N20270807-S009,N20270807,2027-08-07T19:45:00Z,900
N20270807-S010,N20270807,2027-08-07T20:00:00Z,900
N20270807-S011,N20270807,2027-08-07T20:15:00Z,900
N20270807-S012,N20270807,2027-08-07T20:30:00Z,900
N20270807-S013,N20270807,2027-08-07T20:45:00Z,900
N20270807-S014,N20270807,2027-08-07T21:00:00Z,900
N20270807-S015,N20270807,2027-08-07T21:15:00Z,900
N20270807-S016,N20270807,2027-08-07T21:30:00Z,900
N20270807-S017,N20270807,2027-08-07T21:45:00Z,900
N20270807-S018,N20270807,2027-08-07T22:00:00Z,900
N20270807-S019,N20270807,2027-08-07T22:15:00Z,900
N20270807-S020,N20270807,2027-08-07T22:30:00Z,900
N20270807-S021,N20270807,2027-08-07T22:45:00Z,900
N20270807-S022,N20270807,2027-08-07T23:00:00Z,900
N20270807-S023,N20270807,2027-08-07T23:15:00Z,900
N20270807-S024,N20270807,2027-08-07T23:30:00Z,900
N20270807-S025,N20270807,2027-08-07T23:45:00Z,900
N20270807-S026,N20270807,2027-08-08T00:00:00Z,900
N20270807-S027,N20270807,2027-08-08T00:15:00Z,900
N20270807-S028,N20270807,2027-08-08T00:30:00Z,900
N20270807-S029,N20270807,2027-08-08T00:45:00Z,900
N20270807-S030,N20270807,2027-08-08T01:00:00Z,900
N20270807-S031,N20270807,2027-08-08T01:15:00Z,900
N20270807-S032,N20270807,2027-08-08T01:30:00Z,900
N20270807-S033,N20270807,2027-08-08T01:45:00Z,900
N20270807-S034,N20270807,2027-08-08T02:00:00Z,900
N20270807-S035,N20270807,2027-08-08T02:15:00Z,900
N20270807-S036,N20270807,2027-08-08T02:30:00Z,900
N20270807-S037,N20270807,2027-08-08T02:45:00Z,900
N20270807-S038,N20270807,2027-08-08T03:00:00Z,900
N20270807-S039,N20270807,2027-08-08T03:15:00Z,900
N20270807-S040,N20270807,2027-08-08T03:30:00Z,900
N20270807-S041,N20270807,2027-08-08T03:45:00Z,900
N20270808-S001,N20270808,2027-08-08T17:45:00Z,900
N20270808-S002,N20270808,2027-08-08T18:00:00Z,900
N20270808-S003,N20270808,2027-08-08T18:15:00Z,900
N20270808-S004,N20270808,2027-08-08T18:30:00Z,900
N20270808-S005,N20270808,2027-08-08T18:45:00Z,900
N20270808-S006,N20270808,2027-08-08T19:00:00Z,900
N20270808-S007,N20270808,2027-08-08T19:15:00Z,900
N20270808-S008,N20270808,2027-08-08T19:30:00Z,900
N20270808-S009,N20270808,2027-08-08T19:45:00Z,900
N20270808-S010,N20270808,2027-08-08T20:00:00Z,900
N20270808-S011,N20270808,2027-08-08T20:15:00Z,900
N20270808-S012,N20270808,2027-08-08T20:30:00Z,900
N20270808-S013,N20270808,2027-08-08T20:45:00Z,900
N20270808-S014,N20270808,2027-08-08T21:00:00Z,900
N20270808-S015,N20270808,2027-08-08T21:15:00Z,900
N20270808-S016,N20270808,2027-08-08T21:30:00Z,900
N20270808-S017,N20270808,2027-08-08T21:45:00Z,900
N20270808-S018,N20270808,2027-08-08T22:00:00Z,900
N20270808-S019,N20270808,2027-08-08T22:15:00Z,900
N20270808-S020,N20270808,2027-08-08T22:30:00Z,900
N20270808-S021,N20270808,2027-08-08T22:45:00Z,900
N20270808-S022,N20270808,2027-08-08T23:00:00Z,900
N20270808-S023,N20270808,2027-08-08T23:15:00Z,900
N20270808-S024,N20270808,2027-08-08T23:30:00Z,900
N20270808-S025,N20270808,2027-08-08T23:45:00Z,900
N20270808-S026,N20270808,2027-08-09T00:00:00Z,900
N20270808-S027,N20270808,2027-08-09T00:15:00Z,900
N20270808-S028,N20270808,2027-08-09T00:30:00Z,900
N20270808-S029,N20270808,2027-08-09T00:45:00Z,900
N20270808-S030,N20270808,2027-08-09T01:00:00Z,900
N20270808-S031,N20270808,2027-08-09T01:15:00Z,900
N20270808-S032,N20270808,2027-08-09T01:30:00Z,900
N20270808-S033,N20270808,2027-08-09T01:45:00Z,900
N20270808-S034,N20270808,2027-08-09T02:00:00Z,900
N20270808-S035,N20270808,2027-08-09T02:15:00Z,900
N20270808-S036,N20270808,2027-08-09T02:30:00Z,900
N20270808-S037,N20270808,2027-08-09T02:45:00Z,900
N20270808-S038,N20270808,2027-08-09T03:00:00Z,900
N20270808-S039,N20270808,2027-08-09T03:15:00Z,900
N20270808-S040,N20270808,2027-08-09T03:30:00Z,900
N20270808-S041,N20270808,2027-08-09T03:45:00Z,900
N20270809-S001,N20270809,2027-08-09T17:45:00Z,900
N20270809-S002,N20270809,2027-08-09T18:00:00Z,900
N20270809-S003,N20270809,2027-08-09T18:15:00Z,900
N20270809-S004,N20270809,2027-08-09T18:30:00Z,900
N20270809-S005,N20270809,2027-08-09T18:45:00Z,900
N20270809-S006,N20270809,2027-08-09T19:00:00Z,900
N20270809-S007,N20270809,2027-08-09T19:15:00Z,900
N20270809-S008,N20270809,2027-08-09T19:30:00Z,900
N20270809-S009,N20270809,2027-08-09T19:45:00Z,900
N20270809-S010,N20270809,2027-08-09T20:00:00Z,900
N20270809-S011,N20270809,2027-08-09T20:15:00Z,900
N20270809-S012,N20270809,2027-08-09T20:30:00Z,900
N20270809-S013,N20270809,2027-08-09T20:45:00Z,900
N20270809-S014,N20270809,2027-08-09T21:00:00Z,900
N20270809-S015,N20270809,2027-08-09T21:15:00Z,900
N20270809-S016,N20270809,2027-08-09T21:30:00Z,900
N20270809-S017,N20270809,2027-08-09T21:45:00Z,900
N20270809-S018,N20270809,2027-08-09T22:00:00Z,900
N20270809-S019,N20270809,2027-08-09T22:15:00Z,900
N20270809-S020,N20270809,2027-08-09T22:30:00Z,900
N20270809-S021,N20270809,2027-08-09T22:45:00Z,900
N20270809-S022,N20270809,2027-08-09T23:00:00Z,900
N20270809-S023,N20270809,2027-08-09T23:15:00Z,900
N20270809-S024,N20270809,2027-08-09T23:30:00Z,900
N20270809-S025,N20270809,2027-08-09T23:45:00Z,900
N20270809-S026,N20270809,2027-08-10T00:00:00Z,900
N20270809-S027,N20270809,2027-08-10T00:15:00Z,900
N20270809-S028,N20270809,2027-08-10T00:30:00Z,900
N20270809-S029,N20270809,2027-08-10T00:45:00Z,900
N20270809-S030,N20270809,2027-08-10T01:00:00Z,900
N20270809-S031,N20270809,2027-08-10T01:15:00Z,900
N20270809-S032,N20270809,2027-08-10T01:30:00Z,900
N20270809-S033,N20270809,2027-08-10T01:45:00Z,900
N20270809-S034,N20270809,2027-08-10T02:00:00Z,900
N20270809-S035,N20270809,2027-08-10T02:15:00Z,900
N20270809-S036,N20270809,2027-08-10T02:30:00Z,900
N20270809-S037,N20270809,2027-08-10T02:45:00Z,900
N20270809-S038,N20270809,2027-08-10T03:00:00Z,900
N20270809-S039,N20270809,2027-08-10T03:15:00Z,900
N20270809-S040,N20270809,2027-08-10T03:30:00Z,900
N20270809-S041,N20270809,2027-08-10T03:45:00Z,900
N20270810-S001,N20270810,2027-08-10T17:45:00Z,900
N20270810-S002,N20270810,2027-08-10T18:00:00Z,900
N20270810-S003,N20270810,2027-08-10T18:15:00Z,900
N20270810-S004,N20270810,2027-08-10T18:30:00Z,900
N20270810-S005,N20270810,2027-08-10T18:45:00Z,900
N20270810-S006,N20270810,2027-08-10T19:00:00Z,900
N20270810-S007,N20270810,2027-08-10T19:15:00Z,900
N20270810-S008,N20270810,2027-08-10T19:30:00Z,900
N20270810-S009,N20270810,2027-08-10T19:45:00Z,900
N20270810-S010,N20270810,2027-08-10T20:00:00Z,900
N20270810-S011,N20270810,2027-08-10T20:15:00Z,900
N20270810-S012,N20270810,2027-08-10T20:30:00Z,900
N20270810-S013,N20270810,2027-08-10T20:45:00Z,900
N20270810-S014,N20270810,2027-08-10T21:00:00Z,900
N20270810-S015,N20270810,2027-08-10T21:15:00Z,900
N20270810-S016,N20270810,2027-08-10T21:30:00Z,900
N20270810-S017,N20270810,2027-08-10T21:45:00Z,900
N20270810-S018,N20270810,2027-08-10T22:00:00Z,900
N20270810-S019,N20270810,2027-08-10T22:15:00Z,900
N20270810-S020,N20270810,2027-08-10T22:30:00Z,900
N20270810-S021,N20270810,2027-08-10T22:45:00Z,900
N20270810-S022,N20270810,2027-08-10T23:00:00Z,900
N20270810-S023,N20270810,2027-08-10T23:15:00Z,900
N20270810-S024,N20270810,2027-08-10T23:30:00Z,900
N20270810-S025,N20270810,2027-08-10T23:45:00Z,900
N20270810-S026,N20270810,2027-08-11T00:00:00Z,900
N20270810-S027,N20270810,2027-08-11T00:15:00Z,900
N20270810-S028,N20270810,2027-08-11T00:30:00Z,900
N20270810-S029,N20270810,2027-08-11T00:45:00Z,900
N20270810-S030,N20270810,2027-08-11T01:00:00Z,900
N20270810-S031,N20270810,2027-08-11T01:15:00Z,900
N20270810-S032,N20270810,2027-08-11T01:30:00Z,900
N20270810-S033,N20270810,2027-08-11T01:45:00Z,900
N20270810-S034,N20270810,2027-08-11T02:00:00Z,900
N20270810-S035,N20270810,2027-08-11T02:15:00Z,900
N20270810-S036,N20270810,2027-08-11T02:30:00Z,900
N20270810-S037,N20270810,2027-08-11T02:45:00Z,900
N20270810-S038,N20270810,2027-08-11T03:00:00Z,900
N20270810-S039,N20270810,2027-08-11T03:15:00Z,900
N20270810-S040,N20270810,2027-08-11T03:30:00Z,900
N20270810-S041,N20270810,2027-08-11T03:45:00Z,900
N20270811-S001,N20270811,2027-08-11T17:45:00Z,900
N20270811-S002,N20270811,2027-08-11T18:00:00Z,900
N20270811-S003,N20270811,2027-08-11T18:15:00Z,900
N20270811-S004,N20270811,2027-08-11T18:30:00Z,900
N20270811-S005,N20270811,2027-08-11T18:45:00Z,900
N20270811-S006,N20270811,2027-08-11T19:00:00Z,900
N20270811-S007,N20270811,2027-08-11T19:15:00Z,900
N20270811-S008,N20270811,2027-08-11T19:30:00Z,900
N20270811-S009,N20270811,2027-08-11T19:45:00Z,900
N20270811-S010,N20270811,2027-08-11T20:00:00Z,900
N20270811-S011,N20270811,2027-08-11T20:15:00Z,900
N20270811-S012,N20270811,2027-08-11T20:30:00Z,900
N20270811-S013,N20270811,2027-08-11T20:45:00Z,900
N20270811-S014,N20270811,2027-08-11T21:00:00Z,900
N20270811-S015,N20270811,2027-08-11T21:15:00Z,900
N20270811-S016,N20270811,2027-08-11T21:30:00Z,900
N20270811-S017,N20270811,2027-08-11T21:45:00Z,900
N20270811-S018,N20270811,2027-08-11T22:00:00Z,900
N20270811-S019,N20270811,2027-08-11T22:15:00Z,900
N20270811-S020,N20270811,2027-08-11T22:30:00Z,900
N20270811-S021,N20270811,2027-08-11T22:45:00Z,900
N20270811-S022,N20270811,2027-08-11T23:00:00Z,900
N20270811-S023,N20270811,2027-08-11T23:15:00Z,900
N20270811-S024,N20270811,2027-08-11T23:30:00Z,900
N20270811-S025,N20270811,2027-08-11T23:45:00Z,900
N20270811-S026,N20270811,2027-08-12T00:00:00Z,900
N20270811-S027,N20270811,2027-08-12T00:15:00Z,900
N20270811-S028,N20270811,2027-08-12T00:30:00Z,900
N20270811-S029,N20270811,2027-08-12T00:45:00Z,900
N20270811-S030,N20270811,2027-08-12T01:00:00Z,900
N20270811-S031,N20270811,2027-08-12T01:15:00Z,900
N20270811-S032,N20270811,2027-08-12T01:30:00Z,900
N20270811-S033,N20270811,2027-08-12T01:45:00Z,900
N20270811-S034,N20270811,2027-08-12T02:00:00Z,900
N20270811-S035,N20270811,2027-08-12T02:15:00Z,900
N20270811-S036,N20270811,2027-08-12T02:30:00Z,900
N20270811-S037,N20270811,2027-08-12T02:45:00Z,900
N20270811-S038,N20270811,2027-08-12T03:00:00Z,900
N20270811-S039,N20270811,2027-08-12T03:15:00Z,900
N20270811-S040,N20270811,2027-08-12T03:30:00Z,900
N20270811-S041,N20270811,2027-08-12T03:45:00Z,900
N20270812-S001,N20270812,2027-08-12T17:45:00Z,900
N20270812-S002,N20270812,2027-08-12T18:00:00Z,900
N20270812-S003,N20270812,2027-08-12T18:15:00Z,900
N20270812-S004,N20270812,2027-08-12T18:30:00Z,900
N20270812-S005,N20270812,2027-08-12T18:45:00Z,900
N20270812-S006,N20270812,2027-08-12T19:00:00Z,900
N20270812-S007,N20270812,2027-08-12T19:15:00Z,900
N20270812-S008,N20270812,2027-08-12T19:30:00Z,900
N20270812-S009,N20270812,2027-08-12T19:45:00Z,900
N20270812-S010,N20270812,2027-08-12T20:00:00Z,900
N20270812-S011,N20270812,2027-08-12T20:15:00Z,900
N20270812-S012,N20270812,2027-08-12T20:30:00Z,900
N20270812-S013,N20270812,2027-08-12T20:45:00Z,900
N20270812-S014,N20270812,2027-08-12T21:00:00Z,900
N20270812-S015,N20270812,2027-08-12T21:15:00Z,900
N20270812-S016,N20270812,2027-08-12T21:30:00Z,900
N20270812-S017,N20270812,2027-08-12T21:45:00Z,900
N20270812-S018,N20270812,2027-08-12T22:00:00Z,900
N20270812-S019,N20270812,2027-08-12T22:15:00Z,900
N20270812-S020,N20270812,2027-08-12T22:30:00Z,900
N20270812-S021,N20270812,2027-08-12T22:45:00Z,900
N20270812-S022,N20270812,2027-08-12T23:00:00Z,900
N20270812-S023,N20270812,2027-08-12T23:15:00Z,900
N20270812-S024,N20270812,2027-08-12T23:30:00Z,900
N20270812-S025,N20270812,2027-08-12T23:45:00Z,900
N20270812-S026,N20270812,2027-08-13T00:00:00Z,900
N20270812-S027,N20270812,2027-08-13T00:15:00Z,900
N20270812-S028,N20270812,2027-08-13T00:30:00Z,900
N20270812-S029,N20270812,2027-08-13T00:45:00Z,900
N20270812-S030,N20270812,2027-08-13T01:00:00Z,900
N20270812-S031,N20270812,2027-08-13T01:15:00Z,900
N20270812-S032,N20270812,2027-08-13T01:30:00Z,900
N20270812-S033,N20270812,2027-08-13T01:45:00Z,900
N20270812-S034,N20270812,2027-08-13T02:00:00Z,900
N20270812-S035,N20270812,2027-08-13T02:15:00Z,900
N20270812-S036,N20270812,2027-08-13T02:30:00Z,900
N20270812-S037,N20270812,2027-08-13T02:45:00Z,900
N20270812-S038,N20270812,2027-08-13T03:00:00Z,900
N20270812-S039,N20270812,2027-08-13T03:15:00Z,900
N20270812-S040,N20270812,2027-08-13T03:30:00Z,900
N20270812-S041,N20270812,2027-08-13T03:45:00Z,900
N20270813-S001,N20270813,2027-08-13T17:45:00Z,900
N20270813-S002,N20270813,2027-08-13T18:00:00Z,900
N20270813-S003,N20270813,2027-08-13T18:15:00Z,900
N20270813-S004,N20270813,2027-08-13T18:30:00Z,900
N20270813-S005,N20270813,2027-08-13T18:45:00Z,900
N20270813-S006,N20270813,2027-08-13T19:00:00Z,900
N20270813-S007,N20270813,2027-08-13T19:15:00Z,900
N20270813-S008,N20270813,2027-08-13T19:30:00Z,900
N20270813-S009,N20270813,2027-08-13T19:45:00Z,900
N20270813-S010,N20270813,2027-08-13T20:00:00Z,900
N20270813-S011,N20270813,2027-08-13T20:15:00Z,900
N20270813-S012,N20270813,2027-08-13T20:30:00Z,900
N20270813-S013,N20270813,2027-08-13T20:45:00Z,900
N20270813-S014,N20270813,2027-08-13T21:00:00Z,900
N20270813-S015,N20270813,2027-08-13T21:15:00Z,900
N20270813-S016,N20270813,2027-08-13T21:30:00Z,900
N20270813-S017,N20270813,2027-08-13T21:45:00Z,900
N20270813-S018,N20270813,2027-08-13T22:00:00Z,900
N20270813-S019,N20270813,2027-08-13T22:15:00Z,900
N20270813-S020,N20270813,2027-08-13T22:30:00Z,900
N20270813-S021,N20270813,2027-08-13T22:45:00Z,900
N20270813-S022,N20270813,2027-08-13T23:00:00Z,900
N20270813-S023,N20270813,2027-08-13T23:15:00Z,900
N20270813-S024,N20270813,2027-08-13T23:30:00Z,900
N20270813-S025,N20270813,2027-08-13T23:45:00Z,900
N20270813-S026,N20270813,2027-08-14T00:00:00Z,900
N20270813-S027,N20270813,2027-08-14T00:15:00Z,900
N20270813-S028,N20270813,2027-08-14T00:30:00Z,900
N20270813-S029,N20270813,2027-08-14T00:45:00Z,900
N20270813-S030,N20270813,2027-08-14T01:00:00Z,900
N20270813-S031,N20270813,2027-08-14T01:15:00Z,900
N20270813-S032,N20270813,2027-08-14T01:30:00Z,900
N20270813-S033,N20270813,2027-08-14T01:45:00Z,900
N20270813-S034,N20270813,2027-08-14T02:00:00Z,900
N20270813-S035,N20270813,2027-08-14T02:15:00Z,900
N20270813-S036,N20270813,2027-08-14T02:30:00Z,900
N20270813-S037,N20270813,2027-08-14T02:45:00Z,900
N20270813-S038,N20270813,2027-08-14T03:00:00Z,900
N20270813-S039,N20270813,2027-08-14T03:15:00Z,900
N20270813-S040,N20270813,2027-08-14T03:30:00Z,900
N20270813-S041,N20270813,2027-08-14T03:45:00Z,900
N20270814-S001,N20270814,2027-08-14T17:45:00Z,900
N20270814-S002,N20270814,2027-08-14T18:00:00Z,900
N20270814-S003,N20270814,2027-08-14T18:15:00Z,900
N20270814-S004,N20270814,2027-08-14T18:30:00Z,900
N20270814-S005,N20270814,2027-08-14T18:45:00Z,900
N20270814-S006,N20270814,2027-08-14T19:00:00Z,900
N20270814-S007,N20270814,2027-08-14T19:15:00Z,900
N20270814-S008,N20270814,2027-08-14T19:30:00Z,900
N20270814-S009,N20270814,2027-08-14T19:45:00Z,900
N20270814-S010,N20270814,2027-08-14T20:00:00Z,900
N20270814-S011,N20270814,2027-08-14T20:15:00Z,900
N20270814-S012,N20270814,2027-08-14T20:30:00Z,900
N20270814-S013,N20270814,2027-08-14T20:45:00Z,900
N20270814-S014,N20270814,2027-08-14T21:00:00Z,900
N20270814-S015,N20270814,2027-08-14T21:15:00Z,900
N20270814-S016,N20270814,2027-08-14T21:30:00Z,900
N20270814-S017,N20270814,2027-08-14T21:45:00Z,900
N20270814-S018,N20270814,2027-08-14T22:00:00Z,900
N20270814-S019,N20270814,2027-08-14T22:15:00Z,900
N20270814-S020,N20270814,2027-08-14T22:30:00Z,900
N20270814-S021,N20270814,2027-08-14T22:45:00Z,900
N20270814-S022,N20270814,2027-08-14T23:00:00Z,900
N20270814-S023,N20270814,2027-08-14T23:15:00Z,900
N20270814-S024,N20270814,2027-08-14T23:30:00Z,900
N20270814-S025,N20270814,2027-08-14T23:45:00Z,900
N20270814-S026,N20270814,2027-08-15T00:00:00Z,900
N20270814-S027,N20270814,2027-08-15T00:15:00Z,900
N20270814-S028,N20270814,2027-08-15T00:30:00Z,900
N20270814-S029,N20270814,2027-08-15T00:45:00Z,900
N20270814-S030,N20270814,2027-08-15T01:00:00Z,900
N20270814-S031,N20270814,2027-08-15T01:15:00Z,900
N20270814-S032,N20270814,2027-08-15T01:30:00Z,900
N20270814-S033,N20270814,2027-08-15T01:45:00Z,900
N20270814-S034,N20270814,2027-08-15T02:00:00Z,900
N20270814-S035,N20270814,2027-08-15T02:15:00Z,900
N20270814-S036,N20270814,2027-08-15T02:30:00Z,900
N20270814-S037,N20270814,2027-08-15T02:45:00Z,900
N20270814-S038,N20270814,2027-08-15T03:00:00Z,900
N20270814-S039,N20270814,2027-08-15T03:15:00Z,900
N20270814-S040,N20270814,2027-08-15T03:30:00Z,900
N20270814-S041,N20270814,2027-08-15T03:45:00Z,900
N20270815-S001,N20270815,2027-08-15T17:45:00Z,900
N20270815-S002,N20270815,2027-08-15T18:00:00Z,900
N20270815-S003,N20270815,2027-08-15T18:15:00Z,900
N20270815-S004,N20270815,2027-08-15T18:30:00Z,900
N20270815-S005,N20270815,2027-08-15T18:45:00Z,900
N20270815-S006,N20270815,2027-08-15T19:00:00Z,900
N20270815-S007,N20270815,2027-08-15T19:15:00Z,900
N20270815-S008,N20270815,2027-08-15T19:30:00Z,900
N20270815-S009,N20270815,2027-08-15T19:45:00Z,900
N20270815-S010,N20270815,2027-08-15T20:00:00Z,900
N20270815-S011,N20270815,2027-08-15T20:15:00Z,900
N20270815-S012,N20270815,2027-08-15T20:30:00Z,900
N20270815-S013,N20270815,2027-08-15T20:45:00Z,900
N20270815-S014,N20270815,2027-08-15T21:00:00Z,900
N20270815-S015,N20270815,2027-08-15T21:15:00Z,900
N20270815-S016,N20270815,2027-08-15T21:30:00Z,900
N20270815-S017,N20270815,2027-08-15T21:45:00Z,900
N20270815-S018,N20270815,2027-08-15T22:00:00Z,900
N20270815-S019,N20270815,2027-08-15T22:15:00Z,900
N20270815-S020,N20270815,2027-08-15T22:30:00Z,900
N20270815-S021,N20270815,2027-08-15T22:45:00Z,900
N20270815-S022,N20270815,2027-08-15T23:00:00Z,900
N20270815-S023,N20270815,2027-08-15T23:15:00Z,900
N20270815-S024,N20270815,2027-08-15T23:30:00Z,900
N20270815-S025,N20270815,2027-08-15T23:45:00Z,900
N20270815-S026,N20270815,2027-08-16T00:00:00Z,900
N20270815-S027,N20270815,2027-08-16T00:15:00Z,900
N20270815-S028,N20270815,2027-08-16T00:30:00Z,900
N20270815-S029,N20270815,2027-08-16T00:45:00Z,900
N20270815-S030,N20270815,2027-08-16T01:00:00Z,900
N20270815-S031,N20270815,2027-08-16T01:15:00Z,900
N20270815-S032,N20270815,2027-08-16T01:30:00Z,900
N20270815-S033,N20270815,2027-08-16T01:45:00Z,900
N20270815-S034,N20270815,2027-08-16T02:00:00Z,900
N20270815-S035,N20270815,2027-08-16T02:15:00Z,900
N20270815-S036,N20270815,2027-08-16T02:30:00Z,900
N20270815-S037,N20270815,2027-08-16T02:45:00Z,900
N20270815-S038,N20270815,2027-08-16T03:00:00Z,900
N20270815-S039,N20270815,2027-08-16T03:15:00Z,900
N20270815-S040,N20270815,2027-08-16T03:30:00Z,900
N20270815-S041,N20270815,2027-08-16T03:45:00Z,900
N20270816-S001,N20270816,2027-08-16T17:45:00Z,900
N20270816-S002,N20270816,2027-08-16T18:00:00Z,900
N20270816-S003,N20270816,2027-08-16T18:15:00Z,900
N20270816-S004,N20270816,2027-08-16T18:30:00Z,900
N20270816-S005,N20270816,2027-08-16T18:45:00Z,900
N20270816-S006,N20270816,2027-08-16T19:00:00Z,900
N20270816-S007,N20270816,2027-08-16T19:15:00Z,900
N20270816-S008,N20270816,2027-08-16T19:30:00Z,900
N20270816-S009,N20270816,2027-08-16T19:45:00Z,900
N20270816-S010,N20270816,2027-08-16T20:00:00Z,900
N20270816-S011,N20270816,2027-08-16T20:15:00Z,900
N20270816-S012,N20270816,2027-08-16T20:30:00Z,900
N20270816-S013,N20270816,2027-08-16T20:45:00Z,900
N20270816-S014,N20270816,2027-08-16T21:00:00Z,900
N20270816-S015,N20270816,2027-08-16T21:15:00Z,900
N20270816-S016,N20270816,2027-08-16T21:30:00Z,900
N20270816-S017,N20270816,2027-08-16T21:45:00Z,900
N20270816-S018,N20270816,2027-08-16T22:00:00Z,900
N20270816-S019,N20270816,2027-08-16T22:15:00Z,900
N20270816-S020,N20270816,2027-08-16T22:30:00Z,900
N20270816-S021,N20270816,2027-08-16T22:45:00Z,900
N20270816-S022,N20270816,2027-08-16T23:00:00Z,900
N20270816-S023,N20270816,2027-08-16T23:15:00Z,900
N20270816-S024,N20270816,2027-08-16T23:30:00Z,900
N20270816-S025,N20270816,2027-08-16T23:45:00Z,900
N20270816-S026,N20270816,2027-08-17T00:00:00Z,900
N20270816-S027,N20270816,2027-08-17T00:15:00Z,900
N20270816-S028,N20270816,2027-08-17T00:30:00Z,900
N20270816-S029,N20270816,2027-08-17T00:45:00Z,900
N20270816-S030,N20270816,2027-08-17T01:00:00Z,900
N20270816-S031,N20270816,2027-08-17T01:15:00Z,900
N20270816-S032,N20270816,2027-08-17T01:30:00Z,900
N20270816-S033,N20270816,2027-08-17T01:45:00Z,900
N20270816-S034,N20270816,2027-08-17T02:00:00Z,900
N20270816-S035,N20270816,2027-08-17T02:15:00Z,900
N20270816-S036,N20270816,2027-08-17T02:30:00Z,900
N20270816-S037,N20270816,2027-08-17T02:45:00Z,900
N20270816-S038,N20270816,2027-08-17T03:00:00Z,900
N20270816-S039,N20270816,2027-08-17T03:15:00Z,900
N20270816-S040,N20270816,2027-08-17T03:30:00Z,900
N20270817-S001,N20270817,2027-08-17T17:45:00Z,900
N20270817-S002,N20270817,2027-08-17T18:00:00Z,900
N20270817-S003,N20270817,2027-08-17T18:15:00Z,900
N20270817-S004,N20270817,2027-08-17T18:30:00Z,900
N20270817-S005,N20270817,2027-08-17T18:45:00Z,900
N20270817-S006,N20270817,2027-08-17T19:00:00Z,900
N20270817-S007,N20270817,2027-08-17T19:15:00Z,900
N20270817-S008,N20270817,2027-08-17T19:30:00Z,900
N20270817-S009,N20270817,2027-08-17T19:45:00Z,900
N20270817-S010,N20270817,2027-08-17T20:00:00Z,900
N20270817-S011,N20270817,2027-08-17T20:15:00Z,900
N20270817-S012,N20270817,2027-08-17T20:30:00Z,900
N20270817-S013,N20270817,2027-08-17T20:45:00Z,900
N20270817-S014,N20270817,2027-08-17T21:00:00Z,900
N20270817-S015,N20270817,2027-08-17T21:15:00Z,900
N20270817-S016,N20270817,2027-08-17T21:30:00Z,900
N20270817-S017,N20270817,2027-08-17T21:45:00Z,900
N20270817-S018,N20270817,2027-08-17T22:00:00Z,900
N20270817-S019,N20270817,2027-08-17T22:15:00Z,900
N20270817-S020,N20270817,2027-08-17T22:30:00Z,900
N20270817-S021,N20270817,2027-08-17T22:45:00Z,900
N20270817-S022,N20270817,2027-08-17T23:00:00Z,900
N20270817-S023,N20270817,2027-08-17T23:15:00Z,900
N20270817-S024,N20270817,2027-08-17T23:30:00Z,900
N20270817-S025,N20270817,2027-08-17T23:45:00Z,900
N20270817-S026,N20270817,2027-08-18T00:00:00Z,900
N20270817-S027,N20270817,2027-08-18T00:15:00Z,900
N20270817-S028,N20270817,2027-08-18T00:30:00Z,900
N20270817-S029,N20270817,2027-08-18T00:45:00Z,900
N20270817-S030,N20270817,2027-08-18T01:00:00Z,900
N20270817-S031,N20270817,2027-08-18T01:15:00Z,900
N20270817-S032,N20270817,2027-08-18T01:30:00Z,900
N20270817-S033,N20270817,2027-08-18T01:45:00Z,900
N20270817-S034,N20270817,2027-08-18T02:00:00Z,900
N20270817-S035,N20270817,2027-08-18T02:15:00Z,900
N20270817-S036,N20270817,2027-08-18T02:30:00Z,900
N20270817-S037,N20270817,2027-08-18T02:45:00Z,900
N20270817-S038,N20270817,2027-08-18T03:00:00Z,900
N20270817-S039,N20270817,2027-08-18T03:15:00Z,900
N20270817-S040,N20270817,2027-08-18T03:30:00Z,900
N20270818-S001,N20270818,2027-08-18T17:45:00Z,900
N20270818-S002,N20270818,2027-08-18T18:00:00Z,900
N20270818-S003,N20270818,2027-08-18T18:15:00Z,900
N20270818-S004,N20270818,2027-08-18T18:30:00Z,900
N20270818-S005,N20270818,2027-08-18T18:45:00Z,900
N20270818-S006,N20270818,2027-08-18T19:00:00Z,900
N20270818-S007,N20270818,2027-08-18T19:15:00Z,900
N20270818-S008,N20270818,2027-08-18T19:30:00Z,900
N20270818-S009,N20270818,2027-08-18T19:45:00Z,900
N20270818-S010,N20270818,2027-08-18T20:00:00Z,900
N20270818-S011,N20270818,2027-08-18T20:15:00Z,900
N20270818-S012,N20270818,2027-08-18T20:30:00Z,900
N20270818-S013,N20270818,2027-08-18T20:45:00Z,900
N20270818-S014,N20270818,2027-08-18T21:00:00Z,900
N20270818-S015,N20270818,2027-08-18T21:15:00Z,900
N20270818-S016,N20270818,2027-08-18T21:30:00Z,900
N20270818-S017,N20270818,2027-08-18T21:45:00Z,900
N20270818-S018,N20270818,2027-08-18T22:00:00Z,900
N20270818-S019,N20270818,2027-08-18T22:15:00Z,900
N20270818-S020,N20270818,2027-08-18T22:30:00Z,900
N20270818-S021,N20270818,2027-08-18T22:45:00Z,900
N20270818-S022,N20270818,2027-08-18T23:00:00Z,900
N20270818-S023,N20270818,2027-08-18T23:15:00Z,900
N20270818-S024,N20270818,2027-08-18T23:30:00Z,900
N20270818-S025,N20270818,2027-08-18T23:45:00Z,900
N20270818-S026,N20270818,2027-08-19T00:00:00Z,900
N20270818-S027,N20270818,2027-08-19T00:15:00Z,900
N20270818-S028,N20270818,2027-08-19T00:30:00Z,900
N20270818-S029,N20270818,2027-08-19T00:45:00Z,900
N20270818-S030,N20270818,2027-08-19T01:00:00Z,900
N20270818-S031,N20270818,2027-08-19T01:15:00Z,900
N20270818-S032,N20270818,2027-08-19T01:30:00Z,900
N20270818-S033,N20270818,2027-08-19T01:45:00Z,900
N20270818-S034,N20270818,2027-08-19T02:00:00Z,900
N20270818-S035,N20270818,2027-08-19T02:15:00Z,900
N20270818-S036,N20270818,2027-08-19T02:30:00Z,900
N20270818-S037,N20270818,2027-08-19T02:45:00Z,900
N20270818-S038,N20270818,2027-08-19T03:00:00Z,900
N20270818-S039,N20270818,2027-08-19T03:15:00Z,900
N20270818-S040,N20270818,2027-08-19T03:30:00Z,900
N20270819-S001,N20270819,2027-08-19T17:45:00Z,900
N20270819-S002,N20270819,2027-08-19T18:00:00Z,900
N20270819-S003,N20270819,2027-08-19T18:15:00Z,900
N20270819-S004,N20270819,2027-08-19T18:30:00Z,900
N20270819-S005,N20270819,2027-08-19T18:45:00Z,900
N20270819-S006,N20270819,2027-08-19T19:00:00Z,900
N20270819-S007,N20270819,2027-08-19T19:15:00Z,900
N20270819-S008,N20270819,2027-08-19T19:30:00Z,900
N20270819-S009,N20270819,2027-08-19T19:45:00Z,900
N20270819-S010,N20270819,2027-08-19T20:00:00Z,900
N20270819-S011,N20270819,2027-08-19T20:15:00Z,900
N20270819-S012,N20270819,2027-08-19T20:30:00Z,900
N20270819-S013,N20270819,2027-08-19T20:45:00Z,900
N20270819-S014,N20270819,2027-08-19T21:00:00Z,900
N20270819-S015,N20270819,2027-08-19T21:15:00Z,900
N20270819-S016,N20270819,2027-08-19T21:30:00Z,900
N20270819-S017,N20270819,2027-08-19T21:45:00Z,900
N20270819-S018,N20270819,2027-08-19T22:00:00Z,900
N20270819-S019,N20270819,2027-08-19T22:15:00Z,900
N20270819-S020,N20270819,2027-08-19T22:30:00Z,900
N20270819-S021,N20270819,2027-08-19T22:45:00Z,900
N20270819-S022,N20270819,2027-08-19T23:00:00Z,900
N20270819-S023,N20270819,2027-08-19T23:15:00Z,900
N20270819-S024,N20270819,2027-08-19T23:30:00Z,900
N20270819-S025,N20270819,2027-08-19T23:45:00Z,900
N20270819-S026,N20270819,2027-08-20T00:00:00Z,900
N20270819-S027,N20270819,2027-08-20T00:15:00Z,900
N20270819-S028,N20270819,2027-08-20T00:30:00Z,900
N20270819-S029,N20270819,2027-08-20T00:45:00Z,900
N20270819-S030,N20270819,2027-08-20T01:00:00Z,900
N20270819-S031,N20270819,2027-08-20T01:15:00Z,900
N20270819-S032,N20270819,2027-08-20T01:30:00Z,900
N20270819-S033,N20270819,2027-08-20T01:45:00Z,900
N20270819-S034,N20270819,2027-08-20T02:00:00Z,900
N20270819-S035,N20270819,2027-08-20T02:15:00Z,900
N20270819-S036,N20270819,2027-08-20T02:30:00Z,900
N20270819-S037,N20270819,2027-08-20T02:45:00Z,900
N20270819-S038,N20270819,2027-08-20T03:00:00Z,900
N20270819-S039,N20270819,2027-08-20T03:15:00Z,900
N20270819-S040,N20270819,2027-08-20T03:30:00Z,900
N20270820-S001,N20270820,2027-08-20T17:45:00Z,900
N20270820-S002,N20270820,2027-08-20T18:00:00Z,900
N20270820-S003,N20270820,2027-08-20T18:15:00Z,900
N20270820-S004,N20270820,2027-08-20T18:30:00Z,900
N20270820-S005,N20270820,2027-08-20T18:45:00Z,900
N20270820-S006,N20270820,2027-08-20T19:00:00Z,900
N20270820-S007,N20270820,2027-08-20T19:15:00Z,900
N20270820-S008,N20270820,2027-08-20T19:30:00Z,900
N20270820-S009,N20270820,2027-08-20T19:45:00Z,900
N20270820-S010,N20270820,2027-08-20T20:00:00Z,900
N20270820-S011,N20270820,2027-08-20T20:15:00Z,900
N20270820-S012,N20270820,2027-08-20T20:30:00Z,900
N20270820-S013,N20270820,2027-08-20T20:45:00Z,900
N20270820-S014,N20270820,2027-08-20T21:00:00Z,900
N20270820-S015,N20270820,2027-08-20T21:15:00Z,900
N20270820-S016,N20270820,2027-08-20T21:30:00Z,900
N20270820-S017,N20270820,2027-08-20T21:45:00Z,900
N20270820-S018,N20270820,2027-08-20T22:00:00Z,900
N20270820-S019,N20270820,2027-08-20T22:15:00Z,900
N20270820-S020,N20270820,2027-08-20T22:30:00Z,900
N20270820-S021,N20270820,2027-08-20T22:45:00Z,900
N20270820-S022,N20270820,2027-08-20T23:00:00Z,900
N20270820-S023,N20270820,2027-08-20T23:15:00Z,900
N20270820-S024,N20270820,2027-08-20T23:30:00Z,900
N20270820-S025,N20270820,2027-08-20T23:45:00Z,900
N20270820-S026,N20270820,2027-08-21T00:00:00Z,900
N20270820-S027,N20270820,2027-08-21T00:15:00Z,900
N20270820-S028,N20270820,2027-08-21T00:30:00Z,900
N20270820-S029,N20270820,2027-08-21T00:45:00Z,900
N20270820-S030,N20270820,2027-08-21T01:00:00Z,900
N20270820-S031,N20270820,2027-08-21T01:15:00Z,900
N20270820-S032,N20270820,2027-08-21T01:30:00Z,900
N20270820-S033,N20270820,2027-08-21T01:45:00Z,900
N20270820-S034,N20270820,2027-08-21T02:00:00Z,900
N20270820-S035,N20270820,2027-08-21T02:15:00Z,900
N20270820-S036,N20270820,2027-08-21T02:30:00Z,900
N20270820-S037,N20270820,2027-08-21T02:45:00Z,900
N20270820-S038,N20270820,2027-08-21T03:00:00Z,900
N20270820-S039,N20270820,2027-08-21T03:15:00Z,900
N20270820-S040,N20270820,2027-08-21T03:30:00Z,900
N20270821-S001,N20270821,2027-08-21T17:45:00Z,900
N20270821-S002,N20270821,2027-08-21T18:00:00Z,900
N20270821-S003,N20270821,2027-08-21T18:15:00Z,900
N20270821-S004,N20270821,2027-08-21T18:30:00Z,900
N20270821-S005,N20270821,2027-08-21T18:45:00Z,900
N20270821-S006,N20270821,2027-08-21T19:00:00Z,900
N20270821-S007,N20270821,2027-08-21T19:15:00Z,900
N20270821-S008,N20270821,2027-08-21T19:30:00Z,900
N20270821-S009,N20270821,2027-08-21T19:45:00Z,900
N20270821-S010,N20270821,2027-08-21T20:00:00Z,900
N20270821-S011,N20270821,2027-08-21T20:15:00Z,900
N20270821-S012,N20270821,2027-08-21T20:30:00Z,900
N20270821-S013,N20270821,2027-08-21T20:45:00Z,900
N20270821-S014,N20270821,2027-08-21T21:00:00Z,900
N20270821-S015,N20270821,2027-08-21T21:15:00Z,900
N20270821-S016,N20270821,2027-08-21T21:30:00Z,900
N20270821-S017,N20270821,2027-08-21T21:45:00Z,900
N20270821-S018,N20270821,2027-08-21T22:00:00Z,900
N20270821-S019,N20270821,2027-08-21T22:15:00Z,900
N20270821-S020,N20270821,2027-08-21T22:30:00Z,900
N20270821-S021,N20270821,2027-08-21T22:45:00Z,900
N20270821-S022,N20270821,2027-08-21T23:00:00Z,900
N20270821-S023,N20270821,2027-08-21T23:15:00Z,900
N20270821-S024,N20270821,2027-08-21T23:30:00Z,900
N20270821-S025,N20270821,2027-08-21T23:45:00Z,900
N20270821-S026,N20270821,2027-08-22T00:00:00Z,900
N20270821-S027,N20270821,2027-08-22T00:15:00Z,900
N20270821-S028,N20270821,2027-08-22T00:30:00Z,900
N20270821-S029,N20270821,2027-08-22T00:45:00Z,900
N20270821-S030,N20270821,2027-08-22T01:00:00Z,900
N20270821-S031,N20270821,2027-08-22T01:15:00Z,900
N20270821-S032,N20270821,2027-08-22T01:30:00Z,900
N20270821-S033,N20270821,2027-08-22T01:45:00Z,900
N20270821-S034,N20270821,2027-08-22T02:00:00Z,900
N20270821-S035,N20270821,2027-08-22T02:15:00Z,900
N20270821-S036,N20270821,2027-08-22T02:30:00Z,900
N20270821-S037,N20270821,2027-08-22T02:45:00Z,900
N20270821-S038,N20270821,2027-08-22T03:00:00Z,900
N20270821-S039,N20270821,2027-08-22T03:15:00Z,900
N20270821-S040,N20270821,2027-08-22T03:30:00Z,900
N20270822-S001,N20270822,2027-08-22T18:00:00Z,900
N20270822-S002,N20270822,2027-08-22T18:15:00Z,900
N20270822-S003,N20270822,2027-08-22T18:30:00Z,900
N20270822-S004,N20270822,2027-08-22T18:45:00Z,900
N20270822-S005,N20270822,2027-08-22T19:00:00Z,900
N20270822-S006,N20270822,2027-08-22T19:15:00Z,900
N20270822-S007,N20270822,2027-08-22T19:30:00Z,900
N20270822-S008,N20270822,2027-08-22T19:45:00Z,900
N20270822-S009,N20270822,2027-08-22T20:00:00Z,900
N20270822-S010,N20270822,2027-08-22T20:15:00Z,900
N20270822-S011,N20270822,2027-08-22T20:30:00Z,900
N20270822-S012,N20270822,2027-08-22T20:45:00Z,900
N20270822-S013,N20270822,2027-08-22T21:00:00Z,900
N20270822-S014,N20270822,2027-08-22T21:15:00Z,900
N20270822-S015,N20270822,2027-08-22T21:30:00Z,900
N20270822-S016,N20270822,2027-08-22T21:45:00Z,900
N20270822-S017,N20270822,2027-08-22T22:00:00Z,900
N20270822-S018,N20270822,2027-08-22T22:15:00Z,900
N20270822-S019,N20270822,2027-08-22T22:30:00Z,900
N20270822-S020,N20270822,2027-08-22T22:45:00Z,900
N20270822-S021,N20270822,2027-08-22T23:00:00Z,900
N20270822-S022,N20270822,2027-08-22T23:15:00Z,900
N20270822-S023,N20270822,2027-08-22T23:30:00Z,900
N20270822-S024,N20270822,2027-08-22T23:45:00Z,900
N20270822-S025,N20270822,2027-08-23T00:00:00Z,900
N20270822-S026,N20270822,2027-08-23T00:15:00Z,900
N20270822-S027,N20270822,2027-08-23T00:30:00Z,900
N20270822-S028,N20270822,2027-08-23T00:45:00Z,900
N20270822-S029,N20270822,2027-08-23T01:00:00Z,900
N20270822-S030,N20270822,2027-08-23T01:15:00Z,900
N20270822-S031,N20270822,2027-08-23T01:30:00Z,900
N20270822-S032,N20270822,2027-08-23T01:45:00Z,900
N20270822-S033,N20270822,2027-08-23T02:00:00Z,900
N20270822-S034,N20270822,2027-08-23T02:15:00Z,900
N20270822-S035,N20270822,2027-08-23T02:30:00Z,900
N20270822-S036,N20270822,2027-08-23T02:45:00Z,900
N20270822-S037,N20270822,2027-08-23T03:00:00Z,900
N20270822-S038,N20270822,2027-08-23T03:15:00Z,900
N20270822-S039,N20270822,2027-08-23T03:30:00Z,900
N20270823-S001,N20270823,2027-08-23T18:00:00Z,900
N20270823-S002,N20270823,2027-08-23T18:15:00Z,900
N20270823-S003,N20270823,2027-08-23T18:30:00Z,900
N20270823-S004,N20270823,2027-08-23T18:45:00Z,900
N20270823-S005,N20270823,2027-08-23T19:00:00Z,900
N20270823-S006,N20270823,2027-08-23T19:15:00Z,900
N20270823-S007,N20270823,2027-08-23T19:30:00Z,900
N20270823-S008,N20270823,2027-08-23T19:45:00Z,900
N20270823-S009,N20270823,2027-08-23T20:00:00Z,900
N20270823-S010,N20270823,2027-08-23T20:15:00Z,900
N20270823-S011,N20270823,2027-08-23T20:30:00Z,900
N20270823-S012,N20270823,2027-08-23T20:45:00Z,900
N20270823-S013,N20270823,2027-08-23T21:00:00Z,900
N20270823-S014,N20270823,2027-08-23T21:15:00Z,900
N20270823-S015,N20270823,2027-08-23T21:30:00Z,900
N20270823-S016,N20270823,2027-08-23T21:45:00Z,900
N20270823-S017,N20270823,2027-08-23T22:00:00Z,900
N20270823-S018,N20270823,2027-08-23T22:15:00Z,900
N20270823-S019,N20270823,2027-08-23T22:30:00Z,900
N20270823-S020,N20270823,2027-08-23T22:45:00Z,900
N20270823-S021,N20270823,2027-08-23T23:00:00Z,900
N20270823-S022,N20270823,2027-08-23T23:15:00Z,900
N20270823-S023,N20270823,2027-08-23T23:30:00Z,900
N20270823-S024,N20270823,2027-08-23T23:45:00Z,900
N20270823-S025,N20270823,2027-08-24T00:00:00Z,900
N20270823-S026,N20270823,2027-08-24T00:15:00Z,900
N20270823-S027,N20270823,2027-08-24T00:30:00Z,900
N20270823-S028,N20270823,2027-08-24T00:45:00Z,900
N20270823-S029,N20270823,2027-08-24T01:00:00Z,900
N20270823-S030,N20270823,2027-08-24T01:15:00Z,900
N20270823-S031,N20270823,2027-08-24T01:30:00Z,900
N20270823-S032,N20270823,2027-08-24T01:45:00Z,900
N20270823-S033,N20270823,2027-08-24T02:00:00Z,900
N20270823-S034,N20270823,2027-08-24T02:15:00Z,900
N20270823-S035,N20270823,2027-08-24T02:30:00Z,900
N20270823-S036,N20270823,2027-08-24T02:45:00Z,900
N20270823-S037,N20270823,2027-08-24T03:00:00Z,900
N20270823-S038,N20270823,2027-08-24T03:15:00Z,900
N20270823-S039,N20270823,2027-08-24T03:30:00Z,900
N20270824-S001,N20270824,2027-08-24T18:00:00Z,900
N20270824-S002,N20270824,2027-08-24T18:15:00Z,900
N20270824-S003,N20270824,2027-08-24T18:30:00Z,900
N20270824-S004,N20270824,2027-08-24T18:45:00Z,900
N20270824-S005,N20270824,2027-08-24T19:00:00Z,900
N20270824-S006,N20270824,2027-08-24T19:15:00Z,900
N20270824-S007,N20270824,2027-08-24T19:30:00Z,900
N20270824-S008,N20270824,2027-08-24T19:45:00Z,900
N20270824-S009,N20270824,2027-08-24T20:00:00Z,900
N20270824-S010,N20270824,2027-08-24T20:15:00Z,900
N20270824-S011,N20270824,2027-08-24T20:30:00Z,900
N20270824-S012,N20270824,2027-08-24T20:45:00Z,900
N20270824-S013,N20270824,2027-08-24T21:00:00Z,900
N20270824-S014,N20270824,2027-08-24T21:15:00Z,900
N20270824-S015,N20270824,2027-08-24T21:30:00Z,900
N20270824-S016,N20270824,2027-08-24T21:45:00Z,900
N20270824-S017,N20270824,2027-08-24T22:00:00Z,900
N20270824-S018,N20270824,2027-08-24T22:15:00Z,900
N20270824-S019,N20270824,2027-08-24T22:30:00Z,900
N20270824-S020,N20270824,2027-08-24T22:45:00Z,900
N20270824-S021,N20270824,2027-08-24T23:00:00Z,900
N20270824-S022,N20270824,2027-08-24T23:15:00Z,900
N20270824-S023,N20270824,2027-08-24T23:30:00Z,900
N20270824-S024,N20270824,2027-08-24T23:45:00Z,900
N20270824-S025,N20270824,2027-08-25T00:00:00Z,900
N20270824-S026,N20270824,2027-08-25T00:15:00Z,900
N20270824-S027,N20270824,2027-08-25T00:30:00Z,900
N20270824-S028,N20270824,2027-08-25T00:45:00Z,900
N20270824-S029,N20270824,2027-08-25T01:00:00Z,900
N20270824-S030,N20270824,2027-08-25T01:15:00Z,900
N20270824-S031,N20270824,2027-08-25T01:30:00Z,900
N20270824-S032,N20270824,2027-08-25T01:45:00Z,900
N20270824-S033,N20270824,2027-08-25T02:00:00Z,900
N20270824-S034,N20270824,2027-08-25T02:15:00Z,900
N20270824-S035,N20270824,2027-08-25T02:30:00Z,900
N20270824-S036,N20270824,2027-08-25T02:45:00Z,900
N20270824-S037,N20270824,2027-08-25T03:00:00Z,900
N20270824-S038,N20270824,2027-08-25T03:15:00Z,900
N20270824-S039,N20270824,2027-08-25T03:30:00Z,900
N20270825-S001,N20270825,2027-08-25T18:00:00Z,900
N20270825-S002,N20270825,2027-08-25T18:15:00Z,900
N20270825-S003,N20270825,2027-08-25T18:30:00Z,900
N20270825-S004,N20270825,2027-08-25T18:45:00Z,900
N20270825-S005,N20270825,2027-08-25T19:00:00Z,900
N20270825-S006,N20270825,2027-08-25T19:15:00Z,900
N20270825-S007,N20270825,2027-08-25T19:30:00Z,900
N20270825-S008,N20270825,2027-08-25T19:45:00Z,900
N20270825-S009,N20270825,2027-08-25T20:00:00Z,900
N20270825-S010,N20270825,2027-08-25T20:15:00Z,900
N20270825-S011,N20270825,2027-08-25T20:30:00Z,900
N20270825-S012,N20270825,2027-08-25T20:45:00Z,900
N20270825-S013,N20270825,2027-08-25T21:00:00Z,900
N20270825-S014,N20270825,2027-08-25T21:15:00Z,900
N20270825-S015,N20270825,2027-08-25T21:30:00Z,900
N20270825-S016,N20270825,2027-08-25T21:45:00Z,900
N20270825-S017,N20270825,2027-08-25T22:00:00Z,900
N20270825-S018,N20270825,2027-08-25T22:15:00Z,900
N20270825-S019,N20270825,2027-08-25T22:30:00Z,900
N20270825-S020,N20270825,2027-08-25T22:45:00Z,900
N20270825-S021,N20270825,2027-08-25T23:00:00Z,900
N20270825-S022,N20270825,2027-08-25T23:15:00Z,900
N20270825-S023,N20270825,2027-08-25T23:30:00Z,900
N20270825-S024,N20270825,2027-08-25T23:45:00Z,900
N20270825-S025,N20270825,2027-08-26T00:00:00Z,900
N20270825-S026,N20270825,2027-08-26T00:15:00Z,900
N20270825-S027,N20270825,2027-08-26T00:30:00Z,900
N20270825-S028,N20270825,2027-08-26T00:45:00Z,900
N20270825-S029,N20270825,2027-08-26T01:00:00Z,900
N20270825-S030,N20270825,2027-08-26T01:15:00Z,900
N20270825-S031,N20270825,2027-08-26T01:30:00Z,900
N20270825-S032,N20270825,2027-08-26T01:45:00Z,900
N20270825-S033,N20270825,2027-08-26T02:00:00Z,900
N20270825-S034,N20270825,2027-08-26T02:15:00Z,900
N20270825-S035,N20270825,2027-08-26T02:30:00Z,900
N20270825-S036,N20270825,2027-08-26T02:45:00Z,900
N20270825-S037,N20270825,2027-08-26T03:00:00Z,900
N20270825-S038,N20270825,2027-08-26T03:15:00Z,900
N20270825-S039,N20270825,2027-08-26T03:30:00Z,900
N20270826-S001,N20270826,2027-08-26T18:00:00Z,900
N20270826-S002,N20270826,2027-08-26T18:15:00Z,900
N20270826-S003,N20270826,2027-08-26T18:30:00Z,900
N20270826-S004,N20270826,2027-08-26T18:45:00Z,900
N20270826-S005,N20270826,2027-08-26T19:00:00Z,900
N20270826-S006,N20270826,2027-08-26T19:15:00Z,900
N20270826-S007,N20270826,2027-08-26T19:30:00Z,900
N20270826-S008,N20270826,2027-08-26T19:45:00Z,900
N20270826-S009,N20270826,2027-08-26T20:00:00Z,900
N20270826-S010,N20270826,2027-08-26T20:15:00Z,900
N20270826-S011,N20270826,2027-08-26T20:30:00Z,900
N20270826-S012,N20270826,2027-08-26T20:45:00Z,900
N20270826-S013,N20270826,2027-08-26T21:00:00Z,900
N20270826-S014,N20270826,2027-08-26T21:15:00Z,900
N20270826-S015,N20270826,2027-08-26T21:30:00Z,900
N20270826-S016,N20270826,2027-08-26T21:45:00Z,900
N20270826-S017,N20270826,2027-08-26T22:00:00Z,900
N20270826-S018,N20270826,2027-08-26T22:15:00Z,900
N20270826-S019,N20270826,2027-08-26T22:30:00Z,900
N20270826-S020,N20270826,2027-08-26T22:45:00Z,900
N20270826-S021,N20270826,2027-08-26T23:00:00Z,900
N20270826-S022,N20270826,2027-08-26T23:15:00Z,900
N20270826-S023,N20270826,2027-08-26T23:30:00Z,900
N20270826-S024,N20270826,2027-08-26T23:45:00Z,900
N20270826-S025,N20270826,2027-08-27T00:00:00Z,900
N20270826-S026,N20270826,2027-08-27T00:15:00Z,900
N20270826-S027,N20270826,2027-08-27T00:30:00Z,900
N20270826-S028,N20270826,2027-08-27T00:45:00Z,900
N20270826-S029,N20270826,2027-08-27T01:00:00Z,900
N20270826-S030,N20270826,2027-08-27T01:15:00Z,900
N20270826-S031,N20270826,2027-08-27T01:30:00Z,900
N20270826-S032,N20270826,2027-08-27T01:45:00Z,900
N20270826-S033,N20270826,2027-08-27T02:00:00Z,900
N20270826-S034,N20270826,2027-08-27T02:15:00Z,900
N20270826-S035,N20270826,2027-08-27T02:30:00Z,900
N20270826-S036,N20270826,2027-08-27T02:45:00Z,900
N20270826-S037,N20270826,2027-08-27T03:00:00Z,900
N20270826-S038,N20270826,2027-08-27T03:15:00Z,900
N20270826-S039,N20270826,2027-08-27T03:30:00Z,900
N20270827-S001,N20270827,2027-08-27T18:00:00Z,900
N20270827-S002,N20270827,2027-08-27T18:15:00Z,900
N20270827-S003,N20270827,2027-08-27T18:30:00Z,900
N20270827-S004,N20270827,2027-08-27T18:45:00Z,900
N20270827-S005,N20270827,2027-08-27T19:00:00Z,900
N20270827-S006,N20270827,2027-08-27T19:15:00Z,900
N20270827-S007,N20270827,2027-08-27T19:30:00Z,900
N20270827-S008,N20270827,2027-08-27T19:45:00Z,900
N20270827-S009,N20270827,2027-08-27T20:00:00Z,900
N20270827-S010,N20270827,2027-08-27T20:15:00Z,900
N20270827-S011,N20270827,2027-08-27T20:30:00Z,900
N20270827-S012,N20270827,2027-08-27T20:45:00Z,900
N20270827-S013,N20270827,2027-08-27T21:00:00Z,900
N20270827-S014,N20270827,2027-08-27T21:15:00Z,900
N20270827-S015,N20270827,2027-08-27T21:30:00Z,900
N20270827-S016,N20270827,2027-08-27T21:45:00Z,900
N20270827-S017,N20270827,2027-08-27T22:00:00Z,900
N20270827-S018,N20270827,2027-08-27T22:15:00Z,900
N20270827-S019,N20270827,2027-08-27T22:30:00Z,900
N20270827-S020,N20270827,2027-08-27T22:45:00Z,900
N20270827-S021,N20270827,2027-08-27T23:00:00Z,900
N20270827-S022,N20270827,2027-08-27T23:15:00Z,900
N20270827-S023,N20270827,2027-08-27T23:30:00Z,900
N20270827-S024,N20270827,2027-08-27T23:45:00Z,900
N20270827-S025,N20270827,2027-08-28T00:00:00Z,900
N20270827-S026,N20270827,2027-08-28T00:15:00Z,900
N20270827-S027,N20270827,2027-08-28T00:30:00Z,900
N20270827-S028,N20270827,2027-08-28T00:45:00Z,900
N20270827-S029,N20270827,2027-08-28T01:00:00Z,900
N20270827-S030,N20270827,2027-08-28T01:15:00Z,900
N20270827-S031,N20270827,2027-08-28T01:30:00Z,900
N20270827-S032,N20270827,2027-08-28T01:45:00Z,900
N20270827-S033,N20270827,2027-08-28T02:00:00Z,900
N20270827-S034,N20270827,2027-08-28T02:15:00Z,900
N20270827-S035,N20270827,2027-08-28T02:30:00Z,900
N20270827-S036,N20270827,2027-08-28T02:45:00Z,900
N20270827-S037,N20270827,2027-08-28T03:00:00Z,900
N20270827-S038,N20270827,2027-08-28T03:15:00Z,900
N20270827-S039,N20270827,2027-08-28T03:30:00Z,900
N20270828-S001,N20270828,2027-08-28T18:00:00Z,900
N20270828-S002,N20270828,2027-08-28T18:15:00Z,900
N20270828-S003,N20270828,2027-08-28T18:30:00Z,900
N20270828-S004,N20270828,2027-08-28T18:45:00Z,900
N20270828-S005,N20270828,2027-08-28T19:00:00Z,900
N20270828-S006,N20270828,2027-08-28T19:15:00Z,900
N20270828-S007,N20270828,2027-08-28T19:30:00Z,900
N20270828-S008,N20270828,2027-08-28T19:45:00Z,900
N20270828-S009,N20270828,2027-08-28T20:00:00Z,900
N20270828-S010,N20270828,2027-08-28T20:15:00Z,900
N20270828-S011,N20270828,2027-08-28T20:30:00Z,900
N20270828-S012,N20270828,2027-08-28T20:45:00Z,900
N20270828-S013,N20270828,2027-08-28T21:00:00Z,900
N20270828-S014,N20270828,2027-08-28T21:15:00Z,900
N20270828-S015,N20270828,2027-08-28T21:30:00Z,900
N20270828-S016,N20270828,2027-08-28T21:45:00Z,900
N20270828-S017,N20270828,2027-08-28T22:00:00Z,900
N20270828-S018,N20270828,2027-08-28T22:15:00Z,900
N20270828-S019,N20270828,2027-08-28T22:30:00Z,900
N20270828-S020,N20270828,2027-08-28T22:45:00Z,900
N20270828-S021,N20270828,2027-08-28T23:00:00Z,900
N20270828-S022,N20270828,2027-08-28T23:15:00Z,900
N20270828-S023,N20270828,2027-08-28T23:30:00Z,900
N20270828-S024,N20270828,2027-08-28T23:45:00Z,900
N20270828-S025,N20270828,2027-08-29T00:00:00Z,900
N20270828-S026,N20270828,2027-08-29T00:15:00Z,900
N20270828-S027,N20270828,2027-08-29T00:30:00Z,900
N20270828-S028,N20270828,2027-08-29T00:45:00Z,900
N20270828-S029,N20270828,2027-08-29T01:00:00Z,900
N20270828-S030,N20270828,2027-08-29T01:15:00Z,900
N20270828-S031,N20270828,2027-08-29T01:30:00Z,900
N20270828-S032,N20270828,2027-08-29T01:45:00Z,900
N20270828-S033,N20270828,2027-08-29T02:00:00Z,900
N20270828-S034,N20270828,2027-08-29T02:15:00Z,900
N20270828-S035,N20270828,2027-08-29T02:30:00Z,900
N20270828-S036,N20270828,2027-08-29T02:45:00Z,900
N20270828-S037,N20270828,2027-08-29T03:00:00Z,900
N20270828-S038,N20270828,2027-08-29T03:15:00Z,900
N20270828-S039,N20270828,2027-08-29T03:30:00Z,900
N20270829-S001,N20270829,2027-08-29T18:00:00Z,900
N20270829-S002,N20270829,2027-08-29T18:15:00Z,900
N20270829-S003,N20270829,2027-08-29T18:30:00Z,900
N20270829-S004,N20270829,2027-08-29T18:45:00Z,900
N20270829-S005,N20270829,2027-08-29T19:00:00Z,900
N20270829-S006,N20270829,2027-08-29T19:15:00Z,900
N20270829-S007,N20270829,2027-08-29T19:30:00Z,900
N20270829-S008,N20270829,2027-08-29T19:45:00Z,900
N20270829-S009,N20270829,2027-08-29T20:00:00Z,900
N20270829-S010,N20270829,2027-08-29T20:15:00Z,900
N20270829-S011,N20270829,2027-08-29T20:30:00Z,900
N20270829-S012,N20270829,2027-08-29T20:45:00Z,900
N20270829-S013,N20270829,2027-08-29T21:00:00Z,900
N20270829-S014,N20270829,2027-08-29T21:15:00Z,900
N20270829-S015,N20270829,2027-08-29T21:30:00Z,900
N20270829-S016,N20270829,2027-08-29T21:45:00Z,900
N20270829-S017,N20270829,2027-08-29T22:00:00Z,900
N20270829-S018,N20270829,2027-08-29T22:15:00Z,900
N20270829-S019,N20270829,2027-08-29T22:30:00Z,900
N20270829-S020,N20270829,2027-08-29T22:45:00Z,900
N20270829-S021,N20270829,2027-08-29T23:00:00Z,900
N20270829-S022,N20270829,2027-08-29T23:15:00Z,900
N20270829-S023,N20270829,2027-08-29T23:30:00Z,900
N20270829-S024,N20270829,2027-08-29T23:45:00Z,900
N20270829-S025,N20270829,2027-08-30T00:00:00Z,900
N20270829-S026,N20270829,2027-08-30T00:15:00Z,900
N20270829-S027,N20270829,2027-08-30T00:30:00Z,900
N20270829-S028,N20270829,2027-08-30T00:45:00Z,900
N20270829-S029,N20270829,2027-08-30T01:00:00Z,900
N20270829-S030,N20270829,2027-08-30T01:15:00Z,900
N20270829-S031,N20270829,2027-08-30T01:30:00Z,900
N20270829-S032,N20270829,2027-08-30T01:45:00Z,900
N20270829-S033,N20270829,2027-08-30T02:00:00Z,900
N20270829-S034,N20270829,2027-08-30T02:15:00Z,900
N20270829-S035,N20270829,2027-08-30T02:30:00Z,900
N20270829-S036,N20270829,2027-08-30T02:45:00Z,900
N20270829-S037,N20270829,2027-08-30T03:00:00Z,900
N20270829-S038,N20270829,2027-08-30T03:15:00Z,900
N20270830-S001,N20270830,2027-08-30T18:00:00Z,900
N20270830-S002,N20270830,2027-08-30T18:15:00Z,900
N20270830-S003,N20270830,2027-08-30T18:30:00Z,900
N20270830-S004,N20270830,2027-08-30T18:45:00Z,900
N20270830-S005,N20270830,2027-08-30T19:00:00Z,900
N20270830-S006,N20270830,2027-08-30T19:15:00Z,900
N20270830-S007,N20270830,2027-08-30T19:30:00Z,900
N20270830-S008,N20270830,2027-08-30T19:45:00Z,900
N20270830-S009,N20270830,2027-08-30T20:00:00Z,900
N20270830-S010,N20270830,2027-08-30T20:15:00Z,900
N20270830-S011,N20270830,2027-08-30T20:30:00Z,900
N20270830-S012,N20270830,2027-08-30T20:45:00Z,900
N20270830-S013,N20270830,2027-08-30T21:00:00Z,900
N20270830-S014,N20270830,2027-08-30T21:15:00Z,900
N20270830-S015,N20270830,2027-08-30T21:30:00Z,900
N20270830-S016,N20270830,2027-08-30T21:45:00Z,900
N20270830-S017,N20270830,2027-08-30T22:00:00Z,900
N20270830-S018,N20270830,2027-08-30T22:15:00Z,900
N20270830-S019,N20270830,2027-08-30T22:30:00Z,900
N20270830-S020,N20270830,2027-08-30T22:45:00Z,900
N20270830-S021,N20270830,2027-08-30T23:00:00Z,900
N20270830-S022,N20270830,2027-08-30T23:15:00Z,900
N20270830-S023,N20270830,2027-08-30T23:30:00Z,900
N20270830-S024,N20270830,2027-08-30T23:45:00Z,900
N20270830-S025,N20270830,2027-08-31T00:00:00Z,900
N20270830-S026,N20270830,2027-08-31T00:15:00Z,900
N20270830-S027,N20270830,2027-08-31T00:30:00Z,900
N20270830-S028,N20270830,2027-08-31T00:45:00Z,900
N20270830-S029,N20270830,2027-08-31T01:00:00Z,900
N20270830-S030,N20270830,2027-08-31T01:15:00Z,900
N20270830-S031,N20270830,2027-08-31T01:30:00Z,900
N20270830-S032,N20270830,2027-08-31T01:45:00Z,900
N20270830-S033,N20270830,2027-08-31T02:00:00Z,900
N20270830-S034,N20270830,2027-08-31T02:15:00Z,900
N20270830-S035,N20270830,2027-08-31T02:30:00Z,900
N20270830-S036,N20270830,2027-08-31T02:45:00Z,900
N20270830-S037,N20270830,2027-08-31T03:00:00Z,900
N20270830-S038,N20270830,2027-08-31T03:15:00Z,900
N20270831-S001,N20270831,2027-08-31T18:00:00Z,900
N20270831-S002,N20270831,2027-08-31T18:15:00Z,900
N20270831-S003,N20270831,2027-08-31T18:30:00Z,900
N20270831-S004,N20270831,2027-08-31T18:45:00Z,900
N20270831-S005,N20270831,2027-08-31T19:00:00Z,900
N20270831-S006,N20270831,2027-08-31T19:15:00Z,900
N20270831-S007,N20270831,2027-08-31T19:30:00Z,900
N20270831-S008,N20270831,2027-08-31T19:45:00Z,900
N20270831-S009,N20270831,2027-08-31T20:00:00Z,900
N20270831-S010,N20270831,2027-08-31T20:15:00Z,900
N20270831-S011,N20270831,2027-08-31T20:30:00Z,900
N20270831-S012,N20270831,2027-08-31T20:45:00Z,900
N20270831-S013,N20270831,2027-08-31T21:00:00Z,900
N20270831-S014,N20270831,2027-08-31T21:15:00Z,900
N20270831-S015,N20270831,2027-08-31T21:30:00Z,900
N20270831-S016,N20270831,2027-08-31T21:45:00Z,900
N20270831-S017,N20270831,2027-08-31T22:00:00Z,900
N20270831-S018,N20270831,2027-08-31T22:15:00Z,900
N20270831-S019,N20270831,2027-08-31T22:30:00Z,900
N20270831-S020,N20270831,2027-08-31T22:45:00Z,900
N20270831-S021,N20270831,2027-08-31T23:00:00Z,900
N20270831-S022,N20270831,2027-08-31T23:15:00Z,900
N20270831-S023,N20270831,2027-08-31T23:30:00Z,900
N20270831-S024,N20270831,2027-08-31T23:45:00Z,900
N20270831-S025,N20270831,2027-09-01T00:00:00Z,900
N20270831-S026,N20270831,2027-09-01T00:15:00Z,900
N20270831-S027,N20270831,2027-09-01T00:30:00Z,900
N20270831-S028,N20270831,2027-09-01T00:45:00Z,900
N20270831-S029,N20270831,2027-09-01T01:00:00Z,900
N20270831-S030,N20270831,2027-09-01T01:15:00Z,900
N20270831-S031,N20270831,2027-09-01T01:30:00Z,900
N20270831-S032,N20270831,2027-09-01T01:45:00Z,900
N20270831-S033,N20270831,2027-09-01T02:00:00Z,900
N20270831-S034,N20270831,2027-09-01T02:15:00Z,900
N20270831-S035,N20270831,2027-09-01T02:30:00Z,900
N20270831-S036,N20270831,2027-09-01T02:45:00Z,900
N20270831-S037,N20270831,2027-09-01T03:00:00Z,900
N20270831-S038,N20270831,2027-09-01T03:15:00Z,900
N20270901-S001,N20270901,2027-09-01T18:00:00Z,900
N20270901-S002,N20270901,2027-09-01T18:15:00Z,900
N20270901-S003,N20270901,2027-09-01T18:30:00Z,900
N20270901-S004,N20270901,2027-09-01T18:45:00Z,900
N20270901-S005,N20270901,2027-09-01T19:00:00Z,900
N20270901-S006,N20270901,2027-09-01T19:15:00Z,900
N20270901-S007,N20270901,2027-09-01T19:30:00Z,900
N20270901-S008,N20270901,2027-09-01T19:45:00Z,900
N20270901-S009,N20270901,2027-09-01T20:00:00Z,900
N20270901-S010,N20270901,2027-09-01T20:15:00Z,900
N20270901-S011,N20270901,2027-09-01T20:30:00Z,900
N20270901-S012,N20270901,2027-09-01T20:45:00Z,900
N20270901-S013,N20270901,2027-09-01T21:00:00Z,900
N20270901-S014,N20270901,2027-09-01T21:15:00Z,900
N20270901-S015,N20270901,2027-09-01T21:30:00Z,900
N20270901-S016,N20270901,2027-09-01T21:45:00Z,900
N20270901-S017,N20270901,2027-09-01T22:00:00Z,900
N20270901-S018,N20270901,2027-09-01T22:15:00Z,900
N20270901-S019,N20270901,2027-09-01T22:30:00Z,900
N20270901-S020,N20270901,2027-09-01T22:45:00Z,900
N20270901-S021,N20270901,2027-09-01T23:00:00Z,900
N20270901-S022,N20270901,2027-09-01T23:15:00Z,900
N20270901-S023,N20270901,2027-09-01T23:30:00Z,900
N20270901-S024,N20270901,2027-09-01T23:45:00Z,900
N20270901-S025,N20270901,2027-09-02T00:00:00Z,900
N20270901-S026,N20270901,2027-09-02T00:15:00Z,900
N20270901-S027,N20270901,2027-09-02T00:30:00Z,900
N20270901-S028,N20270901,2027-09-02T00:45:00Z,900
N20270901-S029,N20270901,2027-09-02T01:00:00Z,900
N20270901-S030,N20270901,2027-09-02T01:15:00Z,900
N20270901-S031,N20270901,2027-09-02T01:30:00Z,900
N20270901-S032,N20270901,2027-09-02T01:45:00Z,900
N20270901-S033,N20270901,2027-09-02T02:00:00Z,900
N20270901-S034,N20270901,2027-09-02T02:15:00Z,900
N20270901-S035,N20270901,2027-09-02T02:30:00Z,900
N20270901-S036,N20270901,2027-09-02T02:45:00Z,900
N20270901-S037,N20270901,2027-09-02T03:00:00Z,900
N20270901-S038,N20270901,2027-09-02T03:15:00Z,900
N20270902-S001,N20270902,2027-09-02T18:00:00Z,900
N20270902-S002,N20270902,2027-09-02T18:15:00Z,900
N20270902-S003,N20270902,2027-09-02T18:30:00Z,900
N20270902-S004,N20270902,2027-09-02T18:45:00Z,900
N20270902-S005,N20270902,2027-09-02T19:00:00Z,900
N20270902-S006,N20270902,2027-09-02T19:15:00Z,900
N20270902-S007,N20270902,2027-09-02T19:30:00Z,900
N20270902-S008,N20270902,2027-09-02T19:45:00Z,900
N20270902-S009,N20270902,2027-09-02T20:00:00Z,900
N20270902-S010,N20270902,2027-09-02T20:15:00Z,900
N20270902-S011,N20270902,2027-09-02T20:30:00Z,900
N20270902-S012,N20270902,2027-09-02T20:45:00Z,900
N20270902-S013,N20270902,2027-09-02T21:00:00Z,900
N20270902-S014,N20270902,2027-09-02T21:15:00Z,900
N20270902-S015,N20270902,2027-09-02T21:30:00Z,900
N20270902-S016,N20270902,2027-09-02T21:45:00Z,900
N20270902-S017,N20270902,2027-09-02T22:00:00Z,900
N20270902-S018,N20270902,2027-09-02T22:15:00Z,900
N20270902-S019,N20270902,2027-09-02T22:30:00Z,900
N20270902-S020,N20270902,2027-09-02T22:45:00Z,900
N20270902-S021,N20270902,2027-09-02T23:00:00Z,900
N20270902-S022,N20270902,2027-09-02T23:15:00Z,900
N20270902-S023,N20270902,2027-09-02T23:30:00Z,900
N20270902-S024,N20270902,2027-09-02T23:45:00Z,900
N20270902-S025,N20270902,2027-09-03T00:00:00Z,900
N20270902-S026,N20270902,2027-09-03T00:15:00Z,900
N20270902-S027,N20270902,2027-09-03T00:30:00Z,900
N20270902-S028,N20270902,2027-09-03T00:45:00Z,900
N20270902-S029,N20270902,2027-09-03T01:00:00Z,900
N20270902-S030,N20270902,2027-09-03T01:15:00Z,900
N20270902-S031,N20270902,2027-09-03T01:30:00Z,900
N20270902-S032,N20270902,2027-09-03T01:45:00Z,900
N20270902-S033,N20270902,2027-09-03T02:00:00Z,900
N20270902-S034,N20270902,2027-09-03T02:15:00Z,900
N20270902-S035,N20270902,2027-09-03T02:30:00Z,900
N20270902-S036,N20270902,2027-09-03T02:45:00Z,900
N20270902-S037,N20270902,2027-09-03T03:00:00Z,900
N20270902-S038,N20270902,2027-09-03T03:15:00Z,900
N20270903-S001,N20270903,2027-09-03T18:00:00Z,900
N20270903-S002,N20270903,2027-09-03T18:15:00Z,900
N20270903-S003,N20270903,2027-09-03T18:30:00Z,900
N20270903-S004,N20270903,2027-09-03T18:45:00Z,900
N20270903-S005,N20270903,2027-09-03T19:00:00Z,900
N20270903-S006,N20270903,2027-09-03T19:15:00Z,900
N20270903-S007,N20270903,2027-09-03T19:30:00Z,900
N20270903-S008,N20270903,2027-09-03T19:45:00Z,900
N20270903-S009,N20270903,2027-09-03T20:00:00Z,900
N20270903-S010,N20270903,2027-09-03T20:15:00Z,900
N20270903-S011,N20270903,2027-09-03T20:30:00Z,900
N20270903-S012,N20270903,2027-09-03T20:45:00Z,900
N20270903-S013,N20270903,2027-09-03T21:00:00Z,900
N20270903-S014,N20270903,2027-09-03T21:15:00Z,900
N20270903-S015,N20270903,2027-09-03T21:30:00Z,900
N20270903-S016,N20270903,2027-09-03T21:45:00Z,900
N20270903-S017,N20270903,2027-09-03T22:00:00Z,900
N20270903-S018,N20270903,2027-09-03T22:15:00Z,900
N20270903-S019,N20270903,2027-09-03T22:30:00Z,900
N20270903-S020,N20270903,2027-09-03T22:45:00Z,900
N20270903-S021,N20270903,2027-09-03T23:00:00Z,900
N20270903-S022,N20270903,2027-09-03T23:15:00Z,900
N20270903-S023,N20270903,2027-09-03T23:30:00Z,900
N20270903-S024,N20270903,2027-09-03T23:45:00Z,900
N20270903-S025,N20270903,2027-09-04T00:00:00Z,900
N20270903-S026,N20270903,2027-09-04T00:15:00Z,900
N20270903-S027,N20270903,2027-09-04T00:30:00Z,900
N20270903-S028,N20270903,2027-09-04T00:45:00Z,900
N20270903-S029,N20270903,2027-09-04T01:00:00Z,900
N20270903-S030,N20270903,2027-09-04T01:15:00Z,900
N20270903-S031,N20270903,2027-09-04T01:30:00Z,900
N20270903-S032,N20270903,2027-09-04T01:45:00Z,900
N20270903-S033,N20270903,2027-09-04T02:00:00Z,900
N20270903-S034,N20270903,2027-09-04T02:15:00Z,900
N20270903-S035,N20270903,2027-09-04T02:30:00Z,900
N20270903-S036,N20270903,2027-09-04T02:45:00Z,900
N20270903-S037,N20270903,2027-09-04T03:00:00Z,900
N20270903-S038,N20270903,2027-09-04T03:15:00Z,900
N20270904-S001,N20270904,2027-09-04T18:00:00Z,900
N20270904-S002,N20270904,2027-09-04T18:15:00Z,900
N20270904-S003,N20270904,2027-09-04T18:30:00Z,900
N20270904-S004,N20270904,2027-09-04T18:45:00Z,900
N20270904-S005,N20270904,2027-09-04T19:00:00Z,900
N20270904-S006,N20270904,2027-09-04T19:15:00Z,900
N20270904-S007,N20270904,2027-09-04T19:30:00Z,900
N20270904-S008,N20270904,2027-09-04T19:45:00Z,900
N20270904-S009,N20270904,2027-09-04T20:00:00Z,900
N20270904-S010,N20270904,2027-09-04T20:15:00Z,900
N20270904-S011,N20270904,2027-09-04T20:30:00Z,900
N20270904-S012,N20270904,2027-09-04T20:45:00Z,900
N20270904-S013,N20270904,2027-09-04T21:00:00Z,900
N20270904-S014,N20270904,2027-09-04T21:15:00Z,900
N20270904-S015,N20270904,2027-09-04T21:30:00Z,900
N20270904-S016,N20270904,2027-09-04T21:45:00Z,900
N20270904-S017,N20270904,2027-09-04T22:00:00Z,900
N20270904-S018,N20270904,2027-09-04T22:15:00Z,900
N20270904-S019,N20270904,2027-09-04T22:30:00Z,900
N20270904-S020,N20270904,2027-09-04T22:45:00Z,900
N20270904-S021,N20270904,2027-09-04T23:00:00Z,900
N20270904-S022,N20270904,2027-09-04T23:15:00Z,900
N20270904-S023,N20270904,2027-09-04T23:30:00Z,900
N20270904-S024,N20270904,2027-09-04T23:45:00Z,900
N20270904-S025,N20270904,2027-09-05T00:00:00Z,900
N20270904-S026,N20270904,2027-09-05T00:15:00Z,900
N20270904-S027,N20270904,2027-09-05T00:30:00Z,900
N20270904-S028,N20270904,2027-09-05T00:45:00Z,900
N20270904-S029,N20270904,2027-09-05T01:00:00Z,900
N20270904-S030,N20270904,2027-09-05T01:15:00Z,900
N20270904-S031,N20270904,2027-09-05T01:30:00Z,900
N20270904-S032,N20270904,2027-09-05T01:45:00Z,900
N20270904-S033,N20270904,2027-09-05T02:00:00Z,900
N20270904-S034,N20270904,2027-09-05T02:15:00Z,900
N20270904-S035,N20270904,2027-09-05T02:30:00Z,900
N20270904-S036,N20270904,2027-09-05T02:45:00Z,900
N20270904-S037,N20270904,2027-09-05T03:00:00Z,900
N20270904-S038,N20270904,2027-09-05T03:15:00Z,900
N20270905-S001,N20270905,2027-09-05T18:00:00Z,900
N20270905-S002,N20270905,2027-09-05T18:15:00Z,900
N20270905-S003,N20270905,2027-09-05T18:30:00Z,900
N20270905-S004,N20270905,2027-09-05T18:45:00Z,900
N20270905-S005,N20270905,2027-09-05T19:00:00Z,900
N20270905-S006,N20270905,2027-09-05T19:15:00Z,900
N20270905-S007,N20270905,2027-09-05T19:30:00Z,900
N20270905-S008,N20270905,2027-09-05T19:45:00Z,900
N20270905-S009,N20270905,2027-09-05T20:00:00Z,900
N20270905-S010,N20270905,2027-09-05T20:15:00Z,900
N20270905-S011,N20270905,2027-09-05T20:30:00Z,900
N20270905-S012,N20270905,2027-09-05T20:45:00Z,900
N20270905-S013,N20270905,2027-09-05T21:00:00Z,900
N20270905-S014,N20270905,2027-09-05T21:15:00Z,900
N20270905-S015,N20270905,2027-09-05T21:30:00Z,900
N20270905-S016,N20270905,2027-09-05T21:45:00Z,900
N20270905-S017,N20270905,2027-09-05T22:00:00Z,900
N20270905-S018,N20270905,2027-09-05T22:15:00Z,900
N20270905-S019,N20270905,2027-09-05T22:30:00Z,900
N20270905-S020,N20270905,2027-09-05T22:45:00Z,900
N20270905-S021,N20270905,2027-09-05T23:00:00Z,900
N20270905-S022,N20270905,2027-09-05T23:15:00Z,900
N20270905-S023,N20270905,2027-09-05T23:30:00Z,900
N20270905-S024,N20270905,2027-09-05T23:45:00Z,900
N20270905-S025,N20270905,2027-09-06T00:00:00Z,900
N20270905-S026,N20270905,2027-09-06T00:15:00Z,900
N20270905-S027,N20270905,2027-09-06T00:30:00Z,900
N20270905-S028,N20270905,2027-09-06T00:45:00Z,900
N20270905-S029,N20270905,2027-09-06T01:00:00Z,900
N20270905-S030,N20270905,2027-09-06T01:15:00Z,900
N20270905-S031,N20270905,2027-09-06T01:30:00Z,900
N20270905-S032,N20270905,2027-09-06T01:45:00Z,900
N20270905-S033,N20270905,2027-09-06T02:00:00Z,900
N20270905-S034,N20270905,2027-09-06T02:15:00Z,900
N20270905-S035,N20270905,2027-09-06T02:30:00Z,900
N20270905-S036,N20270905,2027-09-06T02:45:00Z,900
N20270905-S037,N20270905,2027-09-06T03:00:00Z,900
N20270905-S038,N20270905,2027-09-06T03:15:00Z,900
N20270906-S001,N20270906,2027-09-06T18:00:00Z,900
N20270906-S002,N20270906,2027-09-06T18:15:00Z,900
N20270906-S003,N20270906,2027-09-06T18:30:00Z,900
N20270906-S004,N20270906,2027-09-06T18:45:00Z,900
N20270906-S005,N20270906,2027-09-06T19:00:00Z,900
N20270906-S006,N20270906,2027-09-06T19:15:00Z,900
N20270906-S007,N20270906,2027-09-06T19:30:00Z,900
N20270906-S008,N20270906,2027-09-06T19:45:00Z,900
N20270906-S009,N20270906,2027-09-06T20:00:00Z,900
N20270906-S010,N20270906,2027-09-06T20:15:00Z,900
N20270906-S011,N20270906,2027-09-06T20:30:00Z,900
N20270906-S012,N20270906,2027-09-06T20:45:00Z,900
N20270906-S013,N20270906,2027-09-06T21:00:00Z,900
N20270906-S014,N20270906,2027-09-06T21:15:00Z,900
N20270906-S015,N20270906,2027-09-06T21:30:00Z,900
N20270906-S016,N20270906,2027-09-06T21:45:00Z,900
N20270906-S017,N20270906,2027-09-06T22:00:00Z,900
N20270906-S018,N20270906,2027-09-06T22:15:00Z,900
N20270906-S019,N20270906,2027-09-06T22:30:00Z,900
N20270906-S020,N20270906,2027-09-06T22:45:00Z,900
N20270906-S021,N20270906,2027-09-06T23:00:00Z,900
N20270906-S022,N20270906,2027-09-06T23:15:00Z,900
N20270906-S023,N20270906,2027-09-06T23:30:00Z,900
N20270906-S024,N20270906,2027-09-06T23:45:00Z,900
N20270906-S025,N20270906,2027-09-07T00:00:00Z,900
N20270906-S026,N20270906,2027-09-07T00:15:00Z,900
N20270906-S027,N20270906,2027-09-07T00:30:00Z,900
N20270906-S028,N20270906,2027-09-07T00:45:00Z,900
N20270906-S029,N20270906,2027-09-07T01:00:00Z,900
N20270906-S030,N20270906,2027-09-07T01:15:00Z,900
N20270906-S031,N20270906,2027-09-07T01:30:00Z,900
N20270906-S032,N20270906,2027-09-07T01:45:00Z,900
N20270906-S033,N20270906,2027-09-07T02:00:00Z,900
N20270906-S034,N20270906,2027-09-07T02:15:00Z,900
N20270906-S035,N20270906,2027-09-07T02:30:00Z,900
N20270906-S036,N20270906,2027-09-07T02:45:00Z,900
N20270906-S037,N20270906,2027-09-07T03:00:00Z,900
N20270906-S038,N20270906,2027-09-07T03:15:00Z,900
N20270907-S001,N20270907,2027-09-07T18:00:00Z,900
N20270907-S002,N20270907,2027-09-07T18:15:00Z,900
N20270907-S003,N20270907,2027-09-07T18:30:00Z,900
N20270907-S004,N20270907,2027-09-07T18:45:00Z,900
N20270907-S005,N20270907,2027-09-07T19:00:00Z,900
N20270907-S006,N20270907,2027-09-07T19:15:00Z,900
N20270907-S007,N20270907,2027-09-07T19:30:00Z,900
N20270907-S008,N20270907,2027-09-07T19:45:00Z,900
N20270907-S009,N20270907,2027-09-07T20:00:00Z,900
N20270907-S010,N20270907,2027-09-07T20:15:00Z,900
N20270907-S011,N20270907,2027-09-07T20:30:00Z,900
N20270907-S012,N20270907,2027-09-07T20:45:00Z,900
N20270907-S013,N20270907,2027-09-07T21:00:00Z,900
N20270907-S014,N20270907,2027-09-07T21:15:00Z,900
N20270907-S015,N20270907,2027-09-07T21:30:00Z,900
N20270907-S016,N20270907,2027-09-07T21:45:00Z,900
N20270907-S017,N20270907,2027-09-07T22:00:00Z,900
N20270907-S018,N20270907,2027-09-07T22:15:00Z,900
N20270907-S019,N20270907,2027-09-07T22:30:00Z,900
N20270907-S020,N20270907,2027-09-07T22:45:00Z,900
N20270907-S021,N20270907,2027-09-07T23:00:00Z,900
N20270907-S022,N20270907,2027-09-07T23:15:00Z,900
N20270907-S023,N20270907,2027-09-07T23:30:00Z,900
N20270907-S024,N20270907,2027-09-07T23:45:00Z,900
N20270907-S025,N20270907,2027-09-08T00:00:00Z,900
N20270907-S026,N20270907,2027-09-08T00:15:00Z,900
N20270907-S027,N20270907,2027-09-08T00:30:00Z,900
N20270907-S028,N20270907,2027-09-08T00:45:00Z,900
N20270907-S029,N20270907,2027-09-08T01:00:00Z,900
N20270907-S030,N20270907,2027-09-08T01:15:00Z,900
N20270907-S031,N20270907,2027-09-08T01:30:00Z,900
N20270907-S032,N20270907,2027-09-08T01:45:00Z,900
N20270907-S033,N20270907,2027-09-08T02:00:00Z,900
N20270907-S034,N20270907,2027-09-08T02:15:00Z,900
N20270907-S035,N20270907,2027-09-08T02:30:00Z,900
N20270907-S036,N20270907,2027-09-08T02:45:00Z,900
N20270907-S037,N20270907,2027-09-08T03:00:00Z,900
N20270907-S038,N20270907,2027-09-08T03:15:00Z,900
N20270908-S001,N20270908,2027-09-08T18:00:00Z,900
N20270908-S002,N20270908,2027-09-08T18:15:00Z,900
N20270908-S003,N20270908,2027-09-08T18:30:00Z,900
N20270908-S004,N20270908,2027-09-08T18:45:00Z,900
N20270908-S005,N20270908,2027-09-08T19:00:00Z,900
N20270908-S006,N20270908,2027-09-08T19:15:00Z,900
N20270908-S007,N20270908,2027-09-08T19:30:00Z,900
N20270908-S008,N20270908,2027-09-08T19:45:00Z,900
N20270908-S009,N20270908,2027-09-08T20:00:00Z,900
N20270908-S010,N20270908,2027-09-08T20:15:00Z,900
N20270908-S011,N20270908,2027-09-08T20:30:00Z,900
N20270908-S012,N20270908,2027-09-08T20:45:00Z,900
N20270908-S013,N20270908,2027-09-08T21:00:00Z,900
N20270908-S014,N20270908,2027-09-08T21:15:00Z,900
N20270908-S015,N20270908,2027-09-08T21:30:00Z,900
N20270908-S016,N20270908,2027-09-08T21:45:00Z,900
N20270908-S017,N20270908,2027-09-08T22:00:00Z,900
N20270908-S018,N20270908,2027-09-08T22:15:00Z,900
N20270908-S019,N20270908,2027-09-08T22:30:00Z,900
N20270908-S020,N20270908,2027-09-08T22:45:00Z,900
N20270908-S021,N20270908,2027-09-08T23:00:00Z,900
N20270908-S022,N20270908,2027-09-08T23:15:00Z,900
N20270908-S023,N20270908,2027-09-08T23:30:00Z,900
N20270908-S024,N20270908,2027-09-08T23:45:00Z,900
N20270908-S025,N20270908,2027-09-09T00:00:00Z,900
N20270908-S026,N20270908,2027-09-09T00:15:00Z,900
N20270908-S027,N20270908,2027-09-09T00:30:00Z,900
N20270908-S028,N20270908,2027-09-09T00:45:00Z,900
N20270908-S029,N20270908,2027-09-09T01:00:00Z,900
N20270908-S030,N20270908,2027-09-09T01:15:00Z,900
N20270908-S031,N20270908,2027-09-09T01:30:00Z,900
N20270908-S032,N20270908,2027-09-09T01:45:00Z,900
N20270908-S033,N20270908,2027-09-09T02:00:00Z,900
N20270908-S034,N20270908,2027-09-09T02:15:00Z,900
N20270908-S035,N20270908,2027-09-09T02:30:00Z,900
N20270908-S036,N20270908,2027-09-09T02:45:00Z,900
N20270908-S037,N20270908,2027-09-09T03:00:00Z,900
N20270908-S038,N20270908,2027-09-09T03:15:00Z,900
N20270909-S001,N20270909,2027-09-09T18:00:00Z,900
N20270909-S002,N20270909,2027-09-09T18:15:00Z,900
N20270909-S003,N20270909,2027-09-09T18:30:00Z,900
N20270909-S004,N20270909,2027-09-09T18:45:00Z,900
N20270909-S005,N20270909,2027-09-09T19:00:00Z,900
N20270909-S006,N20270909,2027-09-09T19:15:00Z,900
N20270909-S007,N20270909,2027-09-09T19:30:00Z,900
N20270909-S008,N20270909,2027-09-09T19:45:00Z,900
N20270909-S009,N20270909,2027-09-09T20:00:00Z,900
N20270909-S010,N20270909,2027-09-09T20:15:00Z,900
N20270909-S011,N20270909,2027-09-09T20:30:00Z,900
N20270909-S012,N20270909,2027-09-09T20:45:00Z,900
N20270909-S013,N20270909,2027-09-09T21:00:00Z,900
N20270909-S014,N20270909,2027-09-09T21:15:00Z,900
N20270909-S015,N20270909,2027-09-09T21:30:00Z,900
N20270909-S016,N20270909,2027-09-09T21:45:00Z,900
N20270909-S017,N20270909,2027-09-09T22:00:00Z,900
N20270909-S018,N20270909,2027-09-09T22:15:00Z,900
N20270909-S019,N20270909,2027-09-09T22:30:00Z,900
N20270909-S020,N20270909,2027-09-09T22:45:00Z,900
N20270909-S021,N20270909,2027-09-09T23:00:00Z,900
N20270909-S022,N20270909,2027-09-09T23:15:00Z,900
N20270909-S023,N20270909,2027-09-09T23:30:00Z,900
N20270909-S024,N20270909,2027-09-09T23:45:00Z,900
N20270909-S025,N20270909,2027-09-10T00:00:00Z,900
N20270909-S026,N20270909,2027-09-10T00:15:00Z,900
N20270909-S027,N20270909,2027-09-10T00:30:00Z,900
N20270909-S028,N20270909,2027-09-10T00:45:00Z,900
N20270909-S029,N20270909,2027-09-10T01:00:00Z,900
N20270909-S030,N20270909,2027-09-10T01:15:00Z,900
N20270909-S031,N20270909,2027-09-10T01:30:00Z,900
N20270909-S032,N20270909,2027-09-10T01:45:00Z,900
N20270909-S033,N20270909,2027-09-10T02:00:00Z,900
N20270909-S034,N20270909,2027-09-10T02:15:00Z,900
N20270909-S035,N20270909,2027-09-10T02:30:00Z,900
N20270909-S036,N20270909,2027-09-10T02:45:00Z,900
N20270909-S037,N20270909,2027-09-10T03:00:00Z,900
N20270909-S038,N20270909,2027-09-10T03:15:00Z,900
N20270910-S001,N20270910,2027-09-10T18:00:00Z,900
N20270910-S002,N20270910,2027-09-10T18:15:00Z,900
N20270910-S003,N20270910,2027-09-10T18:30:00Z,900
N20270910-S004,N20270910,2027-09-10T18:45:00Z,900
N20270910-S005,N20270910,2027-09-10T19:00:00Z,900
N20270910-S006,N20270910,2027-09-10T19:15:00Z,900
N20270910-S007,N20270910,2027-09-10T19:30:00Z,900
N20270910-S008,N20270910,2027-09-10T19:45:00Z,900
N20270910-S009,N20270910,2027-09-10T20:00:00Z,900
N20270910-S010,N20270910,2027-09-10T20:15:00Z,900
N20270910-S011,N20270910,2027-09-10T20:30:00Z,900
N20270910-S012,N20270910,2027-09-10T20:45:00Z,900
N20270910-S013,N20270910,2027-09-10T21:00:00Z,900
N20270910-S014,N20270910,2027-09-10T21:15:00Z,900
N20270910-S015,N20270910,2027-09-10T21:30:00Z,900
N20270910-S016,N20270910,2027-09-10T21:45:00Z,900
N20270910-S017,N20270910,2027-09-10T22:00:00Z,900
N20270910-S018,N20270910,2027-09-10T22:15:00Z,900
N20270910-S019,N20270910,2027-09-10T22:30:00Z,900
N20270910-S020,N20270910,2027-09-10T22:45:00Z,900
N20270910-S021,N20270910,2027-09-10T23:00:00Z,900
N20270910-S022,N20270910,2027-09-10T23:15:00Z,900
N20270910-S023,N20270910,2027-09-10T23:30:00Z,900
N20270910-S024,N20270910,2027-09-10T23:45:00Z,900
N20270910-S025,N20270910,2027-09-11T00:00:00Z,900
N20270910-S026,N20270910,2027-09-11T00:15:00Z,900
N20270910-S027,N20270910,2027-09-11T00:30:00Z,900
N20270910-S028,N20270910,2027-09-11T00:45:00Z,900
N20270910-S029,N20270910,2027-09-11T01:00:00Z,900
N20270910-S030,N20270910,2027-09-11T01:15:00Z,900
N20270910-S031,N20270910,2027-09-11T01:30:00Z,900
N20270910-S032,N20270910,2027-09-11T01:45:00Z,900
N20270910-S033,N20270910,2027-09-11T02:00:00Z,900
N20270910-S034,N20270910,2027-09-11T02:15:00Z,900
N20270910-S035,N20270910,2027-09-11T02:30:00Z,900
N20270910-S036,N20270910,2027-09-11T02:45:00Z,900
N20270910-S037,N20270910,2027-09-11T03:00:00Z,900
N20270911-S001,N20270911,2027-09-11T18:00:00Z,900
N20270911-S002,N20270911,2027-09-11T18:15:00Z,900
N20270911-S003,N20270911,2027-09-11T18:30:00Z,900
N20270911-S004,N20270911,2027-09-11T18:45:00Z,900
N20270911-S005,N20270911,2027-09-11T19:00:00Z,900
N20270911-S006,N20270911,2027-09-11T19:15:00Z,900
N20270911-S007,N20270911,2027-09-11T19:30:00Z,900
N20270911-S008,N20270911,2027-09-11T19:45:00Z,900
N20270911-S009,N20270911,2027-09-11T20:00:00Z,900
N20270911-S010,N20270911,2027-09-11T20:15:00Z,900
N20270911-S011,N20270911,2027-09-11T20:30:00Z,900
N20270911-S012,N20270911,2027-09-11T20:45:00Z,900
N20270911-S013,N20270911,2027-09-11T21:00:00Z,900
N20270911-S014,N20270911,2027-09-11T21:15:00Z,900
N20270911-S015,N20270911,2027-09-11T21:30:00Z,900
N20270911-S016,N20270911,2027-09-11T21:45:00Z,900
N20270911-S017,N20270911,2027-09-11T22:00:00Z,900
N20270911-S018,N20270911,2027-09-11T22:15:00Z,900
N20270911-S019,N20270911,2027-09-11T22:30:00Z,900
N20270911-S020,N20270911,2027-09-11T22:45:00Z,900
N20270911-S021,N20270911,2027-09-11T23:00:00Z,900
N20270911-S022,N20270911,2027-09-11T23:15:00Z,900
N20270911-S023,N20270911,2027-09-11T23:30:00Z,900
N20270911-S024,N20270911,2027-09-11T23:45:00Z,900
N20270911-S025,N20270911,2027-09-12T00:00:00Z,900
N20270911-S026,N20270911,2027-09-12T00:15:00Z,900
N20270911-S027,N20270911,2027-09-12T00:30:00Z,900
N20270911-S028,N20270911,2027-09-12T00:45:00Z,900
N20270911-S029,N20270911,2027-09-12T01:00:00Z,900
N20270911-S030,N20270911,2027-09-12T01:15:00Z,900
N20270911-S031,N20270911,2027-09-12T01:30:00Z,900
N20270911-S032,N20270911,2027-09-12T01:45:00Z,900
N20270911-S033,N20270911,2027-09-12T02:00:00Z,900
N20270911-S034,N20270911,2027-09-12T02:15:00Z,900
N20270911-S035,N20270911,2027-09-12T02:30:00Z,900
N20270911-S036,N20270911,2027-09-12T02:45:00Z,900
N20270911-S037,N20270911,2027-09-12T03:00:00Z,900
N20270912-S001,N20270912,2027-09-12T18:00:00Z,900
N20270912-S002,N20270912,2027-09-12T18:15:00Z,900
N20270912-S003,N20270912,2027-09-12T18:30:00Z,900
N20270912-S004,N20270912,2027-09-12T18:45:00Z,900
N20270912-S005,N20270912,2027-09-12T19:00:00Z,900
N20270912-S006,N20270912,2027-09-12T19:15:00Z,900
N20270912-S007,N20270912,2027-09-12T19:30:00Z,900
N20270912-S008,N20270912,2027-09-12T19:45:00Z,900
N20270912-S009,N20270912,2027-09-12T20:00:00Z,900
N20270912-S010,N20270912,2027-09-12T20:15:00Z,900
N20270912-S011,N20270912,2027-09-12T20:30:00Z,900
N20270912-S012,N20270912,2027-09-12T20:45:00Z,900
N20270912-S013,N20270912,2027-09-12T21:00:00Z,900
N20270912-S014,N20270912,2027-09-12T21:15:00Z,900
N20270912-S015,N20270912,2027-09-12T21:30:00Z,900
N20270912-S016,N20270912,2027-09-12T21:45:00Z,900
N20270912-S017,N20270912,2027-09-12T22:00:00Z,900
N20270912-S018,N20270912,2027-09-12T22:15:00Z,900
N20270912-S019,N20270912,2027-09-12T22:30:00Z,900
N20270912-S020,N20270912,2027-09-12T22:45:00Z,900
N20270912-S021,N20270912,2027-09-12T23:00:00Z,900
N20270912-S022,N20270912,2027-09-12T23:15:00Z,900
N20270912-S023,N20270912,2027-09-12T23:30:00Z,900
N20270912-S024,N20270912,2027-09-12T23:45:00Z,900
N20270912-S025,N20270912,2027-09-13T00:00:00Z,900
N20270912-S026,N20270912,2027-09-13T00:15:00Z,900
N20270912-S027,N20270912,2027-09-13T00:30:00Z,900
N20270912-S028,N20270912,2027-09-13T00:45:00Z,900
N20270912-S029,N20270912,2027-09-13T01:00:00Z,900
N20270912-S030,N20270912,2027-09-13T01:15:00Z,900
N20270912-S031,N20270912,2027-09-13T01:30:00Z,900
N20270912-S032,N20270912,2027-09-13T01:45:00Z,900
N20270912-S033,N20270912,2027-09-13T02:00:00Z,900
N20270912-S034,N20270912,2027-09-13T02:15:00Z,900
N20270912-S035,N20270912,2027-09-13T02:30:00Z,900
N20270912-S036,N20270912,2027-09-13T02:45:00Z,900
N20270912-S037,N20270912,2027-09-13T03:00:00Z,900
N20270913-S001,N20270913,2027-09-13T18:00:00Z,900
N20270913-S002,N20270913,2027-09-13T18:15:00Z,900
N20270913-S003,N20270913,2027-09-13T18:30:00Z,900
N20270913-S004,N20270913,2027-09-13T18:45:00Z,900
N20270913-S005,N20270913,2027-09-13T19:00:00Z,900
N20270913-S006,N20270913,2027-09-13T19:15:00Z,900
N20270913-S007,N20270913,2027-09-13T19:30:00Z,900
N20270913-S008,N20270913,2027-09-13T19:45:00Z,900
N20270913-S009,N20270913,2027-09-13T20:00:00Z,900
N20270913-S010,N20270913,2027-09-13T20:15:00Z,900
N20270913-S011,N20270913,2027-09-13T20:30:00Z,900
N20270913-S012,N20270913,2027-09-13T20:45:00Z,900
N20270913-S013,N20270913,2027-09-13T21:00:00Z,900
N20270913-S014,N20270913,2027-09-13T21:15:00Z,900
N20270913-S015,N20270913,2027-09-13T21:30:00Z,900
N20270913-S016,N20270913,2027-09-13T21:45:00Z,900
N20270913-S017,N20270913,2027-09-13T22:00:00Z,900
N20270913-S018,N20270913,2027-09-13T22:15:00Z,900
N20270913-S019,N20270913,2027-09-13T22:30:00Z,900
N20270913-S020,N20270913,2027-09-13T22:45:00Z,900
N20270913-S021,N20270913,2027-09-13T23:00:00Z,900
N20270913-S022,N20270913,2027-09-13T23:15:00Z,900
N20270913-S023,N20270913,2027-09-13T23:30:00Z,900
N20270913-S024,N20270913,2027-09-13T23:45:00Z,900
N20270913-S025,N20270913,2027-09-14T00:00:00Z,900
N20270913-S026,N20270913,2027-09-14T00:15:00Z,900
N20270913-S027,N20270913,2027-09-14T00:30:00Z,900
N20270913-S028,N20270913,2027-09-14T00:45:00Z,900
N20270913-S029,N20270913,2027-09-14T01:00:00Z,900
N20270913-S030,N20270913,2027-09-14T01:15:00Z,900
N20270913-S031,N20270913,2027-09-14T01:30:00Z,900
N20270913-S032,N20270913,2027-09-14T01:45:00Z,900
N20270913-S033,N20270913,2027-09-14T02:00:00Z,900
N20270913-S034,N20270913,2027-09-14T02:15:00Z,900
N20270913-S035,N20270913,2027-09-14T02:30:00Z,900
N20270913-S036,N20270913,2027-09-14T02:45:00Z,900
N20270913-S037,N20270913,2027-09-14T03:00:00Z,900
N20270914-S001,N20270914,2027-09-14T18:00:00Z,900
N20270914-S002,N20270914,2027-09-14T18:15:00Z,900
N20270914-S003,N20270914,2027-09-14T18:30:00Z,900
N20270914-S004,N20270914,2027-09-14T18:45:00Z,900
N20270914-S005,N20270914,2027-09-14T19:00:00Z,900
N20270914-S006,N20270914,2027-09-14T19:15:00Z,900
N20270914-S007,N20270914,2027-09-14T19:30:00Z,900
N20270914-S008,N20270914,2027-09-14T19:45:00Z,900
N20270914-S009,N20270914,2027-09-14T20:00:00Z,900
N20270914-S010,N20270914,2027-09-14T20:15:00Z,900
N20270914-S011,N20270914,2027-09-14T20:30:00Z,900
N20270914-S012,N20270914,2027-09-14T20:45:00Z,900
N20270914-S013,N20270914,2027-09-14T21:00:00Z,900
N20270914-S014,N20270914,2027-09-14T21:15:00Z,900
N20270914-S015,N20270914,2027-09-14T21:30:00Z,900
N20270914-S016,N20270914,2027-09-14T21:45:00Z,900
N20270914-S017,N20270914,2027-09-14T22:00:00Z,900
N20270914-S018,N20270914,2027-09-14T22:15:00Z,900
N20270914-S019,N20270914,2027-09-14T22:30:00Z,900
N20270914-S020,N20270914,2027-09-14T22:45:00Z,900
N20270914-S021,N20270914,2027-09-14T23:00:00Z,900
N20270914-S022,N20270914,2027-09-14T23:15:00Z,900
N20270914-S023,N20270914,2027-09-14T23:30:00Z,900
N20270914-S024,N20270914,2027-09-14T23:45:00Z,900
N20270914-S025,N20270914,2027-09-15T00:00:00Z,900
N20270914-S026,N20270914,2027-09-15T00:15:00Z,900
N20270914-S027,N20270914,2027-09-15T00:30:00Z,900
N20270914-S028,N20270914,2027-09-15T00:45:00Z,900
N20270914-S029,N20270914,2027-09-15T01:00:00Z,900
N20270914-S030,N20270914,2027-09-15T01:15:00Z,900
N20270914-S031,N20270914,2027-09-15T01:30:00Z,900
N20270914-S032,N20270914,2027-09-15T01:45:00Z,900
N20270914-S033,N20270914,2027-09-15T02:00:00Z,900
N20270914-S034,N20270914,2027-09-15T02:15:00Z,900
N20270914-S035,N20270914,2027-09-15T02:30:00Z,900
N20270914-S036,N20270914,2027-09-15T02:45:00Z,900
N20270914-S037,N20270914,2027-09-15T03:00:00Z,900
N20270915-S001,N20270915,2027-09-15T18:15:00Z,900
N20270915-S002,N20270915,2027-09-15T18:30:00Z,900
N20270915-S003,N20270915,2027-09-15T18:45:00Z,900
N20270915-S004,N20270915,2027-09-15T19:00:00Z,900
N20270915-S005,N20270915,2027-09-15T19:15:00Z,900
N20270915-S006,N20270915,2027-09-15T19:30:00Z,900
N20270915-S007,N20270915,2027-09-15T19:45:00Z,900
N20270915-S008,N20270915,2027-09-15T20:00:00Z,900
N20270915-S009,N20270915,2027-09-15T20:15:00Z,900
N20270915-S010,N20270915,2027-09-15T20:30:00Z,900
N20270915-S011,N20270915,2027-09-15T20:45:00Z,900
N20270915-S012,N20270915,2027-09-15T21:00:00Z,900
N20270915-S013,N20270915,2027-09-15T21:15:00Z,900
N20270915-S014,N20270915,2027-09-15T21:30:00Z,900
N20270915-S015,N20270915,2027-09-15T21:45:00Z,900
N20270915-S016,N20270915,2027-09-15T22:00:00Z,900
N20270915-S017,N20270915,2027-09-15T22:15:00Z,900
N20270915-S018,N20270915,2027-09-15T22:30:00Z,900
N20270915-S019,N20270915,2027-09-15T22:45:00Z,900
N20270915-S020,N20270915,2027-09-15T23:00:00Z,900
N20270915-S021,N20270915,2027-09-15T23:15:00Z,900
N20270915-S022,N20270915,2027-09-15T23:30:00Z,900
N20270915-S023,N20270915,2027-09-15T23:45:00Z,900
N20270915-S024,N20270915,2027-09-16T00:00:00Z,900
N20270915-S025,N20270915,2027-09-16T00:15:00Z,900
N20270915-S026,N20270915,2027-09-16T00:30:00Z,900
N20270915-S027,N20270915,2027-09-16T00:45:00Z,900
N20270915-S028,N20270915,2027-09-16T01:00:00Z,900
N20270915-S029,N20270915,2027-09-16T01:15:00Z,900
N20270915-S030,N20270915,2027-09-16T01:30:00Z,900
N20270915-S031,N20270915,2027-09-16T01:45:00Z,900
N20270915-S032,N20270915,2027-09-16T02:00:00Z,900
N20270915-S033,N20270915,2027-09-16T02:15:00Z,900
N20270915-S034,N20270915,2027-09-16T02:30:00Z,900
N20270915-S035,N20270915,2027-09-16T02:45:00Z,900
N20270915-S036,N20270915,2027-09-16T03:00:00Z,900
N20270916-S001,N20270916,2027-09-16T18:15:00Z,900
N20270916-S002,N20270916,2027-09-16T18:30:00Z,900
N20270916-S003,N20270916,2027-09-16T18:45:00Z,900
N20270916-S004,N20270916,2027-09-16T19:00:00Z,900
N20270916-S005,N20270916,2027-09-16T19:15:00Z,900
N20270916-S006,N20270916,2027-09-16T19:30:00Z,900
N20270916-S007,N20270916,2027-09-16T19:45:00Z,900
N20270916-S008,N20270916,2027-09-16T20:00:00Z,900
N20270916-S009,N20270916,2027-09-16T20:15:00Z,900
N20270916-S010,N20270916,2027-09-16T20:30:00Z,900
N20270916-S011,N20270916,2027-09-16T20:45:00Z,900
N20270916-S012,N20270916,2027-09-16T21:00:00Z,900
N20270916-S013,N20270916,2027-09-16T21:15:00Z,900
N20270916-S014,N20270916,2027-09-16T21:30:00Z,900
N20270916-S015,N20270916,2027-09-16T21:45:00Z,900
N20270916-S016,N20270916,2027-09-16T22:00:00Z,900
N20270916-S017,N20270916,2027-09-16T22:15:00Z,900
N20270916-S018,N20270916,2027-09-16T22:30:00Z,900
N20270916-S019,N20270916,2027-09-16T22:45:00Z,900
N20270916-S020,N20270916,2027-09-16T23:00:00Z,900
N20270916-S021,N20270916,2027-09-16T23:15:00Z,900
N20270916-S022,N20270916,2027-09-16T23:30:00Z,900
N20270916-S023,N20270916,2027-09-16T23:45:00Z,900
N20270916-S024,N20270916,2027-09-17T00:00:00Z,900
N20270916-S025,N20270916,2027-09-17T00:15:00Z,900
N20270916-S026,N20270916,2027-09-17T00:30:00Z,900
N20270916-S027,N20270916,2027-09-17T00:45:00Z,900
N20270916-S028,N20270916,2027-09-17T01:00:00Z,900
N20270916-S029,N20270916,2027-09-17T01:15:00Z,900
N20270916-S030,N20270916,2027-09-17T01:30:00Z,900
N20270916-S031,N20270916,2027-09-17T01:45:00Z,900
N20270916-S032,N20270916,2027-09-17T02:00:00Z,900
N20270916-S033,N20270916,2027-09-17T02:15:00Z,900
N20270916-S034,N20270916,2027-09-17T02:30:00Z,900
N20270916-S035,N20270916,2027-09-17T02:45:00Z,900
N20270916-S036,N20270916,2027-09-17T03:00:00Z,900
N20270917-S001,N20270917,2027-09-17T18:15:00Z,900
N20270917-S002,N20270917,2027-09-17T18:30:00Z,900
N20270917-S003,N20270917,2027-09-17T18:45:00Z,900
N20270917-S004,N20270917,2027-09-17T19:00:00Z,900
N20270917-S005,N20270917,2027-09-17T19:15:00Z,900
N20270917-S006,N20270917,2027-09-17T19:30:00Z,900
N20270917-S007,N20270917,2027-09-17T19:45:00Z,900
N20270917-S008,N20270917,2027-09-17T20:00:00Z,900
N20270917-S009,N20270917,2027-09-17T20:15:00Z,900
N20270917-S010,N20270917,2027-09-17T20:30:00Z,900
N20270917-S011,N20270917,2027-09-17T20:45:00Z,900
N20270917-S012,N20270917,2027-09-17T21:00:00Z,900
N20270917-S013,N20270917,2027-09-17T21:15:00Z,900
N20270917-S014,N20270917,2027-09-17T21:30:00Z,900
N20270917-S015,N20270917,2027-09-17T21:45:00Z,900
N20270917-S016,N20270917,2027-09-17T22:00:00Z,900
N20270917-S017,N20270917,2027-09-17T22:15:00Z,900
N20270917-S018,N20270917,2027-09-17T22:30:00Z,900
N20270917-S019,N20270917,2027-09-17T22:45:00Z,900
N20270917-S020,N20270917,2027-09-17T23:00:00Z,900
N20270917-S021,N20270917,2027-09-17T23:15:00Z,900
N20270917-S022,N20270917,2027-09-17T23:30:00Z,900
N20270917-S023,N20270917,2027-09-17T23:45:00Z,900
N20270917-S024,N20270917,2027-09-18T00:00:00Z,900
N20270917-S025,N20270917,2027-09-18T00:15:00Z,900
N20270917-S026,N20270917,2027-09-18T00:30:00Z,900
N20270917-S027,N20270917,2027-09-18T00:45:00Z,900
N20270917-S028,N20270917,2027-09-18T01:00:00Z,900
N20270917-S029,N20270917,2027-09-18T01:15:00Z,900
N20270917-S030,N20270917,2027-09-18T01:30:00Z,900
N20270917-S031,N20270917,2027-09-18T01:45:00Z,900
N20270917-S032,N20270917,2027-09-18T02:00:00Z,900
N20270917-S033,N20270917,2027-09-18T02:15:00Z,900
N20270917-S034,N20270917,2027-09-18T02:30:00Z,900
N20270917-S035,N20270917,2027-09-18T02:45:00Z,900
N20270917-S036,N20270917,2027-09-18T03:00:00Z,900
N20270918-S001,N20270918,2027-09-18T18:15:00Z,900
N20270918-S002,N20270918,2027-09-18T18:30:00Z,900
N20270918-S003,N20270918,2027-09-18T18:45:00Z,900
N20270918-S004,N20270918,2027-09-18T19:00:00Z,900
N20270918-S005,N20270918,2027-09-18T19:15:00Z,900
N20270918-S006,N20270918,2027-09-18T19:30:00Z,900
N20270918-S007,N20270918,2027-09-18T19:45:00Z,900
N20270918-S008,N20270918,2027-09-18T20:00:00Z,900
N20270918-S009,N20270918,2027-09-18T20:15:00Z,900
N20270918-S010,N20270918,2027-09-18T20:30:00Z,900
N20270918-S011,N20270918,2027-09-18T20:45:00Z,900
N20270918-S012,N20270918,2027-09-18T21:00:00Z,900
N20270918-S013,N20270918,2027-09-18T21:15:00Z,900
N20270918-S014,N20270918,2027-09-18T21:30:00Z,900
N20270918-S015,N20270918,2027-09-18T21:45:00Z,900
N20270918-S016,N20270918,2027-09-18T22:00:00Z,900
N20270918-S017,N20270918,2027-09-18T22:15:00Z,900
N20270918-S018,N20270918,2027-09-18T22:30:00Z,900
N20270918-S019,N20270918,2027-09-18T22:45:00Z,900
N20270918-S020,N20270918,2027-09-18T23:00:00Z,900
N20270918-S021,N20270918,2027-09-18T23:15:00Z,900
N20270918-S022,N20270918,2027-09-18T23:30:00Z,900
N20270918-S023,N20270918,2027-09-18T23:45:00Z,900
N20270918-S024,N20270918,2027-09-19T00:00:00Z,900
N20270918-S025,N20270918,2027-09-19T00:15:00Z,900
N20270918-S026,N20270918,2027-09-19T00:30:00Z,900
N20270918-S027,N20270918,2027-09-19T00:45:00Z,900
N20270918-S028,N20270918,2027-09-19T01:00:00Z,900
N20270918-S029,N20270918,2027-09-19T01:15:00Z,900
N20270918-S030,N20270918,2027-09-19T01:30:00Z,900
N20270918-S031,N20270918,2027-09-19T01:45:00Z,900
N20270918-S032,N20270918,2027-09-19T02:00:00Z,900
N20270918-S033,N20270918,2027-09-19T02:15:00Z,900
N20270918-S034,N20270918,2027-09-19T02:30:00Z,900
N20270918-S035,N20270918,2027-09-19T02:45:00Z,900
N20270918-S036,N20270918,2027-09-19T03:00:00Z,900
N20270919-S001,N20270919,2027-09-19T18:15:00Z,900
N20270919-S002,N20270919,2027-09-19T18:30:00Z,900
N20270919-S003,N20270919,2027-09-19T18:45:00Z,900
N20270919-S004,N20270919,2027-09-19T19:00:00Z,900
N20270919-S005,N20270919,2027-09-19T19:15:00Z,900
N20270919-S006,N20270919,2027-09-19T19:30:00Z,900
N20270919-S007,N20270919,2027-09-19T19:45:00Z,900
N20270919-S008,N20270919,2027-09-19T20:00:00Z,900
N20270919-S009,N20270919,2027-09-19T20:15:00Z,900
N20270919-S010,N20270919,2027-09-19T20:30:00Z,900
N20270919-S011,N20270919,2027-09-19T20:45:00Z,900
N20270919-S012,N20270919,2027-09-19T21:00:00Z,900
N20270919-S013,N20270919,2027-09-19T21:15:00Z,900
N20270919-S014,N20270919,2027-09-19T21:30:00Z,900
N20270919-S015,N20270919,2027-09-19T21:45:00Z,900
N20270919-S016,N20270919,2027-09-19T22:00:00Z,900
N20270919-S017,N20270919,2027-09-19T22:15:00Z,900
N20270919-S018,N20270919,2027-09-19T22:30:00Z,900
N20270919-S019,N20270919,2027-09-19T22:45:00Z,900
N20270919-S020,N20270919,2027-09-19T23:00:00Z,900
N20270919-S021,N20270919,2027-09-19T23:15:00Z,900
N20270919-S022,N20270919,2027-09-19T23:30:00Z,900
N20270919-S023,N20270919,2027-09-19T23:45:00Z,900
N20270919-S024,N20270919,2027-09-20T00:00:00Z,900
N20270919-S025,N20270919,2027-09-20T00:15:00Z,900
N20270919-S026,N20270919,2027-09-20T00:30:00Z,900
N20270919-S027,N20270919,2027-09-20T00:45:00Z,900
N20270919-S028,N20270919,2027-09-20T01:00:00Z,900
N20270919-S029,N20270919,2027-09-20T01:15:00Z,900
N20270919-S030,N20270919,2027-09-20T01:30:00Z,900
N20270919-S031,N20270919,2027-09-20T01:45:00Z,900
N20270919-S032,N20270919,2027-09-20T02:00:00Z,900
N20270919-S033,N20270919,2027-09-20T02:15:00Z,900
N20270919-S034,N20270919,2027-09-20T02:30:00Z,900
N20270919-S035,N20270919,2027-09-20T02:45:00Z,900
N20270919-S036,N20270919,2027-09-20T03:00:00Z,900
N20270920-S001,N20270920,2027-09-20T18:15:00Z,900
N20270920-S002,N20270920,2027-09-20T18:30:00Z,900
N20270920-S003,N20270920,2027-09-20T18:45:00Z,900
N20270920-S004,N20270920,2027-09-20T19:00:00Z,900
N20270920-S005,N20270920,2027-09-20T19:15:00Z,900
N20270920-S006,N20270920,2027-09-20T19:30:00Z,900
N20270920-S007,N20270920,2027-09-20T19:45:00Z,900
N20270920-S008,N20270920,2027-09-20T20:00:00Z,900
N20270920-S009,N20270920,2027-09-20T20:15:00Z,900
N20270920-S010,N20270920,2027-09-20T20:30:00Z,900
N20270920-S011,N20270920,2027-09-20T20:45:00Z,900
N20270920-S012,N20270920,2027-09-20T21:00:00Z,900
N20270920-S013,N20270920,2027-09-20T21:15:00Z,900
N20270920-S014,N20270920,2027-09-20T21:30:00Z,900
N20270920-S015,N20270920,2027-09-20T21:45:00Z,900
N20270920-S016,N20270920,2027-09-20T22:00:00Z,900
N20270920-S017,N20270920,2027-09-20T22:15:00Z,900
N20270920-S018,N20270920,2027-09-20T22:30:00Z,900
N20270920-S019,N20270920,2027-09-20T22:45:00Z,900
N20270920-S020,N20270920,2027-09-20T23:00:00Z,900
N20270920-S021,N20270920,2027-09-20T23:15:00Z,900
N20270920-S022,N20270920,2027-09-20T23:30:00Z,900
N20270920-S023,N20270920,2027-09-20T23:45:00Z,900
N20270920-S024,N20270920,2027-09-21T00:00:00Z,900
N20270920-S025,N20270920,2027-09-21T00:15:00Z,900
N20270920-S026,N20270920,2027-09-21T00:30:00Z,900
N20270920-S027,N20270920,2027-09-21T00:45:00Z,900
N20270920-S028,N20270920,2027-09-21T01:00:00Z,900
N20270920-S029,N20270920,2027-09-21T01:15:00Z,900
N20270920-S030,N20270920,2027-09-21T01:30:00Z,900
N20270920-S031,N20270920,2027-09-21T01:45:00Z,900
N20270920-S032,N20270920,2027-09-21T02:00:00Z,900
N20270920-S033,N20270920,2027-09-21T02:15:00Z,900
N20270920-S034,N20270920,2027-09-21T02:30:00Z,900
N20270920-S035,N20270920,2027-09-21T02:45:00Z,900
N20270921-S001,N20270921,2027-09-21T18:15:00Z,900
N20270921-S002,N20270921,2027-09-21T18:30:00Z,900
N20270921-S003,N20270921,2027-09-21T18:45:00Z,900
N20270921-S004,N20270921,2027-09-21T19:00:00Z,900
N20270921-S005,N20270921,2027-09-21T19:15:00Z,900
N20270921-S006,N20270921,2027-09-21T19:30:00Z,900
N20270921-S007,N20270921,2027-09-21T19:45:00Z,900
N20270921-S008,N20270921,2027-09-21T20:00:00Z,900
N20270921-S009,N20270921,2027-09-21T20:15:00Z,900
N20270921-S010,N20270921,2027-09-21T20:30:00Z,900
N20270921-S011,N20270921,2027-09-21T20:45:00Z,900
N20270921-S012,N20270921,2027-09-21T21:00:00Z,900
N20270921-S013,N20270921,2027-09-21T21:15:00Z,900
N20270921-S014,N20270921,2027-09-21T21:30:00Z,900
N20270921-S015,N20270921,2027-09-21T21:45:00Z,900
N20270921-S016,N20270921,2027-09-21T22:00:00Z,900
N20270921-S017,N20270921,2027-09-21T22:15:00Z,900
N20270921-S018,N20270921,2027-09-21T22:30:00Z,900
N20270921-S019,N20270921,2027-09-21T22:45:00Z,900
N20270921-S020,N20270921,2027-09-21T23:00:00Z,900
N20270921-S021,N20270921,2027-09-21T23:15:00Z,900
N20270921-S022,N20270921,2027-09-21T23:30:00Z,900
N20270921-S023,N20270921,2027-09-21T23:45:00Z,900
N20270921-S024,N20270921,2027-09-22T00:00:00Z,900
N20270921-S025,N20270921,2027-09-22T00:15:00Z,900
N20270921-S026,N20270921,2027-09-22T00:30:00Z,900
N20270921-S027,N20270921,2027-09-22T00:45:00Z,900
N20270921-S028,N20270921,2027-09-22T01:00:00Z,900
N20270921-S029,N20270921,2027-09-22T01:15:00Z,900
N20270921-S030,N20270921,2027-09-22T01:30:00Z,900
N20270921-S031,N20270921,2027-09-22T01:45:00Z,900
N20270921-S032,N20270921,2027-09-22T02:00:00Z,900
N20270921-S033,N20270921,2027-09-22T02:15:00Z,900
N20270921-S034,N20270921,2027-09-22T02:30:00Z,900
N20270921-S035,N20270921,2027-09-22T02:45:00Z,900
N20270922-S001,N20270922,2027-09-22T18:15:00Z,900
N20270922-S002,N20270922,2027-09-22T18:30:00Z,900
N20270922-S003,N20270922,2027-09-22T18:45:00Z,900
N20270922-S004,N20270922,2027-09-22T19:00:00Z,900
N20270922-S005,N20270922,2027-09-22T19:15:00Z,900
N20270922-S006,N20270922,2027-09-22T19:30:00Z,900
N20270922-S007,N20270922,2027-09-22T19:45:00Z,900
N20270922-S008,N20270922,2027-09-22T20:00:00Z,900
N20270922-S009,N20270922,2027-09-22T20:15:00Z,900
N20270922-S010,N20270922,2027-09-22T20:30:00Z,900
N20270922-S011,N20270922,2027-09-22T20:45:00Z,900
N20270922-S012,N20270922,2027-09-22T21:00:00Z,900
N20270922-S013,N20270922,2027-09-22T21:15:00Z,900
N20270922-S014,N20270922,2027-09-22T21:30:00Z,900
N20270922-S015,N20270922,2027-09-22T21:45:00Z,900
N20270922-S016,N20270922,2027-09-22T22:00:00Z,900
N20270922-S017,N20270922,2027-09-22T22:15:00Z,900
N20270922-S018,N20270922,2027-09-22T22:30:00Z,900
N20270922-S019,N20270922,2027-09-22T22:45:00Z,900
N20270922-S020,N20270922,2027-09-22T23:00:00Z,900
N20270922-S021,N20270922,2027-09-22T23:15:00Z,900
N20270922-S022,N20270922,2027-09-22T23:30:00Z,900
N20270922-S023,N20270922,2027-09-22T23:45:00Z,900
N20270922-S024,N20270922,2027-09-23T00:00:00Z,900
N20270922-S025,N20270922,2027-09-23T00:15:00Z,900
N20270922-S026,N20270922,2027-09-23T00:30:00Z,900
N20270922-S027,N20270922,2027-09-23T00:45:00Z,900
N20270922-S028,N20270922,2027-09-23T01:00:00Z,900
N20270922-S029,N20270922,2027-09-23T01:15:00Z,900
N20270922-S030,N20270922,2027-09-23T01:30:00Z,900
N20270922-S031,N20270922,2027-09-23T01:45:00Z,900
N20270922-S032,N20270922,2027-09-23T02:00:00Z,900
N20270922-S033,N20270922,2027-09-23T02:15:00Z,900
N20270922-S034,N20270922,2027-09-23T02:30:00Z,900
N20270922-S035,N20270922,2027-09-23T02:45:00Z,900
N20270923-S001,N20270923,2027-09-23T18:15:00Z,900
N20270923-S002,N20270923,2027-09-23T18:30:00Z,900
N20270923-S003,N20270923,2027-09-23T18:45:00Z,900
N20270923-S004,N20270923,2027-09-23T19:00:00Z,900
N20270923-S005,N20270923,2027-09-23T19:15:00Z,900
N20270923-S006,N20270923,2027-09-23T19:30:00Z,900
N20270923-S007,N20270923,2027-09-23T19:45:00Z,900
N20270923-S008,N20270923,2027-09-23T20:00:00Z,900
N20270923-S009,N20270923,2027-09-23T20:15:00Z,900
N20270923-S010,N20270923,2027-09-23T20:30:00Z,900
N20270923-S011,N20270923,2027-09-23T20:45:00Z,900
N20270923-S012,N20270923,2027-09-23T21:00:00Z,900
N20270923-S013,N20270923,2027-09-23T21:15:00Z,900
N20270923-S014,N20270923,2027-09-23T21:30:00Z,900
N20270923-S015,N20270923,2027-09-23T21:45:00Z,900
N20270923-S016,N20270923,2027-09-23T22:00:00Z,900
N20270923-S017,N20270923,2027-09-23T22:15:00Z,900
N20270923-S018,N20270923,2027-09-23T22:30:00Z,900
N20270923-S019,N20270923,2027-09-23T22:45:00Z,900
N20270923-S020,N20270923,2027-09-23T23:00:00Z,900
N20270923-S021,N20270923,2027-09-23T23:15:00Z,900
N20270923-S022,N20270923,2027-09-23T23:30:00Z,900
N20270923-S023,N20270923,2027-09-23T23:45:00Z,900
N20270923-S024,N20270923,2027-09-24T00:00:00Z,900
N20270923-S025,N20270923,2027-09-24T00:15:00Z,900
N20270923-S026,N20270923,2027-09-24T00:30:00Z,900
N20270923-S027,N20270923,2027-09-24T00:45:00Z,900
N20270923-S028,N20270923,2027-09-24T01:00:00Z,900
N20270923-S029,N20270923,2027-09-24T01:15:00Z,900
N20270923-S030,N20270923,2027-09-24T01:30:00Z,900
N20270923-S031,N20270923,2027-09-24T01:45:00Z,900
N20270923-S032,N20270923,2027-09-24T02:00:00Z,900
N20270923-S033,N20270923,2027-09-24T02:15:00Z,900
N20270923-S034,N20270923,2027-09-24T02:30:00Z,900
N20270923-S035,N20270923,2027-09-24T02:45:00Z,900
N20270924-S001,N20270924,2027-09-24T18:15:00Z,900
N20270924-S002,N20270924,2027-09-24T18:30:00Z,900
N20270924-S003,N20270924,2027-09-24T18:45:00Z,900
N20270924-S004,N20270924,2027-09-24T19:00:00Z,900
N20270924-S005,N20270924,2027-09-24T19:15:00Z,900
N20270924-S006,N20270924,2027-09-24T19:30:00Z,900
N20270924-S007,N20270924,2027-09-24T19:45:00Z,900
N20270924-S008,N20270924,2027-09-24T20:00:00Z,900
N20270924-S009,N20270924,2027-09-24T20:15:00Z,900
N20270924-S010,N20270924,2027-09-24T20:30:00Z,900
N20270924-S011,N20270924,2027-09-24T20:45:00Z,900
N20270924-S012,N20270924,2027-09-24T21:00:00Z,900
N20270924-S013,N20270924,2027-09-24T21:15:00Z,900
N20270924-S014,N20270924,2027-09-24T21:30:00Z,900
N20270924-S015,N20270924,2027-09-24T21:45:00Z,900
N20270924-S016,N20270924,2027-09-24T22:00:00Z,900
N20270924-S017,N20270924,2027-09-24T22:15:00Z,900
N20270924-S018,N20270924,2027-09-24T22:30:00Z,900
N20270924-S019,N20270924,2027-09-24T22:45:00Z,900
N20270924-S020,N20270924,2027-09-24T23:00:00Z,900
N20270924-S021,N20270924,2027-09-24T23:15:00Z,900
N20270924-S022,N20270924,2027-09-24T23:30:00Z,900
N20270924-S023,N20270924,2027-09-24T23:45:00Z,900
N20270924-S024,N20270924,2027-09-25T00:00:00Z,900
N20270924-S025,N20270924,2027-09-25T00:15:00Z,900
N20270924-S026,N20270924,2027-09-25T00:30:00Z,900
N20270924-S027,N20270924,2027-09-25T00:45:00Z,900
N20270924-S028,N20270924,2027-09-25T01:00:00Z,900
N20270924-S029,N20270924,2027-09-25T01:15:00Z,900
N20270924-S030,N20270924,2027-09-25T01:30:00Z,900
N20270924-S031,N20270924,2027-09-25T01:45:00Z,900
N20270924-S032,N20270924,2027-09-25T02:00:00Z,900
N20270924-S033,N20270924,2027-09-25T02:15:00Z,900
N20270924-S034,N20270924,2027-09-25T02:30:00Z,900
N20270924-S035,N20270924,2027-09-25T02:45:00Z,900
N20270925-S001,N20270925,2027-09-25T18:15:00Z,900
N20270925-S002,N20270925,2027-09-25T18:30:00Z,900
N20270925-S003,N20270925,2027-09-25T18:45:00Z,900
N20270925-S004,N20270925,2027-09-25T19:00:00Z,900
N20270925-S005,N20270925,2027-09-25T19:15:00Z,900
N20270925-S006,N20270925,2027-09-25T19:30:00Z,900
N20270925-S007,N20270925,2027-09-25T19:45:00Z,900
N20270925-S008,N20270925,2027-09-25T20:00:00Z,900
N20270925-S009,N20270925,2027-09-25T20:15:00Z,900
N20270925-S010,N20270925,2027-09-25T20:30:00Z,900
N20270925-S011,N20270925,2027-09-25T20:45:00Z,900
N20270925-S012,N20270925,2027-09-25T21:00:00Z,900
N20270925-S013,N20270925,2027-09-25T21:15:00Z,900
N20270925-S014,N20270925,2027-09-25T21:30:00Z,900
N20270925-S015,N20270925,2027-09-25T21:45:00Z,900
N20270925-S016,N20270925,2027-09-25T22:00:00Z,900
N20270925-S017,N20270925,2027-09-25T22:15:00Z,900
N20270925-S018,N20270925,2027-09-25T22:30:00Z,900
N20270925-S019,N20270925,2027-09-25T22:45:00Z,900
N20270925-S020,N20270925,2027-09-25T23:00:00Z,900
N20270925-S021,N20270925,2027-09-25T23:15:00Z,900
N20270925-S022,N20270925,2027-09-25T23:30:00Z,900
N20270925-S023,N20270925,2027-09-25T23:45:00Z,900
N20270925-S024,N20270925,2027-09-26T00:00:00Z,900
N20270925-S025,N20270925,2027-09-26T00:15:00Z,900
N20270925-S026,N20270925,2027-09-26T00:30:00Z,900
N20270925-S027,N20270925,2027-09-26T00:45:00Z,900
N20270925-S028,N20270925,2027-09-26T01:00:00Z,900
N20270925-S029,N20270925,2027-09-26T01:15:00Z,900
N20270925-S030,N20270925,2027-09-26T01:30:00Z,900
N20270925-S031,N20270925,2027-09-26T01:45:00Z,900
N20270925-S032,N20270925,2027-09-26T02:00:00Z,900
N20270925-S033,N20270925,2027-09-26T02:15:00Z,900
N20270925-S034,N20270925,2027-09-26T02:30:00Z,900
N20270925-S035,N20270925,2027-09-26T02:45:00Z,900
N20270926-S001,N20270926,2027-09-26T18:15:00Z,900
N20270926-S002,N20270926,2027-09-26T18:30:00Z,900
N20270926-S003,N20270926,2027-09-26T18:45:00Z,900
N20270926-S004,N20270926,2027-09-26T19:00:00Z,900
N20270926-S005,N20270926,2027-09-26T19:15:00Z,900
N20270926-S006,N20270926,2027-09-26T19:30:00Z,900
N20270926-S007,N20270926,2027-09-26T19:45:00Z,900
N20270926-S008,N20270926,2027-09-26T20:00:00Z,900
N20270926-S009,N20270926,2027-09-26T20:15:00Z,900
N20270926-S010,N20270926,2027-09-26T20:30:00Z,900
N20270926-S011,N20270926,2027-09-26T20:45:00Z,900
N20270926-S012,N20270926,2027-09-26T21:00:00Z,900
N20270926-S013,N20270926,2027-09-26T21:15:00Z,900
N20270926-S014,N20270926,2027-09-26T21:30:00Z,900
N20270926-S015,N20270926,2027-09-26T21:45:00Z,900
N20270926-S016,N20270926,2027-09-26T22:00:00Z,900
N20270926-S017,N20270926,2027-09-26T22:15:00Z,900
N20270926-S018,N20270926,2027-09-26T22:30:00Z,900
N20270926-S019,N20270926,2027-09-26T22:45:00Z,900
N20270926-S020,N20270926,2027-09-26T23:00:00Z,900
N20270926-S021,N20270926,2027-09-26T23:15:00Z,900
N20270926-S022,N20270926,2027-09-26T23:30:00Z,900
N20270926-S023,N20270926,2027-09-26T23:45:00Z,900
N20270926-S024,N20270926,2027-09-27T00:00:00Z,900
N20270926-S025,N20270926,2027-09-27T00:15:00Z,900
N20270926-S026,N20270926,2027-09-27T00:30:00Z,900
N20270926-S027,N20270926,2027-09-27T00:45:00Z,900
N20270926-S028,N20270926,2027-09-27T01:00:00Z,900
N20270926-S029,N20270926,2027-09-27T01:15:00Z,900
N20270926-S030,N20270926,2027-09-27T01:30:00Z,900
N20270926-S031,N20270926,2027-09-27T01:45:00Z,900
N20270926-S032,N20270926,2027-09-27T02:00:00Z,900
N20270926-S033,N20270926,2027-09-27T02:15:00Z,900
N20270926-S034,N20270926,2027-09-27T02:30:00Z,900
N20270926-S035,N20270926,2027-09-27T02:45:00Z,900
N20270927-S001,N20270927,2027-09-27T18:15:00Z,900
N20270927-S002,N20270927,2027-09-27T18:30:00Z,900
N20270927-S003,N20270927,2027-09-27T18:45:00Z,900
N20270927-S004,N20270927,2027-09-27T19:00:00Z,900
N20270927-S005,N20270927,2027-09-27T19:15:00Z,900
N20270927-S006,N20270927,2027-09-27T19:30:00Z,900
N20270927-S007,N20270927,2027-09-27T19:45:00Z,900
N20270927-S008,N20270927,2027-09-27T20:00:00Z,900
N20270927-S009,N20270927,2027-09-27T20:15:00Z,900
N20270927-S010,N20270927,2027-09-27T20:30:00Z,900
N20270927-S011,N20270927,2027-09-27T20:45:00Z,900
N20270927-S012,N20270927,2027-09-27T21:00:00Z,900
N20270927-S013,N20270927,2027-09-27T21:15:00Z,900
N20270927-S014,N20270927,2027-09-27T21:30:00Z,900
N20270927-S015,N20270927,2027-09-27T21:45:00Z,900
N20270927-S016,N20270927,2027-09-27T22:00:00Z,900
N20270927-S017,N20270927,2027-09-27T22:15:00Z,900
N20270927-S018,N20270927,2027-09-27T22:30:00Z,900
N20270927-S019,N20270927,2027-09-27T22:45:00Z,900
N20270927-S020,N20270927,2027-09-27T23:00:00Z,900
N20270927-S021,N20270927,2027-09-27T23:15:00Z,900
N20270927-S022,N20270927,2027-09-27T23:30:00Z,900
N20270927-S023,N20270927,2027-09-27T23:45:00Z,900
N20270927-S024,N20270927,2027-09-28T00:00:00Z,900
N20270927-S025,N20270927,2027-09-28T00:15:00Z,900
N20270927-S026,N20270927,2027-09-28T00:30:00Z,900
N20270927-S027,N20270927,2027-09-28T00:45:00Z,900
N20270927-S028,N20270927,2027-09-28T01:00:00Z,900
N20270927-S029,N20270927,2027-09-28T01:15:00Z,900
N20270927-S030,N20270927,2027-09-28T01:30:00Z,900
N20270927-S031,N20270927,2027-09-28T01:45:00Z,900
N20270927-S032,N20270927,2027-09-28T02:00:00Z,900
N20270927-S033,N20270927,2027-09-28T02:15:00Z,900
N20270927-S034,N20270927,2027-09-28T02:30:00Z,900
N20270927-S035,N20270927,2027-09-28T02:45:00Z,900
N20270928-S001,N20270928,2027-09-28T18:15:00Z,900
N20270928-S002,N20270928,2027-09-28T18:30:00Z,900
N20270928-S003,N20270928,2027-09-28T18:45:00Z,900
N20270928-S004,N20270928,2027-09-28T19:00:00Z,900
N20270928-S005,N20270928,2027-09-28T19:15:00Z,900
N20270928-S006,N20270928,2027-09-28T19:30:00Z,900
N20270928-S007,N20270928,2027-09-28T19:45:00Z,900
N20270928-S008,N20270928,2027-09-28T20:00:00Z,900
N20270928-S009,N20270928,2027-09-28T20:15:00Z,900
N20270928-S010,N20270928,2027-09-28T20:30:00Z,900
N20270928-S011,N20270928,2027-09-28T20:45:00Z,900
N20270928-S012,N20270928,2027-09-28T21:00:00Z,900
N20270928-S013,N20270928,2027-09-28T21:15:00Z,900
N20270928-S014,N20270928,2027-09-28T21:30:00Z,900
N20270928-S015,N20270928,2027-09-28T21:45:00Z,900
N20270928-S016,N20270928,2027-09-28T22:00:00Z,900
N20270928-S017,N20270928,2027-09-28T22:15:00Z,900
N20270928-S018,N20270928,2027-09-28T22:30:00Z,900
N20270928-S019,N20270928,2027-09-28T22:45:00Z,900
N20270928-S020,N20270928,2027-09-28T23:00:00Z,900
N20270928-S021,N20270928,2027-09-28T23:15:00Z,900
N20270928-S022,N20270928,2027-09-28T23:30:00Z,900
N20270928-S023,N20270928,2027-09-28T23:45:00Z,900
N20270928-S024,N20270928,2027-09-29T00:00:00Z,900
N20270928-S025,N20270928,2027-09-29T00:15:00Z,900
N20270928-S026,N20270928,2027-09-29T00:30:00Z,900
N20270928-S027,N20270928,2027-09-29T00:45:00Z,900
N20270928-S028,N20270928,2027-09-29T01:00:00Z,900
N20270928-S029,N20270928,2027-09-29T01:15:00Z,900
N20270928-S030,N20270928,2027-09-29T01:30:00Z,900
N20270928-S031,N20270928,2027-09-29T01:45:00Z,900
N20270928-S032,N20270928,2027-09-29T02:00:00Z,900
N20270928-S033,N20270928,2027-09-29T02:15:00Z,900
N20270928-S034,N20270928,2027-09-29T02:30:00Z,900
N20270928-S035,N20270928,2027-09-29T02:45:00Z,900
N20270929-S001,N20270929,2027-09-29T18:15:00Z,900
N20270929-S002,N20270929,2027-09-29T18:30:00Z,900
N20270929-S003,N20270929,2027-09-29T18:45:00Z,900
N20270929-S004,N20270929,2027-09-29T19:00:00Z,900
N20270929-S005,N20270929,2027-09-29T19:15:00Z,900
N20270929-S006,N20270929,2027-09-29T19:30:00Z,900
N20270929-S007,N20270929,2027-09-29T19:45:00Z,900
N20270929-S008,N20270929,2027-09-29T20:00:00Z,900
N20270929-S009,N20270929,2027-09-29T20:15:00Z,900
N20270929-S010,N20270929,2027-09-29T20:30:00Z,900
N20270929-S011,N20270929,2027-09-29T20:45:00Z,900
N20270929-S012,N20270929,2027-09-29T21:00:00Z,900
N20270929-S013,N20270929,2027-09-29T21:15:00Z,900
N20270929-S014,N20270929,2027-09-29T21:30:00Z,900
N20270929-S015,N20270929,2027-09-29T21:45:00Z,900
N20270929-S016,N20270929,2027-09-29T22:00:00Z,900
N20270929-S017,N20270929,2027-09-29T22:15:00Z,900
N20270929-S018,N20270929,2027-09-29T22:30:00Z,900
N20270929-S019,N20270929,2027-09-29T22:45:00Z,900
N20270929-S020,N20270929,2027-09-29T23:00:00Z,900
N20270929-S021,N20270929,2027-09-29T23:15:00Z,900
N20270929-S022,N20270929,2027-09-29T23:30:00Z,900
N20270929-S023,N20270929,2027-09-29T23:45:00Z,900
N20270929-S024,N20270929,2027-09-30T00:00:00Z,900
N20270929-S025,N20270929,2027-09-30T00:15:00Z,900
N20270929-S026,N20270929,2027-09-30T00:30:00Z,900
N20270929-S027,N20270929,2027-09-30T00:45:00Z,900
N20270929-S028,N20270929,2027-09-30T01:00:00Z,900
N20270929-S029,N20270929,2027-09-30T01:15:00Z,900
N20270929-S030,N20270929,2027-09-30T01:30:00Z,900
N20270929-S031,N20270929,2027-09-30T01:45:00Z,900
N20270929-S032,N20270929,2027-09-30T02:00:00Z,900
N20270929-S033,N20270929,2027-09-30T02:15:00Z,900
N20270929-S034,N20270929,2027-09-30T02:30:00Z,900
N20270929-S035,N20270929,2027-09-30T02:45:00Z,900
N20270930-S001,N20270930,2027-09-30T18:15:00Z,900
N20270930-S002,N20270930,2027-09-30T18:30:00Z,900
N20270930-S003,N20270930,2027-09-30T18:45:00Z,900
N20270930-S004,N20270930,2027-09-30T19:00:00Z,900
N20270930-S005,N20270930,2027-09-30T19:15:00Z,900
N20270930-S006,N20270930,2027-09-30T19:30:00Z,900
N20270930-S007,N20270930,2027-09-30T19:45:00Z,900
N20270930-S008,N20270930,2027-09-30T20:00:00Z,900
N20270930-S009,N20270930,2027-09-30T20:15:00Z,900
N20270930-S010,N20270930,2027-09-30T20:30:00Z,900
N20270930-S011,N20270930,2027-09-30T20:45:00Z,900
N20270930-S012,N20270930,2027-09-30T21:00:00Z,900
N20270930-S013,N20270930,2027-09-30T21:15:00Z,900
N20270930-S014,N20270930,2027-09-30T21:30:00Z,900
N20270930-S015,N20270930,2027-09-30T21:45:00Z,900
N20270930-S016,N20270930,2027-09-30T22:00:00Z,900
N20270930-S017,N20270930,2027-09-30T22:15:00Z,900
N20270930-S018,N20270930,2027-09-30T22:30:00Z,900
N20270930-S019,N20270930,2027-09-30T22:45:00Z,900
N20270930-S020,N20270930,2027-09-30T23:00:00Z,900
N20270930-S021,N20270930,2027-09-30T23:15:00Z,900
N20270930-S022,N20270930,2027-09-30T23:30:00Z,900
N20270930-S023,N20270930,2027-09-30T23:45:00Z,900
N20270930-S024,N20270930,2027-10-01T00:00:00Z,900
N20270930-S025,N20270930,2027-10-01T00:15:00Z,900
N20270930-S026,N20270930,2027-10-01T00:30:00Z,900
N20270930-S027,N20270930,2027-10-01T00:45:00Z,900
N20270930-S028,N20270930,2027-10-01T01:00:00Z,900
N20270930-S029,N20270930,2027-10-01T01:15:00Z,900
N20270930-S030,N20270930,2027-10-01T01:30:00Z,900
N20270930-S031,N20270930,2027-10-01T01:45:00Z,900
N20270930-S032,N20270930,2027-10-01T02:00:00Z,900
N20270930-S033,N20270930,2027-10-01T02:15:00Z,900
N20270930-S034,N20270930,2027-10-01T02:30:00Z,900
N20271001-S001,N20271001,2027-10-01T18:15:00Z,900
N20271001-S002,N20271001,2027-10-01T18:30:00Z,900
N20271001-S003,N20271001,2027-10-01T18:45:00Z,900
N20271001-S004,N20271001,2027-10-01T19:00:00Z,900
N20271001-S005,N20271001,2027-10-01T19:15:00Z,900
N20271001-S006,N20271001,2027-10-01T19:30:00Z,900
N20271001-S007,N20271001,2027-10-01T19:45:00Z,900
N20271001-S008,N20271001,2027-10-01T20:00:00Z,900
N20271001-S009,N20271001,2027-10-01T20:15:00Z,900
N20271001-S010,N20271001,2027-10-01T20:30:00Z,900
N20271001-S011,N20271001,2027-10-01T20:45:00Z,900
N20271001-S012,N20271001,2027-10-01T21:00:00Z,900
N20271001-S013,N20271001,2027-10-01T21:15:00Z,900
N20271001-S014,N20271001,2027-10-01T21:30:00Z,900
N20271001-S015,N20271001,2027-10-01T21:45:00Z,900
N20271001-S016,N20271001,2027-10-01T22:00:00Z,900
N20271001-S017,N20271001,2027-10-01T22:15:00Z,900
N20271001-S018,N20271001,2027-10-01T22:30:00Z,900
N20271001-S019,N20271001,2027-10-01T22:45:00Z,900
N20271001-S020,N20271001,2027-10-01T23:00:00Z,900
N20271001-S021,N20271001,2027-10-01T23:15:00Z,900
N20271001-S022,N20271001,2027-10-01T23:30:00Z,900
N20271001-S023,N20271001,2027-10-01T23:45:00Z,900
N20271001-S024,N20271001,2027-10-02T00:00:00Z,900
N20271001-S025,N20271001,2027-10-02T00:15:00Z,900
N20271001-S026,N20271001,2027-10-02T00:30:00Z,900
N20271001-S027,N20271001,2027-10-02T00:45:00Z,900
N20271001-S028,N20271001,2027-10-02T01:00:00Z,900
N20271001-S029,N20271001,2027-10-02T01:15:00Z,900
N20271001-S030,N20271001,2027-10-02T01:30:00Z,900
N20271001-S031,N20271001,2027-10-02T01:45:00Z,900
N20271001-S032,N20271001,2027-10-02T02:00:00Z,900
N20271001-S033,N20271001,2027-10-02T02:15:00Z,900
N20271001-S034,N20271001,2027-10-02T02:30:00Z,900
N20271002-S001,N20271002,2027-10-02T18:15:00Z,900
N20271002-S002,N20271002,2027-10-02T18:30:00Z,900
N20271002-S003,N20271002,2027-10-02T18:45:00Z,900
N20271002-S004,N20271002,2027-10-02T19:00:00Z,900
N20271002-S005,N20271002,2027-10-02T19:15:00Z,900
N20271002-S006,N20271002,2027-10-02T19:30:00Z,900
N20271002-S007,N20271002,2027-10-02T19:45:00Z,900
N20271002-S008,N20271002,2027-10-02T20:00:00Z,900
N20271002-S009,N20271002,2027-10-02T20:15:00Z,900
N20271002-S010,N20271002,2027-10-02T20:30:00Z,900
N20271002-S011,N20271002,2027-10-02T20:45:00Z,900
N20271002-S012,N20271002,2027-10-02T21:00:00Z,900
N20271002-S013,N20271002,2027-10-02T21:15:00Z,900
N20271002-S014,N20271002,2027-10-02T21:30:00Z,900
N20271002-S015,N20271002,2027-10-02T21:45:00Z,900
N20271002-S016,N20271002,2027-10-02T22:00:00Z,900
N20271002-S017,N20271002,2027-10-02T22:15:00Z,900
N20271002-S018,N20271002,2027-10-02T22:30:00Z,900
N20271002-S019,N20271002,2027-10-02T22:45:00Z,900
N20271002-S020,N20271002,2027-10-02T23:00:00Z,900
N20271002-S021,N20271002,2027-10-02T23:15:00Z,900
N20271002-S022,N20271002,2027-10-02T23:30:00Z,900
N20271002-S023,N20271002,2027-10-02T23:45:00Z,900
N20271002-S024,N20271002,2027-10-03T00:00:00Z,900
N20271002-S025,N20271002,2027-10-03T00:15:00Z,900
N20271002-S026,N20271002,2027-10-03T00:30:00Z,900
N20271002-S027,N20271002,2027-10-03T00:45:00Z,900
N20271002-S028,N20271002,2027-10-03T01:00:00Z,900
N20271002-S029,N20271002,2027-10-03T01:15:00Z,900
N20271002-S030,N20271002,2027-10-03T01:30:00Z,900
N20271002-S031,N20271002,2027-10-03T01:45:00Z,900
N20271002-S032,N20271002,2027-10-03T02:00:00Z,900
N20271002-S033,N20271002,2027-10-03T02:15:00Z,900
N20271002-S034,N20271002,2027-10-03T02:30:00Z,900
N20271003-S001,N20271003,2027-10-03T18:15:00Z,900
N20271003-S002,N20271003,2027-10-03T18:30:00Z,900
N20271003-S003,N20271003,2027-10-03T18:45:00Z,900
N20271003-S004,N20271003,2027-10-03T19:00:00Z,900
N20271003-S005,N20271003,2027-10-03T19:15:00Z,900
N20271003-S006,N20271003,2027-10-03T19:30:00Z,900
N20271003-S007,N20271003,2027-10-03T19:45:00Z,900
N20271003-S008,N20271003,2027-10-03T20:00:00Z,900
N20271003-S009,N20271003,2027-10-03T20:15:00Z,900
N20271003-S010,N20271003,2027-10-03T20:30:00Z,900
N20271003-S011,N20271003,2027-10-03T20:45:00Z,900
N20271003-S012,N20271003,2027-10-03T21:00:00Z,900
N20271003-S013,N20271003,2027-10-03T21:15:00Z,900
N20271003-S014,N20271003,2027-10-03T21:30:00Z,900
N20271003-S015,N20271003,2027-10-03T21:45:00Z,900
N20271003-S016,N20271003,2027-10-03T22:00:00Z,900
N20271003-S017,N20271003,2027-10-03T22:15:00Z,900
N20271003-S018,N20271003,2027-10-03T22:30:00Z,900
N20271003-S019,N20271003,2027-10-03T22:45:00Z,900
N20271003-S020,N20271003,2027-10-03T23:00:00Z,900
N20271003-S021,N20271003,2027-10-03T23:15:00Z,900
N20271003-S022,N20271003,2027-10-03T23:30:00Z,900
N20271003-S023,N20271003,2027-10-03T23:45:00Z,900
N20271003-S024,N20271003,2027-10-04T00:00:00Z,900
N20271003-S025,N20271003,2027-10-04T00:15:00Z,900
N20271003-S026,N20271003,2027-10-04T00:30:00Z,900
N20271003-S027,N20271003,2027-10-04T00:45:00Z,900
N20271003-S028,N20271003,2027-10-04T01:00:00Z,900
N20271003-S029,N20271003,2027-10-04T01:15:00Z,900
N20271003-S030,N20271003,2027-10-04T01:30:00Z,900
N20271003-S031,N20271003,2027-10-04T01:45:00Z,900
N20271003-S032,N20271003,2027-10-04T02:00:00Z,900
N20271003-S033,N20271003,2027-10-04T02:15:00Z,900
N20271003-S034,N20271003,2027-10-04T02:30:00Z,900
N20271004-S001,N20271004,2027-10-04T18:30:00Z,900
N20271004-S002,N20271004,2027-10-04T18:45:00Z,900
N20271004-S003,N20271004,2027-10-04T19:00:00Z,900
N20271004-S004,N20271004,2027-10-04T19:15:00Z,900
N20271004-S005,N20271004,2027-10-04T19:30:00Z,900
N20271004-S006,N20271004,2027-10-04T19:45:00Z,900
N20271004-S007,N20271004,2027-10-04T20:00:00Z,900
N20271004-S008,N20271004,2027-10-04T20:15:00Z,900
N20271004-S009,N20271004,2027-10-04T20:30:00Z,900
N20271004-S010,N20271004,2027-10-04T20:45:00Z,900
N20271004-S011,N20271004,2027-10-04T21:00:00Z,900
N20271004-S012,N20271004,2027-10-04T21:15:00Z,900
N20271004-S013,N20271004,2027-10-04T21:30:00Z,900
N20271004-S014,N20271004,2027-10-04T21:45:00Z,900
N20271004-S015,N20271004,2027-10-04T22:00:00Z,900
N20271004-S016,N20271004,2027-10-04T22:15:00Z,900
N20271004-S017,N20271004,2027-10-04T22:30:00Z,900
N20271004-S018,N20271004,2027-10-04T22:45:00Z,900
N20271004-S019,N20271004,2027-10-04T23:00:00Z,900
N20271004-S020,N20271004,2027-10-04T23:15:00Z,900
N20271004-S021,N20271004,2027-10-04T23:30:00Z,900
N20271004-S022,N20271004,2027-10-04T23:45:00Z,900
N20271004-S023,N20271004,2027-10-05T00:00:00Z,900
N20271004-S024,N20271004,2027-10-05T00:15:00Z,900
N20271004-S025,N20271004,2027-10-05T00:30:00Z,900
N20271004-S026,N20271004,2027-10-05T00:45:00Z,900
N20271004-S027,N20271004,2027-10-05T01:00:00Z,900
N20271004-S028,N20271004,2027-10-05T01:15:00Z,900
N20271004-S029,N20271004,2027-10-05T01:30:00Z,900
N20271004-S030,N20271004,2027-10-05T01:45:00Z,900
N20271004-S031,N20271004,2027-10-05T02:00:00Z,900
N20271004-S032,N20271004,2027-10-05T02:15:00Z,900
N20271004-S033,N20271004,2027-10-05T02:30:00Z,900
N20271005-S001,N20271005,2027-10-05T18:30:00Z,900
N20271005-S002,N20271005,2027-10-05T18:45:00Z,900
N20271005-S003,N20271005,2027-10-05T19:00:00Z,900
N20271005-S004,N20271005,2027-10-05T19:15:00Z,900
N20271005-S005,N20271005,2027-10-05T19:30:00Z,900
N20271005-S006,N20271005,2027-10-05T19:45:00Z,900
N20271005-S007,N20271005,2027-10-05T20:00:00Z,900
N20271005-S008,N20271005,2027-10-05T20:15:00Z,900
N20271005-S009,N20271005,2027-10-05T20:30:00Z,900
N20271005-S010,N20271005,2027-10-05T20:45:00Z,900
N20271005-S011,N20271005,2027-10-05T21:00:00Z,900
N20271005-S012,N20271005,2027-10-05T21:15:00Z,900
N20271005-S013,N20271005,2027-10-05T21:30:00Z,900
N20271005-S014,N20271005,2027-10-05T21:45:00Z,900
N20271005-S015,N20271005,2027-10-05T22:00:00Z,900
N20271005-S016,N20271005,2027-10-05T22:15:00Z,900
N20271005-S017,N20271005,2027-10-05T22:30:00Z,900
N20271005-S018,N20271005,2027-10-05T22:45:00Z,900
N20271005-S019,N20271005,2027-10-05T23:00:00Z,900
N20271005-S020,N20271005,2027-10-05T23:15:00Z,900
N20271005-S021,N20271005,2027-10-05T23:30:00Z,900
N20271005-S022,N20271005,2027-10-05T23:45:00Z,900
N20271005-S023,N20271005,2027-10-06T00:00:00Z,900
N20271005-S024,N20271005,2027-10-06T00:15:00Z,900
N20271005-S025,N20271005,2027-10-06T00:30:00Z,900
N20271005-S026,N20271005,2027-10-06T00:45:00Z,900
N20271005-S027,N20271005,2027-10-06T01:00:00Z,900
N20271005-S028,N20271005,2027-10-06T01:15:00Z,900
N20271005-S029,N20271005,2027-10-06T01:30:00Z,900
N20271005-S030,N20271005,2027-10-06T01:45:00Z,900
N20271005-S031,N20271005,2027-10-06T02:00:00Z,900
N20271005-S032,N20271005,2027-10-06T02:15:00Z,900
N20271005-S033,N20271005,2027-10-06T02:30:00Z,900
N20271006-S001,N20271006,2027-10-06T18:30:00Z,900
N20271006-S002,N20271006,2027-10-06T18:45:00Z,900
N20271006-S003,N20271006,2027-10-06T19:00:00Z,900
N20271006-S004,N20271006,2027-10-06T19:15:00Z,900
N20271006-S005,N20271006,2027-10-06T19:30:00Z,900
N20271006-S006,N20271006,2027-10-06T19:45:00Z,900
N20271006-S007,N20271006,2027-10-06T20:00:00Z,900
N20271006-S008,N20271006,2027-10-06T20:15:00Z,900
N20271006-S009,N20271006,2027-10-06T20:30:00Z,900
N20271006-S010,N20271006,2027-10-06T20:45:00Z,900
N20271006-S011,N20271006,2027-10-06T21:00:00Z,900
N20271006-S012,N20271006,2027-10-06T21:15:00Z,900
N20271006-S013,N20271006,2027-10-06T21:30:00Z,900
N20271006-S014,N20271006,2027-10-06T21:45:00Z,900
N20271006-S015,N20271006,2027-10-06T22:00:00Z,900
N20271006-S016,N20271006,2027-10-06T22:15:00Z,900
N20271006-S017,N20271006,2027-10-06T22:30:00Z,900
N20271006-S018,N20271006,2027-10-06T22:45:00Z,900
N20271006-S019,N20271006,2027-10-06T23:00:00Z,900
N20271006-S020,N20271006,2027-10-06T23:15:00Z,900
N20271006-S021,N20271006,2027-10-06T23:30:00Z,900
N20271006-S022,N20271006,2027-10-06T23:45:00Z,900
N20271006-S023,N20271006,2027-10-07T00:00:00Z,900
N20271006-S024,N20271006,2027-10-07T00:15:00Z,900
N20271006-S025,N20271006,2027-10-07T00:30:00Z,900
N20271006-S026,N20271006,2027-10-07T00:45:00Z,900
N20271006-S027,N20271006,2027-10-07T01:00:00Z,900
N20271006-S028,N20271006,2027-10-07T01:15:00Z,900
N20271006-S029,N20271006,2027-10-07T01:30:00Z,900
N20271006-S030,N20271006,2027-10-07T01:45:00Z,900
N20271006-S031,N20271006,2027-10-07T02:00:00Z,900
N20271006-S032,N20271006,2027-10-07T02:15:00Z,900
N20271006-S033,N20271006,2027-10-07T02:30:00Z,900
N20271007-S001,N20271007,2027-10-07T18:30:00Z,900
N20271007-S002,N20271007,2027-10-07T18:45:00Z,900
N20271007-S003,N20271007,2027-10-07T19:00:00Z,900
N20271007-S004,N20271007,2027-10-07T19:15:00Z,900
N20271007-S005,N20271007,2027-10-07T19:30:00Z,900
N20271007-S006,N20271007,2027-10-07T19:45:00Z,900
N20271007-S007,N20271007,2027-10-07T20:00:00Z,900
N20271007-S008,N20271007,2027-10-07T20:15:00Z,900
N20271007-S009,N20271007,2027-10-07T20:30:00Z,900
N20271007-S010,N20271007,2027-10-07T20:45:00Z,900
N20271007-S011,N20271007,2027-10-07T21:00:00Z,900
N20271007-S012,N20271007,2027-10-07T21:15:00Z,900
N20271007-S013,N20271007,2027-10-07T21:30:00Z,900
N20271007-S014,N20271007,2027-10-07T21:45:00Z,900
N20271007-S015,N20271007,2027-10-07T22:00:00Z,900
N20271007-S016,N20271007,2027-10-07T22:15:00Z,900
N20271007-S017,N20271007,2027-10-07T22:30:00Z,900
N20271007-S018,N20271007,2027-10-07T22:45:00Z,900
N20271007-S019,N20271007,2027-10-07T23:00:00Z,900
N20271007-S020,N20271007,2027-10-07T23:15:00Z,900
N20271007-S021,N20271007,2027-10-07T23:30:00Z,900
N20271007-S022,N20271007,2027-10-07T23:45:00Z,900
N20271007-S023,N20271007,2027-10-08T00:00:00Z,900
N20271007-S024,N20271007,2027-10-08T00:15:00Z,900
N20271007-S025,N20271007,2027-10-08T00:30:00Z,900
N20271007-S026,N20271007,2027-10-08T00:45:00Z,900
N20271007-S027,N20271007,2027-10-08T01:00:00Z,900
N20271007-S028,N20271007,2027-10-08T01:15:00Z,900
N20271007-S029,N20271007,2027-10-08T01:30:00Z,900
N20271007-S030,N20271007,2027-10-08T01:45:00Z,900
N20271007-S031,N20271007,2027-10-08T02:00:00Z,900
N20271007-S032,N20271007,2027-10-08T02:15:00Z,900
N20271007-S033,N20271007,2027-10-08T02:30:00Z,900
N20271008-S001,N20271008,2027-10-08T18:30:00Z,900
N20271008-S002,N20271008,2027-10-08T18:45:00Z,900
N20271008-S003,N20271008,2027-10-08T19:00:00Z,900
N20271008-S004,N20271008,2027-10-08T19:15:00Z,900
N20271008-S005,N20271008,2027-10-08T19:30:00Z,900
N20271008-S006,N20271008,2027-10-08T19:45:00Z,900
N20271008-S007,N20271008,2027-10-08T20:00:00Z,900
N20271008-S008,N20271008,2027-10-08T20:15:00Z,900
N20271008-S009,N20271008,2027-10-08T20:30:00Z,900
N20271008-S010,N20271008,2027-10-08T20:45:00Z,900
N20271008-S011,N20271008,2027-10-08T21:00:00Z,900
N20271008-S012,N20271008,2027-10-08T21:15:00Z,900
N20271008-S013,N20271008,2027-10-08T21:30:00Z,900
N20271008-S014,N20271008,2027-10-08T21:45:00Z,900
N20271008-S015,N20271008,2027-10-08T22:00:00Z,900
N20271008-S016,N20271008,2027-10-08T22:15:00Z,900
N20271008-S017,N20271008,2027-10-08T22:30:00Z,900
N20271008-S018,N20271008,2027-10-08T22:45:00Z,900
N20271008-S019,N20271008,2027-10-08T23:00:00Z,900
N20271008-S020,N20271008,2027-10-08T23:15:00Z,900
N20271008-S021,N20271008,2027-10-08T23:30:00Z,900
N20271008-S022,N20271008,2027-10-08T23:45:00Z,900
N20271008-S023,N20271008,2027-10-09T00:00:00Z,900
N20271008-S024,N20271008,2027-10-09T00:15:00Z,900
N20271008-S025,N20271008,2027-10-09T00:30:00Z,900
N20271008-S026,N20271008,2027-10-09T00:45:00Z,900
N20271008-S027,N20271008,2027-10-09T01:00:00Z,900
N20271008-S028,N20271008,2027-10-09T01:15:00Z,900
N20271008-S029,N20271008,2027-10-09T01:30:00Z,900
N20271008-S030,N20271008,2027-10-09T01:45:00Z,900
N20271008-S031,N20271008,2027-10-09T02:00:00Z,900
N20271008-S032,N20271008,2027-10-09T02:15:00Z,900
N20271008-S033,N20271008,2027-10-09T02:30:00Z,900
N20271009-S001,N20271009,2027-10-09T18:30:00Z,900
N20271009-S002,N20271009,2027-10-09T18:45:00Z,900
N20271009-S003,N20271009,2027-10-09T19:00:00Z,900
N20271009-S004,N20271009,2027-10-09T19:15:00Z,900
N20271009-S005,N20271009,2027-10-09T19:30:00Z,900
N20271009-S006,N20271009,2027-10-09T19:45:00Z,900
N20271009-S007,N20271009,2027-10-09T20:00:00Z,900
N20271009-S008,N20271009,2027-10-09T20:15:00Z,900
N20271009-S009,N20271009,2027-10-09T20:30:00Z,900
N20271009-S010,N20271009,2027-10-09T20:45:00Z,900
N20271009-S011,N20271009,2027-10-09T21:00:00Z,900
N20271009-S012,N20271009,2027-10-09T21:15:00Z,900
N20271009-S013,N20271009,2027-10-09T21:30:00Z,900
N20271009-S014,N20271009,2027-10-09T21:45:00Z,900
N20271009-S015,N20271009,2027-10-09T22:00:00Z,900
N20271009-S016,N20271009,2027-10-09T22:15:00Z,900
N20271009-S017,N20271009,2027-10-09T22:30:00Z,900
N20271009-S018,N20271009,2027-10-09T22:45:00Z,900
N20271009-S019,N20271009,2027-10-09T23:00:00Z,900
N20271009-S020,N20271009,2027-10-09T23:15:00Z,900
N20271009-S021,N20271009,2027-10-09T23:30:00Z,900
N20271009-S022,N20271009,2027-10-09T23:45:00Z,900
N20271009-S023,N20271009,2027-10-10T00:00:00Z,900
N20271009-S024,N20271009,2027-10-10T00:15:00Z,900
N20271009-S025,N20271009,2027-10-10T00:30:00Z,900
N20271009-S026,N20271009,2027-10-10T00:45:00Z,900
N20271009-S027,N20271009,2027-10-10T01:00:00Z,900
N20271009-S028,N20271009,2027-10-10T01:15:00Z,900
N20271009-S029,N20271009,2027-10-10T01:30:00Z,900
N20271009-S030,N20271009,2027-10-10T01:45:00Z,900
N20271009-S031,N20271009,2027-10-10T02:00:00Z,900
N20271009-S032,N20271009,2027-10-10T02:15:00Z,900
N20271009-S033,N20271009,2027-10-10T02:30:00Z,900
N20271010-S001,N20271010,2027-10-10T18:30:00Z,900
N20271010-S002,N20271010,2027-10-10T18:45:00Z,900
N20271010-S003,N20271010,2027-10-10T19:00:00Z,900
N20271010-S004,N20271010,2027-10-10T19:15:00Z,900
N20271010-S005,N20271010,2027-10-10T19:30:00Z,900
N20271010-S006,N20271010,2027-10-10T19:45:00Z,900
N20271010-S007,N20271010,2027-10-10T20:00:00Z,900
N20271010-S008,N20271010,2027-10-10T20:15:00Z,900
N20271010-S009,N20271010,2027-10-10T20:30:00Z,900
N20271010-S010,N20271010,2027-10-10T20:45:00Z,900
N20271010-S011,N20271010,2027-10-10T21:00:00Z,900
N20271010-S012,N20271010,2027-10-10T21:15:00Z,900
N20271010-S013,N20271010,2027-10-10T21:30:00Z,900
N20271010-S014,N20271010,2027-10-10T21:45:00Z,900
N20271010-S015,N20271010,2027-10-10T22:00:00Z,900
N20271010-S016,N20271010,2027-10-10T22:15:00Z,900
N20271010-S017,N20271010,2027-10-10T22:30:00Z,900
N20271010-S018,N20271010,2027-10-10T22:45:00Z,900
N20271010-S019,N20271010,2027-10-10T23:00:00Z,900
N20271010-S020,N20271010,2027-10-10T23:15:00Z,900
N20271010-S021,N20271010,2027-10-10T23:30:00Z,900
N20271010-S022,N20271010,2027-10-10T23:45:00Z,900
N20271010-S023,N20271010,2027-10-11T00:00:00Z,900
N20271010-S024,N20271010,2027-10-11T00:15:00Z,900
N20271010-S025,N20271010,2027-10-11T00:30:00Z,900
N20271010-S026,N20271010,2027-10-11T00:45:00Z,900
N20271010-S027,N20271010,2027-10-11T01:00:00Z,900
N20271010-S028,N20271010,2027-10-11T01:15:00Z,900
N20271010-S029,N20271010,2027-10-11T01:30:00Z,900
N20271010-S030,N20271010,2027-10-11T01:45:00Z,900
N20271010-S031,N20271010,2027-10-11T02:00:00Z,900
N20271010-S032,N20271010,2027-10-11T02:15:00Z,900
N20271011-S001,N20271011,2027-10-11T18:30:00Z,900
N20271011-S002,N20271011,2027-10-11T18:45:00Z,900
N20271011-S003,N20271011,2027-10-11T19:00:00Z,900
N20271011-S004,N20271011,2027-10-11T19:15:00Z,900
N20271011-S005,N20271011,2027-10-11T19:30:00Z,900
N20271011-S006,N20271011,2027-10-11T19:45:00Z,900
N20271011-S007,N20271011,2027-10-11T20:00:00Z,900
N20271011-S008,N20271011,2027-10-11T20:15:00Z,900
N20271011-S009,N20271011,2027-10-11T20:30:00Z,900
N20271011-S010,N20271011,2027-10-11T20:45:00Z,900
N20271011-S011,N20271011,2027-10-11T21:00:00Z,900
N20271011-S012,N20271011,2027-10-11T21:15:00Z,900
N20271011-S013,N20271011,2027-10-11T21:30:00Z,900
N20271011-S014,N20271011,2027-10-11T21:45:00Z,900
N20271011-S015,N20271011,2027-10-11T22:00:00Z,900
N20271011-S016,N20271011,2027-10-11T22:15:00Z,900
N20271011-S017,N20271011,2027-10-11T22:30:00Z,900
N20271011-S018,N20271011,2027-10-11T22:45:00Z,900
N20271011-S019,N20271011,2027-10-11T23:00:00Z,900
N20271011-S020,N20271011,2027-10-11T23:15:00Z,900
N20271011-S021,N20271011,2027-10-11T23:30:00Z,900
N20271011-S022,N20271011,2027-10-11T23:45:00Z,900
N20271011-S023,N20271011,2027-10-12T00:00:00Z,900
N20271011-S024,N20271011,2027-10-12T00:15:00Z,900
N20271011-S025,N20271011,2027-10-12T00:30:00Z,900
N20271011-S026,N20271011,2027-10-12T00:45:00Z,900
N20271011-S027,N20271011,2027-10-12T01:00:00Z,900
N20271011-S028,N20271011,2027-10-12T01:15:00Z,900
N20271011-S029,N20271011,2027-10-12T01:30:00Z,900
N20271011-S030,N20271011,2027-10-12T01:45:00Z,900
N20271011-S031,N20271011,2027-10-12T02:00:00Z,900
N20271011-S032,N20271011,2027-10-12T02:15:00Z,900
N20271012-S001,N20271012,2027-10-12T18:30:00Z,900
N20271012-S002,N20271012,2027-10-12T18:45:00Z,900
N20271012-S003,N20271012,2027-10-12T19:00:00Z,900
N20271012-S004,N20271012,2027-10-12T19:15:00Z,900
N20271012-S005,N20271012,2027-10-12T19:30:00Z,900
N20271012-S006,N20271012,2027-10-12T19:45:00Z,900
N20271012-S007,N20271012,2027-10-12T20:00:00Z,900
N20271012-S008,N20271012,2027-10-12T20:15:00Z,900
N20271012-S009,N20271012,2027-10-12T20:30:00Z,900
N20271012-S010,N20271012,2027-10-12T20:45:00Z,900
N20271012-S011,N20271012,2027-10-12T21:00:00Z,900
N20271012-S012,N20271012,2027-10-12T21:15:00Z,900
N20271012-S013,N20271012,2027-10-12T21:30:00Z,900
N20271012-S014,N20271012,2027-10-12T21:45:00Z,900
N20271012-S015,N20271012,2027-10-12T22:00:00Z,900
N20271012-S016,N20271012,2027-10-12T22:15:00Z,900
N20271012-S017,N20271012,2027-10-12T22:30:00Z,900
N20271012-S018,N20271012,2027-10-12T22:45:00Z,900
N20271012-S019,N20271012,2027-10-12T23:00:00Z,900
N20271012-S020,N20271012,2027-10-12T23:15:00Z,900
N20271012-S021,N20271012,2027-10-12T23:30:00Z,900
N20271012-S022,N20271012,2027-10-12T23:45:00Z,900
N20271012-S023,N20271012,2027-10-13T00:00:00Z,900
N20271012-S024,N20271012,2027-10-13T00:15:00Z,900
N20271012-S025,N20271012,2027-10-13T00:30:00Z,900
N20271012-S026,N20271012,2027-10-13T00:45:00Z,900
N20271012-S027,N20271012,2027-10-13T01:00:00Z,900
N20271012-S028,N20271012,2027-10-13T01:15:00Z,900
N20271012-S029,N20271012,2027-10-13T01:30:00Z,900
N20271012-S030,N20271012,2027-10-13T01:45:00Z,900
N20271012-S031,N20271012,2027-10-13T02:00:00Z,900
N20271012-S032,N20271012,2027-10-13T02:15:00Z,900
N20271013-S001,N20271013,2027-10-13T18:30:00Z,900
N20271013-S002,N20271013,2027-10-13T18:45:00Z,900
N20271013-S003,N20271013,2027-10-13T19:00:00Z,900
N20271013-S004,N20271013,2027-10-13T19:15:00Z,900
N20271013-S005,N20271013,2027-10-13T19:30:00Z,900
N20271013-S006,N20271013,2027-10-13T19:45:00Z,900
N20271013-S007,N20271013,2027-10-13T20:00:00Z,900
N20271013-S008,N20271013,2027-10-13T20:15:00Z,900
N20271013-S009,N20271013,2027-10-13T20:30:00Z,900
N20271013-S010,N20271013,2027-10-13T20:45:00Z,900
N20271013-S011,N20271013,2027-10-13T21:00:00Z,900
N20271013-S012,N20271013,2027-10-13T21:15:00Z,900
N20271013-S013,N20271013,2027-10-13T21:30:00Z,900
N20271013-S014,N20271013,2027-10-13T21:45:00Z,900
N20271013-S015,N20271013,2027-10-13T22:00:00Z,900
N20271013-S016,N20271013,2027-10-13T22:15:00Z,900
N20271013-S017,N20271013,2027-10-13T22:30:00Z,900
N20271013-S018,N20271013,2027-10-13T22:45:00Z,900
N20271013-S019,N20271013,2027-10-13T23:00:00Z,900
N20271013-S020,N20271013,2027-10-13T23:15:00Z,900
N20271013-S021,N20271013,2027-10-13T23:30:00Z,900
N20271013-S022,N20271013,2027-10-13T23:45:00Z,900
N20271013-S023,N20271013,2027-10-14T00:00:00Z,900
N20271013-S024,N20271013,2027-10-14T00:15:00Z,900
N20271013-S025,N20271013,2027-10-14T00:30:00Z,900
N20271013-S026,N20271013,2027-10-14T00:45:00Z,900
N20271013-S027,N20271013,2027-10-14T01:00:00Z,900
N20271013-S028,N20271013,2027-10-14T01:15:00Z,900
N20271013-S029,N20271013,2027-10-14T01:30:00Z,900
N20271013-S030,N20271013,2027-10-14T01:45:00Z,900
N20271013-S031,N20271013,2027-10-14T02:00:00Z,900
N20271013-S032,N20271013,2027-10-14T02:15:00Z,900
N20271014-S001,N20271014,2027-10-14T18:30:00Z,900
N20271014-S002,N20271014,2027-10-14T18:45:00Z,900
N20271014-S003,N20271014,2027-10-14T19:00:00Z,900
N20271014-S004,N20271014,2027-10-14T19:15:00Z,900
N20271014-S005,N20271014,2027-10-14T19:30:00Z,900
N20271014-S006,N20271014,2027-10-14T19:45:00Z,900
N20271014-S007,N20271014,2027-10-14T20:00:00Z,900
N20271014-S008,N20271014,2027-10-14T20:15:00Z,900
N20271014-S009,N20271014,2027-10-14T20:30:00Z,900
N20271014-S010,N20271014,2027-10-14T20:45:00Z,900
N20271014-S011,N20271014,2027-10-14T21:00:00Z,900
N20271014-S012,N20271014,2027-10-14T21:15:00Z,900
N20271014-S013,N20271014,2027-10-14T21:30:00Z,900
N20271014-S014,N20271014,2027-10-14T21:45:00Z,900
N20271014-S015,N20271014,2027-10-14T22:00:00Z,900
N20271014-S016,N20271014,2027-10-14T22:15:00Z,900
N20271014-S017,N20271014,2027-10-14T22:30:00Z,900
N20271014-S018,N20271014,2027-10-14T22:45:00Z,900
N20271014-S019,N20271014,2027-10-14T23:00:00Z,900
N20271014-S020,N20271014,2027-10-14T23:15:00Z,900
N20271014-S021,N20271014,2027-10-14T23:30:00Z,900
N20271014-S022,N20271014,2027-10-14T23:45:00Z,900
N20271014-S023,N20271014,2027-10-15T00:00:00Z,900
N20271014-S024,N20271014,2027-10-15T00:15:00Z,900
N20271014-S025,N20271014,2027-10-15T00:30:00Z,900
N20271014-S026,N20271014,2027-10-15T00:45:00Z,900
N20271014-S027,N20271014,2027-10-15T01:00:00Z,900
N20271014-S028,N20271014,2027-10-15T01:15:00Z,900
N20271014-S029,N20271014,2027-10-15T01:30:00Z,900
N20271014-S030,N20271014,2027-10-15T01:45:00Z,900
N20271014-S031,N20271014,2027-10-15T02:00:00Z,900
N20271014-S032,N20271014,2027-10-15T02:15:00Z,900
N20271015-S001,N20271015,2027-10-15T18:30:00Z,900
N20271015-S002,N20271015,2027-10-15T18:45:00Z,900
N20271015-S003,N20271015,2027-10-15T19:00:00Z,900
N20271015-S004,N20271015,2027-10-15T19:15:00Z,900
N20271015-S005,N20271015,2027-10-15T19:30:00Z,900
N20271015-S006,N20271015,2027-10-15T19:45:00Z,900
N20271015-S007,N20271015,2027-10-15T20:00:00Z,900
N20271015-S008,N20271015,2027-10-15T20:15:00Z,900
N20271015-S009,N20271015,2027-10-15T20:30:00Z,900
N20271015-S010,N20271015,2027-10-15T20:45:00Z,900
N20271015-S011,N20271015,2027-10-15T21:00:00Z,900
N20271015-S012,N20271015,2027-10-15T21:15:00Z,900
N20271015-S013,N20271015,2027-10-15T21:30:00Z,900
N20271015-S014,N20271015,2027-10-15T21:45:00Z,900
N20271015-S015,N20271015,2027-10-15T22:00:00Z,900
N20271015-S016,N20271015,2027-10-15T22:15:00Z,900
N20271015-S017,N20271015,2027-10-15T22:30:00Z,900
N20271015-S018,N20271015,2027-10-15T22:45:00Z,900
N20271015-S019,N20271015,2027-10-15T23:00:00Z,900
N20271015-S020,N20271015,2027-10-15T23:15:00Z,900
N20271015-S021,N20271015,2027-10-15T23:30:00Z,900
N20271015-S022,N20271015,2027-10-15T23:45:00Z,900
N20271015-S023,N20271015,2027-10-16T00:00:00Z,900
N20271015-S024,N20271015,2027-10-16T00:15:00Z,900
N20271015-S025,N20271015,2027-10-16T00:30:00Z,900
N20271015-S026,N20271015,2027-10-16T00:45:00Z,900
N20271015-S027,N20271015,2027-10-16T01:00:00Z,900
N20271015-S028,N20271015,2027-10-16T01:15:00Z,900
N20271015-S029,N20271015,2027-10-16T01:30:00Z,900
N20271015-S030,N20271015,2027-10-16T01:45:00Z,900
N20271015-S031,N20271015,2027-10-16T02:00:00Z,900
N20271015-S032,N20271015,2027-10-16T02:15:00Z,900
N20271016-S001,N20271016,2027-10-16T18:30:00Z,900
N20271016-S002,N20271016,2027-10-16T18:45:00Z,900
N20271016-S003,N20271016,2027-10-16T19:00:00Z,900
N20271016-S004,N20271016,2027-10-16T19:15:00Z,900
N20271016-S005,N20271016,2027-10-16T19:30:00Z,900
N20271016-S006,N20271016,2027-10-16T19:45:00Z,900
N20271016-S007,N20271016,2027-10-16T20:00:00Z,900
N20271016-S008,N20271016,2027-10-16T20:15:00Z,900
N20271016-S009,N20271016,2027-10-16T20:30:00Z,900
N20271016-S010,N20271016,2027-10-16T20:45:00Z,900
N20271016-S011,N20271016,2027-10-16T21:00:00Z,900
N20271016-S012,N20271016,2027-10-16T21:15:00Z,900
N20271016-S013,N20271016,2027-10-16T21:30:00Z,900
N20271016-S014,N20271016,2027-10-16T21:45:00Z,900
N20271016-S015,N20271016,2027-10-16T22:00:00Z,900
N20271016-S016,N20271016,2027-10-16T22:15:00Z,900
N20271016-S017,N20271016,2027-10-16T22:30:00Z,900
N20271016-S018,N20271016,2027-10-16T22:45:00Z,900
N20271016-S019,N20271016,2027-10-16T23:00:00Z,900
N20271016-S020,N20271016,2027-10-16T23:15:00Z,900
N20271016-S021,N20271016,2027-10-16T23:30:00Z,900
N20271016-S022,N20271016,2027-10-16T23:45:00Z,900
N20271016-S023,N20271016,2027-10-17T00:00:00Z,900
N20271016-S024,N20271016,2027-10-17T00:15:00Z,900
N20271016-S025,N20271016,2027-10-17T00:30:00Z,900
N20271016-S026,N20271016,2027-10-17T00:45:00Z,900
N20271016-S027,N20271016,2027-10-17T01:00:00Z,900
N20271016-S028,N20271016,2027-10-17T01:15:00Z,900
N20271016-S029,N20271016,2027-10-17T01:30:00Z,900
N20271016-S030,N20271016,2027-10-17T01:45:00Z,900
N20271016-S031,N20271016,2027-10-17T02:00:00Z,900
N20271016-S032,N20271016,2027-10-17T02:15:00Z,900
N20271017-S001,N20271017,2027-10-17T18:30:00Z,900
N20271017-S002,N20271017,2027-10-17T18:45:00Z,900
N20271017-S003,N20271017,2027-10-17T19:00:00Z,900
N20271017-S004,N20271017,2027-10-17T19:15:00Z,900
N20271017-S005,N20271017,2027-10-17T19:30:00Z,900
N20271017-S006,N20271017,2027-10-17T19:45:00Z,900
N20271017-S007,N20271017,2027-10-17T20:00:00Z,900
N20271017-S008,N20271017,2027-10-17T20:15:00Z,900
N20271017-S009,N20271017,2027-10-17T20:30:00Z,900
N20271017-S010,N20271017,2027-10-17T20:45:00Z,900
N20271017-S011,N20271017,2027-10-17T21:00:00Z,900
N20271017-S012,N20271017,2027-10-17T21:15:00Z,900
N20271017-S013,N20271017,2027-10-17T21:30:00Z,900
N20271017-S014,N20271017,2027-10-17T21:45:00Z,900
N20271017-S015,N20271017,2027-10-17T22:00:00Z,900
N20271017-S016,N20271017,2027-10-17T22:15:00Z,900
N20271017-S017,N20271017,2027-10-17T22:30:00Z,900
N20271017-S018,N20271017,2027-10-17T22:45:00Z,900
N20271017-S019,N20271017,2027-10-17T23:00:00Z,900
N20271017-S020,N20271017,2027-10-17T23:15:00Z,900
N20271017-S021,N20271017,2027-10-17T23:30:00Z,900
N20271017-S022,N20271017,2027-10-17T23:45:00Z,900
N20271017-S023,N20271017,2027-10-18T00:00:00Z,900
N20271017-S024,N20271017,2027-10-18T00:15:00Z,900
N20271017-S025,N20271017,2027-10-18T00:30:00Z,900
N20271017-S026,N20271017,2027-10-18T00:45:00Z,900
N20271017-S027,N20271017,2027-10-18T01:00:00Z,900
N20271017-S028,N20271017,2027-10-18T01:15:00Z,900
N20271017-S029,N20271017,2027-10-18T01:30:00Z,900
N20271017-S030,N20271017,2027-10-18T01:45:00Z,900
N20271017-S031,N20271017,2027-10-18T02:00:00Z,900
N20271017-S032,N20271017,2027-10-18T02:15:00Z,900
N20271018-S001,N20271018,2027-10-18T18:30:00Z,900
N20271018-S002,N20271018,2027-10-18T18:45:00Z,900
N20271018-S003,N20271018,2027-10-18T19:00:00Z,900
N20271018-S004,N20271018,2027-10-18T19:15:00Z,900
N20271018-S005,N20271018,2027-10-18T19:30:00Z,900
N20271018-S006,N20271018,2027-10-18T19:45:00Z,900
N20271018-S007,N20271018,2027-10-18T20:00:00Z,900
N20271018-S008,N20271018,2027-10-18T20:15:00Z,900
N20271018-S009,N20271018,2027-10-18T20:30:00Z,900
N20271018-S010,N20271018,2027-10-18T20:45:00Z,900
N20271018-S011,N20271018,2027-10-18T21:00:00Z,900
N20271018-S012,N20271018,2027-10-18T21:15:00Z,900
N20271018-S013,N20271018,2027-10-18T21:30:00Z,900
N20271018-S014,N20271018,2027-10-18T21:45:00Z,900
N20271018-S015,N20271018,2027-10-18T22:00:00Z,900
N20271018-S016,N20271018,2027-10-18T22:15:00Z,900
N20271018-S017,N20271018,2027-10-18T22:30:00Z,900
N20271018-S018,N20271018,2027-10-18T22:45:00Z,900
N20271018-S019,N20271018,2027-10-18T23:00:00Z,900
N20271018-S020,N20271018,2027-10-18T23:15:00Z,900
N20271018-S021,N20271018,2027-10-18T23:30:00Z,900
N20271018-S022,N20271018,2027-10-18T23:45:00Z,900
N20271018-S023,N20271018,2027-10-19T00:00:00Z,900
N20271018-S024,N20271018,2027-10-19T00:15:00Z,900
N20271018-S025,N20271018,2027-10-19T00:30:00Z,900
N20271018-S026,N20271018,2027-10-19T00:45:00Z,900
N20271018-S027,N20271018,2027-10-19T01:00:00Z,900
N20271018-S028,N20271018,2027-10-19T01:15:00Z,900
N20271018-S029,N20271018,2027-10-19T01:30:00Z,900
N20271018-S030,N20271018,2027-10-19T01:45:00Z,900
N20271018-S031,N20271018,2027-10-19T02:00:00Z,900
N20271018-S032,N20271018,2027-10-19T02:15:00Z,900
N20271019-S001,N20271019,2027-10-19T18:45:00Z,900
N20271019-S002,N20271019,2027-10-19T19:00:00Z,900
N20271019-S003,N20271019,2027-10-19T19:15:00Z,900
N20271019-S004,N20271019,2027-10-19T19:30:00Z,900
N20271019-S005,N20271019,2027-10-19T19:45:00Z,900
N20271019-S006,N20271019,2027-10-19T20:00:00Z,900
N20271019-S007,N20271019,2027-10-19T20:15:00Z,900
N20271019-S008,N20271019,2027-10-19T20:30:00Z,900
N20271019-S009,N20271019,2027-10-19T20:45:00Z,900
N20271019-S010,N20271019,2027-10-19T21:00:00Z,900
N20271019-S011,N20271019,2027-10-19T21:15:00Z,900
N20271019-S012,N20271019,2027-10-19T21:30:00Z,900
N20271019-S013,N20271019,2027-10-19T21:45:00Z,900
N20271019-S014,N20271019,2027-10-19T22:00:00Z,900
N20271019-S015,N20271019,2027-10-19T22:15:00Z,900
N20271019-S016,N20271019,2027-10-19T22:30:00Z,900
N20271019-S017,N20271019,2027-10-19T22:45:00Z,900
N20271019-S018,N20271019,2027-10-19T23:00:00Z,900
N20271019-S019,N20271019,2027-10-19T23:15:00Z,900
N20271019-S020,N20271019,2027-10-19T23:30:00Z,900
N20271019-S021,N20271019,2027-10-19T23:45:00Z,900
N20271019-S022,N20271019,2027-10-20T00:00:00Z,900
N20271019-S023,N20271019,2027-10-20T00:15:00Z,900
N20271019-S024,N20271019,2027-10-20T00:30:00Z,900
N20271019-S025,N20271019,2027-10-20T00:45:00Z,900
N20271019-S026,N20271019,2027-10-20T01:00:00Z,900
N20271019-S027,N20271019,2027-10-20T01:15:00Z,900
N20271019-S028,N20271019,2027-10-20T01:30:00Z,900
N20271019-S029,N20271019,2027-10-20T01:45:00Z,900
N20271019-S030,N20271019,2027-10-20T02:00:00Z,900
N20271019-S031,N20271019,2027-10-20T02:15:00Z,900
N20271020-S001,N20271020,2027-10-20T18:45:00Z,900
N20271020-S002,N20271020,2027-10-20T19:00:00Z,900
N20271020-S003,N20271020,2027-10-20T19:15:00Z,900
N20271020-S004,N20271020,2027-10-20T19:30:00Z,900
N20271020-S005,N20271020,2027-10-20T19:45:00Z,900
N20271020-S006,N20271020,2027-10-20T20:00:00Z,900
N20271020-S007,N20271020,2027-10-20T20:15:00Z,900
N20271020-S008,N20271020,2027-10-20T20:30:00Z,900
N20271020-S009,N20271020,2027-10-20T20:45:00Z,900
N20271020-S010,N20271020,2027-10-20T21:00:00Z,900
N20271020-S011,N20271020,2027-10-20T21:15:00Z,900
N20271020-S012,N20271020,2027-10-20T21:30:00Z,900
N20271020-S013,N20271020,2027-10-20T21:45:00Z,900
N20271020-S014,N20271020,2027-10-20T22:00:00Z,900
N20271020-S015,N20271020,2027-10-20T22:15:00Z,900
N20271020-S016,N20271020,2027-10-20T22:30:00Z,900
N20271020-S017,N20271020,2027-10-20T22:45:00Z,900
N20271020-S018,N20271020,2027-10-20T23:00:00Z,900
N20271020-S019,N20271020,2027-10-20T23:15:00Z,900
N20271020-S020,N20271020,2027-10-20T23:30:00Z,900
N20271020-S021,N20271020,2027-10-20T23:45:00Z,900
N20271020-S022,N20271020,2027-10-21T00:00:00Z,900
N20271020-S023,N20271020,2027-10-21T00:15:00Z,900
N20271020-S024,N20271020,2027-10-21T00:30:00Z,900
N20271020-S025,N20271020,2027-10-21T00:45:00Z,900
N20271020-S026,N20271020,2027-10-21T01:00:00Z,900
N20271020-S027,N20271020,2027-10-21T01:15:00Z,900
N20271020-S028,N20271020,2027-10-21T01:30:00Z,900
N20271020-S029,N20271020,2027-10-21T01:45:00Z,900
N20271020-S030,N20271020,2027-10-21T02:00:00Z,900
N20271021-S001,N20271021,2027-10-21T18:45:00Z,900
N20271021-S002,N20271021,2027-10-21T19:00:00Z,900
N20271021-S003,N20271021,2027-10-21T19:15:00Z,900
N20271021-S004,N20271021,2027-10-21T19:30:00Z,900
N20271021-S005,N20271021,2027-10-21T19:45:00Z,900
N20271021-S006,N20271021,2027-10-21T20:00:00Z,900
N20271021-S007,N20271021,2027-10-21T20:15:00Z,900
N20271021-S008,N20271021,2027-10-21T20:30:00Z,900
N20271021-S009,N20271021,2027-10-21T20:45:00Z,900
N20271021-S010,N20271021,2027-10-21T21:00:00Z,900
N20271021-S011,N20271021,2027-10-21T21:15:00Z,900
N20271021-S012,N20271021,2027-10-21T21:30:00Z,900
N20271021-S013,N20271021,2027-10-21T21:45:00Z,900
N20271021-S014,N20271021,2027-10-21T22:00:00Z,900
N20271021-S015,N20271021,2027-10-21T22:15:00Z,900
N20271021-S016,N20271021,2027-10-21T22:30:00Z,900
N20271021-S017,N20271021,2027-10-21T22:45:00Z,900
N20271021-S018,N20271021,2027-10-21T23:00:00Z,900
N20271021-S019,N20271021,2027-10-21T23:15:00Z,900
N20271021-S020,N20271021,2027-10-21T23:30:00Z,900
N20271021-S021,N20271021,2027-10-21T23:45:00Z,900
N20271021-S022,N20271021,2027-10-22T00:00:00Z,900
N20271021-S023,N20271021,2027-10-22T00:15:00Z,900
N20271021-S024,N20271021,2027-10-22T00:30:00Z,900
N20271021-S025,N20271021,2027-10-22T00:45:00Z,900
N20271021-S026,N20271021,2027-10-22T01:00:00Z,900
N20271021-S027,N20271021,2027-10-22T01:15:00Z,900
N20271021-S028,N20271021,2027-10-22T01:30:00Z,900
N20271021-S029,N20271021,2027-10-22T01:45:00Z,900
N20271021-S030,N20271021,2027-10-22T02:00:00Z,900
N20271022-S001,N20271022,2027-10-22T18:45:00Z,900
N20271022-S002,N20271022,2027-10-22T19:00:00Z,900
N20271022-S003,N20271022,2027-10-22T19:15:00Z,900
N20271022-S004,N20271022,2027-10-22T19:30:00Z,900
N20271022-S005,N20271022,2027-10-22T19:45:00Z,900
N20271022-S006,N20271022,2027-10-22T20:00:00Z,900
N20271022-S007,N20271022,2027-10-22T20:15:00Z,900
N20271022-S008,N20271022,2027-10-22T20:30:00Z,900
N20271022-S009,N20271022,2027-10-22T20:45:00Z,900
N20271022-S010,N20271022,2027-10-22T21:00:00Z,900
N20271022-S011,N20271022,2027-10-22T21:15:00Z,900
N20271022-S012,N20271022,2027-10-22T21:30:00Z,900
N20271022-S013,N20271022,2027-10-22T21:45:00Z,900
N20271022-S014,N20271022,2027-10-22T22:00:00Z,900
N20271022-S015,N20271022,2027-10-22T22:15:00Z,900
N20271022-S016,N20271022,2027-10-22T22:30:00Z,900
N20271022-S017,N20271022,2027-10-22T22:45:00Z,900
N20271022-S018,N20271022,2027-10-22T23:00:00Z,900
N20271022-S019,N20271022,2027-10-22T23:15:00Z,900
N20271022-S020,N20271022,2027-10-22T23:30:00Z,900
N20271022-S021,N20271022,2027-10-22T23:45:00Z,900
N20271022-S022,N20271022,2027-10-23T00:00:00Z,900
N20271022-S023,N20271022,2027-10-23T00:15:00Z,900
N20271022-S024,N20271022,2027-10-23T00:30:00Z,900
N20271022-S025,N20271022,2027-10-23T00:45:00Z,900
N20271022-S026,N20271022,2027-10-23T01:00:00Z,900
N20271022-S027,N20271022,2027-10-23T01:15:00Z,900
N20271022-S028,N20271022,2027-10-23T01:30:00Z,900
N20271022-S029,N20271022,2027-10-23T01:45:00Z,900
N20271022-S030,N20271022,2027-10-23T02:00:00Z,900
N20271023-S001,N20271023,2027-10-23T18:45:00Z,900
N20271023-S002,N20271023,2027-10-23T19:00:00Z,900
N20271023-S003,N20271023,2027-10-23T19:15:00Z,900
N20271023-S004,N20271023,2027-10-23T19:30:00Z,900
N20271023-S005,N20271023,2027-10-23T19:45:00Z,900
N20271023-S006,N20271023,2027-10-23T20:00:00Z,900
N20271023-S007,N20271023,2027-10-23T20:15:00Z,900
N20271023-S008,N20271023,2027-10-23T20:30:00Z,900
N20271023-S009,N20271023,2027-10-23T20:45:00Z,900
N20271023-S010,N20271023,2027-10-23T21:00:00Z,900
N20271023-S011,N20271023,2027-10-23T21:15:00Z,900
N20271023-S012,N20271023,2027-10-23T21:30:00Z,900
N20271023-S013,N20271023,2027-10-23T21:45:00Z,900
N20271023-S014,N20271023,2027-10-23T22:00:00Z,900
N20271023-S015,N20271023,2027-10-23T22:15:00Z,900
N20271023-S016,N20271023,2027-10-23T22:30:00Z,900
N20271023-S017,N20271023,2027-10-23T22:45:00Z,900
N20271023-S018,N20271023,2027-10-23T23:00:00Z,900
N20271023-S019,N20271023,2027-10-23T23:15:00Z,900
N20271023-S020,N20271023,2027-10-23T23:30:00Z,900
N20271023-S021,N20271023,2027-10-23T23:45:00Z,900
N20271023-S022,N20271023,2027-10-24T00:00:00Z,900
N20271023-S023,N20271023,2027-10-24T00:15:00Z,900
N20271023-S024,N20271023,2027-10-24T00:30:00Z,900
N20271023-S025,N20271023,2027-10-24T00:45:00Z,900
N20271023-S026,N20271023,2027-10-24T01:00:00Z,900
N20271023-S027,N20271023,2027-10-24T01:15:00Z,900
N20271023-S028,N20271023,2027-10-24T01:30:00Z,900
N20271023-S029,N20271023,2027-10-24T01:45:00Z,900
N20271023-S030,N20271023,2027-10-24T02:00:00Z,900
N20271024-S001,N20271024,2027-10-24T18:45:00Z,900
N20271024-S002,N20271024,2027-10-24T19:00:00Z,900
N20271024-S003,N20271024,2027-10-24T19:15:00Z,900
N20271024-S004,N20271024,2027-10-24T19:30:00Z,900
N20271024-S005,N20271024,2027-10-24T19:45:00Z,900
N20271024-S006,N20271024,2027-10-24T20:00:00Z,900
N20271024-S007,N20271024,2027-10-24T20:15:00Z,900
N20271024-S008,N20271024,2027-10-24T20:30:00Z,900
N20271024-S009,N20271024,2027-10-24T20:45:00Z,900
N20271024-S010,N20271024,2027-10-24T21:00:00Z,900
N20271024-S011,N20271024,2027-10-24T21:15:00Z,900
N20271024-S012,N20271024,2027-10-24T21:30:00Z,900
N20271024-S013,N20271024,2027-10-24T21:45:00Z,900
N20271024-S014,N20271024,2027-10-24T22:00:00Z,900
N20271024-S015,N20271024,2027-10-24T22:15:00Z,900
N20271024-S016,N20271024,2027-10-24T22:30:00Z,900
N20271024-S017,N20271024,2027-10-24T22:45:00Z,900
N20271024-S018,N20271024,2027-10-24T23:00:00Z,900
N20271024-S019,N20271024,2027-10-24T23:15:00Z,900
N20271024-S020,N20271024,2027-10-24T23:30:00Z,900
N20271024-S021,N20271024,2027-10-24T23:45:00Z,900
N20271024-S022,N20271024,2027-10-25T00:00:00Z,900
N20271024-S023,N20271024,2027-10-25T00:15:00Z,900
N20271024-S024,N20271024,2027-10-25T00:30:00Z,900
N20271024-S025,N20271024,2027-10-25T00:45:00Z,900
N20271024-S026,N20271024,2027-10-25T01:00:00Z,900
N20271024-S027,N20271024,2027-10-25T01:15:00Z,900
N20271024-S028,N20271024,2027-10-25T01:30:00Z,900
N20271024-S029,N20271024,2027-10-25T01:45:00Z,900
N20271024-S030,N20271024,2027-10-25T02:00:00Z,900
N20271025-S001,N20271025,2027-10-25T18:45:00Z,900
N20271025-S002,N20271025,2027-10-25T19:00:00Z,900
N20271025-S003,N20271025,2027-10-25T19:15:00Z,900
N20271025-S004,N20271025,2027-10-25T19:30:00Z,900
N20271025-S005,N20271025,2027-10-25T19:45:00Z,900
N20271025-S006,N20271025,2027-10-25T20:00:00Z,900
N20271025-S007,N20271025,2027-10-25T20:15:00Z,900
N20271025-S008,N20271025,2027-10-25T20:30:00Z,900
N20271025-S009,N20271025,2027-10-25T20:45:00Z,900
N20271025-S010,N20271025,2027-10-25T21:00:00Z,900
N20271025-S011,N20271025,2027-10-25T21:15:00Z,900
N20271025-S012,N20271025,2027-10-25T21:30:00Z,900
N20271025-S013,N20271025,2027-10-25T21:45:00Z,900
N20271025-S014,N20271025,2027-10-25T22:00:00Z,900
N20271025-S015,N20271025,2027-10-25T22:15:00Z,900
N20271025-S016,N20271025,2027-10-25T22:30:00Z,900
N20271025-S017,N20271025,2027-10-25T22:45:00Z,900
N20271025-S018,N20271025,2027-10-25T23:00:00Z,900
N20271025-S019,N20271025,2027-10-25T23:15:00Z,900
N20271025-S020,N20271025,2027-10-25T23:30:00Z,900
N20271025-S021,N20271025,2027-10-25T23:45:00Z,900
N20271025-S022,N20271025,2027-10-26T00:00:00Z,900
N20271025-S023,N20271025,2027-10-26T00:15:00Z,900
N20271025-S024,N20271025,2027-10-26T00:30:00Z,900
N20271025-S025,N20271025,2027-10-26T00:45:00Z,900
N20271025-S026,N20271025,2027-10-26T01:00:00Z,900
N20271025-S027,N20271025,2027-10-26T01:15:00Z,900
N20271025-S028,N20271025,2027-10-26T01:30:00Z,900
N20271025-S029,N20271025,2027-10-26T01:45:00Z,900
N20271025-S030,N20271025,2027-10-26T02:00:00Z,900
N20271026-S001,N20271026,2027-10-26T18:45:00Z,900
N20271026-S002,N20271026,2027-10-26T19:00:00Z,900
N20271026-S003,N20271026,2027-10-26T19:15:00Z,900
N20271026-S004,N20271026,2027-10-26T19:30:00Z,900
N20271026-S005,N20271026,2027-10-26T19:45:00Z,900
N20271026-S006,N20271026,2027-10-26T20:00:00Z,900
N20271026-S007,N20271026,2027-10-26T20:15:00Z,900
N20271026-S008,N20271026,2027-10-26T20:30:00Z,900
N20271026-S009,N20271026,2027-10-26T20:45:00Z,900
N20271026-S010,N20271026,2027-10-26T21:00:00Z,900
N20271026-S011,N20271026,2027-10-26T21:15:00Z,900
N20271026-S012,N20271026,2027-10-26T21:30:00Z,900
N20271026-S013,N20271026,2027-10-26T21:45:00Z,900
N20271026-S014,N20271026,2027-10-26T22:00:00Z,900
N20271026-S015,N20271026,2027-10-26T22:15:00Z,900
N20271026-S016,N20271026,2027-10-26T22:30:00Z,900
N20271026-S017,N20271026,2027-10-26T22:45:00Z,900
N20271026-S018,N20271026,2027-10-26T23:00:00Z,900
N20271026-S019,N20271026,2027-10-26T23:15:00Z,900
N20271026-S020,N20271026,2027-10-26T23:30:00Z,900
N20271026-S021,N20271026,2027-10-26T23:45:00Z,900
N20271026-S022,N20271026,2027-10-27T00:00:00Z,900
N20271026-S023,N20271026,2027-10-27T00:15:00Z,900
N20271026-S024,N20271026,2027-10-27T00:30:00Z,900
N20271026-S025,N20271026,2027-10-27T00:45:00Z,900
N20271026-S026,N20271026,2027-10-27T01:00:00Z,900
N20271026-S027,N20271026,2027-10-27T01:15:00Z,900
N20271026-S028,N20271026,2027-10-27T01:30:00Z,900
N20271026-S029,N20271026,2027-10-27T01:45:00Z,900
N20271026-S030,N20271026,2027-10-27T02:00:00Z,900
N20271027-S001,N20271027,2027-10-27T18:45:00Z,900
N20271027-S002,N20271027,2027-10-27T19:00:00Z,900
N20271027-S003,N20271027,2027-10-27T19:15:00Z,900
N20271027-S004,N20271027,2027-10-27T19:30:00Z,900
N20271027-S005,N20271027,2027-10-27T19:45:00Z,900
N20271027-S006,N20271027,2027-10-27T20:00:00Z,900
N20271027-S007,N20271027,2027-10-27T20:15:00Z,900
N20271027-S008,N20271027,2027-10-27T20:30:00Z,900
N20271027-S009,N20271027,2027-10-27T20:45:00Z,900
N20271027-S010,N20271027,2027-10-27T21:00:00Z,900
N20271027-S011,N20271027,2027-10-27T21:15:00Z,900
N20271027-S012,N20271027,2027-10-27T21:30:00Z,900
N20271027-S013,N20271027,2027-10-27T21:45:00Z,900
N20271027-S014,N20271027,2027-10-27T22:00:00Z,900
N20271027-S015,N20271027,2027-10-27T22:15:00Z,900
N20271027-S016,N20271027,2027-10-27T22:30:00Z,900
N20271027-S017,N20271027,2027-10-27T22:45:00Z,900
N20271027-S018,N20271027,2027-10-27T23:00:00Z,900
N20271027-S019,N20271027,2027-10-27T23:15:00Z,900
N20271027-S020,N20271027,2027-10-27T23:30:00Z,900
N20271027-S021,N20271027,2027-10-27T23:45:00Z,900
N20271027-S022,N20271027,2027-10-28T00:00:00Z,900
N20271027-S023,N20271027,2027-10-28T00:15:00Z,900
N20271027-S024,N20271027,2027-10-28T00:30:00Z,900
N20271027-S025,N20271027,2027-10-28T00:45:00Z,900
N20271027-S026,N20271027,2027-10-28T01:00:00Z,900
N20271027-S027,N20271027,2027-10-28T01:15:00Z,900
N20271027-S028,N20271027,2027-10-28T01:30:00Z,900
N20271027-S029,N20271027,2027-10-28T01:45:00Z,900
N20271027-S030,N20271027,2027-10-28T02:00:00Z,900
N20271028-S001,N20271028,2027-10-28T18:45:00Z,900
N20271028-S002,N20271028,2027-10-28T19:00:00Z,900
N20271028-S003,N20271028,2027-10-28T19:15:00Z,900
N20271028-S004,N20271028,2027-10-28T19:30:00Z,900
N20271028-S005,N20271028,2027-10-28T19:45:00Z,900
N20271028-S006,N20271028,2027-10-28T20:00:00Z,900
N20271028-S007,N20271028,2027-10-28T20:15:00Z,900
N20271028-S008,N20271028,2027-10-28T20:30:00Z,900
N20271028-S009,N20271028,2027-10-28T20:45:00Z,900
N20271028-S010,N20271028,2027-10-28T21:00:00Z,900
N20271028-S011,N20271028,2027-10-28T21:15:00Z,900
N20271028-S012,N20271028,2027-10-28T21:30:00Z,900
N20271028-S013,N20271028,2027-10-28T21:45:00Z,900
N20271028-S014,N20271028,2027-10-28T22:00:00Z,900
N20271028-S015,N20271028,2027-10-28T22:15:00Z,900
N20271028-S016,N20271028,2027-10-28T22:30:00Z,900
N20271028-S017,N20271028,2027-10-28T22:45:00Z,900
N20271028-S018,N20271028,2027-10-28T23:00:00Z,900
N20271028-S019,N20271028,2027-10-28T23:15:00Z,900
N20271028-S020,N20271028,2027-10-28T23:30:00Z,900
N20271028-S021,N20271028,2027-10-28T23:45:00Z,900
N20271028-S022,N20271028,2027-10-29T00:00:00Z,900
N20271028-S023,N20271028,2027-10-29T00:15:00Z,900
N20271028-S024,N20271028,2027-10-29T00:30:00Z,900
N20271028-S025,N20271028,2027-10-29T00:45:00Z,900
N20271028-S026,N20271028,2027-10-29T01:00:00Z,900
N20271028-S027,N20271028,2027-10-29T01:15:00Z,900
N20271028-S028,N20271028,2027-10-29T01:30:00Z,900
N20271028-S029,N20271028,2027-10-29T01:45:00Z,900
N20271028-S030,N20271028,2027-10-29T02:00:00Z,900
N20271029-S001,N20271029,2027-10-29T18:45:00Z,900
N20271029-S002,N20271029,2027-10-29T19:00:00Z,900
N20271029-S003,N20271029,2027-10-29T19:15:00Z,900
N20271029-S004,N20271029,2027-10-29T19:30:00Z,900
N20271029-S005,N20271029,2027-10-29T19:45:00Z,900
N20271029-S006,N20271029,2027-10-29T20:00:00Z,900
N20271029-S007,N20271029,2027-10-29T20:15:00Z,900
N20271029-S008,N20271029,2027-10-29T20:30:00Z,900
N20271029-S009,N20271029,2027-10-29T20:45:00Z,900
N20271029-S010,N20271029,2027-10-29T21:00:00Z,900
N20271029-S011,N20271029,2027-10-29T21:15:00Z,900
N20271029-S012,N20271029,2027-10-29T21:30:00Z,900
N20271029-S013,N20271029,2027-10-29T21:45:00Z,900
N20271029-S014,N20271029,2027-10-29T22:00:00Z,900
N20271029-S015,N20271029,2027-10-29T22:15:00Z,900
N20271029-S016,N20271029,2027-10-29T22:30:00Z,900
N20271029-S017,N20271029,2027-10-29T22:45:00Z,900
N20271029-S018,N20271029,2027-10-29T23:00:00Z,900
N20271029-S019,N20271029,2027-10-29T23:15:00Z,900
N20271029-S020,N20271029,2027-10-29T23:30:00Z,900
N20271029-S021,N20271029,2027-10-29T23:45:00Z,900
N20271029-S022,N20271029,2027-10-30T00:00:00Z,900
N20271029-S023,N20271029,2027-10-30T00:15:00Z,900
N20271029-S024,N20271029,2027-10-30T00:30:00Z,900
N20271029-S025,N20271029,2027-10-30T00:45:00Z,900
N20271029-S026,N20271029,2027-10-30T01:00:00Z,900
N20271029-S027,N20271029,2027-10-30T01:15:00Z,900
N20271029-S028,N20271029,2027-10-30T01:30:00Z,900
N20271029-S029,N20271029,2027-10-30T01:45:00Z,900
N20271029-S030,N20271029,2027-10-30T02:00:00Z,900
N20271030-S001,N20271030,2027-10-30T18:45:00Z,900
N20271030-S002,N20271030,2027-10-30T19:00:00Z,900
N20271030-S003,N20271030,2027-10-30T19:15:00Z,900
N20271030-S004,N20271030,2027-10-30T19:30:00Z,900
N20271030-S005,N20271030,2027-10-30T19:45:00Z,900
N20271030-S006,N20271030,2027-10-30T20:00:00Z,900
N20271030-S007,N20271030,2027-10-30T20:15:00Z,900
N20271030-S008,N20271030,2027-10-30T20:30:00Z,900
N20271030-S009,N20271030,2027-10-30T20:45:00Z,900
N20271030-S010,N20271030,2027-10-30T21:00:00Z,900
N20271030-S011,N20271030,2027-10-30T21:15:00Z,900
N20271030-S012,N20271030,2027-10-30T21:30:00Z,900
N20271030-S013,N20271030,2027-10-30T21:45:00Z,900
N20271030-S014,N20271030,2027-10-30T22:00:00Z,900
N20271030-S015,N20271030,2027-10-30T22:15:00Z,900
N20271030-S016,N20271030,2027-10-30T22:30:00Z,900
N20271030-S017,N20271030,2027-10-30T22:45:00Z,900
N20271030-S018,N20271030,2027-10-30T23:00:00Z,900
N20271030-S019,N20271030,2027-10-30T23:15:00Z,900
N20271030-S020,N20271030,2027-10-30T23:30:00Z,900
N20271030-S021,N20271030,2027-10-30T23:45:00Z,900
N20271030-S022,N20271030,2027-10-31T00:00:00Z,900
N20271030-S023,N20271030,2027-10-31T00:15:00Z,900
N20271030-S024,N20271030,2027-10-31T00:30:00Z,900
N20271030-S025,N20271030,2027-10-31T00:45:00Z,900
N20271030-S026,N20271030,2027-10-31T01:00:00Z,900
N20271030-S027,N20271030,2027-10-31T01:15:00Z,900
N20271030-S028,N20271030,2027-10-31T01:30:00Z,900
N20271030-S029,N20271030,2027-10-31T01:45:00Z,900
N20271030-S030,N20271030,2027-10-31T02:00:00Z,900
N20271031-S001,N20271031,2027-10-31T18:45:00Z,900
N20271031-S002,N20271031,2027-10-31T19:00:00Z,900
N20271031-S003,N20271031,2027-10-31T19:15:00Z,900
N20271031-S004,N20271031,2027-10-31T19:30:00Z,900
N20271031-S005,N20271031,2027-10-31T19:45:00Z,900
N20271031-S006,N20271031,2027-10-31T20:00:00Z,900
N20271031-S007,N20271031,2027-10-31T20:15:00Z,900
N20271031-S008,N20271031,2027-10-31T20:30:00Z,900
N20271031-S009,N20271031,2027-10-31T20:45:00Z,900
N20271031-S010,N20271031,2027-10-31T21:00:00Z,900
N20271031-S011,N20271031,2027-10-31T21:15:00Z,900
N20271031-S012,N20271031,2027-10-31T21:30:00Z,900
N20271031-S013,N20271031,2027-10-31T21:45:00Z,900
N20271031-S014,N20271031,2027-10-31T22:00:00Z,900
N20271031-S015,N20271031,2027-10-31T22:15:00Z,900
N20271031-S016,N20271031,2027-10-31T22:30:00Z,900
N20271031-S017,N20271031,2027-10-31T22:45:00Z,900
N20271031-S018,N20271031,2027-10-31T23:00:00Z,900
N20271031-S019,N20271031,2027-10-31T23:15:00Z,900
N20271031-S020,N20271031,2027-10-31T23:30:00Z,900
N20271031-S021,N20271031,2027-10-31T23:45:00Z,900
N20271031-S022,N20271031,2027-11-01T00:00:00Z,900
N20271031-S023,N20271031,2027-11-01T00:15:00Z,900
N20271031-S024,N20271031,2027-11-01T00:30:00Z,900
N20271031-S025,N20271031,2027-11-01T00:45:00Z,900
N20271031-S026,N20271031,2027-11-01T01:00:00Z,900
N20271031-S027,N20271031,2027-11-01T01:15:00Z,900
N20271031-S028,N20271031,2027-11-01T01:30:00Z,900
N20271031-S029,N20271031,2027-11-01T01:45:00Z,900
N20271101-S001,N20271101,2027-11-01T19:00:00Z,900
N20271101-S002,N20271101,2027-11-01T19:15:00Z,900
N20271101-S003,N20271101,2027-11-01T19:30:00Z,900
N20271101-S004,N20271101,2027-11-01T19:45:00Z,900
N20271101-S005,N20271101,2027-11-01T20:00:00Z,900
N20271101-S006,N20271101,2027-11-01T20:15:00Z,900
N20271101-S007,N20271101,2027-11-01T20:30:00Z,900
N20271101-S008,N20271101,2027-11-01T20:45:00Z,900
N20271101-S009,N20271101,2027-11-01T21:00:00Z,900
N20271101-S010,N20271101,2027-11-01T21:15:00Z,900
N20271101-S011,N20271101,2027-11-01T21:30:00Z,900
N20271101-S012,N20271101,2027-11-01T21:45:00Z,900
N20271101-S013,N20271101,2027-11-01T22:00:00Z,900
N20271101-S014,N20271101,2027-11-01T22:15:00Z,900
N20271101-S015,N20271101,2027-11-01T22:30:00Z,900
N20271101-S016,N20271101,2027-11-01T22:45:00Z,900
N20271101-S017,N20271101,2027-11-01T23:00:00Z,900
N20271101-S018,N20271101,2027-11-01T23:15:00Z,900
N20271101-S019,N20271101,2027-11-01T23:30:00Z,900
N20271101-S020,N20271101,2027-11-01T23:45:00Z,900
N20271101-S021,N20271101,2027-11-02T00:00:00Z,900
N20271101-S022,N20271101,2027-11-02T00:15:00Z,900
N20271101-S023,N20271101,2027-11-02T00:30:00Z,900
N20271101-S024,N20271101,2027-11-02T00:45:00Z,900
N20271101-S025,N20271101,2027-11-02T01:00:00Z,900
N20271101-S026,N20271101,2027-11-02T01:15:00Z,900
N20271101-S027,N20271101,2027-11-02T01:30:00Z,900
N20271101-S028,N20271101,2027-11-02T01:45:00Z,900
N20271102-S001,N20271102,2027-11-02T19:00:00Z,900
N20271102-S002,N20271102,2027-11-02T19:15:00Z,900
N20271102-S003,N20271102,2027-11-02T19:30:00Z,900
N20271102-S004,N20271102,2027-11-02T19:45:00Z,900
N20271102-S005,N20271102,2027-11-02T20:00:00Z,900
N20271102-S006,N20271102,2027-11-02T20:15:00Z,900
N20271102-S007,N20271102,2027-11-02T20:30:00Z,900
N20271102-S008,N20271102,2027-11-02T20:45:00Z,900
N20271102-S009,N20271102,2027-11-02T21:00:00Z,900
N20271102-S010,N20271102,2027-11-02T21:15:00Z,900
N20271102-S011,N20271102,2027-11-02T21:30:00Z,900
N20271102-S012,N20271102,2027-11-02T21:45:00Z,900
N20271102-S013,N20271102,2027-11-02T22:00:00Z,900
N20271102-S014,N20271102,2027-11-02T22:15:00Z,900
N20271102-S015,N20271102,2027-11-02T22:30:00Z,900
N20271102-S016,N20271102,2027-11-02T22:45:00Z,900
N20271102-S017,N20271102,2027-11-02T23:00:00Z,900
N20271102-S018,N20271102,2027-11-02T23:15:00Z,900
N20271102-S019,N20271102,2027-11-02T23:30:00Z,900
N20271102-S020,N20271102,2027-11-02T23:45:00Z,900
N20271102-S021,N20271102,2027-11-03T00:00:00Z,900
N20271102-S022,N20271102,2027-11-03T00:15:00Z,900
N20271102-S023,N20271102,2027-11-03T00:30:00Z,900
N20271102-S024,N20271102,2027-11-03T00:45:00Z,900
N20271102-S025,N20271102,2027-11-03T01:00:00Z,900
N20271102-S026,N20271102,2027-11-03T01:15:00Z,900
N20271102-S027,N20271102,2027-11-03T01:30:00Z,900
N20271102-S028,N20271102,2027-11-03T01:45:00Z,900
N20271103-S001,N20271103,2027-11-03T19:00:00Z,900
N20271103-S002,N20271103,2027-11-03T19:15:00Z,900
N20271103-S003,N20271103,2027-11-03T19:30:00Z,900
N20271103-S004,N20271103,2027-11-03T19:45:00Z,900
N20271103-S005,N20271103,2027-11-03T20:00:00Z,900
N20271103-S006,N20271103,2027-11-03T20:15:00Z,900
N20271103-S007,N20271103,2027-11-03T20:30:00Z,900
N20271103-S008,N20271103,2027-11-03T20:45:00Z,900
N20271103-S009,N20271103,2027-11-03T21:00:00Z,900
N20271103-S010,N20271103,2027-11-03T21:15:00Z,900
N20271103-S011,N20271103,2027-11-03T21:30:00Z,900
N20271103-S012,N20271103,2027-11-03T21:45:00Z,900
N20271103-S013,N20271103,2027-11-03T22:00:00Z,900
N20271103-S014,N20271103,2027-11-03T22:15:00Z,900
N20271103-S015,N20271103,2027-11-03T22:30:00Z,900
N20271103-S016,N20271103,2027-11-03T22:45:00Z,900
N20271103-S017,N20271103,2027-11-03T23:00:00Z,900
N20271103-S018,N20271103,2027-11-03T23:15:00Z,900
N20271103-S019,N20271103,2027-11-03T23:30:00Z,900
N20271103-S020,N20271103,2027-11-03T23:45:00Z,900
N20271103-S021,N20271103,2027-11-04T00:00:00Z,900
N20271103-S022,N20271103,2027-11-04T00:15:00Z,900
N20271103-S023,N20271103,2027-11-04T00:30:00Z,900
N20271103-S024,N20271103,2027-11-04T00:45:00Z,900
N20271103-S025,N20271103,2027-11-04T01:00:00Z,900
N20271103-S026,N20271103,2027-11-04T01:15:00Z,900
N20271103-S027,N20271103,2027-11-04T01:30:00Z,900
N20271103-S028,N20271103,2027-11-04T01:45:00Z,900
N20271104-S001,N20271104,2027-11-04T19:00:00Z,900
N20271104-S002,N20271104,2027-11-04T19:15:00Z,900
N20271104-S003,N20271104,2027-11-04T19:30:00Z,900
N20271104-S004,N20271104,2027-11-04T19:45:00Z,900
N20271104-S005,N20271104,2027-11-04T20:00:00Z,900
N20271104-S006,N20271104,2027-11-04T20:15:00Z,900
N20271104-S007,N20271104,2027-11-04T20:30:00Z,900
N20271104-S008,N20271104,2027-11-04T20:45:00Z,900
N20271104-S009,N20271104,2027-11-04T21:00:00Z,900
N20271104-S010,N20271104,2027-11-04T21:15:00Z,900
N20271104-S011,N20271104,2027-11-04T21:30:00Z,900
N20271104-S012,N20271104,2027-11-04T21:45:00Z,900
N20271104-S013,N20271104,2027-11-04T22:00:00Z,900
N20271104-S014,N20271104,2027-11-04T22:15:00Z,900
N20271104-S015,N20271104,2027-11-04T22:30:00Z,900
N20271104-S016,N20271104,2027-11-04T22:45:00Z,900
N20271104-S017,N20271104,2027-11-04T23:00:00Z,900
N20271104-S018,N20271104,2027-11-04T23:15:00Z,900
N20271104-S019,N20271104,2027-11-04T23:30:00Z,900
N20271104-S020,N20271104,2027-11-04T23:45:00Z,900
N20271104-S021,N20271104,2027-11-05T00:00:00Z,900
N20271104-S022,N20271104,2027-11-05T00:15:00Z,900
N20271104-S023,N20271104,2027-11-05T00:30:00Z,900
N20271104-S024,N20271104,2027-11-05T00:45:00Z,900
N20271104-S025,N20271104,2027-11-05T01:00:00Z,900
N20271104-S026,N20271104,2027-11-05T01:15:00Z,900
N20271104-S027,N20271104,2027-11-05T01:30:00Z,900
N20271104-S028,N20271104,2027-11-05T01:45:00Z,900
N20271105-S001,N20271105,2027-11-05T19:00:00Z,900
N20271105-S002,N20271105,2027-11-05T19:15:00Z,900
N20271105-S003,N20271105,2027-11-05T19:30:00Z,900
N20271105-S004,N20271105,2027-11-05T19:45:00Z,900
N20271105-S005,N20271105,2027-11-05T20:00:00Z,900
N20271105-S006,N20271105,2027-11-05T20:15:00Z,900
N20271105-S007,N20271105,2027-11-05T20:30:00Z,900
N20271105-S008,N20271105,2027-11-05T20:45:00Z,900
N20271105-S009,N20271105,2027-11-05T21:00:00Z,900
N20271105-S010,N20271105,2027-11-05T21:15:00Z,900
N20271105-S011,N20271105,2027-11-05T21:30:00Z,900
N20271105-S012,N20271105,2027-11-05T21:45:00Z,900
N20271105-S013,N20271105,2027-11-05T22:00:00Z,900
N20271105-S014,N20271105,2027-11-05T22:15:00Z,900
N20271105-S015,N20271105,2027-11-05T22:30:00Z,900
N20271105-S016,N20271105,2027-11-05T22:45:00Z,900
N20271105-S017,N20271105,2027-11-05T23:00:00Z,900
N20271105-S018,N20271105,2027-11-05T23:15:00Z,900
N20271105-S019,N20271105,2027-11-05T23:30:00Z,900
N20271105-S020,N20271105,2027-11-05T23:45:00Z,900
N20271105-S021,N20271105,2027-11-06T00:00:00Z,900
N20271105-S022,N20271105,2027-11-06T00:15:00Z,900
N20271105-S023,N20271105,2027-11-06T00:30:00Z,900
N20271105-S024,N20271105,2027-11-06T00:45:00Z,900
N20271105-S025,N20271105,2027-11-06T01:00:00Z,900
N20271105-S026,N20271105,2027-11-06T01:15:00Z,900
N20271105-S027,N20271105,2027-11-06T01:30:00Z,900
N20271105-S028,N20271105,2027-11-06T01:45:00Z,900
N20271106-S001,N20271106,2027-11-06T19:00:00Z,900
N20271106-S002,N20271106,2027-11-06T19:15:00Z,900
N20271106-S003,N20271106,2027-11-06T19:30:00Z,900
N20271106-S004,N20271106,2027-11-06T19:45:00Z,900
N20271106-S005,N20271106,2027-11-06T20:00:00Z,900
N20271106-S006,N20271106,2027-11-06T20:15:00Z,900
N20271106-S007,N20271106,2027-11-06T20:30:00Z,900
N20271106-S008,N20271106,2027-11-06T20:45:00Z,900
N20271106-S009,N20271106,2027-11-06T21:00:00Z,900
N20271106-S010,N20271106,2027-11-06T21:15:00Z,900
N20271106-S011,N20271106,2027-11-06T21:30:00Z,900
N20271106-S012,N20271106,2027-11-06T21:45:00Z,900
N20271106-S013,N20271106,2027-11-06T22:00:00Z,900
N20271106-S014,N20271106,2027-11-06T22:15:00Z,900
N20271106-S015,N20271106,2027-11-06T22:30:00Z,900
N20271106-S016,N20271106,2027-11-06T22:45:00Z,900
N20271106-S017,N20271106,2027-11-06T23:00:00Z,900
N20271106-S018,N20271106,2027-11-06T23:15:00Z,900
N20271106-S019,N20271106,2027-11-06T23:30:00Z,900
N20271106-S020,N20271106,2027-11-06T23:45:00Z,900
N20271106-S021,N20271106,2027-11-07T00:00:00Z,900
N20271106-S022,N20271106,2027-11-07T00:15:00Z,900
N20271106-S023,N20271106,2027-11-07T00:30:00Z,900
N20271106-S024,N20271106,2027-11-07T00:45:00Z,900
N20271106-S025,N20271106,2027-11-07T01:00:00Z,900
N20271106-S026,N20271106,2027-11-07T01:15:00Z,900
N20271106-S027,N20271106,2027-11-07T01:30:00Z,900
N20271106-S028,N20271106,2027-11-07T01:45:00Z,900
N20271107-S001,N20271107,2027-11-07T19:00:00Z,900
N20271107-S002,N20271107,2027-11-07T19:15:00Z,900
N20271107-S003,N20271107,2027-11-07T19:30:00Z,900
N20271107-S004,N20271107,2027-11-07T19:45:00Z,900
N20271107-S005,N20271107,2027-11-07T20:00:00Z,900
N20271107-S006,N20271107,2027-11-07T20:15:00Z,900
N20271107-S007,N20271107,2027-11-07T20:30:00Z,900
N20271107-S008,N20271107,2027-11-07T20:45:00Z,900
N20271107-S009,N20271107,2027-11-07T21:00:00Z,900
N20271107-S010,N20271107,2027-11-07T21:15:00Z,900
N20271107-S011,N20271107,2027-11-07T21:30:00Z,900
N20271107-S012,N20271107,2027-11-07T21:45:00Z,900
N20271107-S013,N20271107,2027-11-07T22:00:00Z,900
N20271107-S014,N20271107,2027-11-07T22:15:00Z,900
N20271107-S015,N20271107,2027-11-07T22:30:00Z,900
N20271107-S016,N20271107,2027-11-07T22:45:00Z,900
N20271107-S017,N20271107,2027-11-07T23:00:00Z,900
N20271107-S018,N20271107,2027-11-07T23:15:00Z,900
N20271107-S019,N20271107,2027-11-07T23:30:00Z,900
N20271107-S020,N20271107,2027-11-07T23:45:00Z,900
N20271107-S021,N20271107,2027-11-08T00:00:00Z,900
N20271107-S022,N20271107,2027-11-08T00:15:00Z,900
N20271107-S023,N20271107,2027-11-08T00:30:00Z,900
N20271107-S024,N20271107,2027-11-08T00:45:00Z,900
N20271107-S025,N20271107,2027-11-08T01:00:00Z,900
N20271107-S026,N20271107,2027-11-08T01:15:00Z,900
N20271107-S027,N20271107,2027-11-08T01:30:00Z,900
N20271107-S028,N20271107,2027-11-08T01:45:00Z,900
N20271108-S001,N20271108,2027-11-08T19:00:00Z,900
N20271108-S002,N20271108,2027-11-08T19:15:00Z,900
N20271108-S003,N20271108,2027-11-08T19:30:00Z,900
N20271108-S004,N20271108,2027-11-08T19:45:00Z,900
N20271108-S005,N20271108,2027-11-08T20:00:00Z,900
N20271108-S006,N20271108,2027-11-08T20:15:00Z,900
N20271108-S007,N20271108,2027-11-08T20:30:00Z,900
N20271108-S008,N20271108,2027-11-08T20:45:00Z,900
N20271108-S009,N20271108,2027-11-08T21:00:00Z,900
N20271108-S010,N20271108,2027-11-08T21:15:00Z,900
N20271108-S011,N20271108,2027-11-08T21:30:00Z,900
N20271108-S012,N20271108,2027-11-08T21:45:00Z,900
N20271108-S013,N20271108,2027-11-08T22:00:00Z,900
N20271108-S014,N20271108,2027-11-08T22:15:00Z,900
N20271108-S015,N20271108,2027-11-08T22:30:00Z,900
N20271108-S016,N20271108,2027-11-08T22:45:00Z,900
N20271108-S017,N20271108,2027-11-08T23:00:00Z,900
N20271108-S018,N20271108,2027-11-08T23:15:00Z,900
N20271108-S019,N20271108,2027-11-08T23:30:00Z,900
N20271108-S020,N20271108,2027-11-08T23:45:00Z,900
N20271108-S021,N20271108,2027-11-09T00:00:00Z,900
N20271108-S022,N20271108,2027-11-09T00:15:00Z,900
N20271108-S023,N20271108,2027-11-09T00:30:00Z,900
N20271108-S024,N20271108,2027-11-09T00:45:00Z,900
N20271108-S025,N20271108,2027-11-09T01:00:00Z,900
N20271108-S026,N20271108,2027-11-09T01:15:00Z,900
N20271108-S027,N20271108,2027-11-09T01:30:00Z,900
N20271108-S028,N20271108,2027-11-09T01:45:00Z,900
N20271109-S001,N20271109,2027-11-09T19:00:00Z,900
N20271109-S002,N20271109,2027-11-09T19:15:00Z,900
N20271109-S003,N20271109,2027-11-09T19:30:00Z,900
N20271109-S004,N20271109,2027-11-09T19:45:00Z,900
N20271109-S005,N20271109,2027-11-09T20:00:00Z,900
N20271109-S006,N20271109,2027-11-09T20:15:00Z,900
N20271109-S007,N20271109,2027-11-09T20:30:00Z,900
N20271109-S008,N20271109,2027-11-09T20:45:00Z,900
N20271109-S009,N20271109,2027-11-09T21:00:00Z,900
N20271109-S010,N20271109,2027-11-09T21:15:00Z,900
N20271109-S011,N20271109,2027-11-09T21:30:00Z,900
N20271109-S012,N20271109,2027-11-09T21:45:00Z,900
N20271109-S013,N20271109,2027-11-09T22:00:00Z,900
N20271109-S014,N20271109,2027-11-09T22:15:00Z,900
N20271109-S015,N20271109,2027-11-09T22:30:00Z,900
N20271109-S016,N20271109,2027-11-09T22:45:00Z,900
N20271109-S017,N20271109,2027-11-09T23:00:00Z,900
N20271109-S018,N20271109,2027-11-09T23:15:00Z,900
N20271109-S019,N20271109,2027-11-09T23:30:00Z,900
N20271109-S020,N20271109,2027-11-09T23:45:00Z,900
N20271109-S021,N20271109,2027-11-10T00:00:00Z,900
N20271109-S022,N20271109,2027-11-10T00:15:00Z,900
N20271109-S023,N20271109,2027-11-10T00:30:00Z,900
N20271109-S024,N20271109,2027-11-10T00:45:00Z,900
N20271109-S025,N20271109,2027-11-10T01:00:00Z,900
N20271109-S026,N20271109,2027-11-10T01:15:00Z,900
N20271109-S027,N20271109,2027-11-10T01:30:00Z,900
N20271109-S028,N20271109,2027-11-10T01:45:00Z,900
N20271110-S001,N20271110,2027-11-10T19:00:00Z,900
N20271110-S002,N20271110,2027-11-10T19:15:00Z,900
N20271110-S003,N20271110,2027-11-10T19:30:00Z,900
N20271110-S004,N20271110,2027-11-10T19:45:00Z,900
N20271110-S005,N20271110,2027-11-10T20:00:00Z,900
N20271110-S006,N20271110,2027-11-10T20:15:00Z,900
N20271110-S007,N20271110,2027-11-10T20:30:00Z,900
N20271110-S008,N20271110,2027-11-10T20:45:00Z,900
N20271110-S009,N20271110,2027-11-10T21:00:00Z,900
N20271110-S010,N20271110,2027-11-10T21:15:00Z,900
N20271110-S011,N20271110,2027-11-10T21:30:00Z,900
N20271110-S012,N20271110,2027-11-10T21:45:00Z,900
N20271110-S013,N20271110,2027-11-10T22:00:00Z,900
N20271110-S014,N20271110,2027-11-10T22:15:00Z,900
N20271110-S015,N20271110,2027-11-10T22:30:00Z,900
N20271110-S016,N20271110,2027-11-10T22:45:00Z,900
N20271110-S017,N20271110,2027-11-10T23:00:00Z,900
N20271110-S018,N20271110,2027-11-10T23:15:00Z,900
N20271110-S019,N20271110,2027-11-10T23:30:00Z,900
N20271110-S020,N20271110,2027-11-10T23:45:00Z,900
N20271110-S021,N20271110,2027-11-11T00:00:00Z,900
N20271110-S022,N20271110,2027-11-11T00:15:00Z,900
N20271110-S023,N20271110,2027-11-11T00:30:00Z,900
N20271110-S024,N20271110,2027-11-11T00:45:00Z,900
N20271110-S025,N20271110,2027-11-11T01:00:00Z,900
N20271110-S026,N20271110,2027-11-11T01:15:00Z,900
N20271110-S027,N20271110,2027-11-11T01:30:00Z,900
N20271110-S028,N20271110,2027-11-11T01:45:00Z,900
N20271111-S001,N20271111,2027-11-11T19:00:00Z,900
N20271111-S002,N20271111,2027-11-11T19:15:00Z,900
N20271111-S003,N20271111,2027-11-11T19:30:00Z,900
N20271111-S004,N20271111,2027-11-11T19:45:00Z,900
N20271111-S005,N20271111,2027-11-11T20:00:00Z,900
N20271111-S006,N20271111,2027-11-11T20:15:00Z,900
N20271111-S007,N20271111,2027-11-11T20:30:00Z,900
N20271111-S008,N20271111,2027-11-11T20:45:00Z,900
N20271111-S009,N20271111,2027-11-11T21:00:00Z,900
N20271111-S010,N20271111,2027-11-11T21:15:00Z,900
N20271111-S011,N20271111,2027-11-11T21:30:00Z,900
N20271111-S012,N20271111,2027-11-11T21:45:00Z,900
N20271111-S013,N20271111,2027-11-11T22:00:00Z,900
N20271111-S014,N20271111,2027-11-11T22:15:00Z,900
N20271111-S015,N20271111,2027-11-11T22:30:00Z,900
N20271111-S016,N20271111,2027-11-11T22:45:00Z,900
N20271111-S017,N20271111,2027-11-11T23:00:00Z,900
N20271111-S018,N20271111,2027-11-11T23:15:00Z,900
N20271111-S019,N20271111,2027-11-11T23:30:00Z,900
N20271111-S020,N20271111,2027-11-11T23:45:00Z,900
N20271111-S021,N20271111,2027-11-12T00:00:00Z,900
N20271111-S022,N20271111,2027-11-12T00:15:00Z,900
N20271111-S023,N20271111,2027-11-12T00:30:00Z,900
N20271111-S024,N20271111,2027-11-12T00:45:00Z,900
N20271111-S025,N20271111,2027-11-12T01:00:00Z,900
N20271111-S026,N20271111,2027-11-12T01:15:00Z,900
N20271111-S027,N20271111,2027-11-12T01:30:00Z,900
N20271111-S028,N20271111,2027-11-12T01:45:00Z,900
N20271112-S001,N20271112,2027-11-12T19:00:00Z,900
N20271112-S002,N20271112,2027-11-12T19:15:00Z,900
N20271112-S003,N20271112,2027-11-12T19:30:00Z,900
N20271112-S004,N20271112,2027-11-12T19:45:00Z,900
N20271112-S005,N20271112,2027-11-12T20:00:00Z,900
N20271112-S006,N20271112,2027-11-12T20:15:00Z,900
N20271112-S007,N20271112,2027-11-12T20:30:00Z,900
N20271112-S008,N20271112,2027-11-12T20:45:00Z,900
N20271112-S009,N20271112,2027-11-12T21:00:00Z,900
N20271112-S010,N20271112,2027-11-12T21:15:00Z,900
N20271112-S011,N20271112,2027-11-12T21:30:00Z,900
N20271112-S012,N20271112,2027-11-12T21:45:00Z,900
N20271112-S013,N20271112,2027-11-12T22:00:00Z,900
N20271112-S014,N20271112,2027-11-12T22:15:00Z,900
N20271112-S015,N20271112,2027-11-12T22:30:00Z,900
N20271112-S016,N20271112,2027-11-12T22:45:00Z,900
N20271112-S017,N20271112,2027-11-12T23:00:00Z,900
N20271112-S018,N20271112,2027-11-12T23:15:00Z,900
N20271112-S019,N20271112,2027-11-12T23:30:00Z,900
N20271112-S020,N20271112,2027-11-12T23:45:00Z,900
N20271112-S021,N20271112,2027-11-13T00:00:00Z,900
N20271112-S022,N20271112,2027-11-13T00:15:00Z,900
N20271112-S023,N20271112,2027-11-13T00:30:00Z,900
N20271112-S024,N20271112,2027-11-13T00:45:00Z,900
N20271112-S025,N20271112,2027-11-13T01:00:00Z,900
N20271112-S026,N20271112,2027-11-13T01:15:00Z,900
N20271112-S027,N20271112,2027-11-13T01:30:00Z,900
N20271112-S028,N20271112,2027-11-13T01:45:00Z,900
N20271113-S001,N20271113,2027-11-13T19:15:00Z,900
N20271113-S002,N20271113,2027-11-13T19:30:00Z,900
N20271113-S003,N20271113,2027-11-13T19:45:00Z,900
N20271113-S004,N20271113,2027-11-13T20:00:00Z,900
N20271113-S005,N20271113,2027-11-13T20:15:00Z,900
N20271113-S006,N20271113,2027-11-13T20:30:00Z,900
N20271113-S007,N20271113,2027-11-13T20:45:00Z,900
N20271113-S008,N20271113,2027-11-13T21:00:00Z,900
N20271113-S009,N20271113,2027-11-13T21:15:00Z,900
N20271113-S010,N20271113,2027-11-13T21:30:00Z,900
N20271113-S011,N20271113,2027-11-13T21:45:00Z,900
N20271113-S012,N20271113,2027-11-13T22:00:00Z,900
N20271113-S013,N20271113,2027-11-13T22:15:00Z,900
N20271113-S014,N20271113,2027-11-13T22:30:00Z,900
N20271113-S015,N20271113,2027-11-13T22:45:00Z,900
N20271113-S016,N20271113,2027-11-13T23:00:00Z,900
N20271113-S017,N20271113,2027-11-13T23:15:00Z,900
N20271113-S018,N20271113,2027-11-13T23:30:00Z,900
N20271113-S019,N20271113,2027-11-13T23:45:00Z,900
N20271113-S020,N20271113,2027-11-14T00:00:00Z,900
N20271113-S021,N20271113,2027-11-14T00:15:00Z,900
N20271113-S022,N20271113,2027-11-14T00:30:00Z,900
N20271113-S023,N20271113,2027-11-14T00:45:00Z,900
N20271113-S024,N20271113,2027-11-14T01:00:00Z,900
N20271113-S025,N20271113,2027-11-14T01:15:00Z,900
N20271113-S026,N20271113,2027-11-14T01:30:00Z,900
N20271114-S001,N20271114,2027-11-14T19:15:00Z,900
N20271114-S002,N20271114,2027-11-14T19:30:00Z,900
N20271114-S003,N20271114,2027-11-14T19:45:00Z,900
N20271114-S004,N20271114,2027-11-14T20:00:00Z,900
N20271114-S005,N20271114,2027-11-14T20:15:00Z,900
N20271114-S006,N20271114,2027-11-14T20:30:00Z,900
N20271114-S007,N20271114,2027-11-14T20:45:00Z,900
N20271114-S008,N20271114,2027-11-14T21:00:00Z,900
N20271114-S009,N20271114,2027-11-14T21:15:00Z,900
N20271114-S010,N20271114,2027-11-14T21:30:00Z,900
N20271114-S011,N20271114,2027-11-14T21:45:00Z,900
N20271114-S012,N20271114,2027-11-14T22:00:00Z,900
N20271114-S013,N20271114,2027-11-14T22:15:00Z,900
N20271114-S014,N20271114,2027-11-14T22:30:00Z,900
N20271114-S015,N20271114,2027-11-14T22:45:00Z,900
N20271114-S016,N20271114,2027-11-14T23:00:00Z,900
N20271114-S017,N20271114,2027-11-14T23:15:00Z,900
N20271114-S018,N20271114,2027-11-14T23:30:00Z,900
N20271114-S019,N20271114,2027-11-14T23:45:00Z,900
N20271114-S020,N20271114,2027-11-15T00:00:00Z,900
N20271114-S021,N20271114,2027-11-15T00:15:00Z,900
N20271114-S022,N20271114,2027-11-15T00:30:00Z,900
N20271114-S023,N20271114,2027-11-15T00:45:00Z,900
N20271114-S024,N20271114,2027-11-15T01:00:00Z,900
N20271114-S025,N20271114,2027-11-15T01:15:00Z,900
N20271114-S026,N20271114,2027-11-15T01:30:00Z,900
N20271115-S001,N20271115,2027-11-15T19:15:00Z,900
N20271115-S002,N20271115,2027-11-15T19:30:00Z,900
N20271115-S003,N20271115,2027-11-15T19:45:00Z,900
N20271115-S004,N20271115,2027-11-15T20:00:00Z,900
N20271115-S005,N20271115,2027-11-15T20:15:00Z,900
N20271115-S006,N20271115,2027-11-15T20:30:00Z,900
N20271115-S007,N20271115,2027-11-15T20:45:00Z,900
N20271115-S008,N20271115,2027-11-15T21:00:00Z,900
N20271115-S009,N20271115,2027-11-15T21:15:00Z,900
N20271115-S010,N20271115,2027-11-15T21:30:00Z,900
N20271115-S011,N20271115,2027-11-15T21:45:00Z,900
N20271115-S012,N20271115,2027-11-15T22:00:00Z,900
N20271115-S013,N20271115,2027-11-15T22:15:00Z,900
N20271115-S014,N20271115,2027-11-15T22:30:00Z,900
N20271115-S015,N20271115,2027-11-15T22:45:00Z,900
N20271115-S016,N20271115,2027-11-15T23:00:00Z,900
N20271115-S017,N20271115,2027-11-15T23:15:00Z,900
N20271115-S018,N20271115,2027-11-15T23:30:00Z,900
N20271115-S019,N20271115,2027-11-15T23:45:00Z,900
N20271115-S020,N20271115,2027-11-16T00:00:00Z,900
N20271115-S021,N20271115,2027-11-16T00:15:00Z,900
N20271115-S022,N20271115,2027-11-16T00:30:00Z,900
N20271115-S023,N20271115,2027-11-16T00:45:00Z,900
N20271115-S024,N20271115,2027-11-16T01:00:00Z,900
N20271115-S025,N20271115,2027-11-16T01:15:00Z,900
N20271115-S026,N20271115,2027-11-16T01:30:00Z,900
N20271116-S001,N20271116,2027-11-16T19:15:00Z,900
N20271116-S002,N20271116,2027-11-16T19:30:00Z,900
N20271116-S003,N20271116,2027-11-16T19:45:00Z,900
N20271116-S004,N20271116,2027-11-16T20:00:00Z,900
N20271116-S005,N20271116,2027-11-16T20:15:00Z,900
N20271116-S006,N20271116,2027-11-16T20:30:00Z,900
N20271116-S007,N20271116,2027-11-16T20:45:00Z,900
N20271116-S008,N20271116,2027-11-16T21:00:00Z,900
N20271116-S009,N20271116,2027-11-16T21:15:00Z,900
N20271116-S010,N20271116,2027-11-16T21:30:00Z,900
N20271116-S011,N20271116,2027-11-16T21:45:00Z,900
N20271116-S012,N20271116,2027-11-16T22:00:00Z,900
N20271116-S013,N20271116,2027-11-16T22:15:00Z,900
N20271116-S014,N20271116,2027-11-16T22:30:00Z,900
N20271116-S015,N20271116,2027-11-16T22:45:00Z,900
N20271116-S016,N20271116,2027-11-16T23:00:00Z,900
N20271116-S017,N20271116,2027-11-16T23:15:00Z,900
N20271116-S018,N20271116,2027-11-16T23:30:00Z,900
N20271116-S019,N20271116,2027-11-16T23:45:00Z,900
N20271116-S020,N20271116,2027-11-17T00:00:00Z,900
N20271116-S021,N20271116,2027-11-17T00:15:00Z,900
N20271116-S022,N20271116,2027-11-17T00:30:00Z,900
N20271116-S023,N20271116,2027-11-17T00:45:00Z,900
N20271116-S024,N20271116,2027-11-17T01:00:00Z,900
N20271116-S025,N20271116,2027-11-17T01:15:00Z,900
N20271116-S026,N20271116,2027-11-17T01:30:00Z,900
N20271117-S001,N20271117,2027-11-17T19:15:00Z,900
N20271117-S002,N20271117,2027-11-17T19:30:00Z,900
N20271117-S003,N20271117,2027-11-17T19:45:00Z,900
N20271117-S004,N20271117,2027-11-17T20:00:00Z,900
N20271117-S005,N20271117,2027-11-17T20:15:00Z,900
N20271117-S006,N20271117,2027-11-17T20:30:00Z,900
N20271117-S007,N20271117,2027-11-17T20:45:00Z,900
N20271117-S008,N20271117,2027-11-17T21:00:00Z,900
N20271117-S009,N20271117,2027-11-17T21:15:00Z,900
N20271117-S010,N20271117,2027-11-17T21:30:00Z,900
N20271117-S011,N20271117,2027-11-17T21:45:00Z,900
N20271117-S012,N20271117,2027-11-17T22:00:00Z,900
N20271117-S013,N20271117,2027-11-17T22:15:00Z,900
N20271117-S014,N20271117,2027-11-17T22:30:00Z,900
N20271117-S015,N20271117,2027-11-17T22:45:00Z,900
N20271117-S016,N20271117,2027-11-17T23:00:00Z,900
N20271117-S017,N20271117,2027-11-17T23:15:00Z,900
N20271117-S018,N20271117,2027-11-17T23:30:00Z,900
N20271117-S019,N20271117,2027-11-17T23:45:00Z,900
N20271117-S020,N20271117,2027-11-18T00:00:00Z,900
N20271117-S021,N20271117,2027-11-18T00:15:00Z,900
N20271117-S022,N20271117,2027-11-18T00:30:00Z,900
N20271117-S023,N20271117,2027-11-18T00:45:00Z,900
N20271117-S024,N20271117,2027-11-18T01:00:00Z,900
N20271117-S025,N20271117,2027-11-18T01:15:00Z,900
N20271117-S026,N20271117,2027-11-18T01:30:00Z,900
N20271118-S001,N20271118,2027-11-18T19:15:00Z,900
N20271118-S002,N20271118,2027-11-18T19:30:00Z,900
N20271118-S003,N20271118,2027-11-18T19:45:00Z,900
N20271118-S004,N20271118,2027-11-18T20:00:00Z,900
N20271118-S005,N20271118,2027-11-18T20:15:00Z,900
N20271118-S006,N20271118,2027-11-18T20:30:00Z,900
N20271118-S007,N20271118,2027-11-18T20:45:00Z,900
N20271118-S008,N20271118,2027-11-18T21:00:00Z,900
N20271118-S009,N20271118,2027-11-18T21:15:00Z,900
N20271118-S010,N20271118,2027-11-18T21:30:00Z,900
N20271118-S011,N20271118,2027-11-18T21:45:00Z,900
N20271118-S012,N20271118,2027-11-18T22:00:00Z,900
N20271118-S013,N20271118,2027-11-18T22:15:00Z,900
N20271118-S014,N20271118,2027-11-18T22:30:00Z,900
N20271118-S015,N20271118,2027-11-18T22:45:00Z,900
N20271118-S016,N20271118,2027-11-18T23:00:00Z,900
N20271118-S017,N20271118,2027-11-18T23:15:00Z,900
N20271118-S018,N20271118,2027-11-18T23:30:00Z,900
N20271118-S019,N20271118,2027-11-18T23:45:00Z,900
N20271118-S020,N20271118,2027-11-19T00:00:00Z,900
N20271118-S021,N20271118,2027-11-19T00:15:00Z,900
N20271118-S022,N20271118,2027-11-19T00:30:00Z,900
N20271118-S023,N20271118,2027-11-19T00:45:00Z,900
N20271118-S024,N20271118,2027-11-19T01:00:00Z,900
N20271118-S025,N20271118,2027-11-19T01:15:00Z,900
N20271118-S026,N20271118,2027-11-19T01:30:00Z,900
N20271119-S001,N20271119,2027-11-19T19:15:00Z,900
N20271119-S002,N20271119,2027-11-19T19:30:00Z,900
N20271119-S003,N20271119,2027-11-19T19:45:00Z,900
N20271119-S004,N20271119,2027-11-19T20:00:00Z,900
N20271119-S005,N20271119,2027-11-19T20:15:00Z,900
N20271119-S006,N20271119,2027-11-19T20:30:00Z,900
N20271119-S007,N20271119,2027-11-19T20:45:00Z,900
N20271119-S008,N20271119,2027-11-19T21:00:00Z,900
N20271119-S009,N20271119,2027-11-19T21:15:00Z,900
N20271119-S010,N20271119,2027-11-19T21:30:00Z,900
N20271119-S011,N20271119,2027-11-19T21:45:00Z,900
N20271119-S012,N20271119,2027-11-19T22:00:00Z,900
N20271119-S013,N20271119,2027-11-19T22:15:00Z,900
N20271119-S014,N20271119,2027-11-19T22:30:00Z,900
N20271119-S015,N20271119,2027-11-19T22:45:00Z,900
N20271119-S016,N20271119,2027-11-19T23:00:00Z,900
N20271119-S017,N20271119,2027-11-19T23:15:00Z,900
N20271119-S018,N20271119,2027-11-19T23:30:00Z,900
N20271119-S019,N20271119,2027-11-19T23:45:00Z,900
N20271119-S020,N20271119,2027-11-20T00:00:00Z,900
N20271119-S021,N20271119,2027-11-20T00:15:00Z,900
N20271119-S022,N20271119,2027-11-20T00:30:00Z,900
N20271119-S023,N20271119,2027-11-20T00:45:00Z,900
N20271119-S024,N20271119,2027-11-20T01:00:00Z,900
N20271119-S025,N20271119,2027-11-20T01:15:00Z,900
N20271119-S026,N20271119,2027-11-20T01:30:00Z,900
N20271120-S001,N20271120,2027-11-20T19:15:00Z,900
N20271120-S002,N20271120,2027-11-20T19:30:00Z,900
N20271120-S003,N20271120,2027-11-20T19:45:00Z,900
N20271120-S004,N20271120,2027-11-20T20:00:00Z,900
N20271120-S005,N20271120,2027-11-20T20:15:00Z,900
N20271120-S006,N20271120,2027-11-20T20:30:00Z,900
N20271120-S007,N20271120,2027-11-20T20:45:00Z,900
N20271120-S008,N20271120,2027-11-20T21:00:00Z,900
N20271120-S009,N20271120,2027-11-20T21:15:00Z,900
N20271120-S010,N20271120,2027-11-20T21:30:00Z,900
N20271120-S011,N20271120,2027-11-20T21:45:00Z,900
N20271120-S012,N20271120,2027-11-20T22:00:00Z,900
N20271120-S013,N20271120,2027-11-20T22:15:00Z,900
N20271120-S014,N20271120,2027-11-20T22:30:00Z,900
N20271120-S015,N20271120,2027-11-20T22:45:00Z,900
N20271120-S016,N20271120,2027-11-20T23:00:00Z,900
N20271120-S017,N20271120,2027-11-20T23:15:00Z,900
N20271120-S018,N20271120,2027-11-20T23:30:00Z,900
N20271120-S019,N20271120,2027-11-20T23:45:00Z,900
N20271120-S020,N20271120,2027-11-21T00:00:00Z,900
N20271120-S021,N20271120,2027-11-21T00:15:00Z,900
N20271120-S022,N20271120,2027-11-21T00:30:00Z,900
N20271120-S023,N20271120,2027-11-21T00:45:00Z,900
N20271120-S024,N20271120,2027-11-21T01:00:00Z,900
N20271120-S025,N20271120,2027-11-21T01:15:00Z,900
N20271120-S026,N20271120,2027-11-21T01:30:00Z,900
N20271121-S001,N20271121,2027-11-21T19:15:00Z,900
N20271121-S002,N20271121,2027-11-21T19:30:00Z,900
N20271121-S003,N20271121,2027-11-21T19:45:00Z,900
N20271121-S004,N20271121,2027-11-21T20:00:00Z,900
N20271121-S005,N20271121,2027-11-21T20:15:00Z,900
N20271121-S006,N20271121,2027-11-21T20:30:00Z,900
N20271121-S007,N20271121,2027-11-21T20:45:00Z,900
N20271121-S008,N20271121,2027-11-21T21:00:00Z,900
N20271121-S009,N20271121,2027-11-21T21:15:00Z,900
N20271121-S010,N20271121,2027-11-21T21:30:00Z,900
N20271121-S011,N20271121,2027-11-21T21:45:00Z,900
N20271121-S012,N20271121,2027-11-21T22:00:00Z,900
N20271121-S013,N20271121,2027-11-21T22:15:00Z,900
N20271121-S014,N20271121,2027-11-21T22:30:00Z,900
N20271121-S015,N20271121,2027-11-21T22:45:00Z,900
N20271121-S016,N20271121,2027-11-21T23:00:00Z,900
N20271121-S017,N20271121,2027-11-21T23:15:00Z,900
N20271121-S018,N20271121,2027-11-21T23:30:00Z,900
N20271121-S019,N20271121,2027-11-21T23:45:00Z,900
N20271121-S020,N20271121,2027-11-22T00:00:00Z,900
N20271121-S021,N20271121,2027-11-22T00:15:00Z,900
N20271121-S022,N20271121,2027-11-22T00:30:00Z,900
N20271121-S023,N20271121,2027-11-22T00:45:00Z,900
N20271121-S024,N20271121,2027-11-22T01:00:00Z,900
N20271121-S025,N20271121,2027-11-22T01:15:00Z,900
N20271121-S026,N20271121,2027-11-22T01:30:00Z,900
N20271122-S001,N20271122,2027-11-22T19:15:00Z,900
N20271122-S002,N20271122,2027-11-22T19:30:00Z,900
N20271122-S003,N20271122,2027-11-22T19:45:00Z,900
N20271122-S004,N20271122,2027-11-22T20:00:00Z,900
N20271122-S005,N20271122,2027-11-22T20:15:00Z,900
N20271122-S006,N20271122,2027-11-22T20:30:00Z,900
N20271122-S007,N20271122,2027-11-22T20:45:00Z,900
N20271122-S008,N20271122,2027-11-22T21:00:00Z,900
N20271122-S009,N20271122,2027-11-22T21:15:00Z,900
N20271122-S010,N20271122,2027-11-22T21:30:00Z,900
N20271122-S011,N20271122,2027-11-22T21:45:00Z,900
N20271122-S012,N20271122,2027-11-22T22:00:00Z,900
N20271122-S013,N20271122,2027-11-22T22:15:00Z,900
N20271122-S014,N20271122,2027-11-22T22:30:00Z,900
N20271122-S015,N20271122,2027-11-22T22:45:00Z,900
N20271122-S016,N20271122,2027-11-22T23:00:00Z,900
N20271122-S017,N20271122,2027-11-22T23:15:00Z,900
N20271122-S018,N20271122,2027-11-22T23:30:00Z,900
N20271122-S019,N20271122,2027-11-22T23:45:00Z,900
N20271122-S020,N20271122,2027-11-23T00:00:00Z,900
N20271122-S021,N20271122,2027-11-23T00:15:00Z,900
N20271122-S022,N20271122,2027-11-23T00:30:00Z,900
N20271122-S023,N20271122,2027-11-23T00:45:00Z,900
N20271122-S024,N20271122,2027-11-23T01:00:00Z,900
N20271122-S025,N20271122,2027-11-23T01:15:00Z,900
N20271122-S026,N20271122,2027-11-23T01:30:00Z,900
N20271123-S001,N20271123,2027-11-23T19:15:00Z,900
N20271123-S002,N20271123,2027-11-23T19:30:00Z,900
N20271123-S003,N20271123,2027-11-23T19:45:00Z,900
N20271123-S004,N20271123,2027-11-23T20:00:00Z,900
N20271123-S005,N20271123,2027-11-23T20:15:00Z,900
N20271123-S006,N20271123,2027-11-23T20:30:00Z,900
N20271123-S007,N20271123,2027-11-23T20:45:00Z,900
N20271123-S008,N20271123,2027-11-23T21:00:00Z,900
N20271123-S009,N20271123,2027-11-23T21:15:00Z,900
N20271123-S010,N20271123,2027-11-23T21:30:00Z,900
N20271123-S011,N20271123,2027-11-23T21:45:00Z,900
N20271123-S012,N20271123,2027-11-23T22:00:00Z,900
N20271123-S013,N20271123,2027-11-23T22:15:00Z,900
N20271123-S014,N20271123,2027-11-23T22:30:00Z,900
N20271123-S015,N20271123,2027-11-23T22:45:00Z,900
N20271123-S016,N20271123,2027-11-23T23:00:00Z,900
N20271123-S017,N20271123,2027-11-23T23:15:00Z,900
N20271123-S018,N20271123,2027-11-23T23:30:00Z,900
N20271123-S019,N20271123,2027-11-23T23:45:00Z,900
N20271123-S020,N20271123,2027-11-24T00:00:00Z,900
N20271123-S021,N20271123,2027-11-24T00:15:00Z,900
N20271123-S022,N20271123,2027-11-24T00:30:00Z,900
N20271123-S023,N20271123,2027-11-24T00:45:00Z,900
N20271123-S024,N20271123,2027-11-24T01:00:00Z,900
N20271123-S025,N20271123,2027-11-24T01:15:00Z,900
N20271123-S026,N20271123,2027-11-24T01:30:00Z,900
N20271124-S001,N20271124,2027-11-24T19:30:00Z,900
N20271124-S002,N20271124,2027-11-24T19:45:00Z,900
N20271124-S003,N20271124,2027-11-24T20:00:00Z,900
N20271124-S004,N20271124,2027-11-24T20:15:00Z,900
N20271124-S005,N20271124,2027-11-24T20:30:00Z,900
N20271124-S006,N20271124,2027-11-24T20:45:00Z,900
N20271124-S007,N20271124,2027-11-24T21:00:00Z,900
N20271124-S008,N20271124,2027-11-24T21:15:00Z,900
N20271124-S009,N20271124,2027-11-24T21:30:00Z,900
N20271124-S010,N20271124,2027-11-24T21:45:00Z,900
N20271124-S011,N20271124,2027-11-24T22:00:00Z,900
N20271124-S012,N20271124,2027-11-24T22:15:00Z,900
N20271124-S013,N20271124,2027-11-24T22:30:00Z,900
N20271124-S014,N20271124,2027-11-24T22:45:00Z,900
N20271124-S015,N20271124,2027-11-24T23:00:00Z,900
N20271124-S016,N20271124,2027-11-24T23:15:00Z,900
N20271124-S017,N20271124,2027-11-24T23:30:00Z,900
N20271124-S018,N20271124,2027-11-24T23:45:00Z,900
N20271124-S019,N20271124,2027-11-25T00:00:00Z,900
N20271124-S020,N20271124,2027-11-25T00:15:00Z,900
N20271124-S021,N20271124,2027-11-25T00:30:00Z,900
N20271124-S022,N20271124,2027-11-25T00:45:00Z,900
N20271124-S023,N20271124,2027-11-25T01:00:00Z,900
N20271124-S024,N20271124,2027-11-25T01:15:00Z,900
N20271124-S025,N20271124,2027-11-25T01:30:00Z,900
N20271125-S001,N20271125,2027-11-25T19:30:00Z,900
N20271125-S002,N20271125,2027-11-25T19:45:00Z,900
N20271125-S003,N20271125,2027-11-25T20:00:00Z,900
N20271125-S004,N20271125,2027-11-25T20:15:00Z,900
N20271125-S005,N20271125,2027-11-25T20:30:00Z,900
N20271125-S006,N20271125,2027-11-25T20:45:00Z,900
N20271125-S007,N20271125,2027-11-25T21:00:00Z,900
N20271125-S008,N20271125,2027-11-25T21:15:00Z,900
N20271125-S009,N20271125,2027-11-25T21:30:00Z,900
N20271125-S010,N20271125,2027-11-25T21:45:00Z,900
N20271125-S011,N20271125,2027-11-25T22:00:00Z,900
N20271125-S012,N20271125,2027-11-25T22:15:00Z,900
N20271125-S013,N20271125,2027-11-25T22:30:00Z,900
N20271125-S014,N20271125,2027-11-25T22:45:00Z,900
N20271125-S015,N20271125,2027-11-25T23:00:00Z,900
N20271125-S016,N20271125,2027-11-25T23:15:00Z,900
N20271125-S017,N20271125,2027-11-25T23:30:00Z,900
N20271125-S018,N20271125,2027-11-25T23:45:00Z,900
N20271125-S019,N20271125,2027-11-26T00:00:00Z,900
N20271125-S020,N20271125,2027-11-26T00:15:00Z,900
N20271125-S021,N20271125,2027-11-26T00:30:00Z,900
N20271125-S022,N20271125,2027-11-26T00:45:00Z,900
N20271125-S023,N20271125,2027-11-26T01:00:00Z,900
N20271125-S024,N20271125,2027-11-26T01:15:00Z,900
N20271125-S025,N20271125,2027-11-26T01:30:00Z,900
N20271126-S001,N20271126,2027-11-26T19:30:00Z,900
N20271126-S002,N20271126,2027-11-26T19:45:00Z,900
N20271126-S003,N20271126,2027-11-26T20:00:00Z,900
N20271126-S004,N20271126,2027-11-26T20:15:00Z,900
N20271126-S005,N20271126,2027-11-26T20:30:00Z,900
N20271126-S006,N20271126,2027-11-26T20:45:00Z,900
N20271126-S007,N20271126,2027-11-26T21:00:00Z,900
N20271126-S008,N20271126,2027-11-26T21:15:00Z,900
N20271126-S009,N20271126,2027-11-26T21:30:00Z,900
N20271126-S010,N20271126,2027-11-26T21:45:00Z,900
N20271126-S011,N20271126,2027-11-26T22:00:00Z,900
N20271126-S012,N20271126,2027-11-26T22:15:00Z,900
N20271126-S013,N20271126,2027-11-26T22:30:00Z,900
N20271126-S014,N20271126,2027-11-26T22:45:00Z,900
N20271126-S015,N20271126,2027-11-26T23:00:00Z,900
N20271126-S016,N20271126,2027-11-26T23:15:00Z,900
N20271126-S017,N20271126,2027-11-26T23:30:00Z,900
N20271126-S018,N20271126,2027-11-26T23:45:00Z,900
N20271126-S019,N20271126,2027-11-27T00:00:00Z,900
N20271126-S020,N20271126,2027-11-27T00:15:00Z,900
N20271126-S021,N20271126,2027-11-27T00:30:00Z,900
N20271126-S022,N20271126,2027-11-27T00:45:00Z,900
N20271126-S023,N20271126,2027-11-27T01:00:00Z,900
N20271126-S024,N20271126,2027-11-27T01:15:00Z,900
N20271126-S025,N20271126,2027-11-27T01:30:00Z,900
N20271127-S001,N20271127,2027-11-27T19:30:00Z,900
N20271127-S002,N20271127,2027-11-27T19:45:00Z,900
N20271127-S003,N20271127,2027-11-27T20:00:00Z,900
N20271127-S004,N20271127,2027-11-27T20:15:00Z,900
N20271127-S005,N20271127,2027-11-27T20:30:00Z,900
N20271127-S006,N20271127,2027-11-27T20:45:00Z,900
N20271127-S007,N20271127,2027-11-27T21:00:00Z,900
N20271127-S008,N20271127,2027-11-27T21:15:00Z,900
N20271127-S009,N20271127,2027-11-27T21:30:00Z,900
N20271127-S010,N20271127,2027-11-27T21:45:00Z,900
N20271127-S011,N20271127,2027-11-27T22:00:00Z,900
N20271127-S012,N20271127,2027-11-27T22:15:00Z,900
N20271127-S013,N20271127,2027-11-27T22:30:00Z,900
N20271127-S014,N20271127,2027-11-27T22:45:00Z,900
N20271127-S015,N20271127,2027-11-27T23:00:00Z,900
N20271127-S016,N20271127,2027-11-27T23:15:00Z,900
N20271127-S017,N20271127,2027-11-27T23:30:00Z,900
N20271127-S018,N20271127,2027-11-27T23:45:00Z,900
N20271127-S019,N20271127,2027-11-28T00:00:00Z,900
N20271127-S020,N20271127,2027-11-28T00:15:00Z,900
N20271127-S021,N20271127,2027-11-28T00:30:00Z,900
N20271127-S022,N20271127,2027-11-28T00:45:00Z,900
N20271127-S023,N20271127,2027-11-28T01:00:00Z,900
N20271127-S024,N20271127,2027-11-28T01:15:00Z,900
N20271127-S025,N20271127,2027-11-28T01:30:00Z,900
N20271128-S001,N20271128,2027-11-28T19:30:00Z,900
N20271128-S002,N20271128,2027-11-28T19:45:00Z,900
N20271128-S003,N20271128,2027-11-28T20:00:00Z,900
N20271128-S004,N20271128,2027-11-28T20:15:00Z,900
N20271128-S005,N20271128,2027-11-28T20:30:00Z,900
N20271128-S006,N20271128,2027-11-28T20:45:00Z,900
N20271128-S007,N20271128,2027-11-28T21:00:00Z,900
N20271128-S008,N20271128,2027-11-28T21:15:00Z,900
N20271128-S009,N20271128,2027-11-28T21:30:00Z,900
N20271128-S010,N20271128,2027-11-28T21:45:00Z,900
N20271128-S011,N20271128,2027-11-28T22:00:00Z,900
N20271128-S012,N20271128,2027-11-28T22:15:00Z,900
N20271128-S013,N20271128,2027-11-28T22:30:00Z,900
N20271128-S014,N20271128,2027-11-28T22:45:00Z,900
N20271128-S015,N20271128,2027-11-28T23:00:00Z,900
N20271128-S016,N20271128,2027-11-28T23:15:00Z,900
N20271128-S017,N20271128,2027-11-28T23:30:00Z,900
N20271128-S018,N20271128,2027-11-28T23:45:00Z,900
N20271128-S019,N20271128,2027-11-29T00:00:00Z,900
N20271128-S020,N20271128,2027-11-29T00:15:00Z,900
N20271128-S021,N20271128,2027-11-29T00:30:00Z,900
N20271128-S022,N20271128,2027-11-29T00:45:00Z,900
N20271128-S023,N20271128,2027-11-29T01:00:00Z,900
N20271128-S024,N20271128,2027-11-29T01:15:00Z,900
N20271128-S025,N20271128,2027-11-29T01:30:00Z,900
N20271129-S001,N20271129,2027-11-29T19:30:00Z,900
N20271129-S002,N20271129,2027-11-29T19:45:00Z,900
N20271129-S003,N20271129,2027-11-29T20:00:00Z,900
N20271129-S004,N20271129,2027-11-29T20:15:00Z,900
N20271129-S005,N20271129,2027-11-29T20:30:00Z,900
N20271129-S006,N20271129,2027-11-29T20:45:00Z,900
N20271129-S007,N20271129,2027-11-29T21:00:00Z,900
N20271129-S008,N20271129,2027-11-29T21:15:00Z,900
N20271129-S009,N20271129,2027-11-29T21:30:00Z,900
N20271129-S010,N20271129,2027-11-29T21:45:00Z,900
N20271129-S011,N20271129,2027-11-29T22:00:00Z,900
N20271129-S012,N20271129,2027-11-29T22:15:00Z,900
N20271129-S013,N20271129,2027-11-29T22:30:00Z,900
N20271129-S014,N20271129,2027-11-29T22:45:00Z,900
N20271129-S015,N20271129,2027-11-29T23:00:00Z,900
N20271129-S016,N20271129,2027-11-29T23:15:00Z,900
N20271129-S017,N20271129,2027-11-29T23:30:00Z,900
N20271129-S018,N20271129,2027-11-29T23:45:00Z,900
N20271129-S019,N20271129,2027-11-30T00:00:00Z,900
N20271129-S020,N20271129,2027-11-30T00:15:00Z,900
N20271129-S021,N20271129,2027-11-30T00:30:00Z,900
N20271129-S022,N20271129,2027-11-30T00:45:00Z,900
N20271129-S023,N20271129,2027-11-30T01:00:00Z,900
N20271129-S024,N20271129,2027-11-30T01:15:00Z,900
N20271129-S025,N20271129,2027-11-30T01:30:00Z,900
N20271130-S001,N20271130,2027-11-30T19:30:00Z,900
N20271130-S002,N20271130,2027-11-30T19:45:00Z,900
N20271130-S003,N20271130,2027-11-30T20:00:00Z,900
N20271130-S004,N20271130,2027-11-30T20:15:00Z,900
N20271130-S005,N20271130,2027-11-30T20:30:00Z,900
N20271130-S006,N20271130,2027-11-30T20:45:00Z,900
N20271130-S007,N20271130,2027-11-30T21:00:00Z,900
N20271130-S008,N20271130,2027-11-30T21:15:00Z,900
N20271130-S009,N20271130,2027-11-30T21:30:00Z,900
N20271130-S010,N20271130,2027-11-30T21:45:00Z,900
N20271130-S011,N20271130,2027-11-30T22:00:00Z,900
N20271130-S012,N20271130,2027-11-30T22:15:00Z,900
N20271130-S013,N20271130,2027-11-30T22:30:00Z,900
N20271130-S014,N20271130,2027-11-30T22:45:00Z,900
N20271130-S015,N20271130,2027-11-30T23:00:00Z,900
N20271130-S016,N20271130,2027-11-30T23:15:00Z,900
N20271130-S017,N20271130,2027-11-30T23:30:00Z,900
N20271130-S018,N20271130,2027-11-30T23:45:00Z,900
N20271130-S019,N20271130,2027-12-01T00:00:00Z,900
N20271130-S020,N20271130,2027-12-01T00:15:00Z,900
N20271130-S021,N20271130,2027-12-01T00:30:00Z,900
N20271130-S022,N20271130,2027-12-01T00:45:00Z,900
N20271130-S023,N20271130,2027-12-01T01:00:00Z,900
N20271130-S024,N20271130,2027-12-01T01:15:00Z,900
N20271130-S025,N20271130,2027-12-01T01:30:00Z,900
