slot_id,night_id,timestamp_utc,duration_seconds,is_observable,seeing_arcsec,transparency,sky_quality,instrument_efficiency
N20270601-S001,N20270601,2027-06-01T17:15:00Z,900,true,1.052335,0.935892,0.894348,0.962832
N20270601-S002,N20270601,2027-06-01T17:30:00Z,900,true,1.068280,0.949409,0.891772,0.923745
N20270601-S003,N20270601,2027-06-01T17:45:00Z,900,true,1.113006,0.964216,0.917103,0.928000
N20270601-S004,N20270601,2027-06-01T18:00:00Z,900,true,1.121995,0.950778,0.868897,0.932787
N20270601-S005,N20270601,2027-06-01T18:15:00Z,900,true,1.070013,0.941008,0.879589,0.980068
N20270601-S006,N20270601,2027-06-01T18:30:00Z,900,true,1.060286,0.931820,0.864377,0.930538
N20270601-S007,N20270601,2027-06-01T18:45:00Z,900,true,1.067436,0.946898,0.853414,0.971738
N20270601-S008,N20270601,2027-06-01T19:00:00Z,900,true,1.102896,0.943292,0.834954,0.964455
N20270601-S009,N20270601,2027-06-01T19:15:00Z,900,true,1.119928,0.941903,0.849739,0.986391
N20270601-S010,N20270601,2027-06-01T19:30:00Z,900,true,1.110138,0.950115,0.897734,0.996215
N20270601-S011,N20270601,2027-06-01T19:45:00Z,900,true,1.086526,0.950745,0.875239,0.991547
N20270601-S012,N20270601,2027-06-01T20:00:00Z,900,true,1.066765,0.960072,0.888492,0.904739
N20270601-S013,N20270601,2027-06-01T20:15:00Z,900,true,1.070011,0.949804,0.881910,0.915802
N20270601-S014,N20270601,2027-06-01T20:30:00Z,900,true,1.027666,0.965034,0.891919,0.901790
N20270601-S015,N20270601,2027-06-01T20:45:00Z,900,false,,,,
N20270601-S016,N20270601,2027-06-01T21:00:00Z,900,true,1.102206,0.957723,0.894396,0.971312
N20270601-S017,N20270601,2027-06-01T21:15:00Z,900,false,,,,
N20270601-S018,N20270601,2027-06-01T21:30:00Z,900,false,,,,
N20270601-S019,N20270601,2027-06-01T21:45:00Z,900,false,,,,
N20270601-S020,N20270601,2027-06-01T22:00:00Z,900,true,1.085859,0.986862,0.893244,0.972165
N20270601-S021,N20270601,2027-06-01T22:15:00Z,900,true,1.065441,0.972268,0.874512,0.959881
N20270601-S022,N20270601,2027-06-01T22:30:00Z,900,true,0.986192,0.968219,0.867323,0.970718
N20270601-S023,N20270601,2027-06-01T22:45:00Z,900,true,0.939162,0.953423,0.851547,0.954760
N20270601-S024,N20270601,2027-06-01T23:00:00Z,900,true,0.980783,0.954849,0.861852,0.997857
N20270601-S025,N20270601,2027-06-01T23:15:00Z,900,true,0.956658,0.943094,0.867220,0.966684
N20270601-S026,N20270601,2027-06-01T23:30:00Z,900,true,0.910957,0.945296,0.906391,0.928695
N20270601-S027,N20270601,2027-06-01T23:45:00Z,900,true,0.843633,0.942857,0.923161,0.926263
N20270601-S028,N20270601,2027-06-02T00:00:00Z,900,true,0.851231,0.961095,0.915742,0.924940
N20270601-S029,N20270601,2027-06-02T00:15:00Z,900,true,0.882942,0.956823,0.903421,0.982877
N20270601-S030,N20270601,2027-06-02T00:30:00Z,900,true,0.910953,0.946462,0.899460,0.962043
N20270601-S031,N20270601,2027-06-02T00:45:00Z,900,true,0.968714,0.946039,0.889110,0.907324
N20270601-S032,N20270601,2027-06-02T01:00:00Z,900,true,0.938745,0.944960,0.882153,0.969562
N20270601-S033,N20270601,2027-06-02T01:15:00Z,900,true,1.002040,0.941540,0.896142,0.936005
N20270601-S034,N20270601,2027-06-02T01:30:00Z,900,true,0.937076,0.957698,0.880589,0.954129
N20270601-S035,N20270601,2027-06-02T01:45:00Z,900,true,0.933539,0.957198,0.898652,0.935290
N20270601-S036,N20270601,2027-06-02T02:00:00Z,900,true,0.974414,0.972622,0.897920,0.948906
N20270601-S037,N20270601,2027-06-02T02:15:00Z,900,true,0.955484,0.966670,0.908603,0.981326
N20270601-S038,N20270601,2027-06-02T02:30:00Z,900,true,0.953589,0.975431,0.909798,0.902702
N20270601-S039,N20270601,2027-06-02T02:45:00Z,900,true,0.953686,0.958780,0.881261,0.940646
N20270601-S040,N20270601,2027-06-02T03:00:00Z,900,true,0.951275,0.958777,0.895211,0.949063
N20270601-S041,N20270601,2027-06-02T03:15:00Z,900,true,0.969761,0.959602,0.928839,0.901646
N20270601-S042,N20270601,2027-06-02T03:30:00Z,900,true,0.974289,0.966479,0.951823,0.903609
N20270601-S043,N20270601,2027-06-02T03:45:00Z,900,true,1.023961,0.975439,0.938860,0.933152
N20270602-S001,N20270602,2027-06-02T17:15:00Z,900,true,0.920665,0.876246,0.950975,0.921392
N20270602-S002,N20270602,2027-06-02T17:30:00Z,900,true,0.870063,0.876575,0.935729,0.943517
N20270602-S003,N20270602,2027-06-02T17:45:00Z,900,true,0.899589,0.874561,0.926495,0.930608
N20270602-S004,N20270602,2027-06-02T18:00:00Z,900,true,0.880408,0.862413,0.921592,0.924663
N20270602-S005,N20270602,2027-06-02T18:15:00Z,900,true,0.943645,0.864237,0.917493,0.954508
N20270602-S006,N20270602,2027-06-02T18:30:00Z,900,true,0.912042,0.861896,0.899359,0.968876
N20270602-S007,N20270602,2027-06-02T18:45:00Z,900,true,0.925028,0.868587,0.888755,0.971948
N20270602-S008,N20270602,2027-06-02T19:00:00Z,900,true,0.909266,0.889711,0.887580,0.994183
N20270602-S009,N20270602,2027-06-02T19:15:00Z,900,true,0.851144,0.880005,0.911638,0.995090
N20270602-S010,N20270602,2027-06-02T19:30:00Z,900,true,0.837156,0.879196,0.928783,0.977412
N20270602-S011,N20270602,2027-06-02T19:45:00Z,900,true,0.847284,0.874855,0.948217,0.922319
N20270602-S012,N20270602,2027-06-02T20:00:00Z,900,true,0.879983,0.869867,0.923064,0.921060
N20270602-S013,N20270602,2027-06-02T20:15:00Z,900,true,0.921329,0.851616,0.908454,0.920548
N20270602-S014,N20270602,2027-06-02T20:30:00Z,900,true,0.857179,0.869049,0.912283,0.976388
N20270602-S015,N20270602,2027-06-02T20:45:00Z,900,true,0.925090,0.862946,0.924485,0.985877
N20270602-S016,N20270602,2027-06-02T21:00:00Z,900,true,0.907490,0.860671,0.968899,0.908228
N20270602-S017,N20270602,2027-06-02T21:15:00Z,900,true,0.913146,0.882811,0.973786,0.994697
N20270602-S018,N20270602,2027-06-02T21:30:00Z,900,true,0.859277,0.880628,0.970325,0.999655
N20270602-S019,N20270602,2027-06-02T21:45:00Z,900,true,0.854765,0.885933,0.971826,0.924455
N20270602-S020,N20270602,2027-06-02T22:00:00Z,900,true,0.858523,0.878102,0.959219,0.953945
N20270602-S021,N20270602,2027-06-02T22:15:00Z,900,true,0.885033,0.892983,0.943977,0.918813
N20270602-S022,N20270602,2027-06-02T22:30:00Z,900,true,0.886641,0.908424,0.943697,0.967253
N20270602-S023,N20270602,2027-06-02T22:45:00Z,900,true,0.851352,0.908092,0.936279,0.917407
N20270602-S024,N20270602,2027-06-02T23:00:00Z,900,true,0.788401,0.889268,0.922264,0.901865
N20270602-S025,N20270602,2027-06-02T23:15:00Z,900,true,0.820619,0.898547,0.911581,0.917640
N20270602-S026,N20270602,2027-06-02T23:30:00Z,900,true,0.807262,0.912653,0.903577,0.924292
N20270602-S027,N20270602,2027-06-02T23:45:00Z,900,true,0.829149,0.908537,0.903711,0.970664
N20270602-S028,N20270602,2027-06-03T00:00:00Z,900,true,0.848786,0.900134,0.903511,0.986195
N20270602-S029,N20270602,2027-06-03T00:15:00Z,900,true,0.899514,0.873122,0.914665,0.960187
N20270602-S030,N20270602,2027-06-03T00:30:00Z,900,true,0.878905,0.887172,0.903532,0.949338
N20270602-S031,N20270602,2027-06-03T00:45:00Z,900,true,0.907684,0.909205,0.913432,0.963290
N20270602-S032,N20270602,2027-06-03T01:00:00Z,900,true,0.919489,0.927275,0.922934,0.947475
N20270602-S033,N20270602,2027-06-03T01:15:00Z,900,true,0.878618,0.925754,0.914287,0.922479
N20270602-S034,N20270602,2027-06-03T01:30:00Z,900,true,0.936885,0.947272,0.902784,0.927990
N20270602-S035,N20270602,2027-06-03T01:45:00Z,900,true,0.907079,0.947822,0.923761,0.923314
N20270602-S036,N20270602,2027-06-03T02:00:00Z,900,true,0.932344,0.931987,0.917456,0.997483
N20270602-S037,N20270602,2027-06-03T02:15:00Z,900,true,0.932123,0.921074,0.928584,0.913022
N20270602-S038,N20270602,2027-06-03T02:30:00Z,900,true,0.951205,0.917227,0.927268,0.941617
N20270602-S039,N20270602,2027-06-03T02:45:00Z,900,true,0.955316,0.917322,0.918009,0.934653
N20270602-S040,N20270602,2027-06-03T03:00:00Z,900,true,0.923609,0.907679,0.909194,0.903293
N20270602-S041,N20270602,2027-06-03T03:15:00Z,900,true,0.942379,0.903166,0.912107,0.919924
N20270602-S042,N20270602,2027-06-03T03:30:00Z,900,true,0.973956,0.895596,0.914683,0.921566
N20270602-S043,N20270602,2027-06-03T03:45:00Z,900,true,1.016407,0.878974,0.924904,0.916614
N20270602-S044,N20270602,2027-06-03T04:00:00Z,900,true,1.053644,0.869760,0.935750,0.945933
N20270603-S001,N20270603,2027-06-03T17:15:00Z,900,true,0.927940,0.892085,0.931181,0.964706
N20270603-S002,N20270603,2027-06-03T17:30:00Z,900,true,0.908013,0.892465,0.914193,0.909186
N20270603-S003,N20270603,2027-06-03T17:45:00Z,900,true,0.931723,0.904697,0.897746,0.963914
N20270603-S004,N20270603,2027-06-03T18:00:00Z,900,true,0.930919,0.891224,0.915405,0.919269
N20270603-S005,N20270603,2027-06-03T18:15:00Z,900,true,0.931797,0.889509,0.928203,0.999995
N20270603-S006,N20270603,2027-06-03T18:30:00Z,900,true,0.944513,0.906926,0.940729,0.970461
N20270603-S007,N20270603,2027-06-03T18:45:00Z,900,true,0.988391,0.899615,0.924890,0.998456
N20270603-S008,N20270603,2027-06-03T19:00:00Z,900,true,0.942976,0.903082,0.932565,0.962092
N20270603-S009,N20270603,2027-06-03T19:15:00Z,900,true,0.978271,0.898847,0.918875,0.956185
N20270603-S010,N20270603,2027-06-03T19:30:00Z,900,false,,,,
N20270603-S011,N20270603,2027-06-03T19:45:00Z,900,false,,,,
N20270603-S012,N20270603,2027-06-03T20:00:00Z,900,false,,,,
N20270603-S013,N20270603,2027-06-03T20:15:00Z,900,false,,,,
N20270603-S014,N20270603,2027-06-03T20:30:00Z,900,false,,,,
N20270603-S015,N20270603,2027-06-03T20:45:00Z,900,false,,,,
N20270603-S016,N20270603,2027-06-03T21:00:00Z,900,false,,,,
N20270603-S017,N20270603,2027-06-03T21:15:00Z,900,false,,,,
N20270603-S018,N20270603,2027-06-03T21:30:00Z,900,false,,,,
N20270603-S019,N20270603,2027-06-03T21:45:00Z,900,false,,,,
N20270603-S020,N20270603,2027-06-03T22:00:00Z,900,false,,,,
N20270603-S021,N20270603,2027-06-03T22:15:00Z,900,false,,,,
N20270603-S022,N20270603,2027-06-03T22:30:00Z,900,false,,,,
N20270603-S023,N20270603,2027-06-03T22:45:00Z,900,false,,,,
N20270603-S024,N20270603,2027-06-03T23:00:00Z,900,false,,,,
N20270603-S025,N20270603,2027-06-03T23:15:00Z,900,false,,,,
N20270603-S026,N20270603,2027-06-03T23:30:00Z,900,false,,,,
N20270603-S027,N20270603,2027-06-03T23:45:00Z,900,false,,,,
N20270603-S028,N20270603,2027-06-04T00:00:00Z,900,false,,,,
N20270603-S029,N20270603,2027-06-04T00:15:00Z,900,false,,,,
N20270603-S030,N20270603,2027-06-04T00:30:00Z,900,false,,,,
N20270603-S031,N20270603,2027-06-04T00:45:00Z,900,false,,,,
N20270603-S032,N20270603,2027-06-04T01:00:00Z,900,false,,,,
N20270603-S033,N20270603,2027-06-04T01:15:00Z,900,false,,,,
N20270603-S034,N20270603,2027-06-04T01:30:00Z,900,false,,,,
N20270603-S035,N20270603,2027-06-04T01:45:00Z,900,false,,,,
N20270603-S036,N20270603,2027-06-04T02:00:00Z,900,false,,,,
N20270603-S037,N20270603,2027-06-04T02:15:00Z,900,false,,,,
N20270603-S038,N20270603,2027-06-04T02:30:00Z,900,false,,,,
N20270603-S039,N20270603,2027-06-04T02:45:00Z,900,false,,,,
N20270603-S040,N20270603,2027-06-04T03:00:00Z,900,false,,,,
N20270603-S041,N20270603,2027-06-04T03:15:00Z,900,false,,,,
N20270603-S042,N20270603,2027-06-04T03:30:00Z,900,false,,,,
N20270603-S043,N20270603,2027-06-04T03:45:00Z,900,false,,,,
N20270603-S044,N20270603,2027-06-04T04:00:00Z,900,false,,,,
N20270604-S001,N20270604,2027-06-04T17:15:00Z,900,false,,,,
N20270604-S002,N20270604,2027-06-04T17:30:00Z,900,false,,,,
N20270604-S003,N20270604,2027-06-04T17:45:00Z,900,false,,,,
N20270604-S004,N20270604,2027-06-04T18:00:00Z,900,true,0.949281,0.863253,0.955071,0.977570
N20270604-S005,N20270604,2027-06-04T18:15:00Z,900,true,0.946234,0.853382,0.939510,0.971815
N20270604-S006,N20270604,2027-06-04T18:30:00Z,900,true,0.933877,0.842744,0.937321,0.932034
N20270604-S007,N20270604,2027-06-04T18:45:00Z,900,true,0.933318,0.847504,0.957816,0.994477
N20270604-S008,N20270604,2027-06-04T19:00:00Z,900,true,0.948812,0.835319,0.991620,0.985805
N20270604-S009,N20270604,2027-06-04T19:15:00Z,900,true,0.988634,0.854792,0.961530,0.988230
N20270604-S010,N20270604,2027-06-04T19:30:00Z,900,true,0.950288,0.861568,0.946853,0.996378
N20270604-S011,N20270604,2027-06-04T19:45:00Z,900,true,0.881354,0.847173,0.936667,0.959408
N20270604-S012,N20270604,2027-06-04T20:00:00Z,900,true,0.876069,0.842308,0.931376,0.988759
N20270604-S013,N20270604,2027-06-04T20:15:00Z,900,true,0.831120,0.853208,0.918327,0.959533
N20270604-S014,N20270604,2027-06-04T20:30:00Z,900,true,0.860238,0.845352,0.902836,0.973558
N20270604-S015,N20270604,2027-06-04T20:45:00Z,900,true,0.893711,0.868793,0.893011,0.963075
N20270604-S016,N20270604,2027-06-04T21:00:00Z,900,true,0.913546,0.864081,0.905161,0.906097
N20270604-S017,N20270604,2027-06-04T21:15:00Z,900,true,0.922312,0.868915,0.899178,0.912123
N20270604-S018,N20270604,2027-06-04T21:30:00Z,900,true,0.957955,0.858873,0.906751,0.919322
N20270604-S019,N20270604,2027-06-04T21:45:00Z,900,true,0.979780,0.844231,0.886552,0.927716
N20270604-S020,N20270604,2027-06-04T22:00:00Z,900,true,0.943158,0.839645,0.881453,0.938122
N20270604-S021,N20270604,2027-06-04T22:15:00Z,900,true,0.985441,0.831295,0.880276,0.923005
N20270604-S022,N20270604,2027-06-04T22:30:00Z,900,true,1.014483,0.852405,0.873307,0.932608
N20270604-S023,N20270604,2027-06-04T22:45:00Z,900,true,1.017951,0.868149,0.876058,0.998288
N20270604-S024,N20270604,2027-06-04T23:00:00Z,900,true,0.959664,0.883574,0.895226,0.918243
N20270604-S025,N20270604,2027-06-04T23:15:00Z,900,true,0.963002,0.879887,0.908937,0.966292
N20270604-S026,N20270604,2027-06-04T23:30:00Z,900,true,0.869940,0.879663,0.914569,0.997273
N20270604-S027,N20270604,2027-06-04T23:45:00Z,900,true,0.930981,0.871312,0.932304,0.979297
N20270604-S028,N20270604,2027-06-05T00:00:00Z,900,true,0.999968,0.853150,0.937188,0.994861
N20270604-S029,N20270604,2027-06-05T00:15:00Z,900,true,1.043189,0.842577,0.917833,0.930191
N20270604-S030,N20270604,2027-06-05T00:30:00Z,900,true,1.075841,0.845439,0.922906,0.985382
N20270604-S031,N20270604,2027-06-05T00:45:00Z,900,true,1.082330,0.860165,0.916575,0.965506
N20270604-S032,N20270604,2027-06-05T01:00:00Z,900,true,1.084542,0.870535,0.961277,0.916824
N20270604-S033,N20270604,2027-06-05T01:15:00Z,900,true,1.147342,0.858799,0.949861,0.978074
N20270604-S034,N20270604,2027-06-05T01:30:00Z,900,true,1.086056,0.864900,0.924833,0.928916
N20270604-S035,N20270604,2027-06-05T01:45:00Z,900,true,1.061210,0.876563,0.909049,0.934998
N20270604-S036,N20270604,2027-06-05T02:00:00Z,900,true,1.086814,0.882595,0.893861,0.923792
N20270604-S037,N20270604,2027-06-05T02:15:00Z,900,true,1.012694,0.884842,0.892178,0.912955
N20270604-S038,N20270604,2027-06-05T02:30:00Z,900,true,1.023891,0.893179,0.875106,0.929048
N20270604-S039,N20270604,2027-06-05T02:45:00Z,900,true,1.046738,0.905655,0.894144,0.977818
N20270604-S040,N20270604,2027-06-05T03:00:00Z,900,true,1.052602,0.899765,0.871501,0.991807
N20270604-S041,N20270604,2027-06-05T03:15:00Z,900,true,1.102099,0.901028,0.855652,0.935473
N20270604-S042,N20270604,2027-06-05T03:30:00Z,900,true,1.101752,0.904172,0.832129,0.908235
N20270604-S043,N20270604,2027-06-05T03:45:00Z,900,true,1.108696,0.904954,0.841761,0.975021
N20270604-S044,N20270604,2027-06-05T04:00:00Z,900,true,1.116651,0.904533,0.843907,0.908433
N20270605-S001,N20270605,2027-06-05T17:15:00Z,900,true,0.982463,0.895859,0.869998,0.994096
N20270605-S002,N20270605,2027-06-05T17:30:00Z,900,true,1.019622,0.894757,0.861937,0.990992
N20270605-S003,N20270605,2027-06-05T17:45:00Z,900,true,1.043344,0.892493,0.853635,0.978711
N20270605-S004,N20270605,2027-06-05T18:00:00Z,900,true,1.065965,0.903712,0.843879,0.968503
N20270605-S005,N20270605,2027-06-05T18:15:00Z,900,false,,,,
N20270605-S006,N20270605,2027-06-05T18:30:00Z,900,false,,,,
N20270605-S007,N20270605,2027-06-05T18:45:00Z,900,true,1.055449,0.896788,0.835882,0.942640
N20270605-S008,N20270605,2027-06-05T19:00:00Z,900,true,1.062234,0.903816,0.836238,0.976897
N20270605-S009,N20270605,2027-06-05T19:15:00Z,900,true,1.023516,0.889273,0.822340,0.978207
N20270605-S010,N20270605,2027-06-05T19:30:00Z,900,true,1.026021,0.891152,0.818444,0.902367
N20270605-S011,N20270605,2027-06-05T19:45:00Z,900,true,1.007415,0.896600,0.834444,0.949613
N20270605-S012,N20270605,2027-06-05T20:00:00Z,900,true,0.962177,0.888227,0.852324,0.979187
N20270605-S013,N20270605,2027-06-05T20:15:00Z,900,true,0.948716,0.887498,0.875420,0.990885
N20270605-S014,N20270605,2027-06-05T20:30:00Z,900,true,0.926791,0.894567,0.865797,0.929460
N20270605-S015,N20270605,2027-06-05T20:45:00Z,900,true,0.973097,0.905570,0.896376,0.982677
N20270605-S016,N20270605,2027-06-05T21:00:00Z,900,true,0.973392,0.915822,0.891688,0.960017
N20270605-S017,N20270605,2027-06-05T21:15:00Z,900,true,0.942347,0.905677,0.876684,0.916489
N20270605-S018,N20270605,2027-06-05T21:30:00Z,900,true,0.955887,0.892731,0.864199,0.988082
N20270605-S019,N20270605,2027-06-05T21:45:00Z,900,true,0.959024,0.884800,0.874997,0.956123
N20270605-S020,N20270605,2027-06-05T22:00:00Z,900,true,0.954449,0.868198,0.895231,0.997613
N20270605-S021,N20270605,2027-06-05T22:15:00Z,900,true,0.964434,0.874516,0.913659,0.959188
N20270605-S022,N20270605,2027-06-05T22:30:00Z,900,true,1.053437,0.877422,0.888302,0.988615
N20270605-S023,N20270605,2027-06-05T22:45:00Z,900,true,1.074390,0.862111,0.883279,0.928495
N20270605-S024,N20270605,2027-06-05T23:00:00Z,900,true,1.085612,0.870970,0.882488,0.952141
N20270605-S025,N20270605,2027-06-05T23:15:00Z,900,true,1.096560,0.885340,0.874659,0.997747
N20270605-S026,N20270605,2027-06-05T23:30:00Z,900,true,1.103007,0.881687,0.853657,0.937582
N20270605-S027,N20270605,2027-06-05T23:45:00Z,900,true,1.026485,0.887590,0.839163,0.956000
N20270605-S028,N20270605,2027-06-06T00:00:00Z,900,true,0.998455,0.882730,0.836945,0.937066
N20270605-S029,N20270605,2027-06-06T00:15:00Z,900,true,1.003139,0.879841,0.876099,0.955350
N20270605-S030,N20270605,2027-06-06T00:30:00Z,900,true,1.044152,0.882786,0.885605,0.940598
N20270605-S031,N20270605,2027-06-06T00:45:00Z,900,true,1.030749,0.875573,0.900333,0.962453
N20270605-S032,N20270605,2027-06-06T01:00:00Z,900,true,1.016641,0.859949,0.940884,0.923972
N20270605-S033,N20270605,2027-06-06T01:15:00Z,900,true,0.959600,0.876238,0.967112,0.997985
N20270605-S034,N20270605,2027-06-06T01:30:00Z,900,true,0.980787,0.873193,0.982599,0.929092
N20270605-S035,N20270605,2027-06-06T01:45:00Z,900,true,1.016843,0.878655,0.964043,0.953102
N20270605-S036,N20270605,2027-06-06T02:00:00Z,900,true,1.004676,0.898763,0.964139,0.959581
N20270605-S037,N20270605,2027-06-06T02:15:00Z,900,true,1.004114,0.897164,0.975937,0.969309
N20270605-S038,N20270605,2027-06-06T02:30:00Z,900,true,1.041090,0.908131,0.950848,0.953570
N20270605-S039,N20270605,2027-06-06T02:45:00Z,900,true,1.002617,0.898443,0.925132,0.924146
N20270605-S040,N20270605,2027-06-06T03:00:00Z,900,true,1.020706,0.892969,0.892100,0.952630
N20270605-S041,N20270605,2027-06-06T03:15:00Z,900,true,0.983567,0.874288,0.898298,0.985887
N20270605-S042,N20270605,2027-06-06T03:30:00Z,900,true,1.010416,0.873370,0.910945,0.926700
N20270605-S043,N20270605,2027-06-06T03:45:00Z,900,false,,,,
N20270605-S044,N20270605,2027-06-06T04:00:00Z,900,true,0.964337,0.884998,0.892111,0.906523
N20270606-S001,N20270606,2027-06-06T17:15:00Z,900,true,1.108945,0.828949,0.847162,0.984033
N20270606-S002,N20270606,2027-06-06T17:30:00Z,900,true,1.141556,0.830885,0.839132,0.969085
N20270606-S003,N20270606,2027-06-06T17:45:00Z,900,true,1.157243,0.835010,0.844115,0.957671
N20270606-S004,N20270606,2027-06-06T18:00:00Z,900,true,1.071942,0.819914,0.835912,0.974460
N20270606-S005,N20270606,2027-06-06T18:15:00Z,900,true,1.125210,0.845891,0.829189,0.916504
N20270606-S006,N20270606,2027-06-06T18:30:00Z,900,true,1.076703,0.843237,0.847550,0.935992
N20270606-S007,N20270606,2027-06-06T18:45:00Z,900,true,1.133598,0.828032,0.856438,0.927517
N20270606-S008,N20270606,2027-06-06T19:00:00Z,900,true,1.161312,0.812743,0.855236,0.987525
N20270606-S009,N20270606,2027-06-06T19:15:00Z,900,true,1.141443,0.831556,0.850662,0.917044
N20270606-S010,N20270606,2027-06-06T19:30:00Z,900,true,1.100545,0.851772,0.860295,0.902951
N20270606-S011,N20270606,2027-06-06T19:45:00Z,900,true,1.121670,0.868126,0.853791,0.956394
N20270606-S012,N20270606,2027-06-06T20:00:00Z,900,true,1.100584,0.865476,0.861067,0.916361
N20270606-S013,N20270606,2027-06-06T20:15:00Z,900,true,1.077762,0.864854,0.856324,0.909041
N20270606-S014,N20270606,2027-06-06T20:30:00Z,900,true,1.095584,0.866368,0.859217,0.933010
N20270606-S015,N20270606,2027-06-06T20:45:00Z,900,true,1.099169,0.863656,0.879795,0.965583
N20270606-S016,N20270606,2027-06-06T21:00:00Z,900,true,1.063338,0.870509,0.872770,0.918340
N20270606-S017,N20270606,2027-06-06T21:15:00Z,900,true,1.046856,0.868623,0.843572,0.969822
N20270606-S018,N20270606,2027-06-06T21:30:00Z,900,true,1.040004,0.857647,0.880220,0.922435
N20270606-S019,N20270606,2027-06-06T21:45:00Z,900,true,1.029012,0.847423,0.888430,0.920945
N20270606-S020,N20270606,2027-06-06T22:00:00Z,900,true,1.030596,0.844248,0.874040,0.964508
N20270606-S021,N20270606,2027-06-06T22:15:00Z,900,true,1.053589,0.848576,0.865294,0.973408
N20270606-S022,N20270606,2027-06-06T22:30:00Z,900,true,1.039042,0.842136,0.841275,0.966515
N20270606-S023,N20270606,2027-06-06T22:45:00Z,900,true,1.028920,0.840395,0.826470,0.908149
N20270606-S024,N20270606,2027-06-06T23:00:00Z,900,true,1.080143,0.856796,0.834713,0.996677
N20270606-S025,N20270606,2027-06-06T23:15:00Z,900,true,1.132051,0.851358,0.835386,0.935578
N20270606-S026,N20270606,2027-06-06T23:30:00Z,900,true,1.151536,0.830387,0.836236,0.907987
N20270606-S027,N20270606,2027-06-06T23:45:00Z,900,true,1.154171,0.838422,0.824185,0.946954
N20270606-S028,N20270606,2027-06-07T00:00:00Z,900,true,1.178453,0.822026,0.814118,0.946396
N20270606-S029,N20270606,2027-06-07T00:15:00Z,900,true,1.174282,0.838729,0.830678,0.923363
N20270606-S030,N20270606,2027-06-07T00:30:00Z,900,true,1.170387,0.849260,0.838442,0.943184
N20270606-S031,N20270606,2027-06-07T00:45:00Z,900,true,1.176675,0.849065,0.863082,0.903515
N20270606-S032,N20270606,2027-06-07T01:00:00Z,900,true,1.140362,0.839976,0.881841,0.966614
N20270606-S033,N20270606,2027-06-07T01:15:00Z,900,true,1.108919,0.844977,0.896280,0.985317
N20270606-S034,N20270606,2027-06-07T01:30:00Z,900,true,1.075207,0.849729,0.853065,0.972950
N20270606-S035,N20270606,2027-06-07T01:45:00Z,900,true,1.122898,0.858193,0.869193,0.905481
N20270606-S036,N20270606,2027-06-07T02:00:00Z,900,true,1.108862,0.847069,0.862829,0.925242
N20270606-S037,N20270606,2027-06-07T02:15:00Z,900,true,1.128714,0.851199,0.861185,0.981407
N20270606-S038,N20270606,2027-06-07T02:30:00Z,900,true,1.107182,0.861437,0.854301,0.922336
N20270606-S039,N20270606,2027-06-07T02:45:00Z,900,true,1.121486,0.832209,0.862034,0.903515
N20270606-S040,N20270606,2027-06-07T03:00:00Z,900,true,1.087382,0.824480,0.842841,0.961845
N20270606-S041,N20270606,2027-06-07T03:15:00Z,900,true,1.097639,0.820722,0.842613,0.976478
N20270606-S042,N20270606,2027-06-07T03:30:00Z,900,true,1.103210,0.857419,0.831396,0.904828
N20270606-S043,N20270606,2027-06-07T03:45:00Z,900,true,1.090931,0.854385,0.857083,0.951819
N20270606-S044,N20270606,2027-06-07T04:00:00Z,900,true,1.070412,0.865329,0.865762,0.998264
N20270607-S001,N20270607,2027-06-07T17:15:00Z,900,true,1.096000,0.819262,0.857705,0.955310
N20270607-S002,N20270607,2027-06-07T17:30:00Z,900,true,1.059824,0.811365,0.841348,0.995251
N20270607-S003,N20270607,2027-06-07T17:45:00Z,900,true,1.098054,0.821098,0.838510,0.968633
N20270607-S004,N20270607,2027-06-07T18:00:00Z,900,true,1.089030,0.810373,0.830205,0.946812
N20270607-S005,N20270607,2027-06-07T18:15:00Z,900,true,1.085005,0.804760,0.818179,0.927522
N20270607-S006,N20270607,2027-06-07T18:30:00Z,900,true,1.104531,0.807337,0.843140,0.977023
N20270607-S007,N20270607,2027-06-07T18:45:00Z,900,true,1.145460,0.824323,0.863581,0.906886
N20270607-S008,N20270607,2027-06-07T19:00:00Z,900,true,1.133857,0.829732,0.874276,0.915244
N20270607-S009,N20270607,2027-06-07T19:15:00Z,900,true,1.175075,0.843889,0.884709,0.915156
N20270607-S010,N20270607,2027-06-07T19:30:00Z,900,true,1.165860,0.836071,0.874408,0.918104
N20270607-S011,N20270607,2027-06-07T19:45:00Z,900,true,1.192056,0.813956,0.872572,0.930368
N20270607-S012,N20270607,2027-06-07T20:00:00Z,900,true,1.206261,0.808292,0.876842,0.937058
N20270607-S013,N20270607,2027-06-07T20:15:00Z,900,true,1.158978,0.834220,0.869702,0.915322
N20270607-S014,N20270607,2027-06-07T20:30:00Z,900,true,1.137398,0.840097,0.850820,0.977043
N20270607-S015,N20270607,2027-06-07T20:45:00Z,900,true,1.079616,0.852796,0.845235,0.942207
N20270607-S016,N20270607,2027-06-07T21:00:00Z,900,true,1.097290,0.858307,0.832651,0.925850
N20270607-S017,N20270607,2027-06-07T21:15:00Z,900,true,1.145821,0.857399,0.799601,0.935608
N20270607-S018,N20270607,2027-06-07T21:30:00Z,900,true,1.151554,0.833960,0.787509,0.952427
N20270607-S019,N20270607,2027-06-07T21:45:00Z,900,true,1.130718,0.828238,0.811277,0.922517
N20270607-S020,N20270607,2027-06-07T22:00:00Z,900,true,1.104973,0.824243,0.822724,0.918112
N20270607-S021,N20270607,2027-06-07T22:15:00Z,900,true,1.074812,0.825135,0.807364,0.925092
N20270607-S022,N20270607,2027-06-07T22:30:00Z,900,true,1.116934,0.819435,0.820385,0.924728
N20270607-S023,N20270607,2027-06-07T22:45:00Z,900,true,1.099427,0.801807,0.817920,0.970494
N20270607-S024,N20270607,2027-06-07T23:00:00Z,900,true,1.088764,0.811510,0.813314,0.975347
N20270607-S025,N20270607,2027-06-07T23:15:00Z,900,true,1.072998,0.806154,0.826388,0.971222
N20270607-S026,N20270607,2027-06-07T23:30:00Z,900,true,1.061795,0.796681,0.832903,0.945319
N20270607-S027,N20270607,2027-06-07T23:45:00Z,900,true,1.073772,0.795948,0.863315,0.904322
N20270607-S028,N20270607,2027-06-08T00:00:00Z,900,true,1.022584,0.796596,0.864488,0.937591
N20270607-S029,N20270607,2027-06-08T00:15:00Z,900,true,0.986473,0.792025,0.869615,0.956841
N20270607-S030,N20270607,2027-06-08T00:30:00Z,900,true,1.016661,0.799794,0.875524,0.930868
N20270607-S031,N20270607,2027-06-08T00:45:00Z,900,true,0.989512,0.826795,0.869275,0.917832
N20270607-S032,N20270607,2027-06-08T01:00:00Z,900,true,1.087196,0.821148,0.834576,0.987312
N20270607-S033,N20270607,2027-06-08T01:15:00Z,900,true,1.079979,0.813718,0.860043,0.935213
N20270607-S034,N20270607,2027-06-08T01:30:00Z,900,true,1.059080,0.797734,0.864290,0.986016
N20270607-S035,N20270607,2027-06-08T01:45:00Z,900,true,1.060360,0.788773,0.893850,0.912159
N20270607-S036,N20270607,2027-06-08T02:00:00Z,900,true,1.091706,0.808323,0.903583,0.926039
N20270607-S037,N20270607,2027-06-08T02:15:00Z,900,true,1.046022,0.815656,0.895851,0.941249
N20270607-S038,N20270607,2027-06-08T02:30:00Z,900,true,0.995006,0.808564,0.895746,0.931733
N20270607-S039,N20270607,2027-06-08T02:45:00Z,900,true,0.945418,0.804514,0.869151,0.936019
N20270607-S040,N20270607,2027-06-08T03:00:00Z,900,true,0.959148,0.788498,0.871745,0.923339
N20270607-S041,N20270607,2027-06-08T03:15:00Z,900,true,0.932788,0.796234,0.876018,0.906218
N20270607-S042,N20270607,2027-06-08T03:30:00Z,900,true,0.947553,0.802678,0.870748,0.979468
N20270607-S043,N20270607,2027-06-08T03:45:00Z,900,true,0.976259,0.802189,0.855755,0.950900
N20270607-S044,N20270607,2027-06-08T04:00:00Z,900,false,,,,
N20270608-S001,N20270608,2027-06-08T17:15:00Z,900,false,,,,
N20270608-S002,N20270608,2027-06-08T17:30:00Z,900,false,,,,
N20270608-S003,N20270608,2027-06-08T17:45:00Z,900,false,,,,
N20270608-S004,N20270608,2027-06-08T18:00:00Z,900,false,,,,
N20270608-S005,N20270608,2027-06-08T18:15:00Z,900,false,,,,
N20270608-S006,N20270608,2027-06-08T18:30:00Z,900,false,,,,
N20270608-S007,N20270608,2027-06-08T18:45:00Z,900,false,,,,
N20270608-S008,N20270608,2027-06-08T19:00:00Z,900,false,,,,
N20270608-S009,N20270608,2027-06-08T19:15:00Z,900,false,,,,
N20270608-S010,N20270608,2027-06-08T19:30:00Z,900,false,,,,
N20270608-S011,N20270608,2027-06-08T19:45:00Z,900,false,,,,
N20270608-S012,N20270608,2027-06-08T20:00:00Z,900,false,,,,
N20270608-S013,N20270608,2027-06-08T20:15:00Z,900,false,,,,
N20270608-S014,N20270608,2027-06-08T20:30:00Z,900,false,,,,
N20270608-S015,N20270608,2027-06-08T20:45:00Z,900,false,,,,
N20270608-S016,N20270608,2027-06-08T21:00:00Z,900,false,,,,
N20270608-S017,N20270608,2027-06-08T21:15:00Z,900,false,,,,
N20270608-S018,N20270608,2027-06-08T21:30:00Z,900,false,,,,
N20270608-S019,N20270608,2027-06-08T21:45:00Z,900,false,,,,
N20270608-S020,N20270608,2027-06-08T22:00:00Z,900,false,,,,
N20270608-S021,N20270608,2027-06-08T22:15:00Z,900,false,,,,
N20270608-S022,N20270608,2027-06-08T22:30:00Z,900,false,,,,
N20270608-S023,N20270608,2027-06-08T22:45:00Z,900,false,,,,
N20270608-S024,N20270608,2027-06-08T23:00:00Z,900,false,,,,
N20270608-S025,N20270608,2027-06-08T23:15:00Z,900,false,,,,
N20270608-S026,N20270608,2027-06-08T23:30:00Z,900,false,,,,
N20270608-S027,N20270608,2027-06-08T23:45:00Z,900,false,,,,
N20270608-S028,N20270608,2027-06-09T00:00:00Z,900,false,,,,
N20270608-S029,N20270608,2027-06-09T00:15:00Z,900,false,,,,
N20270608-S030,N20270608,2027-06-09T00:30:00Z,900,false,,,,
N20270608-S031,N20270608,2027-06-09T00:45:00Z,900,false,,,,
N20270608-S032,N20270608,2027-06-09T01:00:00Z,900,false,,,,
N20270608-S033,N20270608,2027-06-09T01:15:00Z,900,false,,,,
N20270608-S034,N20270608,2027-06-09T01:30:00Z,900,false,,,,
N20270608-S035,N20270608,2027-06-09T01:45:00Z,900,false,,,,
N20270608-S036,N20270608,2027-06-09T02:00:00Z,900,false,,,,
N20270608-S037,N20270608,2027-06-09T02:15:00Z,900,false,,,,
N20270608-S038,N20270608,2027-06-09T02:30:00Z,900,false,,,,
N20270608-S039,N20270608,2027-06-09T02:45:00Z,900,true,1.078640,0.896096,0.804083,0.913672
N20270608-S040,N20270608,2027-06-09T03:00:00Z,900,true,1.092605,0.907601,0.781782,0.909498
N20270608-S041,N20270608,2027-06-09T03:15:00Z,900,true,1.069989,0.876060,0.781640,0.965154
N20270608-S042,N20270608,2027-06-09T03:30:00Z,900,true,1.065609,0.884265,0.783267,0.923137
N20270608-S043,N20270608,2027-06-09T03:45:00Z,900,true,1.083269,0.878858,0.771187,0.962328
N20270608-S044,N20270608,2027-06-09T04:00:00Z,900,true,1.031736,0.876752,0.771892,0.941145
N20270609-S001,N20270609,2027-06-09T17:15:00Z,900,false,,,,
N20270609-S002,N20270609,2027-06-09T17:30:00Z,900,false,,,,
N20270609-S003,N20270609,2027-06-09T17:45:00Z,900,true,1.183810,0.890706,0.817183,0.933476
N20270609-S004,N20270609,2027-06-09T18:00:00Z,900,true,1.201088,0.896061,0.831181,0.977895
N20270609-S005,N20270609,2027-06-09T18:15:00Z,900,true,1.192777,0.876351,0.816513,0.986075
N20270609-S006,N20270609,2027-06-09T18:30:00Z,900,true,1.167120,0.886134,0.817060,0.921406
N20270609-S007,N20270609,2027-06-09T18:45:00Z,900,true,1.194750,0.884536,0.805859,0.959064
N20270609-S008,N20270609,2027-06-09T19:00:00Z,900,true,1.187081,0.886132,0.788622,0.912706
N20270609-S009,N20270609,2027-06-09T19:15:00Z,900,true,1.193308,0.876287,0.791451,0.904043
N20270609-S010,N20270609,2027-06-09T19:30:00Z,900,true,1.231004,0.879359,0.820076,0.990514
N20270609-S011,N20270609,2027-06-09T19:45:00Z,900,true,1.291935,0.868206,0.817878,0.928777
N20270609-S012,N20270609,2027-06-09T20:00:00Z,900,true,1.243083,0.870258,0.814589,0.959933
N20270609-S013,N20270609,2027-06-09T20:15:00Z,900,true,1.229518,0.848746,0.806862,0.927534
N20270609-S014,N20270609,2027-06-09T20:30:00Z,900,true,1.244107,0.861080,0.825450,0.993912
N20270609-S015,N20270609,2027-06-09T20:45:00Z,900,true,1.230429,0.869876,0.818194,0.933137
N20270609-S016,N20270609,2027-06-09T21:00:00Z,900,true,1.213045,0.871404,0.836906,0.937635
N20270609-S017,N20270609,2027-06-09T21:15:00Z,900,true,1.138272,0.850753,0.817720,0.953798
N20270609-S018,N20270609,2027-06-09T21:30:00Z,900,true,1.078081,0.860359,0.842280,0.902521
N20270609-S019,N20270609,2027-06-09T21:45:00Z,900,true,1.038955,0.842517,0.867107,0.955370
N20270609-S020,N20270609,2027-06-09T22:00:00Z,900,true,1.048725,0.848973,0.848870,0.953431
N20270609-S021,N20270609,2027-06-09T22:15:00Z,900,true,0.965411,0.852586,0.839175,0.925989
N20270609-S022,N20270609,2027-06-09T22:30:00Z,900,true,0.959721,0.860409,0.839715,0.969271
N20270609-S023,N20270609,2027-06-09T22:45:00Z,900,true,0.946486,0.869176,0.855841,0.976452
N20270609-S024,N20270609,2027-06-09T23:00:00Z,900,true,0.944944,0.882826,0.848706,0.972547
N20270609-S025,N20270609,2027-06-09T23:15:00Z,900,true,0.984440,0.885607,0.844668,0.905883
N20270609-S026,N20270609,2027-06-09T23:30:00Z,900,true,1.014666,0.882484,0.836291,0.904713
N20270609-S027,N20270609,2027-06-09T23:45:00Z,900,true,1.053942,0.919287,0.843546,0.908773
N20270609-S028,N20270609,2027-06-10T00:00:00Z,900,true,1.046504,0.914829,0.822505,0.998484
N20270609-S029,N20270609,2027-06-10T00:15:00Z,900,true,1.034623,0.920355,0.805011,0.910857
N20270609-S030,N20270609,2027-06-10T00:30:00Z,900,true,1.068639,0.925903,0.821123,0.937691
N20270609-S031,N20270609,2027-06-10T00:45:00Z,900,true,1.040282,0.926981,0.849967,0.980049
N20270609-S032,N20270609,2027-06-10T01:00:00Z,900,true,1.052277,0.923836,0.853875,0.935200
N20270609-S033,N20270609,2027-06-10T01:15:00Z,900,true,1.058009,0.933154,0.876433,0.918097
N20270609-S034,N20270609,2027-06-10T01:30:00Z,900,true,1.110238,0.923216,0.889432,0.916923
N20270609-S035,N20270609,2027-06-10T01:45:00Z,900,true,1.134375,0.946873,0.870804,0.985769
N20270609-S036,N20270609,2027-06-10T02:00:00Z,900,true,1.054674,0.942381,0.836003,0.955617
N20270609-S037,N20270609,2027-06-10T02:15:00Z,900,true,1.107372,0.920138,0.824788,0.939489
N20270609-S038,N20270609,2027-06-10T02:30:00Z,900,true,1.172289,0.932350,0.809509,0.943481
N20270609-S039,N20270609,2027-06-10T02:45:00Z,900,true,1.168937,0.920872,0.786661,0.949313
N20270609-S040,N20270609,2027-06-10T03:00:00Z,900,true,1.207652,0.920927,0.790085,0.941870
N20270609-S041,N20270609,2027-06-10T03:15:00Z,900,true,1.147657,0.927430,0.797174,0.913727
N20270609-S042,N20270609,2027-06-10T03:30:00Z,900,true,1.147845,0.923418,0.816593,0.916764
N20270609-S043,N20270609,2027-06-10T03:45:00Z,900,true,1.102460,0.925910,0.820734,0.961341
N20270609-S044,N20270609,2027-06-10T04:00:00Z,900,true,1.096683,0.923857,0.816744,0.998539
N20270610-S001,N20270610,2027-06-10T17:15:00Z,900,true,0.956766,0.900279,0.872090,0.985235
N20270610-S002,N20270610,2027-06-10T17:30:00Z,900,true,0.919741,0.908304,0.865567,0.906639
N20270610-S003,N20270610,2027-06-10T17:45:00Z,900,true,0.896454,0.887772,0.868524,0.954969
N20270610-S004,N20270610,2027-06-10T18:00:00Z,900,true,0.879679,0.883994,0.872924,0.993795
N20270610-S005,N20270610,2027-06-10T18:15:00Z,900,true,0.857883,0.891634,0.868565,0.913703
N20270610-S006,N20270610,2027-06-10T18:30:00Z,900,true,0.881361,0.892824,0.863692,0.999564
N20270610-S007,N20270610,2027-06-10T18:45:00Z,900,true,0.954510,0.903399,0.869335,0.930454
N20270610-S008,N20270610,2027-06-10T19:00:00Z,900,true,0.963819,0.915172,0.877063,0.960071
N20270610-S009,N20270610,2027-06-10T19:15:00Z,900,true,0.960724,0.908305,0.877016,0.924168
N20270610-S010,N20270610,2027-06-10T19:30:00Z,900,true,0.960676,0.909802,0.870017,0.968297
N20270610-S011,N20270610,2027-06-10T19:45:00Z,900,true,0.944624,0.918027,0.876057,0.930909
N20270610-S012,N20270610,2027-06-10T20:00:00Z,900,true,0.887994,0.921186,0.890222,0.980148
N20270610-S013,N20270610,2027-06-10T20:15:00Z,900,true,0.865199,0.909498,0.866624,0.906931
N20270610-S014,N20270610,2027-06-10T20:30:00Z,900,true,0.912113,0.914801,0.856402,0.956015
N20270610-S015,N20270610,2027-06-10T20:45:00Z,900,true,0.968337,0.905249,0.851018,0.995945
N20270610-S016,N20270610,2027-06-10T21:00:00Z,900,true,1.011977,0.892385,0.881546,0.985060
N20270610-S017,N20270610,2027-06-10T21:15:00Z,900,true,0.990109,0.881127,0.887559,0.961188
N20270610-S018,N20270610,2027-06-10T21:30:00Z,900,true,1.019278,0.892428,0.904308,0.960451
N20270610-S019,N20270610,2027-06-10T21:45:00Z,900,true,1.023434,0.865698,0.889798,0.969286
N20270610-S020,N20270610,2027-06-10T22:00:00Z,900,true,1.021154,0.868930,0.877566,0.936609
N20270610-S021,N20270610,2027-06-10T22:15:00Z,900,true,1.045918,0.865512,0.891741,0.999338
N20270610-S022,N20270610,2027-06-10T22:30:00Z,900,true,1.057024,0.879109,0.889692,0.920910
N20270610-S023,N20270610,2027-06-10T22:45:00Z,900,true,1.076916,0.874702,0.872146,0.930258
N20270610-S024,N20270610,2027-06-10T23:00:00Z,900,true,1.045077,0.852416,0.874228,0.946799
N20270610-S025,N20270610,2027-06-10T23:15:00Z,900,true,0.960935,0.857665,0.845106,0.924558
N20270610-S026,N20270610,2027-06-10T23:30:00Z,900,true,0.911923,0.865656,0.853394,0.926917
N20270610-S027,N20270610,2027-06-10T23:45:00Z,900,true,0.896593,0.845419,0.857258,0.907268
N20270610-S028,N20270610,2027-06-11T00:00:00Z,900,true,0.892733,0.841568,0.849142,0.958721
N20270610-S029,N20270610,2027-06-11T00:15:00Z,900,true,0.920609,0.845091,0.832679,0.983129
N20270610-S030,N20270610,2027-06-11T00:30:00Z,900,true,0.940977,0.876509,0.840299,0.903564
N20270610-S031,N20270610,2027-06-11T00:45:00Z,900,true,0.979959,0.872585,0.839660,0.939555
N20270610-S032,N20270610,2027-06-11T01:00:00Z,900,true,0.969439,0.859415,0.851618,0.912181
N20270610-S033,N20270610,2027-06-11T01:15:00Z,900,true,1.009233,0.865338,0.815751,0.911375
N20270610-S034,N20270610,2027-06-11T01:30:00Z,900,true,1.037081,0.874209,0.850467,0.958205
N20270610-S035,N20270610,2027-06-11T01:45:00Z,900,true,1.026778,0.877970,0.854254,0.933483
N20270610-S036,N20270610,2027-06-11T02:00:00Z,900,true,1.053702,0.881182,0.858148,0.934193
N20270610-S037,N20270610,2027-06-11T02:15:00Z,900,true,1.051255,0.853428,0.854533,0.944891
N20270610-S038,N20270610,2027-06-11T02:30:00Z,900,true,1.017528,0.856998,0.879428,0.954240
N20270610-S039,N20270610,2027-06-11T02:45:00Z,900,true,0.973830,0.866309,0.875685,0.953553
N20270610-S040,N20270610,2027-06-11T03:00:00Z,900,true,0.978979,0.869170,0.870234,0.941945
N20270610-S041,N20270610,2027-06-11T03:15:00Z,900,true,0.947361,0.870329,0.860464,0.905676
N20270610-S042,N20270610,2027-06-11T03:30:00Z,900,true,0.933173,0.858612,0.828754,0.966787
N20270610-S043,N20270610,2027-06-11T03:45:00Z,900,true,0.907017,0.872532,0.853480,0.986234
N20270610-S044,N20270610,2027-06-11T04:00:00Z,900,true,0.949623,0.892651,0.854011,0.967772
N20270611-S001,N20270611,2027-06-11T17:15:00Z,900,true,0.888338,0.865097,1.050297,0.992872
N20270611-S002,N20270611,2027-06-11T17:30:00Z,900,true,0.882961,0.854442,1.047552,0.970868
N20270611-S003,N20270611,2027-06-11T17:45:00Z,900,true,0.899436,0.853131,1.050229,0.975508
N20270611-S004,N20270611,2027-06-11T18:00:00Z,900,true,0.889359,0.854829,1.059360,0.928400
N20270611-S005,N20270611,2027-06-11T18:15:00Z,900,true,0.868769,0.868938,1.048428,0.984533
N20270611-S006,N20270611,2027-06-11T18:30:00Z,900,true,0.899397,0.877208,1.063166,0.917246
N20270611-S007,N20270611,2027-06-11T18:45:00Z,900,true,0.874149,0.877300,1.066718,0.928275
N20270611-S008,N20270611,2027-06-11T19:00:00Z,900,true,0.868128,0.874291,1.056677,0.981228
N20270611-S009,N20270611,2027-06-11T19:15:00Z,900,true,0.843808,0.848209,1.056734,0.957854
N20270611-S010,N20270611,2027-06-11T19:30:00Z,900,true,0.851074,0.860047,1.057748,0.996809
N20270611-S011,N20270611,2027-06-11T19:45:00Z,900,true,0.845355,0.874917,1.062005,0.947228
N20270611-S012,N20270611,2027-06-11T20:00:00Z,900,true,0.864183,0.885825,1.046155,0.949899
N20270611-S013,N20270611,2027-06-11T20:15:00Z,900,true,0.847985,0.852833,1.062319,0.981867
N20270611-S014,N20270611,2027-06-11T20:30:00Z,900,true,0.891589,0.845438,1.071646,0.908363
N20270611-S015,N20270611,2027-06-11T20:45:00Z,900,true,0.862920,0.841322,1.099155,0.946324
N20270611-S016,N20270611,2027-06-11T21:00:00Z,900,true,0.851632,0.863763,1.094562,0.922022
N20270611-S017,N20270611,2027-06-11T21:15:00Z,900,true,0.862214,0.868954,1.138278,0.980726
N20270611-S018,N20270611,2027-06-11T21:30:00Z,900,true,0.807940,0.867607,1.148481,0.961980
N20270611-S019,N20270611,2027-06-11T21:45:00Z,900,true,0.909639,0.869809,1.152657,0.943252
N20270611-S020,N20270611,2027-06-11T22:00:00Z,900,true,0.908325,0.855142,1.100433,0.967676
N20270611-S021,N20270611,2027-06-11T22:15:00Z,900,true,0.883647,0.876473,1.106344,0.907839
N20270611-S022,N20270611,2027-06-11T22:30:00Z,900,true,0.911306,0.878570,1.096541,0.937272
N20270611-S023,N20270611,2027-06-11T22:45:00Z,900,true,0.870870,0.863704,1.076819,0.915783
N20270611-S024,N20270611,2027-06-11T23:00:00Z,900,true,0.849832,0.876291,1.085888,0.916673
N20270611-S025,N20270611,2027-06-11T23:15:00Z,900,true,0.856596,0.869196,1.078559,0.932195
N20270611-S026,N20270611,2027-06-11T23:30:00Z,900,true,0.893734,0.865707,1.088799,0.998846
N20270611-S027,N20270611,2027-06-11T23:45:00Z,900,true,0.924267,0.866315,1.095367,0.941522
N20270611-S028,N20270611,2027-06-12T00:00:00Z,900,true,0.965891,0.846530,1.076678,0.928406
N20270611-S029,N20270611,2027-06-12T00:15:00Z,900,true,0.988935,0.856573,1.117434,0.939664
N20270611-S030,N20270611,2027-06-12T00:30:00Z,900,true,1.025426,0.858148,1.114002,0.960145
N20270611-S031,N20270611,2027-06-12T00:45:00Z,900,true,1.111528,0.832691,1.110369,0.994179
N20270611-S032,N20270611,2027-06-12T01:00:00Z,900,true,1.064583,0.860421,1.101497,0.920011
N20270611-S033,N20270611,2027-06-12T01:15:00Z,900,true,1.033676,0.854507,1.100976,0.930524
N20270611-S034,N20270611,2027-06-12T01:30:00Z,900,true,1.075986,0.855529,1.105857,0.981558
N20270611-S035,N20270611,2027-06-12T01:45:00Z,900,true,0.992431,0.856851,1.120478,0.908551
N20270611-S036,N20270611,2027-06-12T02:00:00Z,900,true,0.981446,0.878408,1.111582,0.933851
N20270611-S037,N20270611,2027-06-12T02:15:00Z,900,true,0.983824,0.887798,1.106499,0.930879
N20270611-S038,N20270611,2027-06-12T02:30:00Z,900,true,0.983999,0.881494,1.081083,0.972765
N20270611-S039,N20270611,2027-06-12T02:45:00Z,900,true,0.993309,0.888672,1.093488,0.907211
N20270611-S040,N20270611,2027-06-12T03:00:00Z,900,true,1.015955,0.872399,1.087449,0.911824
N20270611-S041,N20270611,2027-06-12T03:15:00Z,900,true,1.005337,0.871411,1.099362,0.978076
N20270611-S042,N20270611,2027-06-12T03:30:00Z,900,true,1.000991,0.876693,1.073379,0.951111
N20270611-S043,N20270611,2027-06-12T03:45:00Z,900,true,1.012885,0.887183,1.075945,0.951757
N20270611-S044,N20270611,2027-06-12T04:00:00Z,900,true,1.028811,0.866700,1.075160,0.929975
N20270612-S001,N20270612,2027-06-12T17:15:00Z,900,true,1.009078,0.908044,1.087771,0.982059
N20270612-S002,N20270612,2027-06-12T17:30:00Z,900,true,0.974299,0.912553,1.088874,0.978580
N20270612-S003,N20270612,2027-06-12T17:45:00Z,900,true,0.946307,0.904105,1.089620,0.927537
N20270612-S004,N20270612,2027-06-12T18:00:00Z,900,true,0.935793,0.912027,1.103064,0.922467
N20270612-S005,N20270612,2027-06-12T18:15:00Z,900,true,0.924084,0.918609,1.102933,0.921260
N20270612-S006,N20270612,2027-06-12T18:30:00Z,900,true,0.920864,0.917882,1.100573,0.958188
N20270612-S007,N20270612,2027-06-12T18:45:00Z,900,true,0.946915,0.908072,1.096308,0.996997
N20270612-S008,N20270612,2027-06-12T19:00:00Z,900,true,0.957327,0.891550,1.103201,0.985460
N20270612-S009,N20270612,2027-06-12T19:15:00Z,900,true,0.949305,0.902990,1.103912,0.926809
N20270612-S010,N20270612,2027-06-12T19:30:00Z,900,true,0.988001,0.900119,1.097038,0.920813
N20270612-S011,N20270612,2027-06-12T19:45:00Z,900,true,1.048960,0.904186,1.092296,0.954620
N20270612-S012,N20270612,2027-06-12T20:00:00Z,900,true,1.013313,0.919929,1.065827,0.962174
N20270612-S013,N20270612,2027-06-12T20:15:00Z,900,true,1.023338,0.915451,1.087161,0.959899
N20270612-S014,N20270612,2027-06-12T20:30:00Z,900,true,1.049365,0.920549,1.075695,0.996867
N20270612-S015,N20270612,2027-06-12T20:45:00Z,900,true,1.035515,0.930036,1.087299,0.990141
N20270612-S016,N20270612,2027-06-12T21:00:00Z,900,true,1.081290,0.942798,1.092004,0.953669
N20270612-S017,N20270612,2027-06-12T21:15:00Z,900,true,1.113903,0.940320,1.091740,0.948736
N20270612-S018,N20270612,2027-06-12T21:30:00Z,900,true,1.118933,0.926112,1.074539,0.954306
N20270612-S019,N20270612,2027-06-12T21:45:00Z,900,true,1.094146,0.914222,1.067243,0.921282
N20270612-S020,N20270612,2027-06-12T22:00:00Z,900,true,1.081374,0.894312,1.086605,0.908957
N20270612-S021,N20270612,2027-06-12T22:15:00Z,900,true,1.090129,0.893080,1.062559,0.921295
N20270612-S022,N20270612,2027-06-12T22:30:00Z,900,true,1.107945,0.877239,1.064253,0.949790
N20270612-S023,N20270612,2027-06-12T22:45:00Z,900,true,1.069459,0.866559,1.064727,0.937703
N20270612-S024,N20270612,2027-06-12T23:00:00Z,900,false,,,,
N20270612-S025,N20270612,2027-06-12T23:15:00Z,900,true,1.037857,0.876648,1.090261,0.990704
N20270612-S026,N20270612,2027-06-12T23:30:00Z,900,true,1.041800,0.857775,1.091037,0.915722
N20270612-S027,N20270612,2027-06-12T23:45:00Z,900,true,1.114645,0.837221,1.072157,0.962177
N20270612-S028,N20270612,2027-06-13T00:00:00Z,900,true,1.112639,0.857862,1.081416,0.997594
N20270612-S029,N20270612,2027-06-13T00:15:00Z,900,true,1.183121,0.866595,1.057270,0.903281
N20270612-S030,N20270612,2027-06-13T00:30:00Z,900,true,1.196946,0.897557,1.035683,0.968282
N20270612-S031,N20270612,2027-06-13T00:45:00Z,900,true,1.217827,0.878073,1.035269,0.909317
N20270612-S032,N20270612,2027-06-13T01:00:00Z,900,true,1.179738,0.860021,1.056419,0.968867
N20270612-S033,N20270612,2027-06-13T01:15:00Z,900,true,1.151605,0.863666,1.068630,0.959987
N20270612-S034,N20270612,2027-06-13T01:30:00Z,900,true,1.156436,0.860632,1.027452,0.968116
N20270612-S035,N20270612,2027-06-13T01:45:00Z,900,true,1.037089,0.847494,1.027848,0.910809
N20270612-S036,N20270612,2027-06-13T02:00:00Z,900,true,1.079615,0.872585,1.056047,0.995090
N20270612-S037,N20270612,2027-06-13T02:15:00Z,900,true,1.071703,0.883875,1.059482,0.935450
N20270612-S038,N20270612,2027-06-13T02:30:00Z,900,true,1.057156,0.890361,1.072078,0.965245
N20270612-S039,N20270612,2027-06-13T02:45:00Z,900,true,1.042690,0.887056,1.070609,0.907406
N20270612-S040,N20270612,2027-06-13T03:00:00Z,900,true,1.011654,0.879811,1.075513,0.936264
N20270612-S041,N20270612,2027-06-13T03:15:00Z,900,true,0.982437,0.870644,1.083075,0.991859
N20270612-S042,N20270612,2027-06-13T03:30:00Z,900,true,0.990298,0.877011,1.112249,0.976010
N20270612-S043,N20270612,2027-06-13T03:45:00Z,900,true,0.965549,0.878723,1.074374,0.967897
N20270612-S044,N20270612,2027-06-13T04:00:00Z,900,true,0.966576,0.903810,1.083658,0.994773
N20270613-S001,N20270613,2027-06-13T17:15:00Z,900,true,0.980315,0.843475,1.048968,0.919257
N20270613-S002,N20270613,2027-06-13T17:30:00Z,900,true,0.995954,0.842551,1.025525,0.953910
N20270613-S003,N20270613,2027-06-13T17:45:00Z,900,true,0.965102,0.825383,1.040149,0.988159
N20270613-S004,N20270613,2027-06-13T18:00:00Z,900,true,0.930806,0.809521,1.059310,0.988525
N20270613-S005,N20270613,2027-06-13T18:15:00Z,900,true,0.994229,0.796647,1.045486,0.970687
N20270613-S006,N20270613,2027-06-13T18:30:00Z,900,true,0.983001,0.800416,1.055095,0.917536
N20270613-S007,N20270613,2027-06-13T18:45:00Z,900,true,0.977370,0.795537,1.037972,0.967339
N20270613-S008,N20270613,2027-06-13T19:00:00Z,900,true,1.054552,0.795156,1.022733,0.988523
N20270613-S009,N20270613,2027-06-13T19:15:00Z,900,true,1.055271,0.813646,1.063270,0.964479
N20270613-S010,N20270613,2027-06-13T19:30:00Z,900,true,0.992594,0.801749,1.070875,0.964874
N20270613-S011,N20270613,2027-06-13T19:45:00Z,900,true,0.979780,0.775943,1.067578,0.911317
N20270613-S012,N20270613,2027-06-13T20:00:00Z,900,true,1.000574,0.775131,1.073400,0.900086
N20270613-S013,N20270613,2027-06-13T20:15:00Z,900,true,0.992933,0.770181,1.086296,0.958024
N20270613-S014,N20270613,2027-06-13T20:30:00Z,900,true,0.975459,0.792207,1.074614,0.967950
N20270613-S015,N20270613,2027-06-13T20:45:00Z,900,true,0.946675,0.791876,1.066652,0.983323
N20270613-S016,N20270613,2027-06-13T21:00:00Z,900,true,0.961145,0.795561,1.058205,0.939199
N20270613-S017,N20270613,2027-06-13T21:15:00Z,900,false,,,,
N20270613-S018,N20270613,2027-06-13T21:30:00Z,900,false,,,,
N20270613-S019,N20270613,2027-06-13T21:45:00Z,900,false,,,,
N20270613-S020,N20270613,2027-06-13T22:00:00Z,900,false,,,,
N20270613-S021,N20270613,2027-06-13T22:15:00Z,900,false,,,,
N20270613-S022,N20270613,2027-06-13T22:30:00Z,900,false,,,,
N20270613-S023,N20270613,2027-06-13T22:45:00Z,900,false,,,,
N20270613-S024,N20270613,2027-06-13T23:00:00Z,900,false,,,,
N20270613-S025,N20270613,2027-06-13T23:15:00Z,900,false,,,,
N20270613-S026,N20270613,2027-06-13T23:30:00Z,900,false,,,,
N20270613-S027,N20270613,2027-06-13T23:45:00Z,900,false,,,,
N20270613-S028,N20270613,2027-06-14T00:00:00Z,900,false,,,,
N20270613-S029,N20270613,2027-06-14T00:15:00Z,900,false,,,,
N20270613-S030,N20270613,2027-06-14T00:30:00Z,900,false,,,,
N20270613-S031,N20270613,2027-06-14T00:45:00Z,900,false,,,,
N20270613-S032,N20270613,2027-06-14T01:00:00Z,900,false,,,,
N20270613-S033,N20270613,2027-06-14T01:15:00Z,900,false,,,,
N20270613-S034,N20270613,2027-06-14T01:30:00Z,900,false,,,,
N20270613-S035,N20270613,2027-06-14T01:45:00Z,900,false,,,,
N20270613-S036,N20270613,2027-06-14T02:00:00Z,900,false,,,,
N20270613-S037,N20270613,2027-06-14T02:15:00Z,900,true,1.079208,0.791132,1.088558,0.927667
N20270613-S038,N20270613,2027-06-14T02:30:00Z,900,true,1.065175,0.806995,1.088053,0.924826
N20270613-S039,N20270613,2027-06-14T02:45:00Z,900,true,1.118144,0.803908,1.099284,0.943404
N20270613-S040,N20270613,2027-06-14T03:00:00Z,900,true,1.147512,0.816546,1.109143,0.908500
N20270613-S041,N20270613,2027-06-14T03:15:00Z,900,true,1.115907,0.800722,1.089437,0.928662
N20270613-S042,N20270613,2027-06-14T03:30:00Z,900,true,1.157319,0.807223,1.095170,0.988359
N20270613-S043,N20270613,2027-06-14T03:45:00Z,900,true,1.096766,0.822405,1.105138,0.951998
N20270613-S044,N20270613,2027-06-14T04:00:00Z,900,true,1.054317,0.823271,1.102189,0.975529
N20270614-S001,N20270614,2027-06-14T17:15:00Z,900,true,0.812157,0.892892,1.000502,0.994989
N20270614-S002,N20270614,2027-06-14T17:30:00Z,900,true,0.785314,0.887705,1.017536,0.955648
N20270614-S003,N20270614,2027-06-14T17:45:00Z,900,true,0.732747,0.887270,0.988147,0.910369
N20270614-S004,N20270614,2027-06-14T18:00:00Z,900,true,0.739124,0.889990,0.946916,0.980988
N20270614-S005,N20270614,2027-06-14T18:15:00Z,900,true,0.722261,0.886531,0.950544,0.964288
N20270614-S006,N20270614,2027-06-14T18:30:00Z,900,true,0.733545,0.873563,0.991831,0.962532
N20270614-S007,N20270614,2027-06-14T18:45:00Z,900,true,0.737362,0.855608,0.980423,0.959958
N20270614-S008,N20270614,2027-06-14T19:00:00Z,900,true,0.766047,0.846863,0.965411,0.926670
N20270614-S009,N20270614,2027-06-14T19:15:00Z,900,true,0.795522,0.851747,0.901689,0.997715
N20270614-S010,N20270614,2027-06-14T19:30:00Z,900,true,0.798555,0.843165,0.910395,0.911649
N20270614-S011,N20270614,2027-06-14T19:45:00Z,900,true,0.816790,0.840755,0.932395,0.966466
N20270614-S012,N20270614,2027-06-14T20:00:00Z,900,true,0.840855,0.838608,0.943295,0.943541
N20270614-S013,N20270614,2027-06-14T20:15:00Z,900,true,0.821322,0.856317,0.951085,0.974832
N20270614-S014,N20270614,2027-06-14T20:30:00Z,900,true,0.788437,0.868684,0.955010,0.960822
N20270614-S015,N20270614,2027-06-14T20:45:00Z,900,true,0.858526,0.846570,0.982482,0.972544
N20270614-S016,N20270614,2027-06-14T21:00:00Z,900,true,0.845565,0.837642,0.993302,0.996548
N20270614-S017,N20270614,2027-06-14T21:15:00Z,900,true,0.828352,0.838066,0.987425,0.909094
N20270614-S018,N20270614,2027-06-14T21:30:00Z,900,true,0.875361,0.832674,0.980918,0.998315
N20270614-S019,N20270614,2027-06-14T21:45:00Z,900,true,0.857385,0.822651,0.983313,0.990858
N20270614-S020,N20270614,2027-06-14T22:00:00Z,900,true,0.878643,0.812920,0.997734,0.922024
N20270614-S021,N20270614,2027-06-14T22:15:00Z,900,true,0.879046,0.826424,1.018677,0.945897
N20270614-S022,N20270614,2027-06-14T22:30:00Z,900,true,0.853311,0.834096,1.035643,0.985729
N20270614-S023,N20270614,2027-06-14T22:45:00Z,900,true,1.059945,0.502263,0.731824,0.961624
N20270614-S024,N20270614,2027-06-14T23:00:00Z,900,true,0.986769,0.501962,0.727852,0.975142
N20270614-S025,N20270614,2027-06-14T23:15:00Z,900,true,0.930647,0.512254,0.721688,0.941419
N20270614-S026,N20270614,2027-06-14T23:30:00Z,900,true,0.942529,0.511342,0.715424,0.993566
N20270614-S027,N20270614,2027-06-14T23:45:00Z,900,true,0.881295,0.522134,0.719247,0.975045
N20270614-S028,N20270614,2027-06-15T00:00:00Z,900,true,0.961124,0.520386,0.728565,0.958351
N20270614-S029,N20270614,2027-06-15T00:15:00Z,900,true,1.001142,0.513371,0.714073,0.948154
N20270614-S030,N20270614,2027-06-15T00:30:00Z,900,true,0.963289,0.519327,0.714447,0.970029
N20270614-S031,N20270614,2027-06-15T00:45:00Z,900,true,1.007900,0.520218,0.707377,0.991568
N20270614-S032,N20270614,2027-06-15T01:00:00Z,900,true,0.816461,0.889053,1.044068,0.917872
N20270614-S033,N20270614,2027-06-15T01:15:00Z,900,true,0.790034,0.886834,1.017553,0.908761
N20270614-S034,N20270614,2027-06-15T01:30:00Z,900,true,0.807585,0.873263,1.024065,0.944612
N20270614-S035,N20270614,2027-06-15T01:45:00Z,900,true,0.834632,0.868945,1.039054,0.956451
N20270614-S036,N20270614,2027-06-15T02:00:00Z,900,true,0.801701,0.892239,1.048893,0.933664
N20270614-S037,N20270614,2027-06-15T02:15:00Z,900,true,0.806281,0.871764,1.071500,0.953308
N20270614-S038,N20270614,2027-06-15T02:30:00Z,900,true,0.839389,0.867492,1.067211,0.924428
N20270614-S039,N20270614,2027-06-15T02:45:00Z,900,true,0.802958,0.859098,1.043255,0.929765
N20270614-S040,N20270614,2027-06-15T03:00:00Z,900,true,0.831663,0.864018,1.043775,0.915621
N20270614-S041,N20270614,2027-06-15T03:15:00Z,900,true,0.746356,0.861145,1.041170,0.993197
N20270614-S042,N20270614,2027-06-15T03:30:00Z,900,true,0.752929,0.872792,1.059958,0.945132
N20270614-S043,N20270614,2027-06-15T03:45:00Z,900,true,0.711563,0.868041,1.066171,0.938177
N20270614-S044,N20270614,2027-06-15T04:00:00Z,900,true,0.767514,0.852224,1.047435,0.918770
N20270615-S001,N20270615,2027-06-15T17:15:00Z,900,true,0.718016,0.894471,0.950620,0.918707
N20270615-S002,N20270615,2027-06-15T17:30:00Z,900,true,0.724567,0.895880,0.930249,0.976644
N20270615-S003,N20270615,2027-06-15T17:45:00Z,900,true,0.767024,0.892330,0.934921,0.998828
N20270615-S004,N20270615,2027-06-15T18:00:00Z,900,true,0.818007,0.881428,0.921839,0.904797
N20270615-S005,N20270615,2027-06-15T18:15:00Z,900,true,0.841255,0.873926,0.922653,0.964183
N20270615-S006,N20270615,2027-06-15T18:30:00Z,900,true,0.848273,0.858628,0.922102,0.912620
N20270615-S007,N20270615,2027-06-15T18:45:00Z,900,true,0.849827,0.845025,0.922936,0.979640
N20270615-S008,N20270615,2027-06-15T19:00:00Z,900,true,0.814003,0.857432,0.888675,0.933763
N20270615-S009,N20270615,2027-06-15T19:15:00Z,900,true,0.796619,0.852655,0.878604,0.991604
N20270615-S010,N20270615,2027-06-15T19:30:00Z,900,true,0.783077,0.863737,0.898265,0.969502
N20270615-S011,N20270615,2027-06-15T19:45:00Z,900,true,0.692544,0.876986,0.905968,0.942744
N20270615-S012,N20270615,2027-06-15T20:00:00Z,900,true,0.672596,0.873640,0.917746,0.976520
N20270615-S013,N20270615,2027-06-15T20:15:00Z,900,true,0.624544,0.884375,0.895103,0.963719
N20270615-S014,N20270615,2027-06-15T20:30:00Z,900,true,0.652561,0.903924,0.896241,0.938989
N20270615-S015,N20270615,2027-06-15T20:45:00Z,900,true,0.654884,0.901761,0.896907,0.976475
N20270615-S016,N20270615,2027-06-15T21:00:00Z,900,true,0.641156,0.890700,0.894851,0.967547
N20270615-S017,N20270615,2027-06-15T21:15:00Z,900,true,0.640910,0.891492,0.897317,0.949721
N20270615-S018,N20270615,2027-06-15T21:30:00Z,900,true,0.646577,0.890549,0.915505,0.997222
N20270615-S019,N20270615,2027-06-15T21:45:00Z,900,true,0.638423,0.887882,0.917422,0.980926
N20270615-S020,N20270615,2027-06-15T22:00:00Z,900,true,0.634856,0.901302,0.914748,0.970856
N20270615-S021,N20270615,2027-06-15T22:15:00Z,900,true,0.593309,0.886876,0.924899,0.934336
N20270615-S022,N20270615,2027-06-15T22:30:00Z,900,true,0.592812,0.883715,0.930793,0.918420
N20270615-S023,N20270615,2027-06-15T22:45:00Z,900,true,0.622899,0.873079,0.940910,0.918532
N20270615-S024,N20270615,2027-06-15T23:00:00Z,900,true,0.645272,0.864046,0.966322,0.969331
N20270615-S025,N20270615,2027-06-15T23:15:00Z,900,true,0.636813,0.837094,0.964024,0.962296
N20270615-S026,N20270615,2027-06-15T23:30:00Z,900,true,0.614322,0.853578,0.921456,0.944227
N20270615-S027,N20270615,2027-06-15T23:45:00Z,900,true,0.637775,0.849717,0.919397,0.908205
N20270615-S028,N20270615,2027-06-16T00:00:00Z,900,true,0.648741,0.855317,0.899189,0.987287
N20270615-S029,N20270615,2027-06-16T00:15:00Z,900,true,0.627213,0.862512,0.896520,0.945646
N20270615-S030,N20270615,2027-06-16T00:30:00Z,900,true,0.692639,0.855430,0.886570,0.904197
N20270615-S031,N20270615,2027-06-16T00:45:00Z,900,true,0.670647,0.844073,0.899316,0.915398
N20270615-S032,N20270615,2027-06-16T01:00:00Z,900,true,0.697132,0.875519,0.902534,0.912357
N20270615-S033,N20270615,2027-06-16T01:15:00Z,900,true,0.670911,0.862394,0.893945,0.988367
N20270615-S034,N20270615,2027-06-16T01:30:00Z,900,true,0.713633,0.854726,0.903590,0.913704
N20270615-S035,N20270615,2027-06-16T01:45:00Z,900,true,0.719542,0.863013,0.929641,0.949351
N20270615-S036,N20270615,2027-06-16T02:00:00Z,900,true,0.802941,0.859181,0.930417,0.945414
N20270615-S037,N20270615,2027-06-16T02:15:00Z,900,true,0.851507,0.884775,0.924926,0.950179
N20270615-S038,N20270615,2027-06-16T02:30:00Z,900,true,0.775913,0.904897,0.945087,0.933963
N20270615-S039,N20270615,2027-06-16T02:45:00Z,900,true,0.715938,0.914023,0.936178,0.954911
N20270615-S040,N20270615,2027-06-16T03:00:00Z,900,true,0.680159,0.903428,0.930673,0.921078
N20270615-S041,N20270615,2027-06-16T03:15:00Z,900,true,0.688176,0.895028,0.926542,0.985516
N20270615-S042,N20270615,2027-06-16T03:30:00Z,900,true,0.732780,0.902465,0.939391,0.957201
N20270615-S043,N20270615,2027-06-16T03:45:00Z,900,true,0.744822,0.883135,0.965922,0.981926
N20270615-S044,N20270615,2027-06-16T04:00:00Z,900,true,0.767020,0.902546,0.960828,0.950516
N20270616-S001,N20270616,2027-06-16T17:15:00Z,900,true,0.758617,0.911750,0.863659,0.908884
N20270616-S002,N20270616,2027-06-16T17:30:00Z,900,true,0.754540,0.906931,0.868571,0.968531
N20270616-S003,N20270616,2027-06-16T17:45:00Z,900,true,0.677262,0.900092,0.853674,0.998777
N20270616-S004,N20270616,2027-06-16T18:00:00Z,900,true,0.626345,0.894288,0.846912,0.951099
N20270616-S005,N20270616,2027-06-16T18:15:00Z,900,true,0.633366,0.891520,0.859369,0.960689
N20270616-S006,N20270616,2027-06-16T18:30:00Z,900,true,0.664559,0.873932,0.858017,0.932547
N20270616-S007,N20270616,2027-06-16T18:45:00Z,900,true,0.748415,0.883775,0.853782,0.926441
N20270616-S008,N20270616,2027-06-16T19:00:00Z,900,true,0.764764,0.879374,0.871492,0.973948
N20270616-S009,N20270616,2027-06-16T19:15:00Z,900,true,0.748304,0.881999,0.914946,0.903366
N20270616-S010,N20270616,2027-06-16T19:30:00Z,900,true,0.755419,0.895991,0.920424,0.904988
N20270616-S011,N20270616,2027-06-16T19:45:00Z,900,false,,,,
N20270616-S012,N20270616,2027-06-16T20:00:00Z,900,false,,,,
N20270616-S013,N20270616,2027-06-16T20:15:00Z,900,false,,,,
N20270616-S014,N20270616,2027-06-16T20:30:00Z,900,false,,,,
N20270616-S015,N20270616,2027-06-16T20:45:00Z,900,false,,,,
N20270616-S016,N20270616,2027-06-16T21:00:00Z,900,false,,,,
N20270616-S017,N20270616,2027-06-16T21:15:00Z,900,false,,,,
N20270616-S018,N20270616,2027-06-16T21:30:00Z,900,false,,,,
N20270616-S019,N20270616,2027-06-16T21:45:00Z,900,false,,,,
N20270616-S020,N20270616,2027-06-16T22:00:00Z,900,false,,,,
N20270616-S021,N20270616,2027-06-16T22:15:00Z,900,false,,,,
N20270616-S022,N20270616,2027-06-16T22:30:00Z,900,false,,,,
N20270616-S023,N20270616,2027-06-16T22:45:00Z,900,false,,,,
N20270616-S024,N20270616,2027-06-16T23:00:00Z,900,false,,,,
N20270616-S025,N20270616,2027-06-16T23:15:00Z,900,false,,,,
N20270616-S026,N20270616,2027-06-16T23:30:00Z,900,false,,,,
N20270616-S027,N20270616,2027-06-16T23:45:00Z,900,false,,,,
N20270616-S028,N20270616,2027-06-17T00:00:00Z,900,false,,,,
N20270616-S029,N20270616,2027-06-17T00:15:00Z,900,false,,,,
N20270616-S030,N20270616,2027-06-17T00:30:00Z,900,false,,,,
N20270616-S031,N20270616,2027-06-17T00:45:00Z,900,false,,,,
N20270616-S032,N20270616,2027-06-17T01:00:00Z,900,false,,,,
N20270616-S033,N20270616,2027-06-17T01:15:00Z,900,false,,,,
N20270616-S034,N20270616,2027-06-17T01:30:00Z,900,false,,,,
N20270616-S035,N20270616,2027-06-17T01:45:00Z,900,false,,,,
N20270616-S036,N20270616,2027-06-17T02:00:00Z,900,false,,,,
N20270616-S037,N20270616,2027-06-17T02:15:00Z,900,false,,,,
N20270616-S038,N20270616,2027-06-17T02:30:00Z,900,false,,,,
N20270616-S039,N20270616,2027-06-17T02:45:00Z,900,false,,,,
N20270616-S040,N20270616,2027-06-17T03:00:00Z,900,false,,,,
N20270616-S041,N20270616,2027-06-17T03:15:00Z,900,false,,,,
N20270616-S042,N20270616,2027-06-17T03:30:00Z,900,false,,,,
N20270616-S043,N20270616,2027-06-17T03:45:00Z,900,false,,,,
N20270616-S044,N20270616,2027-06-17T04:00:00Z,900,false,,,,
N20270617-S001,N20270617,2027-06-17T17:15:00Z,900,false,,,,
N20270617-S002,N20270617,2027-06-17T17:30:00Z,900,false,,,,
N20270617-S003,N20270617,2027-06-17T17:45:00Z,900,true,0.768157,0.969780,0.991912,0.910755
N20270617-S004,N20270617,2027-06-17T18:00:00Z,900,true,0.751856,0.960353,1.015652,0.997368
N20270617-S005,N20270617,2027-06-17T18:15:00Z,900,true,0.740872,0.942219,1.005951,0.979338
N20270617-S006,N20270617,2027-06-17T18:30:00Z,900,true,0.738147,0.954126,0.995866,0.929754
N20270617-S007,N20270617,2027-06-17T18:45:00Z,900,true,0.784121,0.938015,1.009072,0.984393
N20270617-S008,N20270617,2027-06-17T19:00:00Z,900,true,0.845767,0.936433,1.016007,0.926884
N20270617-S009,N20270617,2027-06-17T19:15:00Z,900,true,0.827449,0.944702,0.989176,0.909190
N20270617-S010,N20270617,2027-06-17T19:30:00Z,900,true,0.818015,0.945750,0.987291,0.984066
N20270617-S011,N20270617,2027-06-17T19:45:00Z,900,true,0.834209,0.954886,0.973925,0.922877
N20270617-S012,N20270617,2027-06-17T20:00:00Z,900,true,0.827033,0.966398,1.003027,0.988739
N20270617-S013,N20270617,2027-06-17T20:15:00Z,900,true,0.907766,0.923440,0.994886,0.991825
N20270617-S014,N20270617,2027-06-17T20:30:00Z,900,true,0.925970,0.935784,1.006221,0.932301
N20270617-S015,N20270617,2027-06-17T20:45:00Z,900,true,0.890956,0.932521,1.024285,0.974692
N20270617-S016,N20270617,2027-06-17T21:00:00Z,900,true,0.911201,0.933273,1.031581,0.946749
N20270617-S017,N20270617,2027-06-17T21:15:00Z,900,true,0.927696,0.918835,1.040625,0.960129
N20270617-S018,N20270617,2027-06-17T21:30:00Z,900,true,0.891432,0.935417,1.049281,0.953990
N20270617-S019,N20270617,2027-06-17T21:45:00Z,900,true,0.910375,0.950955,1.066314,0.959588
N20270617-S020,N20270617,2027-06-17T22:00:00Z,900,true,0.879773,0.943659,1.043056,0.906082
N20270617-S021,N20270617,2027-06-17T22:15:00Z,900,true,0.857746,0.956098,1.039097,0.939879
N20270617-S022,N20270617,2027-06-17T22:30:00Z,900,true,0.876943,0.973027,0.997653,0.903093
N20270617-S023,N20270617,2027-06-17T22:45:00Z,900,true,0.894828,0.999788,0.984283,0.923937
N20270617-S024,N20270617,2027-06-17T23:00:00Z,900,true,0.890338,0.986497,0.978294,0.929915
N20270617-S025,N20270617,2027-06-17T23:15:00Z,900,true,0.858809,0.984616,0.981327,0.963593
N20270617-S026,N20270617,2027-06-17T23:30:00Z,900,true,0.791148,0.995614,0.976063,0.935936
N20270617-S027,N20270617,2027-06-17T23:45:00Z,900,true,0.776878,0.995103,0.973179,0.973316
N20270617-S028,N20270617,2027-06-18T00:00:00Z,900,true,0.786522,0.984281,0.991231,0.971498
N20270617-S029,N20270617,2027-06-18T00:15:00Z,900,true,0.741084,0.984243,0.977108,0.924861
N20270617-S030,N20270617,2027-06-18T00:30:00Z,900,true,0.732801,0.973732,0.996761,0.901941
N20270617-S031,N20270617,2027-06-18T00:45:00Z,900,true,0.744292,0.967639,1.006936,0.956756
N20270617-S032,N20270617,2027-06-18T01:00:00Z,900,true,0.787559,0.958723,1.016602,0.914349
N20270617-S033,N20270617,2027-06-18T01:15:00Z,900,true,0.746705,0.966804,1.047255,0.905960
N20270617-S034,N20270617,2027-06-18T01:30:00Z,900,true,0.756944,0.958677,1.023926,0.959481
N20270617-S035,N20270617,2027-06-18T01:45:00Z,900,true,0.696465,0.951894,1.036039,0.921560
N20270617-S036,N20270617,2027-06-18T02:00:00Z,900,true,0.628729,0.952522,1.004530,0.928766
N20270617-S037,N20270617,2027-06-18T02:15:00Z,900,true,0.669183,0.971847,1.000974,0.968411
N20270617-S038,N20270617,2027-06-18T02:30:00Z,900,true,0.713479,0.983324,1.006133,0.949982
N20270617-S039,N20270617,2027-06-18T02:45:00Z,900,true,0.738147,0.976384,0.994437,0.958194
N20270617-S040,N20270617,2027-06-18T03:00:00Z,900,true,0.689401,0.974502,0.948762,0.949373
N20270617-S041,N20270617,2027-06-18T03:15:00Z,900,true,0.699409,0.966066,0.957327,0.908273
N20270617-S042,N20270617,2027-06-18T03:30:00Z,900,true,0.772894,0.960454,0.967286,0.969485
N20270617-S043,N20270617,2027-06-18T03:45:00Z,900,true,0.779220,0.960493,0.999495,0.953181
N20270617-S044,N20270617,2027-06-18T04:00:00Z,900,true,0.777907,0.970684,1.008051,0.953976
N20270618-S001,N20270618,2027-06-18T17:15:00Z,900,true,0.900207,0.946065,1.008628,0.971821
N20270618-S002,N20270618,2027-06-18T17:30:00Z,900,true,0.887580,0.954348,0.978268,0.938634
N20270618-S003,N20270618,2027-06-18T17:45:00Z,900,true,0.851982,0.949145,0.995539,0.964409
N20270618-S004,N20270618,2027-06-18T18:00:00Z,900,true,0.869217,0.932349,1.033767,0.964045
N20270618-S005,N20270618,2027-06-18T18:15:00Z,900,true,0.902091,0.924852,1.041970,0.933616
N20270618-S006,N20270618,2027-06-18T18:30:00Z,900,true,0.915594,0.936065,1.031479,0.929274
N20270618-S007,N20270618,2027-06-18T18:45:00Z,900,true,0.887548,0.941270,1.030723,0.996196
N20270618-S008,N20270618,2027-06-18T19:00:00Z,900,true,0.857303,0.957583,1.033110,0.926332
N20270618-S009,N20270618,2027-06-18T19:15:00Z,900,true,0.875814,0.932549,0.993842,0.930621
N20270618-S010,N20270618,2027-06-18T19:30:00Z,900,true,0.881640,0.939315,0.990985,0.905791
N20270618-S011,N20270618,2027-06-18T19:45:00Z,900,true,0.909373,0.928184,0.993346,0.963968
N20270618-S012,N20270618,2027-06-18T20:00:00Z,900,true,0.850947,0.933028,1.027375,0.937758
N20270618-S013,N20270618,2027-06-18T20:15:00Z,900,true,0.821921,0.930537,0.995754,0.953408
N20270618-S014,N20270618,2027-06-18T20:30:00Z,900,true,0.815077,0.942431,0.994754,0.960545
N20270618-S015,N20270618,2027-06-18T20:45:00Z,900,true,0.827814,0.946857,1.003543,0.958743
N20270618-S016,N20270618,2027-06-18T21:00:00Z,900,true,0.894530,0.949841,0.999186,0.981630
N20270618-S017,N20270618,2027-06-18T21:15:00Z,900,true,0.926010,0.963395,1.006736,0.979989
N20270618-S018,N20270618,2027-06-18T21:30:00Z,900,true,0.892178,0.965785,1.035609,0.969426
N20270618-S019,N20270618,2027-06-18T21:45:00Z,900,true,0.848239,0.963904,1.008680,0.926158
N20270618-S020,N20270618,2027-06-18T22:00:00Z,900,true,0.837504,0.975447,1.002974,0.983398
N20270618-S021,N20270618,2027-06-18T22:15:00Z,900,true,0.892213,0.970316,0.977049,0.953418
N20270618-S022,N20270618,2027-06-18T22:30:00Z,900,true,0.890576,0.966399,0.988412,0.978982
N20270618-S023,N20270618,2027-06-18T22:45:00Z,900,true,0.911761,0.963799,0.983658,0.989053
N20270618-S024,N20270618,2027-06-18T23:00:00Z,900,true,0.886466,0.945596,1.016563,0.920191
N20270618-S025,N20270618,2027-06-18T23:15:00Z,900,true,0.899905,0.969067,1.033692,0.963315
N20270618-S026,N20270618,2027-06-18T23:30:00Z,900,true,0.857849,0.964083,1.020422,0.978771
N20270618-S027,N20270618,2027-06-18T23:45:00Z,900,true,0.845852,0.952007,1.015358,0.986120
N20270618-S028,N20270618,2027-06-19T00:00:00Z,900,true,0.786239,0.966274,1.002121,0.972760
N20270618-S029,N20270618,2027-06-19T00:15:00Z,900,true,0.761569,0.959465,1.014577,0.991776
N20270618-S030,N20270618,2027-06-19T00:30:00Z,900,true,0.777375,0.958158,1.003934,0.960981
N20270618-S031,N20270618,2027-06-19T00:45:00Z,900,true,0.773818,0.936242,0.992267,0.947298
N20270618-S032,N20270618,2027-06-19T01:00:00Z,900,true,0.786961,0.936606,0.994068,0.941898
N20270618-S033,N20270618,2027-06-19T01:15:00Z,900,true,0.819195,0.950170,0.957840,0.927290
N20270618-S034,N20270618,2027-06-19T01:30:00Z,900,true,0.816551,0.943409,0.948795,0.932193
N20270618-S035,N20270618,2027-06-19T01:45:00Z,900,true,0.842867,0.967351,0.956548,0.927138
N20270618-S036,N20270618,2027-06-19T02:00:00Z,900,true,0.829142,0.964521,0.963402,0.950031
N20270618-S037,N20270618,2027-06-19T02:15:00Z,900,true,0.890345,0.966806,0.977098,0.973445
N20270618-S038,N20270618,2027-06-19T02:30:00Z,900,true,0.856935,0.971648,0.996391,0.993025
N20270618-S039,N20270618,2027-06-19T02:45:00Z,900,true,0.823799,0.945730,0.982065,0.984918
N20270618-S040,N20270618,2027-06-19T03:00:00Z,900,true,0.826765,0.942166,0.990579,0.913983
N20270618-S041,N20270618,2027-06-19T03:15:00Z,900,true,0.861385,0.926131,0.993035,0.929522
N20270618-S042,N20270618,2027-06-19T03:30:00Z,900,true,0.787474,0.925232,1.008880,0.979362
N20270618-S043,N20270618,2027-06-19T03:45:00Z,900,true,0.802306,0.935454,0.974280,0.986812
N20270618-S044,N20270618,2027-06-19T04:00:00Z,900,true,0.823513,0.951887,0.974742,0.944218
N20270619-S001,N20270619,2027-06-19T17:15:00Z,900,true,0.965889,0.936862,0.964067,0.902447
N20270619-S002,N20270619,2027-06-19T17:30:00Z,900,true,0.956927,0.921573,0.948710,0.980585
N20270619-S003,N20270619,2027-06-19T17:45:00Z,900,true,0.967583,0.918835,0.934918,0.950717
N20270619-S004,N20270619,2027-06-19T18:00:00Z,900,true,0.949764,0.911007,0.966302,0.930033
N20270619-S005,N20270619,2027-06-19T18:15:00Z,900,true,0.917278,0.910241,0.984155,0.930982
N20270619-S006,N20270619,2027-06-19T18:30:00Z,900,true,0.881263,0.913333,0.965340,0.979344
N20270619-S007,N20270619,2027-06-19T18:45:00Z,900,true,0.876357,0.913241,1.010392,0.900574
N20270619-S008,N20270619,2027-06-19T19:00:00Z,900,true,0.916558,0.896176,1.017993,0.971237
N20270619-S009,N20270619,2027-06-19T19:15:00Z,900,true,0.935063,0.907417,0.995517,0.919725
N20270619-S010,N20270619,2027-06-19T19:30:00Z,900,true,0.924473,0.890737,1.008605,0.920184
N20270619-S011,N20270619,2027-06-19T19:45:00Z,900,true,0.916765,0.884862,0.959789,0.950121
N20270619-S012,N20270619,2027-06-19T20:00:00Z,900,true,1.000796,0.878805,0.965884,0.959390
N20270619-S013,N20270619,2027-06-19T20:15:00Z,900,true,1.026491,0.892216,0.983256,0.953591
N20270619-S014,N20270619,2027-06-19T20:30:00Z,900,true,1.043918,0.895863,0.980079,0.928519
N20270619-S015,N20270619,2027-06-19T20:45:00Z,900,true,1.054730,0.872129,0.962267,0.950080
N20270619-S016,N20270619,2027-06-19T21:00:00Z,900,true,1.044858,0.878676,0.977685,0.909154
N20270619-S017,N20270619,2027-06-19T21:15:00Z,900,true,1.045312,0.871573,0.959409,0.960517
N20270619-S018,N20270619,2027-06-19T21:30:00Z,900,true,1.073601,0.886280,0.977650,0.977407
N20270619-S019,N20270619,2027-06-19T21:45:00Z,900,true,1.061389,0.906802,0.969220,0.971933
N20270619-S020,N20270619,2027-06-19T22:00:00Z,900,true,1.037337,0.899460,0.985170,0.926939
N20270619-S021,N20270619,2027-06-19T22:15:00Z,900,true,1.052030,0.930101,0.930385,0.984655
N20270619-S022,N20270619,2027-06-19T22:30:00Z,900,true,1.034014,0.936853,0.954990,0.902594
N20270619-S023,N20270619,2027-06-19T22:45:00Z,900,true,1.008235,0.931010,0.957543,0.955927
N20270619-S024,N20270619,2027-06-19T23:00:00Z,900,true,0.996478,0.907569,0.951590,0.905261
N20270619-S025,N20270619,2027-06-19T23:15:00Z,900,true,0.921043,0.903410,0.962808,0.943384
N20270619-S026,N20270619,2027-06-19T23:30:00Z,900,true,0.938122,0.887836,0.974532,0.980303
N20270619-S027,N20270619,2027-06-19T23:45:00Z,900,true,0.932668,0.877205,0.986852,0.950543
N20270619-S028,N20270619,2027-06-20T00:00:00Z,900,true,0.897036,0.891234,0.961128,0.901554
N20270619-S029,N20270619,2027-06-20T00:15:00Z,900,true,0.918204,0.886651,0.992237,0.972644
N20270619-S030,N20270619,2027-06-20T00:30:00Z,900,true,0.880447,0.899006,1.030397,0.998551
N20270619-S031,N20270619,2027-06-20T00:45:00Z,900,true,0.878158,0.890644,1.015474,0.997621
N20270619-S032,N20270619,2027-06-20T01:00:00Z,900,true,0.882596,0.912466,1.005791,0.991051
N20270619-S033,N20270619,2027-06-20T01:15:00Z,900,true,0.889410,0.925159,1.000572,0.993166
N20270619-S034,N20270619,2027-06-20T01:30:00Z,900,true,0.886238,0.911080,1.040249,0.920081
N20270619-S035,N20270619,2027-06-20T01:45:00Z,900,true,0.824986,0.910547,1.037553,0.919516
N20270619-S036,N20270619,2027-06-20T02:00:00Z,900,true,0.825692,0.908183,1.033743,0.934552
N20270619-S037,N20270619,2027-06-20T02:15:00Z,900,true,0.828626,0.915383,1.018801,0.980724
N20270619-S038,N20270619,2027-06-20T02:30:00Z,900,false,,,,
N20270619-S039,N20270619,2027-06-20T02:45:00Z,900,false,,,,
N20270619-S040,N20270619,2027-06-20T03:00:00Z,900,false,,,,
N20270619-S041,N20270619,2027-06-20T03:15:00Z,900,false,,,,
N20270619-S042,N20270619,2027-06-20T03:30:00Z,900,false,,,,
N20270619-S043,N20270619,2027-06-20T03:45:00Z,900,false,,,,
N20270619-S044,N20270619,2027-06-20T04:00:00Z,900,false,,,,
N20270620-S001,N20270620,2027-06-20T17:15:00Z,900,false,,,,
N20270620-S002,N20270620,2027-06-20T17:30:00Z,900,false,,,,
N20270620-S003,N20270620,2027-06-20T17:45:00Z,900,false,,,,
N20270620-S004,N20270620,2027-06-20T18:00:00Z,900,false,,,,
N20270620-S005,N20270620,2027-06-20T18:15:00Z,900,false,,,,
N20270620-S006,N20270620,2027-06-20T18:30:00Z,900,true,1.007851,0.871790,0.969160,0.939162
N20270620-S007,N20270620,2027-06-20T18:45:00Z,900,true,1.009169,0.852509,0.960170,0.996739
N20270620-S008,N20270620,2027-06-20T19:00:00Z,900,true,1.055865,0.845428,0.977123,0.953893
N20270620-S009,N20270620,2027-06-20T19:15:00Z,900,true,1.048582,0.854972,0.992233,0.996411
N20270620-S010,N20270620,2027-06-20T19:30:00Z,900,true,1.016001,0.838866,0.997788,0.956558
N20270620-S011,N20270620,2027-06-20T19:45:00Z,900,true,1.037018,0.827124,0.992754,0.929335
N20270620-S012,N20270620,2027-06-20T20:00:00Z,900,true,0.947437,0.826368,0.992479,0.963421
N20270620-S013,N20270620,2027-06-20T20:15:00Z,900,true,0.963685,0.827188,0.975191,0.918190
N20270620-S014,N20270620,2027-06-20T20:30:00Z,900,true,0.921633,0.827717,0.967485,0.940008
N20270620-S015,N20270620,2027-06-20T20:45:00Z,900,true,0.939096,0.830519,0.943385,0.999752
N20270620-S016,N20270620,2027-06-20T21:00:00Z,900,true,0.964915,0.840424,0.955451,0.930166
N20270620-S017,N20270620,2027-06-20T21:15:00Z,900,true,0.972757,0.854398,0.936378,0.987501
N20270620-S018,N20270620,2027-06-20T21:30:00Z,900,true,0.904647,0.859713,0.963661,0.953623
N20270620-S019,N20270620,2027-06-20T21:45:00Z,900,true,0.940542,0.867563,0.971889,0.968007
N20270620-S020,N20270620,2027-06-20T22:00:00Z,900,true,0.977711,0.891310,0.966693,0.983985
N20270620-S021,N20270620,2027-06-20T22:15:00Z,900,true,0.998110,0.863084,0.952206,0.944552
N20270620-S022,N20270620,2027-06-20T22:30:00Z,900,true,1.029151,0.844766,0.944137,0.909254
N20270620-S023,N20270620,2027-06-20T22:45:00Z,900,true,0.989073,0.847971,0.949422,0.983564
N20270620-S024,N20270620,2027-06-20T23:00:00Z,900,true,0.957237,0.848436,0.972367,0.997695
N20270620-S025,N20270620,2027-06-20T23:15:00Z,900,true,0.908933,0.847309,1.001543,0.906277
N20270620-S026,N20270620,2027-06-20T23:30:00Z,900,true,0.901720,0.870082,0.985669,0.980729
N20270620-S027,N20270620,2027-06-20T23:45:00Z,900,true,0.980376,0.875675,1.015966,0.957401
N20270620-S028,N20270620,2027-06-21T00:00:00Z,900,true,0.980017,0.847575,1.012368,0.968282
N20270620-S029,N20270620,2027-06-21T00:15:00Z,900,true,0.949133,0.841774,1.005743,0.968481
N20270620-S030,N20270620,2027-06-21T00:30:00Z,900,true,0.958928,0.846451,1.010273,0.981209
N20270620-S031,N20270620,2027-06-21T00:45:00Z,900,true,1.023891,0.842344,0.990653,0.900027
N20270620-S032,N20270620,2027-06-21T01:00:00Z,900,true,1.048129,0.858340,0.960770,0.993757
N20270620-S033,N20270620,2027-06-21T01:15:00Z,900,true,1.066790,0.852653,0.984974,0.978419
N20270620-S034,N20270620,2027-06-21T01:30:00Z,900,true,1.050951,0.845434,0.990914,0.950993
N20270620-S035,N20270620,2027-06-21T01:45:00Z,900,true,1.014662,0.817465,0.978358,0.941568
N20270620-S036,N20270620,2027-06-21T02:00:00Z,900,true,1.038762,0.832932,0.961027,0.997234
N20270620-S037,N20270620,2027-06-21T02:15:00Z,900,true,1.004684,0.840559,0.950876,0.961609
N20270620-S038,N20270620,2027-06-21T02:30:00Z,900,true,1.039381,0.843472,0.941248,0.937623
N20270620-S039,N20270620,2027-06-21T02:45:00Z,900,true,1.017160,0.865377,0.920348,0.947231
N20270620-S040,N20270620,2027-06-21T03:00:00Z,900,true,1.020098,0.862950,0.933526,0.911792
N20270620-S041,N20270620,2027-06-21T03:15:00Z,900,true,1.033537,0.860833,0.927574,0.930784
N20270620-S042,N20270620,2027-06-21T03:30:00Z,900,true,1.063763,0.865529,0.931836,0.969494
N20270620-S043,N20270620,2027-06-21T03:45:00Z,900,true,1.053296,0.871159,0.959831,0.976510
N20270620-S044,N20270620,2027-06-21T04:00:00Z,900,true,1.073519,0.860711,0.967225,0.905243
N20270621-S001,N20270621,2027-06-21T17:15:00Z,900,true,0.867207,0.908036,1.032135,0.940842
N20270621-S002,N20270621,2027-06-21T17:30:00Z,900,true,0.890322,0.923788,1.014188,0.991481
N20270621-S003,N20270621,2027-06-21T17:45:00Z,900,true,0.900603,0.899219,1.001986,0.932689
N20270621-S004,N20270621,2027-06-21T18:00:00Z,900,true,0.917444,0.898915,0.989489,0.976864
N20270621-S005,N20270621,2027-06-21T18:15:00Z,900,true,0.926902,0.917242,0.974720,0.978484
N20270621-S006,N20270621,2027-06-21T18:30:00Z,900,true,0.924831,0.918264,0.972213,0.941125
N20270621-S007,N20270621,2027-06-21T18:45:00Z,900,true,0.938938,0.919906,0.998506,0.944031
N20270621-S008,N20270621,2027-06-21T19:00:00Z,900,true,0.903979,0.942820,1.021138,0.926072
N20270621-S009,N20270621,2027-06-21T19:15:00Z,900,true,0.845194,0.946268,1.016191,0.999182
N20270621-S010,N20270621,2027-06-21T19:30:00Z,900,true,0.834429,0.930722,1.044016,0.918573
N20270621-S011,N20270621,2027-06-21T19:45:00Z,900,true,0.788838,0.942619,1.009491,0.917973
N20270621-S012,N20270621,2027-06-21T20:00:00Z,900,true,0.753453,0.933515,0.986860,0.967521
N20270621-S013,N20270621,2027-06-21T20:15:00Z,900,true,0.757969,0.925553,1.012603,0.939425
N20270621-S014,N20270621,2027-06-21T20:30:00Z,900,true,0.762906,0.929733,1.036632,0.970169
N20270621-S015,N20270621,2027-06-21T20:45:00Z,900,true,0.749364,0.916989,1.040142,0.973937
N20270621-S016,N20270621,2027-06-21T21:00:00Z,900,true,0.765692,0.909994,1.041738,0.958161
N20270621-S017,N20270621,2027-06-21T21:15:00Z,900,true,0.775499,0.922646,1.070192,0.960585
N20270621-S018,N20270621,2027-06-21T21:30:00Z,900,true,0.803995,0.938686,1.079963,0.942398
N20270621-S019,N20270621,2027-06-21T21:45:00Z,900,true,0.813589,0.921884,1.070657,0.951962
N20270621-S020,N20270621,2027-06-21T22:00:00Z,900,true,0.816573,0.922828,1.099477,0.908538
N20270621-S021,N20270621,2027-06-21T22:15:00Z,900,true,0.802087,0.913296,1.083449,0.983112
N20270621-S022,N20270621,2027-06-21T22:30:00Z,900,true,0.732919,0.907853,1.075045,0.940992
N20270621-S023,N20270621,2027-06-21T22:45:00Z,900,true,0.768141,0.921609,1.056538,0.909827
N20270621-S024,N20270621,2027-06-21T23:00:00Z,900,true,0.837051,0.931915,1.022990,0.978932
N20270621-S025,N20270621,2027-06-21T23:15:00Z,900,true,0.834451,0.917892,1.026152,0.939113
N20270621-S026,N20270621,2027-06-21T23:30:00Z,900,true,0.804806,0.915315,1.018739,0.960126
N20270621-S027,N20270621,2027-06-21T23:45:00Z,900,true,0.837140,0.919755,1.040332,0.907355
N20270621-S028,N20270621,2027-06-22T00:00:00Z,900,true,0.834526,0.908729,1.003008,0.913903
N20270621-S029,N20270621,2027-06-22T00:15:00Z,900,true,0.870573,0.922422,1.004431,0.951034
N20270621-S030,N20270621,2027-06-22T00:30:00Z,900,true,0.912260,0.934383,1.032736,0.968693
N20270621-S031,N20270621,2027-06-22T00:45:00Z,900,true,0.946046,0.940470,1.045866,0.981635
N20270621-S032,N20270621,2027-06-22T01:00:00Z,900,true,0.913376,0.936987,1.007751,0.948198
N20270621-S033,N20270621,2027-06-22T01:15:00Z,900,true,0.872584,0.954478,0.969716,0.959640
N20270621-S034,N20270621,2027-06-22T01:30:00Z,900,true,0.859268,0.951178,0.980836,0.982698
N20270621-S035,N20270621,2027-06-22T01:45:00Z,900,true,0.843107,0.932736,0.989570,0.951743
N20270621-S036,N20270621,2027-06-22T02:00:00Z,900,true,0.857756,0.920753,1.002674,0.932203
N20270621-S037,N20270621,2027-06-22T02:15:00Z,900,true,0.873953,0.925083,0.992659,0.978971
N20270621-S038,N20270621,2027-06-22T02:30:00Z,900,true,0.838691,0.895751,1.001336,0.912130
N20270621-S039,N20270621,2027-06-22T02:45:00Z,900,true,0.805181,0.916938,1.005430,0.911358
N20270621-S040,N20270621,2027-06-22T03:00:00Z,900,true,0.827492,0.902526,1.008377,0.917420
N20270621-S041,N20270621,2027-06-22T03:15:00Z,900,true,0.827177,0.903385,1.009333,0.941577
N20270621-S042,N20270621,2027-06-22T03:30:00Z,900,true,0.814664,0.911372,1.001653,0.996388
N20270621-S043,N20270621,2027-06-22T03:45:00Z,900,true,0.802875,0.913976,1.017074,0.901227
N20270621-S044,N20270621,2027-06-22T04:00:00Z,900,true,0.841436,0.924931,1.018443,0.963180
N20270622-S001,N20270622,2027-06-22T17:15:00Z,900,true,0.862088,0.933477,1.027324,0.903297
N20270622-S002,N20270622,2027-06-22T17:30:00Z,900,true,0.877772,0.912390,1.043228,0.994930
N20270622-S003,N20270622,2027-06-22T17:45:00Z,900,true,0.857734,0.910357,1.073734,0.955861
N20270622-S004,N20270622,2027-06-22T18:00:00Z,900,true,0.858550,0.918375,1.054535,0.908029
N20270622-S005,N20270622,2027-06-22T18:15:00Z,900,true,0.899555,0.947884,1.078312,0.946867
N20270622-S006,N20270622,2027-06-22T18:30:00Z,900,true,0.917867,0.955888,1.084012,0.928087
N20270622-S007,N20270622,2027-06-22T18:45:00Z,900,true,0.880152,0.949171,1.075671,0.980727
N20270622-S008,N20270622,2027-06-22T19:00:00Z,900,true,0.916865,0.933312,1.088072,0.919662
N20270622-S009,N20270622,2027-06-22T19:15:00Z,900,true,0.889075,0.933476,1.086375,0.995409
N20270622-S010,N20270622,2027-06-22T19:30:00Z,900,true,0.846395,0.936664,1.081287,0.933872
N20270622-S011,N20270622,2027-06-22T19:45:00Z,900,true,0.873276,0.929993,1.103931,0.998649
N20270622-S012,N20270622,2027-06-22T20:00:00Z,900,true,0.864126,0.921437,1.117565,0.985940
N20270622-S013,N20270622,2027-06-22T20:15:00Z,900,true,0.873227,0.950557,1.105944,0.915100
N20270622-S014,N20270622,2027-06-22T20:30:00Z,900,true,0.914317,0.947148,1.123654,0.975473
N20270622-S015,N20270622,2027-06-22T20:45:00Z,900,true,0.830328,0.934314,1.105970,0.980515
N20270622-S016,N20270622,2027-06-22T21:00:00Z,900,true,0.815516,0.937140,1.101772,0.948422
N20270622-S017,N20270622,2027-06-22T21:15:00Z,900,true,0.867390,0.951009,1.103265,0.958655
N20270622-S018,N20270622,2027-06-22T21:30:00Z,900,true,0.844831,0.962121,1.055812,0.938934
N20270622-S019,N20270622,2027-06-22T21:45:00Z,900,true,0.788829,0.967717,1.056817,0.903818
N20270622-S020,N20270622,2027-06-22T22:00:00Z,900,true,0.761289,0.937849,1.032010,0.926223
N20270622-S021,N20270622,2027-06-22T22:15:00Z,900,true,0.765819,0.948975,1.034379,0.943642
N20270622-S022,N20270622,2027-06-22T22:30:00Z,900,true,0.802359,0.948296,1.006607,0.953939
N20270622-S023,N20270622,2027-06-22T22:45:00Z,900,true,0.829894,0.926642,1.026306,0.943874
N20270622-S024,N20270622,2027-06-22T23:00:00Z,900,true,0.848704,0.915107,1.039745,0.970384
N20270622-S025,N20270622,2027-06-22T23:15:00Z,900,true,0.888862,0.909330,1.036031,0.977343
N20270622-S026,N20270622,2027-06-22T23:30:00Z,900,false,,,,
N20270622-S027,N20270622,2027-06-22T23:45:00Z,900,false,,,,
N20270622-S028,N20270622,2027-06-23T00:00:00Z,900,false,,,,
N20270622-S029,N20270622,2027-06-23T00:15:00Z,900,false,,,,
N20270622-S030,N20270622,2027-06-23T00:30:00Z,900,false,,,,
N20270622-S031,N20270622,2027-06-23T00:45:00Z,900,false,,,,
N20270622-S032,N20270622,2027-06-23T01:00:00Z,900,false,,,,
N20270622-S033,N20270622,2027-06-23T01:15:00Z,900,false,,,,
N20270622-S034,N20270622,2027-06-23T01:30:00Z,900,true,0.870756,0.926852,1.005497,0.985239
N20270622-S035,N20270622,2027-06-23T01:45:00Z,900,true,0.850205,0.925877,1.006450,0.942591
N20270622-S036,N20270622,2027-06-23T02:00:00Z,900,true,0.834686,0.918113,1.005040,0.992205
N20270622-S037,N20270622,2027-06-23T02:15:00Z,900,true,0.844540,0.919385,0.999249,0.939165
N20270622-S038,N20270622,2027-06-23T02:30:00Z,900,true,0.820812,0.898674,1.032156,0.905413
N20270622-S039,N20270622,2027-06-23T02:45:00Z,900,true,0.827409,0.908682,1.049729,0.972783
N20270622-S040,N20270622,2027-06-23T03:00:00Z,900,true,0.838938,0.907086,1.072719,0.990867
N20270622-S041,N20270622,2027-06-23T03:15:00Z,900,true,0.835472,0.909822,1.047837,0.987701
N20270622-S042,N20270622,2027-06-23T03:30:00Z,900,true,0.846631,0.883481,1.045410,0.947429
N20270622-S043,N20270622,2027-06-23T03:45:00Z,900,true,0.856084,0.895241,1.029605,0.960640
N20270622-S044,N20270622,2027-06-23T04:00:00Z,900,true,0.852886,0.895861,1.069951,0.930595
N20270623-S001,N20270623,2027-06-23T17:15:00Z,900,true,0.763638,0.967950,1.057674,0.971765
N20270623-S002,N20270623,2027-06-23T17:30:00Z,900,true,0.778330,0.975599,1.063018,0.991359
N20270623-S003,N20270623,2027-06-23T17:45:00Z,900,true,0.803802,0.959617,1.076626,0.933102
N20270623-S004,N20270623,2027-06-23T18:00:00Z,900,true,0.801390,0.960679,1.070233,0.980151
N20270623-S005,N20270623,2027-06-23T18:15:00Z,900,true,0.804743,0.949345,1.044479,0.996349
N20270623-S006,N20270623,2027-06-23T18:30:00Z,900,true,0.768510,0.960940,1.036980,0.912942
N20270623-S007,N20270623,2027-06-23T18:45:00Z,900,true,0.789651,0.960268,1.036423,0.982592
N20270623-S008,N20270623,2027-06-23T19:00:00Z,900,true,0.832619,0.946582,1.010604,0.904864
N20270623-S009,N20270623,2027-06-23T19:15:00Z,900,true,0.796918,0.945728,1.026551,0.917348
N20270623-S010,N20270623,2027-06-23T19:30:00Z,900,true,0.815913,0.952629,1.038657,0.996126
N20270623-S011,N20270623,2027-06-23T19:45:00Z,900,true,0.811977,0.976742,1.038414,0.919457
N20270623-S012,N20270623,2027-06-23T20:00:00Z,900,true,0.862847,0.965340,1.066888,0.957048
N20270623-S013,N20270623,2027-06-23T20:15:00Z,900,true,0.890114,0.965660,1.083245,0.974915
N20270623-S014,N20270623,2027-06-23T20:30:00Z,900,true,0.910406,0.953939,1.066105,0.900947
N20270623-S015,N20270623,2027-06-23T20:45:00Z,900,true,0.932880,0.942712,1.070797,0.920972
N20270623-S016,N20270623,2027-06-23T21:00:00Z,900,true,0.969151,0.933110,1.071953,0.919149
N20270623-S017,N20270623,2027-06-23T21:15:00Z,900,true,0.960451,0.936559,1.055508,0.953777
N20270623-S018,N20270623,2027-06-23T21:30:00Z,900,true,0.989924,0.934424,1.015514,0.999150
N20270623-S019,N20270623,2027-06-23T21:45:00Z,900,true,0.925456,0.939311,1.014954,0.983729
N20270623-S020,N20270623,2027-06-23T22:00:00Z,900,true,0.874954,0.943345,1.018447,0.926325
N20270623-S021,N20270623,2027-06-23T22:15:00Z,900,true,0.805028,0.952772,1.019081,0.910919
N20270623-S022,N20270623,2027-06-23T22:30:00Z,900,true,0.760821,0.950908,1.018618,0.957234
N20270623-S023,N20270623,2027-06-23T22:45:00Z,900,true,0.805815,0.942494,1.016722,0.953563
N20270623-S024,N20270623,2027-06-23T23:00:00Z,900,true,0.788683,0.941334,1.035096,0.906287
N20270623-S025,N20270623,2027-06-23T23:15:00Z,900,true,0.838780,0.936951,1.037320,0.992271
N20270623-S026,N20270623,2027-06-23T23:30:00Z,900,true,0.850774,0.932381,1.044358,0.981574
N20270623-S027,N20270623,2027-06-23T23:45:00Z,900,true,0.884503,0.961007,1.072683,0.922671
N20270623-S028,N20270623,2027-06-24T00:00:00Z,900,true,0.850597,0.979135,1.045678,0.992359
N20270623-S029,N20270623,2027-06-24T00:15:00Z,900,true,0.850289,0.981321,1.025240,0.951803
N20270623-S030,N20270623,2027-06-24T00:30:00Z,900,true,0.869227,0.957580,1.009137,0.940076
N20270623-S031,N20270623,2027-06-24T00:45:00Z,900,true,0.923520,0.967004,1.013663,0.924231
N20270623-S032,N20270623,2027-06-24T01:00:00Z,900,true,0.941322,0.949837,1.014611,0.983227
N20270623-S033,N20270623,2027-06-24T01:15:00Z,900,true,0.899828,0.971018,1.020514,0.981873
N20270623-S034,N20270623,2027-06-24T01:30:00Z,900,true,0.918812,0.956468,1.022815,0.974810
N20270623-S035,N20270623,2027-06-24T01:45:00Z,900,true,0.885544,0.956983,1.022172,0.913760
N20270623-S036,N20270623,2027-06-24T02:00:00Z,900,true,0.892589,0.955622,1.009305,0.917649
N20270623-S037,N20270623,2027-06-24T02:15:00Z,900,true,0.882075,0.968704,1.043247,0.978041
N20270623-S038,N20270623,2027-06-24T02:30:00Z,900,true,0.857309,0.976565,1.011915,0.952466
N20270623-S039,N20270623,2027-06-24T02:45:00Z,900,true,0.848129,0.966348,0.997635,0.991004
N20270623-S040,N20270623,2027-06-24T03:00:00Z,900,true,0.852568,0.956712,0.988493,0.952703
N20270623-S041,N20270623,2027-06-24T03:15:00Z,900,true,0.830262,0.955577,0.999438,0.950866
N20270623-S042,N20270623,2027-06-24T03:30:00Z,900,true,0.888945,0.970670,1.024836,0.918988
N20270623-S043,N20270623,2027-06-24T03:45:00Z,900,true,0.931038,0.980887,1.025796,0.975128
N20270623-S044,N20270623,2027-06-24T04:00:00Z,900,true,0.901927,0.974897,1.002468,0.943390
N20270624-S001,N20270624,2027-06-24T17:30:00Z,900,true,0.905778,0.938065,1.110693,0.949829
N20270624-S002,N20270624,2027-06-24T17:45:00Z,900,true,0.866440,0.932481,1.123669,0.940970
N20270624-S003,N20270624,2027-06-24T18:00:00Z,900,true,0.898790,0.925092,1.110795,0.961722
N20270624-S004,N20270624,2027-06-24T18:15:00Z,900,true,0.840401,0.903223,1.059477,0.978529
N20270624-S005,N20270624,2027-06-24T18:30:00Z,900,true,0.830674,0.896926,1.060353,0.921159
N20270624-S006,N20270624,2027-06-24T18:45:00Z,900,true,0.820504,0.889265,1.056162,0.977784
N20270624-S007,N20270624,2027-06-24T19:00:00Z,900,true,0.795455,0.883675,1.073567,0.929726
N20270624-S008,N20270624,2027-06-24T19:15:00Z,900,true,0.792595,0.889149,1.069601,0.924945
N20270624-S009,N20270624,2027-06-24T19:30:00Z,900,true,0.740240,0.910049,1.096337,0.933352
N20270624-S010,N20270624,2027-06-24T19:45:00Z,900,true,0.760692,0.906927,1.078682,0.965231
N20270624-S011,N20270624,2027-06-24T20:00:00Z,900,true,0.758226,0.901609,1.079383,0.925768
N20270624-S012,N20270624,2027-06-24T20:15:00Z,900,true,0.772425,0.887248,1.077178,0.996819
N20270624-S013,N20270624,2027-06-24T20:30:00Z,900,true,0.778859,0.895455,1.086782,0.980754
N20270624-S014,N20270624,2027-06-24T20:45:00Z,900,true,0.827183,0.903526,1.102347,0.962793
N20270624-S015,N20270624,2027-06-24T21:00:00Z,900,true,0.800890,0.911909,1.092837,0.920359
N20270624-S016,N20270624,2027-06-24T21:15:00Z,900,true,0.731672,0.912106,1.096594,0.925662
N20270624-S017,N20270624,2027-06-24T21:30:00Z,900,true,0.738807,0.925276,1.105152,0.972835
N20270624-S018,N20270624,2027-06-24T21:45:00Z,900,true,0.794996,0.919787,1.125151,0.903511
N20270624-S019,N20270624,2027-06-24T22:00:00Z,900,true,0.808565,0.914710,1.111895,0.903544
N20270624-S020,N20270624,2027-06-24T22:15:00Z,900,true,0.814352,0.912182,1.096812,0.939320
N20270624-S021,N20270624,2027-06-24T22:30:00Z,900,true,0.784632,0.898314,1.113720,0.972873
N20270624-S022,N20270624,2027-06-24T22:45:00Z,900,true,0.762080,0.910951,1.095270,0.939449
N20270624-S023,N20270624,2027-06-24T23:00:00Z,900,true,0.805874,0.901559,1.113228,0.976169
N20270624-S024,N20270624,2027-06-24T23:15:00Z,900,true,0.838356,0.905277,1.107257,0.903953
N20270624-S025,N20270624,2027-06-24T23:30:00Z,900,true,0.787160,0.900538,1.111307,0.915519
N20270624-S026,N20270624,2027-06-24T23:45:00Z,900,true,0.809747,0.911544,1.122403,0.954900
N20270624-S027,N20270624,2027-06-25T00:00:00Z,900,true,0.831038,0.889314,1.137028,0.910554
N20270624-S028,N20270624,2027-06-25T00:15:00Z,900,true,0.883929,0.893584,1.136829,0.969183
N20270624-S029,N20270624,2027-06-25T00:30:00Z,900,true,0.866141,0.896055,1.139558,0.919652
N20270624-S030,N20270624,2027-06-25T00:45:00Z,900,true,0.862487,0.894307,1.124617,0.983898
N20270624-S031,N20270624,2027-06-25T01:00:00Z,900,true,0.847626,0.897696,1.136386,0.942491
N20270624-S032,N20270624,2027-06-25T01:15:00Z,900,true,0.876951,0.903231,1.169456,0.903655
N20270624-S033,N20270624,2027-06-25T01:30:00Z,900,true,0.904224,0.937035,1.164605,0.905305
N20270624-S034,N20270624,2027-06-25T01:45:00Z,900,true,0.831653,0.931052,1.169462,0.969006
N20270624-S035,N20270624,2027-06-25T02:00:00Z,900,true,0.849064,0.922903,1.174576,0.994769
N20270624-S036,N20270624,2027-06-25T02:15:00Z,900,true,0.828387,0.904301,1.151869,0.965333
N20270624-S037,N20270624,2027-06-25T02:30:00Z,900,true,0.820831,0.906087,1.155193,0.914111
N20270624-S038,N20270624,2027-06-25T02:45:00Z,900,true,0.849983,0.911460,1.182600,0.950586
N20270624-S039,N20270624,2027-06-25T03:00:00Z,900,true,0.850762,0.901048,1.169846,0.994656
N20270624-S040,N20270624,2027-06-25T03:15:00Z,900,true,0.919659,0.900090,1.195617,0.954304
N20270624-S041,N20270624,2027-06-25T03:30:00Z,900,true,0.839473,0.912677,1.180547,0.981956
N20270624-S042,N20270624,2027-06-25T03:45:00Z,900,true,0.849334,0.905378,1.202007,0.944499
N20270624-S043,N20270624,2027-06-25T04:00:00Z,900,true,0.885754,0.918687,1.226041,0.992711
N20270625-S001,N20270625,2027-06-25T17:30:00Z,900,true,0.725135,0.974819,1.071882,0.961125
N20270625-S002,N20270625,2027-06-25T17:45:00Z,900,true,0.726337,0.983706,1.070966,0.966714
N20270625-S003,N20270625,2027-06-25T18:00:00Z,900,true,0.769719,0.991849,1.055141,0.944529
N20270625-S004,N20270625,2027-06-25T18:15:00Z,900,true,0.723354,1.000000,1.061136,0.915238
N20270625-S005,N20270625,2027-06-25T18:30:00Z,900,true,0.754221,0.985773,1.079242,0.971665
N20270625-S006,N20270625,2027-06-25T18:45:00Z,900,true,0.726073,0.983624,1.091157,0.978092
N20270625-S007,N20270625,2027-06-25T19:00:00Z,900,true,0.733631,0.990043,1.061331,0.966203
N20270625-S008,N20270625,2027-06-25T19:15:00Z,900,true,0.761141,0.975521,1.058293,0.996602
N20270625-S009,N20270625,2027-06-25T19:30:00Z,900,true,0.778043,0.968012,1.052527,0.980676
N20270625-S010,N20270625,2027-06-25T19:45:00Z,900,true,0.788597,0.968358,1.037152,0.970025
N20270625-S011,N20270625,2027-06-25T20:00:00Z,900,true,0.750999,0.958739,1.034926,0.980720
N20270625-S012,N20270625,2027-06-25T20:15:00Z,900,true,0.758707,0.966641,1.042372,0.980679
N20270625-S013,N20270625,2027-06-25T20:30:00Z,900,true,0.787483,0.982480,1.063568,0.913828
N20270625-S014,N20270625,2027-06-25T20:45:00Z,900,true,0.735751,0.997240,1.078240,0.900482
N20270625-S015,N20270625,2027-06-25T21:00:00Z,900,true,0.724302,0.973020,1.042993,0.976157
N20270625-S016,N20270625,2027-06-25T21:15:00Z,900,true,0.708926,0.961841,1.055082,0.922410
N20270625-S017,N20270625,2027-06-25T21:30:00Z,900,true,0.652094,0.943849,1.046392,0.991577
N20270625-S018,N20270625,2027-06-25T21:45:00Z,900,true,0.693404,0.955416,1.065908,0.985284
N20270625-S019,N20270625,2027-06-25T22:00:00Z,900,true,0.578228,0.949020,1.047568,0.919361
N20270625-S020,N20270625,2027-06-25T22:15:00Z,900,true,0.540710,0.938863,1.080527,0.929510
N20270625-S021,N20270625,2027-06-25T22:30:00Z,900,true,0.601706,0.950490,1.076836,0.992842
N20270625-S022,N20270625,2027-06-25T22:45:00Z,900,true,0.631918,0.940049,1.094210,0.925150
N20270625-S023,N20270625,2027-06-25T23:00:00Z,900,true,0.589282,0.957471,1.081004,0.916048
N20270625-S024,N20270625,2027-06-25T23:15:00Z,900,true,0.599166,0.941424,1.078953,0.904919
N20270625-S025,N20270625,2027-06-25T23:30:00Z,900,true,0.616802,0.936267,1.077601,0.927949
N20270625-S026,N20270625,2027-06-25T23:45:00Z,900,true,0.592077,0.947463,1.081904,0.989084
N20270625-S027,N20270625,2027-06-26T00:00:00Z,900,true,0.597708,0.960186,1.081822,0.998554
N20270625-S028,N20270625,2027-06-26T00:15:00Z,900,true,0.551809,0.950203,1.083122,0.915628
N20270625-S029,N20270625,2027-06-26T00:30:00Z,900,true,0.569742,0.975420,1.083779,0.995339
N20270625-S030,N20270625,2027-06-26T00:45:00Z,900,true,0.598695,0.979617,1.091225,0.974632
N20270625-S031,N20270625,2027-06-26T01:00:00Z,900,true,0.650636,0.987244,1.062042,0.926465
N20270625-S032,N20270625,2027-06-26T01:15:00Z,900,true,0.682096,0.969242,1.073434,0.966251
N20270625-S033,N20270625,2027-06-26T01:30:00Z,900,true,0.715249,0.957740,1.052019,0.984615
N20270625-S034,N20270625,2027-06-26T01:45:00Z,900,true,0.729380,0.961659,1.057882,0.935175
N20270625-S035,N20270625,2027-06-26T02:00:00Z,900,true,0.692035,0.950113,1.104223,0.961914
N20270625-S036,N20270625,2027-06-26T02:15:00Z,900,true,0.706696,0.949942,1.106424,0.929417
N20270625-S037,N20270625,2027-06-26T02:30:00Z,900,true,0.724943,0.955553,1.084028,0.947788
N20270625-S038,N20270625,2027-06-26T02:45:00Z,900,true,0.663890,0.958839,1.067954,0.955825
N20270625-S039,N20270625,2027-06-26T03:00:00Z,900,true,0.647264,0.972243,1.054520,0.931861
N20270625-S040,N20270625,2027-06-26T03:15:00Z,900,true,0.690217,0.967115,1.080026,0.947202
N20270625-S041,N20270625,2027-06-26T03:30:00Z,900,true,0.644765,0.985113,1.070860,0.959869
N20270625-S042,N20270625,2027-06-26T03:45:00Z,900,true,0.641339,0.990099,1.061125,0.910915
N20270625-S043,N20270625,2027-06-26T04:00:00Z,900,true,0.614186,0.981246,1.085123,0.937501
N20270626-S001,N20270626,2027-06-26T17:30:00Z,900,true,0.629196,0.992916,1.100811,0.965997
N20270626-S002,N20270626,2027-06-26T17:45:00Z,900,true,0.609575,0.995132,1.106829,0.998917
N20270626-S003,N20270626,2027-06-26T18:00:00Z,900,true,0.609499,1.000000,1.082489,0.983263
N20270626-S004,N20270626,2027-06-26T18:15:00Z,900,true,0.600702,0.986698,1.074320,0.985976
N20270626-S005,N20270626,2027-06-26T18:30:00Z,900,true,0.631276,0.984558,1.053151,0.913922
N20270626-S006,N20270626,2027-06-26T18:45:00Z,900,true,0.604901,0.979633,1.053868,0.941118
N20270626-S007,N20270626,2027-06-26T19:00:00Z,900,true,0.615662,0.992689,1.068150,0.995456
N20270626-S008,N20270626,2027-06-26T19:15:00Z,900,true,0.652319,0.988758,1.074113,0.964125
N20270626-S009,N20270626,2027-06-26T19:30:00Z,900,true,0.651563,0.992329,1.100864,0.991313
N20270626-S010,N20270626,2027-06-26T19:45:00Z,900,true,0.615426,0.997243,1.108354,0.974038
N20270626-S011,N20270626,2027-06-26T20:00:00Z,900,false,,,,
N20270626-S012,N20270626,2027-06-26T20:15:00Z,900,false,,,,
N20270626-S013,N20270626,2027-06-26T20:30:00Z,900,false,,,,
N20270626-S014,N20270626,2027-06-26T20:45:00Z,900,false,,,,
N20270626-S015,N20270626,2027-06-26T21:00:00Z,900,false,,,,
N20270626-S016,N20270626,2027-06-26T21:15:00Z,900,false,,,,
N20270626-S017,N20270626,2027-06-26T21:30:00Z,900,true,0.618865,0.955631,1.109274,0.947047
N20270626-S018,N20270626,2027-06-26T21:45:00Z,900,true,0.625073,0.946840,1.107527,0.904687
N20270626-S019,N20270626,2027-06-26T22:00:00Z,900,true,0.647128,0.963850,1.083714,0.928936
N20270626-S020,N20270626,2027-06-26T22:15:00Z,900,true,0.620749,0.945927,1.121963,0.908883
N20270626-S021,N20270626,2027-06-26T22:30:00Z,900,true,0.697756,0.934305,1.124642,0.948257
N20270626-S022,N20270626,2027-06-26T22:45:00Z,900,true,0.639104,0.940673,1.103124,0.905316
N20270626-S023,N20270626,2027-06-26T23:00:00Z,900,true,0.662305,0.962243,1.134747,0.980785
N20270626-S024,N20270626,2027-06-26T23:15:00Z,900,true,0.649745,0.974619,1.124622,0.972087
N20270626-S025,N20270626,2027-06-26T23:30:00Z,900,true,0.608425,0.970149,1.141282,0.962160
N20270626-S026,N20270626,2027-06-26T23:45:00Z,900,true,0.625915,0.981499,1.126925,0.940434
N20270626-S027,N20270626,2027-06-27T00:00:00Z,900,true,0.626957,0.985735,1.117258,0.995899
N20270626-S028,N20270626,2027-06-27T00:15:00Z,900,true,0.642574,0.992972,1.096044,0.934924
N20270626-S029,N20270626,2027-06-27T00:30:00Z,900,true,0.589690,0.978572,1.113729,0.910671
N20270626-S030,N20270626,2027-06-27T00:45:00Z,900,true,0.636653,0.995499,1.140909,0.951128
N20270626-S031,N20270626,2027-06-27T01:00:00Z,900,true,0.605367,0.996324,1.165196,0.928564
N20270626-S032,N20270626,2027-06-27T01:15:00Z,900,false,,,,
N20270626-S033,N20270626,2027-06-27T01:30:00Z,900,false,,,,
N20270626-S034,N20270626,2027-06-27T01:45:00Z,900,true,0.697896,0.987594,1.174565,0.950388
N20270626-S035,N20270626,2027-06-27T02:00:00Z,900,true,0.670972,1.000000,1.181695,0.997429
N20270626-S036,N20270626,2027-06-27T02:15:00Z,900,true,0.686204,0.998047,1.183008,0.929894
N20270626-S037,N20270626,2027-06-27T02:30:00Z,900,true,0.718121,1.000000,1.170878,0.936563
N20270626-S038,N20270626,2027-06-27T02:45:00Z,900,true,0.724499,1.000000,1.167113,0.976151
N20270626-S039,N20270626,2027-06-27T03:00:00Z,900,true,0.717963,1.000000,1.147232,0.941943
N20270626-S040,N20270626,2027-06-27T03:15:00Z,900,true,0.638133,0.983809,1.145719,0.934764
N20270626-S041,N20270626,2027-06-27T03:30:00Z,900,true,0.666645,1.000000,1.135786,0.959840
N20270626-S042,N20270626,2027-06-27T03:45:00Z,900,true,0.647786,1.000000,1.119609,0.928147
N20270626-S043,N20270626,2027-06-27T04:00:00Z,900,true,0.686511,0.993582,1.103481,0.953657
N20270627-S001,N20270627,2027-06-27T17:30:00Z,900,true,0.721794,0.984777,1.111747,0.901136
N20270627-S002,N20270627,2027-06-27T17:45:00Z,900,true,0.742314,0.985976,1.126483,0.949900
N20270627-S003,N20270627,2027-06-27T18:00:00Z,900,true,0.790727,0.972215,1.108851,0.993423
N20270627-S004,N20270627,2027-06-27T18:15:00Z,900,true,0.768430,0.972736,1.094940,0.953132
N20270627-S005,N20270627,2027-06-27T18:30:00Z,900,true,0.803185,0.987207,1.073421,0.971254
N20270627-S006,N20270627,2027-06-27T18:45:00Z,900,true,0.760388,0.997634,1.089732,0.902117
N20270627-S007,N20270627,2027-06-27T19:00:00Z,900,true,0.742667,0.998082,1.117664,0.940593
N20270627-S008,N20270627,2027-06-27T19:15:00Z,900,true,0.777831,1.000000,1.111714,0.941935
N20270627-S009,N20270627,2027-06-27T19:30:00Z,900,true,0.753356,1.000000,1.098046,0.950487
N20270627-S010,N20270627,2027-06-27T19:45:00Z,900,true,0.744496,1.000000,1.122335,0.930290
N20270627-S011,N20270627,2027-06-27T20:00:00Z,900,true,0.681590,1.000000,1.093323,0.931991
N20270627-S012,N20270627,2027-06-27T20:15:00Z,900,true,0.709754,1.000000,1.092794,0.954607
N20270627-S013,N20270627,2027-06-27T20:30:00Z,900,true,0.746117,0.993056,1.098459,0.906071
N20270627-S014,N20270627,2027-06-27T20:45:00Z,900,true,0.702146,0.989540,1.045916,0.957080
N20270627-S015,N20270627,2027-06-27T21:00:00Z,900,true,0.698600,0.973835,1.050577,0.981638
N20270627-S016,N20270627,2027-06-27T21:15:00Z,900,true,0.706583,0.981152,1.076712,0.941890
N20270627-S017,N20270627,2027-06-27T21:30:00Z,900,true,0.658629,0.975400,1.090339,0.958218
N20270627-S018,N20270627,2027-06-27T21:45:00Z,900,true,0.589851,0.991959,1.098507,0.909283
N20270627-S019,N20270627,2027-06-27T22:00:00Z,900,true,0.620113,0.985175,1.112166,0.997332
N20270627-S020,N20270627,2027-06-27T22:15:00Z,900,true,0.634405,0.986105,1.103556,0.944837
N20270627-S021,N20270627,2027-06-27T22:30:00Z,900,true,0.645817,0.983963,1.089638,0.970132
N20270627-S022,N20270627,2027-06-27T22:45:00Z,900,true,0.640788,0.989352,1.071918,0.991177
N20270627-S023,N20270627,2027-06-27T23:00:00Z,900,true,0.682858,0.988496,1.068489,0.936439
N20270627-S024,N20270627,2027-06-27T23:15:00Z,900,true,0.662199,0.986585,1.079740,0.941716
N20270627-S025,N20270627,2027-06-27T23:30:00Z,900,true,0.702484,0.963723,1.103719,0.967692
N20270627-S026,N20270627,2027-06-27T23:45:00Z,900,true,0.688894,0.966459,1.066730,0.989138
N20270627-S027,N20270627,2027-06-28T00:00:00Z,900,true,0.715282,0.985737,1.082869,0.919510
N20270627-S028,N20270627,2027-06-28T00:15:00Z,900,true,0.721439,1.000000,1.099743,0.953984
N20270627-S029,N20270627,2027-06-28T00:30:00Z,900,true,0.710404,0.992992,1.084326,0.927097
N20270627-S030,N20270627,2027-06-28T00:45:00Z,900,true,0.737488,0.996505,1.055557,0.963233
N20270627-S031,N20270627,2027-06-28T01:00:00Z,900,true,0.779283,1.000000,1.051271,0.971189
N20270627-S032,N20270627,2027-06-28T01:15:00Z,900,false,,,,
N20270627-S033,N20270627,2027-06-28T01:30:00Z,900,false,,,,
N20270627-S034,N20270627,2027-06-28T01:45:00Z,900,false,,,,
N20270627-S035,N20270627,2027-06-28T02:00:00Z,900,false,,,,
N20270627-S036,N20270627,2027-06-28T02:15:00Z,900,false,,,,
N20270627-S037,N20270627,2027-06-28T02:30:00Z,900,false,,,,
N20270627-S038,N20270627,2027-06-28T02:45:00Z,900,false,,,,
N20270627-S039,N20270627,2027-06-28T03:00:00Z,900,false,,,,
N20270627-S040,N20270627,2027-06-28T03:15:00Z,900,false,,,,
N20270627-S041,N20270627,2027-06-28T03:30:00Z,900,false,,,,
N20270627-S042,N20270627,2027-06-28T03:45:00Z,900,false,,,,
N20270627-S043,N20270627,2027-06-28T04:00:00Z,900,false,,,,
N20270628-S001,N20270628,2027-06-28T17:30:00Z,900,false,,,,
N20270628-S002,N20270628,2027-06-28T17:45:00Z,900,false,,,,
N20270628-S003,N20270628,2027-06-28T18:00:00Z,900,false,,,,
N20270628-S004,N20270628,2027-06-28T18:15:00Z,900,false,,,,
N20270628-S005,N20270628,2027-06-28T18:30:00Z,900,false,,,,
N20270628-S006,N20270628,2027-06-28T18:45:00Z,900,false,,,,
N20270628-S007,N20270628,2027-06-28T19:00:00Z,900,false,,,,
N20270628-S008,N20270628,2027-06-28T19:15:00Z,900,false,,,,
N20270628-S009,N20270628,2027-06-28T19:30:00Z,900,false,,,,
N20270628-S010,N20270628,2027-06-28T19:45:00Z,900,false,,,,
N20270628-S011,N20270628,2027-06-28T20:00:00Z,900,false,,,,
N20270628-S012,N20270628,2027-06-28T20:15:00Z,900,false,,,,
N20270628-S013,N20270628,2027-06-28T20:30:00Z,900,false,,,,
N20270628-S014,N20270628,2027-06-28T20:45:00Z,900,false,,,,
N20270628-S015,N20270628,2027-06-28T21:00:00Z,900,false,,,,
N20270628-S016,N20270628,2027-06-28T21:15:00Z,900,false,,,,
N20270628-S017,N20270628,2027-06-28T21:30:00Z,900,true,0.842132,0.933303,1.042117,0.983167
N20270628-S018,N20270628,2027-06-28T21:45:00Z,900,true,0.809394,0.933834,1.063268,0.917099
N20270628-S019,N20270628,2027-06-28T22:00:00Z,900,true,0.837960,0.932831,1.065084,0.951515
N20270628-S020,N20270628,2027-06-28T22:15:00Z,900,true,0.833371,0.941569,1.033632,0.907524
N20270628-S021,N20270628,2027-06-28T22:30:00Z,900,false,,,,
N20270628-S022,N20270628,2027-06-28T22:45:00Z,900,true,0.909666,0.950345,0.975540,0.927226
N20270628-S023,N20270628,2027-06-28T23:00:00Z,900,true,0.908541,0.941359,0.978187,0.914057
N20270628-S024,N20270628,2027-06-28T23:15:00Z,900,true,0.932023,0.929634,0.963266,0.921659
N20270628-S025,N20270628,2027-06-28T23:30:00Z,900,true,0.902624,0.929997,0.983201,0.916257
N20270628-S026,N20270628,2027-06-28T23:45:00Z,900,true,0.964011,0.931819,0.986541,0.923221
N20270628-S027,N20270628,2027-06-29T00:00:00Z,900,true,0.913326,0.935169,0.983397,0.926990
N20270628-S028,N20270628,2027-06-29T00:15:00Z,900,true,0.925984,0.946357,0.990919,0.985071
N20270628-S029,N20270628,2027-06-29T00:30:00Z,900,true,0.894891,0.942763,0.995335,0.943754
N20270628-S030,N20270628,2027-06-29T00:45:00Z,900,true,0.904484,0.932867,1.017211,0.968124
N20270628-S031,N20270628,2027-06-29T01:00:00Z,900,true,0.895644,0.939930,0.999728,0.955802
N20270628-S032,N20270628,2027-06-29T01:15:00Z,900,true,0.881607,0.936510,1.000894,0.983031
N20270628-S033,N20270628,2027-06-29T01:30:00Z,900,true,0.859409,0.942926,0.988889,0.952707
N20270628-S034,N20270628,2027-06-29T01:45:00Z,900,true,0.809097,0.917363,1.007018,0.925458
N20270628-S035,N20270628,2027-06-29T02:00:00Z,900,true,0.808346,0.933412,1.004245,0.980559
N20270628-S036,N20270628,2027-06-29T02:15:00Z,900,true,0.821544,0.931004,1.012770,0.973136
N20270628-S037,N20270628,2027-06-29T02:30:00Z,900,true,0.819081,0.943134,1.025005,0.952818
N20270628-S038,N20270628,2027-06-29T02:45:00Z,900,true,0.767360,0.948960,1.032185,0.960815
N20270628-S039,N20270628,2027-06-29T03:00:00Z,900,true,0.832868,0.923354,1.034142,0.936334
N20270628-S040,N20270628,2027-06-29T03:15:00Z,900,true,0.805294,0.912353,1.057328,0.918974
N20270628-S041,N20270628,2027-06-29T03:30:00Z,900,true,0.876766,0.918137,1.007924,0.940747
N20270628-S042,N20270628,2027-06-29T03:45:00Z,900,true,0.869364,0.894517,1.002994,0.952183
N20270628-S043,N20270628,2027-06-29T04:00:00Z,900,true,0.886104,0.900263,1.004749,0.904727
N20270629-S001,N20270629,2027-06-29T17:30:00Z,900,true,0.899036,0.954922,1.032600,0.910144
N20270629-S002,N20270629,2027-06-29T17:45:00Z,900,true,0.863297,0.967490,1.037999,0.995755
N20270629-S003,N20270629,2027-06-29T18:00:00Z,900,true,0.878318,0.958887,1.033204,0.949629
N20270629-S004,N20270629,2027-06-29T18:15:00Z,900,true,0.912323,0.977862,1.057751,0.948557
N20270629-S005,N20270629,2027-06-29T18:30:00Z,900,true,0.854296,0.961525,1.039862,0.973116
N20270629-S006,N20270629,2027-06-29T18:45:00Z,900,true,0.791538,0.940565,1.056909,0.900103
N20270629-S007,N20270629,2027-06-29T19:00:00Z,900,true,0.801791,0.911610,1.051872,0.946144
N20270629-S008,N20270629,2027-06-29T19:15:00Z,900,true,0.812845,0.912095,1.052988,0.944516
N20270629-S009,N20270629,2027-06-29T19:30:00Z,900,true,0.821775,0.903124,1.043124,0.939023
N20270629-S010,N20270629,2027-06-29T19:45:00Z,900,true,0.871226,0.920721,1.079061,0.978944
N20270629-S011,N20270629,2027-06-29T20:00:00Z,900,true,0.828076,0.919709,1.047468,0.911443
N20270629-S012,N20270629,2027-06-29T20:15:00Z,900,true,0.845121,0.937730,1.046576,0.900756
N20270629-S013,N20270629,2027-06-29T20:30:00Z,900,true,0.828247,0.948504,1.060271,0.913968
N20270629-S014,N20270629,2027-06-29T20:45:00Z,900,true,0.820905,0.934177,1.058573,0.920000
N20270629-S015,N20270629,2027-06-29T21:00:00Z,900,true,0.849392,0.973269,1.044569,0.964056
N20270629-S016,N20270629,2027-06-29T21:15:00Z,900,true,0.918779,0.970380,1.059391,0.972103
N20270629-S017,N20270629,2027-06-29T21:30:00Z,900,true,0.871159,0.969912,1.064288,0.985991
N20270629-S018,N20270629,2027-06-29T21:45:00Z,900,true,0.879838,0.984742,1.058177,0.972551
N20270629-S019,N20270629,2027-06-29T22:00:00Z,900,true,0.869959,0.975797,1.049211,0.912298
N20270629-S020,N20270629,2027-06-29T22:15:00Z,900,true,0.887507,0.980076,1.030418,0.994565
N20270629-S021,N20270629,2027-06-29T22:30:00Z,900,true,0.849836,0.979762,1.033150,0.922673
N20270629-S022,N20270629,2027-06-29T22:45:00Z,900,true,0.830944,0.992810,1.061591,0.966872
N20270629-S023,N20270629,2027-06-29T23:00:00Z,900,true,0.811557,0.995097,1.061913,0.931635
N20270629-S024,N20270629,2027-06-29T23:15:00Z,900,true,0.802738,0.986312,1.077315,0.946093
N20270629-S025,N20270629,2027-06-29T23:30:00Z,900,true,0.775569,0.986191,1.093290,0.920460
N20270629-S026,N20270629,2027-06-29T23:45:00Z,900,true,0.822237,0.976129,1.077267,0.958994
N20270629-S027,N20270629,2027-06-30T00:00:00Z,900,true,0.859669,0.979523,1.107128,0.992108
N20270629-S028,N20270629,2027-06-30T00:15:00Z,900,true,0.872302,0.992127,1.109368,0.956437
N20270629-S029,N20270629,2027-06-30T00:30:00Z,900,true,0.939703,0.985782,1.070462,0.968173
N20270629-S030,N20270629,2027-06-30T00:45:00Z,900,true,0.886640,0.966406,1.100014,0.962553
N20270629-S031,N20270629,2027-06-30T01:00:00Z,900,true,0.807928,0.974057,1.090292,0.955565
N20270629-S032,N20270629,2027-06-30T01:15:00Z,900,true,0.824235,0.980581,1.106439,0.901634
N20270629-S033,N20270629,2027-06-30T01:30:00Z,900,true,0.813000,0.988005,1.114823,0.954290
N20270629-S034,N20270629,2027-06-30T01:45:00Z,900,true,0.818221,0.984043,1.092871,0.918562
N20270629-S035,N20270629,2027-06-30T02:00:00Z,900,true,0.812923,0.984459,1.096172,0.971189
N20270629-S036,N20270629,2027-06-30T02:15:00Z,900,true,0.854070,0.978137,1.084324,0.985733
N20270629-S037,N20270629,2027-06-30T02:30:00Z,900,true,0.902107,0.993020,1.084653,0.942635
N20270629-S038,N20270629,2027-06-30T02:45:00Z,900,true,0.942785,0.993586,1.057802,0.989461
N20270629-S039,N20270629,2027-06-30T03:00:00Z,900,true,0.963129,0.998138,1.079694,0.938737
N20270629-S040,N20270629,2027-06-30T03:15:00Z,900,true,0.989130,0.996116,1.085461,0.994514
N20270629-S041,N20270629,2027-06-30T03:30:00Z,900,true,0.900222,0.975779,1.082804,0.971321
N20270629-S042,N20270629,2027-06-30T03:45:00Z,900,true,0.889354,0.967697,1.077081,0.948331
N20270629-S043,N20270629,2027-06-30T04:00:00Z,900,true,0.890538,0.961500,1.078052,0.962271
N20270630-S001,N20270630,2027-06-30T17:30:00Z,900,true,1.001041,0.941199,0.934478,0.957520
N20270630-S002,N20270630,2027-06-30T17:45:00Z,900,true,0.953185,0.947572,0.900617,0.968851
N20270630-S003,N20270630,2027-06-30T18:00:00Z,900,true,0.978703,0.942207,0.923492,0.916337
N20270630-S004,N20270630,2027-06-30T18:15:00Z,900,true,0.989092,0.949485,0.908785,0.947546
N20270630-S005,N20270630,2027-06-30T18:30:00Z,900,true,0.976805,0.956569,0.916971,0.972320
N20270630-S006,N20270630,2027-06-30T18:45:00Z,900,true,0.986985,0.949927,0.903937,0.934117
N20270630-S007,N20270630,2027-06-30T19:00:00Z,900,true,0.986999,0.962749,0.931135,0.992548
N20270630-S008,N20270630,2027-06-30T19:15:00Z,900,true,0.965559,0.947448,0.954551,0.903739
N20270630-S009,N20270630,2027-06-30T19:30:00Z,900,true,0.960859,0.928190,0.946191,0.918426
N20270630-S010,N20270630,2027-06-30T19:45:00Z,900,true,0.980503,0.935479,0.931096,0.979954
N20270630-S011,N20270630,2027-06-30T20:00:00Z,900,true,0.957161,0.966754,0.929621,0.973773
N20270630-S012,N20270630,2027-06-30T20:15:00Z,900,true,1.022886,0.945455,0.902540,0.910017
N20270630-S013,N20270630,2027-06-30T20:30:00Z,900,true,1.035925,0.938568,0.902161,0.964580
N20270630-S014,N20270630,2027-06-30T20:45:00Z,900,true,1.033902,0.915130,0.887030,0.976547
N20270630-S015,N20270630,2027-06-30T21:00:00Z,900,true,1.090151,0.919081,0.890255,0.998846
N20270630-S016,N20270630,2027-06-30T21:15:00Z,900,true,1.109368,0.904988,0.876784,0.909427
N20270630-S017,N20270630,2027-06-30T21:30:00Z,900,true,1.089695,0.922382,0.914796,0.930533
N20270630-S018,N20270630,2027-06-30T21:45:00Z,900,true,1.066947,0.905343,0.907454,0.955359
N20270630-S019,N20270630,2027-06-30T22:00:00Z,900,true,1.010131,0.901797,0.894762,0.915597
N20270630-S020,N20270630,2027-06-30T22:15:00Z,900,true,1.019334,0.890002,0.906166,0.990369
N20270630-S021,N20270630,2027-06-30T22:30:00Z,900,true,1.032966,0.904044,0.894968,0.933712
N20270630-S022,N20270630,2027-06-30T22:45:00Z,900,true,1.075724,0.901624,0.915808,0.997355
N20270630-S023,N20270630,2027-06-30T23:00:00Z,900,true,1.049001,0.905338,0.949861,0.952287
N20270630-S024,N20270630,2027-06-30T23:15:00Z,900,true,1.049562,0.902890,0.971543,0.921418
N20270630-S025,N20270630,2027-06-30T23:30:00Z,900,true,1.087272,0.903968,0.946468,0.985402
N20270630-S026,N20270630,2027-06-30T23:45:00Z,900,true,1.063523,0.905105,0.949106,0.931626
N20270630-S027,N20270630,2027-07-01T00:00:00Z,900,true,1.036905,0.899544,0.948865,0.911704
N20270630-S028,N20270630,2027-07-01T00:15:00Z,900,true,0.990570,0.908958,0.954491,0.921891
N20270630-S029,N20270630,2027-07-01T00:30:00Z,900,false,,,,
N20270630-S030,N20270630,2027-07-01T00:45:00Z,900,false,,,,
N20270630-S031,N20270630,2027-07-01T01:00:00Z,900,false,,,,
N20270630-S032,N20270630,2027-07-01T01:15:00Z,900,false,,,,
N20270630-S033,N20270630,2027-07-01T01:30:00Z,900,false,,,,
N20270630-S034,N20270630,2027-07-01T01:45:00Z,900,false,,,,
N20270630-S035,N20270630,2027-07-01T02:00:00Z,900,false,,,,
N20270630-S036,N20270630,2027-07-01T02:15:00Z,900,false,,,,
N20270630-S037,N20270630,2027-07-01T02:30:00Z,900,false,,,,
N20270630-S038,N20270630,2027-07-01T02:45:00Z,900,false,,,,
N20270630-S039,N20270630,2027-07-01T03:00:00Z,900,false,,,,
N20270630-S040,N20270630,2027-07-01T03:15:00Z,900,false,,,,
N20270630-S041,N20270630,2027-07-01T03:30:00Z,900,false,,,,
N20270630-S042,N20270630,2027-07-01T03:45:00Z,900,false,,,,
N20270630-S043,N20270630,2027-07-01T04:00:00Z,900,false,,,,
N20270701-S001,N20270701,2027-07-01T17:30:00Z,900,false,,,,
N20270701-S002,N20270701,2027-07-01T17:45:00Z,900,false,,,,
N20270701-S003,N20270701,2027-07-01T18:00:00Z,900,false,,,,
N20270701-S004,N20270701,2027-07-01T18:15:00Z,900,false,,,,
N20270701-S005,N20270701,2027-07-01T18:30:00Z,900,false,,,,
N20270701-S006,N20270701,2027-07-01T18:45:00Z,900,false,,,,
N20270701-S007,N20270701,2027-07-01T19:00:00Z,900,false,,,,
N20270701-S008,N20270701,2027-07-01T19:15:00Z,900,false,,,,
N20270701-S009,N20270701,2027-07-01T19:30:00Z,900,false,,,,
N20270701-S010,N20270701,2027-07-01T19:45:00Z,900,false,,,,
N20270701-S011,N20270701,2027-07-01T20:00:00Z,900,false,,,,
N20270701-S012,N20270701,2027-07-01T20:15:00Z,900,true,0.951980,0.964574,1.005280,0.991501
N20270701-S013,N20270701,2027-07-01T20:30:00Z,900,true,0.964841,0.961598,1.001588,0.994348
N20270701-S014,N20270701,2027-07-01T20:45:00Z,900,true,0.967796,0.954247,0.971419,0.938645
N20270701-S015,N20270701,2027-07-01T21:00:00Z,900,true,0.961572,0.955525,0.971701,0.918360
N20270701-S016,N20270701,2027-07-01T21:15:00Z,900,true,1.029884,0.962569,0.965894,0.980819
N20270701-S017,N20270701,2027-07-01T21:30:00Z,900,true,1.022094,0.940993,0.965380,0.942283
N20270701-S018,N20270701,2027-07-01T21:45:00Z,900,true,1.028739,0.936956,0.999578,0.995635
N20270701-S019,N20270701,2027-07-01T22:00:00Z,900,true,1.009766,0.933329,1.005108,0.929756
N20270701-S020,N20270701,2027-07-01T22:15:00Z,900,true,1.053282,0.941826,1.000492,0.997947
N20270701-S021,N20270701,2027-07-01T22:30:00Z,900,true,1.065907,0.930626,1.012788,0.904480
N20270701-S022,N20270701,2027-07-01T22:45:00Z,900,true,0.991908,0.948241,0.981295,0.937070
N20270701-S023,N20270701,2027-07-01T23:00:00Z,900,true,1.088019,0.943230,0.968330,0.992401
N20270701-S024,N20270701,2027-07-01T23:15:00Z,900,true,1.014073,0.928224,0.972996,0.997954
N20270701-S025,N20270701,2027-07-01T23:30:00Z,900,true,1.040736,0.950412,0.992771,0.933800
N20270701-S026,N20270701,2027-07-01T23:45:00Z,900,true,1.047160,0.959897,0.987812,0.901636
N20270701-S027,N20270701,2027-07-02T00:00:00Z,900,true,1.076513,0.977020,0.974529,0.994983
N20270701-S028,N20270701,2027-07-02T00:15:00Z,900,true,1.065626,0.960839,0.979663,0.929086
N20270701-S029,N20270701,2027-07-02T00:30:00Z,900,true,1.073034,0.959825,0.972691,0.981705
N20270701-S030,N20270701,2027-07-02T00:45:00Z,900,true,1.049897,0.946911,0.999741,0.911105
N20270701-S031,N20270701,2027-07-02T01:00:00Z,900,true,1.013276,0.927125,0.991035,0.954868
N20270701-S032,N20270701,2027-07-02T01:15:00Z,900,true,0.963342,0.935409,0.979086,0.905973
N20270701-S033,N20270701,2027-07-02T01:30:00Z,900,true,0.984046,0.929787,0.956461,0.952901
N20270701-S034,N20270701,2027-07-02T01:45:00Z,900,true,0.997097,0.939843,0.944905,0.939798
N20270701-S035,N20270701,2027-07-02T02:00:00Z,900,true,1.059046,0.937844,0.940151,0.926849
N20270701-S036,N20270701,2027-07-02T02:15:00Z,900,true,1.104592,0.938204,0.954427,0.971279
N20270701-S037,N20270701,2027-07-02T02:30:00Z,900,true,1.109690,0.945607,0.940035,0.927832
N20270701-S038,N20270701,2027-07-02T02:45:00Z,900,true,1.090073,0.942477,0.956487,0.941815
N20270701-S039,N20270701,2027-07-02T03:00:00Z,900,true,1.043590,0.936632,0.975544,0.940440
N20270701-S040,N20270701,2027-07-02T03:15:00Z,900,true,1.064473,0.972363,0.971990,0.905106
N20270701-S041,N20270701,2027-07-02T03:30:00Z,900,true,1.068825,0.990501,0.994404,0.952660
N20270701-S042,N20270701,2027-07-02T03:45:00Z,900,true,1.043500,0.981395,0.980862,0.926627
N20270701-S043,N20270701,2027-07-02T04:00:00Z,900,true,1.037084,0.983890,0.967144,0.932209
N20270702-S001,N20270702,2027-07-02T17:30:00Z,900,true,0.946530,0.984916,1.008744,0.955388
N20270702-S002,N20270702,2027-07-02T17:45:00Z,900,true,0.899841,0.977310,0.992759,0.964882
N20270702-S003,N20270702,2027-07-02T18:00:00Z,900,true,0.923381,0.990158,0.968680,0.994491
N20270702-S004,N20270702,2027-07-02T18:15:00Z,900,true,0.917792,1.000000,0.987343,0.995398
N20270702-S005,N20270702,2027-07-02T18:30:00Z,900,true,0.937411,0.989044,0.996685,0.948235
N20270702-S006,N20270702,2027-07-02T18:45:00Z,900,true,0.945340,0.996093,0.969492,0.973882
N20270702-S007,N20270702,2027-07-02T19:00:00Z,900,true,0.954381,0.996502,0.978959,0.906535
N20270702-S008,N20270702,2027-07-02T19:15:00Z,900,true,0.946770,1.000000,0.973794,0.942093
N20270702-S009,N20270702,2027-07-02T19:30:00Z,900,true,0.919486,0.998650,0.967567,0.964526
N20270702-S010,N20270702,2027-07-02T19:45:00Z,900,true,0.932012,1.000000,0.989763,0.966900
N20270702-S011,N20270702,2027-07-02T20:00:00Z,900,true,0.905240,0.993782,0.957471,0.930785
N20270702-S012,N20270702,2027-07-02T20:15:00Z,900,true,0.933686,0.998289,0.974745,0.984352
N20270702-S013,N20270702,2027-07-02T20:30:00Z,900,true,0.918491,0.994852,0.969423,0.972492
N20270702-S014,N20270702,2027-07-02T20:45:00Z,900,true,0.902512,0.998608,0.959377,0.951278
N20270702-S015,N20270702,2027-07-02T21:00:00Z,900,true,0.885813,1.000000,0.973443,0.962906
N20270702-S016,N20270702,2027-07-02T21:15:00Z,900,true,0.912420,1.000000,0.954435,0.984389
N20270702-S017,N20270702,2027-07-02T21:30:00Z,900,true,0.926384,0.993703,0.980917,0.919469
N20270702-S018,N20270702,2027-07-02T21:45:00Z,900,true,0.918573,0.990463,0.989656,0.945278
N20270702-S019,N20270702,2027-07-02T22:00:00Z,900,true,0.929407,0.988065,0.954964,0.984222
N20270702-S020,N20270702,2027-07-02T22:15:00Z,900,true,1.008150,0.998441,0.960696,0.957478
N20270702-S021,N20270702,2027-07-02T22:30:00Z,900,true,0.998565,0.988515,0.963981,0.930620
N20270702-S022,N20270702,2027-07-02T22:45:00Z,900,true,0.980395,0.995555,0.981610,0.988932
N20270702-S023,N20270702,2027-07-02T23:00:00Z,900,true,1.044291,0.992529,0.975370,0.934535
N20270702-S024,N20270702,2027-07-02T23:15:00Z,900,true,1.027517,1.000000,0.980016,0.976778
N20270702-S025,N20270702,2027-07-02T23:30:00Z,900,true,1.023928,1.000000,0.981889,0.901758
N20270702-S026,N20270702,2027-07-02T23:45:00Z,900,true,1.028383,1.000000,0.987354,0.921508
N20270702-S027,N20270702,2027-07-03T00:00:00Z,900,true,0.973456,0.988961,0.972826,0.983552
N20270702-S028,N20270702,2027-07-03T00:15:00Z,900,true,0.932137,0.974810,0.966714,0.971958
N20270702-S029,N20270702,2027-07-03T00:30:00Z,900,true,0.921148,0.970391,0.992946,0.900236
N20270702-S030,N20270702,2027-07-03T00:45:00Z,900,true,0.895450,0.975039,0.998613,0.944155
N20270702-S031,N20270702,2027-07-03T01:00:00Z,900,true,0.896579,0.988248,0.973367,0.968666
N20270702-S032,N20270702,2027-07-03T01:15:00Z,900,true,0.905634,0.972454,1.001173,0.956749
N20270702-S033,N20270702,2027-07-03T01:30:00Z,900,true,0.923331,0.972709,1.023258,0.915931
N20270702-S034,N20270702,2027-07-03T01:45:00Z,900,true,0.882232,0.982500,1.037696,0.942968
N20270702-S035,N20270702,2027-07-03T02:00:00Z,900,true,0.886544,0.993165,1.037624,0.944184
N20270702-S036,N20270702,2027-07-03T02:15:00Z,900,true,0.949221,0.988709,0.999606,0.993074
N20270702-S037,N20270702,2027-07-03T02:30:00Z,900,true,0.885843,0.984019,0.993168,0.929621
N20270702-S038,N20270702,2027-07-03T02:45:00Z,900,true,0.862755,0.961258,0.989939,0.953221
N20270702-S039,N20270702,2027-07-03T03:00:00Z,900,true,0.898695,0.967766,0.983756,0.933981
N20270702-S040,N20270702,2027-07-03T03:15:00Z,900,true,0.960905,0.967478,1.021376,0.912968
N20270702-S041,N20270702,2027-07-03T03:30:00Z,900,true,0.953025,0.962346,1.040301,0.907413
N20270702-S042,N20270702,2027-07-03T03:45:00Z,900,true,0.963354,0.965501,1.022900,0.993682
N20270702-S043,N20270702,2027-07-03T04:00:00Z,900,true,0.989856,0.954224,1.021050,0.949138
N20270703-S001,N20270703,2027-07-03T17:30:00Z,900,true,1.009649,0.970916,1.011136,0.971582
N20270703-S002,N20270703,2027-07-03T17:45:00Z,900,true,1.044047,0.952122,1.037096,0.976301
N20270703-S003,N20270703,2027-07-03T18:00:00Z,900,true,1.020160,0.926048,1.033196,0.949160
N20270703-S004,N20270703,2027-07-03T18:15:00Z,900,true,1.007262,0.910547,1.025181,0.941725
N20270703-S005,N20270703,2027-07-03T18:30:00Z,900,true,1.018937,0.925995,1.005906,0.926852
N20270703-S006,N20270703,2027-07-03T18:45:00Z,900,true,1.097980,0.927522,0.994807,0.927680
N20270703-S007,N20270703,2027-07-03T19:00:00Z,900,true,1.170789,0.929643,1.018647,0.962600
N20270703-S008,N20270703,2027-07-03T19:15:00Z,900,true,1.077678,0.927468,1.023695,0.980341
N20270703-S009,N20270703,2027-07-03T19:30:00Z,900,true,1.122249,0.941097,1.044379,0.924050
N20270703-S010,N20270703,2027-07-03T19:45:00Z,900,true,1.139367,0.944398,1.020583,0.963118
N20270703-S011,N20270703,2027-07-03T20:00:00Z,900,true,1.163331,0.937381,1.021242,0.991890
N20270703-S012,N20270703,2027-07-03T20:15:00Z,900,true,1.129948,0.936964,1.027897,0.972600
N20270703-S013,N20270703,2027-07-03T20:30:00Z,900,true,1.080058,0.936442,1.026245,0.924960
N20270703-S014,N20270703,2027-07-03T20:45:00Z,900,true,1.089199,0.916084,1.034176,0.949524
N20270703-S015,N20270703,2027-07-03T21:00:00Z,900,true,1.083517,0.891448,0.999409,0.915721
N20270703-S016,N20270703,2027-07-03T21:15:00Z,900,true,1.039436,0.897880,0.981503,0.940980
N20270703-S017,N20270703,2027-07-03T21:30:00Z,900,false,,,,
N20270703-S018,N20270703,2027-07-03T21:45:00Z,900,false,,,,
N20270703-S019,N20270703,2027-07-03T22:00:00Z,900,true,1.106707,0.919127,0.992435,0.969441
N20270703-S020,N20270703,2027-07-03T22:15:00Z,900,true,1.117582,0.923165,0.983571,0.934416
N20270703-S021,N20270703,2027-07-03T22:30:00Z,900,true,1.179645,0.937844,0.981945,0.965052
N20270703-S022,N20270703,2027-07-03T22:45:00Z,900,true,1.138226,0.958980,1.008300,0.904820
N20270703-S023,N20270703,2027-07-03T23:00:00Z,900,true,1.137919,0.959576,0.989693,0.967577
N20270703-S024,N20270703,2027-07-03T23:15:00Z,900,true,1.106815,0.940855,0.987943,0.935004
N20270703-S025,N20270703,2027-07-03T23:30:00Z,900,true,1.122664,0.937190,0.992674,0.963004
N20270703-S026,N20270703,2027-07-03T23:45:00Z,900,true,1.159604,0.920816,0.955426,0.931808
N20270703-S027,N20270703,2027-07-04T00:00:00Z,900,true,1.131556,0.930794,0.941208,0.966699
N20270703-S028,N20270703,2027-07-04T00:15:00Z,900,true,1.149221,0.914021,0.953419,0.937690
N20270703-S029,N20270703,2027-07-04T00:30:00Z,900,true,1.170131,0.914025,0.957002,0.974850
N20270703-S030,N20270703,2027-07-04T00:45:00Z,900,true,1.096499,0.909552,0.959677,0.936888
N20270703-S031,N20270703,2027-07-04T01:00:00Z,900,true,1.037713,0.919898,0.969124,0.937167
N20270703-S032,N20270703,2027-07-04T01:15:00Z,900,true,1.029777,0.899402,0.986632,0.916159
N20270703-S033,N20270703,2027-07-04T01:30:00Z,900,true,1.018301,0.915876,0.994999,0.986890
N20270703-S034,N20270703,2027-07-04T01:45:00Z,900,true,0.983675,0.913947,0.978460,0.926642
N20270703-S035,N20270703,2027-07-04T02:00:00Z,900,true,1.053033,0.910485,0.985277,0.999603
N20270703-S036,N20270703,2027-07-04T02:15:00Z,900,true,1.074568,0.904613,0.988864,0.904737
N20270703-S037,N20270703,2027-07-04T02:30:00Z,900,true,1.049460,0.917754,1.007522,0.951465
N20270703-S038,N20270703,2027-07-04T02:45:00Z,900,true,1.046401,0.929048,1.000134,0.953581
N20270703-S039,N20270703,2027-07-04T03:00:00Z,900,true,1.058988,0.920501,1.016282,0.927030
N20270703-S040,N20270703,2027-07-04T03:15:00Z,900,true,1.074341,0.927385,1.023532,0.936361
N20270703-S041,N20270703,2027-07-04T03:30:00Z,900,true,1.041269,0.923500,1.025761,0.979169
N20270703-S042,N20270703,2027-07-04T03:45:00Z,900,true,1.114763,0.904824,0.991476,0.919658
N20270703-S043,N20270703,2027-07-04T04:00:00Z,900,true,1.081302,0.906819,0.981395,0.961726
N20270704-S001,N20270704,2027-07-04T17:30:00Z,900,true,1.046279,0.910306,1.088986,0.945598
N20270704-S002,N20270704,2027-07-04T17:45:00Z,900,true,0.982751,0.922319,1.094211,0.965222
N20270704-S003,N20270704,2027-07-04T18:00:00Z,900,true,0.963099,0.913355,1.069770,0.969399
N20270704-S004,N20270704,2027-07-04T18:15:00Z,900,true,0.948345,0.889958,1.075476,0.971823
N20270704-S005,N20270704,2027-07-04T18:30:00Z,900,true,0.930754,0.900877,1.042748,0.940166
N20270704-S006,N20270704,2027-07-04T18:45:00Z,900,true,0.952090,0.904834,1.065227,0.926005
N20270704-S007,N20270704,2027-07-04T19:00:00Z,900,true,0.966427,0.913047,1.051208,0.953752
N20270704-S008,N20270704,2027-07-04T19:15:00Z,900,true,0.939647,0.925310,1.062243,0.905912
N20270704-S009,N20270704,2027-07-04T19:30:00Z,900,true,0.940730,0.926026,1.095075,0.986544
N20270704-S010,N20270704,2027-07-04T19:45:00Z,900,true,0.941167,0.933350,1.071652,0.950981
N20270704-S011,N20270704,2027-07-04T20:00:00Z,900,true,0.964770,0.937849,1.066942,0.946987
N20270704-S012,N20270704,2027-07-04T20:15:00Z,900,true,0.925253,0.925497,1.077670,0.914404
N20270704-S013,N20270704,2027-07-04T20:30:00Z,900,true,0.899274,0.920740,1.073672,0.914217
N20270704-S014,N20270704,2027-07-04T20:45:00Z,900,true,0.910166,0.930763,1.051503,0.993625
N20270704-S015,N20270704,2027-07-04T21:00:00Z,900,true,0.992881,0.940934,1.042409,0.975960
N20270704-S016,N20270704,2027-07-04T21:15:00Z,900,true,1.015243,0.907136,1.030062,0.952376
N20270704-S017,N20270704,2027-07-04T21:30:00Z,900,true,0.968605,0.904905,1.029195,0.994878
N20270704-S018,N20270704,2027-07-04T21:45:00Z,900,true,0.933054,0.920350,1.031365,0.964408
N20270704-S019,N20270704,2027-07-04T22:00:00Z,900,true,0.953732,0.902265,1.043975,0.939574
N20270704-S020,N20270704,2027-07-04T22:15:00Z,900,true,0.971994,0.903431,1.014499,0.956122
N20270704-S021,N20270704,2027-07-04T22:30:00Z,900,true,0.975695,0.901910,1.016690,0.982012
N20270704-S022,N20270704,2027-07-04T22:45:00Z,900,true,0.940013,0.908512,1.043715,0.902907
N20270704-S023,N20270704,2027-07-04T23:00:00Z,900,true,0.919811,0.903136,1.036171,0.991486
N20270704-S024,N20270704,2027-07-04T23:15:00Z,900,true,0.934900,0.917332,1.040208,0.927935
N20270704-S025,N20270704,2027-07-04T23:30:00Z,900,true,0.940092,0.906727,1.051886,0.917973
N20270704-S026,N20270704,2027-07-04T23:45:00Z,900,true,0.938547,0.916956,1.071355,0.911438
N20270704-S027,N20270704,2027-07-05T00:00:00Z,900,true,0.991695,0.912048,1.092085,0.902785
N20270704-S028,N20270704,2027-07-05T00:15:00Z,900,true,0.954205,0.907730,1.055420,0.968740
N20270704-S029,N20270704,2027-07-05T00:30:00Z,900,true,0.937136,0.924649,1.046709,0.973049
N20270704-S030,N20270704,2027-07-05T00:45:00Z,900,true,0.956907,0.920975,1.057137,0.972714
N20270704-S031,N20270704,2027-07-05T01:00:00Z,900,true,1.024484,0.912869,1.054697,0.915693
N20270704-S032,N20270704,2027-07-05T01:15:00Z,900,true,0.996721,0.913225,1.040759,0.934905
N20270704-S033,N20270704,2027-07-05T01:30:00Z,900,true,0.984338,0.901704,1.062199,0.950730
N20270704-S034,N20270704,2027-07-05T01:45:00Z,900,true,0.983768,0.895359,1.072305,0.945508
N20270704-S035,N20270704,2027-07-05T02:00:00Z,900,true,0.982433,0.906374,1.065295,0.912001
N20270704-S036,N20270704,2027-07-05T02:15:00Z,900,true,0.987995,0.911407,1.052299,0.948547
N20270704-S037,N20270704,2027-07-05T02:30:00Z,900,true,0.931983,0.933503,1.034785,0.910363
N20270704-S038,N20270704,2027-07-05T02:45:00Z,900,true,0.963739,0.913694,1.048002,0.954746
N20270704-S039,N20270704,2027-07-05T03:00:00Z,900,true,0.908988,0.909994,1.078788,0.955274
N20270704-S040,N20270704,2027-07-05T03:15:00Z,900,false,,,,
N20270704-S041,N20270704,2027-07-05T03:30:00Z,900,false,,,,
N20270704-S042,N20270704,2027-07-05T03:45:00Z,900,false,,,,
N20270704-S043,N20270704,2027-07-05T04:00:00Z,900,false,,,,
N20270705-S001,N20270705,2027-07-05T17:30:00Z,900,false,,,,
N20270705-S002,N20270705,2027-07-05T17:45:00Z,900,false,,,,
N20270705-S003,N20270705,2027-07-05T18:00:00Z,900,false,,,,
N20270705-S004,N20270705,2027-07-05T18:15:00Z,900,false,,,,
N20270705-S005,N20270705,2027-07-05T18:30:00Z,900,false,,,,
N20270705-S006,N20270705,2027-07-05T18:45:00Z,900,false,,,,
N20270705-S007,N20270705,2027-07-05T19:00:00Z,900,false,,,,
N20270705-S008,N20270705,2027-07-05T19:15:00Z,900,false,,,,
N20270705-S009,N20270705,2027-07-05T19:30:00Z,900,false,,,,
N20270705-S010,N20270705,2027-07-05T19:45:00Z,900,false,,,,
N20270705-S011,N20270705,2027-07-05T20:00:00Z,900,false,,,,
N20270705-S012,N20270705,2027-07-05T20:15:00Z,900,false,,,,
N20270705-S013,N20270705,2027-07-05T20:30:00Z,900,true,0.960209,0.957157,1.014771,0.901543
N20270705-S014,N20270705,2027-07-05T20:45:00Z,900,true,0.959583,0.933833,1.010867,0.964765
N20270705-S015,N20270705,2027-07-05T21:00:00Z,900,true,0.932441,0.935500,1.003773,0.917373
N20270705-S016,N20270705,2027-07-05T21:15:00Z,900,true,0.957239,0.938167,0.987697,0.968450
N20270705-S017,N20270705,2027-07-05T21:30:00Z,900,true,0.929156,0.931872,0.986656,0.950241
N20270705-S018,N20270705,2027-07-05T21:45:00Z,900,true,0.957706,0.952566,0.963545,0.957595
N20270705-S019,N20270705,2027-07-05T22:00:00Z,900,true,0.965667,0.959604,0.995008,0.977856
N20270705-S020,N20270705,2027-07-05T22:15:00Z,900,true,1.006702,0.950302,1.000254,0.950585
N20270705-S021,N20270705,2027-07-05T22:30:00Z,900,true,1.011740,0.968271,1.050377,0.909000
N20270705-S022,N20270705,2027-07-05T22:45:00Z,900,true,1.028915,0.968586,1.047306,0.917391
N20270705-S023,N20270705,2027-07-05T23:00:00Z,900,true,0.992967,0.963807,1.040692,0.920307
N20270705-S024,N20270705,2027-07-05T23:15:00Z,900,true,1.066758,0.970225,1.060212,0.986400
N20270705-S025,N20270705,2027-07-05T23:30:00Z,900,true,1.063045,0.975132,1.053314,0.919455
N20270705-S026,N20270705,2027-07-05T23:45:00Z,900,true,1.061312,0.975132,1.048153,0.927227
N20270705-S027,N20270705,2027-07-06T00:00:00Z,900,true,0.991522,0.968341,1.019492,0.947909
N20270705-S028,N20270705,2027-07-06T00:15:00Z,900,true,0.963037,0.991720,1.042182,0.937934
N20270705-S029,N20270705,2027-07-06T00:30:00Z,900,true,0.940456,1.000000,1.031780,0.994208
N20270705-S030,N20270705,2027-07-06T00:45:00Z,900,true,0.952339,1.000000,1.040945,0.918482
N20270705-S031,N20270705,2027-07-06T01:00:00Z,900,true,0.945340,0.997605,1.059037,0.912530
N20270705-S032,N20270705,2027-07-06T01:15:00Z,900,true,0.931125,1.000000,1.021758,0.993650
N20270705-S033,N20270705,2027-07-06T01:30:00Z,900,true,0.869091,0.981382,1.012212,0.980155
N20270705-S034,N20270705,2027-07-06T01:45:00Z,900,true,0.923515,0.985512,1.005763,0.934813
N20270705-S035,N20270705,2027-07-06T02:00:00Z,900,true,0.918029,0.993856,1.006156,0.951952
N20270705-S036,N20270705,2027-07-06T02:15:00Z,900,true,0.901614,0.989304,1.010915,0.992068
N20270705-S037,N20270705,2027-07-06T02:30:00Z,900,true,0.909513,0.985066,1.007689,0.915965
N20270705-S038,N20270705,2027-07-06T02:45:00Z,900,true,0.924018,0.978272,1.005680,0.990490
N20270705-S039,N20270705,2027-07-06T03:00:00Z,900,true,0.931061,0.975992,0.985810,0.973392
N20270705-S040,N20270705,2027-07-06T03:15:00Z,900,true,0.947797,0.990415,1.004899,0.952784
N20270705-S041,N20270705,2027-07-06T03:30:00Z,900,true,0.933703,0.975683,1.003508,0.914832
N20270705-S042,N20270705,2027-07-06T03:45:00Z,900,true,0.917601,0.968597,1.002528,0.957778
N20270705-S043,N20270705,2027-07-06T04:00:00Z,900,true,0.946586,0.981652,1.001577,0.905818
N20270706-S001,N20270706,2027-07-06T17:30:00Z,900,true,0.978086,0.942188,1.053307,0.962584
N20270706-S002,N20270706,2027-07-06T17:45:00Z,900,true,0.960598,0.935278,1.045703,0.956380
N20270706-S003,N20270706,2027-07-06T18:00:00Z,900,true,0.967984,0.919350,1.063444,0.914421
N20270706-S004,N20270706,2027-07-06T18:15:00Z,900,true,0.958637,0.925756,1.072898,0.986600
N20270706-S005,N20270706,2027-07-06T18:30:00Z,900,true,0.930034,0.923833,1.067453,0.906582
N20270706-S006,N20270706,2027-07-06T18:45:00Z,900,true,0.997171,0.933430,1.049556,0.903480
N20270706-S007,N20270706,2027-07-06T19:00:00Z,900,true,1.024027,0.936595,1.058645,0.967222
N20270706-S008,N20270706,2027-07-06T19:15:00Z,900,true,1.140655,0.929987,1.077024,0.937504
N20270706-S009,N20270706,2027-07-06T19:30:00Z,900,true,1.100857,0.926591,1.077174,0.939861
N20270706-S010,N20270706,2027-07-06T19:45:00Z,900,true,1.168036,0.918891,1.093136,0.906602
N20270706-S011,N20270706,2027-07-06T20:00:00Z,900,true,1.145226,0.933284,1.092495,0.938854
N20270706-S012,N20270706,2027-07-06T20:15:00Z,900,true,1.138452,0.931006,1.103597,0.964999
N20270706-S013,N20270706,2027-07-06T20:30:00Z,900,true,1.080932,0.939233,1.087159,0.938765
N20270706-S014,N20270706,2027-07-06T20:45:00Z,900,true,1.110664,0.952955,1.095325,0.928766
N20270706-S015,N20270706,2027-07-06T21:00:00Z,900,true,1.029575,0.946032,1.103461,0.910536
N20270706-S016,N20270706,2027-07-06T21:15:00Z,900,true,1.011899,0.938310,1.080877,0.911200
N20270706-S017,N20270706,2027-07-06T21:30:00Z,900,true,0.981840,0.928882,1.098328,0.946322
N20270706-S018,N20270706,2027-07-06T21:45:00Z,900,true,0.995551,0.943058,1.113146,0.954465
N20270706-S019,N20270706,2027-07-06T22:00:00Z,900,true,1.020886,0.951836,1.094842,0.955670
N20270706-S020,N20270706,2027-07-06T22:15:00Z,900,true,1.057578,0.925587,1.069858,0.971204
N20270706-S021,N20270706,2027-07-06T22:30:00Z,900,true,1.309458,0.538949,0.708996,0.945946
N20270706-S022,N20270706,2027-07-06T22:45:00Z,900,true,1.294277,0.548013,0.700508,0.930777
N20270706-S023,N20270706,2027-07-06T23:00:00Z,900,true,1.274132,0.551797,0.708629,0.923837
N20270706-S024,N20270706,2027-07-06T23:15:00Z,900,true,1.262615,0.543367,0.713571,0.909387
N20270706-S025,N20270706,2027-07-06T23:30:00Z,900,true,1.278106,0.539050,0.711805,0.994848
N20270706-S026,N20270706,2027-07-06T23:45:00Z,900,true,1.194554,0.538480,0.708281,0.941333
N20270706-S027,N20270706,2027-07-07T00:00:00Z,900,true,1.289111,0.547862,0.710894,0.921256
N20270706-S028,N20270706,2027-07-07T00:15:00Z,900,true,1.320191,0.540863,0.718421,0.959387
N20270706-S029,N20270706,2027-07-07T00:30:00Z,900,true,1.326414,0.529226,0.714035,0.971830
N20270706-S030,N20270706,2027-07-07T00:45:00Z,900,true,1.314562,0.537536,0.707569,0.912304
N20270706-S031,N20270706,2027-07-07T01:00:00Z,900,true,1.300293,0.536269,0.686544,0.969449
N20270706-S032,N20270706,2027-07-07T01:15:00Z,900,true,1.272816,0.525222,0.685168,0.906437
N20270706-S033,N20270706,2027-07-07T01:30:00Z,900,true,1.267225,0.528616,0.675035,0.993309
N20270706-S034,N20270706,2027-07-07T01:45:00Z,900,true,1.314000,0.520228,0.667507,0.999004
N20270706-S035,N20270706,2027-07-07T02:00:00Z,900,true,1.253997,0.519492,0.660748,0.986018
N20270706-S036,N20270706,2027-07-07T02:15:00Z,900,true,1.219974,0.518741,0.664944,0.925792
N20270706-S037,N20270706,2027-07-07T02:30:00Z,900,true,1.181539,0.517698,0.661630,0.996988
N20270706-S038,N20270706,2027-07-07T02:45:00Z,900,true,0.963773,0.921342,0.978992,0.966007
N20270706-S039,N20270706,2027-07-07T03:00:00Z,900,true,0.938621,0.923018,1.004405,0.942962
N20270706-S040,N20270706,2027-07-07T03:15:00Z,900,true,0.929535,0.915062,0.986237,0.978896
N20270706-S041,N20270706,2027-07-07T03:30:00Z,900,true,0.873559,0.927812,0.983175,0.961592
N20270706-S042,N20270706,2027-07-07T03:45:00Z,900,true,0.855528,0.917019,0.966947,0.919945
N20270706-S043,N20270706,2027-07-07T04:00:00Z,900,true,0.882537,0.929450,0.955179,0.909208
N20270707-S001,N20270707,2027-07-07T17:30:00Z,900,true,0.851989,0.938357,1.070113,0.940556
N20270707-S002,N20270707,2027-07-07T17:45:00Z,900,true,0.912243,0.931326,1.046904,0.947114
N20270707-S003,N20270707,2027-07-07T18:00:00Z,900,true,0.833181,0.935442,1.068090,0.970189
N20270707-S004,N20270707,2027-07-07T18:15:00Z,900,true,0.833116,0.939601,1.050142,0.911184
N20270707-S005,N20270707,2027-07-07T18:30:00Z,900,true,0.825428,0.959836,1.046092,0.969466
N20270707-S006,N20270707,2027-07-07T18:45:00Z,900,true,0.871069,0.948955,1.063643,0.945185
N20270707-S007,N20270707,2027-07-07T19:00:00Z,900,true,0.776960,0.935250,1.035950,0.968960
N20270707-S008,N20270707,2027-07-07T19:15:00Z,900,true,0.747278,0.925255,1.027539,0.983031
N20270707-S009,N20270707,2027-07-07T19:30:00Z,900,true,0.704594,0.925055,1.005229,0.910528
N20270707-S010,N20270707,2027-07-07T19:45:00Z,900,true,0.767104,0.903166,0.986712,0.923519
N20270707-S011,N20270707,2027-07-07T20:00:00Z,900,true,0.781057,0.910120,0.993145,0.901475
N20270707-S012,N20270707,2027-07-07T20:15:00Z,900,true,0.824992,0.919527,1.013506,0.938922
N20270707-S013,N20270707,2027-07-07T20:30:00Z,900,true,0.820221,0.897360,1.020219,0.931739
N20270707-S014,N20270707,2027-07-07T20:45:00Z,900,true,0.801499,0.892565,0.984837,0.901977
N20270707-S015,N20270707,2027-07-07T21:00:00Z,900,true,0.813790,0.906148,0.961868,0.950964
N20270707-S016,N20270707,2027-07-07T21:15:00Z,900,true,0.811715,0.900558,0.950111,0.903269
N20270707-S017,N20270707,2027-07-07T21:30:00Z,900,true,0.798523,0.904623,0.959894,0.988510
N20270707-S018,N20270707,2027-07-07T21:45:00Z,900,true,0.804446,0.894029,0.964175,0.972121
N20270707-S019,N20270707,2027-07-07T22:00:00Z,900,true,0.870955,0.888407,0.965551,0.940893
N20270707-S020,N20270707,2027-07-07T22:15:00Z,900,true,0.850910,0.908791,0.974091,0.936313
N20270707-S021,N20270707,2027-07-07T22:30:00Z,900,false,,,,
N20270707-S022,N20270707,2027-07-07T22:45:00Z,900,false,,,,
N20270707-S023,N20270707,2027-07-07T23:00:00Z,900,false,,,,
N20270707-S024,N20270707,2027-07-07T23:15:00Z,900,false,,,,
N20270707-S025,N20270707,2027-07-07T23:30:00Z,900,false,,,,
N20270707-S026,N20270707,2027-07-07T23:45:00Z,900,false,,,,
N20270707-S027,N20270707,2027-07-08T00:00:00Z,900,false,,,,
N20270707-S028,N20270707,2027-07-08T00:15:00Z,900,false,,,,
N20270707-S029,N20270707,2027-07-08T00:30:00Z,900,false,,,,
N20270707-S030,N20270707,2027-07-08T00:45:00Z,900,false,,,,
N20270707-S031,N20270707,2027-07-08T01:00:00Z,900,false,,,,
N20270707-S032,N20270707,2027-07-08T01:15:00Z,900,false,,,,
N20270707-S033,N20270707,2027-07-08T01:30:00Z,900,false,,,,
N20270707-S034,N20270707,2027-07-08T01:45:00Z,900,false,,,,
N20270707-S035,N20270707,2027-07-08T02:00:00Z,900,false,,,,
N20270707-S036,N20270707,2027-07-08T02:15:00Z,900,false,,,,
N20270707-S037,N20270707,2027-07-08T02:30:00Z,900,false,,,,
N20270707-S038,N20270707,2027-07-08T02:45:00Z,900,false,,,,
N20270707-S039,N20270707,2027-07-08T03:00:00Z,900,false,,,,
N20270707-S040,N20270707,2027-07-08T03:15:00Z,900,true,0.972852,0.965091,1.136375,0.977187
N20270707-S041,N20270707,2027-07-08T03:30:00Z,900,true,0.934727,0.973263,1.136630,0.951383
N20270707-S042,N20270707,2027-07-08T03:45:00Z,900,true,0.950715,0.972237,1.132578,0.987653
N20270707-S043,N20270707,2027-07-08T04:00:00Z,900,true,0.935813,0.986796,1.135543,0.902488
N20270708-S001,N20270708,2027-07-08T17:30:00Z,900,true,0.831082,0.971978,1.116652,0.981289
N20270708-S002,N20270708,2027-07-08T17:45:00Z,900,true,0.795626,0.971832,1.142085,0.988859
N20270708-S003,N20270708,2027-07-08T18:00:00Z,900,true,0.796581,0.978965,1.137583,0.920673
N20270708-S004,N20270708,2027-07-08T18:15:00Z,900,true,0.784887,0.971404,1.155535,0.992401
N20270708-S005,N20270708,2027-07-08T18:30:00Z,900,true,0.731762,0.975696,1.156667,0.958574
N20270708-S006,N20270708,2027-07-08T18:45:00Z,900,true,0.783696,0.972419,1.163100,0.921395
N20270708-S007,N20270708,2027-07-08T19:00:00Z,900,true,0.781669,0.967493,1.140201,0.921441
N20270708-S008,N20270708,2027-07-08T19:15:00Z,900,true,0.772088,0.961316,1.136127,0.961595
N20270708-S009,N20270708,2027-07-08T19:30:00Z,900,true,0.756994,0.943656,1.135864,0.972931
N20270708-S010,N20270708,2027-07-08T19:45:00Z,900,true,0.737688,0.935225,1.128165,0.973788
N20270708-S011,N20270708,2027-07-08T20:00:00Z,900,true,0.767038,0.928065,1.154450,0.983415
N20270708-S012,N20270708,2027-07-08T20:15:00Z,900,true,0.803457,0.913033,1.178664,0.983577
N20270708-S013,N20270708,2027-07-08T20:30:00Z,900,true,0.855081,0.916514,1.156606,0.951267
N20270708-S014,N20270708,2027-07-08T20:45:00Z,900,true,0.886901,0.925793,1.155715,0.916043
N20270708-S015,N20270708,2027-07-08T21:00:00Z,900,true,0.906154,0.938470,1.121757,0.922877
N20270708-S016,N20270708,2027-07-08T21:15:00Z,900,true,0.873933,0.934421,1.097856,0.955112
N20270708-S017,N20270708,2027-07-08T21:30:00Z,900,true,0.825022,0.930915,1.101025,0.930758
N20270708-S018,N20270708,2027-07-08T21:45:00Z,900,true,0.894464,0.926797,1.117008,0.926267
N20270708-S019,N20270708,2027-07-08T22:00:00Z,900,true,0.882332,0.934916,1.122275,0.998389
N20270708-S020,N20270708,2027-07-08T22:15:00Z,900,true,0.835063,0.937148,1.122991,0.973868
N20270708-S021,N20270708,2027-07-08T22:30:00Z,900,true,0.844420,0.943655,1.109448,0.986186
N20270708-S022,N20270708,2027-07-08T22:45:00Z,900,true,0.806513,0.975824,1.136943,0.952926
N20270708-S023,N20270708,2027-07-08T23:00:00Z,900,true,0.771856,0.976580,1.138555,0.980134
N20270708-S024,N20270708,2027-07-08T23:15:00Z,900,true,0.740458,0.970545,1.130625,0.984793
N20270708-S025,N20270708,2027-07-08T23:30:00Z,900,true,0.768631,0.981189,1.142379,0.947457
N20270708-S026,N20270708,2027-07-08T23:45:00Z,900,true,0.781128,0.984015,1.126848,0.972054
N20270708-S027,N20270708,2027-07-09T00:00:00Z,900,true,0.803459,0.969598,1.147676,0.995346
N20270708-S028,N20270708,2027-07-09T00:15:00Z,900,true,0.808803,0.958989,1.167760,0.979581
N20270708-S029,N20270708,2027-07-09T00:30:00Z,900,true,0.862513,0.971189,1.190565,0.902414
N20270708-S030,N20270708,2027-07-09T00:45:00Z,900,true,0.875934,0.966514,1.178701,0.907535
N20270708-S031,N20270708,2027-07-09T01:00:00Z,900,true,0.871587,0.970499,1.176793,0.965386
N20270708-S032,N20270708,2027-07-09T01:15:00Z,900,true,0.890957,0.979986,1.141780,0.920803
N20270708-S033,N20270708,2027-07-09T01:30:00Z,900,true,0.896552,0.957552,1.136708,0.905254
N20270708-S034,N20270708,2027-07-09T01:45:00Z,900,true,0.805024,0.957479,1.154194,0.937717
N20270708-S035,N20270708,2027-07-09T02:00:00Z,900,true,0.734853,0.942414,1.150771,0.924018
N20270708-S036,N20270708,2027-07-09T02:15:00Z,900,true,0.718188,0.947227,1.151174,0.913815
N20270708-S037,N20270708,2027-07-09T02:30:00Z,900,true,0.720401,0.969891,1.165088,0.960576
N20270708-S038,N20270708,2027-07-09T02:45:00Z,900,true,0.730025,0.957861,1.159282,0.914115
N20270708-S039,N20270708,2027-07-09T03:00:00Z,900,true,0.777713,0.949028,1.149862,0.937320
N20270708-S040,N20270708,2027-07-09T03:15:00Z,900,true,0.774451,0.952254,1.124439,0.997262
N20270708-S041,N20270708,2027-07-09T03:30:00Z,900,true,0.761173,0.938496,1.139649,0.989051
N20270708-S042,N20270708,2027-07-09T03:45:00Z,900,true,0.766716,0.930748,1.164026,0.925879
N20270708-S043,N20270708,2027-07-09T04:00:00Z,900,true,0.808319,0.950847,1.164974,0.971998
N20270709-S001,N20270709,2027-07-09T17:30:00Z,900,true,0.869832,0.982792,1.130293,0.948868
N20270709-S002,N20270709,2027-07-09T17:45:00Z,900,true,0.866819,0.983153,1.125038,0.919184
N20270709-S003,N20270709,2027-07-09T18:00:00Z,900,true,0.872083,0.979191,1.122842,0.905868
N20270709-S004,N20270709,2027-07-09T18:15:00Z,900,true,0.910866,0.971331,1.129733,0.974329
N20270709-S005,N20270709,2027-07-09T18:30:00Z,900,true,0.912971,0.980065,1.118325,0.959541
N20270709-S006,N20270709,2027-07-09T18:45:00Z,900,true,0.944873,0.976233,1.131226,0.976806
N20270709-S007,N20270709,2027-07-09T19:00:00Z,900,true,0.946648,0.978597,1.123455,0.948789
N20270709-S008,N20270709,2027-07-09T19:15:00Z,900,true,0.987307,0.991909,1.123423,0.937543
N20270709-S009,N20270709,2027-07-09T19:30:00Z,900,true,0.969389,0.978684,1.128323,0.923726
N20270709-S010,N20270709,2027-07-09T19:45:00Z,900,true,0.935260,0.974043,1.128544,0.924102
N20270709-S011,N20270709,2027-07-09T20:00:00Z,900,true,0.910073,0.985035,1.120147,0.939529
N20270709-S012,N20270709,2027-07-09T20:15:00Z,900,true,0.934020,0.982349,1.118597,0.920543
N20270709-S013,N20270709,2027-07-09T20:30:00Z,900,true,1.046667,0.977381,1.121226,0.947909
N20270709-S014,N20270709,2027-07-09T20:45:00Z,900,true,1.025817,1.000000,1.118352,0.923616
N20270709-S015,N20270709,2027-07-09T21:00:00Z,900,true,0.950488,0.998096,1.118907,0.968248
N20270709-S016,N20270709,2027-07-09T21:15:00Z,900,true,0.998593,0.997639,1.113347,0.994600
N20270709-S017,N20270709,2027-07-09T21:30:00Z,900,true,0.952264,0.977496,1.111087,0.904367
N20270709-S018,N20270709,2027-07-09T21:45:00Z,900,true,1.009381,0.966384,1.109358,0.953048
N20270709-S019,N20270709,2027-07-09T22:00:00Z,900,true,0.994655,0.967672,1.111306,0.915017
N20270709-S020,N20270709,2027-07-09T22:15:00Z,900,true,1.036510,0.971039,1.100184,0.956520
N20270709-S021,N20270709,2027-07-09T22:30:00Z,900,true,1.061636,0.961316,1.106721,0.975946
N20270709-S022,N20270709,2027-07-09T22:45:00Z,900,true,1.054611,0.977918,1.081952,0.902315
N20270709-S023,N20270709,2027-07-09T23:00:00Z,900,true,1.048458,0.980909,1.060358,0.977289
N20270709-S024,N20270709,2027-07-09T23:15:00Z,900,true,1.042897,0.978246,1.066940,0.903452
N20270709-S025,N20270709,2027-07-09T23:30:00Z,900,true,1.073649,0.981133,1.070088,0.921332
N20270709-S026,N20270709,2027-07-09T23:45:00Z,900,true,1.109345,0.992159,1.083560,0.980774
N20270709-S027,N20270709,2027-07-10T00:00:00Z,900,true,1.114552,0.999063,1.070386,0.955491
N20270709-S028,N20270709,2027-07-10T00:15:00Z,900,true,1.094836,0.981171,1.096191,0.901026
N20270709-S029,N20270709,2027-07-10T00:30:00Z,900,true,1.085584,0.965577,1.041755,0.901029
N20270709-S030,N20270709,2027-07-10T00:45:00Z,900,true,1.063753,0.964549,1.062326,0.946012
N20270709-S031,N20270709,2027-07-10T01:00:00Z,900,true,1.078017,0.975471,1.069018,0.932013
N20270709-S032,N20270709,2027-07-10T01:15:00Z,900,true,1.140946,0.976617,1.103155,0.986793
N20270709-S033,N20270709,2027-07-10T01:30:00Z,900,true,1.128355,0.984922,1.109132,0.908045
N20270709-S034,N20270709,2027-07-10T01:45:00Z,900,true,1.071498,0.975127,1.109102,0.998482
N20270709-S035,N20270709,2027-07-10T02:00:00Z,900,true,1.074911,0.950756,1.129648,0.949857
N20270709-S036,N20270709,2027-07-10T02:15:00Z,900,true,0.973276,0.938980,1.132869,0.965338
N20270709-S037,N20270709,2027-07-10T02:30:00Z,900,true,0.967969,0.940948,1.130909,0.942697
N20270709-S038,N20270709,2027-07-10T02:45:00Z,900,true,0.937343,0.935609,1.124393,0.973745
N20270709-S039,N20270709,2027-07-10T03:00:00Z,900,true,0.963737,0.944643,1.126520,0.980124
N20270709-S040,N20270709,2027-07-10T03:15:00Z,900,true,1.005368,0.946035,1.111151,0.988382
N20270709-S041,N20270709,2027-07-10T03:30:00Z,900,true,1.014266,0.951859,1.115262,0.914950
N20270709-S042,N20270709,2027-07-10T03:45:00Z,900,true,1.040921,0.954183,1.118941,0.988500
N20270709-S043,N20270709,2027-07-10T04:00:00Z,900,true,0.998641,0.960661,1.116499,0.988333
N20270710-S001,N20270710,2027-07-10T17:30:00Z,900,true,0.974869,0.979080,1.059756,0.945635
N20270710-S002,N20270710,2027-07-10T17:45:00Z,900,true,0.972104,0.986272,1.081266,0.915992
N20270710-S003,N20270710,2027-07-10T18:00:00Z,900,true,0.998317,0.985586,1.092394,0.959562
N20270710-S004,N20270710,2027-07-10T18:15:00Z,900,true,0.952631,0.994588,1.088821,0.949145
N20270710-S005,N20270710,2027-07-10T18:30:00Z,900,true,0.912424,0.990929,1.103564,0.982940
N20270710-S006,N20270710,2027-07-10T18:45:00Z,900,true,0.957512,0.988220,1.104230,0.948476
N20270710-S007,N20270710,2027-07-10T19:00:00Z,900,true,0.991422,0.991280,1.129093,0.941703
N20270710-S008,N20270710,2027-07-10T19:15:00Z,900,true,0.993680,0.977428,1.130322,0.999444
N20270710-S009,N20270710,2027-07-10T19:30:00Z,900,true,0.983386,0.989617,1.096423,0.952781
N20270710-S010,N20270710,2027-07-10T19:45:00Z,900,true,0.933262,1.000000,1.108145,0.976298
N20270710-S011,N20270710,2027-07-10T20:00:00Z,900,true,0.940726,0.997883,1.102847,0.947714
N20270710-S012,N20270710,2027-07-10T20:15:00Z,900,true,0.927484,0.991203,1.087888,0.982708
N20270710-S013,N20270710,2027-07-10T20:30:00Z,900,true,0.921110,0.969084,1.092123,0.965600
N20270710-S014,N20270710,2027-07-10T20:45:00Z,900,true,0.941693,0.969710,1.075735,0.992932
N20270710-S015,N20270710,2027-07-10T21:00:00Z,900,true,0.945533,0.970455,1.086657,0.973687
N20270710-S016,N20270710,2027-07-10T21:15:00Z,900,true,0.959870,0.974582,1.090879,0.920015
N20270710-S017,N20270710,2027-07-10T21:30:00Z,900,true,0.967452,0.990494,1.102009,0.927691
N20270710-S018,N20270710,2027-07-10T21:45:00Z,900,true,0.963080,0.992060,1.101659,0.966876
N20270710-S019,N20270710,2027-07-10T22:00:00Z,900,true,1.034252,0.977429,1.112004,0.952225
N20270710-S020,N20270710,2027-07-10T22:15:00Z,900,true,1.045853,0.982520,1.129643,0.931533
N20270710-S021,N20270710,2027-07-10T22:30:00Z,900,true,1.059871,0.986351,1.123879,0.943528
N20270710-S022,N20270710,2027-07-10T22:45:00Z,900,true,1.067726,0.984120,1.114691,0.981354
N20270710-S023,N20270710,2027-07-10T23:00:00Z,900,true,1.075000,0.985860,1.123183,0.968190
N20270710-S024,N20270710,2027-07-10T23:15:00Z,900,true,1.086911,0.986080,1.118551,0.955722
N20270710-S025,N20270710,2027-07-10T23:30:00Z,900,true,1.070546,0.988710,1.094452,0.941689
N20270710-S026,N20270710,2027-07-10T23:45:00Z,900,true,1.077025,0.987250,1.103590,0.997638
N20270710-S027,N20270710,2027-07-11T00:00:00Z,900,true,1.080888,0.985682,1.106045,0.976470
N20270710-S028,N20270710,2027-07-11T00:15:00Z,900,true,1.065074,1.000000,1.067135,0.915185
N20270710-S029,N20270710,2027-07-11T00:30:00Z,900,true,1.053103,0.991702,1.058448,0.929356
N20270710-S030,N20270710,2027-07-11T00:45:00Z,900,true,1.065231,0.996553,1.050559,0.905241
N20270710-S031,N20270710,2027-07-11T01:00:00Z,900,true,1.047960,1.000000,1.056904,0.917372
N20270710-S032,N20270710,2027-07-11T01:15:00Z,900,true,0.988159,0.995602,1.050009,0.931754
N20270710-S033,N20270710,2027-07-11T01:30:00Z,900,true,0.953231,0.970934,1.083085,0.979087
N20270710-S034,N20270710,2027-07-11T01:45:00Z,900,true,0.946451,0.979382,1.087609,0.922258
N20270710-S035,N20270710,2027-07-11T02:00:00Z,900,true,0.986249,0.975489,1.097760,0.980259
N20270710-S036,N20270710,2027-07-11T02:15:00Z,900,true,1.009768,0.972032,1.066720,0.941518
N20270710-S037,N20270710,2027-07-11T02:30:00Z,900,true,0.949989,0.973038,1.072382,0.904601
N20270710-S038,N20270710,2027-07-11T02:45:00Z,900,true,0.990197,0.964995,1.079903,0.964297
N20270710-S039,N20270710,2027-07-11T03:00:00Z,900,true,1.005093,0.979543,1.092841,0.913263
N20270710-S040,N20270710,2027-07-11T03:15:00Z,900,true,0.967848,0.974782,1.106456,0.999523
N20270710-S041,N20270710,2027-07-11T03:30:00Z,900,true,0.919277,0.961948,1.053948,0.998131
N20270710-S042,N20270710,2027-07-11T03:45:00Z,900,true,0.918930,0.990906,1.043811,0.964733
N20270710-S043,N20270710,2027-07-11T04:00:00Z,900,true,0.929304,0.996934,1.021796,0.982693
N20270711-S001,N20270711,2027-07-11T17:30:00Z,900,true,0.830359,0.963666,1.105218,0.990016
N20270711-S002,N20270711,2027-07-11T17:45:00Z,900,true,0.864024,0.953105,1.093268,0.902808
N20270711-S003,N20270711,2027-07-11T18:00:00Z,900,true,0.908501,0.931867,1.075139,0.942826
N20270711-S004,N20270711,2027-07-11T18:15:00Z,900,true,0.894579,0.926932,1.104399,0.922266
N20270711-S005,N20270711,2027-07-11T18:30:00Z,900,true,0.857604,0.923319,1.096771,0.993759
N20270711-S006,N20270711,2027-07-11T18:45:00Z,900,true,0.819427,0.921168,1.075916,0.970884
N20270711-S007,N20270711,2027-07-11T19:00:00Z,900,true,0.840994,0.940322,1.083903,0.956338
N20270711-S008,N20270711,2027-07-11T19:15:00Z,900,true,0.846237,0.926516,1.071074,0.950758
N20270711-S009,N20270711,2027-07-11T19:30:00Z,900,true,0.852448,0.917155,1.081426,0.975770
N20270711-S010,N20270711,2027-07-11T19:45:00Z,900,true,0.834321,0.908741,1.075036,0.999188
N20270711-S011,N20270711,2027-07-11T20:00:00Z,900,true,0.825703,0.931775,1.053004,0.903766
N20270711-S012,N20270711,2027-07-11T20:15:00Z,900,true,0.825645,0.915359,1.086007,0.968174
N20270711-S013,N20270711,2027-07-11T20:30:00Z,900,true,0.852842,0.908395,1.086907,0.981771
N20270711-S014,N20270711,2027-07-11T20:45:00Z,900,true,0.852265,0.915617,1.084815,0.937574
N20270711-S015,N20270711,2027-07-11T21:00:00Z,900,true,0.822942,0.916618,1.107926,0.906195
N20270711-S016,N20270711,2027-07-11T21:15:00Z,900,true,0.844797,0.911537,1.113834,0.944554
N20270711-S017,N20270711,2027-07-11T21:30:00Z,900,true,0.825889,0.916168,1.141884,0.947279
N20270711-S018,N20270711,2027-07-11T21:45:00Z,900,true,0.814748,0.910178,1.138133,0.923418
N20270711-S019,N20270711,2027-07-11T22:00:00Z,900,true,0.813511,0.895431,1.143458,0.926661
N20270711-S020,N20270711,2027-07-11T22:15:00Z,900,true,0.755598,0.884143,1.151522,0.932117
N20270711-S021,N20270711,2027-07-11T22:30:00Z,900,true,0.743674,0.890920,1.125410,0.974473
N20270711-S022,N20270711,2027-07-11T22:45:00Z,900,true,0.725688,0.897626,1.159565,0.938834
N20270711-S023,N20270711,2027-07-11T23:00:00Z,900,true,0.774310,0.882323,1.171246,0.979144
N20270711-S024,N20270711,2027-07-11T23:15:00Z,900,true,0.762777,0.886254,1.174414,0.995504
N20270711-S025,N20270711,2027-07-11T23:30:00Z,900,true,0.752304,0.883978,1.163019,0.917784
N20270711-S026,N20270711,2027-07-11T23:45:00Z,900,true,0.829002,0.893835,1.157791,0.980519
N20270711-S027,N20270711,2027-07-12T00:00:00Z,900,true,0.843979,0.869985,1.168322,0.930796
N20270711-S028,N20270711,2027-07-12T00:15:00Z,900,true,0.858376,0.880105,1.138561,0.924015
N20270711-S029,N20270711,2027-07-12T00:30:00Z,900,true,0.855871,0.891777,1.131556,0.957206
N20270711-S030,N20270711,2027-07-12T00:45:00Z,900,true,0.863590,0.879248,1.143307,0.969200
N20270711-S031,N20270711,2027-07-12T01:00:00Z,900,true,0.850920,0.897676,1.124115,0.984296
N20270711-S032,N20270711,2027-07-12T01:15:00Z,900,true,0.828087,0.903483,1.146015,0.921128
N20270711-S033,N20270711,2027-07-12T01:30:00Z,900,true,0.796234,0.923073,1.142626,0.954222
N20270711-S034,N20270711,2027-07-12T01:45:00Z,900,true,0.864554,0.923679,1.140008,0.994995
N20270711-S035,N20270711,2027-07-12T02:00:00Z,900,true,0.854314,0.945159,1.123477,0.926265
N20270711-S036,N20270711,2027-07-12T02:15:00Z,900,true,0.810724,0.941736,1.103215,0.938968
N20270711-S037,N20270711,2027-07-12T02:30:00Z,900,true,0.796990,0.934061,1.091711,0.938378
N20270711-S038,N20270711,2027-07-12T02:45:00Z,900,true,0.784571,0.924869,1.098534,0.924168
N20270711-S039,N20270711,2027-07-12T03:00:00Z,900,true,0.824468,0.930251,1.105292,0.935000
N20270711-S040,N20270711,2027-07-12T03:15:00Z,900,true,0.823834,0.927486,1.118913,0.994461
N20270711-S041,N20270711,2027-07-12T03:30:00Z,900,true,0.872150,0.947730,1.125001,0.988559
N20270711-S042,N20270711,2027-07-12T03:45:00Z,900,true,0.945204,0.953130,1.135843,0.958161
N20270711-S043,N20270711,2027-07-12T04:00:00Z,900,true,0.916804,0.936578,1.125800,0.951144
N20270712-S001,N20270712,2027-07-12T17:30:00Z,900,true,0.889527,0.937894,1.129735,0.969287
N20270712-S002,N20270712,2027-07-12T17:45:00Z,900,true,0.918559,0.916850,1.139153,0.917836
N20270712-S003,N20270712,2027-07-12T18:00:00Z,900,true,0.950262,0.921873,1.156863,0.984961
N20270712-S004,N20270712,2027-07-12T18:15:00Z,900,true,0.927724,0.934695,1.146069,0.912344
N20270712-S005,N20270712,2027-07-12T18:30:00Z,900,true,0.942561,0.944610,1.128892,0.940358
N20270712-S006,N20270712,2027-07-12T18:45:00Z,900,true,0.940764,0.969393,1.160529,0.976639
N20270712-S007,N20270712,2027-07-12T19:00:00Z,900,true,0.965313,0.956429,1.176770,0.976306
N20270712-S008,N20270712,2027-07-12T19:15:00Z,900,true,0.952239,0.961234,1.177020,0.906605
N20270712-S009,N20270712,2027-07-12T19:30:00Z,900,true,0.963209,0.959591,1.194953,0.917826
N20270712-S010,N20270712,2027-07-12T19:45:00Z,900,true,0.941878,0.935656,1.184359,0.995862
N20270712-S011,N20270712,2027-07-12T20:00:00Z,900,true,0.923663,0.931405,1.178837,0.904062
N20270712-S012,N20270712,2027-07-12T20:15:00Z,900,true,0.883983,0.910843,1.178103,0.957187
N20270712-S013,N20270712,2027-07-12T20:30:00Z,900,true,0.914105,0.907747,1.158600,0.927604
N20270712-S014,N20270712,2027-07-12T20:45:00Z,900,true,0.903107,0.915586,1.150152,0.949303
N20270712-S015,N20270712,2027-07-12T21:00:00Z,900,true,0.892069,0.906313,1.141452,0.956937
N20270712-S016,N20270712,2027-07-12T21:15:00Z,900,true,0.854587,0.925242,1.140616,0.908086
N20270712-S017,N20270712,2027-07-12T21:30:00Z,900,true,0.844785,0.958811,1.165568,0.952113
N20270712-S018,N20270712,2027-07-12T21:45:00Z,900,true,0.949142,0.970472,1.162087,0.988207
N20270712-S019,N20270712,2027-07-12T22:00:00Z,900,true,0.969103,0.955927,1.174772,0.917058
N20270712-S020,N20270712,2027-07-12T22:15:00Z,900,true,0.953141,0.954282,1.154849,0.923535
N20270712-S021,N20270712,2027-07-12T22:30:00Z,900,true,0.979490,0.949777,1.140057,0.952929
N20270712-S022,N20270712,2027-07-12T22:45:00Z,900,true,0.979339,0.957157,1.136645,0.997499
N20270712-S023,N20270712,2027-07-12T23:00:00Z,900,true,1.015370,0.949717,1.136306,0.943316
N20270712-S024,N20270712,2027-07-12T23:15:00Z,900,true,0.980525,0.933398,1.134250,0.996608
N20270712-S025,N20270712,2027-07-12T23:30:00Z,900,true,0.962288,0.923710,1.137110,0.938269
N20270712-S026,N20270712,2027-07-12T23:45:00Z,900,true,0.941193,0.925166,1.139841,0.916258
N20270712-S027,N20270712,2027-07-13T00:00:00Z,900,true,0.981406,0.920554,1.117805,0.965457
N20270712-S028,N20270712,2027-07-13T00:15:00Z,900,true,0.933742,0.914196,1.151649,0.994145
N20270712-S029,N20270712,2027-07-13T00:30:00Z,900,true,0.929067,0.909665,1.152220,0.932614
N20270712-S030,N20270712,2027-07-13T00:45:00Z,900,true,0.921119,0.915800,1.158124,0.963049
N20270712-S031,N20270712,2027-07-13T01:00:00Z,900,true,0.964407,0.937428,1.162107,0.995724
N20270712-S032,N20270712,2027-07-13T01:15:00Z,900,true,0.907992,0.934347,1.179562,0.995508
N20270712-S033,N20270712,2027-07-13T01:30:00Z,900,true,0.876954,0.932363,1.179531,0.958250
N20270712-S034,N20270712,2027-07-13T01:45:00Z,900,true,0.860390,0.941656,1.164723,0.999028
N20270712-S035,N20270712,2027-07-13T02:00:00Z,900,true,0.814282,0.965419,1.180252,0.905165
N20270712-S036,N20270712,2027-07-13T02:15:00Z,900,true,0.802783,0.960435,1.176567,0.960533
N20270712-S037,N20270712,2027-07-13T02:30:00Z,900,true,0.790436,0.933590,1.150609,0.969212
N20270712-S038,N20270712,2027-07-13T02:45:00Z,900,true,0.844901,0.938347,1.172129,0.999949
N20270712-S039,N20270712,2027-07-13T03:00:00Z,900,true,0.877666,0.941902,1.181732,0.930316
N20270712-S040,N20270712,2027-07-13T03:15:00Z,900,true,0.908532,0.932369,1.191861,0.949952
N20270712-S041,N20270712,2027-07-13T03:30:00Z,900,true,0.970277,0.952093,1.234164,0.969621
N20270712-S042,N20270712,2027-07-13T03:45:00Z,900,true,0.970245,0.956270,1.237080,0.944858
N20270712-S043,N20270712,2027-07-13T04:00:00Z,900,true,0.974713,0.965829,1.252425,0.946462
N20270713-S001,N20270713,2027-07-13T17:30:00Z,900,true,0.937375,0.929786,1.100941,0.927038
N20270713-S002,N20270713,2027-07-13T17:45:00Z,900,true,0.896692,0.912636,1.081016,0.970730
N20270713-S003,N20270713,2027-07-13T18:00:00Z,900,true,0.906215,0.918635,1.057002,0.934582
N20270713-S004,N20270713,2027-07-13T18:15:00Z,900,true,0.881609,0.914056,1.057917,0.998645
N20270713-S005,N20270713,2027-07-13T18:30:00Z,900,true,0.880744,0.913906,1.074284,0.937193
N20270713-S006,N20270713,2027-07-13T18:45:00Z,900,true,0.898303,0.896309,1.091752,0.905496
N20270713-S007,N20270713,2027-07-13T19:00:00Z,900,true,0.909169,0.908880,1.089256,0.911249
N20270713-S008,N20270713,2027-07-13T19:15:00Z,900,true,0.893368,0.902301,1.085715,0.939311
N20270713-S009,N20270713,2027-07-13T19:30:00Z,900,true,0.912591,0.899627,1.074919,0.919573
N20270713-S010,N20270713,2027-07-13T19:45:00Z,900,true,0.832422,0.900817,1.062632,0.982294
N20270713-S011,N20270713,2027-07-13T20:00:00Z,900,true,0.880982,0.900752,1.069855,0.936254
N20270713-S012,N20270713,2027-07-13T20:15:00Z,900,true,0.878710,0.897772,1.058160,0.927925
N20270713-S013,N20270713,2027-07-13T20:30:00Z,900,true,0.933696,0.911257,1.059309,0.926792
N20270713-S014,N20270713,2027-07-13T20:45:00Z,900,true,0.901825,0.890343,1.056076,0.981890
N20270713-S015,N20270713,2027-07-13T21:00:00Z,900,true,0.889173,0.889537,1.034835,0.907121
N20270713-S016,N20270713,2027-07-13T21:15:00Z,900,true,0.872762,0.877945,1.051174,0.993928
N20270713-S017,N20270713,2027-07-13T21:30:00Z,900,true,0.884913,0.903290,1.065120,0.913369
N20270713-S018,N20270713,2027-07-13T21:45:00Z,900,true,0.866100,0.908232,1.069831,0.969331
N20270713-S019,N20270713,2027-07-13T22:00:00Z,900,true,0.896831,0.904545,1.093579,0.996487
N20270713-S020,N20270713,2027-07-13T22:15:00Z,900,true,0.888395,0.896838,1.077713,0.988503
N20270713-S021,N20270713,2027-07-13T22:30:00Z,900,true,0.871856,0.902604,1.031212,0.927827
N20270713-S022,N20270713,2027-07-13T22:45:00Z,900,true,0.870128,0.896114,1.045492,0.907044
N20270713-S023,N20270713,2027-07-13T23:00:00Z,900,true,0.899497,0.900930,1.063666,0.907438
N20270713-S024,N20270713,2027-07-13T23:15:00Z,900,true,0.942793,0.904411,1.049321,0.958112
N20270713-S025,N20270713,2027-07-13T23:30:00Z,900,true,1.012079,0.899747,1.068773,0.943525
N20270713-S026,N20270713,2027-07-13T23:45:00Z,900,true,0.949739,0.899626,1.113699,0.901395
N20270713-S027,N20270713,2027-07-14T00:00:00Z,900,true,0.903308,0.901459,1.131491,0.943772
N20270713-S028,N20270713,2027-07-14T00:15:00Z,900,true,0.913270,0.906690,1.158251,0.972878
N20270713-S029,N20270713,2027-07-14T00:30:00Z,900,true,0.926433,0.909710,1.145957,0.914542
N20270713-S030,N20270713,2027-07-14T00:45:00Z,900,true,0.940601,0.920542,1.142999,0.921471
N20270713-S031,N20270713,2027-07-14T01:00:00Z,900,true,0.878199,0.937734,1.143115,0.998414
N20270713-S032,N20270713,2027-07-14T01:15:00Z,900,true,0.935364,0.944221,1.091580,0.983733
N20270713-S033,N20270713,2027-07-14T01:30:00Z,900,true,0.883543,0.966475,1.101751,0.907008
N20270713-S034,N20270713,2027-07-14T01:45:00Z,900,true,0.887565,0.975486,1.117578,0.955636
N20270713-S035,N20270713,2027-07-14T02:00:00Z,900,true,0.888174,0.969573,1.087225,0.907352
N20270713-S036,N20270713,2027-07-14T02:15:00Z,900,true,0.881595,0.973989,1.117199,0.953284
N20270713-S037,N20270713,2027-07-14T02:30:00Z,900,true,0.909129,0.966819,1.103785,0.934206
N20270713-S038,N20270713,2027-07-14T02:45:00Z,900,true,0.916844,0.983621,1.107576,0.941402
N20270713-S039,N20270713,2027-07-14T03:00:00Z,900,true,0.949160,1.000000,1.114958,0.939890
N20270713-S040,N20270713,2027-07-14T03:15:00Z,900,false,,,,
N20270713-S041,N20270713,2027-07-14T03:30:00Z,900,false,,,,
N20270713-S042,N20270713,2027-07-14T03:45:00Z,900,false,,,,
N20270713-S043,N20270713,2027-07-14T04:00:00Z,900,false,,,,
N20270714-S001,N20270714,2027-07-14T17:30:00Z,900,false,,,,
N20270714-S002,N20270714,2027-07-14T17:45:00Z,900,false,,,,
N20270714-S003,N20270714,2027-07-14T18:00:00Z,900,false,,,,
N20270714-S004,N20270714,2027-07-14T18:15:00Z,900,false,,,,
N20270714-S005,N20270714,2027-07-14T18:30:00Z,900,false,,,,
N20270714-S006,N20270714,2027-07-14T18:45:00Z,900,false,,,,
N20270714-S007,N20270714,2027-07-14T19:00:00Z,900,false,,,,
N20270714-S008,N20270714,2027-07-14T19:15:00Z,900,false,,,,
N20270714-S009,N20270714,2027-07-14T19:30:00Z,900,false,,,,
N20270714-S010,N20270714,2027-07-14T19:45:00Z,900,false,,,,
N20270714-S011,N20270714,2027-07-14T20:00:00Z,900,false,,,,
N20270714-S012,N20270714,2027-07-14T20:15:00Z,900,true,0.985846,0.979328,1.093127,0.978609
N20270714-S013,N20270714,2027-07-14T20:30:00Z,900,true,1.005663,0.995511,1.094696,0.942189
N20270714-S014,N20270714,2027-07-14T20:45:00Z,900,true,0.980825,0.996854,1.103197,0.977211
N20270714-S015,N20270714,2027-07-14T21:00:00Z,900,true,0.960113,1.000000,1.099316,0.997232
N20270714-S016,N20270714,2027-07-14T21:15:00Z,900,false,,,,
N20270714-S017,N20270714,2027-07-14T21:30:00Z,900,false,,,,
N20270714-S018,N20270714,2027-07-14T21:45:00Z,900,false,,,,
N20270714-S019,N20270714,2027-07-14T22:00:00Z,900,false,,,,
N20270714-S020,N20270714,2027-07-14T22:15:00Z,900,true,0.957910,1.000000,1.048577,0.987523
N20270714-S021,N20270714,2027-07-14T22:30:00Z,900,true,0.991672,1.000000,1.037932,0.921071
N20270714-S022,N20270714,2027-07-14T22:45:00Z,900,true,0.976699,1.000000,1.064594,0.984593
N20270714-S023,N20270714,2027-07-14T23:00:00Z,900,true,0.984385,0.967737,1.035410,0.989744
N20270714-S024,N20270714,2027-07-14T23:15:00Z,900,true,1.011269,0.977747,1.056524,0.900228
N20270714-S025,N20270714,2027-07-14T23:30:00Z,900,true,1.012822,0.991073,1.038334,0.934479
N20270714-S026,N20270714,2027-07-14T23:45:00Z,900,true,0.932140,1.000000,1.017553,0.935456
N20270714-S027,N20270714,2027-07-15T00:00:00Z,900,true,0.947306,1.000000,1.017915,0.942150
N20270714-S028,N20270714,2027-07-15T00:15:00Z,900,true,0.885399,1.000000,1.012638,0.945327
N20270714-S029,N20270714,2027-07-15T00:30:00Z,900,true,0.942459,1.000000,1.019666,0.946433
N20270714-S030,N20270714,2027-07-15T00:45:00Z,900,true,0.927420,0.989973,1.041268,0.915099
N20270714-S031,N20270714,2027-07-15T01:00:00Z,900,true,0.916858,0.995511,1.046479,0.960036
N20270714-S032,N20270714,2027-07-15T01:15:00Z,900,true,0.953018,1.000000,1.048709,0.910494
N20270714-S033,N20270714,2027-07-15T01:30:00Z,900,true,0.918786,0.977305,1.048743,0.910452
N20270714-S034,N20270714,2027-07-15T01:45:00Z,900,true,0.904545,0.957644,1.051352,0.997245
N20270714-S035,N20270714,2027-07-15T02:00:00Z,900,true,0.959423,0.977946,1.055996,0.965883
N20270714-S036,N20270714,2027-07-15T02:15:00Z,900,false,,,,
N20270714-S037,N20270714,2027-07-15T02:30:00Z,900,false,,,,
N20270714-S038,N20270714,2027-07-15T02:45:00Z,900,false,,,,
N20270714-S039,N20270714,2027-07-15T03:00:00Z,900,false,,,,
N20270714-S040,N20270714,2027-07-15T03:15:00Z,900,false,,,,
N20270714-S041,N20270714,2027-07-15T03:30:00Z,900,false,,,,
N20270714-S042,N20270714,2027-07-15T03:45:00Z,900,true,0.917309,0.993765,1.047172,0.982478
N20270714-S043,N20270714,2027-07-15T04:00:00Z,900,true,0.930704,0.967092,1.093017,0.940119
N20270715-S001,N20270715,2027-07-15T17:30:00Z,900,true,1.015568,1.000000,1.032436,0.919103
N20270715-S002,N20270715,2027-07-15T17:45:00Z,900,true,1.026384,1.000000,1.070864,0.950009
N20270715-S003,N20270715,2027-07-15T18:00:00Z,900,true,0.999538,0.995729,1.054472,0.925189
N20270715-S004,N20270715,2027-07-15T18:15:00Z,900,true,1.015152,0.980304,1.062922,0.986570
N20270715-S005,N20270715,2027-07-15T18:30:00Z,900,true,1.013468,0.990543,1.079105,0.916049
N20270715-S006,N20270715,2027-07-15T18:45:00Z,900,true,1.036106,0.980173,1.089673,0.945041
N20270715-S007,N20270715,2027-07-15T19:00:00Z,900,true,1.022163,0.976599,1.083497,0.900282
N20270715-S008,N20270715,2027-07-15T19:15:00Z,900,true,0.998066,0.975624,1.071365,0.933556
N20270715-S009,N20270715,2027-07-15T19:30:00Z,900,true,0.927857,0.960612,1.078871,0.923935
N20270715-S010,N20270715,2027-07-15T19:45:00Z,900,true,0.881332,0.956329,1.076835,0.905937
N20270715-S011,N20270715,2027-07-15T20:00:00Z,900,true,0.909715,0.987560,1.021206,0.934537
N20270715-S012,N20270715,2027-07-15T20:15:00Z,900,true,0.884246,1.000000,1.041211,0.917465
N20270715-S013,N20270715,2027-07-15T20:30:00Z,900,true,0.889117,0.980847,1.057403,0.981282
N20270715-S014,N20270715,2027-07-15T20:45:00Z,900,true,0.937086,0.980528,1.051251,0.941330
N20270715-S015,N20270715,2027-07-15T21:00:00Z,900,true,0.906720,0.984096,1.023129,0.990375
N20270715-S016,N20270715,2027-07-15T21:15:00Z,900,true,0.929213,0.987915,1.031245,0.920571
N20270715-S017,N20270715,2027-07-15T21:30:00Z,900,true,0.910859,0.977137,1.041660,0.911298
N20270715-S018,N20270715,2027-07-15T21:45:00Z,900,true,0.883786,0.990064,1.051673,0.993406
N20270715-S019,N20270715,2027-07-15T22:00:00Z,900,true,0.893790,0.964969,1.069108,0.977993
N20270715-S020,N20270715,2027-07-15T22:15:00Z,900,true,0.945061,0.985362,1.040433,0.918210
N20270715-S021,N20270715,2027-07-15T22:30:00Z,900,true,0.926628,0.995307,1.061938,0.964397
N20270715-S022,N20270715,2027-07-15T22:45:00Z,900,true,0.926869,1.000000,1.064635,0.926869
N20270715-S023,N20270715,2027-07-15T23:00:00Z,900,true,0.955824,1.000000,1.046740,0.944110
N20270715-S024,N20270715,2027-07-15T23:15:00Z,900,true,1.001493,1.000000,1.058864,0.958093
N20270715-S025,N20270715,2027-07-15T23:30:00Z,900,true,1.021001,0.988520,1.039938,0.969705
N20270715-S026,N20270715,2027-07-15T23:45:00Z,900,true,1.015400,0.992974,1.063285,0.965190
N20270715-S027,N20270715,2027-07-16T00:00:00Z,900,true,1.043548,0.996971,1.064369,0.980585
N20270715-S028,N20270715,2027-07-16T00:15:00Z,900,true,1.063475,1.000000,1.072465,0.969707
N20270715-S029,N20270715,2027-07-16T00:30:00Z,900,true,1.067831,1.000000,1.049805,0.989241
N20270715-S030,N20270715,2027-07-16T00:45:00Z,900,true,1.042133,1.000000,1.034082,0.954521
N20270715-S031,N20270715,2027-07-16T01:00:00Z,900,false,,,,
N20270715-S032,N20270715,2027-07-16T01:15:00Z,900,false,,,,
N20270715-S033,N20270715,2027-07-16T01:30:00Z,900,true,1.099731,0.992191,1.015330,0.920845
N20270715-S034,N20270715,2027-07-16T01:45:00Z,900,true,1.110701,0.977678,1.057434,0.966839
N20270715-S035,N20270715,2027-07-16T02:00:00Z,900,true,1.091942,0.990620,1.021930,0.942485
N20270715-S036,N20270715,2027-07-16T02:15:00Z,900,true,1.057482,1.000000,1.040216,0.954828
N20270715-S037,N20270715,2027-07-16T02:30:00Z,900,true,1.092165,0.989899,1.050192,0.940047
N20270715-S038,N20270715,2027-07-16T02:45:00Z,900,true,1.158107,0.998944,1.040264,0.961280
N20270715-S039,N20270715,2027-07-16T03:00:00Z,900,true,1.186085,0.983238,1.022054,0.912318
N20270715-S040,N20270715,2027-07-16T03:15:00Z,900,true,1.178573,0.990582,1.036652,0.987174
N20270715-S041,N20270715,2027-07-16T03:30:00Z,900,true,1.170486,0.989760,1.031311,0.985340
N20270715-S042,N20270715,2027-07-16T03:45:00Z,900,true,1.119769,0.987407,1.057042,0.959398
N20270715-S043,N20270715,2027-07-16T04:00:00Z,900,true,1.138785,1.000000,1.077981,0.992392
N20270716-S001,N20270716,2027-07-16T17:30:00Z,900,true,1.150790,0.989488,1.067035,0.995889
N20270716-S002,N20270716,2027-07-16T17:45:00Z,900,true,1.198894,1.000000,1.020952,0.995808
N20270716-S003,N20270716,2027-07-16T18:00:00Z,900,true,1.158807,1.000000,1.012498,0.995319
N20270716-S004,N20270716,2027-07-16T18:15:00Z,900,true,1.180959,1.000000,1.024407,0.971436
N20270716-S005,N20270716,2027-07-16T18:30:00Z,900,true,1.371947,0.649194,0.745051,0.924172
N20270716-S006,N20270716,2027-07-16T18:45:00Z,900,true,1.395574,0.635785,0.773148,0.989525
N20270716-S007,N20270716,2027-07-16T19:00:00Z,900,true,1.427070,0.634482,0.764192,0.970813
N20270716-S008,N20270716,2027-07-16T19:15:00Z,900,true,1.342034,0.643727,0.756188,0.987948
N20270716-S009,N20270716,2027-07-16T19:30:00Z,900,true,1.325529,0.649194,0.769999,0.917608
N20270716-S010,N20270716,2027-07-16T19:45:00Z,900,true,1.353575,0.645845,0.774409,0.986614
N20270716-S011,N20270716,2027-07-16T20:00:00Z,900,true,1.359672,0.648914,0.783285,0.951492
N20270716-S012,N20270716,2027-07-16T20:15:00Z,900,true,1.431721,0.647081,0.764918,0.984750
N20270716-S013,N20270716,2027-07-16T20:30:00Z,900,true,1.478906,0.649194,0.776370,0.920179
N20270716-S014,N20270716,2027-07-16T20:45:00Z,900,true,1.462319,0.645741,0.758082,0.903269
N20270716-S015,N20270716,2027-07-16T21:00:00Z,900,true,1.418984,0.649194,0.748600,0.975818
N20270716-S016,N20270716,2027-07-16T21:15:00Z,900,true,1.348040,0.649194,0.746615,0.978625
N20270716-S017,N20270716,2027-07-16T21:30:00Z,900,true,1.389204,0.649194,0.745751,0.962723
N20270716-S018,N20270716,2027-07-16T21:45:00Z,900,true,1.366552,0.649194,0.740364,0.933592
N20270716-S019,N20270716,2027-07-16T22:00:00Z,900,true,1.155478,1.000000,1.041084,0.924681
N20270716-S020,N20270716,2027-07-16T22:15:00Z,900,true,1.126978,0.983355,1.047409,0.972420
N20270716-S021,N20270716,2027-07-16T22:30:00Z,900,true,1.142877,0.970665,1.060319,0.980292
N20270716-S022,N20270716,2027-07-16T22:45:00Z,900,true,1.163215,0.968433,1.047613,0.950386
N20270716-S023,N20270716,2027-07-16T23:00:00Z,900,true,1.235638,0.998506,1.067093,0.978953
N20270716-S024,N20270716,2027-07-16T23:15:00Z,900,true,1.215839,1.000000,1.050647,0.983817
N20270716-S025,N20270716,2027-07-16T23:30:00Z,900,true,1.215764,0.995518,1.085322,0.957259
N20270716-S026,N20270716,2027-07-16T23:45:00Z,900,true,1.214116,1.000000,1.084234,0.952145
N20270716-S027,N20270716,2027-07-17T00:00:00Z,900,true,1.225026,1.000000,1.073808,0.940846
N20270716-S028,N20270716,2027-07-17T00:15:00Z,900,true,1.257131,0.992449,1.071982,0.952854
N20270716-S029,N20270716,2027-07-17T00:30:00Z,900,true,1.246707,0.995868,1.065759,0.951756
N20270716-S030,N20270716,2027-07-17T00:45:00Z,900,true,1.214016,0.994237,1.060331,0.993407
N20270716-S031,N20270716,2027-07-17T01:00:00Z,900,true,1.280464,0.966656,1.069075,0.926486
N20270716-S032,N20270716,2027-07-17T01:15:00Z,900,true,1.301324,0.983191,1.043499,0.926441
N20270716-S033,N20270716,2027-07-17T01:30:00Z,900,true,1.329091,1.000000,1.042980,0.945497
N20270716-S034,N20270716,2027-07-17T01:45:00Z,900,true,1.343321,1.000000,1.030682,0.950181
N20270716-S035,N20270716,2027-07-17T02:00:00Z,900,true,1.304881,0.999075,1.014335,0.945998
N20270716-S036,N20270716,2027-07-17T02:15:00Z,900,true,1.314002,1.000000,0.990984,0.976467
N20270716-S037,N20270716,2027-07-17T02:30:00Z,900,true,1.275702,0.983552,0.981823,0.909501
N20270716-S038,N20270716,2027-07-17T02:45:00Z,900,true,1.255795,0.958503,0.994041,0.983904
N20270716-S039,N20270716,2027-07-17T03:00:00Z,900,true,1.251574,0.973091,1.002163,0.979054
N20270716-S040,N20270716,2027-07-17T03:15:00Z,900,true,1.198889,0.976109,1.024836,0.934016
N20270716-S041,N20270716,2027-07-17T03:30:00Z,900,true,1.113480,0.967093,1.016633,0.936072
N20270716-S042,N20270716,2027-07-17T03:45:00Z,900,true,1.119910,0.971098,0.986088,0.923720
N20270716-S043,N20270716,2027-07-17T04:00:00Z,900,true,1.071033,0.972199,0.962667,0.976285
N20270717-S001,N20270717,2027-07-17T17:30:00Z,900,true,1.100987,1.000000,1.048267,0.960409
N20270717-S002,N20270717,2027-07-17T17:45:00Z,900,true,1.046062,0.993774,1.018658,0.965004
N20270717-S003,N20270717,2027-07-17T18:00:00Z,900,true,1.023476,1.000000,1.021534,0.921917
N20270717-S004,N20270717,2027-07-17T18:15:00Z,900,true,1.060722,0.984309,1.072811,0.950034
N20270717-S005,N20270717,2027-07-17T18:30:00Z,900,true,1.044033,0.975338,1.059435,0.964034
N20270717-S006,N20270717,2027-07-17T18:45:00Z,900,true,1.060447,0.992594,1.058072,0.987532
N20270717-S007,N20270717,2027-07-17T19:00:00Z,900,true,1.058536,0.978312,1.054404,0.947610
N20270717-S008,N20270717,2027-07-17T19:15:00Z,900,true,1.042799,0.982479,1.086944,0.901942
N20270717-S009,N20270717,2027-07-17T19:30:00Z,900,true,1.091206,0.999477,1.096269,0.921702
N20270717-S010,N20270717,2027-07-17T19:45:00Z,900,true,1.063829,1.000000,1.083543,0.966521
N20270717-S011,N20270717,2027-07-17T20:00:00Z,900,true,1.054195,0.993777,1.089643,0.928542
N20270717-S012,N20270717,2027-07-17T20:15:00Z,900,true,1.081422,0.978578,1.081979,0.941902
N20270717-S013,N20270717,2027-07-17T20:30:00Z,900,true,1.117173,0.985773,1.095612,0.992665
N20270717-S014,N20270717,2027-07-17T20:45:00Z,900,true,1.065031,0.981399,1.090693,0.974575
N20270717-S015,N20270717,2027-07-17T21:00:00Z,900,true,1.050368,0.972382,1.075827,0.930918
N20270717-S016,N20270717,2027-07-17T21:15:00Z,900,true,1.007417,0.991816,1.062269,0.902706
N20270717-S017,N20270717,2027-07-17T21:30:00Z,900,true,1.044179,0.999495,1.049860,0.963059
N20270717-S018,N20270717,2027-07-17T21:45:00Z,900,true,1.031522,1.000000,1.046136,0.918324
N20270717-S019,N20270717,2027-07-17T22:00:00Z,900,true,1.139542,0.994623,1.035627,0.965164
N20270717-S020,N20270717,2027-07-17T22:15:00Z,900,true,1.092950,0.994909,1.048745,0.980287
N20270717-S021,N20270717,2027-07-17T22:30:00Z,900,true,1.082721,1.000000,1.037948,0.922211
N20270717-S022,N20270717,2027-07-17T22:45:00Z,900,true,1.059615,0.997571,1.046803,0.919423
N20270717-S023,N20270717,2027-07-17T23:00:00Z,900,true,1.019376,0.996015,1.027072,0.909275
N20270717-S024,N20270717,2027-07-17T23:15:00Z,900,true,1.031346,1.000000,1.048138,0.999659
N20270717-S025,N20270717,2027-07-17T23:30:00Z,900,true,1.059524,1.000000,1.061863,0.949869
N20270717-S026,N20270717,2027-07-17T23:45:00Z,900,true,1.079734,1.000000,1.043926,0.964275
N20270717-S027,N20270717,2027-07-18T00:00:00Z,900,true,1.102186,1.000000,1.038581,0.992687
N20270717-S028,N20270717,2027-07-18T00:15:00Z,900,true,1.115849,1.000000,1.032390,0.975885
N20270717-S029,N20270717,2027-07-18T00:30:00Z,900,true,1.044216,0.989811,1.014289,0.913871
N20270717-S030,N20270717,2027-07-18T00:45:00Z,900,true,1.075145,0.997260,0.998563,0.966159
N20270717-S031,N20270717,2027-07-18T01:00:00Z,900,true,1.029680,1.000000,1.027599,0.953546
N20270717-S032,N20270717,2027-07-18T01:15:00Z,900,true,1.063075,1.000000,1.036221,0.969350
N20270717-S033,N20270717,2027-07-18T01:30:00Z,900,true,1.039073,1.000000,1.027509,0.924926
N20270717-S034,N20270717,2027-07-18T01:45:00Z,900,true,1.023892,0.990594,1.044548,0.931575
N20270717-S035,N20270717,2027-07-18T02:00:00Z,900,true,0.989459,0.993567,1.023020,0.944211
N20270717-S036,N20270717,2027-07-18T02:15:00Z,900,true,1.028550,1.000000,1.037955,0.900168
N20270717-S037,N20270717,2027-07-18T02:30:00Z,900,true,1.053754,0.993902,1.037464,0.979441
N20270717-S038,N20270717,2027-07-18T02:45:00Z,900,true,1.058584,1.000000,1.017085,0.989424
N20270717-S039,N20270717,2027-07-18T03:00:00Z,900,true,1.100647,1.000000,1.016203,0.975500
N20270717-S040,N20270717,2027-07-18T03:15:00Z,900,true,1.084694,0.999747,1.026543,0.954392
N20270717-S041,N20270717,2027-07-18T03:30:00Z,900,true,1.101965,0.981501,1.002204,0.933390
N20270717-S042,N20270717,2027-07-18T03:45:00Z,900,false,,,,
N20270717-S043,N20270717,2027-07-18T04:00:00Z,900,false,,,,
N20270718-S001,N20270718,2027-07-18T17:30:00Z,900,false,,,,
N20270718-S002,N20270718,2027-07-18T17:45:00Z,900,false,,,,
N20270718-S003,N20270718,2027-07-18T18:00:00Z,900,false,,,,
N20270718-S004,N20270718,2027-07-18T18:15:00Z,900,false,,,,
N20270718-S005,N20270718,2027-07-18T18:30:00Z,900,false,,,,
N20270718-S006,N20270718,2027-07-18T18:45:00Z,900,false,,,,
N20270718-S007,N20270718,2027-07-18T19:00:00Z,900,false,,,,
N20270718-S008,N20270718,2027-07-18T19:15:00Z,900,false,,,,
N20270718-S009,N20270718,2027-07-18T19:30:00Z,900,true,0.954374,0.996880,0.941622,0.932333
N20270718-S010,N20270718,2027-07-18T19:45:00Z,900,true,1.009447,0.988939,0.935050,0.972318
N20270718-S011,N20270718,2027-07-18T20:00:00Z,900,true,0.998984,0.989384,0.900392,0.977474
N20270718-S012,N20270718,2027-07-18T20:15:00Z,900,true,1.023779,0.981578,0.932860,0.984228
N20270718-S013,N20270718,2027-07-18T20:30:00Z,900,true,1.066878,0.961343,0.938252,0.976454
N20270718-S014,N20270718,2027-07-18T20:45:00Z,900,true,1.039590,0.981314,0.947945,0.943117
N20270718-S015,N20270718,2027-07-18T21:00:00Z,900,true,1.075762,0.997967,0.923525,0.989909
N20270718-S016,N20270718,2027-07-18T21:15:00Z,900,true,1.075525,1.000000,0.944251,0.913392
N20270718-S017,N20270718,2027-07-18T21:30:00Z,900,true,1.029049,1.000000,0.964982,0.954890
N20270718-S018,N20270718,2027-07-18T21:45:00Z,900,true,1.036355,1.000000,0.967197,0.911560
N20270718-S019,N20270718,2027-07-18T22:00:00Z,900,true,1.026245,0.973604,0.968030,0.942951
N20270718-S020,N20270718,2027-07-18T22:15:00Z,900,true,1.035248,0.993334,0.976475,0.907631
N20270718-S021,N20270718,2027-07-18T22:30:00Z,900,true,1.077514,0.999661,0.962352,0.920137
N20270718-S022,N20270718,2027-07-18T22:45:00Z,900,true,1.052875,0.996769,0.954935,0.948205
N20270718-S023,N20270718,2027-07-18T23:00:00Z,900,true,1.126269,1.000000,0.949708,0.948347
N20270718-S024,N20270718,2027-07-18T23:15:00Z,900,true,1.009287,1.000000,0.949008,0.984186
N20270718-S025,N20270718,2027-07-18T23:30:00Z,900,true,1.026356,0.996309,0.935556,0.920057
N20270718-S026,N20270718,2027-07-18T23:45:00Z,900,true,0.990991,0.979308,0.957041,0.936044
N20270718-S027,N20270718,2027-07-19T00:00:00Z,900,true,0.971428,0.965650,0.944694,0.984094
N20270718-S028,N20270718,2027-07-19T00:15:00Z,900,true,0.977589,0.974248,0.968573,0.974444
N20270718-S029,N20270718,2027-07-19T00:30:00Z,900,true,1.012985,0.974968,0.972603,0.938248
N20270718-S030,N20270718,2027-07-19T00:45:00Z,900,true,1.049130,0.988134,0.967011,0.988709
N20270718-S031,N20270718,2027-07-19T01:00:00Z,900,true,0.987031,1.000000,0.969054,0.931427
N20270718-S032,N20270718,2027-07-19T01:15:00Z,900,true,0.943578,1.000000,0.953566,0.906200
N20270718-S033,N20270718,2027-07-19T01:30:00Z,900,true,0.944321,1.000000,0.911679,0.963826
N20270718-S034,N20270718,2027-07-19T01:45:00Z,900,true,0.948883,1.000000,0.942858,0.902994
N20270718-S035,N20270718,2027-07-19T02:00:00Z,900,true,0.965691,0.993278,0.963927,0.940392
N20270718-S036,N20270718,2027-07-19T02:15:00Z,900,true,0.964192,0.990875,0.973319,0.951752
N20270718-S037,N20270718,2027-07-19T02:30:00Z,900,true,0.909930,0.984493,0.982464,0.956946
N20270718-S038,N20270718,2027-07-19T02:45:00Z,900,true,0.922981,0.969181,0.962643,0.979588
N20270718-S039,N20270718,2027-07-19T03:00:00Z,900,true,0.942700,0.989731,0.985326,0.911122
N20270718-S040,N20270718,2027-07-19T03:15:00Z,900,true,0.917805,1.000000,0.993457,0.923390
N20270718-S041,N20270718,2027-07-19T03:30:00Z,900,true,0.886071,1.000000,1.002259,0.913017
N20270718-S042,N20270718,2027-07-19T03:45:00Z,900,true,0.830793,1.000000,0.977796,0.924470
N20270718-S043,N20270718,2027-07-19T04:00:00Z,900,true,0.843398,1.000000,1.015703,0.950997
N20270719-S001,N20270719,2027-07-19T17:30:00Z,900,true,1.015053,0.991204,1.067223,0.923359
N20270719-S002,N20270719,2027-07-19T17:45:00Z,900,true,1.019577,1.000000,1.042216,0.932488
N20270719-S003,N20270719,2027-07-19T18:00:00Z,900,true,1.003512,0.981801,1.045404,0.944746
N20270719-S004,N20270719,2027-07-19T18:15:00Z,900,true,1.051354,0.991308,1.069158,0.957108
N20270719-S005,N20270719,2027-07-19T18:30:00Z,900,true,1.052608,0.973568,1.072272,0.971092
N20270719-S006,N20270719,2027-07-19T18:45:00Z,900,true,1.027503,0.974488,1.030998,0.950726
N20270719-S007,N20270719,2027-07-19T19:00:00Z,900,true,1.045467,0.977825,1.023440,0.979947
N20270719-S008,N20270719,2027-07-19T19:15:00Z,900,true,1.024524,0.978500,1.031722,0.961460
N20270719-S009,N20270719,2027-07-19T19:30:00Z,900,true,1.033464,1.000000,1.035013,0.906313
N20270719-S010,N20270719,2027-07-19T19:45:00Z,900,true,0.996673,1.000000,1.019466,0.964303
N20270719-S011,N20270719,2027-07-19T20:00:00Z,900,false,,,,
N20270719-S012,N20270719,2027-07-19T20:15:00Z,900,false,,,,
N20270719-S013,N20270719,2027-07-19T20:30:00Z,900,false,,,,
N20270719-S014,N20270719,2027-07-19T20:45:00Z,900,false,,,,
N20270719-S015,N20270719,2027-07-19T21:00:00Z,900,false,,,,
N20270719-S016,N20270719,2027-07-19T21:15:00Z,900,false,,,,
N20270719-S017,N20270719,2027-07-19T21:30:00Z,900,false,,,,
N20270719-S018,N20270719,2027-07-19T21:45:00Z,900,false,,,,
N20270719-S019,N20270719,2027-07-19T22:00:00Z,900,false,,,,
N20270719-S020,N20270719,2027-07-19T22:15:00Z,900,false,,,,
N20270719-S021,N20270719,2027-07-19T22:30:00Z,900,false,,,,
N20270719-S022,N20270719,2027-07-19T22:45:00Z,900,true,0.961947,1.000000,1.006514,0.980256
N20270719-S023,N20270719,2027-07-19T23:00:00Z,900,true,1.000989,1.000000,0.990549,0.990248
N20270719-S024,N20270719,2027-07-19T23:15:00Z,900,true,1.015176,1.000000,1.011666,0.978515
N20270719-S025,N20270719,2027-07-19T23:30:00Z,900,true,1.040149,1.000000,0.984653,0.905443
N20270719-S026,N20270719,2027-07-19T23:45:00Z,900,true,1.110051,1.000000,0.989547,0.968423
N20270719-S027,N20270719,2027-07-20T00:00:00Z,900,true,1.128231,1.000000,0.977113,0.963666
N20270719-S028,N20270719,2027-07-20T00:15:00Z,900,true,1.071801,1.000000,0.989568,0.920404
N20270719-S029,N20270719,2027-07-20T00:30:00Z,900,true,1.130982,0.985971,0.963779,0.915626
N20270719-S030,N20270719,2027-07-20T00:45:00Z,900,true,1.103908,0.969456,0.968525,0.968284
N20270719-S031,N20270719,2027-07-20T01:00:00Z,900,true,1.126383,0.974506,0.957066,0.939478
N20270719-S032,N20270719,2027-07-20T01:15:00Z,900,true,1.066007,0.978464,0.965944,0.929193
N20270719-S033,N20270719,2027-07-20T01:30:00Z,900,true,1.035134,0.967897,0.972947,0.972190
N20270719-S034,N20270719,2027-07-20T01:45:00Z,900,true,1.059655,0.966887,0.998271,0.987782
N20270719-S035,N20270719,2027-07-20T02:00:00Z,900,true,1.060770,0.965521,0.984790,0.982986
N20270719-S036,N20270719,2027-07-20T02:15:00Z,900,true,1.102658,0.961829,0.988545,0.982526
N20270719-S037,N20270719,2027-07-20T02:30:00Z,900,true,1.106306,0.952304,0.992573,0.912428
N20270719-S038,N20270719,2027-07-20T02:45:00Z,900,true,1.110455,0.965345,1.006698,0.936620
N20270719-S039,N20270719,2027-07-20T03:00:00Z,900,true,1.048837,0.959487,1.018789,0.973922
N20270719-S040,N20270719,2027-07-20T03:15:00Z,900,true,1.112365,0.961646,1.023317,0.923866
N20270719-S041,N20270719,2027-07-20T03:30:00Z,900,true,1.101777,0.996356,1.014988,0.978851
N20270719-S042,N20270719,2027-07-20T03:45:00Z,900,true,1.128948,0.997136,0.989434,0.954377
N20270719-S043,N20270719,2027-07-20T04:00:00Z,900,true,1.070025,1.000000,0.999104,0.926183
N20270720-S001,N20270720,2027-07-20T17:30:00Z,900,true,1.055078,0.973006,1.101438,0.943307
N20270720-S002,N20270720,2027-07-20T17:45:00Z,900,true,1.036398,0.959990,1.126943,0.962427
N20270720-S003,N20270720,2027-07-20T18:00:00Z,900,true,1.019702,0.966217,1.122273,0.940324
N20270720-S004,N20270720,2027-07-20T18:15:00Z,900,true,0.979045,0.974500,1.097916,0.937341
N20270720-S005,N20270720,2027-07-20T18:30:00Z,900,true,0.963898,0.953056,1.089427,0.973633
N20270720-S006,N20270720,2027-07-20T18:45:00Z,900,true,0.958716,0.983829,1.090843,0.956005
N20270720-S007,N20270720,2027-07-20T19:00:00Z,900,true,0.944435,0.985950,1.087343,0.960255
N20270720-S008,N20270720,2027-07-20T19:15:00Z,900,true,0.960576,0.994572,1.079839,0.983907
N20270720-S009,N20270720,2027-07-20T19:30:00Z,900,true,0.937242,0.999915,1.075145,0.941020
N20270720-S010,N20270720,2027-07-20T19:45:00Z,900,true,0.976040,0.991761,1.078907,0.925745
N20270720-S011,N20270720,2027-07-20T20:00:00Z,900,true,0.975182,0.981243,1.077591,0.913429
N20270720-S012,N20270720,2027-07-20T20:15:00Z,900,true,1.005412,0.987016,1.053695,0.942301
N20270720-S013,N20270720,2027-07-20T20:30:00Z,900,true,0.994511,0.983278,1.039500,0.954195
N20270720-S014,N20270720,2027-07-20T20:45:00Z,900,true,0.935198,0.991014,1.046805,0.974517
N20270720-S015,N20270720,2027-07-20T21:00:00Z,900,true,0.902399,0.978855,1.017635,0.978465
N20270720-S016,N20270720,2027-07-20T21:15:00Z,900,true,0.907275,0.948796,1.048311,0.963334
N20270720-S017,N20270720,2027-07-20T21:30:00Z,900,true,0.934826,0.976457,1.052254,0.975196
N20270720-S018,N20270720,2027-07-20T21:45:00Z,900,true,0.934395,0.991999,1.064407,0.967021
N20270720-S019,N20270720,2027-07-20T22:00:00Z,900,true,0.869680,0.972581,1.084950,0.985295
N20270720-S020,N20270720,2027-07-20T22:15:00Z,900,true,0.918610,0.950331,1.092893,0.930954
N20270720-S021,N20270720,2027-07-20T22:30:00Z,900,true,0.926436,0.934937,1.110120,0.992213
N20270720-S022,N20270720,2027-07-20T22:45:00Z,900,true,0.963752,0.946270,1.119084,0.975619
N20270720-S023,N20270720,2027-07-20T23:00:00Z,900,true,0.936934,0.935205,1.129594,0.903282
N20270720-S024,N20270720,2027-07-20T23:15:00Z,900,true,0.970417,0.923782,1.159751,0.971422
N20270720-S025,N20270720,2027-07-20T23:30:00Z,900,true,1.005757,0.915686,1.163387,0.972404
N20270720-S026,N20270720,2027-07-20T23:45:00Z,900,true,0.987236,0.929717,1.162220,0.968842
N20270720-S027,N20270720,2027-07-21T00:00:00Z,900,true,0.970147,0.934730,1.194898,0.954828
N20270720-S028,N20270720,2027-07-21T00:15:00Z,900,true,0.953246,0.923574,1.171156,0.909695
N20270720-S029,N20270720,2027-07-21T00:30:00Z,900,true,0.987630,0.926397,1.159092,0.964672
N20270720-S030,N20270720,2027-07-21T00:45:00Z,900,true,0.935462,0.914499,1.158044,0.900259
N20270720-S031,N20270720,2027-07-21T01:00:00Z,900,true,0.906470,0.919967,1.180793,0.944293
N20270720-S032,N20270720,2027-07-21T01:15:00Z,900,true,0.963311,0.916133,1.164068,0.926219
N20270720-S033,N20270720,2027-07-21T01:30:00Z,900,true,0.966217,0.912367,1.153487,0.942798
N20270720-S034,N20270720,2027-07-21T01:45:00Z,900,true,0.961542,0.936655,1.177406,0.996226
N20270720-S035,N20270720,2027-07-21T02:00:00Z,900,true,0.892422,0.949969,1.143047,0.902126
N20270720-S036,N20270720,2027-07-21T02:15:00Z,900,true,0.998163,0.963821,1.125717,0.939267
N20270720-S037,N20270720,2027-07-21T02:30:00Z,900,true,0.957384,0.982298,1.108342,0.989683
N20270720-S038,N20270720,2027-07-21T02:45:00Z,900,true,0.967259,0.988263,1.112636,0.909031
N20270720-S039,N20270720,2027-07-21T03:00:00Z,900,true,0.947428,1.000000,1.125059,0.925848
N20270720-S040,N20270720,2027-07-21T03:15:00Z,900,true,0.923833,1.000000,1.131498,0.981348
N20270720-S041,N20270720,2027-07-21T03:30:00Z,900,true,0.969801,1.000000,1.127320,0.914763
N20270720-S042,N20270720,2027-07-21T03:45:00Z,900,true,0.949756,0.997205,1.124148,0.994406
N20270720-S043,N20270720,2027-07-21T04:00:00Z,900,true,0.903631,0.985550,1.117028,0.984554
N20270721-S001,N20270721,2027-07-21T17:30:00Z,900,true,0.917754,0.957631,1.139967,0.991508
N20270721-S002,N20270721,2027-07-21T17:45:00Z,900,true,0.906332,0.965646,1.151535,0.980441
N20270721-S003,N20270721,2027-07-21T18:00:00Z,900,true,0.960655,0.981093,1.149701,0.981948
N20270721-S004,N20270721,2027-07-21T18:15:00Z,900,true,0.976670,0.978829,1.142686,0.999357
N20270721-S005,N20270721,2027-07-21T18:30:00Z,900,true,0.944146,0.984848,1.134192,0.905572
N20270721-S006,N20270721,2027-07-21T18:45:00Z,900,true,0.897528,0.982257,1.140317,0.908566
N20270721-S007,N20270721,2027-07-21T19:00:00Z,900,true,0.864145,0.996064,1.109082,0.928851
N20270721-S008,N20270721,2027-07-21T19:15:00Z,900,true,0.889091,0.991259,1.091530,0.983682
N20270721-S009,N20270721,2027-07-21T19:30:00Z,900,true,0.819156,0.988888,1.093881,0.919137
N20270721-S010,N20270721,2027-07-21T19:45:00Z,900,true,0.818704,0.982862,1.088857,0.926082
N20270721-S011,N20270721,2027-07-21T20:00:00Z,900,true,0.855641,0.986663,1.122019,0.995175
N20270721-S012,N20270721,2027-07-21T20:15:00Z,900,true,0.869944,0.993565,1.122446,0.958437
N20270721-S013,N20270721,2027-07-21T20:30:00Z,900,true,0.874220,0.977233,1.096067,0.990063
N20270721-S014,N20270721,2027-07-21T20:45:00Z,900,true,0.841290,0.970389,1.094919,0.925399
N20270721-S015,N20270721,2027-07-21T21:00:00Z,900,true,0.909077,0.957223,1.099878,0.958017
N20270721-S016,N20270721,2027-07-21T21:15:00Z,900,true,0.855392,0.976677,1.109988,0.970845
N20270721-S017,N20270721,2027-07-21T21:30:00Z,900,true,0.859725,0.963609,1.095200,0.992072
N20270721-S018,N20270721,2027-07-21T21:45:00Z,900,true,0.898911,0.980908,1.082834,0.993268
N20270721-S019,N20270721,2027-07-21T22:00:00Z,900,true,0.927221,0.983900,1.081833,0.902259
N20270721-S020,N20270721,2027-07-21T22:15:00Z,900,true,0.925787,0.980591,1.078061,0.961514
N20270721-S021,N20270721,2027-07-21T22:30:00Z,900,true,0.890012,0.975956,1.072236,0.907638
N20270721-S022,N20270721,2027-07-21T22:45:00Z,900,true,0.914387,0.970794,1.051408,0.941725
N20270721-S023,N20270721,2027-07-21T23:00:00Z,900,true,0.922338,0.963454,1.099765,0.940556
N20270721-S024,N20270721,2027-07-21T23:15:00Z,900,true,0.922295,0.962930,1.105672,0.990819
N20270721-S025,N20270721,2027-07-21T23:30:00Z,900,true,0.959225,0.955757,1.110647,0.949675
N20270721-S026,N20270721,2027-07-21T23:45:00Z,900,true,0.920404,0.963738,1.095908,0.942656
N20270721-S027,N20270721,2027-07-22T00:00:00Z,900,true,0.884370,0.959874,1.075782,0.905500
N20270721-S028,N20270721,2027-07-22T00:15:00Z,900,true,0.829246,0.985999,1.085990,0.998014
N20270721-S029,N20270721,2027-07-22T00:30:00Z,900,true,0.896712,0.982416,1.086068,0.998144
N20270721-S030,N20270721,2027-07-22T00:45:00Z,900,true,0.844963,0.989287,1.077919,0.945502
N20270721-S031,N20270721,2027-07-22T01:00:00Z,900,true,0.887339,0.973611,1.076711,0.936225
N20270721-S032,N20270721,2027-07-22T01:15:00Z,900,true,0.820157,0.973212,1.091863,0.983748
N20270721-S033,N20270721,2027-07-22T01:30:00Z,900,true,0.795328,0.974697,1.099337,0.923731
N20270721-S034,N20270721,2027-07-22T01:45:00Z,900,true,0.792936,0.973502,1.143617,0.923797
N20270721-S035,N20270721,2027-07-22T02:00:00Z,900,true,0.849138,0.987440,1.138905,0.912722
N20270721-S036,N20270721,2027-07-22T02:15:00Z,900,true,0.890904,0.984019,1.118369,0.945099
N20270721-S037,N20270721,2027-07-22T02:30:00Z,900,true,0.940298,0.982725,1.099640,0.990198
N20270721-S038,N20270721,2027-07-22T02:45:00Z,900,true,0.970975,0.984040,1.122346,0.983757
N20270721-S039,N20270721,2027-07-22T03:00:00Z,900,true,0.966399,0.995814,1.116121,0.966190
N20270721-S040,N20270721,2027-07-22T03:15:00Z,900,true,0.940211,0.991372,1.133328,0.915429
N20270721-S041,N20270721,2027-07-22T03:30:00Z,900,true,0.953161,0.996008,1.142189,0.955667
N20270721-S042,N20270721,2027-07-22T03:45:00Z,900,true,0.912238,0.982251,1.147901,0.975749
N20270721-S043,N20270721,2027-07-22T04:00:00Z,900,true,0.916198,0.967647,1.116141,0.949361
N20270722-S001,N20270722,2027-07-22T17:30:00Z,900,true,1.033452,0.864512,1.074243,0.966536
N20270722-S002,N20270722,2027-07-22T17:45:00Z,900,true,1.062104,0.861377,1.074216,0.975027
N20270722-S003,N20270722,2027-07-22T18:00:00Z,900,true,1.037442,0.860279,1.087650,0.908711
N20270722-S004,N20270722,2027-07-22T18:15:00Z,900,true,1.025835,0.855218,1.067757,0.953427
N20270722-S005,N20270722,2027-07-22T18:30:00Z,900,true,1.001336,0.884460,1.065030,0.956899
N20270722-S006,N20270722,2027-07-22T18:45:00Z,900,true,0.969169,0.885342,1.048009,0.932377
N20270722-S007,N20270722,2027-07-22T19:00:00Z,900,true,0.938621,0.892730,1.049413,0.998960
N20270722-S008,N20270722,2027-07-22T19:15:00Z,900,true,0.925014,0.896197,1.061048,0.965681
N20270722-S009,N20270722,2027-07-22T19:30:00Z,900,true,0.926614,0.908755,1.080781,0.935400
N20270722-S010,N20270722,2027-07-22T19:45:00Z,900,true,0.975972,0.898811,1.084748,0.984833
N20270722-S011,N20270722,2027-07-22T20:00:00Z,900,true,0.981761,0.879196,1.082706,0.924425
N20270722-S012,N20270722,2027-07-22T20:15:00Z,900,true,0.986829,0.844651,1.082369,0.953836
N20270722-S013,N20270722,2027-07-22T20:30:00Z,900,true,1.008285,0.834096,1.081646,0.919782
N20270722-S014,N20270722,2027-07-22T20:45:00Z,900,true,1.054870,0.835616,1.060805,0.988378
N20270722-S015,N20270722,2027-07-22T21:00:00Z,900,true,0.983170,0.815429,1.069061,0.938261
N20270722-S016,N20270722,2027-07-22T21:15:00Z,900,true,0.963772,0.832760,1.061746,0.929778
N20270722-S017,N20270722,2027-07-22T21:30:00Z,900,true,0.992188,0.821688,1.072890,0.978245
N20270722-S018,N20270722,2027-07-22T21:45:00Z,900,true,0.984371,0.825304,1.071208,0.983099
N20270722-S019,N20270722,2027-07-22T22:00:00Z,900,true,0.930991,0.841723,1.074173,0.965716
N20270722-S020,N20270722,2027-07-22T22:15:00Z,900,true,0.902683,0.851751,1.039605,0.902895
N20270722-S021,N20270722,2027-07-22T22:30:00Z,900,true,0.941365,0.853626,1.034520,0.936356
N20270722-S022,N20270722,2027-07-22T22:45:00Z,900,true,0.880125,0.867917,1.045733,0.906690
N20270722-S023,N20270722,2027-07-22T23:00:00Z,900,true,0.798952,0.857366,1.050664,0.975790
N20270722-S024,N20270722,2027-07-22T23:15:00Z,900,true,0.868533,0.847577,1.053650,0.976060
N20270722-S025,N20270722,2027-07-22T23:30:00Z,900,true,0.888069,0.845057,1.058036,0.913430
N20270722-S026,N20270722,2027-07-22T23:45:00Z,900,true,0.948816,0.866180,1.032089,0.931090
N20270722-S027,N20270722,2027-07-23T00:00:00Z,900,true,0.968543,0.886140,1.062332,0.958543
N20270722-S028,N20270722,2027-07-23T00:15:00Z,900,true,0.941279,0.879190,1.041071,0.917781
N20270722-S029,N20270722,2027-07-23T00:30:00Z,900,true,1.031577,0.890005,1.022710,0.970164
N20270722-S030,N20270722,2027-07-23T00:45:00Z,900,true,0.996145,0.904541,1.011016,0.912376
N20270722-S031,N20270722,2027-07-23T01:00:00Z,900,true,1.022749,0.909953,1.039440,0.927042
N20270722-S032,N20270722,2027-07-23T01:15:00Z,900,true,1.096541,0.910181,1.075190,0.902316
N20270722-S033,N20270722,2027-07-23T01:30:00Z,900,true,1.056919,0.909260,1.083806,0.954422
N20270722-S034,N20270722,2027-07-23T01:45:00Z,900,true,1.024062,0.889055,1.095308,0.902306
N20270722-S035,N20270722,2027-07-23T02:00:00Z,900,true,0.977310,0.899110,1.087022,0.901559
N20270722-S036,N20270722,2027-07-23T02:15:00Z,900,true,0.977795,0.889472,1.077911,0.947110
N20270722-S037,N20270722,2027-07-23T02:30:00Z,900,true,1.009661,0.891850,1.090728,0.953168
N20270722-S038,N20270722,2027-07-23T02:45:00Z,900,true,1.026206,0.883277,1.089555,0.950853
N20270722-S039,N20270722,2027-07-23T03:00:00Z,900,true,0.999719,0.896799,1.067811,0.917273
N20270722-S040,N20270722,2027-07-23T03:15:00Z,900,false,,,,
N20270722-S041,N20270722,2027-07-23T03:30:00Z,900,false,,,,
N20270722-S042,N20270722,2027-07-23T03:45:00Z,900,false,,,,
N20270722-S043,N20270722,2027-07-23T04:00:00Z,900,true,1.043608,0.877249,1.070049,0.956275
N20270723-S001,N20270723,2027-07-23T17:30:00Z,900,true,1.174442,0.786979,1.012748,0.960502
N20270723-S002,N20270723,2027-07-23T17:45:00Z,900,true,1.229657,0.801141,0.985148,0.960886
N20270723-S003,N20270723,2027-07-23T18:00:00Z,900,true,1.191050,0.803219,0.986191,0.992070
N20270723-S004,N20270723,2027-07-23T18:15:00Z,900,true,1.190590,0.822121,1.022326,0.916835
N20270723-S005,N20270723,2027-07-23T18:30:00Z,900,true,1.211208,0.822411,1.048255,0.982987
N20270723-S006,N20270723,2027-07-23T18:45:00Z,900,true,1.167073,0.840299,1.029532,0.919008
N20270723-S007,N20270723,2027-07-23T19:00:00Z,900,true,1.234521,0.831383,1.033514,0.990585
N20270723-S008,N20270723,2027-07-23T19:15:00Z,900,true,1.182376,0.816012,1.056008,0.936721
N20270723-S009,N20270723,2027-07-23T19:30:00Z,900,true,1.156697,0.805302,1.069923,0.907502
N20270723-S010,N20270723,2027-07-23T19:45:00Z,900,true,1.157930,0.814189,1.087056,0.957432
N20270723-S011,N20270723,2027-07-23T20:00:00Z,900,true,1.179647,0.800618,1.109484,0.927027
N20270723-S012,N20270723,2027-07-23T20:15:00Z,900,true,1.195758,0.788567,1.112656,0.919312
N20270723-S013,N20270723,2027-07-23T20:30:00Z,900,true,1.148325,0.772469,1.138484,0.987321
N20270723-S014,N20270723,2027-07-23T20:45:00Z,900,true,1.188424,0.784518,1.119216,0.969124
N20270723-S015,N20270723,2027-07-23T21:00:00Z,900,true,1.237735,0.770833,1.110680,0.980050
N20270723-S016,N20270723,2027-07-23T21:15:00Z,900,true,1.205517,0.774205,1.079480,0.986574
N20270723-S017,N20270723,2027-07-23T21:30:00Z,900,true,1.157530,0.749879,1.090692,0.941603
N20270723-S018,N20270723,2027-07-23T21:45:00Z,900,true,1.150663,0.760828,1.088271,0.982409
N20270723-S019,N20270723,2027-07-23T22:00:00Z,900,true,1.159823,0.739033,1.089187,0.906598
N20270723-S020,N20270723,2027-07-23T22:15:00Z,900,true,1.125115,0.739181,1.072708,0.952975
N20270723-S021,N20270723,2027-07-23T22:30:00Z,900,true,1.112558,0.748657,1.084398,0.910292
N20270723-S022,N20270723,2027-07-23T22:45:00Z,900,true,1.071965,0.753109,1.077438,0.900071
N20270723-S023,N20270723,2027-07-23T23:00:00Z,900,true,1.118326,0.748534,1.057666,0.962234
N20270723-S024,N20270723,2027-07-23T23:15:00Z,900,true,1.120099,0.754580,1.057709,0.952025
N20270723-S025,N20270723,2027-07-23T23:30:00Z,900,true,1.169993,0.767761,1.046774,0.951885
N20270723-S026,N20270723,2027-07-23T23:45:00Z,900,true,1.165657,0.772187,1.066126,0.980391
N20270723-S027,N20270723,2027-07-24T00:00:00Z,900,true,1.125536,0.763500,1.057259,0.982518
N20270723-S028,N20270723,2027-07-24T00:15:00Z,900,true,1.124604,0.751870,1.057131,0.943446
N20270723-S029,N20270723,2027-07-24T00:30:00Z,900,true,1.154919,0.773227,1.071251,0.970283
N20270723-S030,N20270723,2027-07-24T00:45:00Z,900,true,1.190888,0.776833,1.042164,0.910725
N20270723-S031,N20270723,2027-07-24T01:00:00Z,900,true,1.200581,0.784761,1.016941,0.929430
N20270723-S032,N20270723,2027-07-24T01:15:00Z,900,true,1.205459,0.789503,1.032378,0.998587
N20270723-S033,N20270723,2027-07-24T01:30:00Z,900,true,1.198653,0.771679,1.051743,0.935730
N20270723-S034,N20270723,2027-07-24T01:45:00Z,900,true,1.179520,0.768913,1.025698,0.901850
N20270723-S035,N20270723,2027-07-24T02:00:00Z,900,true,1.114892,0.764381,1.048606,0.919035
N20270723-S036,N20270723,2027-07-24T02:15:00Z,900,true,1.127918,0.743816,1.067667,0.939367
N20270723-S037,N20270723,2027-07-24T02:30:00Z,900,true,1.136860,0.731347,1.062483,0.954787
N20270723-S038,N20270723,2027-07-24T02:45:00Z,900,true,1.144619,0.741115,1.038589,0.903341
N20270723-S039,N20270723,2027-07-24T03:00:00Z,900,true,1.164017,0.765954,1.018224,0.935405
N20270723-S040,N20270723,2027-07-24T03:15:00Z,900,true,1.184060,0.778267,1.018159,0.948217
N20270723-S041,N20270723,2027-07-24T03:30:00Z,900,true,1.180950,0.781781,1.038226,0.927810
N20270723-S042,N20270723,2027-07-24T03:45:00Z,900,true,1.111388,0.790680,1.051456,0.949445
N20270723-S043,N20270723,2027-07-24T04:00:00Z,900,true,1.125435,0.774394,1.078568,0.941155
N20270724-S001,N20270724,2027-07-24T17:30:00Z,900,true,1.329429,0.788287,1.031402,0.981409
N20270724-S002,N20270724,2027-07-24T17:45:00Z,900,false,,,,
N20270724-S003,N20270724,2027-07-24T18:00:00Z,900,false,,,,
N20270724-S004,N20270724,2027-07-24T18:15:00Z,900,false,,,,
N20270724-S005,N20270724,2027-07-24T18:30:00Z,900,false,,,,
N20270724-S006,N20270724,2027-07-24T18:45:00Z,900,false,,,,
N20270724-S007,N20270724,2027-07-24T19:00:00Z,900,false,,,,
N20270724-S008,N20270724,2027-07-24T19:15:00Z,900,false,,,,
N20270724-S009,N20270724,2027-07-24T19:30:00Z,900,false,,,,
N20270724-S010,N20270724,2027-07-24T19:45:00Z,900,false,,,,
N20270724-S011,N20270724,2027-07-24T20:00:00Z,900,false,,,,
N20270724-S012,N20270724,2027-07-24T20:15:00Z,900,false,,,,
N20270724-S013,N20270724,2027-07-24T20:30:00Z,900,false,,,,
N20270724-S014,N20270724,2027-07-24T20:45:00Z,900,false,,,,
N20270724-S015,N20270724,2027-07-24T21:00:00Z,900,false,,,,
N20270724-S016,N20270724,2027-07-24T21:15:00Z,900,false,,,,
N20270724-S017,N20270724,2027-07-24T21:30:00Z,900,true,1.338468,0.757633,0.987303,0.995463
N20270724-S018,N20270724,2027-07-24T21:45:00Z,900,true,1.280227,0.767182,0.987911,0.958006
N20270724-S019,N20270724,2027-07-24T22:00:00Z,900,true,1.220517,0.758278,1.008384,0.944735
N20270724-S020,N20270724,2027-07-24T22:15:00Z,900,true,1.254957,0.742021,0.997118,0.965904
N20270724-S021,N20270724,2027-07-24T22:30:00Z,900,true,1.266076,0.754038,0.963989,0.927359
N20270724-S022,N20270724,2027-07-24T22:45:00Z,900,true,1.310139,0.762664,0.974577,0.986005
N20270724-S023,N20270724,2027-07-24T23:00:00Z,900,true,1.298183,0.764611,0.951667,0.930035
N20270724-S024,N20270724,2027-07-24T23:15:00Z,900,true,1.263473,0.748853,0.972778,0.972519
N20270724-S025,N20270724,2027-07-24T23:30:00Z,900,true,1.269622,0.751814,0.964218,0.937806
N20270724-S026,N20270724,2027-07-24T23:45:00Z,900,true,1.320098,0.758700,0.968817,0.384037
N20270724-S027,N20270724,2027-07-25T00:00:00Z,900,true,1.291399,0.753313,0.965668,0.385983
N20270724-S028,N20270724,2027-07-25T00:15:00Z,900,true,1.323264,0.764623,1.001807,0.397973
N20270724-S029,N20270724,2027-07-25T00:30:00Z,900,true,1.246723,0.776242,1.006869,0.389226
N20270724-S030,N20270724,2027-07-25T00:45:00Z,900,true,1.228778,0.788836,1.011545,0.404938
N20270724-S031,N20270724,2027-07-25T01:00:00Z,900,true,1.195830,0.800072,1.007355,0.405201
N20270724-S032,N20270724,2027-07-25T01:15:00Z,900,true,1.200722,0.804571,0.989618,0.382114
N20270724-S033,N20270724,2027-07-25T01:30:00Z,900,true,1.170554,0.810153,1.043572,0.379612
N20270724-S034,N20270724,2027-07-25T01:45:00Z,900,true,1.190906,0.804920,1.054483,0.395816
N20270724-S035,N20270724,2027-07-25T02:00:00Z,900,true,1.211978,0.807164,1.064501,0.404658
N20270724-S036,N20270724,2027-07-25T02:15:00Z,900,true,1.254671,0.812063,1.043373,0.382839
N20270724-S037,N20270724,2027-07-25T02:30:00Z,900,true,1.245303,0.803576,1.048420,0.384326
N20270724-S038,N20270724,2027-07-25T02:45:00Z,900,true,1.295004,0.825701,1.043624,0.402886
N20270724-S039,N20270724,2027-07-25T03:00:00Z,900,true,1.306783,0.821571,1.066551,0.369675
N20270724-S040,N20270724,2027-07-25T03:15:00Z,900,true,1.287825,0.823535,1.044205,0.382123
N20270724-S041,N20270724,2027-07-25T03:30:00Z,900,true,1.268029,0.819693,1.049442,0.389459
N20270724-S042,N20270724,2027-07-25T03:45:00Z,900,true,1.324663,0.801488,1.036243,0.386089
N20270724-S043,N20270724,2027-07-25T04:00:00Z,900,true,1.330598,0.803313,1.047572,0.380489
N20270725-S001,N20270725,2027-07-25T17:30:00Z,900,true,1.409687,0.787197,0.985768,0.495279
N20270725-S002,N20270725,2027-07-25T17:45:00Z,900,true,1.408684,0.792382,0.991159,0.513399
N20270725-S003,N20270725,2027-07-25T18:00:00Z,900,true,1.430319,0.780771,1.005397,0.534230
N20270725-S004,N20270725,2027-07-25T18:15:00Z,900,true,1.457140,0.759450,0.981089,0.514597
N20270725-S005,N20270725,2027-07-25T18:30:00Z,900,true,1.487243,0.761176,0.966907,0.503978
N20270725-S006,N20270725,2027-07-25T18:45:00Z,900,true,1.420716,0.768328,0.946357,0.539233
N20270725-S007,N20270725,2027-07-25T19:00:00Z,900,true,1.463401,0.775315,0.968769,0.500787
N20270725-S008,N20270725,2027-07-25T19:15:00Z,900,true,1.485122,0.788116,0.987948,0.517651
N20270725-S009,N20270725,2027-07-25T19:30:00Z,900,true,1.424694,0.797571,1.020002,0.511256
N20270725-S010,N20270725,2027-07-25T19:45:00Z,900,true,1.478538,0.797852,1.006328,0.502364
N20270725-S011,N20270725,2027-07-25T20:00:00Z,900,true,1.460896,0.808174,0.993762,0.509109
N20270725-S012,N20270725,2027-07-25T20:15:00Z,900,true,1.447676,0.813991,0.984029,0.524451
N20270725-S013,N20270725,2027-07-25T20:30:00Z,900,true,1.396319,0.788516,0.959448,0.526015
N20270725-S014,N20270725,2027-07-25T20:45:00Z,900,true,1.448570,0.764644,0.960869,0.540075
N20270725-S015,N20270725,2027-07-25T21:00:00Z,900,true,1.435493,0.765542,0.962426,0.529476
N20270725-S016,N20270725,2027-07-25T21:15:00Z,900,true,1.422125,0.765790,0.953101,0.511501
N20270725-S017,N20270725,2027-07-25T21:30:00Z,900,true,1.415724,0.769982,0.974463,0.524782
N20270725-S018,N20270725,2027-07-25T21:45:00Z,900,true,1.389320,0.786696,0.991887,0.524213
N20270725-S019,N20270725,2027-07-25T22:00:00Z,900,true,1.414736,0.781064,0.958842,0.511983
N20270725-S020,N20270725,2027-07-25T22:15:00Z,900,true,1.436336,0.774612,0.971282,0.536759
N20270725-S021,N20270725,2027-07-25T22:30:00Z,900,true,1.386734,0.780159,0.966573,0.512430
N20270725-S022,N20270725,2027-07-25T22:45:00Z,900,true,1.335891,0.769689,1.011636,0.518515
N20270725-S023,N20270725,2027-07-25T23:00:00Z,900,true,1.344070,0.771107,0.989159,0.519535
N20270725-S024,N20270725,2027-07-25T23:15:00Z,900,true,1.335447,0.780054,0.978263,0.512667
N20270725-S025,N20270725,2027-07-25T23:30:00Z,900,true,1.353575,0.767128,0.994086,0.520500
N20270725-S026,N20270725,2027-07-25T23:45:00Z,900,true,1.442675,0.773719,0.975317,0.524053
N20270725-S027,N20270725,2027-07-26T00:00:00Z,900,true,1.407205,0.762436,0.957733,0.490075
N20270725-S028,N20270725,2027-07-26T00:15:00Z,900,true,1.389160,0.752059,0.958358,0.523812
N20270725-S029,N20270725,2027-07-26T00:30:00Z,900,true,1.353546,0.752956,0.948950,0.506313
N20270725-S030,N20270725,2027-07-26T00:45:00Z,900,true,1.307856,0.748287,0.963283,0.492415
N20270725-S031,N20270725,2027-07-26T01:00:00Z,900,true,1.294016,0.750408,0.997791,0.500887
N20270725-S032,N20270725,2027-07-26T01:15:00Z,900,true,1.309949,0.752511,0.993350,0.524423
N20270725-S033,N20270725,2027-07-26T01:30:00Z,900,true,1.319353,0.761953,1.014688,0.495143
N20270725-S034,N20270725,2027-07-26T01:45:00Z,900,true,1.358355,0.764373,0.994966,0.514755
N20270725-S035,N20270725,2027-07-26T02:00:00Z,900,true,1.358454,0.780460,1.006114,0.536801
N20270725-S036,N20270725,2027-07-26T02:15:00Z,900,true,1.349631,0.817965,1.003354,0.495183
N20270725-S037,N20270725,2027-07-26T02:30:00Z,900,true,1.412108,0.827013,1.008578,0.540341
N20270725-S038,N20270725,2027-07-26T02:45:00Z,900,true,1.437988,0.798932,0.987157,0.489133
N20270725-S039,N20270725,2027-07-26T03:00:00Z,900,true,1.452963,0.798183,0.993736,0.535138
N20270725-S040,N20270725,2027-07-26T03:15:00Z,900,true,1.440513,0.816641,1.017646,0.526025
N20270725-S041,N20270725,2027-07-26T03:30:00Z,900,true,1.466674,0.803771,1.035094,0.493295
N20270725-S042,N20270725,2027-07-26T03:45:00Z,900,true,1.537195,0.797249,1.055587,0.517390
N20270725-S043,N20270725,2027-07-26T04:00:00Z,900,true,1.567382,0.798713,1.044020,0.537979
N20270726-S001,N20270726,2027-07-26T17:30:00Z,900,true,1.380358,0.859759,0.996383,0.631217
N20270726-S002,N20270726,2027-07-26T17:45:00Z,900,true,1.351602,0.861774,0.990681,0.608507
N20270726-S003,N20270726,2027-07-26T18:00:00Z,900,true,1.421425,0.834406,0.996509,0.609812
N20270726-S004,N20270726,2027-07-26T18:15:00Z,900,true,1.397078,0.823138,0.972072,0.618009
N20270726-S005,N20270726,2027-07-26T18:30:00Z,900,true,1.398264,0.832582,0.985767,0.612552
N20270726-S006,N20270726,2027-07-26T18:45:00Z,900,true,1.368435,0.831668,0.973230,0.633627
N20270726-S007,N20270726,2027-07-26T19:00:00Z,900,true,1.321780,0.849914,0.977266,0.602071
N20270726-S008,N20270726,2027-07-26T19:15:00Z,900,true,1.361569,0.844340,0.966617,0.598397
N20270726-S009,N20270726,2027-07-26T19:30:00Z,900,true,1.369351,0.850587,0.994211,0.601580
N20270726-S010,N20270726,2027-07-26T19:45:00Z,900,true,1.384617,0.854813,0.990862,0.578142
N20270726-S011,N20270726,2027-07-26T20:00:00Z,900,true,1.341008,0.836864,0.980976,0.591020
N20270726-S012,N20270726,2027-07-26T20:15:00Z,900,true,1.326020,0.831281,0.940764,0.631528
N20270726-S013,N20270726,2027-07-26T20:30:00Z,900,true,1.342546,0.821926,0.948535,0.630889
N20270726-S014,N20270726,2027-07-26T20:45:00Z,900,true,1.388210,0.812021,0.979451,0.585450
N20270726-S015,N20270726,2027-07-26T21:00:00Z,900,true,1.365051,0.801890,0.987876,0.580545
N20270726-S016,N20270726,2027-07-26T21:15:00Z,900,true,1.390802,0.814346,0.982218,0.601116
N20270726-S017,N20270726,2027-07-26T21:30:00Z,900,true,1.403928,0.829002,0.973740,0.597419
N20270726-S018,N20270726,2027-07-26T21:45:00Z,900,true,1.402555,0.819782,0.975222,0.606336
N20270726-S019,N20270726,2027-07-26T22:00:00Z,900,true,1.411659,0.812642,0.976175,0.606191
N20270726-S020,N20270726,2027-07-26T22:15:00Z,900,true,1.378677,0.812174,0.948061,0.620578
N20270726-S021,N20270726,2027-07-26T22:30:00Z,900,true,1.385661,0.826948,0.945617,0.632448
N20270726-S022,N20270726,2027-07-26T22:45:00Z,900,true,1.376555,0.853736,0.962175,0.591674
N20270726-S023,N20270726,2027-07-26T23:00:00Z,900,true,1.348120,0.833958,0.939350,0.608613
N20270726-S024,N20270726,2027-07-26T23:15:00Z,900,true,1.335898,0.827907,0.950432,0.642015
N20270726-S025,N20270726,2027-07-26T23:30:00Z,900,true,1.347992,0.834597,0.953672,0.579477
N20270726-S026,N20270726,2027-07-26T23:45:00Z,900,true,1.388498,0.823078,0.957466,0.610029
N20270726-S027,N20270726,2027-07-27T00:00:00Z,900,true,1.389559,0.831181,0.988507,0.589742
N20270726-S028,N20270726,2027-07-27T00:15:00Z,900,true,1.361342,0.829099,1.004381,0.614394
N20270726-S029,N20270726,2027-07-27T00:30:00Z,900,true,1.365994,0.826896,1.020217,0.580300
N20270726-S030,N20270726,2027-07-27T00:45:00Z,900,true,1.338886,0.803405,1.025533,0.606379
N20270726-S031,N20270726,2027-07-27T01:00:00Z,900,true,1.358288,0.826695,1.031434,0.626510
N20270726-S032,N20270726,2027-07-27T01:15:00Z,900,true,1.351930,0.836014,1.030938,0.580111
N20270726-S033,N20270726,2027-07-27T01:30:00Z,900,true,1.284261,0.838974,1.009426,0.632008
N20270726-S034,N20270726,2027-07-27T01:45:00Z,900,true,1.338961,0.815271,0.984394,0.620936
N20270726-S035,N20270726,2027-07-27T02:00:00Z,900,true,1.302489,0.831747,0.995163,0.611970
N20270726-S036,N20270726,2027-07-27T02:15:00Z,900,true,1.301147,0.821715,1.002447,0.637455
N20270726-S037,N20270726,2027-07-27T02:30:00Z,900,true,1.348152,0.816730,0.998724,0.603724
N20270726-S038,N20270726,2027-07-27T02:45:00Z,900,true,1.325955,0.822455,0.990231,0.592169
N20270726-S039,N20270726,2027-07-27T03:00:00Z,900,true,1.396878,0.822070,0.970088,0.584522
N20270726-S040,N20270726,2027-07-27T03:15:00Z,900,true,1.468851,0.831226,0.974532,0.618703
N20270726-S041,N20270726,2027-07-27T03:30:00Z,900,true,1.443986,0.843950,0.977992,0.629335
N20270726-S042,N20270726,2027-07-27T03:45:00Z,900,true,1.491720,0.849942,0.976673,0.615306
N20270726-S043,N20270726,2027-07-27T04:00:00Z,900,false,,,,
N20270727-S001,N20270727,2027-07-27T17:30:00Z,900,true,1.311257,0.837922,1.112077,0.673806
N20270727-S002,N20270727,2027-07-27T17:45:00Z,900,true,1.350481,0.849520,1.106111,0.700958
N20270727-S003,N20270727,2027-07-27T18:00:00Z,900,true,1.356985,0.841130,1.076383,0.654779
N20270727-S004,N20270727,2027-07-27T18:15:00Z,900,true,1.353146,0.837950,1.068151,0.665826
N20270727-S005,N20270727,2027-07-27T18:30:00Z,900,true,1.352543,0.819916,1.067744,0.685131
N20270727-S006,N20270727,2027-07-27T18:45:00Z,900,true,1.355297,0.827551,1.063228,0.663416
N20270727-S007,N20270727,2027-07-27T19:00:00Z,900,true,1.357186,0.818887,1.040586,0.651780
N20270727-S008,N20270727,2027-07-27T19:15:00Z,900,true,1.309744,0.807725,1.019638,0.653712
N20270727-S009,N20270727,2027-07-27T19:30:00Z,900,true,1.348218,0.817437,0.990293,0.663984
N20270727-S010,N20270727,2027-07-27T19:45:00Z,900,true,1.403916,0.802298,0.997819,0.716195
N20270727-S011,N20270727,2027-07-27T20:00:00Z,900,true,1.418578,0.821660,1.008310,0.667487
N20270727-S012,N20270727,2027-07-27T20:15:00Z,900,true,1.414282,0.809618,0.991811,0.709297
N20270727-S013,N20270727,2027-07-27T20:30:00Z,900,true,1.412955,0.813267,1.054070,0.678801
N20270727-S014,N20270727,2027-07-27T20:45:00Z,900,true,1.390555,0.810529,1.067662,0.704711
N20270727-S015,N20270727,2027-07-27T21:00:00Z,900,true,1.373436,0.816602,1.067172,0.690060
N20270727-S016,N20270727,2027-07-27T21:15:00Z,900,true,1.281600,0.821022,1.059750,0.659703
N20270727-S017,N20270727,2027-07-27T21:30:00Z,900,true,1.259834,0.822950,1.039886,0.685694
N20270727-S018,N20270727,2027-07-27T21:45:00Z,900,true,1.291636,0.828186,1.041944,0.698991
N20270727-S019,N20270727,2027-07-27T22:00:00Z,900,true,1.297168,0.837350,1.035558,0.709762
N20270727-S020,N20270727,2027-07-27T22:15:00Z,900,true,1.310688,0.828145,1.028223,0.706057
N20270727-S021,N20270727,2027-07-27T22:30:00Z,900,true,1.249018,0.821515,1.042569,0.699841
N20270727-S022,N20270727,2027-07-27T22:45:00Z,900,true,1.247120,0.822256,1.019386,0.682067
N20270727-S023,N20270727,2027-07-27T23:00:00Z,900,true,1.230487,0.807435,1.026098,0.715507
N20270727-S024,N20270727,2027-07-27T23:15:00Z,900,true,1.248973,0.801195,1.026522,0.698359
N20270727-S025,N20270727,2027-07-27T23:30:00Z,900,true,1.248934,0.823878,1.030936,0.713889
N20270727-S026,N20270727,2027-07-27T23:45:00Z,900,true,1.285887,0.839179,1.056760,0.704831
N20270727-S027,N20270727,2027-07-28T00:00:00Z,900,true,1.294739,0.847579,1.085917,0.699209
N20270727-S028,N20270727,2027-07-28T00:15:00Z,900,true,1.242162,0.846691,1.083610,0.668042
N20270727-S029,N20270727,2027-07-28T00:30:00Z,900,true,1.222653,0.852814,1.086082,0.669135
N20270727-S030,N20270727,2027-07-28T00:45:00Z,900,true,1.222628,0.884250,1.100753,0.660454
N20270727-S031,N20270727,2027-07-28T01:00:00Z,900,true,1.238306,0.884271,1.098917,0.687845
N20270727-S032,N20270727,2027-07-28T01:15:00Z,900,true,1.279943,0.861044,1.073896,0.668023
N20270727-S033,N20270727,2027-07-28T01:30:00Z,900,true,1.295723,0.847592,1.076983,0.692069
N20270727-S034,N20270727,2027-07-28T01:45:00Z,900,true,1.295762,0.846940,1.071789,0.695621
N20270727-S035,N20270727,2027-07-28T02:00:00Z,900,true,1.308078,0.835779,1.065254,0.660020
N20270727-S036,N20270727,2027-07-28T02:15:00Z,900,true,1.293339,0.808716,1.089832,0.666535
N20270727-S037,N20270727,2027-07-28T02:30:00Z,900,true,1.280987,0.817457,1.091757,0.650585
N20270727-S038,N20270727,2027-07-28T02:45:00Z,900,true,1.301146,0.828722,1.058921,0.658528
N20270727-S039,N20270727,2027-07-28T03:00:00Z,900,true,1.352496,0.806922,1.076270,0.670720
N20270727-S040,N20270727,2027-07-28T03:15:00Z,900,true,1.346447,0.807737,1.105020,0.664788
N20270727-S041,N20270727,2027-07-28T03:30:00Z,900,true,1.340716,0.798076,1.122692,0.681070
N20270727-S042,N20270727,2027-07-28T03:45:00Z,900,true,1.369198,0.816639,1.130009,0.660397
N20270727-S043,N20270727,2027-07-28T04:00:00Z,900,true,1.394338,0.813169,1.109764,0.659735
N20270728-S001,N20270728,2027-07-28T17:45:00Z,900,true,1.264159,0.844224,1.012437,0.750289
N20270728-S002,N20270728,2027-07-28T18:00:00Z,900,true,1.214065,0.830925,1.005538,0.751082
N20270728-S003,N20270728,2027-07-28T18:15:00Z,900,true,1.230821,0.820562,1.010723,0.707845
N20270728-S004,N20270728,2027-07-28T18:30:00Z,900,true,1.188160,0.837075,1.004889,0.718336
N20270728-S005,N20270728,2027-07-28T18:45:00Z,900,true,1.177368,0.822485,1.026112,0.752742
N20270728-S006,N20270728,2027-07-28T19:00:00Z,900,true,1.210792,0.830997,1.050553,0.777540
N20270728-S007,N20270728,2027-07-28T19:15:00Z,900,true,1.252813,0.820904,1.046068,0.735544
N20270728-S008,N20270728,2027-07-28T19:30:00Z,900,true,1.222151,0.832100,1.048963,0.738372
N20270728-S009,N20270728,2027-07-28T19:45:00Z,900,true,1.241082,0.834859,1.045692,0.744818
N20270728-S010,N20270728,2027-07-28T20:00:00Z,900,true,1.267346,0.843708,1.072211,0.715419
N20270728-S011,N20270728,2027-07-28T20:15:00Z,900,true,1.210831,0.830001,1.049312,0.774202
N20270728-S012,N20270728,2027-07-28T20:30:00Z,900,true,1.215379,0.830955,1.062360,0.734569
N20270728-S013,N20270728,2027-07-28T20:45:00Z,900,true,1.253115,0.808382,1.050491,0.750076
N20270728-S014,N20270728,2027-07-28T21:00:00Z,900,true,1.267624,0.800730,1.047637,0.771077
N20270728-S015,N20270728,2027-07-28T21:15:00Z,900,true,1.293325,0.798776,1.039100,0.718070
N20270728-S016,N20270728,2027-07-28T21:30:00Z,900,true,1.239836,0.816772,1.034112,0.758971
N20270728-S017,N20270728,2027-07-28T21:45:00Z,900,true,1.220483,0.833422,1.053291,0.758134
N20270728-S018,N20270728,2027-07-28T22:00:00Z,900,false,,,,
N20270728-S019,N20270728,2027-07-28T22:15:00Z,900,false,,,,
N20270728-S020,N20270728,2027-07-28T22:30:00Z,900,false,,,,
N20270728-S021,N20270728,2027-07-28T22:45:00Z,900,false,,,,
N20270728-S022,N20270728,2027-07-28T23:00:00Z,900,false,,,,
N20270728-S023,N20270728,2027-07-28T23:15:00Z,900,false,,,,
N20270728-S024,N20270728,2027-07-28T23:30:00Z,900,false,,,,
N20270728-S025,N20270728,2027-07-28T23:45:00Z,900,false,,,,
N20270728-S026,N20270728,2027-07-29T00:00:00Z,900,false,,,,
N20270728-S027,N20270728,2027-07-29T00:15:00Z,900,false,,,,
N20270728-S028,N20270728,2027-07-29T00:30:00Z,900,false,,,,
N20270728-S029,N20270728,2027-07-29T00:45:00Z,900,false,,,,
N20270728-S030,N20270728,2027-07-29T01:00:00Z,900,false,,,,
N20270728-S031,N20270728,2027-07-29T01:15:00Z,900,false,,,,
N20270728-S032,N20270728,2027-07-29T01:30:00Z,900,false,,,,
N20270728-S033,N20270728,2027-07-29T01:45:00Z,900,false,,,,
N20270728-S034,N20270728,2027-07-29T02:00:00Z,900,false,,,,
N20270728-S035,N20270728,2027-07-29T02:15:00Z,900,false,,,,
N20270728-S036,N20270728,2027-07-29T02:30:00Z,900,false,,,,
N20270728-S037,N20270728,2027-07-29T02:45:00Z,900,false,,,,
N20270728-S038,N20270728,2027-07-29T03:00:00Z,900,false,,,,
N20270728-S039,N20270728,2027-07-29T03:15:00Z,900,false,,,,
N20270728-S040,N20270728,2027-07-29T03:30:00Z,900,false,,,,
N20270728-S041,N20270728,2027-07-29T03:45:00Z,900,false,,,,
N20270729-S001,N20270729,2027-07-29T17:45:00Z,900,false,,,,
N20270729-S002,N20270729,2027-07-29T18:00:00Z,900,false,,,,
N20270729-S003,N20270729,2027-07-29T18:15:00Z,900,false,,,,
N20270729-S004,N20270729,2027-07-29T18:30:00Z,900,false,,,,
N20270729-S005,N20270729,2027-07-29T18:45:00Z,900,false,,,,
N20270729-S006,N20270729,2027-07-29T19:00:00Z,900,false,,,,
N20270729-S007,N20270729,2027-07-29T19:15:00Z,900,false,,,,
N20270729-S008,N20270729,2027-07-29T19:30:00Z,900,false,,,,
N20270729-S009,N20270729,2027-07-29T19:45:00Z,900,false,,,,
N20270729-S010,N20270729,2027-07-29T20:00:00Z,900,false,,,,
N20270729-S011,N20270729,2027-07-29T20:15:00Z,900,false,,,,
N20270729-S012,N20270729,2027-07-29T20:30:00Z,900,false,,,,
N20270729-S013,N20270729,2027-07-29T20:45:00Z,900,false,,,,
N20270729-S014,N20270729,2027-07-29T21:00:00Z,900,false,,,,
N20270729-S015,N20270729,2027-07-29T21:15:00Z,900,false,,,,
N20270729-S016,N20270729,2027-07-29T21:30:00Z,900,true,1.158687,0.849330,0.977195,0.777051
N20270729-S017,N20270729,2027-07-29T21:45:00Z,900,true,1.173936,0.836306,0.979167,0.772133
N20270729-S018,N20270729,2027-07-29T22:00:00Z,900,true,1.139151,0.833061,0.990231,0.770324
N20270729-S019,N20270729,2027-07-29T22:15:00Z,900,true,1.068258,0.858180,0.946552,0.788923
N20270729-S020,N20270729,2027-07-29T22:30:00Z,900,true,1.040093,0.852466,0.941269,0.778004
N20270729-S021,N20270729,2027-07-29T22:45:00Z,900,true,1.079024,0.859845,0.968519,0.759930
N20270729-S022,N20270729,2027-07-29T23:00:00Z,900,true,1.073021,0.866456,0.987141,0.774461
N20270729-S023,N20270729,2027-07-29T23:15:00Z,900,true,1.107495,0.889655,0.979986,0.824660
N20270729-S024,N20270729,2027-07-29T23:30:00Z,900,true,1.101628,0.889671,0.988212,0.769233
N20270729-S025,N20270729,2027-07-29T23:45:00Z,900,true,1.149360,0.893523,0.975347,0.788628
N20270729-S026,N20270729,2027-07-30T00:00:00Z,900,true,1.179018,0.886107,0.991384,0.785565
N20270729-S027,N20270729,2027-07-30T00:15:00Z,900,true,1.208175,0.886124,0.969794,0.823450
N20270729-S028,N20270729,2027-07-30T00:30:00Z,900,true,1.210159,0.890819,0.992931,0.826955
N20270729-S029,N20270729,2027-07-30T00:45:00Z,900,true,1.229406,0.870381,0.991498,0.785842
N20270729-S030,N20270729,2027-07-30T01:00:00Z,900,true,1.250036,0.864611,0.997123,0.824194
N20270729-S031,N20270729,2027-07-30T01:15:00Z,900,true,1.278865,0.841388,1.012087,0.793907
N20270729-S032,N20270729,2027-07-30T01:30:00Z,900,true,1.211781,0.827963,1.036016,0.825449
N20270729-S033,N20270729,2027-07-30T01:45:00Z,900,true,1.243300,0.833537,1.039680,0.764721
N20270729-S034,N20270729,2027-07-30T02:00:00Z,900,true,1.276195,0.807078,1.011185,0.800272
N20270729-S035,N20270729,2027-07-30T02:15:00Z,900,true,1.214056,0.813349,1.000364,0.759597
N20270729-S036,N20270729,2027-07-30T02:30:00Z,900,true,1.172626,0.826966,0.994779,0.770137
N20270729-S037,N20270729,2027-07-30T02:45:00Z,900,true,1.162782,0.828239,1.002419,0.747961
N20270729-S038,N20270729,2027-07-30T03:00:00Z,900,true,1.146392,0.824066,1.004765,0.758260
N20270729-S039,N20270729,2027-07-30T03:15:00Z,900,true,1.159343,0.821482,1.009054,0.802421
N20270729-S040,N20270729,2027-07-30T03:30:00Z,900,true,1.164999,0.832085,0.984624,0.810612
N20270729-S041,N20270729,2027-07-30T03:45:00Z,900,true,1.154992,0.830833,0.986174,0.770345
N20270730-S001,N20270730,2027-07-30T17:45:00Z,900,true,1.244174,0.917809,1.044092,0.782317
N20270730-S002,N20270730,2027-07-30T18:00:00Z,900,true,1.232969,0.927119,1.024634,0.834186
N20270730-S003,N20270730,2027-07-30T18:15:00Z,900,true,1.229915,0.919249,0.997695,0.857004
N20270730-S004,N20270730,2027-07-30T18:30:00Z,900,true,1.192749,0.894356,1.004058,0.816737
N20270730-S005,N20270730,2027-07-30T18:45:00Z,900,true,1.187032,0.894349,0.976911,0.836840
N20270730-S006,N20270730,2027-07-30T19:00:00Z,900,true,1.187460,0.899379,0.980807,0.802336
N20270730-S007,N20270730,2027-07-30T19:15:00Z,900,true,1.254693,0.880708,0.973819,0.850877
N20270730-S008,N20270730,2027-07-30T19:30:00Z,900,true,1.239507,0.891162,0.966346,0.784322
N20270730-S009,N20270730,2027-07-30T19:45:00Z,900,true,1.282178,0.891041,0.955953,0.797865
N20270730-S010,N20270730,2027-07-30T20:00:00Z,900,true,1.256745,0.914174,0.949711,0.828090
N20270730-S011,N20270730,2027-07-30T20:15:00Z,900,true,1.217841,0.912296,0.935639,0.804564
N20270730-S012,N20270730,2027-07-30T20:30:00Z,900,true,1.179025,0.905224,0.919426,0.795529
N20270730-S013,N20270730,2027-07-30T20:45:00Z,900,true,1.142076,0.910660,0.920348,0.853832
N20270730-S014,N20270730,2027-07-30T21:00:00Z,900,true,1.160761,0.908636,0.936546,0.847967
N20270730-S015,N20270730,2027-07-30T21:15:00Z,900,true,1.201244,0.943028,0.943309,0.799161
N20270730-S016,N20270730,2027-07-30T21:30:00Z,900,true,1.211985,0.936380,0.917012,0.811373
N20270730-S017,N20270730,2027-07-30T21:45:00Z,900,true,1.198046,0.929930,0.932355,0.786365
N20270730-S018,N20270730,2027-07-30T22:00:00Z,900,true,1.201323,0.947150,0.940917,0.852354
N20270730-S019,N20270730,2027-07-30T22:15:00Z,900,true,1.234697,0.929994,0.909280,0.834709
N20270730-S020,N20270730,2027-07-30T22:30:00Z,900,true,1.255942,0.920006,0.943196,0.836983
N20270730-S021,N20270730,2027-07-30T22:45:00Z,900,true,1.220265,0.930835,0.965445,0.826092
N20270730-S022,N20270730,2027-07-30T23:00:00Z,900,true,1.177008,0.922253,0.985442,0.838455
N20270730-S023,N20270730,2027-07-30T23:15:00Z,900,true,1.192895,0.932544,0.965640,0.798090
N20270730-S024,N20270730,2027-07-30T23:30:00Z,900,true,1.195772,0.923751,1.004817,0.863195
N20270730-S025,N20270730,2027-07-30T23:45:00Z,900,true,1.212358,0.903851,1.014114,0.800407
N20270730-S026,N20270730,2027-07-31T00:00:00Z,900,true,1.185361,0.886107,1.048022,0.866406
N20270730-S027,N20270730,2027-07-31T00:15:00Z,900,true,1.179704,0.877169,1.055267,0.791569
N20270730-S028,N20270730,2027-07-31T00:30:00Z,900,true,1.195596,0.893704,1.040162,0.792942
N20270730-S029,N20270730,2027-07-31T00:45:00Z,900,true,1.244579,0.890014,1.057587,0.797314
N20270730-S030,N20270730,2027-07-31T01:00:00Z,900,true,1.203488,0.908021,1.067979,0.859333
N20270730-S031,N20270730,2027-07-31T01:15:00Z,900,true,1.198517,0.902598,1.055866,0.821868
N20270730-S032,N20270730,2027-07-31T01:30:00Z,900,true,1.214854,0.893724,1.058224,0.848304
N20270730-S033,N20270730,2027-07-31T01:45:00Z,900,true,1.219289,0.907403,1.031132,0.817131
N20270730-S034,N20270730,2027-07-31T02:00:00Z,900,true,1.251048,0.910720,1.009748,0.854751
N20270730-S035,N20270730,2027-07-31T02:15:00Z,900,true,1.257072,0.902136,1.003419,0.808776
N20270730-S036,N20270730,2027-07-31T02:30:00Z,900,true,1.313910,0.927294,0.993227,0.792454
N20270730-S037,N20270730,2027-07-31T02:45:00Z,900,true,1.307068,0.915334,0.989188,0.786269
N20270730-S038,N20270730,2027-07-31T03:00:00Z,900,true,1.288462,0.933104,0.986186,0.786072
N20270730-S039,N20270730,2027-07-31T03:15:00Z,900,true,1.250105,0.932854,0.988517,0.838526
N20270730-S040,N20270730,2027-07-31T03:30:00Z,900,true,1.239137,0.927520,0.977813,0.815016
N20270730-S041,N20270730,2027-07-31T03:45:00Z,900,true,1.212022,0.947175,0.978010,0.806927
N20270731-S001,N20270731,2027-07-31T17:45:00Z,900,true,1.242508,0.911205,1.030637,0.889075
N20270731-S002,N20270731,2027-07-31T18:00:00Z,900,true,1.224138,0.904069,1.028566,0.885502
N20270731-S003,N20270731,2027-07-31T18:15:00Z,900,true,1.210174,0.893189,1.039764,0.881873
N20270731-S004,N20270731,2027-07-31T18:30:00Z,900,true,1.182538,0.885151,1.038035,0.873914
N20270731-S005,N20270731,2027-07-31T18:45:00Z,900,true,1.221697,0.883552,1.041346,0.888397
N20270731-S006,N20270731,2027-07-31T19:00:00Z,900,true,1.237617,0.878497,1.052932,0.861335
N20270731-S007,N20270731,2027-07-31T19:15:00Z,900,true,1.201046,0.903819,1.067351,0.873555
N20270731-S008,N20270731,2027-07-31T19:30:00Z,900,true,1.212704,0.915831,1.098979,0.892175
N20270731-S009,N20270731,2027-07-31T19:45:00Z,900,true,1.243981,0.918696,1.076015,0.867031
N20270731-S010,N20270731,2027-07-31T20:00:00Z,900,true,1.260992,0.904016,1.070416,0.887316
N20270731-S011,N20270731,2027-07-31T20:15:00Z,900,true,1.284100,0.906889,1.056950,0.809183
N20270731-S012,N20270731,2027-07-31T20:30:00Z,900,true,1.283400,0.913036,1.055017,0.812904
N20270731-S013,N20270731,2027-07-31T20:45:00Z,900,true,1.237471,0.894922,1.054210,0.892616
N20270731-S014,N20270731,2027-07-31T21:00:00Z,900,true,1.261926,0.904186,1.074339,0.882295
N20270731-S015,N20270731,2027-07-31T21:15:00Z,900,true,1.273283,0.908551,1.089092,0.839380
N20270731-S016,N20270731,2027-07-31T21:30:00Z,900,true,1.213889,0.905306,1.082046,0.859033
N20270731-S017,N20270731,2027-07-31T21:45:00Z,900,true,1.264549,0.889385,1.077013,0.893061
N20270731-S018,N20270731,2027-07-31T22:00:00Z,900,true,1.270473,0.893904,1.083281,0.844503
N20270731-S019,N20270731,2027-07-31T22:15:00Z,900,true,1.309062,0.877869,1.068131,0.878582
N20270731-S020,N20270731,2027-07-31T22:30:00Z,900,true,1.340779,0.878152,1.085566,0.893631
N20270731-S021,N20270731,2027-07-31T22:45:00Z,900,true,1.335719,0.876378,1.100051,0.819861
N20270731-S022,N20270731,2027-07-31T23:00:00Z,900,true,1.268758,0.893046,1.087225,0.871964
N20270731-S023,N20270731,2027-07-31T23:15:00Z,900,true,1.286168,0.892098,1.065335,0.813937
N20270731-S024,N20270731,2027-07-31T23:30:00Z,900,true,1.242223,0.894142,1.082925,0.867237
N20270731-S025,N20270731,2027-07-31T23:45:00Z,900,true,1.200026,0.897162,1.080304,0.831586
N20270731-S026,N20270731,2027-08-01T00:00:00Z,900,true,1.229781,0.906635,1.063580,0.863108
N20270731-S027,N20270731,2027-08-01T00:15:00Z,900,true,1.190788,0.896310,1.050122,0.877399
N20270731-S028,N20270731,2027-08-01T00:30:00Z,900,true,1.180941,0.901829,1.071946,0.812628
N20270731-S029,N20270731,2027-08-01T00:45:00Z,900,true,1.214358,0.903566,1.069805,0.817213
N20270731-S030,N20270731,2027-08-01T01:00:00Z,900,true,1.290926,0.903500,1.085930,0.829303
N20270731-S031,N20270731,2027-08-01T01:15:00Z,900,true,1.277295,0.904578,1.045837,0.895688
N20270731-S032,N20270731,2027-08-01T01:30:00Z,900,true,1.293825,0.915213,1.057158,0.872904
N20270731-S033,N20270731,2027-08-01T01:45:00Z,900,true,1.229205,0.918022,1.062049,0.871296
N20270731-S034,N20270731,2027-08-01T02:00:00Z,900,true,1.256663,0.916434,1.085949,0.871484
N20270731-S035,N20270731,2027-08-01T02:15:00Z,900,true,1.271841,0.913435,1.101034,0.824585
N20270731-S036,N20270731,2027-08-01T02:30:00Z,900,true,1.268098,0.905258,1.087623,0.830270
N20270731-S037,N20270731,2027-08-01T02:45:00Z,900,true,1.273729,0.888536,1.075936,0.813394
N20270731-S038,N20270731,2027-08-01T03:00:00Z,900,true,1.299308,0.885229,1.060952,0.846421
N20270731-S039,N20270731,2027-08-01T03:15:00Z,900,true,1.288338,0.885235,1.078116,0.821159
N20270731-S040,N20270731,2027-08-01T03:30:00Z,900,true,1.282985,0.876926,1.086946,0.830650
N20270731-S041,N20270731,2027-08-01T03:45:00Z,900,true,1.303243,0.873857,1.043855,0.820329
N20270801-S001,N20270801,2027-08-01T17:45:00Z,900,true,0.979198,0.940905,0.883669,0.864502
N20270801-S002,N20270801,2027-08-01T18:00:00Z,900,true,1.007007,0.927548,0.888946,0.913356
N20270801-S003,N20270801,2027-08-01T18:15:00Z,900,true,0.972620,0.931996,0.896491,0.900378
N20270801-S004,N20270801,2027-08-01T18:30:00Z,900,true,0.945267,0.923817,0.877296,0.895086
N20270801-S005,N20270801,2027-08-01T18:45:00Z,900,true,0.886153,0.915470,0.894477,0.862307
N20270801-S006,N20270801,2027-08-01T19:00:00Z,900,true,0.913113,0.931552,0.912717,0.894045
N20270801-S007,N20270801,2027-08-01T19:15:00Z,900,true,0.929019,0.945753,0.877894,0.842270
N20270801-S008,N20270801,2027-08-01T19:30:00Z,900,true,0.931861,0.948103,0.899168,0.848504
N20270801-S009,N20270801,2027-08-01T19:45:00Z,900,true,0.976087,0.958719,0.920895,0.828382
N20270801-S010,N20270801,2027-08-01T20:00:00Z,900,true,0.968167,0.950510,0.930703,0.859396
N20270801-S011,N20270801,2027-08-01T20:15:00Z,900,true,0.959230,0.948975,0.932748,0.855848
N20270801-S012,N20270801,2027-08-01T20:30:00Z,900,true,0.931462,0.937693,0.944488,0.838291
N20270801-S013,N20270801,2027-08-01T20:45:00Z,900,true,0.922913,0.930469,0.951076,0.830872
N20270801-S014,N20270801,2027-08-01T21:00:00Z,900,true,0.927804,0.932225,0.945114,0.875316
N20270801-S015,N20270801,2027-08-01T21:15:00Z,900,true,1.101342,0.562814,0.646311,0.913367
N20270801-S016,N20270801,2027-08-01T21:30:00Z,900,true,1.109628,0.561069,0.640726,0.840996
N20270801-S017,N20270801,2027-08-01T21:45:00Z,900,true,1.161212,0.563685,0.641438,0.853688
N20270801-S018,N20270801,2027-08-01T22:00:00Z,900,true,1.198711,0.562152,0.648211,0.910916
N20270801-S019,N20270801,2027-08-01T22:15:00Z,900,true,1.222008,0.558393,0.638630,0.876698
N20270801-S020,N20270801,2027-08-01T22:30:00Z,900,true,1.294891,0.562275,0.638525,0.913436
N20270801-S021,N20270801,2027-08-01T22:45:00Z,900,true,1.346952,0.568791,0.637598,0.858569
N20270801-S022,N20270801,2027-08-01T23:00:00Z,900,true,1.345205,0.575811,0.605658,0.908486
N20270801-S023,N20270801,2027-08-01T23:15:00Z,900,true,1.446685,0.574298,0.589281,0.858495
N20270801-S024,N20270801,2027-08-01T23:30:00Z,900,true,1.397871,0.586299,0.583519,0.909585
N20270801-S025,N20270801,2027-08-01T23:45:00Z,900,true,1.370516,0.570478,0.563382,0.836423
N20270801-S026,N20270801,2027-08-02T00:00:00Z,900,true,1.321823,0.579915,0.568652,0.872447
N20270801-S027,N20270801,2027-08-02T00:15:00Z,900,true,1.356590,0.565484,0.572892,0.916614
N20270801-S028,N20270801,2027-08-02T00:30:00Z,900,true,1.308224,0.566410,0.587885,0.870573
N20270801-S029,N20270801,2027-08-02T00:45:00Z,900,true,1.253202,0.578494,0.602064,0.859812
N20270801-S030,N20270801,2027-08-02T01:00:00Z,900,true,1.258135,0.590072,0.606751,0.862950
N20270801-S031,N20270801,2027-08-02T01:15:00Z,900,true,1.275118,0.605907,0.624799,0.905292
N20270801-S032,N20270801,2027-08-02T01:30:00Z,900,true,1.219764,0.612150,0.598178,0.892447
N20270801-S033,N20270801,2027-08-02T01:45:00Z,900,true,1.251292,0.612150,0.589615,0.898892
N20270801-S034,N20270801,2027-08-02T02:00:00Z,900,true,1.184800,0.596780,0.597862,0.912212
N20270801-S035,N20270801,2027-08-02T02:15:00Z,900,true,1.209895,0.604482,0.614701,0.861517
N20270801-S036,N20270801,2027-08-02T02:30:00Z,900,true,1.222574,0.607801,0.606459,0.855525
N20270801-S037,N20270801,2027-08-02T02:45:00Z,900,true,1.180725,0.603081,0.593030,0.909822
N20270801-S038,N20270801,2027-08-02T03:00:00Z,900,true,1.188636,0.593880,0.576095,0.907135
N20270801-S039,N20270801,2027-08-02T03:15:00Z,900,true,1.177086,0.589956,0.596898,0.862608
N20270801-S040,N20270801,2027-08-02T03:30:00Z,900,true,1.214026,0.583435,0.603143,0.888072
N20270801-S041,N20270801,2027-08-02T03:45:00Z,900,true,1.268480,0.572797,0.585378,0.847188
N20270802-S001,N20270802,2027-08-02T17:45:00Z,900,true,1.489767,0.563241,0.601523,0.850819
N20270802-S002,N20270802,2027-08-02T18:00:00Z,900,true,1.255501,0.918543,0.835379,0.856754
N20270802-S003,N20270802,2027-08-02T18:15:00Z,900,true,1.245948,0.909926,0.841639,0.907157
N20270802-S004,N20270802,2027-08-02T18:30:00Z,900,true,1.230131,0.906148,0.836420,0.915864
N20270802-S005,N20270802,2027-08-02T18:45:00Z,900,true,1.235051,0.892666,0.844873,0.896977
N20270802-S006,N20270802,2027-08-02T19:00:00Z,900,true,1.195098,0.864066,0.851552,0.929144
N20270802-S007,N20270802,2027-08-02T19:15:00Z,900,true,1.213812,0.871188,0.828743,0.898456
N20270802-S008,N20270802,2027-08-02T19:30:00Z,900,true,1.236571,0.861226,0.820815,0.937454
N20270802-S009,N20270802,2027-08-02T19:45:00Z,900,true,1.221077,0.868342,0.837234,0.933653
N20270802-S010,N20270802,2027-08-02T20:00:00Z,900,true,1.185924,0.871472,0.848085,0.856993
N20270802-S011,N20270802,2027-08-02T20:15:00Z,900,true,1.143575,0.884453,0.824367,0.858449
N20270802-S012,N20270802,2027-08-02T20:30:00Z,900,true,1.159456,0.897936,0.823587,0.904110
N20270802-S013,N20270802,2027-08-02T20:45:00Z,900,true,1.159140,0.879069,0.810736,0.928203
N20270802-S014,N20270802,2027-08-02T21:00:00Z,900,true,1.137700,0.920517,0.829282,0.867757
N20270802-S015,N20270802,2027-08-02T21:15:00Z,900,true,1.112659,0.897253,0.834495,0.864192
N20270802-S016,N20270802,2027-08-02T21:30:00Z,900,true,1.128984,0.891769,0.842165,0.897234
N20270802-S017,N20270802,2027-08-02T21:45:00Z,900,true,1.130699,0.894422,0.811682,0.855278
N20270802-S018,N20270802,2027-08-02T22:00:00Z,900,true,1.097597,0.901950,0.836017,0.853209
N20270802-S019,N20270802,2027-08-02T22:15:00Z,900,true,1.063686,0.901644,0.837679,0.873867
N20270802-S020,N20270802,2027-08-02T22:30:00Z,900,true,1.122016,0.915076,0.838797,0.909058
N20270802-S021,N20270802,2027-08-02T22:45:00Z,900,true,1.116779,0.903262,0.845473,0.887020
N20270802-S022,N20270802,2027-08-02T23:00:00Z,900,true,1.151838,0.902489,0.821922,0.882470
N20270802-S023,N20270802,2027-08-02T23:15:00Z,900,true,1.109057,0.907739,0.838167,0.923942
N20270802-S024,N20270802,2027-08-02T23:30:00Z,900,true,1.139708,0.899149,0.829909,0.920913
N20270802-S025,N20270802,2027-08-02T23:45:00Z,900,true,1.086957,0.900839,0.823945,0.898447
N20270802-S026,N20270802,2027-08-03T00:00:00Z,900,true,1.121994,0.916649,0.829737,0.858892
N20270802-S027,N20270802,2027-08-03T00:15:00Z,900,true,1.096137,0.919255,0.837438,0.917019
N20270802-S028,N20270802,2027-08-03T00:30:00Z,900,true,1.081463,0.908408,0.845148,0.899577
N20270802-S029,N20270802,2027-08-03T00:45:00Z,900,true,1.073960,0.903875,0.862467,0.858380
N20270802-S030,N20270802,2027-08-03T01:00:00Z,900,true,1.139888,0.906547,0.836656,0.869532
N20270802-S031,N20270802,2027-08-03T01:15:00Z,900,true,1.143677,0.898688,0.831644,0.936558
N20270802-S032,N20270802,2027-08-03T01:30:00Z,900,true,1.128725,0.895879,0.816839,0.882699
N20270802-S033,N20270802,2027-08-03T01:45:00Z,900,false,,,,
N20270802-S034,N20270802,2027-08-03T02:00:00Z,900,false,,,,
N20270802-S035,N20270802,2027-08-03T02:15:00Z,900,false,,,,
N20270802-S036,N20270802,2027-08-03T02:30:00Z,900,false,,,,
N20270802-S037,N20270802,2027-08-03T02:45:00Z,900,false,,,,
N20270802-S038,N20270802,2027-08-03T03:00:00Z,900,false,,,,
N20270802-S039,N20270802,2027-08-03T03:15:00Z,900,false,,,,
N20270802-S040,N20270802,2027-08-03T03:30:00Z,900,false,,,,
N20270802-S041,N20270802,2027-08-03T03:45:00Z,900,false,,,,
N20270803-S001,N20270803,2027-08-03T17:45:00Z,900,false,,,,
N20270803-S002,N20270803,2027-08-03T18:00:00Z,900,false,,,,
N20270803-S003,N20270803,2027-08-03T18:15:00Z,900,false,,,,
N20270803-S004,N20270803,2027-08-03T18:30:00Z,900,false,,,,
N20270803-S005,N20270803,2027-08-03T18:45:00Z,900,false,,,,
N20270803-S006,N20270803,2027-08-03T19:00:00Z,900,true,1.268106,0.857518,0.885294,0.872237
N20270803-S007,N20270803,2027-08-03T19:15:00Z,900,true,1.200855,0.862781,0.880663,0.866069
N20270803-S008,N20270803,2027-08-03T19:30:00Z,900,true,1.207391,0.857336,0.882660,0.947627
N20270803-S009,N20270803,2027-08-03T19:45:00Z,900,true,1.119494,0.856080,0.876637,0.916384
N20270803-S010,N20270803,2027-08-03T20:00:00Z,900,true,1.065208,0.850307,0.876148,0.914886
N20270803-S011,N20270803,2027-08-03T20:15:00Z,900,true,1.084142,0.845311,0.885487,0.856912
N20270803-S012,N20270803,2027-08-03T20:30:00Z,900,true,1.104084,0.856053,0.917364,0.913412
N20270803-S013,N20270803,2027-08-03T20:45:00Z,900,true,1.083209,0.862677,0.881520,0.922280
N20270803-S014,N20270803,2027-08-03T21:00:00Z,900,true,1.103670,0.862204,0.873778,0.919787
N20270803-S015,N20270803,2027-08-03T21:15:00Z,900,true,1.075115,0.847433,0.872361,0.905150
N20270803-S016,N20270803,2027-08-03T21:30:00Z,900,true,1.085692,0.859621,0.871267,0.891993
N20270803-S017,N20270803,2027-08-03T21:45:00Z,900,true,1.114862,0.866136,0.869581,0.863015
N20270803-S018,N20270803,2027-08-03T22:00:00Z,900,true,1.121525,0.871134,0.862008,0.941789
N20270803-S019,N20270803,2027-08-03T22:15:00Z,900,true,1.125689,0.856118,0.844007,0.905334
N20270803-S020,N20270803,2027-08-03T22:30:00Z,900,true,1.080325,0.854329,0.841822,0.861369
N20270803-S021,N20270803,2027-08-03T22:45:00Z,900,true,1.021526,0.860700,0.846054,0.941064
N20270803-S022,N20270803,2027-08-03T23:00:00Z,900,true,1.071647,0.861316,0.869065,0.894131
N20270803-S023,N20270803,2027-08-03T23:15:00Z,900,true,1.021797,0.856048,0.863911,0.883367
N20270803-S024,N20270803,2027-08-03T23:30:00Z,900,true,1.056983,0.866244,0.866109,0.949872
N20270803-S025,N20270803,2027-08-03T23:45:00Z,900,true,1.034384,0.872619,0.873698,0.876339
N20270803-S026,N20270803,2027-08-04T00:00:00Z,900,true,1.138336,0.826460,0.870944,0.856720
N20270803-S027,N20270803,2027-08-04T00:15:00Z,900,true,1.173154,0.854120,0.888900,0.906801
N20270803-S028,N20270803,2027-08-04T00:30:00Z,900,true,1.191916,0.845840,0.889444,0.888995
N20270803-S029,N20270803,2027-08-04T00:45:00Z,900,true,1.238970,0.866973,0.888798,0.856468
N20270803-S030,N20270803,2027-08-04T01:00:00Z,900,true,1.260072,0.839984,0.886049,0.901295
N20270803-S031,N20270803,2027-08-04T01:15:00Z,900,true,1.209914,0.845243,0.860516,0.888280
N20270803-S032,N20270803,2027-08-04T01:30:00Z,900,true,1.207446,0.834207,0.835725,0.911288
N20270803-S033,N20270803,2027-08-04T01:45:00Z,900,true,1.189823,0.831847,0.846629,0.896261
N20270803-S034,N20270803,2027-08-04T02:00:00Z,900,true,1.227430,0.813498,0.858534,0.934986
N20270803-S035,N20270803,2027-08-04T02:15:00Z,900,true,1.237067,0.820430,0.833233,0.879111
N20270803-S036,N20270803,2027-08-04T02:30:00Z,900,true,1.209424,0.834208,0.839764,0.887551
N20270803-S037,N20270803,2027-08-04T02:45:00Z,900,true,1.192249,0.846747,0.841234,0.883787
N20270803-S038,N20270803,2027-08-04T03:00:00Z,900,true,1.201668,0.857806,0.821309,0.917824
N20270803-S039,N20270803,2027-08-04T03:15:00Z,900,true,1.256119,0.870359,0.835621,0.880672
N20270803-S040,N20270803,2027-08-04T03:30:00Z,900,true,1.323591,0.854803,0.837224,0.883381
N20270803-S041,N20270803,2027-08-04T03:45:00Z,900,true,1.319660,0.847625,0.822651,0.897021
N20270804-S001,N20270804,2027-08-04T17:45:00Z,900,true,1.215005,0.806034,0.819527,0.956156
N20270804-S002,N20270804,2027-08-04T18:00:00Z,900,true,1.245066,0.805146,0.847873,0.899851
N20270804-S003,N20270804,2027-08-04T18:15:00Z,900,true,1.146967,0.792259,0.871319,0.934608
N20270804-S004,N20270804,2027-08-04T18:30:00Z,900,true,1.117415,0.787923,0.853018,0.884209
N20270804-S005,N20270804,2027-08-04T18:45:00Z,900,true,1.165116,0.811678,0.836228,0.908173
N20270804-S006,N20270804,2027-08-04T19:00:00Z,900,true,1.193709,0.806059,0.818271,0.879606
N20270804-S007,N20270804,2027-08-04T19:15:00Z,900,true,1.174982,0.796050,0.799581,0.896926
N20270804-S008,N20270804,2027-08-04T19:30:00Z,900,true,1.173918,0.774089,0.776991,0.913307
N20270804-S009,N20270804,2027-08-04T19:45:00Z,900,false,,,,
N20270804-S010,N20270804,2027-08-04T20:00:00Z,900,false,,,,
N20270804-S011,N20270804,2027-08-04T20:15:00Z,900,false,,,,
N20270804-S012,N20270804,2027-08-04T20:30:00Z,900,false,,,,
N20270804-S013,N20270804,2027-08-04T20:45:00Z,900,false,,,,
N20270804-S014,N20270804,2027-08-04T21:00:00Z,900,false,,,,
N20270804-S015,N20270804,2027-08-04T21:15:00Z,900,false,,,,
N20270804-S016,N20270804,2027-08-04T21:30:00Z,900,false,,,,
N20270804-S017,N20270804,2027-08-04T21:45:00Z,900,false,,,,
N20270804-S018,N20270804,2027-08-04T22:00:00Z,900,false,,,,
N20270804-S019,N20270804,2027-08-04T22:15:00Z,900,false,,,,
N20270804-S020,N20270804,2027-08-04T22:30:00Z,900,false,,,,
N20270804-S021,N20270804,2027-08-04T22:45:00Z,900,false,,,,
N20270804-S022,N20270804,2027-08-04T23:00:00Z,900,false,,,,
N20270804-S023,N20270804,2027-08-04T23:15:00Z,900,false,,,,
N20270804-S024,N20270804,2027-08-04T23:30:00Z,900,false,,,,
N20270804-S025,N20270804,2027-08-04T23:45:00Z,900,false,,,,
N20270804-S026,N20270804,2027-08-05T00:00:00Z,900,false,,,,
N20270804-S027,N20270804,2027-08-05T00:15:00Z,900,false,,,,
N20270804-S028,N20270804,2027-08-05T00:30:00Z,900,false,,,,
N20270804-S029,N20270804,2027-08-05T00:45:00Z,900,false,,,,
N20270804-S030,N20270804,2027-08-05T01:00:00Z,900,false,,,,
N20270804-S031,N20270804,2027-08-05T01:15:00Z,900,false,,,,
N20270804-S032,N20270804,2027-08-05T01:30:00Z,900,false,,,,
N20270804-S033,N20270804,2027-08-05T01:45:00Z,900,false,,,,
N20270804-S034,N20270804,2027-08-05T02:00:00Z,900,false,,,,
N20270804-S035,N20270804,2027-08-05T02:15:00Z,900,false,,,,
N20270804-S036,N20270804,2027-08-05T02:30:00Z,900,false,,,,
N20270804-S037,N20270804,2027-08-05T02:45:00Z,900,false,,,,
N20270804-S038,N20270804,2027-08-05T03:00:00Z,900,false,,,,
N20270804-S039,N20270804,2027-08-05T03:15:00Z,900,false,,,,
N20270804-S040,N20270804,2027-08-05T03:30:00Z,900,false,,,,
N20270804-S041,N20270804,2027-08-05T03:45:00Z,900,false,,,,
N20270805-S001,N20270805,2027-08-05T17:45:00Z,900,false,,,,
N20270805-S002,N20270805,2027-08-05T18:00:00Z,900,false,,,,
N20270805-S003,N20270805,2027-08-05T18:15:00Z,900,false,,,,
N20270805-S004,N20270805,2027-08-05T18:30:00Z,900,false,,,,
N20270805-S005,N20270805,2027-08-05T18:45:00Z,900,true,1.045406,0.825670,0.873239,0.943715
N20270805-S006,N20270805,2027-08-05T19:00:00Z,900,true,1.058878,0.834154,0.864798,0.961077
N20270805-S007,N20270805,2027-08-05T19:15:00Z,900,true,1.068525,0.823769,0.839092,0.960720
N20270805-S008,N20270805,2027-08-05T19:30:00Z,900,true,1.061174,0.841453,0.829612,0.911247
N20270805-S009,N20270805,2027-08-05T19:45:00Z,900,true,1.096969,0.833960,0.822614,0.889758
N20270805-S010,N20270805,2027-08-05T20:00:00Z,900,true,1.160369,0.830726,0.805890,0.885622
N20270805-S011,N20270805,2027-08-05T20:15:00Z,900,true,1.177164,0.824423,0.843648,0.953686
N20270805-S012,N20270805,2027-08-05T20:30:00Z,900,true,1.101858,0.818540,0.862380,0.940650
N20270805-S013,N20270805,2027-08-05T20:45:00Z,900,true,1.117344,0.793624,0.822771,0.946406
N20270805-S014,N20270805,2027-08-05T21:00:00Z,900,true,1.088612,0.801547,0.831275,0.926956
N20270805-S015,N20270805,2027-08-05T21:15:00Z,900,true,1.085266,0.787016,0.854175,0.888813
N20270805-S016,N20270805,2027-08-05T21:30:00Z,900,true,1.147416,0.794208,0.857365,0.885072
N20270805-S017,N20270805,2027-08-05T21:45:00Z,900,true,1.142998,0.793582,0.868371,0.914227
N20270805-S018,N20270805,2027-08-05T22:00:00Z,900,true,1.135032,0.817364,0.875103,0.899379
N20270805-S019,N20270805,2027-08-05T22:15:00Z,900,true,1.098499,0.821686,0.866723,0.965754
N20270805-S020,N20270805,2027-08-05T22:30:00Z,900,true,1.149051,0.822199,0.864626,0.962417
N20270805-S021,N20270805,2027-08-05T22:45:00Z,900,true,1.121374,0.815571,0.866439,0.900985
N20270805-S022,N20270805,2027-08-05T23:00:00Z,900,true,1.139948,0.810178,0.866363,0.919239
N20270805-S023,N20270805,2027-08-05T23:15:00Z,900,true,1.188734,0.798878,0.850523,0.873651
N20270805-S024,N20270805,2027-08-05T23:30:00Z,900,true,1.251769,0.803770,0.854417,0.875637
N20270805-S025,N20270805,2027-08-05T23:45:00Z,900,true,1.194201,0.805086,0.850593,0.949554
N20270805-S026,N20270805,2027-08-06T00:00:00Z,900,true,1.173753,0.828340,0.886414,0.890791
N20270805-S027,N20270805,2027-08-06T00:15:00Z,900,true,1.190054,0.824624,0.894483,0.908953
N20270805-S028,N20270805,2027-08-06T00:30:00Z,900,true,1.176786,0.856893,0.877916,0.951932
N20270805-S029,N20270805,2027-08-06T00:45:00Z,900,true,1.159439,0.843868,0.889368,0.931261
N20270805-S030,N20270805,2027-08-06T01:00:00Z,900,true,1.118191,0.848573,0.870866,0.911700
N20270805-S031,N20270805,2027-08-06T01:15:00Z,900,true,1.130578,0.834081,0.837713,0.907149
N20270805-S032,N20270805,2027-08-06T01:30:00Z,900,true,1.072212,0.837985,0.823490,0.919111
N20270805-S033,N20270805,2027-08-06T01:45:00Z,900,true,1.078215,0.822340,0.834682,0.881261
N20270805-S034,N20270805,2027-08-06T02:00:00Z,900,true,1.064458,0.835886,0.844136,0.930275
N20270805-S035,N20270805,2027-08-06T02:15:00Z,900,true,1.123528,0.850215,0.833156,0.912434
N20270805-S036,N20270805,2027-08-06T02:30:00Z,900,true,1.138145,0.861591,0.843534,0.892920
N20270805-S037,N20270805,2027-08-06T02:45:00Z,900,true,1.126072,0.866119,0.828300,0.912034
N20270805-S038,N20270805,2027-08-06T03:00:00Z,900,true,1.100562,0.881806,0.819696,0.891699
N20270805-S039,N20270805,2027-08-06T03:15:00Z,900,true,1.084914,0.886738,0.817064,0.912454
N20270805-S040,N20270805,2027-08-06T03:30:00Z,900,true,1.102895,0.880132,0.838426,0.921561
N20270805-S041,N20270805,2027-08-06T03:45:00Z,900,true,1.118801,0.857909,0.832199,0.910295
N20270806-S001,N20270806,2027-08-06T17:45:00Z,900,true,1.012420,0.836464,0.887797,0.890627
N20270806-S002,N20270806,2027-08-06T18:00:00Z,900,true,1.049756,0.827724,0.849351,0.933720
N20270806-S003,N20270806,2027-08-06T18:15:00Z,900,true,1.048075,0.819893,0.886276,0.880527
N20270806-S004,N20270806,2027-08-06T18:30:00Z,900,true,1.050377,0.836647,0.878358,0.890191
N20270806-S005,N20270806,2027-08-06T18:45:00Z,900,true,1.084352,0.828389,0.863364,0.957779
N20270806-S006,N20270806,2027-08-06T19:00:00Z,900,true,1.001891,0.838275,0.872804,0.916310
N20270806-S007,N20270806,2027-08-06T19:15:00Z,900,true,1.012716,0.813641,0.873858,0.922119
N20270806-S008,N20270806,2027-08-06T19:30:00Z,900,true,0.955507,0.809331,0.892514,0.974686
N20270806-S009,N20270806,2027-08-06T19:45:00Z,900,true,0.962716,0.827397,0.875917,0.946417
N20270806-S010,N20270806,2027-08-06T20:00:00Z,900,true,0.969715,0.836404,0.818393,0.961968
N20270806-S011,N20270806,2027-08-06T20:15:00Z,900,true,0.966748,0.831616,0.835390,0.911502
N20270806-S012,N20270806,2027-08-06T20:30:00Z,900,true,1.013572,0.833886,0.848363,0.896705
N20270806-S013,N20270806,2027-08-06T20:45:00Z,900,true,0.966995,0.836524,0.859165,0.927644
N20270806-S014,N20270806,2027-08-06T21:00:00Z,900,true,0.987955,0.831982,0.858450,0.962203
N20270806-S015,N20270806,2027-08-06T21:15:00Z,900,true,1.023200,0.835774,0.861936,0.911066
N20270806-S016,N20270806,2027-08-06T21:30:00Z,900,true,1.010873,0.819464,0.859399,0.890086
N20270806-S017,N20270806,2027-08-06T21:45:00Z,900,true,1.011032,0.819253,0.865692,0.975093
N20270806-S018,N20270806,2027-08-06T22:00:00Z,900,true,0.975478,0.808935,0.874582,0.910341
N20270806-S019,N20270806,2027-08-06T22:15:00Z,900,true,0.967179,0.794992,0.893455,0.887276
N20270806-S020,N20270806,2027-08-06T22:30:00Z,900,true,0.948952,0.797697,0.882141,0.937195
N20270806-S021,N20270806,2027-08-06T22:45:00Z,900,true,0.937046,0.798196,0.878383,0.923242
N20270806-S022,N20270806,2027-08-06T23:00:00Z,900,true,0.990362,0.823647,0.878027,0.959942
N20270806-S023,N20270806,2027-08-06T23:15:00Z,900,true,0.996976,0.806411,0.907605,0.908049
N20270806-S024,N20270806,2027-08-06T23:30:00Z,900,true,1.036050,0.832238,0.895589,0.913572
N20270806-S025,N20270806,2027-08-06T23:45:00Z,900,true,1.057918,0.819310,0.913787,0.918228
N20270806-S026,N20270806,2027-08-07T00:00:00Z,900,true,1.039840,0.804479,0.887501,0.952697
N20270806-S027,N20270806,2027-08-07T00:15:00Z,900,true,1.114441,0.791125,0.893299,0.893219
N20270806-S028,N20270806,2027-08-07T00:30:00Z,900,true,1.126501,0.784488,0.876995,0.936895
N20270806-S029,N20270806,2027-08-07T00:45:00Z,900,true,1.129137,0.792315,0.875511,0.895403
N20270806-S030,N20270806,2027-08-07T01:00:00Z,900,true,1.110152,0.786589,0.903878,0.927892
N20270806-S031,N20270806,2027-08-07T01:15:00Z,900,true,1.132942,0.790739,0.930453,0.935734
N20270806-S032,N20270806,2027-08-07T01:30:00Z,900,true,1.142133,0.784559,0.926586,0.922573
N20270806-S033,N20270806,2027-08-07T01:45:00Z,900,true,1.088444,0.800273,0.936245,0.900558
N20270806-S034,N20270806,2027-08-07T02:00:00Z,900,true,1.048940,0.777089,0.904020,0.916455
N20270806-S035,N20270806,2027-08-07T02:15:00Z,900,true,1.000564,0.782550,0.906318,0.936080
N20270806-S036,N20270806,2027-08-07T02:30:00Z,900,true,1.003411,0.772527,0.921011,0.911276
N20270806-S037,N20270806,2027-08-07T02:45:00Z,900,true,0.991598,0.780823,0.928896,0.916797
N20270806-S038,N20270806,2027-08-07T03:00:00Z,900,true,0.939874,0.788989,0.936935,0.962674
N20270806-S039,N20270806,2027-08-07T03:15:00Z,900,true,0.989693,0.790098,0.924851,0.913089
N20270806-S040,N20270806,2027-08-07T03:30:00Z,900,true,1.028921,0.798476,0.900760,0.927405
N20270806-S041,N20270806,2027-08-07T03:45:00Z,900,true,0.978927,0.813681,0.862291,0.904600
N20270807-S001,N20270807,2027-08-07T17:45:00Z,900,true,1.172281,0.770155,0.891628,0.958580
N20270807-S002,N20270807,2027-08-07T18:00:00Z,900,true,1.184421,0.785114,0.912181,0.898597
N20270807-S003,N20270807,2027-08-07T18:15:00Z,900,true,1.189610,0.772854,0.914178,0.931046
N20270807-S004,N20270807,2027-08-07T18:30:00Z,900,true,1.147947,0.748503,0.916210,0.949986
N20270807-S005,N20270807,2027-08-07T18:45:00Z,900,true,1.227364,0.743488,0.889869,0.938545
N20270807-S006,N20270807,2027-08-07T19:00:00Z,900,true,1.201318,0.745416,0.898058,0.918194
N20270807-S007,N20270807,2027-08-07T19:15:00Z,900,true,1.263986,0.740908,0.876004,0.884408
N20270807-S008,N20270807,2027-08-07T19:30:00Z,900,true,1.289000,0.750999,0.868458,0.902433
N20270807-S009,N20270807,2027-08-07T19:45:00Z,900,true,1.270201,0.741496,0.872937,0.887826
N20270807-S010,N20270807,2027-08-07T20:00:00Z,900,true,1.264447,0.738831,0.887397,0.965519
N20270807-S011,N20270807,2027-08-07T20:15:00Z,900,true,1.255715,0.753258,0.911111,0.930606
N20270807-S012,N20270807,2027-08-07T20:30:00Z,900,true,1.239658,0.746663,0.905825,0.919510
N20270807-S013,N20270807,2027-08-07T20:45:00Z,900,true,1.245887,0.757983,0.904885,0.962366
N20270807-S014,N20270807,2027-08-07T21:00:00Z,900,true,1.219520,0.771203,0.924023,0.950348
N20270807-S015,N20270807,2027-08-07T21:15:00Z,900,true,1.206932,0.770724,0.924059,0.956296
N20270807-S016,N20270807,2027-08-07T21:30:00Z,900,true,1.220939,0.783147,0.919614,0.924791
N20270807-S017,N20270807,2027-08-07T21:45:00Z,900,true,1.240163,0.770875,0.939864,0.940629
N20270807-S018,N20270807,2027-08-07T22:00:00Z,900,true,1.258735,0.784343,0.929552,0.923962
N20270807-S019,N20270807,2027-08-07T22:15:00Z,900,true,1.261755,0.772110,0.945055,0.895556
N20270807-S020,N20270807,2027-08-07T22:30:00Z,900,true,1.252371,0.766227,0.924617,0.961307
N20270807-S021,N20270807,2027-08-07T22:45:00Z,900,true,1.226765,0.750679,0.905065,0.963122
N20270807-S022,N20270807,2027-08-07T23:00:00Z,900,true,1.177668,0.753681,0.924848,0.906668
N20270807-S023,N20270807,2027-08-07T23:15:00Z,900,true,1.169824,0.755218,0.917597,0.889138
N20270807-S024,N20270807,2027-08-07T23:30:00Z,900,true,1.147577,0.749788,0.914806,0.954020
N20270807-S025,N20270807,2027-08-07T23:45:00Z,900,true,1.185876,0.767023,0.918365,0.945983
N20270807-S026,N20270807,2027-08-08T00:00:00Z,900,true,1.131436,0.770562,0.911147,0.888911
N20270807-S027,N20270807,2027-08-08T00:15:00Z,900,true,1.090064,0.791192,0.909938,0.969545
N20270807-S028,N20270807,2027-08-08T00:30:00Z,900,true,1.104216,0.774456,0.910929,0.928976
N20270807-S029,N20270807,2027-08-08T00:45:00Z,900,true,1.126122,0.772362,0.897463,0.917034
N20270807-S030,N20270807,2027-08-08T01:00:00Z,900,true,1.171394,0.786093,0.893970,0.901581
N20270807-S031,N20270807,2027-08-08T01:15:00Z,900,true,1.097119,0.769410,0.885809,0.939128
N20270807-S032,N20270807,2027-08-08T01:30:00Z,900,true,1.097957,0.750568,0.874542,0.911679
N20270807-S033,N20270807,2027-08-08T01:45:00Z,900,true,1.147054,0.746268,0.897508,0.970307
N20270807-S034,N20270807,2027-08-08T02:00:00Z,900,true,1.121618,0.775704,0.894722,0.903457
N20270807-S035,N20270807,2027-08-08T02:15:00Z,900,true,1.085550,0.759109,0.909653,0.901754
N20270807-S036,N20270807,2027-08-08T02:30:00Z,900,true,1.053999,0.748194,0.907791,0.888128
N20270807-S037,N20270807,2027-08-08T02:45:00Z,900,true,1.105679,0.767270,0.910842,0.936540
N20270807-S038,N20270807,2027-08-08T03:00:00Z,900,true,1.055077,0.776556,0.896950,0.944396
N20270807-S039,N20270807,2027-08-08T03:15:00Z,900,true,1.061281,0.792834,0.917365,0.892903
N20270807-S040,N20270807,2027-08-08T03:30:00Z,900,true,1.068953,0.762669,0.906157,0.909904
N20270807-S041,N20270807,2027-08-08T03:45:00Z,900,true,1.042305,0.795267,0.910021,0.922412
N20270808-S001,N20270808,2027-08-08T17:45:00Z,900,true,1.035380,0.849019,0.971378,0.919804
N20270808-S002,N20270808,2027-08-08T18:00:00Z,900,true,1.040612,0.827189,0.991085,0.908018
N20270808-S003,N20270808,2027-08-08T18:15:00Z,900,true,0.976375,0.788808,0.989662,0.981666
N20270808-S004,N20270808,2027-08-08T18:30:00Z,900,true,1.069367,0.786560,0.987983,0.905275
N20270808-S005,N20270808,2027-08-08T18:45:00Z,900,true,1.072899,0.772949,0.968003,0.919737
N20270808-S006,N20270808,2027-08-08T19:00:00Z,900,true,1.146154,0.797321,0.973928,0.980815
N20270808-S007,N20270808,2027-08-08T19:15:00Z,900,true,1.152765,0.807185,0.994970,0.980739
N20270808-S008,N20270808,2027-08-08T19:30:00Z,900,true,1.208884,0.809417,0.975944,0.887654
N20270808-S009,N20270808,2027-08-08T19:45:00Z,900,true,1.219246,0.816456,0.987001,0.976166
N20270808-S010,N20270808,2027-08-08T20:00:00Z,900,true,1.145574,0.814870,0.994508,0.888472
N20270808-S011,N20270808,2027-08-08T20:15:00Z,900,true,1.115702,0.808945,0.987816,0.930310
N20270808-S012,N20270808,2027-08-08T20:30:00Z,900,true,1.146579,0.820243,0.982701,0.926739
N20270808-S013,N20270808,2027-08-08T20:45:00Z,900,true,1.144722,0.836431,0.976556,0.975219
N20270808-S014,N20270808,2027-08-08T21:00:00Z,900,true,1.157385,0.811279,0.972493,0.901042
N20270808-S015,N20270808,2027-08-08T21:15:00Z,900,true,1.112845,0.802641,0.955239,0.921365
N20270808-S016,N20270808,2027-08-08T21:30:00Z,900,true,1.077911,0.827040,0.940389,0.912168
N20270808-S017,N20270808,2027-08-08T21:45:00Z,900,true,1.071882,0.828015,0.955564,0.971596
N20270808-S018,N20270808,2027-08-08T22:00:00Z,900,true,1.110355,0.811356,0.963255,0.981070
N20270808-S019,N20270808,2027-08-08T22:15:00Z,900,true,1.062794,0.810485,0.983470,0.942959
N20270808-S020,N20270808,2027-08-08T22:30:00Z,900,true,1.081819,0.821442,0.987695,0.981743
N20270808-S021,N20270808,2027-08-08T22:45:00Z,900,true,1.151226,0.824647,0.988458,0.912668
N20270808-S022,N20270808,2027-08-08T23:00:00Z,900,true,1.139530,0.834354,0.995135,0.975927
N20270808-S023,N20270808,2027-08-08T23:15:00Z,900,true,1.079507,0.837701,0.975606,0.969604
N20270808-S024,N20270808,2027-08-08T23:30:00Z,900,true,1.118705,0.832471,0.995272,0.944080
N20270808-S025,N20270808,2027-08-08T23:45:00Z,900,true,1.067915,0.820911,1.015505,0.890162
N20270808-S026,N20270808,2027-08-09T00:00:00Z,900,true,1.075150,0.822423,1.023995,0.951230
N20270808-S027,N20270808,2027-08-09T00:15:00Z,900,true,1.060570,0.834956,1.012769,0.948423
N20270808-S028,N20270808,2027-08-09T00:30:00Z,900,true,1.065182,0.838608,1.024658,0.937712
N20270808-S029,N20270808,2027-08-09T00:45:00Z,900,true,1.081970,0.830733,0.984830,0.896857
N20270808-S030,N20270808,2027-08-09T01:00:00Z,900,true,1.053565,0.825622,1.007993,0.964394
N20270808-S031,N20270808,2027-08-09T01:15:00Z,900,true,1.042521,0.836843,1.003556,0.918022
N20270808-S032,N20270808,2027-08-09T01:30:00Z,900,true,1.077067,0.827185,1.010942,0.889548
N20270808-S033,N20270808,2027-08-09T01:45:00Z,900,true,1.081686,0.833574,1.024586,0.908887
N20270808-S034,N20270808,2027-08-09T02:00:00Z,900,true,1.010617,0.838679,1.025602,0.965189
N20270808-S035,N20270808,2027-08-09T02:15:00Z,900,true,1.032667,0.814333,1.019079,0.895795
N20270808-S036,N20270808,2027-08-09T02:30:00Z,900,true,1.048839,0.827349,0.989300,0.982019
N20270808-S037,N20270808,2027-08-09T02:45:00Z,900,true,1.048138,0.831155,0.990592,0.900748
N20270808-S038,N20270808,2027-08-09T03:00:00Z,900,true,1.031409,0.845843,1.002558,0.914092
N20270808-S039,N20270808,2027-08-09T03:15:00Z,900,true,1.047081,0.848373,0.980883,0.912385
N20270808-S040,N20270808,2027-08-09T03:30:00Z,900,true,1.103287,0.837539,1.000769,0.908309
N20270808-S041,N20270808,2027-08-09T03:45:00Z,900,true,1.119102,0.842443,1.015689,0.979694
N20270809-S001,N20270809,2027-08-09T17:45:00Z,900,true,1.033411,0.868557,0.879489,0.972671
N20270809-S002,N20270809,2027-08-09T18:00:00Z,900,true,0.964335,0.873858,0.882133,0.942009
N20270809-S003,N20270809,2027-08-09T18:15:00Z,900,true,0.959522,0.870940,0.906011,0.908961
N20270809-S004,N20270809,2027-08-09T18:30:00Z,900,true,0.953849,0.884784,0.917602,0.947864
N20270809-S005,N20270809,2027-08-09T18:45:00Z,900,true,0.934294,0.887005,0.902631,0.895585
N20270809-S006,N20270809,2027-08-09T19:00:00Z,900,true,0.878157,0.891852,0.912770,0.988375
N20270809-S007,N20270809,2027-08-09T19:15:00Z,900,true,0.869359,0.893569,0.910598,0.962931
N20270809-S008,N20270809,2027-08-09T19:30:00Z,900,true,0.869686,0.868489,0.916419,0.959664
N20270809-S009,N20270809,2027-08-09T19:45:00Z,900,true,0.928921,0.844352,0.911071,0.933469
N20270809-S010,N20270809,2027-08-09T20:00:00Z,900,true,0.927818,0.863497,0.921093,0.898404
N20270809-S011,N20270809,2027-08-09T20:15:00Z,900,true,0.928094,0.867795,0.921009,0.977884
N20270809-S012,N20270809,2027-08-09T20:30:00Z,900,true,0.958559,0.856424,0.934872,0.923265
N20270809-S013,N20270809,2027-08-09T20:45:00Z,900,true,0.985323,0.870231,0.924533,0.946419
N20270809-S014,N20270809,2027-08-09T21:00:00Z,900,true,1.010282,0.870321,0.927259,0.941006
N20270809-S015,N20270809,2027-08-09T21:15:00Z,900,true,1.034208,0.865041,0.912002,0.895710
N20270809-S016,N20270809,2027-08-09T21:30:00Z,900,true,1.038270,0.841176,0.899695,0.964071
N20270809-S017,N20270809,2027-08-09T21:45:00Z,900,true,1.054823,0.836445,0.891037,0.966987
N20270809-S018,N20270809,2027-08-09T22:00:00Z,900,true,1.038058,0.839080,0.934185,0.964430
N20270809-S019,N20270809,2027-08-09T22:15:00Z,900,true,1.133120,0.842296,0.927942,0.948978
N20270809-S020,N20270809,2027-08-09T22:30:00Z,900,true,1.103415,0.839768,0.917602,0.961207
N20270809-S021,N20270809,2027-08-09T22:45:00Z,900,true,1.024009,0.812956,0.947178,0.911414
N20270809-S022,N20270809,2027-08-09T23:00:00Z,900,true,1.073840,0.800756,0.939904,0.969906
N20270809-S023,N20270809,2027-08-09T23:15:00Z,900,true,1.081762,0.815636,0.944817,0.901779
N20270809-S024,N20270809,2027-08-09T23:30:00Z,900,true,1.086856,0.823401,0.953516,0.949706
N20270809-S025,N20270809,2027-08-09T23:45:00Z,900,true,1.104124,0.837324,0.939265,0.891518
N20270809-S026,N20270809,2027-08-10T00:00:00Z,900,true,1.042530,0.829548,0.921783,0.960930
N20270809-S027,N20270809,2027-08-10T00:15:00Z,900,true,1.095071,0.816598,0.925634,0.958287
N20270809-S028,N20270809,2027-08-10T00:30:00Z,900,true,1.078806,0.812628,0.908827,0.890521
N20270809-S029,N20270809,2027-08-10T00:45:00Z,900,true,0.971932,0.800418,0.896813,0.960989
N20270809-S030,N20270809,2027-08-10T01:00:00Z,900,true,0.910198,0.798002,0.920731,0.987035
N20270809-S031,N20270809,2027-08-10T01:15:00Z,900,true,0.891470,0.806651,0.907399,0.941357
N20270809-S032,N20270809,2027-08-10T01:30:00Z,900,true,0.886911,0.817625,0.877126,0.971604
N20270809-S033,N20270809,2027-08-10T01:45:00Z,900,true,0.939554,0.821415,0.877413,0.967527
N20270809-S034,N20270809,2027-08-10T02:00:00Z,900,true,0.978000,0.807922,0.899576,0.915135
N20270809-S035,N20270809,2027-08-10T02:15:00Z,900,true,1.034752,0.819615,0.897643,0.952489
N20270809-S036,N20270809,2027-08-10T02:30:00Z,900,true,1.061670,0.820291,0.904094,0.891932
N20270809-S037,N20270809,2027-08-10T02:45:00Z,900,true,1.096793,0.831863,0.901704,0.926885
N20270809-S038,N20270809,2027-08-10T03:00:00Z,900,true,1.096987,0.824731,0.902519,0.933529
N20270809-S039,N20270809,2027-08-10T03:15:00Z,900,true,1.050530,0.828610,0.910763,0.947664
N20270809-S040,N20270809,2027-08-10T03:30:00Z,900,true,1.014804,0.825497,0.894805,0.953812
N20270809-S041,N20270809,2027-08-10T03:45:00Z,900,true,1.023420,0.835369,0.877333,0.924895
N20270810-S001,N20270810,2027-08-10T17:45:00Z,900,true,1.111327,0.899182,0.877212,0.951843
N20270810-S002,N20270810,2027-08-10T18:00:00Z,900,true,1.121159,0.903358,0.879307,0.981614
N20270810-S003,N20270810,2027-08-10T18:15:00Z,900,true,1.099361,0.914230,0.888176,0.921893
N20270810-S004,N20270810,2027-08-10T18:30:00Z,900,true,1.140790,0.916763,0.886295,0.988848
N20270810-S005,N20270810,2027-08-10T18:45:00Z,900,true,1.177456,0.891935,0.882401,0.985012
N20270810-S006,N20270810,2027-08-10T19:00:00Z,900,true,1.190491,0.900486,0.886107,0.903061
N20270810-S007,N20270810,2027-08-10T19:15:00Z,900,true,1.177706,0.889691,0.864547,0.960639
N20270810-S008,N20270810,2027-08-10T19:30:00Z,900,true,1.160183,0.899349,0.880531,0.924823
N20270810-S009,N20270810,2027-08-10T19:45:00Z,900,true,1.179296,0.886029,0.877728,0.954214
N20270810-S010,N20270810,2027-08-10T20:00:00Z,900,true,1.117983,0.904414,0.883348,0.948821
N20270810-S011,N20270810,2027-08-10T20:15:00Z,900,true,1.081428,0.921751,0.885192,0.938606
N20270810-S012,N20270810,2027-08-10T20:30:00Z,900,true,1.019639,0.909876,0.888525,0.901501
N20270810-S013,N20270810,2027-08-10T20:45:00Z,900,true,1.007518,0.891603,0.879802,0.917069
N20270810-S014,N20270810,2027-08-10T21:00:00Z,900,true,1.052099,0.899848,0.855557,0.981066
N20270810-S015,N20270810,2027-08-10T21:15:00Z,900,true,1.021295,0.907611,0.830907,0.974788
N20270810-S016,N20270810,2027-08-10T21:30:00Z,900,true,1.002011,0.896967,0.851716,0.923955
N20270810-S017,N20270810,2027-08-10T21:45:00Z,900,true,1.021421,0.900413,0.900004,0.984471
N20270810-S018,N20270810,2027-08-10T22:00:00Z,900,true,1.066347,0.889735,0.894794,0.957475
N20270810-S019,N20270810,2027-08-10T22:15:00Z,900,true,1.025899,0.877643,0.877646,0.947693
N20270810-S020,N20270810,2027-08-10T22:30:00Z,900,true,1.087244,0.881213,0.886730,0.924277
N20270810-S021,N20270810,2027-08-10T22:45:00Z,900,true,1.146097,0.884534,0.852613,0.915531
N20270810-S022,N20270810,2027-08-10T23:00:00Z,900,true,1.123798,0.871923,0.874268,0.976454
N20270810-S023,N20270810,2027-08-10T23:15:00Z,900,true,1.125230,0.863975,0.887709,0.919554
N20270810-S024,N20270810,2027-08-10T23:30:00Z,900,true,1.082459,0.854093,0.896386,0.999390
N20270810-S025,N20270810,2027-08-10T23:45:00Z,900,true,1.060594,0.843955,0.863229,0.936526
N20270810-S026,N20270810,2027-08-11T00:00:00Z,900,true,1.003848,0.842727,0.859425,0.948635
N20270810-S027,N20270810,2027-08-11T00:15:00Z,900,false,,,,
N20270810-S028,N20270810,2027-08-11T00:30:00Z,900,false,,,,
N20270810-S029,N20270810,2027-08-11T00:45:00Z,900,false,,,,
N20270810-S030,N20270810,2027-08-11T01:00:00Z,900,false,,,,
N20270810-S031,N20270810,2027-08-11T01:15:00Z,900,false,,,,
N20270810-S032,N20270810,2027-08-11T01:30:00Z,900,false,,,,
N20270810-S033,N20270810,2027-08-11T01:45:00Z,900,false,,,,
N20270810-S034,N20270810,2027-08-11T02:00:00Z,900,false,,,,
N20270810-S035,N20270810,2027-08-11T02:15:00Z,900,false,,,,
N20270810-S036,N20270810,2027-08-11T02:30:00Z,900,false,,,,
N20270810-S037,N20270810,2027-08-11T02:45:00Z,900,false,,,,
N20270810-S038,N20270810,2027-08-11T03:00:00Z,900,false,,,,
N20270810-S039,N20270810,2027-08-11T03:15:00Z,900,false,,,,
N20270810-S040,N20270810,2027-08-11T03:30:00Z,900,false,,,,
N20270810-S041,N20270810,2027-08-11T03:45:00Z,900,false,,,,
N20270811-S001,N20270811,2027-08-11T17:45:00Z,900,false,,,,
N20270811-S002,N20270811,2027-08-11T18:00:00Z,900,false,,,,
N20270811-S003,N20270811,2027-08-11T18:15:00Z,900,false,,,,
N20270811-S004,N20270811,2027-08-11T18:30:00Z,900,false,,,,
N20270811-S005,N20270811,2027-08-11T18:45:00Z,900,false,,,,
N20270811-S006,N20270811,2027-08-11T19:00:00Z,900,false,,,,
N20270811-S007,N20270811,2027-08-11T19:15:00Z,900,false,,,,
N20270811-S008,N20270811,2027-08-11T19:30:00Z,900,false,,,,
N20270811-S009,N20270811,2027-08-11T19:45:00Z,900,false,,,,
N20270811-S010,N20270811,2027-08-11T20:00:00Z,900,false,,,,
N20270811-S011,N20270811,2027-08-11T20:15:00Z,900,false,,,,
N20270811-S012,N20270811,2027-08-11T20:30:00Z,900,false,,,,
N20270811-S013,N20270811,2027-08-11T20:45:00Z,900,false,,,,
N20270811-S014,N20270811,2027-08-11T21:00:00Z,900,false,,,,
N20270811-S015,N20270811,2027-08-11T21:15:00Z,900,false,,,,
N20270811-S016,N20270811,2027-08-11T21:30:00Z,900,false,,,,
N20270811-S017,N20270811,2027-08-11T21:45:00Z,900,false,,,,
N20270811-S018,N20270811,2027-08-11T22:00:00Z,900,false,,,,
N20270811-S019,N20270811,2027-08-11T22:15:00Z,900,false,,,,
N20270811-S020,N20270811,2027-08-11T22:30:00Z,900,false,,,,
N20270811-S021,N20270811,2027-08-11T22:45:00Z,900,false,,,,
N20270811-S022,N20270811,2027-08-11T23:00:00Z,900,false,,,,
N20270811-S023,N20270811,2027-08-11T23:15:00Z,900,true,1.092080,0.903461,0.838948,0.901190
N20270811-S024,N20270811,2027-08-11T23:30:00Z,900,true,1.041113,0.897176,0.851285,0.931318
N20270811-S025,N20270811,2027-08-11T23:45:00Z,900,true,1.089502,0.910987,0.854676,0.927126
N20270811-S026,N20270811,2027-08-12T00:00:00Z,900,true,1.050869,0.911582,0.848625,0.986908
N20270811-S027,N20270811,2027-08-12T00:15:00Z,900,true,1.080114,0.895466,0.847876,0.976228
N20270811-S028,N20270811,2027-08-12T00:30:00Z,900,true,1.092485,0.895247,0.808156,0.963143
N20270811-S029,N20270811,2027-08-12T00:45:00Z,900,true,1.097128,0.897027,0.830442,0.946937
N20270811-S030,N20270811,2027-08-12T01:00:00Z,900,true,1.112777,0.896151,0.808519,0.995328
N20270811-S031,N20270811,2027-08-12T01:15:00Z,900,true,1.094790,0.908941,0.818722,0.900463
N20270811-S032,N20270811,2027-08-12T01:30:00Z,900,true,1.071797,0.906761,0.807249,0.963292
N20270811-S033,N20270811,2027-08-12T01:45:00Z,900,true,1.021988,0.906178,0.835593,0.939821
N20270811-S034,N20270811,2027-08-12T02:00:00Z,900,true,1.015261,0.904647,0.787263,0.957336
N20270811-S035,N20270811,2027-08-12T02:15:00Z,900,true,1.021976,0.900900,0.778435,0.979183
N20270811-S036,N20270811,2027-08-12T02:30:00Z,900,true,1.011715,0.912112,0.786648,0.983381
N20270811-S037,N20270811,2027-08-12T02:45:00Z,900,true,0.983502,0.919245,0.803658,0.971390
N20270811-S038,N20270811,2027-08-12T03:00:00Z,900,true,1.044444,0.949038,0.804559,0.930922
N20270811-S039,N20270811,2027-08-12T03:15:00Z,900,true,1.013709,0.976481,0.805397,0.999091
N20270811-S040,N20270811,2027-08-12T03:30:00Z,900,true,0.972081,0.975653,0.826091,0.929967
N20270811-S041,N20270811,2027-08-12T03:45:00Z,900,true,1.003383,0.963501,0.856808,0.904978
N20270812-S001,N20270812,2027-08-12T17:45:00Z,900,true,1.024510,0.907104,0.795506,0.958742
N20270812-S002,N20270812,2027-08-12T18:00:00Z,900,true,1.049629,0.933753,0.800040,0.994230
N20270812-S003,N20270812,2027-08-12T18:15:00Z,900,true,0.988381,0.932399,0.777697,0.933156
N20270812-S004,N20270812,2027-08-12T18:30:00Z,900,true,1.021654,0.925265,0.780693,0.924875
N20270812-S005,N20270812,2027-08-12T18:45:00Z,900,true,1.042300,0.940146,0.761776,0.955054
N20270812-S006,N20270812,2027-08-12T19:00:00Z,900,true,1.133250,0.932839,0.783130,0.931223
N20270812-S007,N20270812,2027-08-12T19:15:00Z,900,true,1.048496,0.922371,0.778021,0.946131
N20270812-S008,N20270812,2027-08-12T19:30:00Z,900,true,1.037584,0.917258,0.771718,0.921688
N20270812-S009,N20270812,2027-08-12T19:45:00Z,900,true,1.064804,0.887893,0.780204,0.956893
N20270812-S010,N20270812,2027-08-12T20:00:00Z,900,true,1.096727,0.898294,0.779168,0.939824
N20270812-S011,N20270812,2027-08-12T20:15:00Z,900,true,1.083670,0.880915,0.781473,0.987518
N20270812-S012,N20270812,2027-08-12T20:30:00Z,900,true,1.064389,0.906780,0.787620,0.965345
N20270812-S013,N20270812,2027-08-12T20:45:00Z,900,true,1.025612,0.899939,0.801713,0.976287
N20270812-S014,N20270812,2027-08-12T21:00:00Z,900,true,1.045761,0.889941,0.811966,0.961483
N20270812-S015,N20270812,2027-08-12T21:15:00Z,900,true,1.068332,0.892982,0.820860,0.956696
N20270812-S016,N20270812,2027-08-12T21:30:00Z,900,true,1.060214,0.887058,0.829528,0.972296
N20270812-S017,N20270812,2027-08-12T21:45:00Z,900,true,1.065985,0.884954,0.822590,0.972366
N20270812-S018,N20270812,2027-08-12T22:00:00Z,900,true,1.024990,0.897869,0.798697,0.904608
N20270812-S019,N20270812,2027-08-12T22:15:00Z,900,true,1.060333,0.885776,0.780370,0.902963
N20270812-S020,N20270812,2027-08-12T22:30:00Z,900,true,1.054127,0.902616,0.771336,0.965371
N20270812-S021,N20270812,2027-08-12T22:45:00Z,900,true,1.110916,0.897834,0.750248,0.947424
N20270812-S022,N20270812,2027-08-12T23:00:00Z,900,true,1.147794,0.876372,0.742075,0.926059
N20270812-S023,N20270812,2027-08-12T23:15:00Z,900,true,1.170182,0.877705,0.755999,0.946532
N20270812-S024,N20270812,2027-08-12T23:30:00Z,900,true,1.166885,0.872003,0.751146,0.973910
N20270812-S025,N20270812,2027-08-12T23:45:00Z,900,true,1.152917,0.882661,0.736244,0.914490
N20270812-S026,N20270812,2027-08-13T00:00:00Z,900,true,1.139092,0.895412,0.746970,0.927873
N20270812-S027,N20270812,2027-08-13T00:15:00Z,900,true,1.095626,0.910938,0.755547,0.936470
N20270812-S028,N20270812,2027-08-13T00:30:00Z,900,true,1.086107,0.906863,0.717758,0.965146
N20270812-S029,N20270812,2027-08-13T00:45:00Z,900,true,1.119626,0.902206,0.728605,0.995224
N20270812-S030,N20270812,2027-08-13T01:00:00Z,900,true,1.059088,0.887521,0.726563,0.986315
N20270812-S031,N20270812,2027-08-13T01:15:00Z,900,true,1.027440,0.909207,0.705437,0.966542
N20270812-S032,N20270812,2027-08-13T01:30:00Z,900,true,1.032976,0.909631,0.679707,0.902840
N20270812-S033,N20270812,2027-08-13T01:45:00Z,900,true,1.071034,0.903515,0.679899,0.976303
N20270812-S034,N20270812,2027-08-13T02:00:00Z,900,true,1.058824,0.882925,0.691075,0.948592
N20270812-S035,N20270812,2027-08-13T02:15:00Z,900,true,1.043947,0.890883,0.708561,0.957649
N20270812-S036,N20270812,2027-08-13T02:30:00Z,900,true,1.008865,0.901927,0.716323,0.991058
N20270812-S037,N20270812,2027-08-13T02:45:00Z,900,true,1.019456,0.925044,0.737378,0.938267
N20270812-S038,N20270812,2027-08-13T03:00:00Z,900,false,,,,
N20270812-S039,N20270812,2027-08-13T03:15:00Z,900,true,1.071904,0.912593,0.711447,0.907108
N20270812-S040,N20270812,2027-08-13T03:30:00Z,900,true,1.062467,0.905126,0.749916,0.922041
N20270812-S041,N20270812,2027-08-13T03:45:00Z,900,true,1.134132,0.901378,0.782362,0.968168
N20270813-S001,N20270813,2027-08-13T17:45:00Z,900,true,1.179212,0.867849,0.876202,0.975089
N20270813-S002,N20270813,2027-08-13T18:00:00Z,900,true,1.213778,0.879104,0.871493,0.977277
N20270813-S003,N20270813,2027-08-13T18:15:00Z,900,true,1.211324,0.865018,0.874728,0.971546
N20270813-S004,N20270813,2027-08-13T18:30:00Z,900,true,1.233050,0.870237,0.885361,0.914107
N20270813-S005,N20270813,2027-08-13T18:45:00Z,900,true,1.250050,0.867610,0.876678,0.936314
N20270813-S006,N20270813,2027-08-13T19:00:00Z,900,true,1.182238,0.875001,0.867821,0.915414
N20270813-S007,N20270813,2027-08-13T19:15:00Z,900,true,1.217192,0.881006,0.872265,0.943905
N20270813-S008,N20270813,2027-08-13T19:30:00Z,900,true,1.192124,0.882863,0.861892,0.991176
N20270813-S009,N20270813,2027-08-13T19:45:00Z,900,true,1.237062,0.873009,0.836452,0.973573
N20270813-S010,N20270813,2027-08-13T20:00:00Z,900,true,1.260162,0.848122,0.834867,0.962449
N20270813-S011,N20270813,2027-08-13T20:15:00Z,900,true,1.186788,0.845838,0.841339,0.962335
N20270813-S012,N20270813,2027-08-13T20:30:00Z,900,true,1.207815,0.835377,0.858375,0.907970
N20270813-S013,N20270813,2027-08-13T20:45:00Z,900,true,1.190274,0.848086,0.835624,0.924236
N20270813-S014,N20270813,2027-08-13T21:00:00Z,900,true,1.127401,0.850870,0.845937,0.956234
N20270813-S015,N20270813,2027-08-13T21:15:00Z,900,true,1.148766,0.852933,0.855973,0.981708
N20270813-S016,N20270813,2027-08-13T21:30:00Z,900,true,1.119197,0.836779,0.858214,0.977922
N20270813-S017,N20270813,2027-08-13T21:45:00Z,900,true,1.166695,0.837211,0.881295,0.934290
N20270813-S018,N20270813,2027-08-13T22:00:00Z,900,true,1.162419,0.833423,0.890828,0.978201
N20270813-S019,N20270813,2027-08-13T22:15:00Z,900,true,1.178703,0.870825,0.853727,0.958457
N20270813-S020,N20270813,2027-08-13T22:30:00Z,900,true,1.208924,0.875098,0.862883,0.935866
N20270813-S021,N20270813,2027-08-13T22:45:00Z,900,false,,,,
N20270813-S022,N20270813,2027-08-13T23:00:00Z,900,false,,,,
N20270813-S023,N20270813,2027-08-13T23:15:00Z,900,false,,,,
N20270813-S024,N20270813,2027-08-13T23:30:00Z,900,false,,,,
N20270813-S025,N20270813,2027-08-13T23:45:00Z,900,false,,,,
N20270813-S026,N20270813,2027-08-14T00:00:00Z,900,false,,,,
N20270813-S027,N20270813,2027-08-14T00:15:00Z,900,false,,,,
N20270813-S028,N20270813,2027-08-14T00:30:00Z,900,false,,,,
N20270813-S029,N20270813,2027-08-14T00:45:00Z,900,false,,,,
N20270813-S030,N20270813,2027-08-14T01:00:00Z,900,false,,,,
N20270813-S031,N20270813,2027-08-14T01:15:00Z,900,false,,,,
N20270813-S032,N20270813,2027-08-14T01:30:00Z,900,false,,,,
N20270813-S033,N20270813,2027-08-14T01:45:00Z,900,false,,,,
N20270813-S034,N20270813,2027-08-14T02:00:00Z,900,false,,,,
N20270813-S035,N20270813,2027-08-14T02:15:00Z,900,false,,,,
N20270813-S036,N20270813,2027-08-14T02:30:00Z,900,false,,,,
N20270813-S037,N20270813,2027-08-14T02:45:00Z,900,false,,,,
N20270813-S038,N20270813,2027-08-14T03:00:00Z,900,false,,,,
N20270813-S039,N20270813,2027-08-14T03:15:00Z,900,false,,,,
N20270813-S040,N20270813,2027-08-14T03:30:00Z,900,false,,,,
N20270813-S041,N20270813,2027-08-14T03:45:00Z,900,false,,,,
N20270814-S001,N20270814,2027-08-14T17:45:00Z,900,false,,,,
N20270814-S002,N20270814,2027-08-14T18:00:00Z,900,false,,,,
N20270814-S003,N20270814,2027-08-14T18:15:00Z,900,false,,,,
N20270814-S004,N20270814,2027-08-14T18:30:00Z,900,false,,,,
N20270814-S005,N20270814,2027-08-14T18:45:00Z,900,false,,,,
N20270814-S006,N20270814,2027-08-14T19:00:00Z,900,false,,,,
N20270814-S007,N20270814,2027-08-14T19:15:00Z,900,false,,,,
N20270814-S008,N20270814,2027-08-14T19:30:00Z,900,false,,,,
N20270814-S009,N20270814,2027-08-14T19:45:00Z,900,false,,,,
N20270814-S010,N20270814,2027-08-14T20:00:00Z,900,false,,,,
N20270814-S011,N20270814,2027-08-14T20:15:00Z,900,false,,,,
N20270814-S012,N20270814,2027-08-14T20:30:00Z,900,false,,,,
N20270814-S013,N20270814,2027-08-14T20:45:00Z,900,true,1.281192,0.822000,0.931923,0.991565
N20270814-S014,N20270814,2027-08-14T21:00:00Z,900,true,1.265938,0.824135,0.916882,0.996073
N20270814-S015,N20270814,2027-08-14T21:15:00Z,900,true,1.311178,0.829411,0.920222,0.927458
N20270814-S016,N20270814,2027-08-14T21:30:00Z,900,true,1.334889,0.851406,0.911143,0.955125
N20270814-S017,N20270814,2027-08-14T21:45:00Z,900,true,1.309175,0.850358,0.903012,0.920821
N20270814-S018,N20270814,2027-08-14T22:00:00Z,900,true,1.362332,0.850709,0.906906,0.957408
N20270814-S019,N20270814,2027-08-14T22:15:00Z,900,true,1.401754,0.863362,0.901145,0.988372
N20270814-S020,N20270814,2027-08-14T22:30:00Z,900,true,1.426046,0.853398,0.884518,0.998191
N20270814-S021,N20270814,2027-08-14T22:45:00Z,900,true,1.430392,0.858967,0.901449,0.998855
N20270814-S022,N20270814,2027-08-14T23:00:00Z,900,true,1.454828,0.853203,0.925010,0.985903
N20270814-S023,N20270814,2027-08-14T23:15:00Z,900,true,1.461043,0.867864,0.906988,0.932491
N20270814-S024,N20270814,2027-08-14T23:30:00Z,900,true,1.419995,0.860685,0.897252,0.904313
N20270814-S025,N20270814,2027-08-14T23:45:00Z,900,true,1.417295,0.858703,0.881548,0.914568
N20270814-S026,N20270814,2027-08-15T00:00:00Z,900,true,1.452483,0.844927,0.925175,0.914340
N20270814-S027,N20270814,2027-08-15T00:15:00Z,900,true,1.418943,0.857856,0.931606,0.999897
N20270814-S028,N20270814,2027-08-15T00:30:00Z,900,true,1.388912,0.849867,0.898200,0.997465
N20270814-S029,N20270814,2027-08-15T00:45:00Z,900,true,1.411060,0.842644,0.896229,0.954193
N20270814-S030,N20270814,2027-08-15T01:00:00Z,900,true,1.353816,0.844078,0.906459,0.915433
N20270814-S031,N20270814,2027-08-15T01:15:00Z,900,true,1.368581,0.838753,0.898387,0.963109
N20270814-S032,N20270814,2027-08-15T01:30:00Z,900,false,,,,
N20270814-S033,N20270814,2027-08-15T01:45:00Z,900,false,,,,
N20270814-S034,N20270814,2027-08-15T02:00:00Z,900,true,1.387413,0.837251,0.865251,0.920296
N20270814-S035,N20270814,2027-08-15T02:15:00Z,900,true,1.369163,0.846447,0.850524,0.986455
N20270814-S036,N20270814,2027-08-15T02:30:00Z,900,true,1.400731,0.860229,0.866972,0.985782
N20270814-S037,N20270814,2027-08-15T02:45:00Z,900,true,1.401012,0.858705,0.843446,0.979506
N20270814-S038,N20270814,2027-08-15T03:00:00Z,900,true,1.409836,0.852917,0.860391,0.999780
N20270814-S039,N20270814,2027-08-15T03:15:00Z,900,true,1.353165,0.857555,0.887662,0.909706
N20270814-S040,N20270814,2027-08-15T03:30:00Z,900,true,1.328014,0.843284,0.854161,0.960491
N20270814-S041,N20270814,2027-08-15T03:45:00Z,900,true,1.274858,0.830219,0.903041,0.958015
N20270815-S001,N20270815,2027-08-15T17:45:00Z,900,true,1.354925,0.830572,0.909612,0.903026
N20270815-S002,N20270815,2027-08-15T18:00:00Z,900,true,1.389766,0.864062,0.925265,0.921319
N20270815-S003,N20270815,2027-08-15T18:15:00Z,900,true,1.428056,0.876583,0.951301,0.934402
N20270815-S004,N20270815,2027-08-15T18:30:00Z,900,true,1.409185,0.891519,0.972591,0.995503
N20270815-S005,N20270815,2027-08-15T18:45:00Z,900,true,1.393585,0.881849,0.946511,0.989936
N20270815-S006,N20270815,2027-08-15T19:00:00Z,900,true,1.427953,0.869160,0.937641,0.973872
N20270815-S007,N20270815,2027-08-15T19:15:00Z,900,true,1.448862,0.863067,0.914033,0.906634
N20270815-S008,N20270815,2027-08-15T19:30:00Z,900,true,1.449960,0.873633,0.945016,0.932557
N20270815-S009,N20270815,2027-08-15T19:45:00Z,900,true,1.471148,0.872637,0.936766,0.991433
N20270815-S010,N20270815,2027-08-15T20:00:00Z,900,true,1.435449,0.877606,0.944985,0.953344
N20270815-S011,N20270815,2027-08-15T20:15:00Z,900,true,1.472927,0.889686,0.954302,0.460099
N20270815-S012,N20270815,2027-08-15T20:30:00Z,900,true,1.432307,0.889943,0.933694,0.481013
N20270815-S013,N20270815,2027-08-15T20:45:00Z,900,true,1.400944,0.898121,0.947017,0.481640
N20270815-S014,N20270815,2027-08-15T21:00:00Z,900,true,1.380583,0.905540,0.951021,0.480783
N20270815-S015,N20270815,2027-08-15T21:15:00Z,900,true,1.350499,0.903950,0.949081,0.454066
N20270815-S016,N20270815,2027-08-15T21:30:00Z,900,true,1.336623,0.917251,0.936849,0.455087
N20270815-S017,N20270815,2027-08-15T21:45:00Z,900,true,1.375780,0.887623,0.933123,0.459162
N20270815-S018,N20270815,2027-08-15T22:00:00Z,900,true,1.343015,0.867040,0.937295,0.453053
N20270815-S019,N20270815,2027-08-15T22:15:00Z,900,true,1.338127,0.882097,0.928092,0.490665
N20270815-S020,N20270815,2027-08-15T22:30:00Z,900,true,1.302690,0.903121,0.931671,0.447977
N20270815-S021,N20270815,2027-08-15T22:45:00Z,900,true,1.240930,0.890202,0.952999,0.464578
N20270815-S022,N20270815,2027-08-15T23:00:00Z,900,true,1.258950,0.886147,0.959312,0.450522
N20270815-S023,N20270815,2027-08-15T23:15:00Z,900,true,1.271342,0.879897,0.920656,0.464491
N20270815-S024,N20270815,2027-08-15T23:30:00Z,900,true,1.251191,0.872942,0.947940,0.481401
N20270815-S025,N20270815,2027-08-15T23:45:00Z,900,true,1.251934,0.883638,0.925937,0.444005
N20270815-S026,N20270815,2027-08-16T00:00:00Z,900,true,1.246862,0.877748,0.912649,0.446793
N20270815-S027,N20270815,2027-08-16T00:15:00Z,900,true,1.241355,0.875288,0.943035,0.462888
N20270815-S028,N20270815,2027-08-16T00:30:00Z,900,false,,,,
N20270815-S029,N20270815,2027-08-16T00:45:00Z,900,true,1.291491,0.887345,0.960224,0.485172
N20270815-S030,N20270815,2027-08-16T01:00:00Z,900,true,1.347547,0.883645,0.930494,0.476729
N20270815-S031,N20270815,2027-08-16T01:15:00Z,900,true,1.366540,0.881004,0.949667,0.478285
N20270815-S032,N20270815,2027-08-16T01:30:00Z,900,true,1.365956,0.886735,0.919771,0.469379
N20270815-S033,N20270815,2027-08-16T01:45:00Z,900,true,1.342140,0.874046,0.917274,0.456349
N20270815-S034,N20270815,2027-08-16T02:00:00Z,900,true,1.323715,0.911018,0.896460,0.484814
N20270815-S035,N20270815,2027-08-16T02:15:00Z,900,true,1.348901,0.921992,0.883955,0.478470
N20270815-S036,N20270815,2027-08-16T02:30:00Z,900,true,1.344689,0.910537,0.873755,0.486639
N20270815-S037,N20270815,2027-08-16T02:45:00Z,900,true,1.403217,0.880961,0.883339,0.470653
N20270815-S038,N20270815,2027-08-16T03:00:00Z,900,true,1.423895,0.881251,0.909195,0.465911
N20270815-S039,N20270815,2027-08-16T03:15:00Z,900,true,1.378755,0.871752,0.931343,0.477670
N20270815-S040,N20270815,2027-08-16T03:30:00Z,900,true,1.335801,0.861597,0.945014,0.446491
N20270815-S041,N20270815,2027-08-16T03:45:00Z,900,true,1.319825,0.847315,0.934866,0.448205
N20270816-S001,N20270816,2027-08-16T17:45:00Z,900,true,1.331155,0.916072,0.959045,0.445990
N20270816-S002,N20270816,2027-08-16T18:00:00Z,900,true,1.341624,0.902829,0.967057,0.473788
N20270816-S003,N20270816,2027-08-16T18:15:00Z,900,true,1.357793,0.927714,0.977346,0.465192
N20270816-S004,N20270816,2027-08-16T18:30:00Z,900,true,1.337835,0.917809,0.954509,0.485776
N20270816-S005,N20270816,2027-08-16T18:45:00Z,900,true,1.329105,0.943233,0.969890,0.490547
N20270816-S006,N20270816,2027-08-16T19:00:00Z,900,true,1.311692,0.965881,0.968383,0.481876
N20270816-S007,N20270816,2027-08-16T19:15:00Z,900,true,1.329794,0.963686,0.953508,0.465465
N20270816-S008,N20270816,2027-08-16T19:30:00Z,900,true,1.332167,0.958292,0.943511,0.455119
N20270816-S009,N20270816,2027-08-16T19:45:00Z,900,true,1.354180,0.939019,0.942803,0.488609
N20270816-S010,N20270816,2027-08-16T20:00:00Z,900,true,1.410560,0.946451,0.942053,0.485195
N20270816-S011,N20270816,2027-08-16T20:15:00Z,900,true,1.395081,0.948931,0.925296,0.474378
N20270816-S012,N20270816,2027-08-16T20:30:00Z,900,true,1.398600,0.959907,0.933200,0.453325
N20270816-S013,N20270816,2027-08-16T20:45:00Z,900,true,1.299844,0.932219,0.939179,0.445662
N20270816-S014,N20270816,2027-08-16T21:00:00Z,900,true,1.311605,0.925798,0.962131,0.488066
N20270816-S015,N20270816,2027-08-16T21:15:00Z,900,true,1.306298,0.927438,0.956884,0.478786
N20270816-S016,N20270816,2027-08-16T21:30:00Z,900,true,1.351193,0.941695,0.937499,0.448015
N20270816-S017,N20270816,2027-08-16T21:45:00Z,900,true,1.402591,0.943380,0.950025,0.473341
N20270816-S018,N20270816,2027-08-16T22:00:00Z,900,true,1.393760,0.939787,0.944282,0.480707
N20270816-S019,N20270816,2027-08-16T22:15:00Z,900,true,1.363544,0.930394,0.933218,0.447117
N20270816-S020,N20270816,2027-08-16T22:30:00Z,900,true,1.362943,0.927216,0.953197,0.461873
N20270816-S021,N20270816,2027-08-16T22:45:00Z,900,true,1.353930,0.928109,0.956418,0.461476
N20270816-S022,N20270816,2027-08-16T23:00:00Z,900,true,1.329078,0.918957,0.993994,0.478225
N20270816-S023,N20270816,2027-08-16T23:15:00Z,900,true,1.317207,0.904203,0.996541,0.449633
N20270816-S024,N20270816,2027-08-16T23:30:00Z,900,true,1.324974,0.921480,1.001971,0.477749
N20270816-S025,N20270816,2027-08-16T23:45:00Z,900,true,1.301113,0.931109,1.017836,0.489243
N20270816-S026,N20270816,2027-08-17T00:00:00Z,900,true,1.265509,0.936677,1.001290,0.454487
N20270816-S027,N20270816,2027-08-17T00:15:00Z,900,true,1.329843,0.934352,1.004083,0.451889
N20270816-S028,N20270816,2027-08-17T00:30:00Z,900,true,1.318455,0.940132,1.023441,0.457246
N20270816-S029,N20270816,2027-08-17T00:45:00Z,900,true,1.300189,0.911006,1.004397,0.470880
N20270816-S030,N20270816,2027-08-17T01:00:00Z,900,true,1.276428,0.917119,1.018387,0.461763
N20270816-S031,N20270816,2027-08-17T01:15:00Z,900,true,1.289192,0.922254,1.012860,0.452937
N20270816-S032,N20270816,2027-08-17T01:30:00Z,900,true,1.280214,0.940566,1.003104,0.480586
N20270816-S033,N20270816,2027-08-17T01:45:00Z,900,true,1.302055,0.947605,0.997106,0.483484
N20270816-S034,N20270816,2027-08-17T02:00:00Z,900,true,1.297664,0.946717,0.984565,0.471208
N20270816-S035,N20270816,2027-08-17T02:15:00Z,900,true,1.258044,0.951444,0.990968,0.461725
N20270816-S036,N20270816,2027-08-17T02:30:00Z,900,true,1.340752,0.953779,1.011487,0.485535
N20270816-S037,N20270816,2027-08-17T02:45:00Z,900,true,1.370469,0.959211,1.002192,0.454961
N20270816-S038,N20270816,2027-08-17T03:00:00Z,900,true,1.278864,0.948605,0.990597,0.486514
N20270816-S039,N20270816,2027-08-17T03:15:00Z,900,true,1.282782,0.945676,0.957328,0.447573
N20270816-S040,N20270816,2027-08-17T03:30:00Z,900,true,1.337969,0.923286,0.951776,0.460323
N20270817-S001,N20270817,2027-08-17T17:45:00Z,900,true,1.186972,0.993819,0.857344,0.448035
N20270817-S002,N20270817,2027-08-17T18:00:00Z,900,true,1.274349,0.990251,0.881376,0.458981
N20270817-S003,N20270817,2027-08-17T18:15:00Z,900,false,,,,
N20270817-S004,N20270817,2027-08-17T18:30:00Z,900,false,,,,
N20270817-S005,N20270817,2027-08-17T18:45:00Z,900,false,,,,
N20270817-S006,N20270817,2027-08-17T19:00:00Z,900,false,,,,
N20270817-S007,N20270817,2027-08-17T19:15:00Z,900,false,,,,
N20270817-S008,N20270817,2027-08-17T19:30:00Z,900,false,,,,
N20270817-S009,N20270817,2027-08-17T19:45:00Z,900,false,,,,
N20270817-S010,N20270817,2027-08-17T20:00:00Z,900,false,,,,
N20270817-S011,N20270817,2027-08-17T20:15:00Z,900,false,,,,
N20270817-S012,N20270817,2027-08-17T20:30:00Z,900,false,,,,
N20270817-S013,N20270817,2027-08-17T20:45:00Z,900,false,,,,
N20270817-S014,N20270817,2027-08-17T21:00:00Z,900,false,,,,
N20270817-S015,N20270817,2027-08-17T21:15:00Z,900,false,,,,
N20270817-S016,N20270817,2027-08-17T21:30:00Z,900,false,,,,
N20270817-S017,N20270817,2027-08-17T21:45:00Z,900,false,,,,
N20270817-S018,N20270817,2027-08-17T22:00:00Z,900,false,,,,
N20270817-S019,N20270817,2027-08-17T22:15:00Z,900,false,,,,
N20270817-S020,N20270817,2027-08-17T22:30:00Z,900,false,,,,
N20270817-S021,N20270817,2027-08-17T22:45:00Z,900,false,,,,
N20270817-S022,N20270817,2027-08-17T23:00:00Z,900,false,,,,
N20270817-S023,N20270817,2027-08-17T23:15:00Z,900,false,,,,
N20270817-S024,N20270817,2027-08-17T23:30:00Z,900,false,,,,
N20270817-S025,N20270817,2027-08-17T23:45:00Z,900,false,,,,
N20270817-S026,N20270817,2027-08-18T00:00:00Z,900,false,,,,
N20270817-S027,N20270817,2027-08-18T00:15:00Z,900,false,,,,
N20270817-S028,N20270817,2027-08-18T00:30:00Z,900,false,,,,
N20270817-S029,N20270817,2027-08-18T00:45:00Z,900,false,,,,
N20270817-S030,N20270817,2027-08-18T01:00:00Z,900,false,,,,
N20270817-S031,N20270817,2027-08-18T01:15:00Z,900,false,,,,
N20270817-S032,N20270817,2027-08-18T01:30:00Z,900,false,,,,
N20270817-S033,N20270817,2027-08-18T01:45:00Z,900,false,,,,
N20270817-S034,N20270817,2027-08-18T02:00:00Z,900,false,,,,
N20270817-S035,N20270817,2027-08-18T02:15:00Z,900,false,,,,
N20270817-S036,N20270817,2027-08-18T02:30:00Z,900,false,,,,
N20270817-S037,N20270817,2027-08-18T02:45:00Z,900,false,,,,
N20270817-S038,N20270817,2027-08-18T03:00:00Z,900,false,,,,
N20270817-S039,N20270817,2027-08-18T03:15:00Z,900,false,,,,
N20270817-S040,N20270817,2027-08-18T03:30:00Z,900,false,,,,
N20270818-S001,N20270818,2027-08-18T17:45:00Z,900,false,,,,
N20270818-S002,N20270818,2027-08-18T18:00:00Z,900,true,1.148597,0.971310,0.879068,0.486932
N20270818-S003,N20270818,2027-08-18T18:15:00Z,900,true,1.174444,0.972566,0.881811,0.450081
N20270818-S004,N20270818,2027-08-18T18:30:00Z,900,true,1.126960,0.979274,0.880159,0.446723
N20270818-S005,N20270818,2027-08-18T18:45:00Z,900,true,1.054127,0.981986,0.894036,0.470831
N20270818-S006,N20270818,2027-08-18T19:00:00Z,900,true,1.104334,0.971063,0.915007,0.475901
N20270818-S007,N20270818,2027-08-18T19:15:00Z,900,true,1.120469,0.961731,0.920339,0.477765
N20270818-S008,N20270818,2027-08-18T19:30:00Z,900,true,1.100184,0.958069,0.909480,0.456874
N20270818-S009,N20270818,2027-08-18T19:45:00Z,900,true,1.120948,0.987033,0.893767,0.452149
N20270818-S010,N20270818,2027-08-18T20:00:00Z,900,false,,,,
N20270818-S011,N20270818,2027-08-18T20:15:00Z,900,false,,,,
N20270818-S012,N20270818,2027-08-18T20:30:00Z,900,false,,,,
N20270818-S013,N20270818,2027-08-18T20:45:00Z,900,true,1.120372,0.982169,0.918071,0.479714
N20270818-S014,N20270818,2027-08-18T21:00:00Z,900,true,1.132671,0.967059,0.908859,0.467189
N20270818-S015,N20270818,2027-08-18T21:15:00Z,900,false,,,,
N20270818-S016,N20270818,2027-08-18T21:30:00Z,900,false,,,,
N20270818-S017,N20270818,2027-08-18T21:45:00Z,900,true,1.180209,0.963371,0.945514,0.469362
N20270818-S018,N20270818,2027-08-18T22:00:00Z,900,true,1.170774,0.962303,0.939097,0.483210
N20270818-S019,N20270818,2027-08-18T22:15:00Z,900,true,1.116609,0.957963,0.919942,0.488720
N20270818-S020,N20270818,2027-08-18T22:30:00Z,900,true,1.118708,0.963754,0.899659,0.461611
N20270818-S021,N20270818,2027-08-18T22:45:00Z,900,true,1.152561,0.961750,0.906152,0.452817
N20270818-S022,N20270818,2027-08-18T23:00:00Z,900,true,1.153628,0.947949,0.901195,0.457037
N20270818-S023,N20270818,2027-08-18T23:15:00Z,900,true,1.250049,0.956337,0.914172,0.462701
N20270818-S024,N20270818,2027-08-18T23:30:00Z,900,true,1.264396,0.962680,0.908558,0.452384
N20270818-S025,N20270818,2027-08-18T23:45:00Z,900,true,1.237602,0.952089,0.878985,0.446397
N20270818-S026,N20270818,2027-08-19T00:00:00Z,900,true,1.215693,0.942523,0.848865,0.453390
N20270818-S027,N20270818,2027-08-19T00:15:00Z,900,true,1.158472,0.921445,0.857080,0.484380
N20270818-S028,N20270818,2027-08-19T00:30:00Z,900,true,1.152269,0.933709,0.860970,0.466560
N20270818-S029,N20270818,2027-08-19T00:45:00Z,900,true,1.111183,0.946584,0.859061,0.467811
N20270818-S030,N20270818,2027-08-19T01:00:00Z,900,true,1.059730,0.949747,0.880346,0.448523
N20270818-S031,N20270818,2027-08-19T01:15:00Z,900,true,1.133759,0.937388,0.902208,0.459232
N20270818-S032,N20270818,2027-08-19T01:30:00Z,900,true,1.203185,0.940817,0.897105,0.445865
N20270818-S033,N20270818,2027-08-19T01:45:00Z,900,true,1.209476,0.937962,0.877601,0.465096
N20270818-S034,N20270818,2027-08-19T02:00:00Z,900,true,1.163212,0.931762,0.880778,0.465263
N20270818-S035,N20270818,2027-08-19T02:15:00Z,900,true,1.152736,0.928334,0.870811,0.486185
N20270818-S036,N20270818,2027-08-19T02:30:00Z,900,true,1.152579,0.945885,0.883333,0.464234
N20270818-S037,N20270818,2027-08-19T02:45:00Z,900,true,1.150908,0.949356,0.894447,0.475070
N20270818-S038,N20270818,2027-08-19T03:00:00Z,900,true,1.141722,0.939750,0.880382,0.441837
N20270818-S039,N20270818,2027-08-19T03:15:00Z,900,true,1.143142,0.945239,0.904055,0.463970
N20270818-S040,N20270818,2027-08-19T03:30:00Z,900,true,1.085714,0.955195,0.887322,0.463833
N20270819-S001,N20270819,2027-08-19T17:45:00Z,900,true,1.206819,0.965702,0.817671,0.484450
N20270819-S002,N20270819,2027-08-19T18:00:00Z,900,true,1.227714,0.956838,0.821866,0.477633
N20270819-S003,N20270819,2027-08-19T18:15:00Z,900,true,1.262636,0.963290,0.832395,0.458229
N20270819-S004,N20270819,2027-08-19T18:30:00Z,900,true,1.252516,0.972378,0.815240,0.455855
N20270819-S005,N20270819,2027-08-19T18:45:00Z,900,true,1.263563,0.996389,0.807273,0.465107
N20270819-S006,N20270819,2027-08-19T19:00:00Z,900,true,1.261310,1.000000,0.840919,0.481965
N20270819-S007,N20270819,2027-08-19T19:15:00Z,900,true,1.293868,1.000000,0.822165,0.485783
N20270819-S008,N20270819,2027-08-19T19:30:00Z,900,true,1.273553,1.000000,0.779926,0.447661
N20270819-S009,N20270819,2027-08-19T19:45:00Z,900,true,1.258372,1.000000,0.763713,0.444250
N20270819-S010,N20270819,2027-08-19T20:00:00Z,900,true,1.287205,1.000000,0.753157,0.460321
N20270819-S011,N20270819,2027-08-19T20:15:00Z,900,true,1.236011,0.997864,0.740666,0.474379
N20270819-S012,N20270819,2027-08-19T20:30:00Z,900,true,1.235162,1.000000,0.751994,0.446346
N20270819-S013,N20270819,2027-08-19T20:45:00Z,900,true,1.237851,1.000000,0.771885,0.444664
N20270819-S014,N20270819,2027-08-19T21:00:00Z,900,true,1.160939,0.985621,0.769106,0.467627
N20270819-S015,N20270819,2027-08-19T21:15:00Z,900,true,1.157939,0.945451,0.785860,0.460687
N20270819-S016,N20270819,2027-08-19T21:30:00Z,900,true,1.204797,0.932570,0.795451,0.446752
N20270819-S017,N20270819,2027-08-19T21:45:00Z,900,true,1.264569,0.948471,0.812162,0.451373
N20270819-S018,N20270819,2027-08-19T22:00:00Z,900,true,1.275421,0.959873,0.842389,0.468455
N20270819-S019,N20270819,2027-08-19T22:15:00Z,900,true,1.254395,0.963275,0.864280,0.483125
N20270819-S020,N20270819,2027-08-19T22:30:00Z,900,true,1.247708,0.961674,0.867351,0.466680
N20270819-S021,N20270819,2027-08-19T22:45:00Z,900,true,1.259310,0.973737,0.852936,0.441965
N20270819-S022,N20270819,2027-08-19T23:00:00Z,900,true,1.226257,0.981435,0.842528,0.485895
N20270819-S023,N20270819,2027-08-19T23:15:00Z,900,true,1.206592,0.958444,0.833843,0.485815
N20270819-S024,N20270819,2027-08-19T23:30:00Z,900,true,1.215304,0.952932,0.816221,0.450235
N20270819-S025,N20270819,2027-08-19T23:45:00Z,900,true,1.230376,0.934009,0.827902,0.461576
N20270819-S026,N20270819,2027-08-20T00:00:00Z,900,true,1.284667,0.941808,0.834057,0.459262
N20270819-S027,N20270819,2027-08-20T00:15:00Z,900,true,1.264494,0.982721,0.879253,0.480615
N20270819-S028,N20270819,2027-08-20T00:30:00Z,900,true,1.290264,0.985457,0.846460,0.449840
N20270819-S029,N20270819,2027-08-20T00:45:00Z,900,true,1.277199,0.999703,0.854537,0.480100
N20270819-S030,N20270819,2027-08-20T01:00:00Z,900,true,1.245353,0.998888,0.835856,0.485451
N20270819-S031,N20270819,2027-08-20T01:15:00Z,900,true,1.203787,1.000000,0.802159,0.472142
N20270819-S032,N20270819,2027-08-20T01:30:00Z,900,true,1.176320,0.989220,0.777557,0.481276
N20270819-S033,N20270819,2027-08-20T01:45:00Z,900,true,1.217098,0.961441,0.753196,0.451791
N20270819-S034,N20270819,2027-08-20T02:00:00Z,900,true,1.236182,0.978890,0.746586,0.475359
N20270819-S035,N20270819,2027-08-20T02:15:00Z,900,true,1.208745,0.971588,0.754690,0.462006
N20270819-S036,N20270819,2027-08-20T02:30:00Z,900,true,1.170370,0.956397,0.753339,0.464314
N20270819-S037,N20270819,2027-08-20T02:45:00Z,900,true,1.222024,0.954928,0.768856,0.468338
N20270819-S038,N20270819,2027-08-20T03:00:00Z,900,true,1.184473,0.964879,0.778531,0.442026
N20270819-S039,N20270819,2027-08-20T03:15:00Z,900,true,1.217338,0.956833,0.765377,0.443306
N20270819-S040,N20270819,2027-08-20T03:30:00Z,900,true,1.192334,0.980888,0.765014,0.465784
N20270820-S001,N20270820,2027-08-20T17:45:00Z,900,true,1.200233,0.967955,0.829416,0.475071
N20270820-S002,N20270820,2027-08-20T18:00:00Z,900,true,1.244253,0.947659,0.830806,0.476188
N20270820-S003,N20270820,2027-08-20T18:15:00Z,900,true,1.233106,0.938076,0.820586,0.457094
N20270820-S004,N20270820,2027-08-20T18:30:00Z,900,true,1.172968,0.955308,0.789664,0.490068
N20270820-S005,N20270820,2027-08-20T18:45:00Z,900,true,1.169748,0.973066,0.786239,0.465545
N20270820-S006,N20270820,2027-08-20T19:00:00Z,900,true,1.171007,0.964109,0.784232,0.456961
N20270820-S007,N20270820,2027-08-20T19:15:00Z,900,true,1.157112,0.968000,0.779860,0.450134
N20270820-S008,N20270820,2027-08-20T19:30:00Z,900,true,1.146082,0.971286,0.778698,0.476683
N20270820-S009,N20270820,2027-08-20T19:45:00Z,900,true,1.135124,0.973445,0.760225,0.462183
N20270820-S010,N20270820,2027-08-20T20:00:00Z,900,true,1.149187,0.967729,0.756724,0.464662
N20270820-S011,N20270820,2027-08-20T20:15:00Z,900,true,1.171268,0.955290,0.768658,0.454111
N20270820-S012,N20270820,2027-08-20T20:30:00Z,900,true,1.479394,0.535205,0.494240,0.462256
N20270820-S013,N20270820,2027-08-20T20:45:00Z,900,true,1.445539,0.532319,0.512575,0.469858
N20270820-S014,N20270820,2027-08-20T21:00:00Z,900,true,1.520093,0.534778,0.498589,0.444790
N20270820-S015,N20270820,2027-08-20T21:15:00Z,900,true,1.515451,0.530607,0.511458,0.467553
N20270820-S016,N20270820,2027-08-20T21:30:00Z,900,true,1.572076,0.521508,0.521943,0.444835
N20270820-S017,N20270820,2027-08-20T21:45:00Z,900,true,1.551756,0.518726,0.532010,0.479074
N20270820-S018,N20270820,2027-08-20T22:00:00Z,900,true,1.587473,0.510243,0.527980,0.484386
N20270820-S019,N20270820,2027-08-20T22:15:00Z,900,true,1.587227,0.511534,0.531753,0.457543
N20270820-S020,N20270820,2027-08-20T22:30:00Z,900,true,1.596579,0.507994,0.534223,0.447503
N20270820-S021,N20270820,2027-08-20T22:45:00Z,900,true,1.581836,0.517370,0.551688,0.484013
N20270820-S022,N20270820,2027-08-20T23:00:00Z,900,true,1.476452,0.520729,0.541946,0.474348
N20270820-S023,N20270820,2027-08-20T23:15:00Z,900,true,1.479512,0.520318,0.553181,0.445171
N20270820-S024,N20270820,2027-08-20T23:30:00Z,900,true,1.524715,0.508053,0.555164,0.481820
N20270820-S025,N20270820,2027-08-20T23:45:00Z,900,true,1.484650,0.509991,0.554872,0.472826
N20270820-S026,N20270820,2027-08-21T00:00:00Z,900,true,1.418452,0.521133,0.544152,0.480080
N20270820-S027,N20270820,2027-08-21T00:15:00Z,900,true,1.343413,0.527924,0.547328,0.453126
N20270820-S028,N20270820,2027-08-21T00:30:00Z,900,true,1.393184,0.536210,0.538593,0.461705
N20270820-S029,N20270820,2027-08-21T00:45:00Z,900,true,1.402228,0.527168,0.543287,0.459210
N20270820-S030,N20270820,2027-08-21T01:00:00Z,900,true,1.385017,0.535551,0.553232,0.486397
N20270820-S031,N20270820,2027-08-21T01:15:00Z,900,true,1.438763,0.546785,0.566422,0.480838
N20270820-S032,N20270820,2027-08-21T01:30:00Z,900,true,1.431583,0.547957,0.559054,0.482893
N20270820-S033,N20270820,2027-08-21T01:45:00Z,900,true,1.503906,0.539945,0.554375,0.449741
N20270820-S034,N20270820,2027-08-21T02:00:00Z,900,true,1.440691,0.542585,0.553008,0.476425
N20270820-S035,N20270820,2027-08-21T02:15:00Z,900,true,1.399401,0.541115,0.546802,0.477598
N20270820-S036,N20270820,2027-08-21T02:30:00Z,900,true,1.442610,0.533956,0.558191,0.490439
N20270820-S037,N20270820,2027-08-21T02:45:00Z,900,true,1.463893,0.531740,0.558069,0.487236
N20270820-S038,N20270820,2027-08-21T03:00:00Z,900,true,1.412525,0.534157,0.553089,0.487194
N20270820-S039,N20270820,2027-08-21T03:15:00Z,900,true,1.366408,0.539211,0.535106,0.482944
N20270820-S040,N20270820,2027-08-21T03:30:00Z,900,true,1.384404,0.544679,0.527341,0.484881
N20270821-S001,N20270821,2027-08-21T17:45:00Z,900,true,1.223605,0.527953,0.541644,0.458818
N20270821-S002,N20270821,2027-08-21T18:00:00Z,900,true,1.188859,0.525920,0.553497,0.450720
N20270821-S003,N20270821,2027-08-21T18:15:00Z,900,true,1.010783,0.967147,0.856803,0.442387
N20270821-S004,N20270821,2027-08-21T18:30:00Z,900,true,1.045744,0.968585,0.853174,0.470902
N20270821-S005,N20270821,2027-08-21T18:45:00Z,900,true,1.085296,0.950745,0.858075,0.443439
N20270821-S006,N20270821,2027-08-21T19:00:00Z,900,true,1.074920,0.952994,0.855805,0.473638
N20270821-S007,N20270821,2027-08-21T19:15:00Z,900,true,1.058758,0.967049,0.857424,0.484766
N20270821-S008,N20270821,2027-08-21T19:30:00Z,900,true,1.062309,0.964829,0.858427,0.486750
N20270821-S009,N20270821,2027-08-21T19:45:00Z,900,true,1.052636,0.972730,0.871196,0.469713
N20270821-S010,N20270821,2027-08-21T20:00:00Z,900,true,1.032526,0.983671,0.873369,0.449383
N20270821-S011,N20270821,2027-08-21T20:15:00Z,900,true,1.057997,0.991206,0.854606,0.460690
N20270821-S012,N20270821,2027-08-21T20:30:00Z,900,true,0.970809,0.981948,0.863155,0.465783
N20270821-S013,N20270821,2027-08-21T20:45:00Z,900,true,0.977562,0.993577,0.855678,0.473351
N20270821-S014,N20270821,2027-08-21T21:00:00Z,900,true,0.977715,1.000000,0.867590,0.476155
N20270821-S015,N20270821,2027-08-21T21:15:00Z,900,true,1.022584,0.960632,0.920160,0.480117
N20270821-S016,N20270821,2027-08-21T21:30:00Z,900,true,1.021420,0.927522,0.910155,0.447726
N20270821-S017,N20270821,2027-08-21T21:45:00Z,900,true,0.986237,0.946343,0.899387,0.486029
N20270821-S018,N20270821,2027-08-21T22:00:00Z,900,true,0.961267,0.936606,0.874930,0.456544
N20270821-S019,N20270821,2027-08-21T22:15:00Z,900,true,0.975595,0.934827,0.886847,0.488021
N20270821-S020,N20270821,2027-08-21T22:30:00Z,900,true,0.960859,0.953061,0.901160,0.464724
N20270821-S021,N20270821,2027-08-21T22:45:00Z,900,true,0.947183,0.951385,0.872493,0.451178
N20270821-S022,N20270821,2027-08-21T23:00:00Z,900,false,,,,
N20270821-S023,N20270821,2027-08-21T23:15:00Z,900,false,,,,
N20270821-S024,N20270821,2027-08-21T23:30:00Z,900,false,,,,
N20270821-S025,N20270821,2027-08-21T23:45:00Z,900,false,,,,
N20270821-S026,N20270821,2027-08-22T00:00:00Z,900,false,,,,
N20270821-S027,N20270821,2027-08-22T00:15:00Z,900,false,,,,
N20270821-S028,N20270821,2027-08-22T00:30:00Z,900,false,,,,
N20270821-S029,N20270821,2027-08-22T00:45:00Z,900,false,,,,
N20270821-S030,N20270821,2027-08-22T01:00:00Z,900,false,,,,
N20270821-S031,N20270821,2027-08-22T01:15:00Z,900,false,,,,
N20270821-S032,N20270821,2027-08-22T01:30:00Z,900,false,,,,
N20270821-S033,N20270821,2027-08-22T01:45:00Z,900,false,,,,
N20270821-S034,N20270821,2027-08-22T02:00:00Z,900,false,,,,
N20270821-S035,N20270821,2027-08-22T02:15:00Z,900,false,,,,
N20270821-S036,N20270821,2027-08-22T02:30:00Z,900,false,,,,
N20270821-S037,N20270821,2027-08-22T02:45:00Z,900,false,,,,
N20270821-S038,N20270821,2027-08-22T03:00:00Z,900,false,,,,
N20270821-S039,N20270821,2027-08-22T03:15:00Z,900,false,,,,
N20270821-S040,N20270821,2027-08-22T03:30:00Z,900,false,,,,
N20270822-S001,N20270822,2027-08-22T18:00:00Z,900,false,,,,
N20270822-S002,N20270822,2027-08-22T18:15:00Z,900,false,,,,
N20270822-S003,N20270822,2027-08-22T18:30:00Z,900,false,,,,
N20270822-S004,N20270822,2027-08-22T18:45:00Z,900,false,,,,
N20270822-S005,N20270822,2027-08-22T19:00:00Z,900,false,,,,
N20270822-S006,N20270822,2027-08-22T19:15:00Z,900,false,,,,
N20270822-S007,N20270822,2027-08-22T19:30:00Z,900,false,,,,
N20270822-S008,N20270822,2027-08-22T19:45:00Z,900,false,,,,
N20270822-S009,N20270822,2027-08-22T20:00:00Z,900,false,,,,
N20270822-S010,N20270822,2027-08-22T20:15:00Z,900,false,,,,
N20270822-S011,N20270822,2027-08-22T20:30:00Z,900,false,,,,
N20270822-S012,N20270822,2027-08-22T20:45:00Z,900,false,,,,
N20270822-S013,N20270822,2027-08-22T21:00:00Z,900,false,,,,
N20270822-S014,N20270822,2027-08-22T21:15:00Z,900,false,,,,
N20270822-S015,N20270822,2027-08-22T21:30:00Z,900,false,,,,
N20270822-S016,N20270822,2027-08-22T21:45:00Z,900,false,,,,
N20270822-S017,N20270822,2027-08-22T22:00:00Z,900,false,,,,
N20270822-S018,N20270822,2027-08-22T22:15:00Z,900,false,,,,
N20270822-S019,N20270822,2027-08-22T22:30:00Z,900,true,1.017345,0.912678,0.794319,0.463862
N20270822-S020,N20270822,2027-08-22T22:45:00Z,900,true,1.028387,0.916152,0.810076,0.445858
N20270822-S021,N20270822,2027-08-22T23:00:00Z,900,true,0.986919,0.932146,0.821558,0.473519
N20270822-S022,N20270822,2027-08-22T23:15:00Z,900,true,0.994595,0.925708,0.804621,0.478567
N20270822-S023,N20270822,2027-08-22T23:30:00Z,900,true,1.039303,0.927624,0.811289,0.484338
N20270822-S024,N20270822,2027-08-22T23:45:00Z,900,true,0.998047,0.921946,0.830716,0.463099
N20270822-S025,N20270822,2027-08-23T00:00:00Z,900,true,1.031152,0.902533,0.827288,0.443121
N20270822-S026,N20270822,2027-08-23T00:15:00Z,900,true,1.000543,0.891751,0.851961,0.454847
N20270822-S027,N20270822,2027-08-23T00:30:00Z,900,true,1.072380,0.899755,0.850233,0.475291
N20270822-S028,N20270822,2027-08-23T00:45:00Z,900,true,1.046622,0.882806,0.865833,0.445822
N20270822-S029,N20270822,2027-08-23T01:00:00Z,900,true,1.003451,0.881015,0.825405,0.487404
N20270822-S030,N20270822,2027-08-23T01:15:00Z,900,true,1.008095,0.895155,0.826288,0.475749
N20270822-S031,N20270822,2027-08-23T01:30:00Z,900,true,1.034345,0.887448,0.830279,0.475556
N20270822-S032,N20270822,2027-08-23T01:45:00Z,900,true,1.051304,0.895030,0.835846,0.469908
N20270822-S033,N20270822,2027-08-23T02:00:00Z,900,true,1.046218,0.906497,0.835484,0.472069
N20270822-S034,N20270822,2027-08-23T02:15:00Z,900,true,1.070952,0.908169,0.844733,0.467126
N20270822-S035,N20270822,2027-08-23T02:30:00Z,900,true,1.043758,0.918635,0.857937,0.442520
N20270822-S036,N20270822,2027-08-23T02:45:00Z,900,true,1.010154,0.928406,0.878108,0.462989
N20270822-S037,N20270822,2027-08-23T03:00:00Z,900,true,0.986963,0.940845,0.882183,0.484198
N20270822-S038,N20270822,2027-08-23T03:15:00Z,900,true,1.005979,0.938452,0.853980,0.457968
N20270822-S039,N20270822,2027-08-23T03:30:00Z,900,true,1.064564,0.942486,0.864376,0.484651
N20270823-S001,N20270823,2027-08-23T18:00:00Z,900,true,1.332224,0.874065,0.941855,0.465012
N20270823-S002,N20270823,2027-08-23T18:15:00Z,900,true,1.371275,0.891236,0.929808,0.463646
N20270823-S003,N20270823,2027-08-23T18:30:00Z,900,true,1.398918,0.863956,0.932940,0.444243
N20270823-S004,N20270823,2027-08-23T18:45:00Z,900,true,1.313265,0.865535,0.934846,0.451041
N20270823-S005,N20270823,2027-08-23T19:00:00Z,900,true,1.300076,0.855549,0.971891,0.474545
N20270823-S006,N20270823,2027-08-23T19:15:00Z,900,true,1.288896,0.861062,0.976224,0.454312
N20270823-S007,N20270823,2027-08-23T19:30:00Z,900,true,1.202091,0.853602,0.994308,0.471083
N20270823-S008,N20270823,2027-08-23T19:45:00Z,900,true,1.203424,0.864475,1.003926,0.474658
N20270823-S009,N20270823,2027-08-23T20:00:00Z,900,true,1.254153,0.889090,0.994131,0.445785
N20270823-S010,N20270823,2027-08-23T20:15:00Z,900,true,1.279076,0.866871,0.992925,0.446671
N20270823-S011,N20270823,2027-08-23T20:30:00Z,900,true,1.343900,0.867467,1.001780,0.456163
N20270823-S012,N20270823,2027-08-23T20:45:00Z,900,true,1.363310,0.880638,1.015290,0.466365
N20270823-S013,N20270823,2027-08-23T21:00:00Z,900,true,1.389367,0.899526,1.008373,0.455857
N20270823-S014,N20270823,2027-08-23T21:15:00Z,900,true,1.309887,0.888086,1.005658,0.477382
N20270823-S015,N20270823,2027-08-23T21:30:00Z,900,true,1.348724,0.884811,0.991452,0.483232
N20270823-S016,N20270823,2027-08-23T21:45:00Z,900,true,1.303130,0.889472,0.981267,0.459529
N20270823-S017,N20270823,2027-08-23T22:00:00Z,900,true,1.312433,0.899960,0.941567,0.481245
N20270823-S018,N20270823,2027-08-23T22:15:00Z,900,true,1.346116,0.900056,0.939422,0.455532
N20270823-S019,N20270823,2027-08-23T22:30:00Z,900,true,1.306773,0.884249,0.936305,0.451369
N20270823-S020,N20270823,2027-08-23T22:45:00Z,900,true,1.297001,0.872311,0.952496,0.442770
N20270823-S021,N20270823,2027-08-23T23:00:00Z,900,true,1.322918,0.855616,0.942435,0.448375
N20270823-S022,N20270823,2027-08-23T23:15:00Z,900,true,1.373623,0.848510,0.934413,0.476216
N20270823-S023,N20270823,2027-08-23T23:30:00Z,900,true,1.358457,0.852426,0.935663,0.455210
N20270823-S024,N20270823,2027-08-23T23:45:00Z,900,true,1.394208,0.861746,0.918590,0.461234
N20270823-S025,N20270823,2027-08-24T00:00:00Z,900,true,1.362335,0.857784,0.909957,0.489088
N20270823-S026,N20270823,2027-08-24T00:15:00Z,900,true,1.393949,0.847866,0.910179,0.470042
N20270823-S027,N20270823,2027-08-24T00:30:00Z,900,true,1.363452,0.847644,0.910415,0.480415
N20270823-S028,N20270823,2027-08-24T00:45:00Z,900,true,1.381473,0.837632,0.938300,0.450351
N20270823-S029,N20270823,2027-08-24T01:00:00Z,900,true,1.340090,0.837299,0.920733,0.461625
N20270823-S030,N20270823,2027-08-24T01:15:00Z,900,true,1.409447,0.835267,0.927925,0.453286
N20270823-S031,N20270823,2027-08-24T01:30:00Z,900,true,1.413434,0.849522,0.922795,0.464396
N20270823-S032,N20270823,2027-08-24T01:45:00Z,900,true,1.421860,0.833539,0.942240,0.469185
N20270823-S033,N20270823,2027-08-24T02:00:00Z,900,true,1.390577,0.842762,0.950393,0.462709
N20270823-S034,N20270823,2027-08-24T02:15:00Z,900,true,1.396579,0.836107,0.931426,0.467265
N20270823-S035,N20270823,2027-08-24T02:30:00Z,900,true,1.378337,0.837636,0.940721,0.469904
N20270823-S036,N20270823,2027-08-24T02:45:00Z,900,true,1.395693,0.833461,0.914809,0.465233
N20270823-S037,N20270823,2027-08-24T03:00:00Z,900,true,1.425249,0.830258,0.890738,0.456725
N20270823-S038,N20270823,2027-08-24T03:15:00Z,900,true,1.376026,0.837693,0.886561,0.461730
N20270823-S039,N20270823,2027-08-24T03:30:00Z,900,true,1.383178,0.850666,0.894372,0.488167
N20270824-S001,N20270824,2027-08-24T18:00:00Z,900,true,1.216032,0.889004,0.919760,0.461396
N20270824-S002,N20270824,2027-08-24T18:15:00Z,900,true,1.211703,0.870505,0.913352,0.472690
N20270824-S003,N20270824,2027-08-24T18:30:00Z,900,true,1.249097,0.872266,0.918127,0.486041
N20270824-S004,N20270824,2027-08-24T18:45:00Z,900,true,1.231479,0.877896,0.917022,0.460950
N20270824-S005,N20270824,2027-08-24T19:00:00Z,900,true,1.174296,0.898073,0.916369,0.481052
N20270824-S006,N20270824,2027-08-24T19:15:00Z,900,true,1.205172,0.894858,0.898107,0.478615
N20270824-S007,N20270824,2027-08-24T19:30:00Z,900,true,1.233635,0.903337,0.890431,0.456928
N20270824-S008,N20270824,2027-08-24T19:45:00Z,900,true,1.279256,0.903185,0.900195,0.478764
N20270824-S009,N20270824,2027-08-24T20:00:00Z,900,true,1.340190,0.910821,0.916034,0.465653
N20270824-S010,N20270824,2027-08-24T20:15:00Z,900,true,1.348763,0.917440,0.921564,0.460611
N20270824-S011,N20270824,2027-08-24T20:30:00Z,900,true,1.315253,0.905945,0.928322,0.478978
N20270824-S012,N20270824,2027-08-24T20:45:00Z,900,true,1.387819,0.895171,0.935376,0.480270
N20270824-S013,N20270824,2027-08-24T21:00:00Z,900,false,,,,
N20270824-S014,N20270824,2027-08-24T21:15:00Z,900,false,,,,
N20270824-S015,N20270824,2027-08-24T21:30:00Z,900,false,,,,
N20270824-S016,N20270824,2027-08-24T21:45:00Z,900,false,,,,
N20270824-S017,N20270824,2027-08-24T22:00:00Z,900,false,,,,
N20270824-S018,N20270824,2027-08-24T22:15:00Z,900,false,,,,
N20270824-S019,N20270824,2027-08-24T22:30:00Z,900,false,,,,
N20270824-S020,N20270824,2027-08-24T22:45:00Z,900,false,,,,
N20270824-S021,N20270824,2027-08-24T23:00:00Z,900,false,,,,
N20270824-S022,N20270824,2027-08-24T23:15:00Z,900,false,,,,
N20270824-S023,N20270824,2027-08-24T23:30:00Z,900,false,,,,
N20270824-S024,N20270824,2027-08-24T23:45:00Z,900,false,,,,
N20270824-S025,N20270824,2027-08-25T00:00:00Z,900,false,,,,
N20270824-S026,N20270824,2027-08-25T00:15:00Z,900,false,,,,
N20270824-S027,N20270824,2027-08-25T00:30:00Z,900,false,,,,
N20270824-S028,N20270824,2027-08-25T00:45:00Z,900,false,,,,
N20270824-S029,N20270824,2027-08-25T01:00:00Z,900,false,,,,
N20270824-S030,N20270824,2027-08-25T01:15:00Z,900,false,,,,
N20270824-S031,N20270824,2027-08-25T01:30:00Z,900,false,,,,
N20270824-S032,N20270824,2027-08-25T01:45:00Z,900,false,,,,
N20270824-S033,N20270824,2027-08-25T02:00:00Z,900,false,,,,
N20270824-S034,N20270824,2027-08-25T02:15:00Z,900,false,,,,
N20270824-S035,N20270824,2027-08-25T02:30:00Z,900,false,,,,
N20270824-S036,N20270824,2027-08-25T02:45:00Z,900,false,,,,
N20270824-S037,N20270824,2027-08-25T03:00:00Z,900,false,,,,
N20270824-S038,N20270824,2027-08-25T03:15:00Z,900,false,,,,
N20270824-S039,N20270824,2027-08-25T03:30:00Z,900,false,,,,
N20270825-S001,N20270825,2027-08-25T18:00:00Z,900,false,,,,
N20270825-S002,N20270825,2027-08-25T18:15:00Z,900,false,,,,
N20270825-S003,N20270825,2027-08-25T18:30:00Z,900,true,1.253832,0.873006,0.802179,0.485489
N20270825-S004,N20270825,2027-08-25T18:45:00Z,900,true,1.262476,0.886520,0.780090,0.486612
N20270825-S005,N20270825,2027-08-25T19:00:00Z,900,true,1.297313,0.872104,0.810514,0.453303
N20270825-S006,N20270825,2027-08-25T19:15:00Z,900,true,1.338105,0.853919,0.806937,0.469067
N20270825-S007,N20270825,2027-08-25T19:30:00Z,900,true,1.321460,0.847035,0.810833,0.479965
N20270825-S008,N20270825,2027-08-25T19:45:00Z,900,true,1.355782,0.845174,0.804880,0.445167
N20270825-S009,N20270825,2027-08-25T20:00:00Z,900,true,1.307738,0.852962,0.787918,0.451297
N20270825-S010,N20270825,2027-08-25T20:15:00Z,900,true,1.254038,0.882509,0.773855,0.480482
N20270825-S011,N20270825,2027-08-25T20:30:00Z,900,true,1.295857,0.881287,0.809911,0.472236
N20270825-S012,N20270825,2027-08-25T20:45:00Z,900,true,1.297101,0.889758,0.814356,0.445820
N20270825-S013,N20270825,2027-08-25T21:00:00Z,900,true,1.505155,0.598214,0.634622,0.466541
N20270825-S014,N20270825,2027-08-25T21:15:00Z,900,true,1.488785,0.593238,0.613143,0.469946
N20270825-S015,N20270825,2027-08-25T21:30:00Z,900,true,1.557039,0.583596,0.615008,0.469008
N20270825-S016,N20270825,2027-08-25T21:45:00Z,900,true,1.534482,0.589264,0.612556,0.473925
N20270825-S017,N20270825,2027-08-25T22:00:00Z,900,true,1.473469,0.585932,0.599755,0.464243
N20270825-S018,N20270825,2027-08-25T22:15:00Z,900,true,1.486110,0.599119,0.598045,0.468234
N20270825-S019,N20270825,2027-08-25T22:30:00Z,900,true,1.441989,0.597480,0.599270,0.470821
N20270825-S020,N20270825,2027-08-25T22:45:00Z,900,true,1.492295,0.596420,0.600030,0.461388
N20270825-S021,N20270825,2027-08-25T23:00:00Z,900,true,1.544275,0.607956,0.607559,0.452054
N20270825-S022,N20270825,2027-08-25T23:15:00Z,900,true,1.564259,0.610511,0.619455,0.460038
N20270825-S023,N20270825,2027-08-25T23:30:00Z,900,true,1.523555,0.614708,0.609268,0.450427
N20270825-S024,N20270825,2027-08-25T23:45:00Z,900,true,1.495625,0.615755,0.595587,0.466864
N20270825-S025,N20270825,2027-08-26T00:00:00Z,900,true,1.512929,0.606860,0.601435,0.450448
N20270825-S026,N20270825,2027-08-26T00:15:00Z,900,true,1.410884,0.611849,0.613040,0.465356
N20270825-S027,N20270825,2027-08-26T00:30:00Z,900,true,1.414221,0.600599,0.608671,0.484478
N20270825-S028,N20270825,2027-08-26T00:45:00Z,900,true,1.391711,0.602425,0.611157,0.489801
N20270825-S029,N20270825,2027-08-26T01:00:00Z,900,true,1.336244,0.614754,0.603559,0.452073
N20270825-S030,N20270825,2027-08-26T01:15:00Z,900,true,1.319916,0.608747,0.596789,0.480432
N20270825-S031,N20270825,2027-08-26T01:30:00Z,900,true,1.390191,0.608785,0.598125,0.489268
N20270825-S032,N20270825,2027-08-26T01:45:00Z,900,true,1.317356,0.609231,0.607068,0.476794
N20270825-S033,N20270825,2027-08-26T02:00:00Z,900,true,1.389358,0.626798,0.599276,0.471299
N20270825-S034,N20270825,2027-08-26T02:15:00Z,900,true,1.392371,0.633170,0.576619,0.464724
N20270825-S035,N20270825,2027-08-26T02:30:00Z,900,true,1.333299,0.627991,0.567555,0.448535
N20270825-S036,N20270825,2027-08-26T02:45:00Z,900,true,1.167908,0.929107,0.740175,0.444098
N20270825-S037,N20270825,2027-08-26T03:00:00Z,900,true,1.180676,0.933121,0.743636,0.474465
N20270825-S038,N20270825,2027-08-26T03:15:00Z,900,true,1.245519,0.936415,0.750118,0.444597
N20270825-S039,N20270825,2027-08-26T03:30:00Z,900,true,1.256572,0.937275,0.734596,0.468652
N20270826-S001,N20270826,2027-08-26T18:00:00Z,900,true,1.296060,0.842144,0.802593,0.443862
N20270826-S002,N20270826,2027-08-26T18:15:00Z,900,true,1.247787,0.837188,0.779937,0.463212
N20270826-S003,N20270826,2027-08-26T18:30:00Z,900,true,1.204755,0.857847,0.779418,0.484302
N20270826-S004,N20270826,2027-08-26T18:45:00Z,900,true,1.200707,0.861738,0.802925,0.481258
N20270826-S005,N20270826,2027-08-26T19:00:00Z,900,true,1.225770,0.865912,0.804056,0.480558
N20270826-S006,N20270826,2027-08-26T19:15:00Z,900,true,1.204736,0.873319,0.762162,0.474749
N20270826-S007,N20270826,2027-08-26T19:30:00Z,900,true,1.181984,0.878670,0.748119,0.468848
N20270826-S008,N20270826,2027-08-26T19:45:00Z,900,true,1.238106,0.886065,0.742616,0.446808
N20270826-S009,N20270826,2027-08-26T20:00:00Z,900,true,1.251980,0.891804,0.726662,0.464059
N20270826-S010,N20270826,2027-08-26T20:15:00Z,900,true,1.231031,0.884191,0.746976,0.461566
N20270826-S011,N20270826,2027-08-26T20:30:00Z,900,true,1.234396,0.900803,0.758216,0.450740
N20270826-S012,N20270826,2027-08-26T20:45:00Z,900,true,1.257793,0.894305,0.762968,0.478241
N20270826-S013,N20270826,2027-08-26T21:00:00Z,900,true,1.204635,0.883673,0.753343,0.468057
N20270826-S014,N20270826,2027-08-26T21:15:00Z,900,true,1.233954,0.890854,0.757589,0.480772
N20270826-S015,N20270826,2027-08-26T21:30:00Z,900,true,1.268031,0.891619,0.788237,0.480828
N20270826-S016,N20270826,2027-08-26T21:45:00Z,900,true,1.341927,0.874396,0.789663,0.460399
N20270826-S017,N20270826,2027-08-26T22:00:00Z,900,true,1.343504,0.874940,0.797925,0.480287
N20270826-S018,N20270826,2027-08-26T22:15:00Z,900,true,1.306270,0.857433,0.797614,0.463692
N20270826-S019,N20270826,2027-08-26T22:30:00Z,900,true,1.235834,0.853567,0.806732,0.450597
N20270826-S020,N20270826,2027-08-26T22:45:00Z,900,true,1.310945,0.852417,0.796645,0.481982
N20270826-S021,N20270826,2027-08-26T23:00:00Z,900,true,1.200611,0.856597,0.750568,0.482379
N20270826-S022,N20270826,2027-08-26T23:15:00Z,900,true,1.193118,0.841530,0.768759,0.473682
N20270826-S023,N20270826,2027-08-26T23:30:00Z,900,true,1.157249,0.868828,0.806274,0.482795
N20270826-S024,N20270826,2027-08-26T23:45:00Z,900,true,1.186690,0.850077,0.776440,0.476582
N20270826-S025,N20270826,2027-08-27T00:00:00Z,900,true,1.253323,0.859819,0.770999,0.470482
N20270826-S026,N20270826,2027-08-27T00:15:00Z,900,true,1.298380,0.860789,0.782398,0.469807
N20270826-S027,N20270826,2027-08-27T00:30:00Z,900,true,1.309046,0.860694,0.764993,0.451676
N20270826-S028,N20270826,2027-08-27T00:45:00Z,900,true,1.342993,0.866193,0.767489,0.486284
N20270826-S029,N20270826,2027-08-27T01:00:00Z,900,true,1.341970,0.868675,0.753687,0.448097
N20270826-S030,N20270826,2027-08-27T01:15:00Z,900,true,1.336170,0.869862,0.765802,0.468991
N20270826-S031,N20270826,2027-08-27T01:30:00Z,900,true,1.374000,0.862974,0.774008,0.485866
N20270826-S032,N20270826,2027-08-27T01:45:00Z,900,true,1.338261,0.879248,0.778959,0.458192
N20270826-S033,N20270826,2027-08-27T02:00:00Z,900,true,1.259418,0.866908,0.774914,0.449556
N20270826-S034,N20270826,2027-08-27T02:15:00Z,900,true,1.249843,0.868741,0.788975,0.462872
N20270826-S035,N20270826,2027-08-27T02:30:00Z,900,true,1.219764,0.869156,0.795175,0.477991
N20270826-S036,N20270826,2027-08-27T02:45:00Z,900,true,1.191928,0.877986,0.803475,0.487688
N20270826-S037,N20270826,2027-08-27T03:00:00Z,900,true,1.132943,0.863059,0.783356,0.464708
N20270826-S038,N20270826,2027-08-27T03:15:00Z,900,true,1.105762,0.862491,0.758836,0.463303
N20270826-S039,N20270826,2027-08-27T03:30:00Z,900,true,1.111613,0.860520,0.755009,0.477702
N20270827-S001,N20270827,2027-08-27T18:00:00Z,900,true,1.193346,0.865753,0.918691,0.472026
N20270827-S002,N20270827,2027-08-27T18:15:00Z,900,true,1.185844,0.883911,0.892297,0.471432
N20270827-S003,N20270827,2027-08-27T18:30:00Z,900,true,1.172180,0.886760,0.906981,0.473643
N20270827-S004,N20270827,2027-08-27T18:45:00Z,900,true,1.207217,0.861097,0.926473,0.465878
N20270827-S005,N20270827,2027-08-27T19:00:00Z,900,true,1.230711,0.863337,0.913415,0.465811
N20270827-S006,N20270827,2027-08-27T19:15:00Z,900,true,1.151127,0.847610,0.930454,0.476377
N20270827-S007,N20270827,2027-08-27T19:30:00Z,900,true,1.183848,0.852521,0.959337,0.443400
N20270827-S008,N20270827,2027-08-27T19:45:00Z,900,true,1.197222,0.868560,0.949122,0.480928
N20270827-S009,N20270827,2027-08-27T20:00:00Z,900,true,1.186400,0.865362,0.946121,0.458730
N20270827-S010,N20270827,2027-08-27T20:15:00Z,900,true,1.175956,0.855278,0.958805,0.488725
N20270827-S011,N20270827,2027-08-27T20:30:00Z,900,true,1.139333,0.857076,0.948154,0.458280
N20270827-S012,N20270827,2027-08-27T20:45:00Z,900,true,1.187924,0.860920,0.947463,0.456577
N20270827-S013,N20270827,2027-08-27T21:00:00Z,900,true,1.167956,0.866141,0.917650,0.451478
N20270827-S014,N20270827,2027-08-27T21:15:00Z,900,true,1.153790,0.862158,0.927039,0.477126
N20270827-S015,N20270827,2027-08-27T21:30:00Z,900,true,1.131172,0.857168,0.901215,0.489596
N20270827-S016,N20270827,2027-08-27T21:45:00Z,900,true,1.126641,0.846162,0.915992,0.444114
N20270827-S017,N20270827,2027-08-27T22:00:00Z,900,true,1.199621,0.854628,0.917734,0.468253
N20270827-S018,N20270827,2027-08-27T22:15:00Z,900,true,1.181009,0.853194,0.932583,0.460594
N20270827-S019,N20270827,2027-08-27T22:30:00Z,900,true,1.174026,0.855305,0.906276,0.443417
N20270827-S020,N20270827,2027-08-27T22:45:00Z,900,true,1.107715,0.831753,0.884930,0.480903
N20270827-S021,N20270827,2027-08-27T23:00:00Z,900,true,1.163058,0.835768,0.875435,0.452246
N20270827-S022,N20270827,2027-08-27T23:15:00Z,900,true,1.188003,0.837533,0.889458,0.480887
N20270827-S023,N20270827,2027-08-27T23:30:00Z,900,true,1.184064,0.840911,0.922593,0.460432
N20270827-S024,N20270827,2027-08-27T23:45:00Z,900,true,1.165721,0.838458,0.895341,0.474888
N20270827-S025,N20270827,2027-08-28T00:00:00Z,900,true,1.204547,0.843626,0.888055,0.488069
N20270827-S026,N20270827,2027-08-28T00:15:00Z,900,true,1.127987,0.834206,0.922780,0.451815
N20270827-S027,N20270827,2027-08-28T00:30:00Z,900,true,1.125655,0.822693,0.916325,0.486473
N20270827-S028,N20270827,2027-08-28T00:45:00Z,900,true,1.137887,0.818144,0.916844,0.487388
N20270827-S029,N20270827,2027-08-28T01:00:00Z,900,true,1.116915,0.831382,0.915998,0.447686
N20270827-S030,N20270827,2027-08-28T01:15:00Z,900,true,1.140009,0.839460,0.880919,0.475192
N20270827-S031,N20270827,2027-08-28T01:30:00Z,900,true,1.158888,0.846403,0.897120,0.444591
N20270827-S032,N20270827,2027-08-28T01:45:00Z,900,true,1.179919,0.833655,0.871820,0.490260
N20270827-S033,N20270827,2027-08-28T02:00:00Z,900,true,1.138626,0.829336,0.878909,0.467775
N20270827-S034,N20270827,2027-08-28T02:15:00Z,900,true,1.149295,0.818289,0.879129,0.473717
N20270827-S035,N20270827,2027-08-28T02:30:00Z,900,true,1.137388,0.793511,0.907417,0.472407
N20270827-S036,N20270827,2027-08-28T02:45:00Z,900,true,1.116035,0.792542,0.918697,0.468367
N20270827-S037,N20270827,2027-08-28T03:00:00Z,900,true,1.098551,0.791129,0.887014,0.478611
N20270827-S038,N20270827,2027-08-28T03:15:00Z,900,true,1.149383,0.791533,0.883002,0.452313
N20270827-S039,N20270827,2027-08-28T03:30:00Z,900,true,1.138091,0.806360,0.901749,0.445164
N20270828-S001,N20270828,2027-08-28T18:00:00Z,900,true,1.075442,0.873566,0.961150,0.475367
N20270828-S002,N20270828,2027-08-28T18:15:00Z,900,true,1.090844,0.873975,0.955019,0.484481
N20270828-S003,N20270828,2027-08-28T18:30:00Z,900,true,1.065891,0.878674,0.957214,0.472609
N20270828-S004,N20270828,2027-08-28T18:45:00Z,900,true,1.050429,0.903374,0.981750,0.470677
N20270828-S005,N20270828,2027-08-28T19:00:00Z,900,true,1.045428,0.905652,0.980029,0.478945
N20270828-S006,N20270828,2027-08-28T19:15:00Z,900,true,1.043867,0.901815,0.979729,0.447626
N20270828-S007,N20270828,2027-08-28T19:30:00Z,900,true,1.040826,0.912601,0.978947,0.443032
N20270828-S008,N20270828,2027-08-28T19:45:00Z,900,true,1.037193,0.911585,0.971935,0.444599
N20270828-S009,N20270828,2027-08-28T20:00:00Z,900,true,1.031602,0.904967,0.937096,0.463370
N20270828-S010,N20270828,2027-08-28T20:15:00Z,900,true,1.036716,0.901037,0.937617,0.476098
N20270828-S011,N20270828,2027-08-28T20:30:00Z,900,true,1.018471,0.868461,0.936247,0.445323
N20270828-S012,N20270828,2027-08-28T20:45:00Z,900,true,0.990579,0.850753,0.928350,0.482150
N20270828-S013,N20270828,2027-08-28T21:00:00Z,900,true,1.017794,0.843902,0.914426,0.458498
N20270828-S014,N20270828,2027-08-28T21:15:00Z,900,true,1.037668,0.863738,0.912848,0.449919
N20270828-S015,N20270828,2027-08-28T21:30:00Z,900,true,1.023876,0.874084,0.922576,0.456979
N20270828-S016,N20270828,2027-08-28T21:45:00Z,900,true,1.006961,0.877879,0.933193,0.455430
N20270828-S017,N20270828,2027-08-28T22:00:00Z,900,true,0.995072,0.866188,0.932123,0.450221
N20270828-S018,N20270828,2027-08-28T22:15:00Z,900,true,0.955876,0.873812,0.916035,0.461846
N20270828-S019,N20270828,2027-08-28T22:30:00Z,900,true,0.921636,0.874918,0.900816,0.483567
N20270828-S020,N20270828,2027-08-28T22:45:00Z,900,true,0.940991,0.869405,0.900060,0.469206
N20270828-S021,N20270828,2027-08-28T23:00:00Z,900,true,0.923288,0.869946,0.938165,0.459093
N20270828-S022,N20270828,2027-08-28T23:15:00Z,900,true,0.918818,0.861523,0.962257,0.464265
N20270828-S023,N20270828,2027-08-28T23:30:00Z,900,true,0.920301,0.884318,0.961946,0.478768
N20270828-S024,N20270828,2027-08-28T23:45:00Z,900,true,0.966323,0.893631,0.971423,0.462781
N20270828-S025,N20270828,2027-08-29T00:00:00Z,900,true,0.992949,0.886276,0.993799,0.474993
N20270828-S026,N20270828,2027-08-29T00:15:00Z,900,true,1.002927,0.896576,0.996182,0.452655
N20270828-S027,N20270828,2027-08-29T00:30:00Z,900,true,1.026144,0.896885,1.010432,0.446880
N20270828-S028,N20270828,2027-08-29T00:45:00Z,900,true,0.973836,0.908069,1.018862,0.472379
N20270828-S029,N20270828,2027-08-29T01:00:00Z,900,true,0.953592,0.896966,1.001060,0.465693
N20270828-S030,N20270828,2027-08-29T01:15:00Z,900,true,0.961035,0.903251,0.988208,0.445884
N20270828-S031,N20270828,2027-08-29T01:30:00Z,900,true,0.994374,0.892562,1.004269,0.489689
N20270828-S032,N20270828,2027-08-29T01:45:00Z,900,true,0.977939,0.897508,1.003757,0.444253
N20270828-S033,N20270828,2027-08-29T02:00:00Z,900,true,1.051528,0.897530,1.002383,0.466517
N20270828-S034,N20270828,2027-08-29T02:15:00Z,900,true,1.039577,0.887880,1.009875,0.488128
N20270828-S035,N20270828,2027-08-29T02:30:00Z,900,true,1.033493,0.899804,0.978703,0.462556
N20270828-S036,N20270828,2027-08-29T02:45:00Z,900,true,1.011188,0.894537,0.970960,0.458697
N20270828-S037,N20270828,2027-08-29T03:00:00Z,900,true,1.023654,0.888138,0.983997,0.481910
N20270828-S038,N20270828,2027-08-29T03:15:00Z,900,true,0.986749,0.895228,0.995218,0.489042
N20270828-S039,N20270828,2027-08-29T03:30:00Z,900,true,0.945440,0.900427,1.005208,0.444971
N20270829-S001,N20270829,2027-08-29T18:00:00Z,900,true,1.136250,0.892932,0.948723,0.445688
N20270829-S002,N20270829,2027-08-29T18:15:00Z,900,true,1.124572,0.886652,0.924148,0.486951
N20270829-S003,N20270829,2027-08-29T18:30:00Z,900,true,1.117278,0.902163,0.955526,0.479438
N20270829-S004,N20270829,2027-08-29T18:45:00Z,900,true,1.071897,0.901281,0.953675,0.462046
N20270829-S005,N20270829,2027-08-29T19:00:00Z,900,true,1.079933,0.896926,0.966850,0.457989
N20270829-S006,N20270829,2027-08-29T19:15:00Z,900,true,1.064424,0.887685,0.973060,0.461401
N20270829-S007,N20270829,2027-08-29T19:30:00Z,900,true,1.021372,0.896280,0.975432,0.458769
N20270829-S008,N20270829,2027-08-29T19:45:00Z,900,true,0.957121,0.923850,0.963681,0.448982
N20270829-S009,N20270829,2027-08-29T20:00:00Z,900,true,0.943191,0.924841,0.970685,0.475819
N20270829-S010,N20270829,2027-08-29T20:15:00Z,900,true,0.943609,0.909836,0.987717,0.448081
N20270829-S011,N20270829,2027-08-29T20:30:00Z,900,true,0.923907,0.919246,1.000008,0.475972
N20270829-S012,N20270829,2027-08-29T20:45:00Z,900,true,0.924017,0.909601,0.972555,0.466292
N20270829-S013,N20270829,2027-08-29T21:00:00Z,900,true,0.966817,0.909282,0.941746,0.448650
N20270829-S014,N20270829,2027-08-29T21:15:00Z,900,true,1.019952,0.922647,0.953812,0.489137
N20270829-S015,N20270829,2027-08-29T21:30:00Z,900,true,1.028414,0.936587,0.978264,0.488166
N20270829-S016,N20270829,2027-08-29T21:45:00Z,900,true,1.024385,0.930045,1.004037,0.466690
N20270829-S017,N20270829,2027-08-29T22:00:00Z,900,true,0.999505,0.911621,0.996131,0.467388
N20270829-S018,N20270829,2027-08-29T22:15:00Z,900,true,1.002649,0.887366,0.981591,0.458707
N20270829-S019,N20270829,2027-08-29T22:30:00Z,900,true,0.981761,0.893120,0.968208,0.450862
N20270829-S020,N20270829,2027-08-29T22:45:00Z,900,true,0.964700,0.902499,0.986847,0.442837
N20270829-S021,N20270829,2027-08-29T23:00:00Z,900,true,1.057956,0.899344,0.989282,0.463965
N20270829-S022,N20270829,2027-08-29T23:15:00Z,900,true,1.111932,0.895036,1.003712,0.480912
N20270829-S023,N20270829,2027-08-29T23:30:00Z,900,true,1.076551,0.898829,1.019987,0.488030
N20270829-S024,N20270829,2027-08-29T23:45:00Z,900,true,1.101917,0.896370,1.041711,0.478862
N20270829-S025,N20270829,2027-08-30T00:00:00Z,900,true,1.044970,0.899826,1.026981,0.462088
N20270829-S026,N20270829,2027-08-30T00:15:00Z,900,true,1.100062,0.918188,0.999913,0.489110
N20270829-S027,N20270829,2027-08-30T00:30:00Z,900,true,1.110745,0.926273,0.996932,0.451956
N20270829-S028,N20270829,2027-08-30T00:45:00Z,900,false,,,,
N20270829-S029,N20270829,2027-08-30T01:00:00Z,900,false,,,,
N20270829-S030,N20270829,2027-08-30T01:15:00Z,900,true,1.141871,0.912120,0.969906,0.470500
N20270829-S031,N20270829,2027-08-30T01:30:00Z,900,true,1.122815,0.914548,0.974810,0.459742
N20270829-S032,N20270829,2027-08-30T01:45:00Z,900,true,1.160426,0.906760,0.972362,0.478945
N20270829-S033,N20270829,2027-08-30T02:00:00Z,900,true,1.084242,0.886316,0.988310,0.489067
N20270829-S034,N20270829,2027-08-30T02:15:00Z,900,true,1.076461,0.888320,1.000393,0.451733
N20270829-S035,N20270829,2027-08-30T02:30:00Z,900,true,1.048286,0.875633,0.978237,0.447139
N20270829-S036,N20270829,2027-08-30T02:45:00Z,900,true,1.062615,0.872025,0.950423,0.475514
N20270829-S037,N20270829,2027-08-30T03:00:00Z,900,true,1.084987,0.861566,0.931597,0.458893
N20270829-S038,N20270829,2027-08-30T03:15:00Z,900,true,1.117371,0.861069,0.923274,0.447942
N20270830-S001,N20270830,2027-08-30T18:00:00Z,900,true,1.235445,0.851689,0.887007,0.466721
N20270830-S002,N20270830,2027-08-30T18:15:00Z,900,true,1.261700,0.833037,0.892396,0.443787
N20270830-S003,N20270830,2027-08-30T18:30:00Z,900,true,1.259829,0.816723,0.902770,0.480495
N20270830-S004,N20270830,2027-08-30T18:45:00Z,900,true,1.253924,0.806909,0.895419,0.465251
N20270830-S005,N20270830,2027-08-30T19:00:00Z,900,true,1.291839,0.807307,0.902188,0.475438
N20270830-S006,N20270830,2027-08-30T19:15:00Z,900,true,1.286539,0.813105,0.935734,0.456123
N20270830-S007,N20270830,2027-08-30T19:30:00Z,900,true,1.302822,0.836782,0.937453,0.467984
N20270830-S008,N20270830,2027-08-30T19:45:00Z,900,true,1.332447,0.828776,0.922075,0.453088
N20270830-S009,N20270830,2027-08-30T20:00:00Z,900,true,1.349842,0.820056,0.928000,0.488694
N20270830-S010,N20270830,2027-08-30T20:15:00Z,900,true,1.375972,0.829016,0.934557,0.450751
N20270830-S011,N20270830,2027-08-30T20:30:00Z,900,true,1.368251,0.822001,0.936196,0.465018
N20270830-S012,N20270830,2027-08-30T20:45:00Z,900,true,1.304331,0.811021,0.918534,0.470550
N20270830-S013,N20270830,2027-08-30T21:00:00Z,900,true,1.338293,0.822219,0.927784,0.465233
N20270830-S014,N20270830,2027-08-30T21:15:00Z,900,true,1.310551,0.829428,0.946544,0.449830
N20270830-S015,N20270830,2027-08-30T21:30:00Z,900,true,1.312088,0.824666,0.956121,0.460386
N20270830-S016,N20270830,2027-08-30T21:45:00Z,900,true,1.304006,0.843267,0.955001,0.459828
N20270830-S017,N20270830,2027-08-30T22:00:00Z,900,true,1.265631,0.834562,0.953347,0.466476
N20270830-S018,N20270830,2027-08-30T22:15:00Z,900,true,1.244814,0.826819,0.907745,0.471866
N20270830-S019,N20270830,2027-08-30T22:30:00Z,900,true,1.200775,0.829045,0.897569,0.473108
N20270830-S020,N20270830,2027-08-30T22:45:00Z,900,true,1.209714,0.826747,0.904605,0.464428
N20270830-S021,N20270830,2027-08-30T23:00:00Z,900,true,1.207162,0.839290,0.908140,0.441897
N20270830-S022,N20270830,2027-08-30T23:15:00Z,900,true,1.218179,0.841127,0.924535,0.464652
N20270830-S023,N20270830,2027-08-30T23:30:00Z,900,true,1.228709,0.832939,0.922283,0.446086
N20270830-S024,N20270830,2027-08-30T23:45:00Z,900,true,1.216286,0.831580,0.924733,0.488680
N20270830-S025,N20270830,2027-08-31T00:00:00Z,900,true,1.207282,0.823472,0.937306,0.481203
N20270830-S026,N20270830,2027-08-31T00:15:00Z,900,true,1.191673,0.811633,0.945883,0.464402
N20270830-S027,N20270830,2027-08-31T00:30:00Z,900,true,1.147137,0.841021,0.920930,0.486900
N20270830-S028,N20270830,2027-08-31T00:45:00Z,900,true,1.208681,0.840283,0.923031,0.471504
N20270830-S029,N20270830,2027-08-31T01:00:00Z,900,true,1.168822,0.853899,0.929949,0.470774
N20270830-S030,N20270830,2027-08-31T01:15:00Z,900,true,1.172513,0.840913,0.926130,0.470351
N20270830-S031,N20270830,2027-08-31T01:30:00Z,900,true,1.221468,0.828057,0.942978,0.487866
N20270830-S032,N20270830,2027-08-31T01:45:00Z,900,true,1.218103,0.831274,0.954807,0.489876
N20270830-S033,N20270830,2027-08-31T02:00:00Z,900,true,1.278935,0.855768,0.954004,0.460630
N20270830-S034,N20270830,2027-08-31T02:15:00Z,900,true,1.256797,0.858369,0.886607,0.466915
N20270830-S035,N20270830,2027-08-31T02:30:00Z,900,true,1.283822,0.840270,0.882193,0.443227
N20270830-S036,N20270830,2027-08-31T02:45:00Z,900,true,1.296779,0.863555,0.927959,0.481748
N20270830-S037,N20270830,2027-08-31T03:00:00Z,900,true,1.278285,0.865553,0.903828,0.474847
N20270830-S038,N20270830,2027-08-31T03:15:00Z,900,true,1.254342,0.884983,0.892606,0.472948
N20270831-S001,N20270831,2027-08-31T18:00:00Z,900,true,1.069601,0.847981,0.906466,0.467211
N20270831-S002,N20270831,2027-08-31T18:15:00Z,900,true,1.089642,0.865310,0.915162,0.456125
N20270831-S003,N20270831,2027-08-31T18:30:00Z,900,true,1.102211,0.872317,0.910323,0.455132
N20270831-S004,N20270831,2027-08-31T18:45:00Z,900,false,,,,
N20270831-S005,N20270831,2027-08-31T19:00:00Z,900,false,,,,
N20270831-S006,N20270831,2027-08-31T19:15:00Z,900,false,,,,
N20270831-S007,N20270831,2027-08-31T19:30:00Z,900,false,,,,
N20270831-S008,N20270831,2027-08-31T19:45:00Z,900,false,,,,
N20270831-S009,N20270831,2027-08-31T20:00:00Z,900,false,,,,
N20270831-S010,N20270831,2027-08-31T20:15:00Z,900,false,,,,
N20270831-S011,N20270831,2027-08-31T20:30:00Z,900,false,,,,
N20270831-S012,N20270831,2027-08-31T20:45:00Z,900,false,,,,
N20270831-S013,N20270831,2027-08-31T21:00:00Z,900,false,,,,
N20270831-S014,N20270831,2027-08-31T21:15:00Z,900,false,,,,
N20270831-S015,N20270831,2027-08-31T21:30:00Z,900,false,,,,
N20270831-S016,N20270831,2027-08-31T21:45:00Z,900,false,,,,
N20270831-S017,N20270831,2027-08-31T22:00:00Z,900,false,,,,
N20270831-S018,N20270831,2027-08-31T22:15:00Z,900,false,,,,
N20270831-S019,N20270831,2027-08-31T22:30:00Z,900,false,,,,
N20270831-S020,N20270831,2027-08-31T22:45:00Z,900,false,,,,
N20270831-S021,N20270831,2027-08-31T23:00:00Z,900,false,,,,
N20270831-S022,N20270831,2027-08-31T23:15:00Z,900,false,,,,
N20270831-S023,N20270831,2027-08-31T23:30:00Z,900,false,,,,
N20270831-S024,N20270831,2027-08-31T23:45:00Z,900,true,1.029100,0.872062,0.876098,0.481486
N20270831-S025,N20270831,2027-09-01T00:00:00Z,900,true,1.111425,0.857791,0.873028,0.481309
N20270831-S026,N20270831,2027-09-01T00:15:00Z,900,true,1.061725,0.860887,0.880681,0.444973
N20270831-S027,N20270831,2027-09-01T00:30:00Z,900,true,1.065679,0.854093,0.864512,0.476987
N20270831-S028,N20270831,2027-09-01T00:45:00Z,900,true,1.061144,0.844242,0.842611,0.489382
N20270831-S029,N20270831,2027-09-01T01:00:00Z,900,true,1.023282,0.849134,0.863473,0.490389
N20270831-S030,N20270831,2027-09-01T01:15:00Z,900,true,1.036921,0.842955,0.871367,0.442155
N20270831-S031,N20270831,2027-09-01T01:30:00Z,900,true,1.045447,0.854984,0.903886,0.489987
N20270831-S032,N20270831,2027-09-01T01:45:00Z,900,true,1.018137,0.865890,0.889907,0.475679
N20270831-S033,N20270831,2027-09-01T02:00:00Z,900,true,1.018330,0.855762,0.900529,0.482324
N20270831-S034,N20270831,2027-09-01T02:15:00Z,900,true,1.001109,0.856366,0.897717,0.446759
N20270831-S035,N20270831,2027-09-01T02:30:00Z,900,true,1.031436,0.857428,0.910495,0.473094
N20270831-S036,N20270831,2027-09-01T02:45:00Z,900,true,1.000743,0.858319,0.929930,0.480640
N20270831-S037,N20270831,2027-09-01T03:00:00Z,900,true,1.010893,0.838285,0.913645,0.465594
N20270831-S038,N20270831,2027-09-01T03:15:00Z,900,true,1.016998,0.822569,0.905770,0.474056
N20270901-S001,N20270901,2027-09-01T18:00:00Z,900,true,1.085150,0.775840,0.940183,0.453003
N20270901-S002,N20270901,2027-09-01T18:15:00Z,900,true,1.121254,0.776203,0.935720,0.484895
N20270901-S003,N20270901,2027-09-01T18:30:00Z,900,true,1.077387,0.781630,0.943497,0.458782
N20270901-S004,N20270901,2027-09-01T18:45:00Z,900,true,1.058966,0.790835,0.893748,0.458300
N20270901-S005,N20270901,2027-09-01T19:00:00Z,900,true,1.164883,0.783107,0.914100,0.474519
N20270901-S006,N20270901,2027-09-01T19:15:00Z,900,true,1.137461,0.794189,0.917543,0.472405
N20270901-S007,N20270901,2027-09-01T19:30:00Z,900,true,1.136081,0.796433,0.901337,0.455382
N20270901-S008,N20270901,2027-09-01T19:45:00Z,900,true,1.111290,0.804563,0.900119,0.458176
N20270901-S009,N20270901,2027-09-01T20:00:00Z,900,true,1.085114,0.792314,0.904896,0.457268
N20270901-S010,N20270901,2027-09-01T20:15:00Z,900,true,1.019636,0.796315,0.873430,0.457934
N20270901-S011,N20270901,2027-09-01T20:30:00Z,900,true,1.025715,0.794343,0.872869,0.487155
N20270901-S012,N20270901,2027-09-01T20:45:00Z,900,true,1.054930,0.785905,0.872547,0.442753
N20270901-S013,N20270901,2027-09-01T21:00:00Z,900,true,1.019064,0.791958,0.852285,0.458508
N20270901-S014,N20270901,2027-09-01T21:15:00Z,900,true,0.981193,0.793792,0.883903,0.454160
N20270901-S015,N20270901,2027-09-01T21:30:00Z,900,true,1.019198,0.779579,0.888454,0.471350
N20270901-S016,N20270901,2027-09-01T21:45:00Z,900,true,0.996706,0.777421,0.882085,0.452264
N20270901-S017,N20270901,2027-09-01T22:00:00Z,900,true,1.028551,0.784879,0.873397,0.450993
N20270901-S018,N20270901,2027-09-01T22:15:00Z,900,true,1.009383,0.789289,0.902563,0.456759
N20270901-S019,N20270901,2027-09-01T22:30:00Z,900,true,0.985301,0.772187,0.903475,0.473782
N20270901-S020,N20270901,2027-09-01T22:45:00Z,900,true,0.981675,0.768321,0.915139,0.486081
N20270901-S021,N20270901,2027-09-01T23:00:00Z,900,true,1.002038,0.756571,0.918700,0.463793
N20270901-S022,N20270901,2027-09-01T23:15:00Z,900,true,0.955208,0.770962,0.929825,0.464725
N20270901-S023,N20270901,2027-09-01T23:30:00Z,900,true,0.942300,0.784040,0.937251,0.489120
N20270901-S024,N20270901,2027-09-01T23:45:00Z,900,true,0.939075,0.796148,0.927334,0.467777
N20270901-S025,N20270901,2027-09-02T00:00:00Z,900,true,0.895926,0.801754,0.947007,0.458968
N20270901-S026,N20270901,2027-09-02T00:15:00Z,900,false,,,,
N20270901-S027,N20270901,2027-09-02T00:30:00Z,900,false,,,,
N20270901-S028,N20270901,2027-09-02T00:45:00Z,900,false,,,,
N20270901-S029,N20270901,2027-09-02T01:00:00Z,900,false,,,,
N20270901-S030,N20270901,2027-09-02T01:15:00Z,900,false,,,,
N20270901-S031,N20270901,2027-09-02T01:30:00Z,900,false,,,,
N20270901-S032,N20270901,2027-09-02T01:45:00Z,900,false,,,,
N20270901-S033,N20270901,2027-09-02T02:00:00Z,900,false,,,,
N20270901-S034,N20270901,2027-09-02T02:15:00Z,900,false,,,,
N20270901-S035,N20270901,2027-09-02T02:30:00Z,900,false,,,,
N20270901-S036,N20270901,2027-09-02T02:45:00Z,900,false,,,,
N20270901-S037,N20270901,2027-09-02T03:00:00Z,900,false,,,,
N20270901-S038,N20270901,2027-09-02T03:15:00Z,900,false,,,,
N20270902-S001,N20270902,2027-09-02T18:00:00Z,900,false,,,,
N20270902-S002,N20270902,2027-09-02T18:15:00Z,900,false,,,,
N20270902-S003,N20270902,2027-09-02T18:30:00Z,900,false,,,,
N20270902-S004,N20270902,2027-09-02T18:45:00Z,900,false,,,,
N20270902-S005,N20270902,2027-09-02T19:00:00Z,900,false,,,,
N20270902-S006,N20270902,2027-09-02T19:15:00Z,900,false,,,,
N20270902-S007,N20270902,2027-09-02T19:30:00Z,900,false,,,,
N20270902-S008,N20270902,2027-09-02T19:45:00Z,900,false,,,,
N20270902-S009,N20270902,2027-09-02T20:00:00Z,900,false,,,,
N20270902-S010,N20270902,2027-09-02T20:15:00Z,900,false,,,,
N20270902-S011,N20270902,2027-09-02T20:30:00Z,900,false,,,,
N20270902-S012,N20270902,2027-09-02T20:45:00Z,900,false,,,,
N20270902-S013,N20270902,2027-09-02T21:00:00Z,900,false,,,,
N20270902-S014,N20270902,2027-09-02T21:15:00Z,900,false,,,,
N20270902-S015,N20270902,2027-09-02T21:30:00Z,900,false,,,,
N20270902-S016,N20270902,2027-09-02T21:45:00Z,900,false,,,,
N20270902-S017,N20270902,2027-09-02T22:00:00Z,900,false,,,,
N20270902-S018,N20270902,2027-09-02T22:15:00Z,900,false,,,,
N20270902-S019,N20270902,2027-09-02T22:30:00Z,900,false,,,,
N20270902-S020,N20270902,2027-09-02T22:45:00Z,900,false,,,,
N20270902-S021,N20270902,2027-09-02T23:00:00Z,900,true,1.077678,0.795300,0.864368,0.478460
N20270902-S022,N20270902,2027-09-02T23:15:00Z,900,true,1.060090,0.795573,0.878590,0.486469
N20270902-S023,N20270902,2027-09-02T23:30:00Z,900,true,1.089278,0.791868,0.897275,0.483362
N20270902-S024,N20270902,2027-09-02T23:45:00Z,900,true,1.111428,0.792156,0.882104,0.470710
N20270902-S025,N20270902,2027-09-03T00:00:00Z,900,true,1.081830,0.791115,0.867728,0.480771
N20270902-S026,N20270902,2027-09-03T00:15:00Z,900,true,1.066779,0.780095,0.874003,0.460084
N20270902-S027,N20270902,2027-09-03T00:30:00Z,900,true,1.071011,0.796388,0.854593,0.466455
N20270902-S028,N20270902,2027-09-03T00:45:00Z,900,true,1.056081,0.806234,0.859486,0.444598
N20270902-S029,N20270902,2027-09-03T01:00:00Z,900,true,1.101716,0.782828,0.878481,0.462814
N20270902-S030,N20270902,2027-09-03T01:15:00Z,900,true,1.079442,0.778717,0.888906,0.445224
N20270902-S031,N20270902,2027-09-03T01:30:00Z,900,true,1.035176,0.764020,0.914820,0.458471
N20270902-S032,N20270902,2027-09-03T01:45:00Z,900,true,0.996914,0.764269,0.933303,0.448997
N20270902-S033,N20270902,2027-09-03T02:00:00Z,900,true,0.978009,0.772141,0.950180,0.457597
N20270902-S034,N20270902,2027-09-03T02:15:00Z,900,true,0.971532,0.774246,0.969360,0.451477
N20270902-S035,N20270902,2027-09-03T02:30:00Z,900,true,0.938243,0.776659,0.965419,0.454597
N20270902-S036,N20270902,2027-09-03T02:45:00Z,900,true,0.979919,0.794810,0.963895,0.458289
N20270902-S037,N20270902,2027-09-03T03:00:00Z,900,true,1.025996,0.799581,0.995935,0.476269
N20270902-S038,N20270902,2027-09-03T03:15:00Z,900,true,1.005843,0.814276,0.995330,0.458943
N20270903-S001,N20270903,2027-09-03T18:00:00Z,900,true,1.194671,0.767724,0.924790,0.463150
N20270903-S002,N20270903,2027-09-03T18:15:00Z,900,true,1.221328,0.759397,0.919109,0.466175
N20270903-S003,N20270903,2027-09-03T18:30:00Z,900,true,1.219063,0.737362,0.937556,0.464569
N20270903-S004,N20270903,2027-09-03T18:45:00Z,900,true,1.236838,0.732993,0.940332,0.478950
N20270903-S005,N20270903,2027-09-03T19:00:00Z,900,true,1.219373,0.745906,0.966742,0.480445
N20270903-S006,N20270903,2027-09-03T19:15:00Z,900,false,,,,
N20270903-S007,N20270903,2027-09-03T19:30:00Z,900,false,,,,
N20270903-S008,N20270903,2027-09-03T19:45:00Z,900,false,,,,
N20270903-S009,N20270903,2027-09-03T20:00:00Z,900,true,1.272230,0.717954,0.959248,0.474645
N20270903-S010,N20270903,2027-09-03T20:15:00Z,900,true,1.299372,0.731259,0.982416,0.454676
N20270903-S011,N20270903,2027-09-03T20:30:00Z,900,true,1.267733,0.748492,0.984385,0.481106
N20270903-S012,N20270903,2027-09-03T20:45:00Z,900,true,1.311228,0.744450,0.938183,0.478020
N20270903-S013,N20270903,2027-09-03T21:00:00Z,900,true,1.252605,0.761046,0.947372,0.466246
N20270903-S014,N20270903,2027-09-03T21:15:00Z,900,true,1.259175,0.746794,0.934802,0.479117
N20270903-S015,N20270903,2027-09-03T21:30:00Z,900,true,1.238966,0.748147,0.941570,0.478549
N20270903-S016,N20270903,2027-09-03T21:45:00Z,900,true,1.241521,0.747929,0.945559,0.480883
N20270903-S017,N20270903,2027-09-03T22:00:00Z,900,true,1.259713,0.742044,0.928344,0.473605
N20270903-S018,N20270903,2027-09-03T22:15:00Z,900,true,1.260114,0.755009,0.938392,0.483470
N20270903-S019,N20270903,2027-09-03T22:30:00Z,900,true,1.296028,0.749711,0.906124,0.486099
N20270903-S020,N20270903,2027-09-03T22:45:00Z,900,true,1.238665,0.750933,0.923395,0.462570
N20270903-S021,N20270903,2027-09-03T23:00:00Z,900,true,1.233548,0.737919,0.917497,0.461795
N20270903-S022,N20270903,2027-09-03T23:15:00Z,900,true,1.215619,0.757156,0.918961,0.455806
N20270903-S023,N20270903,2027-09-03T23:30:00Z,900,true,1.232185,0.745547,0.926560,0.486769
N20270903-S024,N20270903,2027-09-03T23:45:00Z,900,true,1.245377,0.739159,0.933091,0.442163
N20270903-S025,N20270903,2027-09-04T00:00:00Z,900,true,1.262164,0.754452,0.911765,0.463509
N20270903-S026,N20270903,2027-09-04T00:15:00Z,900,true,1.287838,0.753953,0.941970,0.447868
N20270903-S027,N20270903,2027-09-04T00:30:00Z,900,true,1.269158,0.752818,0.949466,0.471901
N20270903-S028,N20270903,2027-09-04T00:45:00Z,900,true,1.262235,0.767435,0.967402,0.459698
N20270903-S029,N20270903,2027-09-04T01:00:00Z,900,true,1.192708,0.786211,0.976900,0.482629
N20270903-S030,N20270903,2027-09-04T01:15:00Z,900,true,1.200535,0.792926,0.967541,0.468509
N20270903-S031,N20270903,2027-09-04T01:30:00Z,900,true,1.178298,0.806490,0.957739,0.485480
N20270903-S032,N20270903,2027-09-04T01:45:00Z,900,true,1.174788,0.794808,0.946489,0.448902
N20270903-S033,N20270903,2027-09-04T02:00:00Z,900,true,1.177592,0.790491,0.945948,0.444783
N20270903-S034,N20270903,2027-09-04T02:15:00Z,900,true,1.238563,0.799450,0.926158,0.467649
N20270903-S035,N20270903,2027-09-04T02:30:00Z,900,true,1.225625,0.811134,0.916893,0.486142
N20270903-S036,N20270903,2027-09-04T02:45:00Z,900,true,1.225844,0.824922,0.915919,0.480963
N20270903-S037,N20270903,2027-09-04T03:00:00Z,900,true,1.208033,0.822340,0.924063,0.473500
N20270903-S038,N20270903,2027-09-04T03:15:00Z,900,true,1.216561,0.806767,0.933576,0.488240
N20270904-S001,N20270904,2027-09-04T18:00:00Z,900,true,1.093626,0.791185,0.938225,0.448304
N20270904-S002,N20270904,2027-09-04T18:15:00Z,900,true,1.121356,0.787205,0.915878,0.448939
N20270904-S003,N20270904,2027-09-04T18:30:00Z,900,true,1.162652,0.797533,0.944286,0.441884
N20270904-S004,N20270904,2027-09-04T18:45:00Z,900,true,1.211553,0.800191,0.914432,0.447707
N20270904-S005,N20270904,2027-09-04T19:00:00Z,900,true,1.174923,0.812555,0.932056,0.482114
N20270904-S006,N20270904,2027-09-04T19:15:00Z,900,true,1.163647,0.819615,0.935936,0.469890
N20270904-S007,N20270904,2027-09-04T19:30:00Z,900,true,1.210102,0.809698,0.926426,0.488690
N20270904-S008,N20270904,2027-09-04T19:45:00Z,900,true,1.229074,0.803321,0.921305,0.479533
N20270904-S009,N20270904,2027-09-04T20:00:00Z,900,true,1.253613,0.810255,0.899149,0.451628
N20270904-S010,N20270904,2027-09-04T20:15:00Z,900,true,1.252611,0.798006,0.903250,0.475313
N20270904-S011,N20270904,2027-09-04T20:30:00Z,900,true,1.258227,0.772539,0.903658,0.473731
N20270904-S012,N20270904,2027-09-04T20:45:00Z,900,true,1.213485,0.781235,0.921545,0.453834
N20270904-S013,N20270904,2027-09-04T21:00:00Z,900,true,1.134079,0.764200,0.907784,0.473839
N20270904-S014,N20270904,2027-09-04T21:15:00Z,900,true,1.134261,0.775008,0.899221,0.441861
N20270904-S015,N20270904,2027-09-04T21:30:00Z,900,true,1.109875,0.763980,0.898700,0.446245
N20270904-S016,N20270904,2027-09-04T21:45:00Z,900,true,1.099088,0.768687,0.894008,0.481984
N20270904-S017,N20270904,2027-09-04T22:00:00Z,900,true,1.049892,0.757948,0.891330,0.480780
N20270904-S018,N20270904,2027-09-04T22:15:00Z,900,true,1.048516,0.755485,0.879577,0.446742
N20270904-S019,N20270904,2027-09-04T22:30:00Z,900,true,1.068982,0.766979,0.868583,0.482409
N20270904-S020,N20270904,2027-09-04T22:45:00Z,900,true,1.155527,0.761269,0.902293,0.452958
N20270904-S021,N20270904,2027-09-04T23:00:00Z,900,true,1.133498,0.743243,0.900268,0.469903
N20270904-S022,N20270904,2027-09-04T23:15:00Z,900,true,1.089732,0.743480,0.917602,0.448881
N20270904-S023,N20270904,2027-09-04T23:30:00Z,900,true,1.105776,0.741428,0.936450,0.462898
N20270904-S024,N20270904,2027-09-04T23:45:00Z,900,true,1.102051,0.756598,0.942767,0.443290
N20270904-S025,N20270904,2027-09-05T00:00:00Z,900,true,1.061012,0.779191,0.974297,0.480100
N20270904-S026,N20270904,2027-09-05T00:15:00Z,900,true,1.060868,0.789923,0.981485,0.458219
N20270904-S027,N20270904,2027-09-05T00:30:00Z,900,true,1.053111,0.798905,0.974235,0.461174
N20270904-S028,N20270904,2027-09-05T00:45:00Z,900,true,1.058387,0.793167,0.981720,0.471508
N20270904-S029,N20270904,2027-09-05T01:00:00Z,900,true,1.033609,0.792271,0.969204,0.486444
N20270904-S030,N20270904,2027-09-05T01:15:00Z,900,true,1.014159,0.794404,1.022569,0.456483
N20270904-S031,N20270904,2027-09-05T01:30:00Z,900,true,0.970212,0.776763,1.004198,0.481849
N20270904-S032,N20270904,2027-09-05T01:45:00Z,900,true,0.973708,0.773752,0.998428,0.454562
N20270904-S033,N20270904,2027-09-05T02:00:00Z,900,true,0.951427,0.768669,0.993964,0.470040
N20270904-S034,N20270904,2027-09-05T02:15:00Z,900,true,0.929073,0.762751,0.961163,0.443795
N20270904-S035,N20270904,2027-09-05T02:30:00Z,900,true,1.107399,0.427405,0.618493,0.456705
N20270904-S036,N20270904,2027-09-05T02:45:00Z,900,true,1.144635,0.436222,0.613112,0.451840
N20270904-S037,N20270904,2027-09-05T03:00:00Z,900,true,1.243938,0.430935,0.592829,0.469304
N20270904-S038,N20270904,2027-09-05T03:15:00Z,900,true,1.230284,0.430396,0.588172,0.459940
N20270905-S001,N20270905,2027-09-05T18:00:00Z,900,true,1.411681,0.441534,0.575511,0.467705
N20270905-S002,N20270905,2027-09-05T18:15:00Z,900,true,1.355470,0.443077,0.555299,0.472898
N20270905-S003,N20270905,2027-09-05T18:30:00Z,900,true,1.494807,0.443306,0.566424,0.480089
N20270905-S004,N20270905,2027-09-05T18:45:00Z,900,true,1.463308,0.435925,0.561648,0.465120
N20270905-S005,N20270905,2027-09-05T19:00:00Z,900,true,1.434613,0.443667,0.574852,0.474412
N20270905-S006,N20270905,2027-09-05T19:15:00Z,900,true,1.397894,0.439512,0.575730,0.451963
N20270905-S007,N20270905,2027-09-05T19:30:00Z,900,true,1.419259,0.427807,0.571956,0.465848
N20270905-S008,N20270905,2027-09-05T19:45:00Z,900,true,1.390841,0.428422,0.560151,0.447193
N20270905-S009,N20270905,2027-09-05T20:00:00Z,900,true,1.499239,0.423386,0.550639,0.478316
N20270905-S010,N20270905,2027-09-05T20:15:00Z,900,true,1.493351,0.437645,0.559507,0.479439
N20270905-S011,N20270905,2027-09-05T20:30:00Z,900,true,1.480381,0.440378,0.543770,0.470910
N20270905-S012,N20270905,2027-09-05T20:45:00Z,900,true,1.487039,0.442305,0.549583,0.472513
N20270905-S013,N20270905,2027-09-05T21:00:00Z,900,true,1.503772,0.444673,0.564601,0.483213
N20270905-S014,N20270905,2027-09-05T21:15:00Z,900,true,1.554777,0.435848,0.566657,0.463615
N20270905-S015,N20270905,2027-09-05T21:30:00Z,900,true,1.529093,0.435774,0.552889,0.453241
N20270905-S016,N20270905,2027-09-05T21:45:00Z,900,true,1.501672,0.435257,0.559456,0.442986
N20270905-S017,N20270905,2027-09-05T22:00:00Z,900,true,1.190642,0.797046,0.839917,0.460722
N20270905-S018,N20270905,2027-09-05T22:15:00Z,900,true,1.210433,0.794346,0.852134,0.481946
N20270905-S019,N20270905,2027-09-05T22:30:00Z,900,false,,,,
N20270905-S020,N20270905,2027-09-05T22:45:00Z,900,false,,,,
N20270905-S021,N20270905,2027-09-05T23:00:00Z,900,false,,,,
N20270905-S022,N20270905,2027-09-05T23:15:00Z,900,false,,,,
N20270905-S023,N20270905,2027-09-05T23:30:00Z,900,true,1.154792,0.764841,0.865953,0.449957
N20270905-S024,N20270905,2027-09-05T23:45:00Z,900,true,1.197013,0.777046,0.886713,0.443421
N20270905-S025,N20270905,2027-09-06T00:00:00Z,900,true,1.186036,0.769360,0.865550,0.452778
N20270905-S026,N20270905,2027-09-06T00:15:00Z,900,true,1.177397,0.760392,0.867988,0.461093
N20270905-S027,N20270905,2027-09-06T00:30:00Z,900,true,1.132781,0.762883,0.865773,0.445035
N20270905-S028,N20270905,2027-09-06T00:45:00Z,900,true,1.118267,0.764427,0.840495,0.469080
N20270905-S029,N20270905,2027-09-06T01:00:00Z,900,true,1.112087,0.778748,0.827551,0.475378
N20270905-S030,N20270905,2027-09-06T01:15:00Z,900,true,1.116203,0.772549,0.827280,0.473761
N20270905-S031,N20270905,2027-09-06T01:30:00Z,900,true,1.148892,0.758429,0.822942,0.477628
N20270905-S032,N20270905,2027-09-06T01:45:00Z,900,true,1.161266,0.757891,0.816470,0.455384
N20270905-S033,N20270905,2027-09-06T02:00:00Z,900,true,1.125633,0.751083,0.814202,0.463052
N20270905-S034,N20270905,2027-09-06T02:15:00Z,900,true,1.140730,0.773061,0.847226,0.470397
N20270905-S035,N20270905,2027-09-06T02:30:00Z,900,true,1.115354,0.773326,0.825677,0.458561
N20270905-S036,N20270905,2027-09-06T02:45:00Z,900,true,1.099780,0.792620,0.846210,0.444200
N20270905-S037,N20270905,2027-09-06T03:00:00Z,900,true,1.129839,0.786648,0.837551,0.455392
N20270905-S038,N20270905,2027-09-06T03:15:00Z,900,true,1.158879,0.785186,0.851979,0.488475
N20270906-S001,N20270906,2027-09-06T18:00:00Z,900,true,1.113146,0.767689,0.891225,0.448243
N20270906-S002,N20270906,2027-09-06T18:15:00Z,900,true,1.087637,0.749102,0.883975,0.442922
N20270906-S003,N20270906,2027-09-06T18:30:00Z,900,true,1.115030,0.755313,0.898947,0.457197
N20270906-S004,N20270906,2027-09-06T18:45:00Z,900,true,1.161175,0.756922,0.908097,0.447693
N20270906-S005,N20270906,2027-09-06T19:00:00Z,900,true,1.172696,0.756118,0.892648,0.466604
N20270906-S006,N20270906,2027-09-06T19:15:00Z,900,true,1.175082,0.753061,0.899467,0.444395
N20270906-S007,N20270906,2027-09-06T19:30:00Z,900,true,1.217754,0.739888,0.921359,0.473464
N20270906-S008,N20270906,2027-09-06T19:45:00Z,900,true,1.258842,0.747329,0.913723,0.463797
N20270906-S009,N20270906,2027-09-06T20:00:00Z,900,true,1.302659,0.740454,0.894848,0.476225
N20270906-S010,N20270906,2027-09-06T20:15:00Z,900,true,1.292597,0.743272,0.873879,0.466374
N20270906-S011,N20270906,2027-09-06T20:30:00Z,900,true,1.256135,0.726455,0.890556,0.446004
N20270906-S012,N20270906,2027-09-06T20:45:00Z,900,true,1.222466,0.723004,0.885409,0.466432
N20270906-S013,N20270906,2027-09-06T21:00:00Z,900,true,1.218314,0.717594,0.883439,0.477460
N20270906-S014,N20270906,2027-09-06T21:15:00Z,900,true,1.321618,0.693478,0.877124,0.464621
N20270906-S015,N20270906,2027-09-06T21:30:00Z,900,true,1.342134,0.703494,0.892889,0.465899
N20270906-S016,N20270906,2027-09-06T21:45:00Z,900,true,1.309728,0.699377,0.899943,0.486479
N20270906-S017,N20270906,2027-09-06T22:00:00Z,900,false,,,,
N20270906-S018,N20270906,2027-09-06T22:15:00Z,900,false,,,,
N20270906-S019,N20270906,2027-09-06T22:30:00Z,900,false,,,,
N20270906-S020,N20270906,2027-09-06T22:45:00Z,900,false,,,,
N20270906-S021,N20270906,2027-09-06T23:00:00Z,900,false,,,,
N20270906-S022,N20270906,2027-09-06T23:15:00Z,900,false,,,,
N20270906-S023,N20270906,2027-09-06T23:30:00Z,900,false,,,,
N20270906-S024,N20270906,2027-09-06T23:45:00Z,900,false,,,,
N20270906-S025,N20270906,2027-09-07T00:00:00Z,900,false,,,,
N20270906-S026,N20270906,2027-09-07T00:15:00Z,900,false,,,,
N20270906-S027,N20270906,2027-09-07T00:30:00Z,900,false,,,,
N20270906-S028,N20270906,2027-09-07T00:45:00Z,900,false,,,,
N20270906-S029,N20270906,2027-09-07T01:00:00Z,900,false,,,,
N20270906-S030,N20270906,2027-09-07T01:15:00Z,900,false,,,,
N20270906-S031,N20270906,2027-09-07T01:30:00Z,900,false,,,,
N20270906-S032,N20270906,2027-09-07T01:45:00Z,900,false,,,,
N20270906-S033,N20270906,2027-09-07T02:00:00Z,900,false,,,,
N20270906-S034,N20270906,2027-09-07T02:15:00Z,900,false,,,,
N20270906-S035,N20270906,2027-09-07T02:30:00Z,900,false,,,,
N20270906-S036,N20270906,2027-09-07T02:45:00Z,900,false,,,,
N20270906-S037,N20270906,2027-09-07T03:00:00Z,900,false,,,,
N20270906-S038,N20270906,2027-09-07T03:15:00Z,900,false,,,,
N20270907-S001,N20270907,2027-09-07T18:00:00Z,900,false,,,,
N20270907-S002,N20270907,2027-09-07T18:15:00Z,900,false,,,,
N20270907-S003,N20270907,2027-09-07T18:30:00Z,900,false,,,,
N20270907-S004,N20270907,2027-09-07T18:45:00Z,900,false,,,,
N20270907-S005,N20270907,2027-09-07T19:00:00Z,900,false,,,,
N20270907-S006,N20270907,2027-09-07T19:15:00Z,900,false,,,,
N20270907-S007,N20270907,2027-09-07T19:30:00Z,900,false,,,,
N20270907-S008,N20270907,2027-09-07T19:45:00Z,900,false,,,,
N20270907-S009,N20270907,2027-09-07T20:00:00Z,900,true,1.170711,0.781159,0.986215,0.461299
N20270907-S010,N20270907,2027-09-07T20:15:00Z,900,true,1.229134,0.776883,0.998833,0.450781
N20270907-S011,N20270907,2027-09-07T20:30:00Z,900,true,1.246667,0.792438,1.000068,0.444902
N20270907-S012,N20270907,2027-09-07T20:45:00Z,900,true,1.257374,0.796143,0.994560,0.444027
N20270907-S013,N20270907,2027-09-07T21:00:00Z,900,true,1.204528,0.806242,0.993695,0.467914
N20270907-S014,N20270907,2027-09-07T21:15:00Z,900,true,1.093323,0.809379,0.987216,0.481594
N20270907-S015,N20270907,2027-09-07T21:30:00Z,900,true,1.128545,0.803959,0.976019,0.485665
N20270907-S016,N20270907,2027-09-07T21:45:00Z,900,true,1.107434,0.791429,0.988024,0.453931
N20270907-S017,N20270907,2027-09-07T22:00:00Z,900,true,1.135280,0.778924,0.957701,0.466851
N20270907-S018,N20270907,2027-09-07T22:15:00Z,900,true,1.120392,0.773019,0.962988,0.469155
N20270907-S019,N20270907,2027-09-07T22:30:00Z,900,true,1.133857,0.780093,0.961246,0.487904
N20270907-S020,N20270907,2027-09-07T22:45:00Z,900,true,1.087830,0.801435,0.948320,0.456455
N20270907-S021,N20270907,2027-09-07T23:00:00Z,900,true,1.068676,0.812767,0.942578,0.459575
N20270907-S022,N20270907,2027-09-07T23:15:00Z,900,true,1.105808,0.803033,0.959690,0.476027
N20270907-S023,N20270907,2027-09-07T23:30:00Z,900,true,1.062394,0.819093,0.973263,0.457056
N20270907-S024,N20270907,2027-09-07T23:45:00Z,900,true,1.123621,0.820359,0.965182,0.459471
N20270907-S025,N20270907,2027-09-08T00:00:00Z,900,true,1.158088,0.814687,0.960845,0.452150
N20270907-S026,N20270907,2027-09-08T00:15:00Z,900,true,1.175023,0.805133,0.951983,0.473551
N20270907-S027,N20270907,2027-09-08T00:30:00Z,900,true,1.168584,0.807836,0.949589,0.449239
N20270907-S028,N20270907,2027-09-08T00:45:00Z,900,true,1.200079,0.807219,0.981146,0.442960
N20270907-S029,N20270907,2027-09-08T01:00:00Z,900,true,1.150664,0.807370,0.981142,0.471068
N20270907-S030,N20270907,2027-09-08T01:15:00Z,900,true,1.105532,0.805513,0.973835,0.458837
N20270907-S031,N20270907,2027-09-08T01:30:00Z,900,true,1.109952,0.784625,1.010544,0.446483
N20270907-S032,N20270907,2027-09-08T01:45:00Z,900,true,1.170314,0.780620,1.002751,0.482938
N20270907-S033,N20270907,2027-09-08T02:00:00Z,900,true,1.213034,0.789279,0.975689,0.469378
N20270907-S034,N20270907,2027-09-08T02:15:00Z,900,true,1.176794,0.792205,0.998259,0.463656
N20270907-S035,N20270907,2027-09-08T02:30:00Z,900,true,1.140016,0.794379,1.000281,0.472614
N20270907-S036,N20270907,2027-09-08T02:45:00Z,900,true,1.078263,0.810196,0.995094,0.454474
N20270907-S037,N20270907,2027-09-08T03:00:00Z,900,true,1.107506,0.803931,0.976467,0.453783
N20270907-S038,N20270907,2027-09-08T03:15:00Z,900,true,1.118941,0.792839,0.971133,0.465674
N20270908-S001,N20270908,2027-09-08T18:00:00Z,900,true,1.333645,0.664381,0.983621,0.453308
N20270908-S002,N20270908,2027-09-08T18:15:00Z,900,true,1.297166,0.653169,0.988186,0.474823
N20270908-S003,N20270908,2027-09-08T18:30:00Z,900,true,1.326001,0.646900,0.987108,0.444975
N20270908-S004,N20270908,2027-09-08T18:45:00Z,900,true,1.393180,0.650255,0.993834,0.477881
N20270908-S005,N20270908,2027-09-08T19:00:00Z,900,true,1.355707,0.653980,1.013859,0.481041
N20270908-S006,N20270908,2027-09-08T19:15:00Z,900,true,1.392713,0.675265,1.006651,0.460995
N20270908-S007,N20270908,2027-09-08T19:30:00Z,900,true,1.408694,0.668948,1.006707,0.448527
N20270908-S008,N20270908,2027-09-08T19:45:00Z,900,true,1.418385,0.675368,1.000053,0.467181
N20270908-S009,N20270908,2027-09-08T20:00:00Z,900,true,1.479631,0.652525,0.989627,0.487888
N20270908-S010,N20270908,2027-09-08T20:15:00Z,900,true,1.481785,0.666561,0.983695,0.457795
N20270908-S011,N20270908,2027-09-08T20:30:00Z,900,true,1.475580,0.675664,0.967781,0.475802
N20270908-S012,N20270908,2027-09-08T20:45:00Z,900,true,1.511818,0.650639,0.955567,0.464194
N20270908-S013,N20270908,2027-09-08T21:00:00Z,900,true,1.504453,0.664929,0.934349,0.459667
N20270908-S014,N20270908,2027-09-08T21:15:00Z,900,true,1.450430,0.653425,0.946456,0.476307
N20270908-S015,N20270908,2027-09-08T21:30:00Z,900,true,1.465994,0.650941,0.934349,0.460208
N20270908-S016,N20270908,2027-09-08T21:45:00Z,900,true,1.508098,0.640687,0.976248,0.474308
N20270908-S017,N20270908,2027-09-08T22:00:00Z,900,true,1.447743,0.640397,0.951701,0.451611
N20270908-S018,N20270908,2027-09-08T22:15:00Z,900,true,1.422904,0.625865,0.945781,0.460597
N20270908-S019,N20270908,2027-09-08T22:30:00Z,900,true,1.422153,0.645527,0.943887,0.462206
N20270908-S020,N20270908,2027-09-08T22:45:00Z,900,true,1.437071,0.643713,0.924998,0.444547
N20270908-S021,N20270908,2027-09-08T23:00:00Z,900,true,1.504428,0.636516,0.930135,0.469834
N20270908-S022,N20270908,2027-09-08T23:15:00Z,900,true,1.505916,0.632798,0.970819,0.483984
N20270908-S023,N20270908,2027-09-08T23:30:00Z,900,true,1.466082,0.643723,0.943686,0.451885
N20270908-S024,N20270908,2027-09-08T23:45:00Z,900,true,1.434585,0.649921,0.937306,0.445684
N20270908-S025,N20270908,2027-09-09T00:00:00Z,900,true,1.381298,0.656170,0.939366,0.442190
N20270908-S026,N20270908,2027-09-09T00:15:00Z,900,true,1.340389,0.660775,0.952869,0.477046
N20270908-S027,N20270908,2027-09-09T00:30:00Z,900,true,1.298903,0.686144,0.931490,0.464919
N20270908-S028,N20270908,2027-09-09T00:45:00Z,900,true,1.336794,0.707430,0.939456,0.445639
N20270908-S029,N20270908,2027-09-09T01:00:00Z,900,true,1.303213,0.700418,0.947993,0.477831
N20270908-S030,N20270908,2027-09-09T01:15:00Z,900,true,1.298215,0.708250,0.960753,0.479882
N20270908-S031,N20270908,2027-09-09T01:30:00Z,900,true,1.330730,0.700208,0.963261,0.468381
N20270908-S032,N20270908,2027-09-09T01:45:00Z,900,true,1.286492,0.715705,0.978167,0.464689
N20270908-S033,N20270908,2027-09-09T02:00:00Z,900,true,1.286629,0.718882,0.992812,0.452204
N20270908-S034,N20270908,2027-09-09T02:15:00Z,900,true,1.380751,0.699086,0.996978,0.487546
N20270908-S035,N20270908,2027-09-09T02:30:00Z,900,true,1.374533,0.720248,0.978826,0.477735
N20270908-S036,N20270908,2027-09-09T02:45:00Z,900,true,1.298733,0.706801,0.985591,0.477723
N20270908-S037,N20270908,2027-09-09T03:00:00Z,900,true,1.274339,0.697645,0.969922,0.469151
N20270908-S038,N20270908,2027-09-09T03:15:00Z,900,true,1.249962,0.685572,0.955807,0.458831
N20270909-S001,N20270909,2027-09-09T18:00:00Z,900,true,1.394614,0.622370,0.904468,0.455491
N20270909-S002,N20270909,2027-09-09T18:15:00Z,900,true,1.399228,0.616934,0.905842,0.468391
N20270909-S003,N20270909,2027-09-09T18:30:00Z,900,true,1.407714,0.632745,0.926299,0.465500
N20270909-S004,N20270909,2027-09-09T18:45:00Z,900,true,1.427102,0.627762,0.950749,0.470296
N20270909-S005,N20270909,2027-09-09T19:00:00Z,900,true,1.478465,0.650206,0.938487,0.470168
N20270909-S006,N20270909,2027-09-09T19:15:00Z,900,true,1.439752,0.631741,0.924770,0.465938
N20270909-S007,N20270909,2027-09-09T19:30:00Z,900,true,1.440326,0.631044,0.902189,0.489997
N20270909-S008,N20270909,2027-09-09T19:45:00Z,900,true,1.464797,0.625699,0.895107,0.465075
N20270909-S009,N20270909,2027-09-09T20:00:00Z,900,true,1.473405,0.618959,0.902088,0.488581
N20270909-S010,N20270909,2027-09-09T20:15:00Z,900,true,1.513368,0.623645,0.898988,0.456194
N20270909-S011,N20270909,2027-09-09T20:30:00Z,900,true,1.468005,0.614723,0.929515,0.448053
N20270909-S012,N20270909,2027-09-09T20:45:00Z,900,true,1.500048,0.612783,0.943635,0.459794
N20270909-S013,N20270909,2027-09-09T21:00:00Z,900,true,1.512468,0.622111,0.953216,0.485408
N20270909-S014,N20270909,2027-09-09T21:15:00Z,900,true,1.507273,0.644478,0.961170,0.464528
N20270909-S015,N20270909,2027-09-09T21:30:00Z,900,true,1.545405,0.647981,0.947167,0.468448
N20270909-S016,N20270909,2027-09-09T21:45:00Z,900,true,1.584326,0.663566,0.943287,0.449632
N20270909-S017,N20270909,2027-09-09T22:00:00Z,900,true,1.549483,0.648987,0.974873,0.442775
N20270909-S018,N20270909,2027-09-09T22:15:00Z,900,true,1.561582,0.643827,0.971112,0.475934
N20270909-S019,N20270909,2027-09-09T22:30:00Z,900,true,1.520759,0.637287,0.965724,0.485617
N20270909-S020,N20270909,2027-09-09T22:45:00Z,900,true,1.474626,0.624324,0.961773,0.485882
N20270909-S021,N20270909,2027-09-09T23:00:00Z,900,true,1.492809,0.648839,0.969561,0.449564
N20270909-S022,N20270909,2027-09-09T23:15:00Z,900,true,1.506756,0.642550,0.961295,0.455495
N20270909-S023,N20270909,2027-09-09T23:30:00Z,900,true,1.451720,0.639948,0.981845,0.459154
N20270909-S024,N20270909,2027-09-09T23:45:00Z,900,true,1.431906,0.633040,0.973524,0.487449
N20270909-S025,N20270909,2027-09-10T00:00:00Z,900,true,1.404873,0.631513,0.958722,0.472769
N20270909-S026,N20270909,2027-09-10T00:15:00Z,900,true,1.446690,0.650776,0.952591,0.444672
N20270909-S027,N20270909,2027-09-10T00:30:00Z,900,true,1.444715,0.655808,0.960060,0.443614
N20270909-S028,N20270909,2027-09-10T00:45:00Z,900,true,1.462170,0.649179,0.985895,0.449736
N20270909-S029,N20270909,2027-09-10T01:00:00Z,900,true,1.447389,0.653502,1.005586,0.469117
N20270909-S030,N20270909,2027-09-10T01:15:00Z,900,true,1.415386,0.669748,0.966269,0.462391
N20270909-S031,N20270909,2027-09-10T01:30:00Z,900,true,1.403025,0.677431,0.969016,0.477788
N20270909-S032,N20270909,2027-09-10T01:45:00Z,900,true,1.359658,0.714580,0.977818,0.469368
N20270909-S033,N20270909,2027-09-10T02:00:00Z,900,true,1.337704,0.707113,0.952915,0.482085
N20270909-S034,N20270909,2027-09-10T02:15:00Z,900,true,1.429203,0.701771,0.944890,0.478375
N20270909-S035,N20270909,2027-09-10T02:30:00Z,900,true,1.405737,0.677883,0.946088,0.469502
N20270909-S036,N20270909,2027-09-10T02:45:00Z,900,true,1.400104,0.661522,0.918397,0.466049
N20270909-S037,N20270909,2027-09-10T03:00:00Z,900,true,1.356990,0.659116,0.928887,0.456016
N20270909-S038,N20270909,2027-09-10T03:15:00Z,900,true,1.402365,0.662476,0.924644,0.474337
N20270910-S001,N20270910,2027-09-10T18:00:00Z,900,true,1.222715,0.614157,0.972187,0.453654
N20270910-S002,N20270910,2027-09-10T18:15:00Z,900,true,1.209634,0.627230,0.994365,0.481608
N20270910-S003,N20270910,2027-09-10T18:30:00Z,900,true,1.243081,0.622102,1.014616,0.454650
N20270910-S004,N20270910,2027-09-10T18:45:00Z,900,true,1.293965,0.628288,0.997176,0.467803
N20270910-S005,N20270910,2027-09-10T19:00:00Z,900,true,1.275500,0.623836,0.996852,0.442876
N20270910-S006,N20270910,2027-09-10T19:15:00Z,900,true,1.262352,0.643944,0.985462,0.464682
N20270910-S007,N20270910,2027-09-10T19:30:00Z,900,true,1.224415,0.640379,0.970027,0.468111
N20270910-S008,N20270910,2027-09-10T19:45:00Z,900,true,1.208356,0.635417,0.966609,0.482128
N20270910-S009,N20270910,2027-09-10T20:00:00Z,900,true,1.165966,0.649817,0.962309,0.478946
N20270910-S010,N20270910,2027-09-10T20:15:00Z,900,true,1.187818,0.647491,0.928452,0.456403
N20270910-S011,N20270910,2027-09-10T20:30:00Z,900,true,1.222523,0.646771,0.946192,0.471109
N20270910-S012,N20270910,2027-09-10T20:45:00Z,900,true,1.233503,0.624319,0.932139,0.486222
N20270910-S013,N20270910,2027-09-10T21:00:00Z,900,true,1.271727,0.621771,0.964641,0.478905
N20270910-S014,N20270910,2027-09-10T21:15:00Z,900,true,1.315693,0.606218,0.986179,0.464637
N20270910-S015,N20270910,2027-09-10T21:30:00Z,900,true,1.345456,0.610801,0.995233,0.484951
N20270910-S016,N20270910,2027-09-10T21:45:00Z,900,true,1.292540,0.620636,1.016120,0.490468
N20270910-S017,N20270910,2027-09-10T22:00:00Z,900,true,1.237246,0.616936,0.988917,0.484091
N20270910-S018,N20270910,2027-09-10T22:15:00Z,900,false,,,,
N20270910-S019,N20270910,2027-09-10T22:30:00Z,900,false,,,,
N20270910-S020,N20270910,2027-09-10T22:45:00Z,900,false,,,,
N20270910-S021,N20270910,2027-09-10T23:00:00Z,900,false,,,,
N20270910-S022,N20270910,2027-09-10T23:15:00Z,900,false,,,,
N20270910-S023,N20270910,2027-09-10T23:30:00Z,900,true,1.180976,0.605830,0.995652,0.468445
N20270910-S024,N20270910,2027-09-10T23:45:00Z,900,true,1.272985,0.617698,1.022129,0.456093
N20270910-S025,N20270910,2027-09-11T00:00:00Z,900,true,1.237259,0.606727,1.003832,0.483031
N20270910-S026,N20270910,2027-09-11T00:15:00Z,900,true,1.198853,0.625502,0.999131,0.456212
N20270910-S027,N20270910,2027-09-11T00:30:00Z,900,true,1.194257,0.608373,0.964774,0.451121
N20270910-S028,N20270910,2027-09-11T00:45:00Z,900,true,1.200985,0.606465,0.969130,0.479940
N20270910-S029,N20270910,2027-09-11T01:00:00Z,900,true,1.216723,0.626978,0.976304,0.449415
N20270910-S030,N20270910,2027-09-11T01:15:00Z,900,true,1.244557,0.621194,0.990787,0.466919
N20270910-S031,N20270910,2027-09-11T01:30:00Z,900,true,1.241715,0.625144,0.974468,0.459756
N20270910-S032,N20270910,2027-09-11T01:45:00Z,900,true,1.270559,0.635981,0.965149,0.477737
N20270910-S033,N20270910,2027-09-11T02:00:00Z,900,true,1.254255,0.653792,0.954464,0.487592
N20270910-S034,N20270910,2027-09-11T02:15:00Z,900,true,1.286241,0.650395,0.959149,0.455948
N20270910-S035,N20270910,2027-09-11T02:30:00Z,900,true,1.254533,0.643281,0.946844,0.470374
N20270910-S036,N20270910,2027-09-11T02:45:00Z,900,true,1.238465,0.640383,0.972790,0.450112
N20270910-S037,N20270910,2027-09-11T03:00:00Z,900,true,1.233407,0.633279,0.989036,0.451267
N20270911-S001,N20270911,2027-09-11T18:00:00Z,900,true,1.154882,0.626623,0.983609,0.487852
N20270911-S002,N20270911,2027-09-11T18:15:00Z,900,true,1.154305,0.646625,1.005080,0.490772
N20270911-S003,N20270911,2027-09-11T18:30:00Z,900,true,1.136556,0.657565,1.009162,0.469788
N20270911-S004,N20270911,2027-09-11T18:45:00Z,900,true,1.121850,0.664594,1.023030,0.446031
N20270911-S005,N20270911,2027-09-11T19:00:00Z,900,true,1.170804,0.664650,1.048933,0.450069
N20270911-S006,N20270911,2027-09-11T19:15:00Z,900,true,1.168385,0.642634,1.047313,0.442832
N20270911-S007,N20270911,2027-09-11T19:30:00Z,900,true,1.147436,0.644961,1.065710,0.455172
N20270911-S008,N20270911,2027-09-11T19:45:00Z,900,true,1.181676,0.666086,1.058088,0.448297
N20270911-S009,N20270911,2027-09-11T20:00:00Z,900,true,1.184778,0.665295,1.061771,0.482153
N20270911-S010,N20270911,2027-09-11T20:15:00Z,900,true,1.199920,0.627872,1.076271,0.450993
N20270911-S011,N20270911,2027-09-11T20:30:00Z,900,true,1.169563,0.637101,1.082948,0.460424
N20270911-S012,N20270911,2027-09-11T20:45:00Z,900,true,1.127689,0.630289,1.070591,0.443908
N20270911-S013,N20270911,2027-09-11T21:00:00Z,900,true,1.104157,0.644204,1.033097,0.463914
N20270911-S014,N20270911,2027-09-11T21:15:00Z,900,true,1.075735,0.656233,1.003881,0.488940
N20270911-S015,N20270911,2027-09-11T21:30:00Z,900,true,1.108944,0.642880,1.003522,0.489217
N20270911-S016,N20270911,2027-09-11T21:45:00Z,900,true,1.093890,0.638195,1.020003,0.486731
N20270911-S017,N20270911,2027-09-11T22:00:00Z,900,true,1.124878,0.620808,1.030372,0.453480
N20270911-S018,N20270911,2027-09-11T22:15:00Z,900,true,1.159451,0.604817,1.056871,0.481400
N20270911-S019,N20270911,2027-09-11T22:30:00Z,900,true,1.138241,0.601372,1.046596,0.442929
N20270911-S020,N20270911,2027-09-11T22:45:00Z,900,true,1.152085,0.584689,1.058885,0.463631
N20270911-S021,N20270911,2027-09-11T23:00:00Z,900,true,1.180768,0.599424,1.025373,0.490120
N20270911-S022,N20270911,2027-09-11T23:15:00Z,900,false,,,,
N20270911-S023,N20270911,2027-09-11T23:30:00Z,900,false,,,,
N20270911-S024,N20270911,2027-09-11T23:45:00Z,900,false,,,,
N20270911-S025,N20270911,2027-09-12T00:00:00Z,900,true,1.201345,0.614960,0.999330,0.445144
N20270911-S026,N20270911,2027-09-12T00:15:00Z,900,true,1.223547,0.611659,1.011133,0.475660
N20270911-S027,N20270911,2027-09-12T00:30:00Z,900,true,1.252584,0.616004,1.008488,0.456823
N20270911-S028,N20270911,2027-09-12T00:45:00Z,900,true,1.298237,0.608907,0.990148,0.473653
N20270911-S029,N20270911,2027-09-12T01:00:00Z,900,true,1.273250,0.593799,0.976269,0.454066
N20270911-S030,N20270911,2027-09-12T01:15:00Z,900,true,1.320629,0.600386,0.976281,0.468705
N20270911-S031,N20270911,2027-09-12T01:30:00Z,900,true,1.335386,0.590730,0.983344,0.466483
N20270911-S032,N20270911,2027-09-12T01:45:00Z,900,true,1.234372,0.604060,0.970692,0.442384
N20270911-S033,N20270911,2027-09-12T02:00:00Z,900,true,1.224906,0.612600,0.977488,0.453067
N20270911-S034,N20270911,2027-09-12T02:15:00Z,900,true,1.266392,0.620015,0.966794,0.470465
N20270911-S035,N20270911,2027-09-12T02:30:00Z,900,true,1.322411,0.630313,0.960982,0.485493
N20270911-S036,N20270911,2027-09-12T02:45:00Z,900,true,1.349551,0.621338,0.957474,0.466417
N20270911-S037,N20270911,2027-09-12T03:00:00Z,900,true,1.313993,0.631139,0.979120,0.472477
N20270912-S001,N20270912,2027-09-12T18:00:00Z,900,true,1.088353,0.669995,0.917297,0.471130
N20270912-S002,N20270912,2027-09-12T18:15:00Z,900,true,1.109503,0.667483,0.929302,0.476091
N20270912-S003,N20270912,2027-09-12T18:30:00Z,900,true,1.148068,0.660289,0.903631,0.442616
N20270912-S004,N20270912,2027-09-12T18:45:00Z,900,true,1.109819,0.660144,0.905029,0.484628
N20270912-S005,N20270912,2027-09-12T19:00:00Z,900,true,1.120168,0.682890,0.925385,0.473141
N20270912-S006,N20270912,2027-09-12T19:15:00Z,900,true,1.062690,0.678490,0.941931,0.445921
N20270912-S007,N20270912,2027-09-12T19:30:00Z,900,true,1.034314,0.657870,0.941889,0.448006
N20270912-S008,N20270912,2027-09-12T19:45:00Z,900,true,1.067957,0.672139,0.969291,0.452434
N20270912-S009,N20270912,2027-09-12T20:00:00Z,900,true,1.063963,0.681626,0.954156,0.486211
N20270912-S010,N20270912,2027-09-12T20:15:00Z,900,true,1.070347,0.666609,0.964766,0.444217
N20270912-S011,N20270912,2027-09-12T20:30:00Z,900,true,1.067170,0.671893,0.937700,0.478497
N20270912-S012,N20270912,2027-09-12T20:45:00Z,900,true,1.084042,0.679312,0.934652,0.454298
N20270912-S013,N20270912,2027-09-12T21:00:00Z,900,true,1.052301,0.677901,0.933549,0.455906
N20270912-S014,N20270912,2027-09-12T21:15:00Z,900,true,1.020626,0.658443,0.950057,0.478647
N20270912-S015,N20270912,2027-09-12T21:30:00Z,900,true,1.075179,0.667546,0.974310,0.455181
N20270912-S016,N20270912,2027-09-12T21:45:00Z,900,true,1.058132,0.662241,0.992680,0.448446
N20270912-S017,N20270912,2027-09-12T22:00:00Z,900,true,1.033652,0.658500,0.971959,0.486587
N20270912-S018,N20270912,2027-09-12T22:15:00Z,900,true,0.989466,0.646692,0.977306,0.485508
N20270912-S019,N20270912,2027-09-12T22:30:00Z,900,true,0.969583,0.657417,0.974769,0.479999
N20270912-S020,N20270912,2027-09-12T22:45:00Z,900,true,1.091026,0.666432,0.986147,0.471735
N20270912-S021,N20270912,2027-09-12T23:00:00Z,900,true,1.052373,0.676137,0.963991,0.488854
N20270912-S022,N20270912,2027-09-12T23:15:00Z,900,true,1.116335,0.691727,0.956009,0.454887
N20270912-S023,N20270912,2027-09-12T23:30:00Z,900,true,1.133510,0.685827,0.972362,0.472797
N20270912-S024,N20270912,2027-09-12T23:45:00Z,900,true,1.139345,0.698447,0.973278,0.456704
N20270912-S025,N20270912,2027-09-13T00:00:00Z,900,false,,,,
N20270912-S026,N20270912,2027-09-13T00:15:00Z,900,false,,,,
N20270912-S027,N20270912,2027-09-13T00:30:00Z,900,false,,,,
N20270912-S028,N20270912,2027-09-13T00:45:00Z,900,false,,,,
N20270912-S029,N20270912,2027-09-13T01:00:00Z,900,false,,,,
N20270912-S030,N20270912,2027-09-13T01:15:00Z,900,false,,,,
N20270912-S031,N20270912,2027-09-13T01:30:00Z,900,false,,,,
N20270912-S032,N20270912,2027-09-13T01:45:00Z,900,false,,,,
N20270912-S033,N20270912,2027-09-13T02:00:00Z,900,false,,,,
N20270912-S034,N20270912,2027-09-13T02:15:00Z,900,false,,,,
N20270912-S035,N20270912,2027-09-13T02:30:00Z,900,false,,,,
N20270912-S036,N20270912,2027-09-13T02:45:00Z,900,false,,,,
N20270912-S037,N20270912,2027-09-13T03:00:00Z,900,false,,,,
N20270913-S001,N20270913,2027-09-13T18:00:00Z,900,false,,,,
N20270913-S002,N20270913,2027-09-13T18:15:00Z,900,false,,,,
N20270913-S003,N20270913,2027-09-13T18:30:00Z,900,false,,,,
N20270913-S004,N20270913,2027-09-13T18:45:00Z,900,false,,,,
N20270913-S005,N20270913,2027-09-13T19:00:00Z,900,false,,,,
N20270913-S006,N20270913,2027-09-13T19:15:00Z,900,false,,,,
N20270913-S007,N20270913,2027-09-13T19:30:00Z,900,false,,,,
N20270913-S008,N20270913,2027-09-13T19:45:00Z,900,false,,,,
N20270913-S009,N20270913,2027-09-13T20:00:00Z,900,false,,,,
N20270913-S010,N20270913,2027-09-13T20:15:00Z,900,false,,,,
N20270913-S011,N20270913,2027-09-13T20:30:00Z,900,false,,,,
N20270913-S012,N20270913,2027-09-13T20:45:00Z,900,false,,,,
N20270913-S013,N20270913,2027-09-13T21:00:00Z,900,false,,,,
N20270913-S014,N20270913,2027-09-13T21:15:00Z,900,false,,,,
N20270913-S015,N20270913,2027-09-13T21:30:00Z,900,true,0.996245,0.705464,0.857949,0.480816
N20270913-S016,N20270913,2027-09-13T21:45:00Z,900,true,1.022884,0.685774,0.838335,0.479253
N20270913-S017,N20270913,2027-09-13T22:00:00Z,900,true,1.042351,0.703024,0.821974,0.445732
N20270913-S018,N20270913,2027-09-13T22:15:00Z,900,true,1.048658,0.685568,0.806452,0.483758
N20270913-S019,N20270913,2027-09-13T22:30:00Z,900,true,1.093546,0.671105,0.845661,0.485125
N20270913-S020,N20270913,2027-09-13T22:45:00Z,900,true,1.042506,0.666778,0.855019,0.447821
N20270913-S021,N20270913,2027-09-13T23:00:00Z,900,true,1.047533,0.675584,0.868444,0.444859
N20270913-S022,N20270913,2027-09-13T23:15:00Z,900,true,1.084564,0.666877,0.883393,0.485627
N20270913-S023,N20270913,2027-09-13T23:30:00Z,900,true,1.094806,0.665020,0.878074,0.483879
N20270913-S024,N20270913,2027-09-13T23:45:00Z,900,true,1.133927,0.688539,0.887554,0.462319
N20270913-S025,N20270913,2027-09-14T00:00:00Z,900,true,1.152606,0.695668,0.867527,0.462122
N20270913-S026,N20270913,2027-09-14T00:15:00Z,900,true,1.123512,0.702659,0.856913,0.446778
N20270913-S027,N20270913,2027-09-14T00:30:00Z,900,true,1.151106,0.700974,0.888966,0.452101
N20270913-S028,N20270913,2027-09-14T00:45:00Z,900,true,1.131845,0.705779,0.903747,0.448302
N20270913-S029,N20270913,2027-09-14T01:00:00Z,900,true,1.041050,0.706753,0.925366,0.445516
N20270913-S030,N20270913,2027-09-14T01:15:00Z,900,true,1.047259,0.707843,0.945256,0.456581
N20270913-S031,N20270913,2027-09-14T01:30:00Z,900,true,1.108691,0.701641,0.924950,0.486657
N20270913-S032,N20270913,2027-09-14T01:45:00Z,900,true,1.104960,0.700939,0.910696,0.459787
N20270913-S033,N20270913,2027-09-14T02:00:00Z,900,true,1.083740,0.712093,0.912088,0.448716
N20270913-S034,N20270913,2027-09-14T02:15:00Z,900,true,1.099014,0.702546,0.897257,0.464032
N20270913-S035,N20270913,2027-09-14T02:30:00Z,900,true,1.076635,0.686160,0.888753,0.483096
N20270913-S036,N20270913,2027-09-14T02:45:00Z,900,true,1.066671,0.683011,0.896018,0.456816
N20270913-S037,N20270913,2027-09-14T03:00:00Z,900,true,1.073893,0.689559,0.905849,0.461352
N20270914-S001,N20270914,2027-09-14T18:00:00Z,900,true,1.180763,0.665830,0.816320,0.473135
N20270914-S002,N20270914,2027-09-14T18:15:00Z,900,true,1.185053,0.654726,0.787262,0.446521
N20270914-S003,N20270914,2027-09-14T18:30:00Z,900,true,1.217463,0.659405,0.771146,0.487282
N20270914-S004,N20270914,2027-09-14T18:45:00Z,900,true,1.154708,0.649012,0.764193,0.465929
N20270914-S005,N20270914,2027-09-14T19:00:00Z,900,true,1.156903,0.657340,0.773985,0.458051
N20270914-S006,N20270914,2027-09-14T19:15:00Z,900,true,1.102854,0.657744,0.785867,0.443962
N20270914-S007,N20270914,2027-09-14T19:30:00Z,900,true,1.113703,0.653190,0.780080,0.486126
N20270914-S008,N20270914,2027-09-14T19:45:00Z,900,true,1.163322,0.667476,0.811051,0.442000
N20270914-S009,N20270914,2027-09-14T20:00:00Z,900,true,1.152822,0.672136,0.849151,0.484169
N20270914-S010,N20270914,2027-09-14T20:15:00Z,900,true,1.182620,0.676650,0.843254,0.453480
N20270914-S011,N20270914,2027-09-14T20:30:00Z,900,true,1.185692,0.693448,0.803942,0.278537
N20270914-S012,N20270914,2027-09-14T20:45:00Z,900,true,1.172363,0.685814,0.802359,0.291938
N20270914-S013,N20270914,2027-09-14T21:00:00Z,900,true,1.164560,0.689752,0.824719,0.296590
N20270914-S014,N20270914,2027-09-14T21:15:00Z,900,true,1.177468,0.706142,0.828173,0.281357
N20270914-S015,N20270914,2027-09-14T21:30:00Z,900,true,1.193184,0.705586,0.854949,0.288211
N20270914-S016,N20270914,2027-09-14T21:45:00Z,900,true,1.181037,0.708375,0.853594,0.283961
N20270914-S017,N20270914,2027-09-14T22:00:00Z,900,true,1.184865,0.729171,0.833039,0.275989
N20270914-S018,N20270914,2027-09-14T22:15:00Z,900,true,1.178192,0.709906,0.823560,0.290585
N20270914-S019,N20270914,2027-09-14T22:30:00Z,900,true,1.142848,0.696808,0.826038,0.293798
N20270914-S020,N20270914,2027-09-14T22:45:00Z,900,true,1.112672,0.706454,0.826249,0.291645
N20270914-S021,N20270914,2027-09-14T23:00:00Z,900,true,1.155628,0.701530,0.807982,0.275745
N20270914-S022,N20270914,2027-09-14T23:15:00Z,900,true,1.125199,0.695545,0.803337,0.274817
N20270914-S023,N20270914,2027-09-14T23:30:00Z,900,false,,,,
N20270914-S024,N20270914,2027-09-14T23:45:00Z,900,false,,,,
N20270914-S025,N20270914,2027-09-15T00:00:00Z,900,false,,,,
N20270914-S026,N20270914,2027-09-15T00:15:00Z,900,true,1.154842,0.708309,0.813590,0.280567
N20270914-S027,N20270914,2027-09-15T00:30:00Z,900,true,1.107974,0.728090,0.794918,0.294381
N20270914-S028,N20270914,2027-09-15T00:45:00Z,900,true,1.118676,0.715611,0.788737,0.299723
N20270914-S029,N20270914,2027-09-15T01:00:00Z,900,true,1.096980,0.720626,0.794421,0.273698
N20270914-S030,N20270914,2027-09-15T01:15:00Z,900,true,1.138747,0.725255,0.807081,0.297704
N20270914-S031,N20270914,2027-09-15T01:30:00Z,900,true,1.176461,0.726930,0.812080,0.279327
N20270914-S032,N20270914,2027-09-15T01:45:00Z,900,true,1.162073,0.712633,0.836651,0.289529
N20270914-S033,N20270914,2027-09-15T02:00:00Z,900,true,1.103707,0.701965,0.807514,0.277750
N20270914-S034,N20270914,2027-09-15T02:15:00Z,900,true,1.101434,0.697652,0.823265,0.272673
N20270914-S035,N20270914,2027-09-15T02:30:00Z,900,true,1.091990,0.721908,0.850836,0.278402
N20270914-S036,N20270914,2027-09-15T02:45:00Z,900,true,1.071186,0.723101,0.846084,0.270206
N20270914-S037,N20270914,2027-09-15T03:00:00Z,900,true,1.065850,0.711746,0.850902,0.291576
N20270915-S001,N20270915,2027-09-15T18:15:00Z,900,true,1.185068,0.668109,0.883625,0.308984
N20270915-S002,N20270915,2027-09-15T18:30:00Z,900,true,1.200433,0.677643,0.852104,0.311573
N20270915-S003,N20270915,2027-09-15T18:45:00Z,900,true,1.204178,0.676374,0.869693,0.333832
N20270915-S004,N20270915,2027-09-15T19:00:00Z,900,true,1.184633,0.675154,0.865629,0.337180
N20270915-S005,N20270915,2027-09-15T19:15:00Z,900,true,1.197235,0.668463,0.863406,0.312141
N20270915-S006,N20270915,2027-09-15T19:30:00Z,900,true,1.142409,0.674242,0.866619,0.324939
N20270915-S007,N20270915,2027-09-15T19:45:00Z,900,true,1.156319,0.670389,0.860621,0.315910
N20270915-S008,N20270915,2027-09-15T20:00:00Z,900,true,1.158340,0.668442,0.855108,0.340948
N20270915-S009,N20270915,2027-09-15T20:15:00Z,900,true,1.166806,0.647364,0.838475,0.331170
N20270915-S010,N20270915,2027-09-15T20:30:00Z,900,true,1.193537,0.643655,0.840968,0.331206
N20270915-S011,N20270915,2027-09-15T20:45:00Z,900,true,1.183879,0.657523,0.823089,0.314351
N20270915-S012,N20270915,2027-09-15T21:00:00Z,900,true,1.177284,0.670807,0.836729,0.335544
N20270915-S013,N20270915,2027-09-15T21:15:00Z,900,true,1.163575,0.659215,0.846768,0.310514
N20270915-S014,N20270915,2027-09-15T21:30:00Z,900,true,1.190642,0.648328,0.801528,0.338322
N20270915-S015,N20270915,2027-09-15T21:45:00Z,900,true,1.214587,0.677600,0.840402,0.340657
N20270915-S016,N20270915,2027-09-15T22:00:00Z,900,true,1.226688,0.674463,0.852081,0.326601
N20270915-S017,N20270915,2027-09-15T22:15:00Z,900,true,1.201183,0.680296,0.843323,0.331106
N20270915-S018,N20270915,2027-09-15T22:30:00Z,900,true,1.209054,0.685503,0.841248,0.309288
N20270915-S019,N20270915,2027-09-15T22:45:00Z,900,true,1.182403,0.681628,0.843310,0.317332
N20270915-S020,N20270915,2027-09-15T23:00:00Z,900,true,1.131278,0.671322,0.836083,0.327824
N20270915-S021,N20270915,2027-09-15T23:15:00Z,900,true,1.155276,0.665420,0.833841,0.319971
N20270915-S022,N20270915,2027-09-15T23:30:00Z,900,true,1.186699,0.656920,0.825432,0.333708
N20270915-S023,N20270915,2027-09-15T23:45:00Z,900,true,1.147573,0.636935,0.859834,0.330997
N20270915-S024,N20270915,2027-09-16T00:00:00Z,900,true,1.172600,0.642579,0.862351,0.318204
N20270915-S025,N20270915,2027-09-16T00:15:00Z,900,true,1.134063,0.637977,0.868746,0.319047
N20270915-S026,N20270915,2027-09-16T00:30:00Z,900,true,1.114436,0.634773,0.851761,0.339219
N20270915-S027,N20270915,2027-09-16T00:45:00Z,900,true,1.093504,0.630873,0.865071,0.312898
N20270915-S028,N20270915,2027-09-16T01:00:00Z,900,false,,,,
N20270915-S029,N20270915,2027-09-16T01:15:00Z,900,false,,,,
N20270915-S030,N20270915,2027-09-16T01:30:00Z,900,false,,,,
N20270915-S031,N20270915,2027-09-16T01:45:00Z,900,false,,,,
N20270915-S032,N20270915,2027-09-16T02:00:00Z,900,false,,,,
N20270915-S033,N20270915,2027-09-16T02:15:00Z,900,false,,,,
N20270915-S034,N20270915,2027-09-16T02:30:00Z,900,false,,,,
N20270915-S035,N20270915,2027-09-16T02:45:00Z,900,false,,,,
N20270915-S036,N20270915,2027-09-16T03:00:00Z,900,false,,,,
N20270916-S001,N20270916,2027-09-16T18:15:00Z,900,false,,,,
N20270916-S002,N20270916,2027-09-16T18:30:00Z,900,false,,,,
N20270916-S003,N20270916,2027-09-16T18:45:00Z,900,false,,,,
N20270916-S004,N20270916,2027-09-16T19:00:00Z,900,false,,,,
N20270916-S005,N20270916,2027-09-16T19:15:00Z,900,false,,,,
N20270916-S006,N20270916,2027-09-16T19:30:00Z,900,false,,,,
N20270916-S007,N20270916,2027-09-16T19:45:00Z,900,false,,,,
N20270916-S008,N20270916,2027-09-16T20:00:00Z,900,false,,,,
N20270916-S009,N20270916,2027-09-16T20:15:00Z,900,false,,,,
N20270916-S010,N20270916,2027-09-16T20:30:00Z,900,true,1.126142,0.716342,0.902401,0.347800
N20270916-S011,N20270916,2027-09-16T20:45:00Z,900,true,1.135896,0.718981,0.902480,0.370915
N20270916-S012,N20270916,2027-09-16T21:00:00Z,900,true,1.129249,0.717754,0.887271,0.347319
N20270916-S013,N20270916,2027-09-16T21:15:00Z,900,true,1.119321,0.720088,0.875613,0.359684
N20270916-S014,N20270916,2027-09-16T21:30:00Z,900,true,1.101634,0.719607,0.876228,0.339532
N20270916-S015,N20270916,2027-09-16T21:45:00Z,900,true,1.167200,0.727526,0.880611,0.367945
N20270916-S016,N20270916,2027-09-16T22:00:00Z,900,true,1.152314,0.736936,0.892179,0.360606
N20270916-S017,N20270916,2027-09-16T22:15:00Z,900,true,1.183947,0.725320,0.876156,0.360116
N20270916-S018,N20270916,2027-09-16T22:30:00Z,900,true,1.177026,0.722836,0.916009,0.374361
N20270916-S019,N20270916,2027-09-16T22:45:00Z,900,true,1.121839,0.723837,0.909570,0.364553
N20270916-S020,N20270916,2027-09-16T23:00:00Z,900,true,1.102236,0.718860,0.880288,0.364984
N20270916-S021,N20270916,2027-09-16T23:15:00Z,900,true,1.103990,0.730336,0.898951,0.360717
N20270916-S022,N20270916,2027-09-16T23:30:00Z,900,true,1.107211,0.730333,0.879185,0.360473
N20270916-S023,N20270916,2027-09-16T23:45:00Z,900,true,1.046546,0.728866,0.883078,0.375074
N20270916-S024,N20270916,2027-09-17T00:00:00Z,900,true,1.012321,0.723184,0.896206,0.365117
N20270916-S025,N20270916,2027-09-17T00:15:00Z,900,true,1.001380,0.718386,0.880354,0.346361
N20270916-S026,N20270916,2027-09-17T00:30:00Z,900,true,1.024395,0.717107,0.860682,0.365445
N20270916-S027,N20270916,2027-09-17T00:45:00Z,900,true,1.064051,0.711895,0.837642,0.372389
N20270916-S028,N20270916,2027-09-17T01:00:00Z,900,true,0.984856,0.705112,0.878813,0.354611
N20270916-S029,N20270916,2027-09-17T01:15:00Z,900,true,0.974472,0.707649,0.893621,0.341626
N20270916-S030,N20270916,2027-09-17T01:30:00Z,900,true,1.006084,0.706340,0.875955,0.345619
N20270916-S031,N20270916,2027-09-17T01:45:00Z,900,true,1.035469,0.703250,0.863364,0.357355
N20270916-S032,N20270916,2027-09-17T02:00:00Z,900,true,1.084923,0.699304,0.851309,0.345561
N20270916-S033,N20270916,2027-09-17T02:15:00Z,900,true,1.055834,0.707250,0.828997,0.350393
N20270916-S034,N20270916,2027-09-17T02:30:00Z,900,true,1.071790,0.716614,0.815840,0.369003
N20270916-S035,N20270916,2027-09-17T02:45:00Z,900,true,1.058502,0.726692,0.791180,0.374799
N20270916-S036,N20270916,2027-09-17T03:00:00Z,900,true,1.074604,0.706429,0.798361,0.373523
N20270917-S001,N20270917,2027-09-17T18:15:00Z,900,true,1.296131,0.745953,0.816163,0.380637
N20270917-S002,N20270917,2027-09-17T18:30:00Z,900,true,1.299003,0.748750,0.833199,0.390868
N20270917-S003,N20270917,2027-09-17T18:45:00Z,900,true,1.280388,0.729621,0.831196,0.386068
N20270917-S004,N20270917,2027-09-17T19:00:00Z,900,true,1.296920,0.741071,0.808899,0.390191
N20270917-S005,N20270917,2027-09-17T19:15:00Z,900,true,1.262238,0.747957,0.812489,0.400294
N20270917-S006,N20270917,2027-09-17T19:30:00Z,900,true,1.332742,0.746436,0.844172,0.390084
N20270917-S007,N20270917,2027-09-17T19:45:00Z,900,true,1.308940,0.744244,0.868506,0.379727
N20270917-S008,N20270917,2027-09-17T20:00:00Z,900,true,1.290141,0.762150,0.859386,0.378870
N20270917-S009,N20270917,2027-09-17T20:15:00Z,900,true,1.341588,0.762487,0.851321,0.375233
N20270917-S010,N20270917,2027-09-17T20:30:00Z,900,true,1.304733,0.753409,0.861077,0.383823
N20270917-S011,N20270917,2027-09-17T20:45:00Z,900,true,1.354690,0.737509,0.889542,0.389513
N20270917-S012,N20270917,2027-09-17T21:00:00Z,900,true,1.380940,0.737764,0.878034,0.391621
N20270917-S013,N20270917,2027-09-17T21:15:00Z,900,true,1.358411,0.752690,0.870645,0.385889
N20270917-S014,N20270917,2027-09-17T21:30:00Z,900,true,1.366075,0.774236,0.887111,0.366503
N20270917-S015,N20270917,2027-09-17T21:45:00Z,900,true,1.328332,0.772442,0.905087,0.376873
N20270917-S016,N20270917,2027-09-17T22:00:00Z,900,true,1.290936,0.752528,0.885147,0.361236
N20270917-S017,N20270917,2027-09-17T22:15:00Z,900,true,1.309619,0.736002,0.880167,0.399535
N20270917-S018,N20270917,2027-09-17T22:30:00Z,900,true,1.295948,0.753942,0.838150,0.382908
N20270917-S019,N20270917,2027-09-17T22:45:00Z,900,true,1.319110,0.761641,0.833242,0.361530
N20270917-S020,N20270917,2027-09-17T23:00:00Z,900,true,1.315743,0.731233,0.788643,0.387817
N20270917-S021,N20270917,2027-09-17T23:15:00Z,900,true,1.365882,0.709659,0.831062,0.396000
N20270917-S022,N20270917,2027-09-17T23:30:00Z,900,true,1.291111,0.702784,0.824357,0.374855
N20270917-S023,N20270917,2027-09-17T23:45:00Z,900,true,1.256277,0.700609,0.817100,0.388023
N20270917-S024,N20270917,2027-09-18T00:00:00Z,900,true,1.289279,0.707395,0.816931,0.363966
N20270917-S025,N20270917,2027-09-18T00:15:00Z,900,true,1.275517,0.706187,0.822590,0.379789
N20270917-S026,N20270917,2027-09-18T00:30:00Z,900,true,1.273794,0.703411,0.808293,0.391082
N20270917-S027,N20270917,2027-09-18T00:45:00Z,900,true,1.300295,0.722335,0.832498,0.396191
N20270917-S028,N20270917,2027-09-18T01:00:00Z,900,true,1.307263,0.732051,0.807255,0.377775
N20270917-S029,N20270917,2027-09-18T01:15:00Z,900,true,1.316970,0.724219,0.814220,0.363537
N20270917-S030,N20270917,2027-09-18T01:30:00Z,900,true,1.329657,0.727985,0.829015,0.371838
N20270917-S031,N20270917,2027-09-18T01:45:00Z,900,true,1.298568,0.731236,0.844372,0.390407
N20270917-S032,N20270917,2027-09-18T02:00:00Z,900,true,1.270647,0.724695,0.843252,0.378138
N20270917-S033,N20270917,2027-09-18T02:15:00Z,900,true,1.239724,0.720507,0.830542,0.367123
N20270917-S034,N20270917,2027-09-18T02:30:00Z,900,true,1.244204,0.731494,0.857832,0.376980
N20270917-S035,N20270917,2027-09-18T02:45:00Z,900,true,1.328780,0.744886,0.883448,0.390187
N20270917-S036,N20270917,2027-09-18T03:00:00Z,900,true,1.341133,0.750811,0.874552,0.370257
N20270918-S001,N20270918,2027-09-18T18:15:00Z,900,true,1.382501,0.829992,0.933730,0.416462
N20270918-S002,N20270918,2027-09-18T18:30:00Z,900,true,1.393666,0.832667,0.935322,0.418607
N20270918-S003,N20270918,2027-09-18T18:45:00Z,900,true,1.412933,0.848346,0.903252,0.380562
N20270918-S004,N20270918,2027-09-18T19:00:00Z,900,true,1.400866,0.845462,0.913991,0.384705
N20270918-S005,N20270918,2027-09-18T19:15:00Z,900,true,1.361303,0.842253,0.922472,0.408509
N20270918-S006,N20270918,2027-09-18T19:30:00Z,900,true,1.408837,0.847519,0.904476,0.389230
N20270918-S007,N20270918,2027-09-18T19:45:00Z,900,true,1.406478,0.859565,0.899177,0.381108
N20270918-S008,N20270918,2027-09-18T20:00:00Z,900,true,1.420979,0.853572,0.878661,0.382152
N20270918-S009,N20270918,2027-09-18T20:15:00Z,900,true,1.436004,0.845881,0.888200,0.416737
N20270918-S010,N20270918,2027-09-18T20:30:00Z,900,true,1.473435,0.854422,0.888070,0.383633
N20270918-S011,N20270918,2027-09-18T20:45:00Z,900,true,1.508008,0.861610,0.894787,0.388266
N20270918-S012,N20270918,2027-09-18T21:00:00Z,900,true,1.492937,0.858374,0.864268,0.393655
N20270918-S013,N20270918,2027-09-18T21:15:00Z,900,true,1.460850,0.859501,0.869354,0.405873
N20270918-S014,N20270918,2027-09-18T21:30:00Z,900,true,1.453136,0.870821,0.864210,0.394987
N20270918-S015,N20270918,2027-09-18T21:45:00Z,900,true,1.412372,0.872233,0.871891,0.412963
N20270918-S016,N20270918,2027-09-18T22:00:00Z,900,true,1.362532,0.866820,0.891351,0.405119
N20270918-S017,N20270918,2027-09-18T22:15:00Z,900,true,1.371428,0.872693,0.927985,0.406622
N20270918-S018,N20270918,2027-09-18T22:30:00Z,900,true,1.350324,0.898269,0.939308,0.401216
N20270918-S019,N20270918,2027-09-18T22:45:00Z,900,true,1.343445,0.887918,0.941105,0.393287
N20270918-S020,N20270918,2027-09-18T23:00:00Z,900,true,1.326011,0.866298,0.958027,0.400979
N20270918-S021,N20270918,2027-09-18T23:15:00Z,900,true,1.354742,0.867178,0.977841,0.383553
N20270918-S022,N20270918,2027-09-18T23:30:00Z,900,true,1.328973,0.875104,0.998067,0.418366
N20270918-S023,N20270918,2027-09-18T23:45:00Z,900,true,1.321274,0.862305,1.007670,0.383638
N20270918-S024,N20270918,2027-09-19T00:00:00Z,900,true,1.349110,0.877691,0.974526,0.383175
N20270918-S025,N20270918,2027-09-19T00:15:00Z,900,true,1.377597,0.875536,1.001258,0.408113
N20270918-S026,N20270918,2027-09-19T00:30:00Z,900,true,1.400313,0.866233,0.984935,0.387915
N20270918-S027,N20270918,2027-09-19T00:45:00Z,900,true,1.403981,0.871861,0.982570,0.391732
N20270918-S028,N20270918,2027-09-19T01:00:00Z,900,true,1.377170,0.865806,0.980143,0.380500
N20270918-S029,N20270918,2027-09-19T01:15:00Z,900,true,1.345791,0.861132,0.978361,0.407879
N20270918-S030,N20270918,2027-09-19T01:30:00Z,900,true,1.383284,0.852204,0.967265,0.389211
N20270918-S031,N20270918,2027-09-19T01:45:00Z,900,true,1.377840,0.851361,0.969556,0.386531
N20270918-S032,N20270918,2027-09-19T02:00:00Z,900,true,1.314825,0.841445,0.968576,0.403418
N20270918-S033,N20270918,2027-09-19T02:15:00Z,900,true,1.277563,0.822678,0.959392,0.404894
N20270918-S034,N20270918,2027-09-19T02:30:00Z,900,true,1.302958,0.827448,0.962134,0.406586
N20270918-S035,N20270918,2027-09-19T02:45:00Z,900,true,1.295588,0.849658,0.974687,0.408359
N20270918-S036,N20270918,2027-09-19T03:00:00Z,900,true,1.259192,0.854612,0.970556,0.383295
N20270919-S001,N20270919,2027-09-19T18:15:00Z,900,true,1.422244,0.800057,1.016905,0.411432
N20270919-S002,N20270919,2027-09-19T18:30:00Z,900,true,1.435949,0.807314,1.008807,0.403506
N20270919-S003,N20270919,2027-09-19T18:45:00Z,900,true,1.444903,0.786752,0.976853,0.396255
N20270919-S004,N20270919,2027-09-19T19:00:00Z,900,true,1.468911,0.788873,0.993190,0.410391
N20270919-S005,N20270919,2027-09-19T19:15:00Z,900,true,1.407522,0.768603,0.998864,0.416565
N20270919-S006,N20270919,2027-09-19T19:30:00Z,900,true,1.418997,0.769552,0.990332,0.404493
N20270919-S007,N20270919,2027-09-19T19:45:00Z,900,true,1.388539,0.775032,1.005572,0.408847
N20270919-S008,N20270919,2027-09-19T20:00:00Z,900,true,1.388206,0.792272,1.000661,0.406957
N20270919-S009,N20270919,2027-09-19T20:15:00Z,900,true,1.352363,0.793214,1.010369,0.433303
N20270919-S010,N20270919,2027-09-19T20:30:00Z,900,true,1.374236,0.792088,1.032707,0.400453
N20270919-S011,N20270919,2027-09-19T20:45:00Z,900,true,1.390815,0.783538,1.026885,0.403385
N20270919-S012,N20270919,2027-09-19T21:00:00Z,900,true,1.396958,0.763942,1.008419,0.435454
N20270919-S013,N20270919,2027-09-19T21:15:00Z,900,true,1.362555,0.756364,1.021395,0.416627
N20270919-S014,N20270919,2027-09-19T21:30:00Z,900,true,1.383340,0.753516,1.015918,0.430540
N20270919-S015,N20270919,2027-09-19T21:45:00Z,900,true,1.333615,0.770859,0.989792,0.405603
N20270919-S016,N20270919,2027-09-19T22:00:00Z,900,true,1.347105,0.774784,1.008428,0.412780
N20270919-S017,N20270919,2027-09-19T22:15:00Z,900,true,1.310243,0.783493,1.020923,0.406727
N20270919-S018,N20270919,2027-09-19T22:30:00Z,900,true,1.384212,0.793224,1.037195,0.426467
N20270919-S019,N20270919,2027-09-19T22:45:00Z,900,true,1.368461,0.789650,1.040886,0.407903
N20270919-S020,N20270919,2027-09-19T23:00:00Z,900,true,1.412152,0.774884,1.022171,0.431818
N20270919-S021,N20270919,2027-09-19T23:15:00Z,900,true,1.443525,0.784573,1.032802,0.419502
N20270919-S022,N20270919,2027-09-19T23:30:00Z,900,true,1.390721,0.769747,1.008163,0.417835
N20270919-S023,N20270919,2027-09-19T23:45:00Z,900,true,1.340135,0.769752,0.986536,0.394560
N20270919-S024,N20270919,2027-09-20T00:00:00Z,900,true,1.331070,0.781719,1.008238,0.394875
N20270919-S025,N20270919,2027-09-20T00:15:00Z,900,true,1.315862,0.754596,0.968949,0.427166
N20270919-S026,N20270919,2027-09-20T00:30:00Z,900,true,1.294257,0.758048,0.975172,0.395325
N20270919-S027,N20270919,2027-09-20T00:45:00Z,900,true,1.296584,0.772494,0.978962,0.412353
N20270919-S028,N20270919,2027-09-20T01:00:00Z,900,true,1.316643,0.777796,0.963224,0.408203
N20270919-S029,N20270919,2027-09-20T01:15:00Z,900,true,1.284193,0.781729,0.963384,0.432500
N20270919-S030,N20270919,2027-09-20T01:30:00Z,900,true,1.282427,0.785917,0.982804,0.404786
N20270919-S031,N20270919,2027-09-20T01:45:00Z,900,true,1.341508,0.798425,0.992128,0.424130
N20270919-S032,N20270919,2027-09-20T02:00:00Z,900,true,1.324985,0.796386,0.975096,0.428486
N20270919-S033,N20270919,2027-09-20T02:15:00Z,900,true,1.320400,0.797899,0.958093,0.415818
N20270919-S034,N20270919,2027-09-20T02:30:00Z,900,true,1.334528,0.806255,0.947843,0.418565
N20270919-S035,N20270919,2027-09-20T02:45:00Z,900,true,1.337159,0.805049,0.947405,0.397969
N20270919-S036,N20270919,2027-09-20T03:00:00Z,900,true,1.351077,0.813778,0.931570,0.432523
N20270920-S001,N20270920,2027-09-20T18:15:00Z,900,true,1.340555,0.839603,1.003309,0.441551
N20270920-S002,N20270920,2027-09-20T18:30:00Z,900,true,1.360452,0.822080,1.001960,0.429404
N20270920-S003,N20270920,2027-09-20T18:45:00Z,900,true,1.278727,0.819591,1.004673,0.407126
N20270920-S004,N20270920,2027-09-20T19:00:00Z,900,true,1.244245,0.829627,0.998371,0.446693
N20270920-S005,N20270920,2027-09-20T19:15:00Z,900,true,1.233308,0.815225,1.002835,0.438343
N20270920-S006,N20270920,2027-09-20T19:30:00Z,900,true,1.228666,0.828922,1.013228,0.436567
N20270920-S007,N20270920,2027-09-20T19:45:00Z,900,true,1.243341,0.850607,1.005862,0.421091
N20270920-S008,N20270920,2027-09-20T20:00:00Z,900,true,1.248560,0.843764,0.969863,0.430566
N20270920-S009,N20270920,2027-09-20T20:15:00Z,900,true,1.262740,0.814598,0.983156,0.422139
N20270920-S010,N20270920,2027-09-20T20:30:00Z,900,true,1.252458,0.812486,0.973333,0.426323
N20270920-S011,N20270920,2027-09-20T20:45:00Z,900,true,1.253552,0.832987,0.979183,0.408837
N20270920-S012,N20270920,2027-09-20T21:00:00Z,900,true,1.221240,0.822917,1.006289,0.437945
N20270920-S013,N20270920,2027-09-20T21:15:00Z,900,true,1.247805,0.835156,0.992085,0.408628
N20270920-S014,N20270920,2027-09-20T21:30:00Z,900,true,1.348176,0.829747,1.002670,0.439672
N20270920-S015,N20270920,2027-09-20T21:45:00Z,900,true,1.359848,0.830066,1.018609,0.434184
N20270920-S016,N20270920,2027-09-20T22:00:00Z,900,true,1.383606,0.830821,1.020332,0.408630
N20270920-S017,N20270920,2027-09-20T22:15:00Z,900,true,1.403865,0.850672,1.012743,0.408136
N20270920-S018,N20270920,2027-09-20T22:30:00Z,900,true,1.422646,0.845347,1.004664,0.415430
N20270920-S019,N20270920,2027-09-20T22:45:00Z,900,true,1.388110,0.844133,1.024780,0.442532
N20270920-S020,N20270920,2027-09-20T23:00:00Z,900,true,1.361464,0.856690,1.027603,0.425499
N20270920-S021,N20270920,2027-09-20T23:15:00Z,900,true,1.357339,0.854135,1.003720,0.408859
N20270920-S022,N20270920,2027-09-20T23:30:00Z,900,true,1.377735,0.865983,0.995613,0.419070
N20270920-S023,N20270920,2027-09-20T23:45:00Z,900,true,1.369970,0.866388,0.996811,0.415382
N20270920-S024,N20270920,2027-09-21T00:00:00Z,900,true,1.383302,0.854715,1.011748,0.442433
N20270920-S025,N20270920,2027-09-21T00:15:00Z,900,false,,,,
N20270920-S026,N20270920,2027-09-21T00:30:00Z,900,true,1.428452,0.836108,1.055246,0.429083
N20270920-S027,N20270920,2027-09-21T00:45:00Z,900,true,1.436553,0.833267,1.052151,0.441467
N20270920-S028,N20270920,2027-09-21T01:00:00Z,900,true,1.463746,0.814562,1.053055,0.443893
N20270920-S029,N20270920,2027-09-21T01:15:00Z,900,true,1.506251,0.807015,1.045280,0.434535
N20270920-S030,N20270920,2027-09-21T01:30:00Z,900,true,1.531176,0.813306,1.019765,0.444792
N20270920-S031,N20270920,2027-09-21T01:45:00Z,900,true,1.527634,0.806145,1.004639,0.411759
N20270920-S032,N20270920,2027-09-21T02:00:00Z,900,true,1.513361,0.812041,1.001149,0.435526
N20270920-S033,N20270920,2027-09-21T02:15:00Z,900,true,1.475366,0.817895,1.012948,0.424456
N20270920-S034,N20270920,2027-09-21T02:30:00Z,900,true,1.489094,0.835897,1.003611,0.418087
N20270920-S035,N20270920,2027-09-21T02:45:00Z,900,true,1.398865,0.846257,0.979513,0.437511
N20270921-S001,N20270921,2027-09-21T18:15:00Z,900,true,1.390041,0.774907,1.018617,0.436011
N20270921-S002,N20270921,2027-09-21T18:30:00Z,900,true,1.406298,0.756399,1.038436,0.443494
N20270921-S003,N20270921,2027-09-21T18:45:00Z,900,true,1.420419,0.771415,1.003192,0.439399
N20270921-S004,N20270921,2027-09-21T19:00:00Z,900,true,1.396415,0.762429,1.002567,0.438541
N20270921-S005,N20270921,2027-09-21T19:15:00Z,900,true,1.350068,0.765038,0.987253,0.421349
N20270921-S006,N20270921,2027-09-21T19:30:00Z,900,true,1.322436,0.771689,0.961987,0.421472
N20270921-S007,N20270921,2027-09-21T19:45:00Z,900,true,1.339735,0.757325,0.976358,0.437253
N20270921-S008,N20270921,2027-09-21T20:00:00Z,900,true,1.335443,0.762866,0.977325,0.445195
N20270921-S009,N20270921,2027-09-21T20:15:00Z,900,true,1.309459,0.749898,0.963947,0.421667
N20270921-S010,N20270921,2027-09-21T20:30:00Z,900,true,1.346366,0.758227,0.981494,0.437628
N20270921-S011,N20270921,2027-09-21T20:45:00Z,900,true,1.331971,0.759533,0.986974,0.453379
N20270921-S012,N20270921,2027-09-21T21:00:00Z,900,true,1.339698,0.768613,0.988654,0.412650
N20270921-S013,N20270921,2027-09-21T21:15:00Z,900,true,1.405050,0.765862,0.971931,0.427820
N20270921-S014,N20270921,2027-09-21T21:30:00Z,900,true,1.426708,0.769828,0.959117,0.418203
N20270921-S015,N20270921,2027-09-21T21:45:00Z,900,true,1.388602,0.779262,0.944504,0.433651
N20270921-S016,N20270921,2027-09-21T22:00:00Z,900,true,1.382877,0.774273,0.968932,0.429115
N20270921-S017,N20270921,2027-09-21T22:15:00Z,900,true,1.365579,0.788187,0.980421,0.444502
N20270921-S018,N20270921,2027-09-21T22:30:00Z,900,true,1.315386,0.795345,0.983926,0.413078
N20270921-S019,N20270921,2027-09-21T22:45:00Z,900,true,1.341550,0.787920,0.985014,0.444018
N20270921-S020,N20270921,2027-09-21T23:00:00Z,900,true,1.364315,0.764877,1.006395,0.453440
N20270921-S021,N20270921,2027-09-21T23:15:00Z,900,true,1.344866,0.751380,0.995800,0.430023
N20270921-S022,N20270921,2027-09-21T23:30:00Z,900,true,1.370257,0.762717,0.984193,0.422849
N20270921-S023,N20270921,2027-09-21T23:45:00Z,900,true,1.395554,0.781221,1.012132,0.453846
N20270921-S024,N20270921,2027-09-22T00:00:00Z,900,true,1.394212,0.780232,1.000592,0.456325
N20270921-S025,N20270921,2027-09-22T00:15:00Z,900,false,,,,
N20270921-S026,N20270921,2027-09-22T00:30:00Z,900,false,,,,
N20270921-S027,N20270921,2027-09-22T00:45:00Z,900,true,1.404443,0.758896,1.027174,0.427682
N20270921-S028,N20270921,2027-09-22T01:00:00Z,900,true,1.426768,0.763869,1.023637,0.415120
N20270921-S029,N20270921,2027-09-22T01:15:00Z,900,true,1.427429,0.793332,1.016180,0.449154
N20270921-S030,N20270921,2027-09-22T01:30:00Z,900,true,1.443514,0.774422,0.988712,0.446388
N20270921-S031,N20270921,2027-09-22T01:45:00Z,900,false,,,,
N20270921-S032,N20270921,2027-09-22T02:00:00Z,900,false,,,,
N20270921-S033,N20270921,2027-09-22T02:15:00Z,900,false,,,,
N20270921-S034,N20270921,2027-09-22T02:30:00Z,900,false,,,,
N20270921-S035,N20270921,2027-09-22T02:45:00Z,900,false,,,,
N20270922-S001,N20270922,2027-09-22T18:15:00Z,900,true,1.527691,0.718179,1.080785,0.422190
N20270922-S002,N20270922,2027-09-22T18:30:00Z,900,true,1.505295,0.718872,1.100536,0.445524
N20270922-S003,N20270922,2027-09-22T18:45:00Z,900,true,1.500612,0.714860,1.122931,0.463210
N20270922-S004,N20270922,2027-09-22T19:00:00Z,900,true,1.485798,0.725104,1.098150,0.444608
N20270922-S005,N20270922,2027-09-22T19:15:00Z,900,true,1.493921,0.738117,1.118183,0.440857
N20270922-S006,N20270922,2027-09-22T19:30:00Z,900,true,1.458943,0.738760,1.116279,0.456734
N20270922-S007,N20270922,2027-09-22T19:45:00Z,900,true,1.492519,0.726433,1.106356,0.456710
N20270922-S008,N20270922,2027-09-22T20:00:00Z,900,true,1.482995,0.735941,1.128633,0.421432
N20270922-S009,N20270922,2027-09-22T20:15:00Z,900,false,,,,
N20270922-S010,N20270922,2027-09-22T20:30:00Z,900,false,,,,
N20270922-S011,N20270922,2027-09-22T20:45:00Z,900,false,,,,
N20270922-S012,N20270922,2027-09-22T21:00:00Z,900,false,,,,
N20270922-S013,N20270922,2027-09-22T21:15:00Z,900,false,,,,
N20270922-S014,N20270922,2027-09-22T21:30:00Z,900,false,,,,
N20270922-S015,N20270922,2027-09-22T21:45:00Z,900,false,,,,
N20270922-S016,N20270922,2027-09-22T22:00:00Z,900,false,,,,
N20270922-S017,N20270922,2027-09-22T22:15:00Z,900,false,,,,
N20270922-S018,N20270922,2027-09-22T22:30:00Z,900,false,,,,
N20270922-S019,N20270922,2027-09-22T22:45:00Z,900,false,,,,
N20270922-S020,N20270922,2027-09-22T23:00:00Z,900,false,,,,
N20270922-S021,N20270922,2027-09-22T23:15:00Z,900,false,,,,
N20270922-S022,N20270922,2027-09-22T23:30:00Z,900,false,,,,
N20270922-S023,N20270922,2027-09-22T23:45:00Z,900,false,,,,
N20270922-S024,N20270922,2027-09-23T00:00:00Z,900,false,,,,
N20270922-S025,N20270922,2027-09-23T00:15:00Z,900,false,,,,
N20270922-S026,N20270922,2027-09-23T00:30:00Z,900,false,,,,
N20270922-S027,N20270922,2027-09-23T00:45:00Z,900,false,,,,
N20270922-S028,N20270922,2027-09-23T01:00:00Z,900,false,,,,
N20270922-S029,N20270922,2027-09-23T01:15:00Z,900,false,,,,
N20270922-S030,N20270922,2027-09-23T01:30:00Z,900,false,,,,
N20270922-S031,N20270922,2027-09-23T01:45:00Z,900,false,,,,
N20270922-S032,N20270922,2027-09-23T02:00:00Z,900,false,,,,
N20270922-S033,N20270922,2027-09-23T02:15:00Z,900,false,,,,
N20270922-S034,N20270922,2027-09-23T02:30:00Z,900,false,,,,
N20270922-S035,N20270922,2027-09-23T02:45:00Z,900,false,,,,
N20270923-S001,N20270923,2027-09-23T18:15:00Z,900,false,,,,
N20270923-S002,N20270923,2027-09-23T18:30:00Z,900,false,,,,
N20270923-S003,N20270923,2027-09-23T18:45:00Z,900,false,,,,
N20270923-S004,N20270923,2027-09-23T19:00:00Z,900,true,1.391878,0.744041,1.086700,0.426827
N20270923-S005,N20270923,2027-09-23T19:15:00Z,900,true,1.383989,0.733884,1.084894,0.434430
N20270923-S006,N20270923,2027-09-23T19:30:00Z,900,true,1.408055,0.734831,1.072841,0.453813
N20270923-S007,N20270923,2027-09-23T19:45:00Z,900,true,1.439901,0.751703,1.074612,0.438240
N20270923-S008,N20270923,2027-09-23T20:00:00Z,900,true,1.424519,0.762964,1.030350,0.436016
N20270923-S009,N20270923,2027-09-23T20:15:00Z,900,true,1.381431,0.747323,1.023805,0.429067
N20270923-S010,N20270923,2027-09-23T20:30:00Z,900,true,1.321881,0.749464,1.035539,0.453276
N20270923-S011,N20270923,2027-09-23T20:45:00Z,900,true,1.330878,0.742469,1.009544,0.432509
N20270923-S012,N20270923,2027-09-23T21:00:00Z,900,true,1.310815,0.728554,1.007270,0.433575
N20270923-S013,N20270923,2027-09-23T21:15:00Z,900,true,1.333039,0.710328,1.016618,0.465165
N20270923-S014,N20270923,2027-09-23T21:30:00Z,900,true,1.341348,0.719931,1.003229,0.424346
N20270923-S015,N20270923,2027-09-23T21:45:00Z,900,true,1.388654,0.720964,0.987676,0.467088
N20270923-S016,N20270923,2027-09-23T22:00:00Z,900,true,1.386880,0.714738,0.998353,0.426938
N20270923-S017,N20270923,2027-09-23T22:15:00Z,900,true,1.391939,0.717431,1.013459,0.455586
N20270923-S018,N20270923,2027-09-23T22:30:00Z,900,true,1.437062,0.714483,1.007850,0.424401
N20270923-S019,N20270923,2027-09-23T22:45:00Z,900,true,1.393147,0.715703,1.014651,0.458814
N20270923-S020,N20270923,2027-09-23T23:00:00Z,900,true,1.411663,0.713846,1.028340,0.462401
N20270923-S021,N20270923,2027-09-23T23:15:00Z,900,true,1.394459,0.699813,1.063313,0.424872
N20270923-S022,N20270923,2027-09-23T23:30:00Z,900,true,1.379058,0.706020,1.065858,0.445190
N20270923-S023,N20270923,2027-09-23T23:45:00Z,900,true,1.403481,0.705023,1.061415,0.458796
N20270923-S024,N20270923,2027-09-24T00:00:00Z,900,true,1.394717,0.704037,1.072038,0.443412
N20270923-S025,N20270923,2027-09-24T00:15:00Z,900,true,1.432658,0.713805,1.095353,0.470508
N20270923-S026,N20270923,2027-09-24T00:30:00Z,900,true,1.434076,0.708885,1.117820,0.455059
N20270923-S027,N20270923,2027-09-24T00:45:00Z,900,false,,,,
N20270923-S028,N20270923,2027-09-24T01:00:00Z,900,false,,,,
N20270923-S029,N20270923,2027-09-24T01:15:00Z,900,false,,,,
N20270923-S030,N20270923,2027-09-24T01:30:00Z,900,false,,,,
N20270923-S031,N20270923,2027-09-24T01:45:00Z,900,true,1.374671,0.697590,1.074358,0.430881
N20270923-S032,N20270923,2027-09-24T02:00:00Z,900,true,1.395622,0.729291,1.064355,0.461203
N20270923-S033,N20270923,2027-09-24T02:15:00Z,900,true,1.379075,0.756069,1.091036,0.463119
N20270923-S034,N20270923,2027-09-24T02:30:00Z,900,true,1.370347,0.759236,1.108885,0.446238
N20270923-S035,N20270923,2027-09-24T02:45:00Z,900,true,1.332970,0.750867,1.101324,0.440791
N20270924-S001,N20270924,2027-09-24T18:15:00Z,900,true,1.210387,0.828345,0.938310,0.464290
N20270924-S002,N20270924,2027-09-24T18:30:00Z,900,true,1.201241,0.823489,0.943888,0.459155
N20270924-S003,N20270924,2027-09-24T18:45:00Z,900,true,1.190594,0.823546,0.910496,0.449426
N20270924-S004,N20270924,2027-09-24T19:00:00Z,900,true,1.148729,0.829283,0.934367,0.444685
N20270924-S005,N20270924,2027-09-24T19:15:00Z,900,true,1.165172,0.812432,0.936032,0.436140
N20270924-S006,N20270924,2027-09-24T19:30:00Z,900,true,1.194289,0.805836,0.969809,0.436174
N20270924-S007,N20270924,2027-09-24T19:45:00Z,900,true,1.204607,0.790606,0.981755,0.441874
N20270924-S008,N20270924,2027-09-24T20:00:00Z,900,true,1.307510,0.783147,0.991321,0.460487
N20270924-S009,N20270924,2027-09-24T20:15:00Z,900,true,1.337811,0.816270,0.978170,0.440363
N20270924-S010,N20270924,2027-09-24T20:30:00Z,900,true,1.340292,0.798334,0.953870,0.468562
N20270924-S011,N20270924,2027-09-24T20:45:00Z,900,true,1.312427,0.778667,0.950364,0.470823
N20270924-S012,N20270924,2027-09-24T21:00:00Z,900,true,1.348566,0.764665,0.934738,0.429446
N20270924-S013,N20270924,2027-09-24T21:15:00Z,900,true,1.277498,0.754790,0.926081,0.429531
N20270924-S014,N20270924,2027-09-24T21:30:00Z,900,true,1.294099,0.762365,0.936027,0.454342
N20270924-S015,N20270924,2027-09-24T21:45:00Z,900,true,1.305525,0.777402,0.928618,0.445360
N20270924-S016,N20270924,2027-09-24T22:00:00Z,900,true,1.297324,0.785493,0.949981,0.436000
N20270924-S017,N20270924,2027-09-24T22:15:00Z,900,true,1.326409,0.791908,0.933743,0.455527
N20270924-S018,N20270924,2027-09-24T22:30:00Z,900,true,1.392171,0.802367,0.940952,0.434312
N20270924-S019,N20270924,2027-09-24T22:45:00Z,900,true,1.369757,0.796118,0.920186,0.429190
N20270924-S020,N20270924,2027-09-24T23:00:00Z,900,true,1.334585,0.789289,0.913705,0.460140
N20270924-S021,N20270924,2027-09-24T23:15:00Z,900,true,1.318344,0.781513,0.914011,0.436478
N20270924-S022,N20270924,2027-09-24T23:30:00Z,900,true,1.334564,0.792410,0.894742,0.428103
N20270924-S023,N20270924,2027-09-24T23:45:00Z,900,true,1.249366,0.785643,0.889164,0.431652
N20270924-S024,N20270924,2027-09-25T00:00:00Z,900,true,1.179541,0.773165,0.874375,0.435775
N20270924-S025,N20270924,2027-09-25T00:15:00Z,900,true,1.203307,0.774526,0.881030,0.450178
N20270924-S026,N20270924,2027-09-25T00:30:00Z,900,true,1.178952,0.747640,0.885783,0.431481
N20270924-S027,N20270924,2027-09-25T00:45:00Z,900,true,1.220463,0.754353,0.922958,0.452777
N20270924-S028,N20270924,2027-09-25T01:00:00Z,900,true,1.157047,0.752895,0.904563,0.448758
N20270924-S029,N20270924,2027-09-25T01:15:00Z,900,true,1.188903,0.765875,0.912290,0.439604
N20270924-S030,N20270924,2027-09-25T01:30:00Z,900,true,1.156820,0.774894,0.892888,0.459076
N20270924-S031,N20270924,2027-09-25T01:45:00Z,900,true,1.108216,0.764803,0.891733,0.471393
N20270924-S032,N20270924,2027-09-25T02:00:00Z,900,true,1.058012,0.777249,0.877593,0.463843
N20270924-S033,N20270924,2027-09-25T02:15:00Z,900,true,1.077999,0.804733,0.893339,0.438197
N20270924-S034,N20270924,2027-09-25T02:30:00Z,900,true,1.115622,0.821976,0.864280,0.428936
N20270924-S035,N20270924,2027-09-25T02:45:00Z,900,true,1.061449,0.830793,0.868438,0.437331
N20270925-S001,N20270925,2027-09-25T18:15:00Z,900,true,1.369938,0.831378,0.923022,0.443158
N20270925-S002,N20270925,2027-09-25T18:30:00Z,900,true,1.382273,0.849475,0.924781,0.468459
N20270925-S003,N20270925,2027-09-25T18:45:00Z,900,true,1.351506,0.848142,0.921247,0.459927
N20270925-S004,N20270925,2027-09-25T19:00:00Z,900,true,1.353302,0.835271,0.927535,0.437979
N20270925-S005,N20270925,2027-09-25T19:15:00Z,900,true,1.407595,0.835196,0.930380,0.431439
N20270925-S006,N20270925,2027-09-25T19:30:00Z,900,true,1.388114,0.853160,0.912671,0.457674
N20270925-S007,N20270925,2027-09-25T19:45:00Z,900,true,1.372580,0.842447,0.919057,0.449109
N20270925-S008,N20270925,2027-09-25T20:00:00Z,900,true,1.370421,0.843966,0.925350,0.434612
N20270925-S009,N20270925,2027-09-25T20:15:00Z,900,true,1.342531,0.826607,0.902391,0.460790
N20270925-S010,N20270925,2027-09-25T20:30:00Z,900,true,1.323750,0.825789,0.933999,0.460624
N20270925-S011,N20270925,2027-09-25T20:45:00Z,900,true,1.230536,0.820692,0.934297,0.447979
N20270925-S012,N20270925,2027-09-25T21:00:00Z,900,true,1.217155,0.828408,0.951061,0.439022
N20270925-S013,N20270925,2027-09-25T21:15:00Z,900,true,1.236701,0.820674,0.948671,0.447211
N20270925-S014,N20270925,2027-09-25T21:30:00Z,900,true,1.259329,0.857216,0.932190,0.438101
N20270925-S015,N20270925,2027-09-25T21:45:00Z,900,true,1.289702,0.840900,0.947076,0.434716
N20270925-S016,N20270925,2027-09-25T22:00:00Z,900,true,1.259455,0.829285,0.949069,0.448740
N20270925-S017,N20270925,2027-09-25T22:15:00Z,900,true,1.242740,0.838227,0.945845,0.458141
N20270925-S018,N20270925,2027-09-25T22:30:00Z,900,true,1.285000,0.833891,0.967609,0.471675
N20270925-S019,N20270925,2027-09-25T22:45:00Z,900,true,1.338430,0.818313,0.952981,0.437260
N20270925-S020,N20270925,2027-09-25T23:00:00Z,900,true,1.364362,0.821266,0.982113,0.431923
N20270925-S021,N20270925,2027-09-25T23:15:00Z,900,true,1.337683,0.818546,0.986782,0.456610
N20270925-S022,N20270925,2027-09-25T23:30:00Z,900,true,1.364841,0.821324,0.976692,0.431998
N20270925-S023,N20270925,2027-09-25T23:45:00Z,900,true,1.283783,0.846273,0.984003,0.441879
N20270925-S024,N20270925,2027-09-26T00:00:00Z,900,true,1.288681,0.856022,0.986744,0.434323
N20270925-S025,N20270925,2027-09-26T00:15:00Z,900,true,1.275872,0.852478,0.978694,0.454167
N20270925-S026,N20270925,2027-09-26T00:30:00Z,900,true,1.242195,0.882706,0.976162,0.466166
N20270925-S027,N20270925,2027-09-26T00:45:00Z,900,true,1.255302,0.884027,0.983080,0.444660
N20270925-S028,N20270925,2027-09-26T01:00:00Z,900,true,1.237208,0.875695,0.997223,0.442826
N20270925-S029,N20270925,2027-09-26T01:15:00Z,900,true,1.294518,0.849657,0.973128,0.453908
N20270925-S030,N20270925,2027-09-26T01:30:00Z,900,true,1.304795,0.840923,0.945197,0.441440
N20270925-S031,N20270925,2027-09-26T01:45:00Z,900,true,1.290617,0.875667,0.933998,0.469572
N20270925-S032,N20270925,2027-09-26T02:00:00Z,900,true,1.252978,0.860146,0.920506,0.432199
N20270925-S033,N20270925,2027-09-26T02:15:00Z,900,true,1.288686,0.862656,0.926343,0.476166
N20270925-S034,N20270925,2027-09-26T02:30:00Z,900,true,1.313066,0.855762,0.928769,0.431222
N20270925-S035,N20270925,2027-09-26T02:45:00Z,900,true,1.342169,0.840889,0.921687,0.434671
N20270926-S001,N20270926,2027-09-26T18:15:00Z,900,true,1.404756,0.818560,0.844417,0.435558
N20270926-S002,N20270926,2027-09-26T18:30:00Z,900,true,1.396452,0.807493,0.833133,0.479092
N20270926-S003,N20270926,2027-09-26T18:45:00Z,900,true,1.410266,0.821244,0.853075,0.457680
N20270926-S004,N20270926,2027-09-26T19:00:00Z,900,true,1.391534,0.818658,0.868187,0.478265
N20270926-S005,N20270926,2027-09-26T19:15:00Z,900,true,1.373121,0.823084,0.868756,0.466087
N20270926-S006,N20270926,2027-09-26T19:30:00Z,900,true,1.389530,0.822858,0.846122,0.472605
N20270926-S007,N20270926,2027-09-26T19:45:00Z,900,true,1.384061,0.812028,0.859587,0.461467
N20270926-S008,N20270926,2027-09-26T20:00:00Z,900,true,1.393873,0.794123,0.873664,0.454669
N20270926-S009,N20270926,2027-09-26T20:15:00Z,900,true,1.414682,0.775554,0.870789,0.452443
N20270926-S010,N20270926,2027-09-26T20:30:00Z,900,true,1.435948,0.782849,0.874859,0.465684
N20270926-S011,N20270926,2027-09-26T20:45:00Z,900,true,1.466478,0.808367,0.854387,0.443527
N20270926-S012,N20270926,2027-09-26T21:00:00Z,900,true,1.433960,0.816100,0.850626,0.452915
N20270926-S013,N20270926,2027-09-26T21:15:00Z,900,true,1.442561,0.810397,0.857117,0.448675
N20270926-S014,N20270926,2027-09-26T21:30:00Z,900,true,1.374865,0.788368,0.863090,0.447689
N20270926-S015,N20270926,2027-09-26T21:45:00Z,900,true,1.419852,0.789985,0.834215,0.456029
N20270926-S016,N20270926,2027-09-26T22:00:00Z,900,true,1.372257,0.792780,0.857829,0.437283
N20270926-S017,N20270926,2027-09-26T22:15:00Z,900,true,1.378959,0.788120,0.861578,0.474699
N20270926-S018,N20270926,2027-09-26T22:30:00Z,900,true,1.409522,0.813091,0.859605,0.452450
N20270926-S019,N20270926,2027-09-26T22:45:00Z,900,true,1.430100,0.815104,0.871313,0.460650
N20270926-S020,N20270926,2027-09-26T23:00:00Z,900,true,1.443290,0.795975,0.896369,0.458767
N20270926-S021,N20270926,2027-09-26T23:15:00Z,900,true,1.360029,0.800286,0.882083,0.441147
N20270926-S022,N20270926,2027-09-26T23:30:00Z,900,true,1.371528,0.817587,0.876318,0.476296
N20270926-S023,N20270926,2027-09-26T23:45:00Z,900,true,1.372857,0.824973,0.860618,0.453166
N20270926-S024,N20270926,2027-09-27T00:00:00Z,900,true,1.385344,0.826251,0.849597,0.474380
N20270926-S025,N20270926,2027-09-27T00:15:00Z,900,true,1.365651,0.832355,0.884857,0.480992
N20270926-S026,N20270926,2027-09-27T00:30:00Z,900,true,1.302519,0.820416,0.893339,0.435842
N20270926-S027,N20270926,2027-09-27T00:45:00Z,900,true,1.323149,0.811687,0.901256,0.455101
N20270926-S028,N20270926,2027-09-27T01:00:00Z,900,true,1.311041,0.815834,0.883161,0.449131
N20270926-S029,N20270926,2027-09-27T01:15:00Z,900,true,1.377794,0.825655,0.890061,0.455284
N20270926-S030,N20270926,2027-09-27T01:30:00Z,900,true,1.408977,0.823967,0.896173,0.456437
N20270926-S031,N20270926,2027-09-27T01:45:00Z,900,true,1.374566,0.832874,0.913266,0.479799
N20270926-S032,N20270926,2027-09-27T02:00:00Z,900,true,1.382089,0.837765,0.897576,0.473072
N20270926-S033,N20270926,2027-09-27T02:15:00Z,900,true,1.397504,0.819734,0.900730,0.481178
N20270926-S034,N20270926,2027-09-27T02:30:00Z,900,true,1.392581,0.826681,0.861392,0.471814
N20270926-S035,N20270926,2027-09-27T02:45:00Z,900,true,1.377139,0.825206,0.874298,0.458651
N20270927-S001,N20270927,2027-09-27T18:15:00Z,900,true,1.433066,0.746762,0.745396,0.481914
N20270927-S002,N20270927,2027-09-27T18:30:00Z,900,true,1.456851,0.771936,0.720023,0.438322
N20270927-S003,N20270927,2027-09-27T18:45:00Z,900,true,1.489358,0.777630,0.716589,0.435160
N20270927-S004,N20270927,2027-09-27T19:00:00Z,900,false,,,,
N20270927-S005,N20270927,2027-09-27T19:15:00Z,900,false,,,,
N20270927-S006,N20270927,2027-09-27T19:30:00Z,900,false,,,,
N20270927-S007,N20270927,2027-09-27T19:45:00Z,900,false,,,,
N20270927-S008,N20270927,2027-09-27T20:00:00Z,900,false,,,,
N20270927-S009,N20270927,2027-09-27T20:15:00Z,900,false,,,,
N20270927-S010,N20270927,2027-09-27T20:30:00Z,900,false,,,,
N20270927-S011,N20270927,2027-09-27T20:45:00Z,900,false,,,,
N20270927-S012,N20270927,2027-09-27T21:00:00Z,900,false,,,,
N20270927-S013,N20270927,2027-09-27T21:15:00Z,900,false,,,,
N20270927-S014,N20270927,2027-09-27T21:30:00Z,900,false,,,,
N20270927-S015,N20270927,2027-09-27T21:45:00Z,900,false,,,,
N20270927-S016,N20270927,2027-09-27T22:00:00Z,900,false,,,,
N20270927-S017,N20270927,2027-09-27T22:15:00Z,900,false,,,,
N20270927-S018,N20270927,2027-09-27T22:30:00Z,900,false,,,,
N20270927-S019,N20270927,2027-09-27T22:45:00Z,900,false,,,,
N20270927-S020,N20270927,2027-09-27T23:00:00Z,900,false,,,,
N20270927-S021,N20270927,2027-09-27T23:15:00Z,900,false,,,,
N20270927-S022,N20270927,2027-09-27T23:30:00Z,900,false,,,,
N20270927-S023,N20270927,2027-09-27T23:45:00Z,900,false,,,,
N20270927-S024,N20270927,2027-09-28T00:00:00Z,900,false,,,,
N20270927-S025,N20270927,2027-09-28T00:15:00Z,900,false,,,,
N20270927-S026,N20270927,2027-09-28T00:30:00Z,900,false,,,,
N20270927-S027,N20270927,2027-09-28T00:45:00Z,900,false,,,,
N20270927-S028,N20270927,2027-09-28T01:00:00Z,900,false,,,,
N20270927-S029,N20270927,2027-09-28T01:15:00Z,900,false,,,,
N20270927-S030,N20270927,2027-09-28T01:30:00Z,900,false,,,,
N20270927-S031,N20270927,2027-09-28T01:45:00Z,900,false,,,,
N20270927-S032,N20270927,2027-09-28T02:00:00Z,900,false,,,,
N20270927-S033,N20270927,2027-09-28T02:15:00Z,900,false,,,,
N20270927-S034,N20270927,2027-09-28T02:30:00Z,900,false,,,,
N20270927-S035,N20270927,2027-09-28T02:45:00Z,900,false,,,,
N20270928-S001,N20270928,2027-09-28T18:15:00Z,900,false,,,,
N20270928-S002,N20270928,2027-09-28T18:30:00Z,900,false,,,,
N20270928-S003,N20270928,2027-09-28T18:45:00Z,900,false,,,,
N20270928-S004,N20270928,2027-09-28T19:00:00Z,900,false,,,,
N20270928-S005,N20270928,2027-09-28T19:15:00Z,900,false,,,,
N20270928-S006,N20270928,2027-09-28T19:30:00Z,900,false,,,,
N20270928-S007,N20270928,2027-09-28T19:45:00Z,900,true,1.511445,0.724226,0.875982,0.479113
N20270928-S008,N20270928,2027-09-28T20:00:00Z,900,true,1.505285,0.733662,0.901354,0.444630
N20270928-S009,N20270928,2027-09-28T20:15:00Z,900,true,1.473755,0.731037,0.877243,0.479364
N20270928-S010,N20270928,2027-09-28T20:30:00Z,900,true,1.474614,0.734225,0.860656,0.474344
N20270928-S011,N20270928,2027-09-28T20:45:00Z,900,true,1.487561,0.754428,0.853098,0.483173
N20270928-S012,N20270928,2027-09-28T21:00:00Z,900,true,1.544393,0.741752,0.851385,0.455965
N20270928-S013,N20270928,2027-09-28T21:15:00Z,900,true,1.513656,0.734256,0.840312,0.475482
N20270928-S014,N20270928,2027-09-28T21:30:00Z,900,true,1.508397,0.730243,0.832356,0.439846
N20270928-S015,N20270928,2027-09-28T21:45:00Z,900,true,1.568286,0.732693,0.815792,0.444130
N20270928-S016,N20270928,2027-09-28T22:00:00Z,900,true,1.581915,0.735796,0.789995,0.473708
N20270928-S017,N20270928,2027-09-28T22:15:00Z,900,true,1.530307,0.748188,0.790361,0.473248
N20270928-S018,N20270928,2027-09-28T22:30:00Z,900,true,1.499997,0.745119,0.797243,0.450407
N20270928-S019,N20270928,2027-09-28T22:45:00Z,900,true,1.469765,0.756443,0.789638,0.457053
N20270928-S020,N20270928,2027-09-28T23:00:00Z,900,true,1.454739,0.753851,0.783686,0.438382
N20270928-S021,N20270928,2027-09-28T23:15:00Z,900,true,1.443778,0.744718,0.778029,0.460124
N20270928-S022,N20270928,2027-09-28T23:30:00Z,900,true,1.505961,0.728902,0.769939,0.457567
N20270928-S023,N20270928,2027-09-28T23:45:00Z,900,true,1.562438,0.732758,0.764599,0.468222
N20270928-S024,N20270928,2027-09-29T00:00:00Z,900,true,1.507824,0.705498,0.770429,0.464884
N20270928-S025,N20270928,2027-09-29T00:15:00Z,900,true,1.531160,0.696725,0.831115,0.464042
N20270928-S026,N20270928,2027-09-29T00:30:00Z,900,true,1.522347,0.710372,0.842572,0.438470
N20270928-S027,N20270928,2027-09-29T00:45:00Z,900,true,1.488685,0.699421,0.870230,0.444097
N20270928-S028,N20270928,2027-09-29T01:00:00Z,900,true,1.457327,0.704021,0.851211,0.438365
N20270928-S029,N20270928,2027-09-29T01:15:00Z,900,true,1.468172,0.687701,0.847329,0.461920
N20270928-S030,N20270928,2027-09-29T01:30:00Z,900,true,1.529714,0.691179,0.847507,0.479293
N20270928-S031,N20270928,2027-09-29T01:45:00Z,900,true,1.479457,0.689926,0.859833,0.453859
N20270928-S032,N20270928,2027-09-29T02:00:00Z,900,true,1.400629,0.664786,0.850180,0.472033
N20270928-S033,N20270928,2027-09-29T02:15:00Z,900,true,1.399538,0.675684,0.854703,0.442652
N20270928-S034,N20270928,2027-09-29T02:30:00Z,900,true,1.392869,0.689720,0.862961,0.485123
N20270928-S035,N20270928,2027-09-29T02:45:00Z,900,true,1.406325,0.712900,0.852792,0.439383
N20270929-S001,N20270929,2027-09-29T18:15:00Z,900,true,1.444934,0.767352,0.852815,0.448181
N20270929-S002,N20270929,2027-09-29T18:30:00Z,900,false,,,,
N20270929-S003,N20270929,2027-09-29T18:45:00Z,900,false,,,,
N20270929-S004,N20270929,2027-09-29T19:00:00Z,900,false,,,,
N20270929-S005,N20270929,2027-09-29T19:15:00Z,900,true,1.450643,0.789151,0.886290,0.468458
N20270929-S006,N20270929,2027-09-29T19:30:00Z,900,true,1.485972,0.805900,0.882043,0.469308
N20270929-S007,N20270929,2027-09-29T19:45:00Z,900,true,1.474246,0.805888,0.879191,0.456209
N20270929-S008,N20270929,2027-09-29T20:00:00Z,900,true,1.707324,0.585838,0.697336,0.460285
N20270929-S009,N20270929,2027-09-29T20:15:00Z,900,true,1.621906,0.578500,0.696262,0.473020
N20270929-S010,N20270929,2027-09-29T20:30:00Z,900,true,1.565514,0.595418,0.691831,0.446098
N20270929-S011,N20270929,2027-09-29T20:45:00Z,900,true,1.559504,0.595418,0.702367,0.476083
N20270929-S012,N20270929,2027-09-29T21:00:00Z,900,true,1.600807,0.592727,0.684035,0.473617
N20270929-S013,N20270929,2027-09-29T21:15:00Z,900,true,1.621718,0.591749,0.676006,0.446161
N20270929-S014,N20270929,2027-09-29T21:30:00Z,900,true,1.622974,0.584733,0.678124,0.483805
N20270929-S015,N20270929,2027-09-29T21:45:00Z,900,false,,,,
N20270929-S016,N20270929,2027-09-29T22:00:00Z,900,true,1.575302,0.576655,0.727072,0.486068
N20270929-S017,N20270929,2027-09-29T22:15:00Z,900,true,1.562100,0.576645,0.717051,0.461802
N20270929-S018,N20270929,2027-09-29T22:30:00Z,900,true,1.542720,0.579543,0.718389,0.487517
N20270929-S019,N20270929,2027-09-29T22:45:00Z,900,true,1.545282,0.593741,0.715510,0.467904
N20270929-S020,N20270929,2027-09-29T23:00:00Z,900,true,1.453643,0.580628,0.726094,0.454427
N20270929-S021,N20270929,2027-09-29T23:15:00Z,900,true,1.399678,0.575562,0.728228,0.461367
N20270929-S022,N20270929,2027-09-29T23:30:00Z,900,true,1.435798,0.563635,0.731024,0.460010
N20270929-S023,N20270929,2027-09-29T23:45:00Z,900,true,1.405372,0.571003,0.725893,0.456013
N20270929-S024,N20270929,2027-09-30T00:00:00Z,900,true,1.418791,0.572815,0.703012,0.465585
N20270929-S025,N20270929,2027-09-30T00:15:00Z,900,true,1.485368,0.555509,0.722066,0.478603
N20270929-S026,N20270929,2027-09-30T00:30:00Z,900,true,1.475371,0.560660,0.682878,0.450901
N20270929-S027,N20270929,2027-09-30T00:45:00Z,900,true,1.476403,0.562386,0.677198,0.476905
N20270929-S028,N20270929,2027-09-30T01:00:00Z,900,true,1.485196,0.576720,0.702663,0.456357
N20270929-S029,N20270929,2027-09-30T01:15:00Z,900,true,1.501110,0.566421,0.720220,0.444213
N20270929-S030,N20270929,2027-09-30T01:30:00Z,900,true,1.511818,0.566826,0.705220,0.474104
N20270929-S031,N20270929,2027-09-30T01:45:00Z,900,true,1.352443,0.752709,0.863941,0.478155
N20270929-S032,N20270929,2027-09-30T02:00:00Z,900,true,1.347882,0.746339,0.840548,0.457158
N20270929-S033,N20270929,2027-09-30T02:15:00Z,900,true,1.381120,0.754688,0.842927,0.469173
N20270929-S034,N20270929,2027-09-30T02:30:00Z,900,true,1.412244,0.733181,0.858593,0.473307
N20270929-S035,N20270929,2027-09-30T02:45:00Z,900,true,1.425274,0.733387,0.869175,0.454926
N20270930-S001,N20270930,2027-09-30T18:15:00Z,900,true,1.257526,0.708667,0.877893,0.488816
N20270930-S002,N20270930,2027-09-30T18:30:00Z,900,true,1.243705,0.718518,0.846790,0.471289
N20270930-S003,N20270930,2027-09-30T18:45:00Z,900,true,1.213969,0.726336,0.853913,0.466397
N20270930-S004,N20270930,2027-09-30T19:00:00Z,900,true,1.204323,0.716411,0.858095,0.487251
N20270930-S005,N20270930,2027-09-30T19:15:00Z,900,true,1.205553,0.725937,0.890283,0.446325
N20270930-S006,N20270930,2027-09-30T19:30:00Z,900,true,1.231938,0.731319,0.884631,0.472619
N20270930-S007,N20270930,2027-09-30T19:45:00Z,900,true,1.248663,0.744486,0.887047,0.465053
N20270930-S008,N20270930,2027-09-30T20:00:00Z,900,true,1.187085,0.755050,0.862035,0.466811
N20270930-S009,N20270930,2027-09-30T20:15:00Z,900,true,1.194795,0.724573,0.884544,0.490519
N20270930-S010,N20270930,2027-09-30T20:30:00Z,900,true,1.183239,0.725549,0.883040,0.472012
N20270930-S011,N20270930,2027-09-30T20:45:00Z,900,true,1.225985,0.727133,0.904627,0.455532
N20270930-S012,N20270930,2027-09-30T21:00:00Z,900,true,1.239525,0.702282,0.919816,0.457653
N20270930-S013,N20270930,2027-09-30T21:15:00Z,900,true,1.247771,0.698737,0.883814,0.467468
N20270930-S014,N20270930,2027-09-30T21:30:00Z,900,true,1.290243,0.695558,0.893991,0.472545
N20270930-S015,N20270930,2027-09-30T21:45:00Z,900,true,1.253763,0.702069,0.883936,0.479868
N20270930-S016,N20270930,2027-09-30T22:00:00Z,900,true,1.250542,0.697381,0.878064,0.481728
N20270930-S017,N20270930,2027-09-30T22:15:00Z,900,true,1.233001,0.691474,0.886397,0.442531
N20270930-S018,N20270930,2027-09-30T22:30:00Z,900,true,1.267321,0.707098,0.892400,0.466468
N20270930-S019,N20270930,2027-09-30T22:45:00Z,900,true,1.288861,0.715815,0.884545,0.470557
N20270930-S020,N20270930,2027-09-30T23:00:00Z,900,true,1.300057,0.716252,0.849728,0.449901
N20270930-S021,N20270930,2027-09-30T23:15:00Z,900,true,1.281916,0.729759,0.846640,0.464949
N20270930-S022,N20270930,2027-09-30T23:30:00Z,900,true,1.269744,0.739247,0.838650,0.443308
N20270930-S023,N20270930,2027-09-30T23:45:00Z,900,true,1.220191,0.723438,0.840418,0.480310
N20270930-S024,N20270930,2027-10-01T00:00:00Z,900,true,1.255674,0.744662,0.839278,0.454979
N20270930-S025,N20270930,2027-10-01T00:15:00Z,900,true,1.220448,0.752245,0.846366,0.476052
N20270930-S026,N20270930,2027-10-01T00:30:00Z,900,true,1.232824,0.741869,0.832628,0.480069
N20270930-S027,N20270930,2027-10-01T00:45:00Z,900,true,1.283770,0.764931,0.840110,0.483181
N20270930-S028,N20270930,2027-10-01T01:00:00Z,900,true,1.277315,0.748323,0.859881,0.441996
N20270930-S029,N20270930,2027-10-01T01:15:00Z,900,true,1.271928,0.766341,0.827101,0.452697
N20270930-S030,N20270930,2027-10-01T01:30:00Z,900,true,1.366892,0.750723,0.850531,0.470714
N20270930-S031,N20270930,2027-10-01T01:45:00Z,900,true,1.367215,0.742479,0.829496,0.454775
N20270930-S032,N20270930,2027-10-01T02:00:00Z,900,true,1.359676,0.749853,0.825560,0.452117
N20270930-S033,N20270930,2027-10-01T02:15:00Z,900,true,1.353066,0.779558,0.832273,0.466601
N20270930-S034,N20270930,2027-10-01T02:30:00Z,900,true,1.334385,0.766573,0.836646,0.472259
N20271001-S001,N20271001,2027-10-01T18:15:00Z,900,true,1.171938,0.746283,0.858571,0.454522
N20271001-S002,N20271001,2027-10-01T18:30:00Z,900,true,1.190264,0.761481,0.875603,0.446855
N20271001-S003,N20271001,2027-10-01T18:45:00Z,900,true,1.204601,0.763220,0.863597,0.457141
N20271001-S004,N20271001,2027-10-01T19:00:00Z,900,true,1.173322,0.765328,0.852853,0.473181
N20271001-S005,N20271001,2027-10-01T19:15:00Z,900,true,1.172608,0.760159,0.847879,0.465916
N20271001-S006,N20271001,2027-10-01T19:30:00Z,900,true,1.179005,0.746457,0.849580,0.446432
N20271001-S007,N20271001,2027-10-01T19:45:00Z,900,true,1.210512,0.749487,0.844796,0.442306
N20271001-S008,N20271001,2027-10-01T20:00:00Z,900,true,1.232641,0.759307,0.836034,0.457150
N20271001-S009,N20271001,2027-10-01T20:15:00Z,900,true,1.258049,0.769897,0.842811,0.461842
N20271001-S010,N20271001,2027-10-01T20:30:00Z,900,true,1.227982,0.767998,0.855253,0.466129
N20271001-S011,N20271001,2027-10-01T20:45:00Z,900,true,1.240101,0.774119,0.856695,0.457770
N20271001-S012,N20271001,2027-10-01T21:00:00Z,900,true,1.198089,0.766945,0.870250,0.484658
N20271001-S013,N20271001,2027-10-01T21:15:00Z,900,false,,,,
N20271001-S014,N20271001,2027-10-01T21:30:00Z,900,false,,,,
N20271001-S015,N20271001,2027-10-01T21:45:00Z,900,false,,,,
N20271001-S016,N20271001,2027-10-01T22:00:00Z,900,false,,,,
N20271001-S017,N20271001,2027-10-01T22:15:00Z,900,false,,,,
N20271001-S018,N20271001,2027-10-01T22:30:00Z,900,false,,,,
N20271001-S019,N20271001,2027-10-01T22:45:00Z,900,false,,,,
N20271001-S020,N20271001,2027-10-01T23:00:00Z,900,false,,,,
N20271001-S021,N20271001,2027-10-01T23:15:00Z,900,false,,,,
N20271001-S022,N20271001,2027-10-01T23:30:00Z,900,false,,,,
N20271001-S023,N20271001,2027-10-01T23:45:00Z,900,false,,,,
N20271001-S024,N20271001,2027-10-02T00:00:00Z,900,false,,,,
N20271001-S025,N20271001,2027-10-02T00:15:00Z,900,false,,,,
N20271001-S026,N20271001,2027-10-02T00:30:00Z,900,false,,,,
N20271001-S027,N20271001,2027-10-02T00:45:00Z,900,false,,,,
N20271001-S028,N20271001,2027-10-02T01:00:00Z,900,false,,,,
N20271001-S029,N20271001,2027-10-02T01:15:00Z,900,false,,,,
N20271001-S030,N20271001,2027-10-02T01:30:00Z,900,false,,,,
N20271001-S031,N20271001,2027-10-02T01:45:00Z,900,true,1.172876,0.790213,0.887361,0.464787
N20271001-S032,N20271001,2027-10-02T02:00:00Z,900,true,1.218382,0.800773,0.869150,0.461116
N20271001-S033,N20271001,2027-10-02T02:15:00Z,900,true,1.194573,0.805271,0.872867,0.444339
N20271001-S034,N20271001,2027-10-02T02:30:00Z,900,true,1.233611,0.796281,0.875513,0.458843
N20271002-S001,N20271002,2027-10-02T18:15:00Z,900,true,1.239425,0.708339,0.837193,0.468080
N20271002-S002,N20271002,2027-10-02T18:30:00Z,900,true,1.238413,0.708285,0.801042,0.478349
N20271002-S003,N20271002,2027-10-02T18:45:00Z,900,true,1.240720,0.679625,0.812590,0.484912
N20271002-S004,N20271002,2027-10-02T19:00:00Z,900,true,1.258197,0.667491,0.806895,0.460525
N20271002-S005,N20271002,2027-10-02T19:15:00Z,900,true,1.261365,0.659897,0.822019,0.448212
N20271002-S006,N20271002,2027-10-02T19:30:00Z,900,true,1.239542,0.661340,0.830723,0.465301
N20271002-S007,N20271002,2027-10-02T19:45:00Z,900,true,1.211259,0.676858,0.827011,0.488985
N20271002-S008,N20271002,2027-10-02T20:00:00Z,900,true,1.161003,0.680890,0.831510,0.475385
N20271002-S009,N20271002,2027-10-02T20:15:00Z,900,true,1.172741,0.696372,0.823243,0.458047
N20271002-S010,N20271002,2027-10-02T20:30:00Z,900,true,1.151297,0.712078,0.816882,0.445943
N20271002-S011,N20271002,2027-10-02T20:45:00Z,900,true,1.159205,0.718678,0.810058,0.475487
N20271002-S012,N20271002,2027-10-02T21:00:00Z,900,true,1.131513,0.708339,0.819012,0.464764
N20271002-S013,N20271002,2027-10-02T21:15:00Z,900,true,1.156147,0.697044,0.831118,0.452161
N20271002-S014,N20271002,2027-10-02T21:30:00Z,900,true,1.193990,0.722652,0.842273,0.479060
N20271002-S015,N20271002,2027-10-02T21:45:00Z,900,true,1.194991,0.734094,0.852807,0.475742
N20271002-S016,N20271002,2027-10-02T22:00:00Z,900,true,1.194087,0.732457,0.871222,0.480205
N20271002-S017,N20271002,2027-10-02T22:15:00Z,900,true,1.225248,0.731305,0.890392,0.442670
N20271002-S018,N20271002,2027-10-02T22:30:00Z,900,true,1.253458,0.744764,0.883447,0.454354
N20271002-S019,N20271002,2027-10-02T22:45:00Z,900,true,1.221996,0.741483,0.882183,0.447174
N20271002-S020,N20271002,2027-10-02T23:00:00Z,900,true,1.239555,0.741087,0.863524,0.447057
N20271002-S021,N20271002,2027-10-02T23:15:00Z,900,true,1.231069,0.745257,0.890709,0.475213
N20271002-S022,N20271002,2027-10-02T23:30:00Z,900,true,1.228615,0.732557,0.884674,0.489788
N20271002-S023,N20271002,2027-10-02T23:45:00Z,900,true,1.204634,0.724883,0.846484,0.484058
N20271002-S024,N20271002,2027-10-03T00:00:00Z,900,true,1.180268,0.711019,0.853409,0.448077
N20271002-S025,N20271002,2027-10-03T00:15:00Z,900,true,1.194480,0.712071,0.838115,0.455724
N20271002-S026,N20271002,2027-10-03T00:30:00Z,900,true,1.235213,0.723895,0.835193,0.470410
N20271002-S027,N20271002,2027-10-03T00:45:00Z,900,true,1.266726,0.717166,0.873814,0.475782
N20271002-S028,N20271002,2027-10-03T01:00:00Z,900,true,1.327227,0.716728,0.866195,0.443472
N20271002-S029,N20271002,2027-10-03T01:15:00Z,900,true,1.289864,0.715223,0.837927,0.468234
N20271002-S030,N20271002,2027-10-03T01:30:00Z,900,true,1.241854,0.715532,0.850762,0.467398
N20271002-S031,N20271002,2027-10-03T01:45:00Z,900,true,1.309702,0.704992,0.846376,0.486200
N20271002-S032,N20271002,2027-10-03T02:00:00Z,900,true,1.280362,0.713109,0.847907,0.449034
N20271002-S033,N20271002,2027-10-03T02:15:00Z,900,true,1.266926,0.705314,0.827546,0.450213
N20271002-S034,N20271002,2027-10-03T02:30:00Z,900,true,1.271874,0.714361,0.821141,0.453587
N20271003-S001,N20271003,2027-10-03T18:15:00Z,900,true,1.018526,0.679882,0.762551,0.462139
N20271003-S002,N20271003,2027-10-03T18:30:00Z,900,true,1.016154,0.681690,0.755196,0.449769
N20271003-S003,N20271003,2027-10-03T18:45:00Z,900,true,1.203291,0.461385,0.558933,0.453515
N20271003-S004,N20271003,2027-10-03T19:00:00Z,900,true,1.212310,0.469775,0.569710,0.481449
N20271003-S005,N20271003,2027-10-03T19:15:00Z,900,true,1.260879,0.463998,0.564000,0.464530
N20271003-S006,N20271003,2027-10-03T19:30:00Z,900,true,1.154933,0.460740,0.562978,0.452207
N20271003-S007,N20271003,2027-10-03T19:45:00Z,900,true,1.084882,0.444251,0.556673,0.481313
N20271003-S008,N20271003,2027-10-03T20:00:00Z,900,true,1.188406,0.437268,0.555714,0.450597
N20271003-S009,N20271003,2027-10-03T20:15:00Z,900,true,1.228803,0.437642,0.583220,0.451078
N20271003-S010,N20271003,2027-10-03T20:30:00Z,900,true,1.269817,0.429705,0.589191,0.469432
N20271003-S011,N20271003,2027-10-03T20:45:00Z,900,true,1.227323,0.425068,0.610469,0.488931
N20271003-S012,N20271003,2027-10-03T21:00:00Z,900,true,1.205611,0.433213,0.605914,0.450305
N20271003-S013,N20271003,2027-10-03T21:15:00Z,900,true,1.204754,0.436129,0.606407,0.463395
N20271003-S014,N20271003,2027-10-03T21:30:00Z,900,true,1.289019,0.447624,0.583244,0.452372
N20271003-S015,N20271003,2027-10-03T21:45:00Z,900,true,1.229618,0.451278,0.586688,0.490190
N20271003-S016,N20271003,2027-10-03T22:00:00Z,900,true,1.233612,0.451034,0.584152,0.482982
N20271003-S017,N20271003,2027-10-03T22:15:00Z,900,true,1.057589,0.647714,0.775140,0.472180
N20271003-S018,N20271003,2027-10-03T22:30:00Z,900,true,1.036342,0.653808,0.769059,0.468985
N20271003-S019,N20271003,2027-10-03T22:45:00Z,900,true,1.056544,0.654071,0.749233,0.443930
N20271003-S020,N20271003,2027-10-03T23:00:00Z,900,true,1.045994,0.658373,0.764516,0.473063
N20271003-S021,N20271003,2027-10-03T23:15:00Z,900,true,1.076747,0.668838,0.749785,0.486193
N20271003-S022,N20271003,2027-10-03T23:30:00Z,900,true,1.021932,0.658271,0.740895,0.459369
N20271003-S023,N20271003,2027-10-03T23:45:00Z,900,true,0.992805,0.670744,0.737006,0.471431
N20271003-S024,N20271003,2027-10-04T00:00:00Z,900,true,1.031286,0.672609,0.742294,0.448945
N20271003-S025,N20271003,2027-10-04T00:15:00Z,900,true,1.055788,0.661277,0.724847,0.464761
N20271003-S026,N20271003,2027-10-04T00:30:00Z,900,true,1.095825,0.677466,0.759588,0.478133
N20271003-S027,N20271003,2027-10-04T00:45:00Z,900,true,1.079013,0.671026,0.768343,0.458019
N20271003-S028,N20271003,2027-10-04T01:00:00Z,900,true,1.083967,0.682326,0.768296,0.477096
N20271003-S029,N20271003,2027-10-04T01:15:00Z,900,true,1.072558,0.702849,0.761014,0.464163
N20271003-S030,N20271003,2027-10-04T01:30:00Z,900,true,1.000198,0.702424,0.737836,0.456967
N20271003-S031,N20271003,2027-10-04T01:45:00Z,900,true,0.970580,0.696296,0.749986,0.485265
N20271003-S032,N20271003,2027-10-04T02:00:00Z,900,true,0.971810,0.701708,0.774410,0.445336
N20271003-S033,N20271003,2027-10-04T02:15:00Z,900,true,0.994928,0.721038,0.758907,0.483174
N20271003-S034,N20271003,2027-10-04T02:30:00Z,900,true,0.995233,0.721649,0.748743,0.455956
N20271004-S001,N20271004,2027-10-04T18:30:00Z,900,true,1.076956,0.694988,0.834133,0.448388
N20271004-S002,N20271004,2027-10-04T18:45:00Z,900,true,1.047884,0.699546,0.827017,0.483876
N20271004-S003,N20271004,2027-10-04T19:00:00Z,900,true,1.053841,0.691880,0.824718,0.477389
N20271004-S004,N20271004,2027-10-04T19:15:00Z,900,true,1.068219,0.674669,0.814547,0.483740
N20271004-S005,N20271004,2027-10-04T19:30:00Z,900,true,1.054945,0.676433,0.823824,0.466081
N20271004-S006,N20271004,2027-10-04T19:45:00Z,900,true,1.033262,0.699915,0.855793,0.442410
N20271004-S007,N20271004,2027-10-04T20:00:00Z,900,true,1.025020,0.703267,0.855046,0.451209
N20271004-S008,N20271004,2027-10-04T20:15:00Z,900,true,1.058498,0.699437,0.852899,0.472814
N20271004-S009,N20271004,2027-10-04T20:30:00Z,900,true,1.077903,0.692111,0.853268,0.478686
N20271004-S010,N20271004,2027-10-04T20:45:00Z,900,false,,,,
N20271004-S011,N20271004,2027-10-04T21:00:00Z,900,true,1.069056,0.695268,0.883880,0.478037
N20271004-S012,N20271004,2027-10-04T21:15:00Z,900,true,1.060687,0.722299,0.862990,0.458476
N20271004-S013,N20271004,2027-10-04T21:30:00Z,900,true,1.066137,0.702739,0.845462,0.448626
N20271004-S014,N20271004,2027-10-04T21:45:00Z,900,true,1.128860,0.697001,0.832633,0.442788
N20271004-S015,N20271004,2027-10-04T22:00:00Z,900,true,1.128350,0.694166,0.852927,0.479865
N20271004-S016,N20271004,2027-10-04T22:15:00Z,900,true,1.080739,0.681804,0.877038,0.451511
N20271004-S017,N20271004,2027-10-04T22:30:00Z,900,true,1.117435,0.717884,0.850398,0.470567
N20271004-S018,N20271004,2027-10-04T22:45:00Z,900,true,1.079353,0.700369,0.828173,0.459115
N20271004-S019,N20271004,2027-10-04T23:00:00Z,900,true,1.106759,0.697947,0.852311,0.449763
N20271004-S020,N20271004,2027-10-04T23:15:00Z,900,true,1.090063,0.716521,0.828249,0.466254
N20271004-S021,N20271004,2027-10-04T23:30:00Z,900,true,1.074978,0.721072,0.832804,0.447296
N20271004-S022,N20271004,2027-10-04T23:45:00Z,900,true,1.087094,0.714770,0.819207,0.482886
N20271004-S023,N20271004,2027-10-05T00:00:00Z,900,true,1.056836,0.708865,0.814442,0.479056
N20271004-S024,N20271004,2027-10-05T00:15:00Z,900,true,1.087841,0.701030,0.805236,0.475175
N20271004-S025,N20271004,2027-10-05T00:30:00Z,900,true,1.066512,0.698573,0.800949,0.455654
N20271004-S026,N20271004,2027-10-05T00:45:00Z,900,false,,,,
N20271004-S027,N20271004,2027-10-05T01:00:00Z,900,false,,,,
N20271004-S028,N20271004,2027-10-05T01:15:00Z,900,false,,,,
N20271004-S029,N20271004,2027-10-05T01:30:00Z,900,false,,,,
N20271004-S030,N20271004,2027-10-05T01:45:00Z,900,false,,,,
N20271004-S031,N20271004,2027-10-05T02:00:00Z,900,false,,,,
N20271004-S032,N20271004,2027-10-05T02:15:00Z,900,false,,,,
N20271004-S033,N20271004,2027-10-05T02:30:00Z,900,false,,,,
N20271005-S001,N20271005,2027-10-05T18:30:00Z,900,false,,,,
N20271005-S002,N20271005,2027-10-05T18:45:00Z,900,false,,,,
N20271005-S003,N20271005,2027-10-05T19:00:00Z,900,false,,,,
N20271005-S004,N20271005,2027-10-05T19:15:00Z,900,false,,,,
N20271005-S005,N20271005,2027-10-05T19:30:00Z,900,false,,,,
N20271005-S006,N20271005,2027-10-05T19:45:00Z,900,false,,,,
N20271005-S007,N20271005,2027-10-05T20:00:00Z,900,false,,,,
N20271005-S008,N20271005,2027-10-05T20:15:00Z,900,false,,,,
N20271005-S009,N20271005,2027-10-05T20:30:00Z,900,false,,,,
N20271005-S010,N20271005,2027-10-05T20:45:00Z,900,false,,,,
N20271005-S011,N20271005,2027-10-05T21:00:00Z,900,false,,,,
N20271005-S012,N20271005,2027-10-05T21:15:00Z,900,false,,,,
N20271005-S013,N20271005,2027-10-05T21:30:00Z,900,false,,,,
N20271005-S014,N20271005,2027-10-05T21:45:00Z,900,false,,,,
N20271005-S015,N20271005,2027-10-05T22:00:00Z,900,false,,,,
N20271005-S016,N20271005,2027-10-05T22:15:00Z,900,false,,,,
N20271005-S017,N20271005,2027-10-05T22:30:00Z,900,false,,,,
N20271005-S018,N20271005,2027-10-05T22:45:00Z,900,false,,,,
N20271005-S019,N20271005,2027-10-05T23:00:00Z,900,false,,,,
N20271005-S020,N20271005,2027-10-05T23:15:00Z,900,false,,,,
N20271005-S021,N20271005,2027-10-05T23:30:00Z,900,false,,,,
N20271005-S022,N20271005,2027-10-05T23:45:00Z,900,false,,,,
N20271005-S023,N20271005,2027-10-06T00:00:00Z,900,false,,,,
N20271005-S024,N20271005,2027-10-06T00:15:00Z,900,false,,,,
N20271005-S025,N20271005,2027-10-06T00:30:00Z,900,false,,,,
N20271005-S026,N20271005,2027-10-06T00:45:00Z,900,true,1.046864,0.625743,0.824831,0.443027
N20271005-S027,N20271005,2027-10-06T01:00:00Z,900,true,1.077002,0.619655,0.829478,0.462156
N20271005-S028,N20271005,2027-10-06T01:15:00Z,900,true,1.065244,0.621411,0.835150,0.460733
N20271005-S029,N20271005,2027-10-06T01:30:00Z,900,true,1.026213,0.636674,0.820142,0.455178
N20271005-S030,N20271005,2027-10-06T01:45:00Z,900,true,1.059054,0.618401,0.821783,0.451266
N20271005-S031,N20271005,2027-10-06T02:00:00Z,900,true,1.059137,0.604605,0.800172,0.453256
N20271005-S032,N20271005,2027-10-06T02:15:00Z,900,true,1.071271,0.613158,0.781749,0.469978
N20271005-S033,N20271005,2027-10-06T02:30:00Z,900,true,1.076112,0.607755,0.774996,0.470359
N20271006-S001,N20271006,2027-10-06T18:30:00Z,900,true,1.094976,0.666622,0.861984,0.486234
N20271006-S002,N20271006,2027-10-06T18:45:00Z,900,true,1.126786,0.670598,0.854953,0.489615
N20271006-S003,N20271006,2027-10-06T19:00:00Z,900,true,1.159956,0.677604,0.862162,0.481262
N20271006-S004,N20271006,2027-10-06T19:15:00Z,900,true,1.151632,0.692088,0.843159,0.464961
N20271006-S005,N20271006,2027-10-06T19:30:00Z,900,true,1.129282,0.689476,0.845304,0.488358
N20271006-S006,N20271006,2027-10-06T19:45:00Z,900,true,1.105816,0.698110,0.880598,0.482754
N20271006-S007,N20271006,2027-10-06T20:00:00Z,900,true,1.155604,0.692194,0.877822,0.480607
N20271006-S008,N20271006,2027-10-06T20:15:00Z,900,true,1.112921,0.698555,0.893917,0.476308
N20271006-S009,N20271006,2027-10-06T20:30:00Z,900,true,1.120073,0.686742,0.894560,0.450679
N20271006-S010,N20271006,2027-10-06T20:45:00Z,900,true,1.097363,0.677033,0.881239,0.483073
N20271006-S011,N20271006,2027-10-06T21:00:00Z,900,true,1.101231,0.679877,0.857991,0.477966
N20271006-S012,N20271006,2027-10-06T21:15:00Z,900,true,1.120388,0.683236,0.828643,0.474419
N20271006-S013,N20271006,2027-10-06T21:30:00Z,900,true,1.091508,0.668606,0.847210,0.485622
N20271006-S014,N20271006,2027-10-06T21:45:00Z,900,true,1.088087,0.649660,0.832991,0.442947
N20271006-S015,N20271006,2027-10-06T22:00:00Z,900,true,1.088110,0.668691,0.830466,0.470165
N20271006-S016,N20271006,2027-10-06T22:15:00Z,900,true,1.117012,0.671262,0.830907,0.450288
N20271006-S017,N20271006,2027-10-06T22:30:00Z,900,true,1.134772,0.677748,0.822301,0.463204
N20271006-S018,N20271006,2027-10-06T22:45:00Z,900,true,1.096460,0.675403,0.837708,0.471679
N20271006-S019,N20271006,2027-10-06T23:00:00Z,900,true,1.156359,0.666484,0.822894,0.474906
N20271006-S020,N20271006,2027-10-06T23:15:00Z,900,true,1.197916,0.671541,0.821212,0.490229
N20271006-S021,N20271006,2027-10-06T23:30:00Z,900,true,1.186056,0.658153,0.832822,0.456491
N20271006-S022,N20271006,2027-10-06T23:45:00Z,900,true,1.193986,0.649054,0.836791,0.479155
N20271006-S023,N20271006,2027-10-07T00:00:00Z,900,true,1.196019,0.670981,0.829949,0.459662
N20271006-S024,N20271006,2027-10-07T00:15:00Z,900,true,1.200142,0.670414,0.842043,0.472996
N20271006-S025,N20271006,2027-10-07T00:30:00Z,900,true,1.184262,0.654505,0.877616,0.460014
N20271006-S026,N20271006,2027-10-07T00:45:00Z,900,true,1.192637,0.680716,0.876476,0.473894
N20271006-S027,N20271006,2027-10-07T01:00:00Z,900,false,,,,
N20271006-S028,N20271006,2027-10-07T01:15:00Z,900,false,,,,
N20271006-S029,N20271006,2027-10-07T01:30:00Z,900,true,1.232329,0.669583,0.855569,0.463354
N20271006-S030,N20271006,2027-10-07T01:45:00Z,900,true,1.226934,0.678137,0.862410,0.445724
N20271006-S031,N20271006,2027-10-07T02:00:00Z,900,true,1.178845,0.688387,0.862140,0.464746
N20271006-S032,N20271006,2027-10-07T02:15:00Z,900,true,1.211816,0.675628,0.876155,0.461611
N20271006-S033,N20271006,2027-10-07T02:30:00Z,900,true,1.139313,0.672244,0.888181,0.470360
N20271007-S001,N20271007,2027-10-07T18:30:00Z,900,true,1.076686,0.702530,0.792617,0.465366
N20271007-S002,N20271007,2027-10-07T18:45:00Z,900,true,1.049292,0.692868,0.783693,0.461862
N20271007-S003,N20271007,2027-10-07T19:00:00Z,900,true,1.046210,0.717426,0.778562,0.468077
N20271007-S004,N20271007,2027-10-07T19:15:00Z,900,true,1.078269,0.698886,0.789537,0.450068
N20271007-S005,N20271007,2027-10-07T19:30:00Z,900,true,1.127801,0.682411,0.791044,0.469517
N20271007-S006,N20271007,2027-10-07T19:45:00Z,900,true,1.130331,0.682238,0.799074,0.490699
N20271007-S007,N20271007,2027-10-07T20:00:00Z,900,true,1.116618,0.674418,0.792677,0.480916
N20271007-S008,N20271007,2027-10-07T20:15:00Z,900,true,1.085739,0.700609,0.767742,0.450401
N20271007-S009,N20271007,2027-10-07T20:30:00Z,900,true,1.137189,0.709026,0.795550,0.442623
N20271007-S010,N20271007,2027-10-07T20:45:00Z,900,true,1.171364,0.704373,0.767115,0.466353
N20271007-S011,N20271007,2027-10-07T21:00:00Z,900,true,1.170137,0.704998,0.769107,0.449541
N20271007-S012,N20271007,2027-10-07T21:15:00Z,900,true,1.175842,0.724511,0.787474,0.483733
N20271007-S013,N20271007,2027-10-07T21:30:00Z,900,true,1.164596,0.734692,0.774908,0.477049
N20271007-S014,N20271007,2027-10-07T21:45:00Z,900,true,1.148512,0.724893,0.778297,0.480694
N20271007-S015,N20271007,2027-10-07T22:00:00Z,900,true,1.153042,0.718289,0.778159,0.466599
N20271007-S016,N20271007,2027-10-07T22:15:00Z,900,true,1.235157,0.718262,0.777743,0.472597
N20271007-S017,N20271007,2027-10-07T22:30:00Z,900,true,1.198576,0.721379,0.777372,0.484210
N20271007-S018,N20271007,2027-10-07T22:45:00Z,900,true,1.157880,0.715562,0.777873,0.458897
N20271007-S019,N20271007,2027-10-07T23:00:00Z,900,true,1.215541,0.723711,0.774680,0.444776
N20271007-S020,N20271007,2027-10-07T23:15:00Z,900,true,1.234548,0.708476,0.790773,0.468296
N20271007-S021,N20271007,2027-10-07T23:30:00Z,900,true,1.228924,0.701082,0.812050,0.445038
N20271007-S022,N20271007,2027-10-07T23:45:00Z,900,true,1.227785,0.699735,0.841236,0.442133
N20271007-S023,N20271007,2027-10-08T00:00:00Z,900,true,1.205852,0.684447,0.821184,0.487777
N20271007-S024,N20271007,2027-10-08T00:15:00Z,900,true,1.174315,0.688086,0.841572,0.478627
N20271007-S025,N20271007,2027-10-08T00:30:00Z,900,true,1.185888,0.701882,0.866962,0.474112
N20271007-S026,N20271007,2027-10-08T00:45:00Z,900,true,1.142164,0.681012,0.883632,0.471347
N20271007-S027,N20271007,2027-10-08T01:00:00Z,900,true,1.146674,0.699574,0.878623,0.468471
N20271007-S028,N20271007,2027-10-08T01:15:00Z,900,true,1.136894,0.701464,0.862813,0.470122
N20271007-S029,N20271007,2027-10-08T01:30:00Z,900,true,1.109318,0.697727,0.867456,0.464037
N20271007-S030,N20271007,2027-10-08T01:45:00Z,900,true,1.111944,0.712823,0.855178,0.472877
N20271007-S031,N20271007,2027-10-08T02:00:00Z,900,true,1.118243,0.718183,0.848627,0.457343
N20271007-S032,N20271007,2027-10-08T02:15:00Z,900,true,1.024046,0.709098,0.826554,0.444612
N20271007-S033,N20271007,2027-10-08T02:30:00Z,900,true,1.071496,0.706596,0.815211,0.485543
N20271008-S001,N20271008,2027-10-08T18:30:00Z,900,true,1.128222,0.697863,0.892615,0.444263
N20271008-S002,N20271008,2027-10-08T18:45:00Z,900,true,1.119933,0.690950,0.873120,0.462902
N20271008-S003,N20271008,2027-10-08T19:00:00Z,900,true,1.061157,0.699823,0.876232,0.466100
N20271008-S004,N20271008,2027-10-08T19:15:00Z,900,true,1.055672,0.675810,0.875756,0.443094
N20271008-S005,N20271008,2027-10-08T19:30:00Z,900,true,1.034402,0.688376,0.875507,0.475799
N20271008-S006,N20271008,2027-10-08T19:45:00Z,900,true,1.029236,0.685149,0.860232,0.460025
N20271008-S007,N20271008,2027-10-08T20:00:00Z,900,true,1.033447,0.675001,0.854377,0.480296
N20271008-S008,N20271008,2027-10-08T20:15:00Z,900,true,1.073831,0.672953,0.836141,0.463528
N20271008-S009,N20271008,2027-10-08T20:30:00Z,900,true,1.053452,0.709925,0.854154,0.482094
N20271008-S010,N20271008,2027-10-08T20:45:00Z,900,true,1.091071,0.692931,0.848938,0.445375
N20271008-S011,N20271008,2027-10-08T21:00:00Z,900,true,1.081572,0.687282,0.856088,0.481030
N20271008-S012,N20271008,2027-10-08T21:15:00Z,900,true,1.131374,0.702222,0.844232,0.489468
N20271008-S013,N20271008,2027-10-08T21:30:00Z,900,true,1.159394,0.706968,0.814587,0.473925
N20271008-S014,N20271008,2027-10-08T21:45:00Z,900,true,1.121943,0.689248,0.812393,0.459680
N20271008-S015,N20271008,2027-10-08T22:00:00Z,900,true,1.145743,0.686438,0.832290,0.469152
N20271008-S016,N20271008,2027-10-08T22:15:00Z,900,true,1.119786,0.690411,0.850591,0.486516
N20271008-S017,N20271008,2027-10-08T22:30:00Z,900,true,1.130871,0.677854,0.822091,0.461549
N20271008-S018,N20271008,2027-10-08T22:45:00Z,900,true,1.106492,0.666165,0.841963,0.469657
N20271008-S019,N20271008,2027-10-08T23:00:00Z,900,true,1.095311,0.673318,0.848877,0.486650
N20271008-S020,N20271008,2027-10-08T23:15:00Z,900,true,1.094466,0.673796,0.832392,0.463681
N20271008-S021,N20271008,2027-10-08T23:30:00Z,900,true,1.124440,0.675639,0.833408,0.448947
N20271008-S022,N20271008,2027-10-08T23:45:00Z,900,true,1.117349,0.697274,0.840467,0.484166
N20271008-S023,N20271008,2027-10-09T00:00:00Z,900,true,1.146910,0.699097,0.854668,0.445065
N20271008-S024,N20271008,2027-10-09T00:15:00Z,900,true,1.157782,0.715063,0.890348,0.451910
N20271008-S025,N20271008,2027-10-09T00:30:00Z,900,true,1.183364,0.710627,0.843532,0.444611
N20271008-S026,N20271008,2027-10-09T00:45:00Z,900,true,1.195567,0.715163,0.845079,0.477954
N20271008-S027,N20271008,2027-10-09T01:00:00Z,900,true,1.234234,0.709876,0.853463,0.459083
N20271008-S028,N20271008,2027-10-09T01:15:00Z,900,true,1.176444,0.706134,0.833599,0.452967
N20271008-S029,N20271008,2027-10-09T01:30:00Z,900,true,1.185557,0.712261,0.848954,0.463544
N20271008-S030,N20271008,2027-10-09T01:45:00Z,900,true,1.186335,0.689635,0.836109,0.452598
N20271008-S031,N20271008,2027-10-09T02:00:00Z,900,false,,,,
N20271008-S032,N20271008,2027-10-09T02:15:00Z,900,false,,,,
N20271008-S033,N20271008,2027-10-09T02:30:00Z,900,false,,,,
N20271009-S001,N20271009,2027-10-09T18:30:00Z,900,false,,,,
N20271009-S002,N20271009,2027-10-09T18:45:00Z,900,false,,,,
N20271009-S003,N20271009,2027-10-09T19:00:00Z,900,false,,,,
N20271009-S004,N20271009,2027-10-09T19:15:00Z,900,false,,,,
N20271009-S005,N20271009,2027-10-09T19:30:00Z,900,false,,,,
N20271009-S006,N20271009,2027-10-09T19:45:00Z,900,false,,,,
N20271009-S007,N20271009,2027-10-09T20:00:00Z,900,true,1.161218,0.692979,0.920548,0.453572
N20271009-S008,N20271009,2027-10-09T20:15:00Z,900,true,1.166798,0.697703,0.900076,0.467679
N20271009-S009,N20271009,2027-10-09T20:30:00Z,900,true,1.187021,0.722490,0.886164,0.459817
N20271009-S010,N20271009,2027-10-09T20:45:00Z,900,true,1.189041,0.716407,0.904892,0.451952
N20271009-S011,N20271009,2027-10-09T21:00:00Z,900,true,1.179904,0.730229,0.883407,0.478922
N20271009-S012,N20271009,2027-10-09T21:15:00Z,900,true,1.189921,0.746629,0.871094,0.479544
N20271009-S013,N20271009,2027-10-09T21:30:00Z,900,true,1.174782,0.729972,0.879667,0.460714
N20271009-S014,N20271009,2027-10-09T21:45:00Z,900,true,1.125376,0.728706,0.891860,0.475759
N20271009-S015,N20271009,2027-10-09T22:00:00Z,900,true,1.146390,0.739523,0.910287,0.471105
N20271009-S016,N20271009,2027-10-09T22:15:00Z,900,true,1.115439,0.746268,0.895429,0.487541
N20271009-S017,N20271009,2027-10-09T22:30:00Z,900,true,1.092321,0.740383,0.900853,0.479204
N20271009-S018,N20271009,2027-10-09T22:45:00Z,900,true,1.126317,0.734706,0.897584,0.489907
N20271009-S019,N20271009,2027-10-09T23:00:00Z,900,true,1.113785,0.730842,0.880745,0.472294
N20271009-S020,N20271009,2027-10-09T23:15:00Z,900,true,1.118398,0.737423,0.854193,0.442783
N20271009-S021,N20271009,2027-10-09T23:30:00Z,900,true,1.173518,0.744518,0.857701,0.479591
N20271009-S022,N20271009,2027-10-09T23:45:00Z,900,true,1.142158,0.751470,0.863575,0.476653
N20271009-S023,N20271009,2027-10-10T00:00:00Z,900,true,1.076792,0.734221,0.833295,0.486699
N20271009-S024,N20271009,2027-10-10T00:15:00Z,900,true,1.085485,0.733620,0.846930,0.474804
N20271009-S025,N20271009,2027-10-10T00:30:00Z,900,true,1.081534,0.740954,0.854216,0.472767
N20271009-S026,N20271009,2027-10-10T00:45:00Z,900,true,1.140782,0.735659,0.852490,0.466740
N20271009-S027,N20271009,2027-10-10T01:00:00Z,900,true,1.075786,0.726246,0.853543,0.468775
N20271009-S028,N20271009,2027-10-10T01:15:00Z,900,true,1.034894,0.722810,0.827601,0.490155
N20271009-S029,N20271009,2027-10-10T01:30:00Z,900,true,1.113071,0.733046,0.836341,0.459140
N20271009-S030,N20271009,2027-10-10T01:45:00Z,900,true,1.167193,0.717071,0.856600,0.471051
N20271009-S031,N20271009,2027-10-10T02:00:00Z,900,true,1.176939,0.702743,0.871658,0.452605
N20271009-S032,N20271009,2027-10-10T02:15:00Z,900,true,1.178428,0.721703,0.866637,0.443923
N20271009-S033,N20271009,2027-10-10T02:30:00Z,900,true,1.172394,0.717105,0.874421,0.477056
N20271010-S001,N20271010,2027-10-10T18:30:00Z,900,true,1.111796,0.625738,0.882805,0.483107
N20271010-S002,N20271010,2027-10-10T18:45:00Z,900,true,1.118520,0.639699,0.867895,0.486246
N20271010-S003,N20271010,2027-10-10T19:00:00Z,900,true,1.086376,0.648415,0.879072,0.466083
N20271010-S004,N20271010,2027-10-10T19:15:00Z,900,true,1.111737,0.645013,0.891822,0.458761
N20271010-S005,N20271010,2027-10-10T19:30:00Z,900,true,1.083055,0.661213,0.885346,0.448453
N20271010-S006,N20271010,2027-10-10T19:45:00Z,900,true,1.041348,0.681263,0.871671,0.448778
N20271010-S007,N20271010,2027-10-10T20:00:00Z,900,true,1.009456,0.671517,0.851719,0.448520
N20271010-S008,N20271010,2027-10-10T20:15:00Z,900,true,1.075564,0.681917,0.858914,0.465745
N20271010-S009,N20271010,2027-10-10T20:30:00Z,900,true,1.074592,0.666917,0.850950,0.450382
N20271010-S010,N20271010,2027-10-10T20:45:00Z,900,true,1.046781,0.655866,0.833626,0.461334
N20271010-S011,N20271010,2027-10-10T21:00:00Z,900,true,1.061829,0.660910,0.827030,0.462494
N20271010-S012,N20271010,2027-10-10T21:15:00Z,900,true,1.096899,0.658958,0.852846,0.487867
N20271010-S013,N20271010,2027-10-10T21:30:00Z,900,true,1.160690,0.666921,0.832586,0.461118
N20271010-S014,N20271010,2027-10-10T21:45:00Z,900,true,1.181410,0.655734,0.829362,0.471922
N20271010-S015,N20271010,2027-10-10T22:00:00Z,900,true,1.163591,0.652877,0.792381,0.477219
N20271010-S016,N20271010,2027-10-10T22:15:00Z,900,true,1.064202,0.655697,0.785565,0.482115
N20271010-S017,N20271010,2027-10-10T22:30:00Z,900,true,1.106732,0.657482,0.824478,0.468250
N20271010-S018,N20271010,2027-10-10T22:45:00Z,900,true,1.082993,0.654663,0.808526,0.479437
N20271010-S019,N20271010,2027-10-10T23:00:00Z,900,true,1.125451,0.649533,0.826848,0.475160
N20271010-S020,N20271010,2027-10-10T23:15:00Z,900,true,1.125027,0.647267,0.804286,0.453757
N20271010-S021,N20271010,2027-10-10T23:30:00Z,900,false,,,,
N20271010-S022,N20271010,2027-10-10T23:45:00Z,900,false,,,,
N20271010-S023,N20271010,2027-10-11T00:00:00Z,900,false,,,,
N20271010-S024,N20271010,2027-10-11T00:15:00Z,900,true,1.042234,0.658332,0.849627,0.488418
N20271010-S025,N20271010,2027-10-11T00:30:00Z,900,true,1.010866,0.648764,0.852814,0.480002
N20271010-S026,N20271010,2027-10-11T00:45:00Z,900,true,1.053974,0.658518,0.842009,0.458918
N20271010-S027,N20271010,2027-10-11T01:00:00Z,900,true,1.082027,0.674703,0.860463,0.474015
N20271010-S028,N20271010,2027-10-11T01:15:00Z,900,true,1.117478,0.675923,0.883915,0.475069
N20271010-S029,N20271010,2027-10-11T01:30:00Z,900,true,1.010987,0.681584,0.900163,0.475425
N20271010-S030,N20271010,2027-10-11T01:45:00Z,900,true,0.981948,0.679480,0.885347,0.467104
N20271010-S031,N20271010,2027-10-11T02:00:00Z,900,true,1.060457,0.661546,0.911858,0.486496
N20271010-S032,N20271010,2027-10-11T02:15:00Z,900,true,1.143534,0.666324,0.903965,0.451744
N20271011-S001,N20271011,2027-10-11T18:30:00Z,900,true,1.008273,0.623876,0.754137,0.486460
N20271011-S002,N20271011,2027-10-11T18:45:00Z,900,true,1.049977,0.632070,0.748230,0.459916
N20271011-S003,N20271011,2027-10-11T19:00:00Z,900,true,1.068986,0.641758,0.735219,0.467144
N20271011-S004,N20271011,2027-10-11T19:15:00Z,900,true,1.049158,0.651299,0.732437,0.484381
N20271011-S005,N20271011,2027-10-11T19:30:00Z,900,true,1.042336,0.667422,0.734457,0.475322
N20271011-S006,N20271011,2027-10-11T19:45:00Z,900,true,1.103420,0.656883,0.713907,0.456108
N20271011-S007,N20271011,2027-10-11T20:00:00Z,900,true,1.055844,0.663384,0.736009,0.456712
N20271011-S008,N20271011,2027-10-11T20:15:00Z,900,true,1.033084,0.659080,0.748899,0.488275
N20271011-S009,N20271011,2027-10-11T20:30:00Z,900,true,1.007787,0.665395,0.729283,0.450622
N20271011-S010,N20271011,2027-10-11T20:45:00Z,900,true,1.035233,0.647378,0.724341,0.466769
N20271011-S011,N20271011,2027-10-11T21:00:00Z,900,true,1.089579,0.652996,0.729663,0.465045
N20271011-S012,N20271011,2027-10-11T21:15:00Z,900,true,1.093315,0.648232,0.726048,0.480287
N20271011-S013,N20271011,2027-10-11T21:30:00Z,900,true,1.109408,0.646403,0.716109,0.484730
N20271011-S014,N20271011,2027-10-11T21:45:00Z,900,true,1.162337,0.650744,0.751370,0.447087
N20271011-S015,N20271011,2027-10-11T22:00:00Z,900,true,1.193064,0.641389,0.775996,0.483248
N20271011-S016,N20271011,2027-10-11T22:15:00Z,900,true,1.181372,0.642338,0.753514,0.472202
N20271011-S017,N20271011,2027-10-11T22:30:00Z,900,true,1.162132,0.662459,0.758430,0.458126
N20271011-S018,N20271011,2027-10-11T22:45:00Z,900,true,1.165232,0.640367,0.764763,0.454569
N20271011-S019,N20271011,2027-10-11T23:00:00Z,900,true,1.136497,0.626371,0.727671,0.454847
N20271011-S020,N20271011,2027-10-11T23:15:00Z,900,true,1.113135,0.650722,0.742126,0.475466
N20271011-S021,N20271011,2027-10-11T23:30:00Z,900,true,1.074227,0.640941,0.762645,0.471617
N20271011-S022,N20271011,2027-10-11T23:45:00Z,900,true,1.009626,0.636056,0.785017,0.488111
N20271011-S023,N20271011,2027-10-12T00:00:00Z,900,true,0.983551,0.635790,0.773002,0.441971
N20271011-S024,N20271011,2027-10-12T00:15:00Z,900,true,1.014201,0.628162,0.770781,0.470941
N20271011-S025,N20271011,2027-10-12T00:30:00Z,900,true,0.935771,0.619922,0.765356,0.445378
N20271011-S026,N20271011,2027-10-12T00:45:00Z,900,true,0.924218,0.631868,0.764455,0.447263
N20271011-S027,N20271011,2027-10-12T01:00:00Z,900,true,0.884899,0.636172,0.766966,0.453808
N20271011-S028,N20271011,2027-10-12T01:15:00Z,900,true,0.909152,0.642662,0.796340,0.457032
N20271011-S029,N20271011,2027-10-12T01:30:00Z,900,true,0.948600,0.658520,0.788892,0.469240
N20271011-S030,N20271011,2027-10-12T01:45:00Z,900,true,0.944009,0.655913,0.764808,0.481517
N20271011-S031,N20271011,2027-10-12T02:00:00Z,900,true,0.925330,0.648076,0.763965,0.484464
N20271011-S032,N20271011,2027-10-12T02:15:00Z,900,true,0.927812,0.643926,0.771308,0.456045
N20271012-S001,N20271012,2027-10-12T18:30:00Z,900,true,1.246482,0.664852,0.785905,0.449620
N20271012-S002,N20271012,2027-10-12T18:45:00Z,900,true,1.229660,0.673906,0.800105,0.460180
N20271012-S003,N20271012,2027-10-12T19:00:00Z,900,true,1.225660,0.665429,0.790646,0.464907
N20271012-S004,N20271012,2027-10-12T19:15:00Z,900,true,1.219592,0.682375,0.792044,0.480866
N20271012-S005,N20271012,2027-10-12T19:30:00Z,900,true,1.216900,0.676265,0.791522,0.460568
N20271012-S006,N20271012,2027-10-12T19:45:00Z,900,true,1.209644,0.677971,0.781549,0.455106
N20271012-S007,N20271012,2027-10-12T20:00:00Z,900,true,1.200301,0.699200,0.763544,0.468067
N20271012-S008,N20271012,2027-10-12T20:15:00Z,900,true,1.198402,0.686364,0.765178,0.457219
N20271012-S009,N20271012,2027-10-12T20:30:00Z,900,true,1.182787,0.670596,0.744365,0.452897
N20271012-S010,N20271012,2027-10-12T20:45:00Z,900,true,1.192588,0.666197,0.732803,0.442681
N20271012-S011,N20271012,2027-10-12T21:00:00Z,900,true,1.131508,0.670221,0.760603,0.468856
N20271012-S012,N20271012,2027-10-12T21:15:00Z,900,true,1.175304,0.677555,0.767730,0.486199
N20271012-S013,N20271012,2027-10-12T21:30:00Z,900,true,1.262548,0.672666,0.807560,0.481471
N20271012-S014,N20271012,2027-10-12T21:45:00Z,900,true,1.280615,0.668151,0.832422,0.477140
N20271012-S015,N20271012,2027-10-12T22:00:00Z,900,true,1.314171,0.684903,0.832595,0.444547
N20271012-S016,N20271012,2027-10-12T22:15:00Z,900,true,1.286197,0.671190,0.827023,0.446196
N20271012-S017,N20271012,2027-10-12T22:30:00Z,900,true,1.291378,0.677024,0.824398,0.448454
N20271012-S018,N20271012,2027-10-12T22:45:00Z,900,true,1.285618,0.677283,0.827252,0.455168
N20271012-S019,N20271012,2027-10-12T23:00:00Z,900,true,1.250675,0.698240,0.844075,0.462037
N20271012-S020,N20271012,2027-10-12T23:15:00Z,900,true,1.177652,0.712955,0.839705,0.467467
N20271012-S021,N20271012,2027-10-12T23:30:00Z,900,true,1.202072,0.716584,0.842093,0.486342
N20271012-S022,N20271012,2027-10-12T23:45:00Z,900,true,1.207102,0.711607,0.839683,0.457498
N20271012-S023,N20271012,2027-10-13T00:00:00Z,900,true,1.194430,0.683550,0.835716,0.464437
N20271012-S024,N20271012,2027-10-13T00:15:00Z,900,true,1.139253,0.676811,0.826643,0.481555
N20271012-S025,N20271012,2027-10-13T00:30:00Z,900,true,1.132380,0.694866,0.804509,0.443567
N20271012-S026,N20271012,2027-10-13T00:45:00Z,900,true,1.124649,0.696117,0.787261,0.466601
N20271012-S027,N20271012,2027-10-13T01:00:00Z,900,true,1.123343,0.676382,0.763019,0.478561
N20271012-S028,N20271012,2027-10-13T01:15:00Z,900,true,1.159527,0.674897,0.782761,0.489242
N20271012-S029,N20271012,2027-10-13T01:30:00Z,900,true,1.113871,0.670645,0.811299,0.454477
N20271012-S030,N20271012,2027-10-13T01:45:00Z,900,true,1.116796,0.656428,0.789252,0.451297
N20271012-S031,N20271012,2027-10-13T02:00:00Z,900,true,1.121466,0.669465,0.794322,0.464865
N20271012-S032,N20271012,2027-10-13T02:15:00Z,900,true,1.125069,0.670025,0.793499,0.461819
N20271013-S001,N20271013,2027-10-13T18:30:00Z,900,true,1.243064,0.697295,0.695343,0.452687
N20271013-S002,N20271013,2027-10-13T18:45:00Z,900,true,1.261916,0.700825,0.690012,0.471656
N20271013-S003,N20271013,2027-10-13T19:00:00Z,900,true,1.259885,0.717075,0.662196,0.453395
N20271013-S004,N20271013,2027-10-13T19:15:00Z,900,true,1.254398,0.714502,0.670067,0.466267
N20271013-S005,N20271013,2027-10-13T19:30:00Z,900,true,1.227299,0.693547,0.706800,0.468532
N20271013-S006,N20271013,2027-10-13T19:45:00Z,900,true,1.300066,0.711169,0.695052,0.484951
N20271013-S007,N20271013,2027-10-13T20:00:00Z,900,true,1.287169,0.720492,0.676493,0.455351
N20271013-S008,N20271013,2027-10-13T20:15:00Z,900,true,1.275692,0.721629,0.682397,0.459854
N20271013-S009,N20271013,2027-10-13T20:30:00Z,900,true,1.278083,0.726468,0.661575,0.453397
N20271013-S010,N20271013,2027-10-13T20:45:00Z,900,true,1.260305,0.719252,0.686422,0.490019
N20271013-S011,N20271013,2027-10-13T21:00:00Z,900,true,1.269059,0.716236,0.679424,0.478524
N20271013-S012,N20271013,2027-10-13T21:15:00Z,900,true,1.283501,0.714444,0.682443,0.471057
N20271013-S013,N20271013,2027-10-13T21:30:00Z,900,true,1.294970,0.720600,0.650169,0.485186
N20271013-S014,N20271013,2027-10-13T21:45:00Z,900,true,1.271232,0.708115,0.653861,0.480559
N20271013-S015,N20271013,2027-10-13T22:00:00Z,900,true,1.250705,0.712987,0.651810,0.469102
N20271013-S016,N20271013,2027-10-13T22:15:00Z,900,true,1.292228,0.698371,0.647167,0.464363
N20271013-S017,N20271013,2027-10-13T22:30:00Z,900,true,1.301138,0.709147,0.645091,0.451521
N20271013-S018,N20271013,2027-10-13T22:45:00Z,900,true,1.279817,0.702529,0.628034,0.453626
N20271013-S019,N20271013,2027-10-13T23:00:00Z,900,true,1.186166,0.711056,0.627610,0.457616
N20271013-S020,N20271013,2027-10-13T23:15:00Z,900,true,1.161005,0.708940,0.633120,0.444559
N20271013-S021,N20271013,2027-10-13T23:30:00Z,900,true,1.197460,0.710836,0.624966,0.449655
N20271013-S022,N20271013,2027-10-13T23:45:00Z,900,true,1.144381,0.699589,0.613075,0.448118
N20271013-S023,N20271013,2027-10-14T00:00:00Z,900,true,1.150537,0.706483,0.625409,0.460173
N20271013-S024,N20271013,2027-10-14T00:15:00Z,900,true,1.160627,0.705847,0.657171,0.478587
N20271013-S025,N20271013,2027-10-14T00:30:00Z,900,true,1.120997,0.709605,0.659950,0.463359
N20271013-S026,N20271013,2027-10-14T00:45:00Z,900,true,1.143584,0.694540,0.664751,0.479774
N20271013-S027,N20271013,2027-10-14T01:00:00Z,900,true,1.081436,0.686878,0.684336,0.466639
N20271013-S028,N20271013,2027-10-14T01:15:00Z,900,true,1.086936,0.674510,0.711023,0.489165
N20271013-S029,N20271013,2027-10-14T01:30:00Z,900,true,1.136001,0.660905,0.725282,0.470595
N20271013-S030,N20271013,2027-10-14T01:45:00Z,900,true,1.139040,0.674148,0.725597,0.444824
N20271013-S031,N20271013,2027-10-14T02:00:00Z,900,true,1.150815,0.671538,0.723989,0.459685
N20271013-S032,N20271013,2027-10-14T02:15:00Z,900,true,1.178191,0.689235,0.722834,0.458232
N20271014-S001,N20271014,2027-10-14T18:30:00Z,900,true,1.150066,0.764095,0.808143,0.463143
N20271014-S002,N20271014,2027-10-14T18:45:00Z,900,true,1.210828,0.763133,0.811923,0.453627
N20271014-S003,N20271014,2027-10-14T19:00:00Z,900,true,1.218876,0.758925,0.769035,0.463796
N20271014-S004,N20271014,2027-10-14T19:15:00Z,900,true,1.227521,0.767325,0.784252,0.482073
N20271014-S005,N20271014,2027-10-14T19:30:00Z,900,true,1.170776,0.758604,0.772012,0.465290
N20271014-S006,N20271014,2027-10-14T19:45:00Z,900,true,1.178490,0.756954,0.780727,0.442441
N20271014-S007,N20271014,2027-10-14T20:00:00Z,900,true,1.184793,0.764017,0.775038,0.442532
N20271014-S008,N20271014,2027-10-14T20:15:00Z,900,true,1.206805,0.760846,0.788302,0.450243
N20271014-S009,N20271014,2027-10-14T20:30:00Z,900,true,1.175407,0.777246,0.807131,0.451787
N20271014-S010,N20271014,2027-10-14T20:45:00Z,900,true,1.185547,0.772852,0.825285,0.481512
N20271014-S011,N20271014,2027-10-14T21:00:00Z,900,true,1.170718,0.782618,0.816727,0.474826
N20271014-S012,N20271014,2027-10-14T21:15:00Z,900,true,1.196017,0.780044,0.806851,0.468601
N20271014-S013,N20271014,2027-10-14T21:30:00Z,900,true,1.216141,0.774784,0.764174,0.482968
N20271014-S014,N20271014,2027-10-14T21:45:00Z,900,true,1.210749,0.762507,0.752576,0.483516
N20271014-S015,N20271014,2027-10-14T22:00:00Z,900,true,1.202882,0.766590,0.757756,0.481252
N20271014-S016,N20271014,2027-10-14T22:15:00Z,900,true,1.211920,0.766245,0.754347,0.463986
N20271014-S017,N20271014,2027-10-14T22:30:00Z,900,true,1.259934,0.763636,0.745320,0.470063
N20271014-S018,N20271014,2027-10-14T22:45:00Z,900,true,1.232463,0.761981,0.731706,0.442034
N20271014-S019,N20271014,2027-10-14T23:00:00Z,900,true,1.258361,0.774576,0.762692,0.465241
N20271014-S020,N20271014,2027-10-14T23:15:00Z,900,true,1.233960,0.762708,0.764086,0.479676
N20271014-S021,N20271014,2027-10-14T23:30:00Z,900,true,1.278001,0.771030,0.765504,0.454385
N20271014-S022,N20271014,2027-10-14T23:45:00Z,900,true,1.291155,0.770289,0.777018,0.488629
N20271014-S023,N20271014,2027-10-15T00:00:00Z,900,true,1.303007,0.774916,0.810507,0.477791
N20271014-S024,N20271014,2027-10-15T00:15:00Z,900,true,1.279481,0.790229,0.805218,0.455667
N20271014-S025,N20271014,2027-10-15T00:30:00Z,900,true,1.240864,0.790513,0.810899,0.450991
N20271014-S026,N20271014,2027-10-15T00:45:00Z,900,true,1.225188,0.784624,0.783926,0.450209
N20271014-S027,N20271014,2027-10-15T01:00:00Z,900,true,1.219962,0.767510,0.812732,0.485311
N20271014-S028,N20271014,2027-10-15T01:15:00Z,900,true,1.230370,0.750793,0.794113,0.489792
N20271014-S029,N20271014,2027-10-15T01:30:00Z,900,true,1.216797,0.749791,0.820353,0.480662
N20271014-S030,N20271014,2027-10-15T01:45:00Z,900,true,1.205574,0.752625,0.823985,0.464781
N20271014-S031,N20271014,2027-10-15T02:00:00Z,900,true,1.260630,0.769036,0.821768,0.464199
N20271014-S032,N20271014,2027-10-15T02:15:00Z,900,true,1.297669,0.764989,0.815117,0.467132
N20271015-S001,N20271015,2027-10-15T18:30:00Z,900,true,1.072697,0.768689,0.807527,0.456207
N20271015-S002,N20271015,2027-10-15T18:45:00Z,900,true,1.031991,0.785104,0.785720,0.479601
N20271015-S003,N20271015,2027-10-15T19:00:00Z,900,true,1.055845,0.795050,0.786550,0.452975
N20271015-S004,N20271015,2027-10-15T19:15:00Z,900,true,1.038893,0.792924,0.799359,0.489658
N20271015-S005,N20271015,2027-10-15T19:30:00Z,900,true,1.048310,0.797218,0.814079,0.472778
N20271015-S006,N20271015,2027-10-15T19:45:00Z,900,true,1.074034,0.805642,0.837336,0.461699
N20271015-S007,N20271015,2027-10-15T20:00:00Z,900,true,1.086368,0.814905,0.822718,0.485883
N20271015-S008,N20271015,2027-10-15T20:15:00Z,900,true,1.058517,0.801748,0.817667,0.489960
N20271015-S009,N20271015,2027-10-15T20:30:00Z,900,true,1.010653,0.810043,0.808014,0.486146
N20271015-S010,N20271015,2027-10-15T20:45:00Z,900,true,0.987901,0.802291,0.820011,0.460603
N20271015-S011,N20271015,2027-10-15T21:00:00Z,900,true,1.019773,0.788529,0.842082,0.454953
N20271015-S012,N20271015,2027-10-15T21:15:00Z,900,true,1.026418,0.794056,0.810742,0.469969
N20271015-S013,N20271015,2027-10-15T21:30:00Z,900,true,1.090829,0.795124,0.825213,0.449124
N20271015-S014,N20271015,2027-10-15T21:45:00Z,900,true,1.090122,0.744997,0.811640,0.443103
N20271015-S015,N20271015,2027-10-15T22:00:00Z,900,true,1.124546,0.740195,0.825663,0.471172
N20271015-S016,N20271015,2027-10-15T22:15:00Z,900,true,1.120486,0.729424,0.844984,0.472753
N20271015-S017,N20271015,2027-10-15T22:30:00Z,900,true,1.113540,0.718790,0.872276,0.443079
N20271015-S018,N20271015,2027-10-15T22:45:00Z,900,true,1.113442,0.714758,0.870309,0.447697
N20271015-S019,N20271015,2027-10-15T23:00:00Z,900,true,1.093382,0.717921,0.845059,0.483944
N20271015-S020,N20271015,2027-10-15T23:15:00Z,900,true,1.108816,0.729450,0.831808,0.461420
N20271015-S021,N20271015,2027-10-15T23:30:00Z,900,true,1.023148,0.711352,0.869396,0.479486
N20271015-S022,N20271015,2027-10-15T23:45:00Z,900,true,1.015350,0.723789,0.864955,0.476758
N20271015-S023,N20271015,2027-10-16T00:00:00Z,900,true,1.068076,0.723513,0.832069,0.468575
N20271015-S024,N20271015,2027-10-16T00:15:00Z,900,true,1.143471,0.728070,0.840038,0.486812
N20271015-S025,N20271015,2027-10-16T00:30:00Z,900,true,1.145220,0.711314,0.861875,0.446311
N20271015-S026,N20271015,2027-10-16T00:45:00Z,900,true,1.138382,0.717360,0.871078,0.479679
N20271015-S027,N20271015,2027-10-16T01:00:00Z,900,true,1.231775,0.713933,0.846156,0.489653
N20271015-S028,N20271015,2027-10-16T01:15:00Z,900,true,1.268497,0.720117,0.844491,0.475838
N20271015-S029,N20271015,2027-10-16T01:30:00Z,900,true,1.232197,0.708848,0.833167,0.485222
N20271015-S030,N20271015,2027-10-16T01:45:00Z,900,true,1.225690,0.722053,0.837596,0.461936
N20271015-S031,N20271015,2027-10-16T02:00:00Z,900,true,1.243164,0.704860,0.839248,0.461396
N20271015-S032,N20271015,2027-10-16T02:15:00Z,900,true,1.196806,0.705390,0.844161,0.472895
N20271016-S001,N20271016,2027-10-16T18:30:00Z,900,true,1.151159,0.716616,0.761616,0.453949
N20271016-S002,N20271016,2027-10-16T18:45:00Z,900,true,1.187030,0.717162,0.768215,0.468387
N20271016-S003,N20271016,2027-10-16T19:00:00Z,900,true,1.180101,0.709059,0.767738,0.484438
N20271016-S004,N20271016,2027-10-16T19:15:00Z,900,true,1.132532,0.711004,0.755080,0.460532
N20271016-S005,N20271016,2027-10-16T19:30:00Z,900,true,1.121813,0.693078,0.758869,0.471323
N20271016-S006,N20271016,2027-10-16T19:45:00Z,900,true,1.034670,0.703272,0.763572,0.481146
N20271016-S007,N20271016,2027-10-16T20:00:00Z,900,true,1.009682,0.699159,0.749664,0.472987
N20271016-S008,N20271016,2027-10-16T20:15:00Z,900,true,1.071235,0.695845,0.783083,0.488960
N20271016-S009,N20271016,2027-10-16T20:30:00Z,900,true,1.024142,0.696963,0.755536,0.476224
N20271016-S010,N20271016,2027-10-16T20:45:00Z,900,true,1.031063,0.701463,0.762016,0.456878
N20271016-S011,N20271016,2027-10-16T21:00:00Z,900,true,1.019996,0.726874,0.787294,0.473600
N20271016-S012,N20271016,2027-10-16T21:15:00Z,900,true,0.985313,0.730147,0.759001,0.478942
N20271016-S013,N20271016,2027-10-16T21:30:00Z,900,true,1.028323,0.752121,0.770966,0.446732
N20271016-S014,N20271016,2027-10-16T21:45:00Z,900,true,1.063972,0.756244,0.779058,0.468222
N20271016-S015,N20271016,2027-10-16T22:00:00Z,900,true,1.104601,0.763708,0.789696,0.475138
N20271016-S016,N20271016,2027-10-16T22:15:00Z,900,true,1.117212,0.763650,0.797543,0.442679
N20271016-S017,N20271016,2027-10-16T22:30:00Z,900,true,1.163410,0.768629,0.781503,0.482996
N20271016-S018,N20271016,2027-10-16T22:45:00Z,900,false,,,,
N20271016-S019,N20271016,2027-10-16T23:00:00Z,900,false,,,,
N20271016-S020,N20271016,2027-10-16T23:15:00Z,900,false,,,,
N20271016-S021,N20271016,2027-10-16T23:30:00Z,900,false,,,,
N20271016-S022,N20271016,2027-10-16T23:45:00Z,900,false,,,,
N20271016-S023,N20271016,2027-10-17T00:00:00Z,900,false,,,,
N20271016-S024,N20271016,2027-10-17T00:15:00Z,900,false,,,,
N20271016-S025,N20271016,2027-10-17T00:30:00Z,900,false,,,,
N20271016-S026,N20271016,2027-10-17T00:45:00Z,900,false,,,,
N20271016-S027,N20271016,2027-10-17T01:00:00Z,900,false,,,,
N20271016-S028,N20271016,2027-10-17T01:15:00Z,900,false,,,,
N20271016-S029,N20271016,2027-10-17T01:30:00Z,900,false,,,,
N20271016-S030,N20271016,2027-10-17T01:45:00Z,900,false,,,,
N20271016-S031,N20271016,2027-10-17T02:00:00Z,900,false,,,,
N20271016-S032,N20271016,2027-10-17T02:15:00Z,900,false,,,,
N20271017-S001,N20271017,2027-10-17T18:30:00Z,900,false,,,,
N20271017-S002,N20271017,2027-10-17T18:45:00Z,900,false,,,,
N20271017-S003,N20271017,2027-10-17T19:00:00Z,900,false,,,,
N20271017-S004,N20271017,2027-10-17T19:15:00Z,900,true,1.192200,0.736125,0.759154,0.462345
N20271017-S005,N20271017,2027-10-17T19:30:00Z,900,true,1.154263,0.723266,0.791726,0.470388
N20271017-S006,N20271017,2027-10-17T19:45:00Z,900,true,1.214662,0.738880,0.820705,0.459602
N20271017-S007,N20271017,2027-10-17T20:00:00Z,900,true,1.203508,0.728185,0.824037,0.456797
N20271017-S008,N20271017,2027-10-17T20:15:00Z,900,true,1.183560,0.759548,0.821384,0.483556
N20271017-S009,N20271017,2027-10-17T20:30:00Z,900,true,1.205746,0.757573,0.812385,0.445143
N20271017-S010,N20271017,2027-10-17T20:45:00Z,900,true,1.215440,0.753699,0.838841,0.480798
N20271017-S011,N20271017,2027-10-17T21:00:00Z,900,true,1.238834,0.731580,0.834046,0.469250
N20271017-S012,N20271017,2027-10-17T21:15:00Z,900,true,1.305133,0.750175,0.830070,0.470484
N20271017-S013,N20271017,2027-10-17T21:30:00Z,900,true,1.296780,0.754600,0.827264,0.446430
N20271017-S014,N20271017,2027-10-17T21:45:00Z,900,true,1.307774,0.775489,0.796199,0.454790
N20271017-S015,N20271017,2027-10-17T22:00:00Z,900,true,1.321629,0.762916,0.781481,0.475428
N20271017-S016,N20271017,2027-10-17T22:15:00Z,900,true,1.237640,0.772236,0.789255,0.476472
N20271017-S017,N20271017,2027-10-17T22:30:00Z,900,true,1.221801,0.787989,0.793867,0.489992
N20271017-S018,N20271017,2027-10-17T22:45:00Z,900,true,1.179610,0.775530,0.809935,0.474738
N20271017-S019,N20271017,2027-10-17T23:00:00Z,900,true,1.159357,0.753679,0.828507,0.448571
N20271017-S020,N20271017,2027-10-17T23:15:00Z,900,true,1.171272,0.745316,0.825140,0.458677
N20271017-S021,N20271017,2027-10-17T23:30:00Z,900,true,1.157341,0.734811,0.819110,0.445786
N20271017-S022,N20271017,2027-10-17T23:45:00Z,900,true,1.397595,0.449204,0.588759,0.458399
N20271017-S023,N20271017,2027-10-18T00:00:00Z,900,true,1.441822,0.450490,0.599283,0.478136
N20271017-S024,N20271017,2027-10-18T00:15:00Z,900,true,1.509593,0.451585,0.585325,0.442444
N20271017-S025,N20271017,2027-10-18T00:30:00Z,900,true,1.485818,0.453803,0.608017,0.485857
N20271017-S026,N20271017,2027-10-18T00:45:00Z,900,true,1.465374,0.452751,0.596465,0.477868
N20271017-S027,N20271017,2027-10-18T01:00:00Z,900,true,1.485630,0.446506,0.590693,0.451165
N20271017-S028,N20271017,2027-10-18T01:15:00Z,900,true,1.531499,0.431665,0.599278,0.487158
N20271017-S029,N20271017,2027-10-18T01:30:00Z,900,true,1.550265,0.440837,0.604090,0.476094
N20271017-S030,N20271017,2027-10-18T01:45:00Z,900,true,1.529821,0.447893,0.595406,0.468707
N20271017-S031,N20271017,2027-10-18T02:00:00Z,900,true,1.519526,0.446241,0.595772,0.455579
N20271017-S032,N20271017,2027-10-18T02:15:00Z,900,true,1.464170,0.435143,0.610718,0.443174
N20271018-S001,N20271018,2027-10-18T18:30:00Z,900,true,1.523103,0.463209,0.529991,0.473999
N20271018-S002,N20271018,2027-10-18T18:45:00Z,900,true,1.602390,0.458747,0.528046,0.474306
N20271018-S003,N20271018,2027-10-18T19:00:00Z,900,true,1.661307,0.463236,0.529649,0.488053
N20271018-S004,N20271018,2027-10-18T19:15:00Z,900,true,1.645412,0.459677,0.530134,0.450040
N20271018-S005,N20271018,2027-10-18T19:30:00Z,900,true,1.664903,0.445836,0.550892,0.490332
N20271018-S006,N20271018,2027-10-18T19:45:00Z,900,true,1.639332,0.438918,0.560498,0.444329
N20271018-S007,N20271018,2027-10-18T20:00:00Z,900,true,1.563681,0.429137,0.558117,0.443924
N20271018-S008,N20271018,2027-10-18T20:15:00Z,900,true,1.600441,0.420573,0.571425,0.468764
N20271018-S009,N20271018,2027-10-18T20:30:00Z,900,true,1.600768,0.418228,0.567058,0.488964
N20271018-S010,N20271018,2027-10-18T20:45:00Z,900,true,1.542872,0.415176,0.532040,0.466110
N20271018-S011,N20271018,2027-10-18T21:00:00Z,900,true,1.545584,0.407049,0.525545,0.445970
N20271018-S012,N20271018,2027-10-18T21:15:00Z,900,true,1.611294,0.422634,0.499301,0.447352
N20271018-S013,N20271018,2027-10-18T21:30:00Z,900,true,1.612004,0.426417,0.483025,0.471321
N20271018-S014,N20271018,2027-10-18T21:45:00Z,900,true,1.564820,0.434055,0.481794,0.463119
N20271018-S015,N20271018,2027-10-18T22:00:00Z,900,true,1.606989,0.428833,0.484974,0.448907
N20271018-S016,N20271018,2027-10-18T22:15:00Z,900,true,1.224177,0.721770,0.704768,0.458070
N20271018-S017,N20271018,2027-10-18T22:30:00Z,900,true,1.277369,0.721542,0.721643,0.481816
N20271018-S018,N20271018,2027-10-18T22:45:00Z,900,true,1.268225,0.720445,0.704468,0.454891
N20271018-S019,N20271018,2027-10-18T23:00:00Z,900,true,1.293384,0.709554,0.705114,0.471601
N20271018-S020,N20271018,2027-10-18T23:15:00Z,900,true,1.307370,0.708305,0.712276,0.463959
N20271018-S021,N20271018,2027-10-18T23:30:00Z,900,true,1.255333,0.706842,0.716454,0.468489
N20271018-S022,N20271018,2027-10-18T23:45:00Z,900,true,1.269592,0.712321,0.719135,0.468779
N20271018-S023,N20271018,2027-10-19T00:00:00Z,900,true,1.238685,0.713342,0.703693,0.472112
N20271018-S024,N20271018,2027-10-19T00:15:00Z,900,true,1.228937,0.699503,0.707722,0.474557
N20271018-S025,N20271018,2027-10-19T00:30:00Z,900,true,1.247865,0.717736,0.716487,0.488832
N20271018-S026,N20271018,2027-10-19T00:45:00Z,900,true,1.297533,0.727759,0.686852,0.444233
N20271018-S027,N20271018,2027-10-19T01:00:00Z,900,true,1.295901,0.737659,0.679863,0.445797
N20271018-S028,N20271018,2027-10-19T01:15:00Z,900,true,1.314528,0.732356,0.698036,0.444652
N20271018-S029,N20271018,2027-10-19T01:30:00Z,900,true,1.305605,0.735192,0.690313,0.462558
N20271018-S030,N20271018,2027-10-19T01:45:00Z,900,true,1.301008,0.731731,0.694903,0.455114
N20271018-S031,N20271018,2027-10-19T02:00:00Z,900,true,1.287803,0.731434,0.689885,0.458228
N20271018-S032,N20271018,2027-10-19T02:15:00Z,900,true,1.325107,0.722883,0.717430,0.466402
N20271019-S001,N20271019,2027-10-19T18:45:00Z,900,true,1.262280,0.748994,0.785662,0.464655
N20271019-S002,N20271019,2027-10-19T19:00:00Z,900,true,1.285499,0.755005,0.784537,0.479839
N20271019-S003,N20271019,2027-10-19T19:15:00Z,900,true,1.324148,0.747684,0.787877,0.446955
N20271019-S004,N20271019,2027-10-19T19:30:00Z,900,true,1.278645,0.762333,0.774979,0.444745
N20271019-S005,N20271019,2027-10-19T19:45:00Z,900,true,1.279453,0.773030,0.766542,0.442583
N20271019-S006,N20271019,2027-10-19T20:00:00Z,900,true,1.258480,0.767735,0.772713,0.460028
N20271019-S007,N20271019,2027-10-19T20:15:00Z,900,true,1.276622,0.752452,0.749344,0.479303
N20271019-S008,N20271019,2027-10-19T20:30:00Z,900,true,1.251687,0.757582,0.784280,0.488834
N20271019-S009,N20271019,2027-10-19T20:45:00Z,900,true,1.307840,0.763958,0.800657,0.466393
N20271019-S010,N20271019,2027-10-19T21:00:00Z,900,true,1.282019,0.752960,0.782188,0.487706
N20271019-S011,N20271019,2027-10-19T21:15:00Z,900,true,1.320620,0.755901,0.756420,0.452363
N20271019-S012,N20271019,2027-10-19T21:30:00Z,900,true,1.301619,0.760522,0.764991,0.465403
N20271019-S013,N20271019,2027-10-19T21:45:00Z,900,true,1.293780,0.754077,0.730760,0.470150
N20271019-S014,N20271019,2027-10-19T22:00:00Z,900,true,1.300218,0.730884,0.749310,0.480795
N20271019-S015,N20271019,2027-10-19T22:15:00Z,900,true,1.356340,0.743429,0.759717,0.464010
N20271019-S016,N20271019,2027-10-19T22:30:00Z,900,true,1.333500,0.751389,0.755277,0.483238
N20271019-S017,N20271019,2027-10-19T22:45:00Z,900,true,1.338720,0.742724,0.758656,0.459739
N20271019-S018,N20271019,2027-10-19T23:00:00Z,900,true,1.355729,0.727818,0.727029,0.442987
N20271019-S019,N20271019,2027-10-19T23:15:00Z,900,true,1.367220,0.748436,0.751688,0.442757
N20271019-S020,N20271019,2027-10-19T23:30:00Z,900,true,1.339167,0.759147,0.760456,0.473689
N20271019-S021,N20271019,2027-10-19T23:45:00Z,900,true,1.317097,0.760971,0.754647,0.457972
N20271019-S022,N20271019,2027-10-20T00:00:00Z,900,true,1.316188,0.778572,0.746344,0.455899
N20271019-S023,N20271019,2027-10-20T00:15:00Z,900,true,1.312351,0.786760,0.737212,0.473072
N20271019-S024,N20271019,2027-10-20T00:30:00Z,900,true,1.248903,0.785565,0.709927,0.454015
N20271019-S025,N20271019,2027-10-20T00:45:00Z,900,true,1.227083,0.806329,0.713416,0.459686
N20271019-S026,N20271019,2027-10-20T01:00:00Z,900,true,1.235539,0.807266,0.725672,0.457533
N20271019-S027,N20271019,2027-10-20T01:15:00Z,900,true,1.275385,0.802620,0.725366,0.455920
N20271019-S028,N20271019,2027-10-20T01:30:00Z,900,true,1.285634,0.776569,0.736003,0.484777
N20271019-S029,N20271019,2027-10-20T01:45:00Z,900,true,1.225108,0.772848,0.735466,0.446974
N20271019-S030,N20271019,2027-10-20T02:00:00Z,900,true,1.222257,0.774809,0.718947,0.460656
N20271019-S031,N20271019,2027-10-20T02:15:00Z,900,true,1.233871,0.778022,0.721893,0.459985
N20271020-S001,N20271020,2027-10-20T18:45:00Z,900,true,1.457792,0.785621,0.868707,0.484314
N20271020-S002,N20271020,2027-10-20T19:00:00Z,900,true,1.459125,0.799034,0.864914,0.487249
N20271020-S003,N20271020,2027-10-20T19:15:00Z,900,true,1.450940,0.808881,0.872448,0.479601
N20271020-S004,N20271020,2027-10-20T19:30:00Z,900,true,1.413453,0.809163,0.852400,0.463316
N20271020-S005,N20271020,2027-10-20T19:45:00Z,900,true,1.406202,0.803573,0.872404,0.486458
N20271020-S006,N20271020,2027-10-20T20:00:00Z,900,true,1.416254,0.792518,0.875488,0.444286
N20271020-S007,N20271020,2027-10-20T20:15:00Z,900,true,1.519994,0.796446,0.890454,0.476834
N20271020-S008,N20271020,2027-10-20T20:30:00Z,900,true,1.486271,0.802440,0.885788,0.486730
N20271020-S009,N20271020,2027-10-20T20:45:00Z,900,true,1.484195,0.773800,0.882272,0.446060
N20271020-S010,N20271020,2027-10-20T21:00:00Z,900,true,1.471027,0.761768,0.888013,0.452030
N20271020-S011,N20271020,2027-10-20T21:15:00Z,900,true,1.496891,0.758755,0.861680,0.467944
N20271020-S012,N20271020,2027-10-20T21:30:00Z,900,true,1.514341,0.766469,0.862637,0.476435
N20271020-S013,N20271020,2027-10-20T21:45:00Z,900,true,1.499345,0.782584,0.877153,0.454400
N20271020-S014,N20271020,2027-10-20T22:00:00Z,900,true,1.526562,0.772532,0.840425,0.487645
N20271020-S015,N20271020,2027-10-20T22:15:00Z,900,true,1.557775,0.788010,0.854882,0.453535
N20271020-S016,N20271020,2027-10-20T22:30:00Z,900,true,1.503037,0.784497,0.869377,0.489334
N20271020-S017,N20271020,2027-10-20T22:45:00Z,900,true,1.443451,0.773907,0.885761,0.475980
N20271020-S018,N20271020,2027-10-20T23:00:00Z,900,true,1.426892,0.770085,0.885155,0.459667
N20271020-S019,N20271020,2027-10-20T23:15:00Z,900,true,1.382864,0.762498,0.904851,0.479233
N20271020-S020,N20271020,2027-10-20T23:30:00Z,900,true,1.406624,0.761293,0.909286,0.468528
N20271020-S021,N20271020,2027-10-20T23:45:00Z,900,true,1.396535,0.766610,0.918767,0.462362
N20271020-S022,N20271020,2027-10-21T00:00:00Z,900,true,1.442554,0.761647,0.904577,0.447150
N20271020-S023,N20271020,2027-10-21T00:15:00Z,900,true,1.417507,0.774870,0.943765,0.481427
N20271020-S024,N20271020,2027-10-21T00:30:00Z,900,true,1.422368,0.773981,0.935523,0.481810
N20271020-S025,N20271020,2027-10-21T00:45:00Z,900,true,1.454833,0.778931,0.935111,0.469524
N20271020-S026,N20271020,2027-10-21T01:00:00Z,900,true,1.414521,0.771569,0.911151,0.452332
N20271020-S027,N20271020,2027-10-21T01:15:00Z,900,true,1.413679,0.760721,0.885987,0.463141
N20271020-S028,N20271020,2027-10-21T01:30:00Z,900,true,1.429430,0.756384,0.901545,0.451027
N20271020-S029,N20271020,2027-10-21T01:45:00Z,900,true,1.385957,0.752800,0.895761,0.469426
N20271020-S030,N20271020,2027-10-21T02:00:00Z,900,true,1.342445,0.748305,0.901342,0.450939
N20271021-S001,N20271021,2027-10-21T18:45:00Z,900,true,1.373204,0.751544,0.793595,0.475095
N20271021-S002,N20271021,2027-10-21T19:00:00Z,900,true,1.349118,0.745491,0.820937,0.476192
N20271021-S003,N20271021,2027-10-21T19:15:00Z,900,true,1.351839,0.751394,0.809722,0.455847
N20271021-S004,N20271021,2027-10-21T19:30:00Z,900,true,1.398405,0.758871,0.803758,0.473751
N20271021-S005,N20271021,2027-10-21T19:45:00Z,900,true,1.417286,0.756456,0.794367,0.486945
N20271021-S006,N20271021,2027-10-21T20:00:00Z,900,true,1.385075,0.763770,0.788528,0.474963
N20271021-S007,N20271021,2027-10-21T20:15:00Z,900,true,1.326731,0.746921,0.791220,0.483281
N20271021-S008,N20271021,2027-10-21T20:30:00Z,900,true,1.261226,0.742543,0.806111,0.478225
N20271021-S009,N20271021,2027-10-21T20:45:00Z,900,true,1.175817,0.762514,0.824901,0.456177
N20271021-S010,N20271021,2027-10-21T21:00:00Z,900,true,1.255306,0.782936,0.827404,0.446647
N20271021-S011,N20271021,2027-10-21T21:15:00Z,900,true,1.246203,0.778876,0.805687,0.455863
N20271021-S012,N20271021,2027-10-21T21:30:00Z,900,true,1.243613,0.783020,0.787460,0.476982
N20271021-S013,N20271021,2027-10-21T21:45:00Z,900,true,1.289190,0.775021,0.790955,0.447335
N20271021-S014,N20271021,2027-10-21T22:00:00Z,900,true,1.303749,0.776364,0.760408,0.468561
N20271021-S015,N20271021,2027-10-21T22:15:00Z,900,true,1.285607,0.767180,0.782534,0.463177
N20271021-S016,N20271021,2027-10-21T22:30:00Z,900,true,1.247012,0.764784,0.784917,0.464089
N20271021-S017,N20271021,2027-10-21T22:45:00Z,900,false,,,,
N20271021-S018,N20271021,2027-10-21T23:00:00Z,900,false,,,,
N20271021-S019,N20271021,2027-10-21T23:15:00Z,900,false,,,,
N20271021-S020,N20271021,2027-10-21T23:30:00Z,900,false,,,,
N20271021-S021,N20271021,2027-10-21T23:45:00Z,900,false,,,,
N20271021-S022,N20271021,2027-10-22T00:00:00Z,900,false,,,,
N20271021-S023,N20271021,2027-10-22T00:15:00Z,900,false,,,,
N20271021-S024,N20271021,2027-10-22T00:30:00Z,900,false,,,,
N20271021-S025,N20271021,2027-10-22T00:45:00Z,900,false,,,,
N20271021-S026,N20271021,2027-10-22T01:00:00Z,900,false,,,,
N20271021-S027,N20271021,2027-10-22T01:15:00Z,900,false,,,,
N20271021-S028,N20271021,2027-10-22T01:30:00Z,900,false,,,,
N20271021-S029,N20271021,2027-10-22T01:45:00Z,900,false,,,,
N20271021-S030,N20271021,2027-10-22T02:00:00Z,900,false,,,,
N20271022-S001,N20271022,2027-10-22T18:45:00Z,900,false,,,,
N20271022-S002,N20271022,2027-10-22T19:00:00Z,900,false,,,,
N20271022-S003,N20271022,2027-10-22T19:15:00Z,900,false,,,,
N20271022-S004,N20271022,2027-10-22T19:30:00Z,900,false,,,,
N20271022-S005,N20271022,2027-10-22T19:45:00Z,900,false,,,,
N20271022-S006,N20271022,2027-10-22T20:00:00Z,900,false,,,,
N20271022-S007,N20271022,2027-10-22T20:15:00Z,900,false,,,,
N20271022-S008,N20271022,2027-10-22T20:30:00Z,900,false,,,,
N20271022-S009,N20271022,2027-10-22T20:45:00Z,900,false,,,,
N20271022-S010,N20271022,2027-10-22T21:00:00Z,900,false,,,,
N20271022-S011,N20271022,2027-10-22T21:15:00Z,900,true,1.211513,0.748985,0.884871,0.470537
N20271022-S012,N20271022,2027-10-22T21:30:00Z,900,true,1.223523,0.744057,0.884029,0.455202
N20271022-S013,N20271022,2027-10-22T21:45:00Z,900,true,1.220346,0.762762,0.891994,0.455701
N20271022-S014,N20271022,2027-10-22T22:00:00Z,900,true,1.197908,0.749754,0.905846,0.463295
N20271022-S015,N20271022,2027-10-22T22:15:00Z,900,true,1.240419,0.755371,0.902432,0.447919
N20271022-S016,N20271022,2027-10-22T22:30:00Z,900,true,1.233810,0.778148,0.872928,0.473353
N20271022-S017,N20271022,2027-10-22T22:45:00Z,900,true,1.255116,0.784730,0.868366,0.458185
N20271022-S018,N20271022,2027-10-22T23:00:00Z,900,true,1.222094,0.784988,0.868511,0.460127
N20271022-S019,N20271022,2027-10-22T23:15:00Z,900,true,1.240098,0.777532,0.900675,0.480935
N20271022-S020,N20271022,2027-10-22T23:30:00Z,900,true,1.197797,0.763943,0.902518,0.481413
N20271022-S021,N20271022,2027-10-22T23:45:00Z,900,true,1.170873,0.762280,0.908975,0.471427
N20271022-S022,N20271022,2027-10-23T00:00:00Z,900,true,1.162552,0.771082,0.895924,0.481388
N20271022-S023,N20271022,2027-10-23T00:15:00Z,900,true,1.175987,0.769636,0.915136,0.469638
N20271022-S024,N20271022,2027-10-23T00:30:00Z,900,true,1.203518,0.766537,0.893117,0.444991
N20271022-S025,N20271022,2027-10-23T00:45:00Z,900,true,1.149589,0.778400,0.869892,0.478372
N20271022-S026,N20271022,2027-10-23T01:00:00Z,900,true,1.165727,0.789213,0.851393,0.459686
N20271022-S027,N20271022,2027-10-23T01:15:00Z,900,true,1.186824,0.796454,0.825134,0.487510
N20271022-S028,N20271022,2027-10-23T01:30:00Z,900,true,1.234230,0.789777,0.853797,0.445284
N20271022-S029,N20271022,2027-10-23T01:45:00Z,900,true,1.266356,0.793943,0.845421,0.478367
N20271022-S030,N20271022,2027-10-23T02:00:00Z,900,true,1.252094,0.792352,0.853959,0.444050
N20271023-S001,N20271023,2027-10-23T18:45:00Z,900,true,1.293746,0.796210,0.944006,0.471543
N20271023-S002,N20271023,2027-10-23T19:00:00Z,900,true,1.338136,0.807894,0.914318,0.484485
N20271023-S003,N20271023,2027-10-23T19:15:00Z,900,true,1.345400,0.793756,0.888821,0.465092
N20271023-S004,N20271023,2027-10-23T19:30:00Z,900,true,1.315950,0.809306,0.902252,0.484155
N20271023-S005,N20271023,2027-10-23T19:45:00Z,900,true,1.261573,0.791194,0.874166,0.466965
N20271023-S006,N20271023,2027-10-23T20:00:00Z,900,true,1.233155,0.787994,0.887070,0.446437
N20271023-S007,N20271023,2027-10-23T20:15:00Z,900,true,1.194716,0.793477,0.868381,0.475709
N20271023-S008,N20271023,2027-10-23T20:30:00Z,900,true,1.203896,0.785026,0.867540,0.462564
N20271023-S009,N20271023,2027-10-23T20:45:00Z,900,true,1.253047,0.789356,0.864487,0.445111
N20271023-S010,N20271023,2027-10-23T21:00:00Z,900,true,1.253766,0.813401,0.896920,0.457745
N20271023-S011,N20271023,2027-10-23T21:15:00Z,900,true,1.295663,0.805851,0.896464,0.456785
N20271023-S012,N20271023,2027-10-23T21:30:00Z,900,true,1.309015,0.797589,0.910078,0.449426
N20271023-S013,N20271023,2027-10-23T21:45:00Z,900,true,1.302107,0.810412,0.927133,0.482590
N20271023-S014,N20271023,2027-10-23T22:00:00Z,900,true,1.307262,0.798489,0.935797,0.457630
N20271023-S015,N20271023,2027-10-23T22:15:00Z,900,true,1.305680,0.808839,0.913106,0.447214
N20271023-S016,N20271023,2027-10-23T22:30:00Z,900,true,1.213909,0.811112,0.898135,0.478056
N20271023-S017,N20271023,2027-10-23T22:45:00Z,900,true,1.208483,0.816832,0.917324,0.465647
N20271023-S018,N20271023,2027-10-23T23:00:00Z,900,true,1.206651,0.784678,0.947423,0.467062
N20271023-S019,N20271023,2027-10-23T23:15:00Z,900,true,1.228229,0.779000,0.939164,0.490075
N20271023-S020,N20271023,2027-10-23T23:30:00Z,900,true,1.271513,0.781321,0.915194,0.488840
N20271023-S021,N20271023,2027-10-23T23:45:00Z,900,true,1.277444,0.774674,0.894419,0.466955
N20271023-S022,N20271023,2027-10-24T00:00:00Z,900,true,1.258832,0.764893,0.856899,0.464468
N20271023-S023,N20271023,2027-10-24T00:15:00Z,900,true,1.303606,0.780336,0.888531,0.454052
N20271023-S024,N20271023,2027-10-24T00:30:00Z,900,true,1.339646,0.787351,0.890991,0.451805
N20271023-S025,N20271023,2027-10-24T00:45:00Z,900,true,1.354244,0.768414,0.922585,0.451583
N20271023-S026,N20271023,2027-10-24T01:00:00Z,900,true,1.325487,0.772249,0.902862,0.446575
N20271023-S027,N20271023,2027-10-24T01:15:00Z,900,true,1.343600,0.765782,0.947194,0.477343
N20271023-S028,N20271023,2027-10-24T01:30:00Z,900,true,1.353179,0.772130,0.950716,0.461015
N20271023-S029,N20271023,2027-10-24T01:45:00Z,900,true,1.356848,0.775970,0.936387,0.462191
N20271023-S030,N20271023,2027-10-24T02:00:00Z,900,true,1.327814,0.780751,0.932806,0.472705
N20271024-S001,N20271024,2027-10-24T18:45:00Z,900,true,1.123439,0.778438,0.922336,0.490522
N20271024-S002,N20271024,2027-10-24T19:00:00Z,900,true,1.162887,0.777026,0.944755,0.486370
N20271024-S003,N20271024,2027-10-24T19:15:00Z,900,true,1.142152,0.799741,0.914133,0.447400
N20271024-S004,N20271024,2027-10-24T19:30:00Z,900,true,1.048987,0.802500,0.909423,0.472033
N20271024-S005,N20271024,2027-10-24T19:45:00Z,900,true,1.068393,0.815190,0.912189,0.461200
N20271024-S006,N20271024,2027-10-24T20:00:00Z,900,true,1.074718,0.795124,0.921431,0.467980
N20271024-S007,N20271024,2027-10-24T20:15:00Z,900,true,1.093022,0.800290,0.926999,0.473062
N20271024-S008,N20271024,2027-10-24T20:30:00Z,900,false,,,,
N20271024-S009,N20271024,2027-10-24T20:45:00Z,900,false,,,,
N20271024-S010,N20271024,2027-10-24T21:00:00Z,900,true,1.119743,0.783752,0.936438,0.472249
N20271024-S011,N20271024,2027-10-24T21:15:00Z,900,true,1.148352,0.791532,0.938031,0.489148
N20271024-S012,N20271024,2027-10-24T21:30:00Z,900,true,1.154076,0.796254,0.940070,0.490020
N20271024-S013,N20271024,2027-10-24T21:45:00Z,900,true,1.107708,0.784940,0.941084,0.449288
N20271024-S014,N20271024,2027-10-24T22:00:00Z,900,true,1.157345,0.780338,0.941319,0.470691
N20271024-S015,N20271024,2027-10-24T22:15:00Z,900,true,1.139792,0.776471,0.919125,0.458071
N20271024-S016,N20271024,2027-10-24T22:30:00Z,900,true,1.164391,0.785483,0.932528,0.472641
N20271024-S017,N20271024,2027-10-24T22:45:00Z,900,true,1.145071,0.773932,0.914939,0.443090
N20271024-S018,N20271024,2027-10-24T23:00:00Z,900,true,1.139845,0.781220,0.917237,0.443408
N20271024-S019,N20271024,2027-10-24T23:15:00Z,900,true,1.117284,0.791480,0.924574,0.466586
N20271024-S020,N20271024,2027-10-24T23:30:00Z,900,true,1.155760,0.792837,0.939675,0.475222
N20271024-S021,N20271024,2027-10-24T23:45:00Z,900,true,1.152084,0.782166,0.946673,0.476164
N20271024-S022,N20271024,2027-10-25T00:00:00Z,900,true,1.179750,0.755119,0.937552,0.490357
N20271024-S023,N20271024,2027-10-25T00:15:00Z,900,true,1.151487,0.767569,0.936524,0.457934
N20271024-S024,N20271024,2027-10-25T00:30:00Z,900,true,1.174313,0.777527,0.932780,0.470133
N20271024-S025,N20271024,2027-10-25T00:45:00Z,900,true,1.180975,0.758138,0.931557,0.462333
N20271024-S026,N20271024,2027-10-25T01:00:00Z,900,true,1.182455,0.759132,0.904633,0.450153
N20271024-S027,N20271024,2027-10-25T01:15:00Z,900,true,1.243190,0.765015,0.903111,0.490266
N20271024-S028,N20271024,2027-10-25T01:30:00Z,900,true,1.332647,0.778528,0.926538,0.478682
N20271024-S029,N20271024,2027-10-25T01:45:00Z,900,true,1.314496,0.784984,0.941718,0.457048
N20271024-S030,N20271024,2027-10-25T02:00:00Z,900,true,1.305492,0.793853,0.940607,0.475718
N20271025-S001,N20271025,2027-10-25T18:45:00Z,900,true,1.256070,0.849715,0.928833,0.451040
N20271025-S002,N20271025,2027-10-25T19:00:00Z,900,true,1.263595,0.831121,0.948137,0.457788
N20271025-S003,N20271025,2027-10-25T19:15:00Z,900,true,1.266553,0.839695,0.951339,0.475145
N20271025-S004,N20271025,2027-10-25T19:30:00Z,900,true,1.218275,0.846963,0.958765,0.452898
N20271025-S005,N20271025,2027-10-25T19:45:00Z,900,true,1.272511,0.836588,0.956471,0.462002
N20271025-S006,N20271025,2027-10-25T20:00:00Z,900,true,1.268577,0.856401,0.967729,0.448597
N20271025-S007,N20271025,2027-10-25T20:15:00Z,900,true,1.317338,0.835511,0.967662,0.468603
N20271025-S008,N20271025,2027-10-25T20:30:00Z,900,true,1.323930,0.855716,0.961129,0.474490
N20271025-S009,N20271025,2027-10-25T20:45:00Z,900,true,1.281691,0.854992,0.963946,0.458976
N20271025-S010,N20271025,2027-10-25T21:00:00Z,900,true,1.300506,0.850361,0.990495,0.453215
N20271025-S011,N20271025,2027-10-25T21:15:00Z,900,true,1.294209,0.839989,0.983821,0.470352
N20271025-S012,N20271025,2027-10-25T21:30:00Z,900,true,1.609400,0.481313,0.647869,0.448446
N20271025-S013,N20271025,2027-10-25T21:45:00Z,900,true,1.606656,0.478822,0.635920,0.487398
N20271025-S014,N20271025,2027-10-25T22:00:00Z,900,true,1.559534,0.473802,0.632093,0.457109
N20271025-S015,N20271025,2027-10-25T22:15:00Z,900,true,1.540348,0.475875,0.628290,0.471550
N20271025-S016,N20271025,2027-10-25T22:30:00Z,900,true,1.563818,0.473883,0.621556,0.477132
N20271025-S017,N20271025,2027-10-25T22:45:00Z,900,true,1.584859,0.473153,0.629414,0.457842
N20271025-S018,N20271025,2027-10-25T23:00:00Z,900,true,1.598651,0.475826,0.632419,0.448196
N20271025-S019,N20271025,2027-10-25T23:15:00Z,900,true,1.560506,0.472647,0.635870,0.469486
N20271025-S020,N20271025,2027-10-25T23:30:00Z,900,true,1.539418,0.470135,0.631706,0.476444
N20271025-S021,N20271025,2027-10-25T23:45:00Z,900,true,1.482397,0.471835,0.637603,0.466807
N20271025-S022,N20271025,2027-10-26T00:00:00Z,900,true,1.227151,0.857075,0.958854,0.464100
N20271025-S023,N20271025,2027-10-26T00:15:00Z,900,true,1.250832,0.846285,0.974415,0.455104
N20271025-S024,N20271025,2027-10-26T00:30:00Z,900,true,1.232506,0.839569,0.958328,0.457409
N20271025-S025,N20271025,2027-10-26T00:45:00Z,900,true,1.245388,0.849482,0.975826,0.468436
N20271025-S026,N20271025,2027-10-26T01:00:00Z,900,true,1.279704,0.837354,0.952108,0.444854
N20271025-S027,N20271025,2027-10-26T01:15:00Z,900,true,1.223702,0.832548,0.965329,0.486257
N20271025-S028,N20271025,2027-10-26T01:30:00Z,900,true,1.233198,0.829000,0.927170,0.469958
N20271025-S029,N20271025,2027-10-26T01:45:00Z,900,true,1.275352,0.845512,0.938057,0.470802
N20271025-S030,N20271025,2027-10-26T02:00:00Z,900,true,1.263740,0.833173,0.955843,0.475399
N20271026-S001,N20271026,2027-10-26T18:45:00Z,900,true,1.388438,0.875522,0.953087,0.457592
N20271026-S002,N20271026,2027-10-26T19:00:00Z,900,true,1.373847,0.859521,0.954839,0.466787
N20271026-S003,N20271026,2027-10-26T19:15:00Z,900,true,1.328533,0.868331,0.943824,0.465402
N20271026-S004,N20271026,2027-10-26T19:30:00Z,900,true,1.309753,0.856872,0.941553,0.489002
N20271026-S005,N20271026,2027-10-26T19:45:00Z,900,true,1.366985,0.861786,0.952535,0.457009
N20271026-S006,N20271026,2027-10-26T20:00:00Z,900,true,1.403859,0.871667,0.951412,0.485198
N20271026-S007,N20271026,2027-10-26T20:15:00Z,900,true,1.351102,0.888136,0.974951,0.463021
N20271026-S008,N20271026,2027-10-26T20:30:00Z,900,false,,,,
N20271026-S009,N20271026,2027-10-26T20:45:00Z,900,false,,,,
N20271026-S010,N20271026,2027-10-26T21:00:00Z,900,false,,,,
N20271026-S011,N20271026,2027-10-26T21:15:00Z,900,false,,,,
N20271026-S012,N20271026,2027-10-26T21:30:00Z,900,false,,,,
N20271026-S013,N20271026,2027-10-26T21:45:00Z,900,false,,,,
N20271026-S014,N20271026,2027-10-26T22:00:00Z,900,false,,,,
N20271026-S015,N20271026,2027-10-26T22:15:00Z,900,false,,,,
N20271026-S016,N20271026,2027-10-26T22:30:00Z,900,false,,,,
N20271026-S017,N20271026,2027-10-26T22:45:00Z,900,false,,,,
N20271026-S018,N20271026,2027-10-26T23:00:00Z,900,false,,,,
N20271026-S019,N20271026,2027-10-26T23:15:00Z,900,false,,,,
N20271026-S020,N20271026,2027-10-26T23:30:00Z,900,false,,,,
N20271026-S021,N20271026,2027-10-26T23:45:00Z,900,false,,,,
N20271026-S022,N20271026,2027-10-27T00:00:00Z,900,false,,,,
N20271026-S023,N20271026,2027-10-27T00:15:00Z,900,false,,,,
N20271026-S024,N20271026,2027-10-27T00:30:00Z,900,false,,,,
N20271026-S025,N20271026,2027-10-27T00:45:00Z,900,false,,,,
N20271026-S026,N20271026,2027-10-27T01:00:00Z,900,false,,,,
N20271026-S027,N20271026,2027-10-27T01:15:00Z,900,false,,,,
N20271026-S028,N20271026,2027-10-27T01:30:00Z,900,false,,,,
N20271026-S029,N20271026,2027-10-27T01:45:00Z,900,false,,,,
N20271026-S030,N20271026,2027-10-27T02:00:00Z,900,false,,,,
N20271027-S001,N20271027,2027-10-27T18:45:00Z,900,false,,,,
N20271027-S002,N20271027,2027-10-27T19:00:00Z,900,false,,,,
N20271027-S003,N20271027,2027-10-27T19:15:00Z,900,false,,,,
N20271027-S004,N20271027,2027-10-27T19:30:00Z,900,false,,,,
N20271027-S005,N20271027,2027-10-27T19:45:00Z,900,true,1.233319,0.916400,0.902701,0.466654
N20271027-S006,N20271027,2027-10-27T20:00:00Z,900,true,1.164552,0.918281,0.885564,0.475846
N20271027-S007,N20271027,2027-10-27T20:15:00Z,900,true,1.095139,0.915033,0.865104,0.473173
N20271027-S008,N20271027,2027-10-27T20:30:00Z,900,true,1.069654,0.904955,0.885667,0.472642
N20271027-S009,N20271027,2027-10-27T20:45:00Z,900,true,1.100739,0.900910,0.877382,0.457598
N20271027-S010,N20271027,2027-10-27T21:00:00Z,900,true,1.155490,0.909915,0.871974,0.444913
N20271027-S011,N20271027,2027-10-27T21:15:00Z,900,true,1.186630,0.909033,0.881603,0.461596
N20271027-S012,N20271027,2027-10-27T21:30:00Z,900,true,1.264767,0.893682,0.889606,0.448193
N20271027-S013,N20271027,2027-10-27T21:45:00Z,900,true,1.261914,0.901782,0.909191,0.469221
N20271027-S014,N20271027,2027-10-27T22:00:00Z,900,true,1.239774,0.896778,0.928302,0.450728
N20271027-S015,N20271027,2027-10-27T22:15:00Z,900,true,1.318477,0.894589,0.914602,0.464206
N20271027-S016,N20271027,2027-10-27T22:30:00Z,900,true,1.316521,0.907937,0.884781,0.484731
N20271027-S017,N20271027,2027-10-27T22:45:00Z,900,true,1.347950,0.903075,0.891214,0.459267
N20271027-S018,N20271027,2027-10-27T23:00:00Z,900,true,1.345138,0.918196,0.898766,0.463477
N20271027-S019,N20271027,2027-10-27T23:15:00Z,900,true,1.325624,0.918368,0.888402,0.464172
N20271027-S020,N20271027,2027-10-27T23:30:00Z,900,true,1.360400,0.934370,0.889188,0.474399
N20271027-S021,N20271027,2027-10-27T23:45:00Z,900,true,1.365839,0.952813,0.883663,0.469476
N20271027-S022,N20271027,2027-10-28T00:00:00Z,900,true,1.356160,0.938871,0.875995,0.450709
N20271027-S023,N20271027,2027-10-28T00:15:00Z,900,true,1.276357,0.946823,0.883835,0.460822
N20271027-S024,N20271027,2027-10-28T00:30:00Z,900,true,1.315244,0.939775,0.882867,0.469003
N20271027-S025,N20271027,2027-10-28T00:45:00Z,900,true,1.320711,0.938284,0.850371,0.449901
N20271027-S026,N20271027,2027-10-28T01:00:00Z,900,true,1.332666,0.917649,0.886457,0.475606
N20271027-S027,N20271027,2027-10-28T01:15:00Z,900,true,1.317148,0.925121,0.921858,0.458834
N20271027-S028,N20271027,2027-10-28T01:30:00Z,900,true,1.247208,0.915759,0.894569,0.475559
N20271027-S029,N20271027,2027-10-28T01:45:00Z,900,true,1.252169,0.926798,0.916661,0.466675
N20271027-S030,N20271027,2027-10-28T02:00:00Z,900,true,1.285369,0.944083,0.933668,0.474812
N20271028-S001,N20271028,2027-10-28T18:45:00Z,900,true,1.151370,0.954764,0.982751,0.449226
N20271028-S002,N20271028,2027-10-28T19:00:00Z,900,true,1.217535,0.959801,0.965005,0.447664
N20271028-S003,N20271028,2027-10-28T19:15:00Z,900,true,1.235559,0.954704,0.989690,0.474853
N20271028-S004,N20271028,2027-10-28T19:30:00Z,900,true,1.225940,0.971391,0.994716,0.462940
N20271028-S005,N20271028,2027-10-28T19:45:00Z,900,true,1.225051,0.969355,0.990208,0.461005
N20271028-S006,N20271028,2027-10-28T20:00:00Z,900,true,1.236436,0.975980,1.003600,0.458412
N20271028-S007,N20271028,2027-10-28T20:15:00Z,900,true,1.308525,0.971118,1.004475,0.446678
N20271028-S008,N20271028,2027-10-28T20:30:00Z,900,false,,,,
N20271028-S009,N20271028,2027-10-28T20:45:00Z,900,false,,,,
N20271028-S010,N20271028,2027-10-28T21:00:00Z,900,false,,,,
N20271028-S011,N20271028,2027-10-28T21:15:00Z,900,true,1.320270,0.914526,1.017563,0.449746
N20271028-S012,N20271028,2027-10-28T21:30:00Z,900,true,1.356240,0.918155,1.023931,0.454880
N20271028-S013,N20271028,2027-10-28T21:45:00Z,900,true,1.292072,0.926407,1.044557,0.458224
N20271028-S014,N20271028,2027-10-28T22:00:00Z,900,true,1.295796,0.919517,1.073923,0.461017
N20271028-S015,N20271028,2027-10-28T22:15:00Z,900,true,1.302539,0.921634,1.044868,0.453871
N20271028-S016,N20271028,2027-10-28T22:30:00Z,900,true,1.336503,0.927341,1.028348,0.472572
N20271028-S017,N20271028,2027-10-28T22:45:00Z,900,true,1.360197,0.942559,1.016201,0.456102
N20271028-S018,N20271028,2027-10-28T23:00:00Z,900,true,1.309979,0.954682,1.033333,0.474782
N20271028-S019,N20271028,2027-10-28T23:15:00Z,900,true,1.271472,0.973300,1.051354,0.480704
N20271028-S020,N20271028,2027-10-28T23:30:00Z,900,true,1.248147,0.959116,1.024515,0.452308
N20271028-S021,N20271028,2027-10-28T23:45:00Z,900,true,1.278685,0.971239,1.001409,0.444883
N20271028-S022,N20271028,2027-10-29T00:00:00Z,900,true,1.224916,0.981611,0.979683,0.442961
N20271028-S023,N20271028,2027-10-29T00:15:00Z,900,true,1.231733,0.969275,0.995374,0.472376
N20271028-S024,N20271028,2027-10-29T00:30:00Z,900,true,1.279995,0.971871,0.998797,0.473204
N20271028-S025,N20271028,2027-10-29T00:45:00Z,900,true,1.272764,0.952237,0.995468,0.445158
N20271028-S026,N20271028,2027-10-29T01:00:00Z,900,true,1.267154,0.946525,0.971958,0.474576
N20271028-S027,N20271028,2027-10-29T01:15:00Z,900,true,1.312425,0.951649,0.962830,0.470261
N20271028-S028,N20271028,2027-10-29T01:30:00Z,900,true,1.379713,0.955128,0.982913,0.488990
N20271028-S029,N20271028,2027-10-29T01:45:00Z,900,true,1.303514,0.950936,0.972611,0.444779
N20271028-S030,N20271028,2027-10-29T02:00:00Z,900,true,1.348385,0.952911,0.957422,0.448720
N20271029-S001,N20271029,2027-10-29T18:45:00Z,900,true,1.208790,0.906419,0.855413,0.480235
N20271029-S002,N20271029,2027-10-29T19:00:00Z,900,true,1.160545,0.908015,0.868974,0.444405
N20271029-S003,N20271029,2027-10-29T19:15:00Z,900,true,1.146868,0.918240,0.848829,0.474750
N20271029-S004,N20271029,2027-10-29T19:30:00Z,900,true,1.188425,0.937308,0.852115,0.459635
N20271029-S005,N20271029,2027-10-29T19:45:00Z,900,true,1.198701,0.933926,0.842452,0.447562
N20271029-S006,N20271029,2027-10-29T20:00:00Z,900,true,1.149624,0.939265,0.859083,0.482654
N20271029-S007,N20271029,2027-10-29T20:15:00Z,900,true,1.156454,0.944713,0.860551,0.462717
N20271029-S008,N20271029,2027-10-29T20:30:00Z,900,true,1.171351,0.933763,0.894990,0.455542
N20271029-S009,N20271029,2027-10-29T20:45:00Z,900,true,1.183178,0.919710,0.907814,0.444264
N20271029-S010,N20271029,2027-10-29T21:00:00Z,900,false,,,,
N20271029-S011,N20271029,2027-10-29T21:15:00Z,900,false,,,,
N20271029-S012,N20271029,2027-10-29T21:30:00Z,900,false,,,,
N20271029-S013,N20271029,2027-10-29T21:45:00Z,900,false,,,,
N20271029-S014,N20271029,2027-10-29T22:00:00Z,900,false,,,,
N20271029-S015,N20271029,2027-10-29T22:15:00Z,900,false,,,,
N20271029-S016,N20271029,2027-10-29T22:30:00Z,900,false,,,,
N20271029-S017,N20271029,2027-10-29T22:45:00Z,900,false,,,,
N20271029-S018,N20271029,2027-10-29T23:00:00Z,900,false,,,,
N20271029-S019,N20271029,2027-10-29T23:15:00Z,900,false,,,,
N20271029-S020,N20271029,2027-10-29T23:30:00Z,900,true,1.116377,0.915289,0.812395,0.446551
N20271029-S021,N20271029,2027-10-29T23:45:00Z,900,true,1.183485,0.916850,0.800825,0.461409
N20271029-S022,N20271029,2027-10-30T00:00:00Z,900,true,1.184076,0.920298,0.794329,0.469262
N20271029-S023,N20271029,2027-10-30T00:15:00Z,900,true,1.182691,0.928732,0.785326,0.460023
N20271029-S024,N20271029,2027-10-30T00:30:00Z,900,true,1.135991,0.928501,0.794638,0.482095
N20271029-S025,N20271029,2027-10-30T00:45:00Z,900,true,1.131183,0.930031,0.808903,0.457418
N20271029-S026,N20271029,2027-10-30T01:00:00Z,900,true,1.187028,0.920878,0.797671,0.458276
N20271029-S027,N20271029,2027-10-30T01:15:00Z,900,true,1.155673,0.928667,0.813014,0.485495
N20271029-S028,N20271029,2027-10-30T01:30:00Z,900,true,1.103620,0.905673,0.813234,0.467480
N20271029-S029,N20271029,2027-10-30T01:45:00Z,900,true,1.154575,0.908290,0.812751,0.450170
N20271029-S030,N20271029,2027-10-30T02:00:00Z,900,true,1.180947,0.897709,0.798640,0.487594
N20271030-S001,N20271030,2027-10-30T18:45:00Z,900,true,0.856324,0.867574,0.927556,0.488607
N20271030-S002,N20271030,2027-10-30T19:00:00Z,900,true,0.853815,0.847443,0.928019,0.449670
N20271030-S003,N20271030,2027-10-30T19:15:00Z,900,true,0.806179,0.864298,0.939161,0.466554
N20271030-S004,N20271030,2027-10-30T19:30:00Z,900,true,0.797871,0.871217,0.982382,0.452267
N20271030-S005,N20271030,2027-10-30T19:45:00Z,900,true,0.734353,0.877078,0.960648,0.443876
N20271030-S006,N20271030,2027-10-30T20:00:00Z,900,true,0.703119,0.873853,0.932519,0.473068
N20271030-S007,N20271030,2027-10-30T20:15:00Z,900,true,0.733143,0.870589,0.938850,0.461679
N20271030-S008,N20271030,2027-10-30T20:30:00Z,900,true,0.714386,0.869864,0.926593,0.481891
N20271030-S009,N20271030,2027-10-30T20:45:00Z,900,true,0.725004,0.866092,0.916154,0.446344
N20271030-S010,N20271030,2027-10-30T21:00:00Z,900,true,0.745290,0.875604,0.909428,0.460219
N20271030-S011,N20271030,2027-10-30T21:15:00Z,900,true,0.733455,0.861417,0.921083,0.479886
N20271030-S012,N20271030,2027-10-30T21:30:00Z,900,true,0.847860,0.870961,0.906336,0.444784
N20271030-S013,N20271030,2027-10-30T21:45:00Z,900,true,0.864592,0.862405,0.923361,0.479092
N20271030-S014,N20271030,2027-10-30T22:00:00Z,900,true,0.832267,0.868968,0.916338,0.464552
N20271030-S015,N20271030,2027-10-30T22:15:00Z,900,true,0.841685,0.885321,0.920901,0.456422
N20271030-S016,N20271030,2027-10-30T22:30:00Z,900,true,0.815129,0.886719,0.935738,0.446463
N20271030-S017,N20271030,2027-10-30T22:45:00Z,900,true,0.807646,0.853153,0.955398,0.459765
N20271030-S018,N20271030,2027-10-30T23:00:00Z,900,true,0.791245,0.862921,0.919143,0.472725
N20271030-S019,N20271030,2027-10-30T23:15:00Z,900,true,0.804876,0.856262,0.911304,0.485813
N20271030-S020,N20271030,2027-10-30T23:30:00Z,900,true,0.810402,0.853200,0.894874,0.468998
N20271030-S021,N20271030,2027-10-30T23:45:00Z,900,true,0.810083,0.832491,0.901966,0.467264
N20271030-S022,N20271030,2027-10-31T00:00:00Z,900,true,0.829806,0.838338,0.904904,0.454205
N20271030-S023,N20271030,2027-10-31T00:15:00Z,900,true,0.850594,0.855544,0.879215,0.453592
N20271030-S024,N20271030,2027-10-31T00:30:00Z,900,true,0.834588,0.860275,0.878827,0.464170
N20271030-S025,N20271030,2027-10-31T00:45:00Z,900,true,0.837729,0.847275,0.875114,0.458268
N20271030-S026,N20271030,2027-10-31T01:00:00Z,900,true,0.864000,0.850308,0.877774,0.442623
N20271030-S027,N20271030,2027-10-31T01:15:00Z,900,true,0.919693,0.841924,0.896154,0.475112
N20271030-S028,N20271030,2027-10-31T01:30:00Z,900,true,0.829294,0.858666,0.893689,0.479533
N20271030-S029,N20271030,2027-10-31T01:45:00Z,900,true,0.776392,0.859073,0.917820,0.445442
N20271030-S030,N20271030,2027-10-31T02:00:00Z,900,true,0.777027,0.852480,0.904841,0.442646
N20271031-S001,N20271031,2027-10-31T18:45:00Z,900,true,0.950102,0.870938,0.880916,0.463790
N20271031-S002,N20271031,2027-10-31T19:00:00Z,900,true,0.993416,0.875441,0.883474,0.459975
N20271031-S003,N20271031,2027-10-31T19:15:00Z,900,true,0.977997,0.865433,0.904308,0.467529
N20271031-S004,N20271031,2027-10-31T19:30:00Z,900,true,0.945289,0.869635,0.931526,0.453810
N20271031-S005,N20271031,2027-10-31T19:45:00Z,900,true,0.970168,0.847790,0.906669,0.488265
N20271031-S006,N20271031,2027-10-31T20:00:00Z,900,true,0.999879,0.847117,0.927317,0.480019
N20271031-S007,N20271031,2027-10-31T20:15:00Z,900,true,1.052135,0.867822,0.917898,0.455906
N20271031-S008,N20271031,2027-10-31T20:30:00Z,900,true,1.032044,0.873816,0.910066,0.461342
N20271031-S009,N20271031,2027-10-31T20:45:00Z,900,true,0.998763,0.866697,0.908237,0.453887
N20271031-S010,N20271031,2027-10-31T21:00:00Z,900,true,1.000719,0.874756,0.891737,0.467308
N20271031-S011,N20271031,2027-10-31T21:15:00Z,900,true,0.945161,0.882834,0.884266,0.464829
N20271031-S012,N20271031,2027-10-31T21:30:00Z,900,true,0.882850,0.885051,0.870419,0.487034
N20271031-S013,N20271031,2027-10-31T21:45:00Z,900,true,0.935282,0.873719,0.880667,0.453612
N20271031-S014,N20271031,2027-10-31T22:00:00Z,900,true,0.932122,0.857029,0.889589,0.479018
N20271031-S015,N20271031,2027-10-31T22:15:00Z,900,true,0.905057,0.836119,0.882373,0.483611
N20271031-S016,N20271031,2027-10-31T22:30:00Z,900,true,0.986897,0.847567,0.891142,0.444809
N20271031-S017,N20271031,2027-10-31T22:45:00Z,900,true,0.900690,0.848424,0.916305,0.467153
N20271031-S018,N20271031,2027-10-31T23:00:00Z,900,true,0.872685,0.856078,0.884829,0.468718
N20271031-S019,N20271031,2027-10-31T23:15:00Z,900,true,0.853145,0.894902,0.904460,0.482100
N20271031-S020,N20271031,2027-10-31T23:30:00Z,900,true,0.865040,0.879782,0.916615,0.470193
N20271031-S021,N20271031,2027-10-31T23:45:00Z,900,true,0.845192,0.880222,0.918777,0.462542
N20271031-S022,N20271031,2027-11-01T00:00:00Z,900,true,0.834592,0.874180,0.929056,0.479160
N20271031-S023,N20271031,2027-11-01T00:15:00Z,900,true,0.845207,0.896557,0.926476,0.466106
N20271031-S024,N20271031,2027-11-01T00:30:00Z,900,true,0.820218,0.900665,0.908578,0.462239
N20271031-S025,N20271031,2027-11-01T00:45:00Z,900,true,0.820535,0.905110,0.905034,0.448630
N20271031-S026,N20271031,2027-11-01T01:00:00Z,900,true,0.805297,0.909351,0.888150,0.482690
N20271031-S027,N20271031,2027-11-01T01:15:00Z,900,true,0.790389,0.908686,0.899816,0.458960
N20271031-S028,N20271031,2027-11-01T01:30:00Z,900,true,0.838348,0.907147,0.902396,0.487050
N20271031-S029,N20271031,2027-11-01T01:45:00Z,900,true,0.816196,0.924527,0.913692,0.466003
N20271101-S001,N20271101,2027-11-01T19:00:00Z,900,true,0.968710,0.838397,0.928568,0.489087
N20271101-S002,N20271101,2027-11-01T19:15:00Z,900,true,1.024957,0.840724,0.915838,0.454752
N20271101-S003,N20271101,2027-11-01T19:30:00Z,900,true,0.963927,0.840642,0.913876,0.450386
N20271101-S004,N20271101,2027-11-01T19:45:00Z,900,true,0.923642,0.833130,0.918006,0.483243
N20271101-S005,N20271101,2027-11-01T20:00:00Z,900,true,0.898729,0.844575,0.885298,0.445398
N20271101-S006,N20271101,2027-11-01T20:15:00Z,900,true,0.923771,0.839908,0.841407,0.451162
N20271101-S007,N20271101,2027-11-01T20:30:00Z,900,true,0.970063,0.841565,0.858593,0.462044
N20271101-S008,N20271101,2027-11-01T20:45:00Z,900,true,0.923218,0.823899,0.872761,0.448895
N20271101-S009,N20271101,2027-11-01T21:00:00Z,900,true,0.955828,0.817910,0.862214,0.477274
N20271101-S010,N20271101,2027-11-01T21:15:00Z,900,true,0.926283,0.793835,0.845663,0.489452
N20271101-S011,N20271101,2027-11-01T21:30:00Z,900,true,1.029732,0.787245,0.867665,0.464525
N20271101-S012,N20271101,2027-11-01T21:45:00Z,900,true,0.998325,0.789550,0.859005,0.474125
N20271101-S013,N20271101,2027-11-01T22:00:00Z,900,true,1.028819,0.784179,0.900685,0.445390
N20271101-S014,N20271101,2027-11-01T22:15:00Z,900,false,,,,
N20271101-S015,N20271101,2027-11-01T22:30:00Z,900,false,,,,
N20271101-S016,N20271101,2027-11-01T22:45:00Z,900,false,,,,
N20271101-S017,N20271101,2027-11-01T23:00:00Z,900,false,,,,
N20271101-S018,N20271101,2027-11-01T23:15:00Z,900,true,0.973398,0.803811,0.918184,0.449831
N20271101-S019,N20271101,2027-11-01T23:30:00Z,900,true,0.989474,0.783893,0.923648,0.445702
N20271101-S020,N20271101,2027-11-01T23:45:00Z,900,true,1.072776,0.780587,0.910737,0.455573
N20271101-S021,N20271101,2027-11-02T00:00:00Z,900,true,1.078050,0.767734,0.897959,0.465840
N20271101-S022,N20271101,2027-11-02T00:15:00Z,900,true,1.054374,0.758226,0.894547,0.481031
N20271101-S023,N20271101,2027-11-02T00:30:00Z,900,true,1.051055,0.764118,0.887860,0.464760
N20271101-S024,N20271101,2027-11-02T00:45:00Z,900,true,1.039814,0.783611,0.901442,0.470519
N20271101-S025,N20271101,2027-11-02T01:00:00Z,900,true,1.066165,0.771644,0.895522,0.485692
N20271101-S026,N20271101,2027-11-02T01:15:00Z,900,true,1.043434,0.778298,0.915597,0.462790
N20271101-S027,N20271101,2027-11-02T01:30:00Z,900,true,1.035409,0.778111,0.902440,0.456005
N20271101-S028,N20271101,2027-11-02T01:45:00Z,900,true,1.036087,0.795296,0.906394,0.460172
N20271102-S001,N20271102,2027-11-02T19:00:00Z,900,true,0.935377,0.791562,0.935126,0.477281
N20271102-S002,N20271102,2027-11-02T19:15:00Z,900,true,0.958344,0.796917,0.920743,0.458790
N20271102-S003,N20271102,2027-11-02T19:30:00Z,900,true,0.916595,0.794328,0.940558,0.446162
N20271102-S004,N20271102,2027-11-02T19:45:00Z,900,true,0.889353,0.792554,0.920334,0.448876
N20271102-S005,N20271102,2027-11-02T20:00:00Z,900,true,0.911046,0.779325,0.941245,0.476988
N20271102-S006,N20271102,2027-11-02T20:15:00Z,900,true,0.924416,0.781394,0.947625,0.463626
N20271102-S007,N20271102,2027-11-02T20:30:00Z,900,true,0.886720,0.800646,0.932881,0.441951
N20271102-S008,N20271102,2027-11-02T20:45:00Z,900,true,0.859567,0.782390,0.909280,0.483046
N20271102-S009,N20271102,2027-11-02T21:00:00Z,900,true,0.873263,0.773128,0.911405,0.475430
N20271102-S010,N20271102,2027-11-02T21:15:00Z,900,false,,,,
N20271102-S011,N20271102,2027-11-02T21:30:00Z,900,false,,,,
N20271102-S012,N20271102,2027-11-02T21:45:00Z,900,false,,,,
N20271102-S013,N20271102,2027-11-02T22:00:00Z,900,false,,,,
N20271102-S014,N20271102,2027-11-02T22:15:00Z,900,false,,,,
N20271102-S015,N20271102,2027-11-02T22:30:00Z,900,true,0.871781,0.790062,0.917039,0.468483
N20271102-S016,N20271102,2027-11-02T22:45:00Z,900,true,0.909837,0.794626,0.900087,0.459909
N20271102-S017,N20271102,2027-11-02T23:00:00Z,900,true,0.866213,0.799475,0.901995,0.459035
N20271102-S018,N20271102,2027-11-02T23:15:00Z,900,true,0.795764,0.816758,0.894413,0.469417
N20271102-S019,N20271102,2027-11-02T23:30:00Z,900,true,0.833848,0.807843,0.906076,0.468999
N20271102-S020,N20271102,2027-11-02T23:45:00Z,900,true,0.839813,0.814020,0.921181,0.470192
N20271102-S021,N20271102,2027-11-03T00:00:00Z,900,true,0.832740,0.816042,0.926402,0.483657
N20271102-S022,N20271102,2027-11-03T00:15:00Z,900,true,1.041648,0.474710,0.623756,0.462909
N20271102-S023,N20271102,2027-11-03T00:30:00Z,900,true,1.005970,0.472786,0.633742,0.445638
N20271102-S024,N20271102,2027-11-03T00:45:00Z,900,true,1.058605,0.483039,0.608364,0.447604
N20271102-S025,N20271102,2027-11-03T01:00:00Z,900,true,1.093418,0.471816,0.622295,0.477052
N20271102-S026,N20271102,2027-11-03T01:15:00Z,900,true,1.066371,0.469494,0.628185,0.487355
N20271102-S027,N20271102,2027-11-03T01:30:00Z,900,true,1.068016,0.472825,0.603862,0.473484
N20271102-S028,N20271102,2027-11-03T01:45:00Z,900,true,1.033847,0.473288,0.605073,0.461969
N20271103-S001,N20271103,2027-11-03T19:00:00Z,900,true,1.209254,0.503066,0.622556,0.461479
N20271103-S002,N20271103,2027-11-03T19:15:00Z,900,true,1.152833,0.514116,0.638603,0.453534
N20271103-S003,N20271103,2027-11-03T19:30:00Z,900,true,1.156863,0.514755,0.642633,0.465934
N20271103-S004,N20271103,2027-11-03T19:45:00Z,900,true,1.199356,0.515354,0.616254,0.471256
N20271103-S005,N20271103,2027-11-03T20:00:00Z,900,true,1.211808,0.518168,0.630192,0.467895
N20271103-S006,N20271103,2027-11-03T20:15:00Z,900,true,1.186235,0.518330,0.613383,0.463092
N20271103-S007,N20271103,2027-11-03T20:30:00Z,900,true,0.975761,0.864686,0.888942,0.447979
N20271103-S008,N20271103,2027-11-03T20:45:00Z,900,true,1.004732,0.878113,0.862567,0.449362
N20271103-S009,N20271103,2027-11-03T21:00:00Z,900,true,1.051756,0.874920,0.864728,0.484276
N20271103-S010,N20271103,2027-11-03T21:15:00Z,900,true,1.083702,0.876214,0.872166,0.456320
N20271103-S011,N20271103,2027-11-03T21:30:00Z,900,true,1.103077,0.880693,0.881680,0.464666
N20271103-S012,N20271103,2027-11-03T21:45:00Z,900,true,1.071866,0.875070,0.875396,0.488209
N20271103-S013,N20271103,2027-11-03T22:00:00Z,900,true,1.061532,0.868234,0.887085,0.485466
N20271103-S014,N20271103,2027-11-03T22:15:00Z,900,true,1.005503,0.872288,0.890299,0.477714
N20271103-S015,N20271103,2027-11-03T22:30:00Z,900,true,0.984465,0.879433,0.901524,0.470489
N20271103-S016,N20271103,2027-11-03T22:45:00Z,900,true,1.008527,0.875985,0.883534,0.464775
N20271103-S017,N20271103,2027-11-03T23:00:00Z,900,true,1.064928,0.882248,0.873241,0.459619
N20271103-S018,N20271103,2027-11-03T23:15:00Z,900,true,1.025028,0.876202,0.895216,0.467785
N20271103-S019,N20271103,2027-11-03T23:30:00Z,900,true,0.993993,0.886826,0.904293,0.481195
N20271103-S020,N20271103,2027-11-03T23:45:00Z,900,true,1.066736,0.882880,0.888359,0.465305
N20271103-S021,N20271103,2027-11-04T00:00:00Z,900,true,1.126713,0.887363,0.881354,0.490498
N20271103-S022,N20271103,2027-11-04T00:15:00Z,900,true,1.086976,0.882690,0.898756,0.447550
N20271103-S023,N20271103,2027-11-04T00:30:00Z,900,true,1.110416,0.888557,0.932103,0.478841
N20271103-S024,N20271103,2027-11-04T00:45:00Z,900,true,1.122044,0.878676,0.942734,0.457119
N20271103-S025,N20271103,2027-11-04T01:00:00Z,900,true,1.157175,0.880801,0.940257,0.473603
N20271103-S026,N20271103,2027-11-04T01:15:00Z,900,true,1.170503,0.892118,0.935149,0.473313
N20271103-S027,N20271103,2027-11-04T01:30:00Z,900,true,1.137904,0.882136,0.928234,0.450440
N20271103-S028,N20271103,2027-11-04T01:45:00Z,900,true,1.145787,0.857142,0.937230,0.447040
N20271104-S001,N20271104,2027-11-04T19:00:00Z,900,true,1.216366,0.884178,0.982723,0.481310
N20271104-S002,N20271104,2027-11-04T19:15:00Z,900,true,1.204701,0.899984,0.975363,0.478955
N20271104-S003,N20271104,2027-11-04T19:30:00Z,900,true,1.198368,0.890369,0.963298,0.482000
N20271104-S004,N20271104,2027-11-04T19:45:00Z,900,true,1.177787,0.894871,0.951466,0.474536
N20271104-S005,N20271104,2027-11-04T20:00:00Z,900,true,1.220728,0.902401,0.944819,0.455348
N20271104-S006,N20271104,2027-11-04T20:15:00Z,900,true,1.218566,0.904307,0.955914,0.487059
N20271104-S007,N20271104,2027-11-04T20:30:00Z,900,false,,,,
N20271104-S008,N20271104,2027-11-04T20:45:00Z,900,false,,,,
N20271104-S009,N20271104,2027-11-04T21:00:00Z,900,false,,,,
N20271104-S010,N20271104,2027-11-04T21:15:00Z,900,false,,,,
N20271104-S011,N20271104,2027-11-04T21:30:00Z,900,false,,,,
N20271104-S012,N20271104,2027-11-04T21:45:00Z,900,false,,,,
N20271104-S013,N20271104,2027-11-04T22:00:00Z,900,false,,,,
N20271104-S014,N20271104,2027-11-04T22:15:00Z,900,false,,,,
N20271104-S015,N20271104,2027-11-04T22:30:00Z,900,false,,,,
N20271104-S016,N20271104,2027-11-04T22:45:00Z,900,false,,,,
N20271104-S017,N20271104,2027-11-04T23:00:00Z,900,false,,,,
N20271104-S018,N20271104,2027-11-04T23:15:00Z,900,false,,,,
N20271104-S019,N20271104,2027-11-04T23:30:00Z,900,false,,,,
N20271104-S020,N20271104,2027-11-04T23:45:00Z,900,false,,,,
N20271104-S021,N20271104,2027-11-05T00:00:00Z,900,true,1.204322,0.894941,0.962516,0.490286
N20271104-S022,N20271104,2027-11-05T00:15:00Z,900,true,1.262382,0.875349,0.969325,0.444179
N20271104-S023,N20271104,2027-11-05T00:30:00Z,900,true,1.279565,0.874532,0.935087,0.442285
N20271104-S024,N20271104,2027-11-05T00:45:00Z,900,true,1.243555,0.855506,0.907991,0.468211
N20271104-S025,N20271104,2027-11-05T01:00:00Z,900,true,1.211285,0.862515,0.907754,0.484973
N20271104-S026,N20271104,2027-11-05T01:15:00Z,900,true,1.264993,0.864748,0.899157,0.462225
N20271104-S027,N20271104,2027-11-05T01:30:00Z,900,true,1.244331,0.843635,0.916404,0.454620
N20271104-S028,N20271104,2027-11-05T01:45:00Z,900,true,1.261730,0.849606,0.906290,0.444468
N20271105-S001,N20271105,2027-11-05T19:00:00Z,900,true,1.354989,0.882684,1.016605,0.474913
N20271105-S002,N20271105,2027-11-05T19:15:00Z,900,true,1.350726,0.870611,1.000808,0.489650
N20271105-S003,N20271105,2027-11-05T19:30:00Z,900,true,1.368146,0.871506,0.992207,0.469704
N20271105-S004,N20271105,2027-11-05T19:45:00Z,900,true,1.367621,0.878796,0.976316,0.467799
N20271105-S005,N20271105,2027-11-05T20:00:00Z,900,true,1.294285,0.890871,0.961686,0.453905
N20271105-S006,N20271105,2027-11-05T20:15:00Z,900,true,1.323038,0.878453,0.948334,0.465153
N20271105-S007,N20271105,2027-11-05T20:30:00Z,900,true,1.309642,0.879505,0.974634,0.471424
N20271105-S008,N20271105,2027-11-05T20:45:00Z,900,true,1.315756,0.887404,0.991414,0.464329
N20271105-S009,N20271105,2027-11-05T21:00:00Z,900,true,1.373691,0.882160,1.000886,0.453569
N20271105-S010,N20271105,2027-11-05T21:15:00Z,900,true,1.363973,0.884250,0.995648,0.474674
N20271105-S011,N20271105,2027-11-05T21:30:00Z,900,true,1.340862,0.893267,0.975588,0.467285
N20271105-S012,N20271105,2027-11-05T21:45:00Z,900,true,1.309331,0.885102,0.958374,0.467983
N20271105-S013,N20271105,2027-11-05T22:00:00Z,900,true,1.318997,0.881583,0.975669,0.458722
N20271105-S014,N20271105,2027-11-05T22:15:00Z,900,true,1.321226,0.866222,0.951319,0.447265
N20271105-S015,N20271105,2027-11-05T22:30:00Z,900,true,1.374016,0.860340,0.952025,0.479148
N20271105-S016,N20271105,2027-11-05T22:45:00Z,900,true,1.348184,0.875870,0.952750,0.489947
N20271105-S017,N20271105,2027-11-05T23:00:00Z,900,true,1.345744,0.861333,0.969801,0.473198
N20271105-S018,N20271105,2027-11-05T23:15:00Z,900,true,1.377218,0.860328,0.988108,0.449444
N20271105-S019,N20271105,2027-11-05T23:30:00Z,900,true,1.376388,0.876790,0.994260,0.453493
N20271105-S020,N20271105,2027-11-05T23:45:00Z,900,true,1.356273,0.867508,1.021108,0.484772
N20271105-S021,N20271105,2027-11-06T00:00:00Z,900,true,1.366944,0.879625,1.018187,0.450701
N20271105-S022,N20271105,2027-11-06T00:15:00Z,900,true,1.374207,0.874173,1.063796,0.459431
N20271105-S023,N20271105,2027-11-06T00:30:00Z,900,true,1.381917,0.866196,1.046663,0.476188
N20271105-S024,N20271105,2027-11-06T00:45:00Z,900,true,1.403976,0.846619,1.084927,0.451408
N20271105-S025,N20271105,2027-11-06T01:00:00Z,900,true,1.447677,0.845378,1.089376,0.451358
N20271105-S026,N20271105,2027-11-06T01:15:00Z,900,true,1.448525,0.865463,1.092938,0.442380
N20271105-S027,N20271105,2027-11-06T01:30:00Z,900,true,1.390791,0.868288,1.065889,0.488717
N20271105-S028,N20271105,2027-11-06T01:45:00Z,900,true,1.358618,0.879063,1.060609,0.469655
N20271106-S001,N20271106,2027-11-06T19:00:00Z,900,true,1.473858,0.903885,1.014391,0.455199
N20271106-S002,N20271106,2027-11-06T19:15:00Z,900,true,1.465979,0.928872,1.016202,0.479837
N20271106-S003,N20271106,2027-11-06T19:30:00Z,900,true,1.435244,0.938688,0.999373,0.444457
N20271106-S004,N20271106,2027-11-06T19:45:00Z,900,true,1.382298,0.926008,1.036126,0.458950
N20271106-S005,N20271106,2027-11-06T20:00:00Z,900,true,1.393278,0.934889,1.029326,0.472565
N20271106-S006,N20271106,2027-11-06T20:15:00Z,900,true,1.382590,0.936637,1.014196,0.456413
N20271106-S007,N20271106,2027-11-06T20:30:00Z,900,true,1.381974,0.936673,1.006761,0.480669
N20271106-S008,N20271106,2027-11-06T20:45:00Z,900,true,1.404310,0.949666,0.980281,0.466048
N20271106-S009,N20271106,2027-11-06T21:00:00Z,900,true,1.424942,0.957556,0.948727,0.465217
N20271106-S010,N20271106,2027-11-06T21:15:00Z,900,true,1.440334,0.964066,0.942468,0.486556
N20271106-S011,N20271106,2027-11-06T21:30:00Z,900,true,1.448746,0.942550,0.936213,0.473948
N20271106-S012,N20271106,2027-11-06T21:45:00Z,900,true,1.422107,0.946398,0.965820,0.487299
N20271106-S013,N20271106,2027-11-06T22:00:00Z,900,true,1.453891,0.939903,0.985656,0.472245
N20271106-S014,N20271106,2027-11-06T22:15:00Z,900,true,1.455616,0.933499,0.996349,0.449207
N20271106-S015,N20271106,2027-11-06T22:30:00Z,900,true,1.426031,0.952464,1.016645,0.477440
N20271106-S016,N20271106,2027-11-06T22:45:00Z,900,true,1.471305,0.923521,1.021784,0.460786
N20271106-S017,N20271106,2027-11-06T23:00:00Z,900,true,1.463234,0.942533,1.007811,0.452288
N20271106-S018,N20271106,2027-11-06T23:15:00Z,900,true,1.445276,0.955693,1.040364,0.478618
N20271106-S019,N20271106,2027-11-06T23:30:00Z,900,true,1.424246,0.934245,1.027687,0.452700
N20271106-S020,N20271106,2027-11-06T23:45:00Z,900,true,1.453041,0.923814,1.026710,0.481150
N20271106-S021,N20271106,2027-11-07T00:00:00Z,900,true,1.477436,0.937391,1.015466,0.458863
N20271106-S022,N20271106,2027-11-07T00:15:00Z,900,true,1.552826,0.937652,1.049636,0.484409
N20271106-S023,N20271106,2027-11-07T00:30:00Z,900,true,1.623702,0.916608,1.032932,0.490550
N20271106-S024,N20271106,2027-11-07T00:45:00Z,900,true,1.553000,0.899473,1.003753,0.465648
N20271106-S025,N20271106,2027-11-07T01:00:00Z,900,true,1.528487,0.904851,1.007437,0.470605
N20271106-S026,N20271106,2027-11-07T01:15:00Z,900,true,1.503868,0.900561,0.995266,0.478875
N20271106-S027,N20271106,2027-11-07T01:30:00Z,900,true,1.519624,0.864807,1.001248,0.465964
N20271106-S028,N20271106,2027-11-07T01:45:00Z,900,true,1.514463,0.864958,0.986325,0.488726
N20271107-S001,N20271107,2027-11-07T19:00:00Z,900,true,1.496608,0.909142,1.009371,0.444163
N20271107-S002,N20271107,2027-11-07T19:15:00Z,900,true,1.519357,0.916330,1.009339,0.478232
N20271107-S003,N20271107,2027-11-07T19:30:00Z,900,true,1.518315,0.919639,1.005301,0.487158
N20271107-S004,N20271107,2027-11-07T19:45:00Z,900,true,1.524153,0.917741,0.997734,0.463393
N20271107-S005,N20271107,2027-11-07T20:00:00Z,900,true,1.564351,0.920596,1.004110,0.488066
N20271107-S006,N20271107,2027-11-07T20:15:00Z,900,true,1.557966,0.899380,0.985166,0.476647
N20271107-S007,N20271107,2027-11-07T20:30:00Z,900,true,1.564866,0.887895,1.015184,0.458525
N20271107-S008,N20271107,2027-11-07T20:45:00Z,900,true,1.532536,0.887549,1.014647,0.451467
N20271107-S009,N20271107,2027-11-07T21:00:00Z,900,true,1.541783,0.895063,0.977269,0.477101
N20271107-S010,N20271107,2027-11-07T21:15:00Z,900,true,1.509969,0.877807,0.981722,0.461748
N20271107-S011,N20271107,2027-11-07T21:30:00Z,900,true,1.549098,0.885397,0.992927,0.462502
N20271107-S012,N20271107,2027-11-07T21:45:00Z,900,true,1.521017,0.861977,1.008945,0.442347
N20271107-S013,N20271107,2027-11-07T22:00:00Z,900,true,1.558998,0.879737,1.011977,0.482691
N20271107-S014,N20271107,2027-11-07T22:15:00Z,900,true,1.549677,0.855398,1.002965,0.471640
N20271107-S015,N20271107,2027-11-07T22:30:00Z,900,true,1.512926,0.856418,0.997032,0.490324
N20271107-S016,N20271107,2027-11-07T22:45:00Z,900,true,1.444541,0.847627,1.032911,0.447558
N20271107-S017,N20271107,2027-11-07T23:00:00Z,900,true,1.428623,0.826841,1.029333,0.470903
N20271107-S018,N20271107,2027-11-07T23:15:00Z,900,true,1.436768,0.835426,1.039113,0.477539
N20271107-S019,N20271107,2027-11-07T23:30:00Z,900,true,1.483404,0.843725,1.008649,0.478220
N20271107-S020,N20271107,2027-11-07T23:45:00Z,900,true,1.470396,0.851379,1.011865,0.468504
N20271107-S021,N20271107,2027-11-08T00:00:00Z,900,true,1.495082,0.852999,1.024601,0.467823
N20271107-S022,N20271107,2027-11-08T00:15:00Z,900,true,1.473672,0.863225,1.001729,0.476368
N20271107-S023,N20271107,2027-11-08T00:30:00Z,900,true,1.500628,0.852203,1.005424,0.466527
N20271107-S024,N20271107,2027-11-08T00:45:00Z,900,true,1.434709,0.851259,1.003539,0.443300
N20271107-S025,N20271107,2027-11-08T01:00:00Z,900,true,1.422966,0.861608,1.013818,0.441826
N20271107-S026,N20271107,2027-11-08T01:15:00Z,900,true,1.418566,0.876616,0.999429,0.445895
N20271107-S027,N20271107,2027-11-08T01:30:00Z,900,true,1.409371,0.870628,1.020901,0.479858
N20271107-S028,N20271107,2027-11-08T01:45:00Z,900,true,1.391747,0.879652,1.013128,0.485788
N20271108-S001,N20271108,2027-11-08T19:00:00Z,900,true,1.469602,0.855805,0.881639,0.449607
N20271108-S002,N20271108,2027-11-08T19:15:00Z,900,true,1.424848,0.873221,0.878493,0.488984
N20271108-S003,N20271108,2027-11-08T19:30:00Z,900,true,1.439249,0.864294,0.885433,0.479222
N20271108-S004,N20271108,2027-11-08T19:45:00Z,900,true,1.493650,0.867280,0.872025,0.474424
N20271108-S005,N20271108,2027-11-08T20:00:00Z,900,false,,,,
N20271108-S006,N20271108,2027-11-08T20:15:00Z,900,false,,,,
N20271108-S007,N20271108,2027-11-08T20:30:00Z,900,false,,,,
N20271108-S008,N20271108,2027-11-08T20:45:00Z,900,false,,,,
N20271108-S009,N20271108,2027-11-08T21:00:00Z,900,true,1.562172,0.883014,0.913292,0.475025
N20271108-S010,N20271108,2027-11-08T21:15:00Z,900,true,1.579354,0.873303,0.896751,0.475170
N20271108-S011,N20271108,2027-11-08T21:30:00Z,900,true,1.620767,0.876738,0.871878,0.469408
N20271108-S012,N20271108,2027-11-08T21:45:00Z,900,true,1.658266,0.864036,0.862564,0.484090
N20271108-S013,N20271108,2027-11-08T22:00:00Z,900,true,1.665343,0.854437,0.860094,0.461617
N20271108-S014,N20271108,2027-11-08T22:15:00Z,900,true,1.636886,0.846819,0.826853,0.453502
N20271108-S015,N20271108,2027-11-08T22:30:00Z,900,true,1.640790,0.855711,0.817032,0.487533
N20271108-S016,N20271108,2027-11-08T22:45:00Z,900,true,1.555973,0.874515,0.848296,0.443068
N20271108-S017,N20271108,2027-11-08T23:00:00Z,900,true,1.525338,0.881066,0.850140,0.453311
N20271108-S018,N20271108,2027-11-08T23:15:00Z,900,true,1.530709,0.873276,0.846171,0.453451
N20271108-S019,N20271108,2027-11-08T23:30:00Z,900,true,1.535836,0.856702,0.862391,0.462676
N20271108-S020,N20271108,2027-11-08T23:45:00Z,900,true,1.504900,0.871881,0.868664,0.447075
N20271108-S021,N20271108,2027-11-09T00:00:00Z,900,true,1.503572,0.880138,0.889397,0.447740
N20271108-S022,N20271108,2027-11-09T00:15:00Z,900,true,1.464316,0.879557,0.899206,0.480428
N20271108-S023,N20271108,2027-11-09T00:30:00Z,900,true,1.440645,0.896333,0.875805,0.473548
N20271108-S024,N20271108,2027-11-09T00:45:00Z,900,true,1.446754,0.908074,0.867973,0.457639
N20271108-S025,N20271108,2027-11-09T01:00:00Z,900,true,1.429118,0.916356,0.892607,0.467366
N20271108-S026,N20271108,2027-11-09T01:15:00Z,900,true,1.395738,0.918965,0.864243,0.458570
N20271108-S027,N20271108,2027-11-09T01:30:00Z,900,true,1.431768,0.895499,0.857001,0.461476
N20271108-S028,N20271108,2027-11-09T01:45:00Z,900,true,1.372464,0.880263,0.866665,0.448690
N20271109-S001,N20271109,2027-11-09T19:00:00Z,900,true,1.338359,0.878611,0.810074,0.446713
N20271109-S002,N20271109,2027-11-09T19:15:00Z,900,true,1.300364,0.887010,0.786756,0.477626
N20271109-S003,N20271109,2027-11-09T19:30:00Z,900,true,1.363355,0.894007,0.771389,0.463537
N20271109-S004,N20271109,2027-11-09T19:45:00Z,900,true,1.368303,0.903640,0.797591,0.453385
N20271109-S005,N20271109,2027-11-09T20:00:00Z,900,true,1.384949,0.914268,0.811256,0.475529
N20271109-S006,N20271109,2027-11-09T20:15:00Z,900,true,1.410153,0.921574,0.823840,0.453826
N20271109-S007,N20271109,2027-11-09T20:30:00Z,900,true,1.466258,0.934652,0.820657,0.443172
N20271109-S008,N20271109,2027-11-09T20:45:00Z,900,true,1.483615,0.926431,0.855160,0.474587
N20271109-S009,N20271109,2027-11-09T21:00:00Z,900,false,,,,
N20271109-S010,N20271109,2027-11-09T21:15:00Z,900,false,,,,
N20271109-S011,N20271109,2027-11-09T21:30:00Z,900,false,,,,
N20271109-S012,N20271109,2027-11-09T21:45:00Z,900,true,1.431366,0.908168,0.841822,0.474841
N20271109-S013,N20271109,2027-11-09T22:00:00Z,900,true,1.416447,0.886893,0.839038,0.470448
N20271109-S014,N20271109,2027-11-09T22:15:00Z,900,true,1.406139,0.892868,0.819538,0.467647
N20271109-S015,N20271109,2027-11-09T22:30:00Z,900,true,1.464362,0.888054,0.811334,0.482140
N20271109-S016,N20271109,2027-11-09T22:45:00Z,900,true,1.496434,0.901090,0.812261,0.453404
N20271109-S017,N20271109,2027-11-09T23:00:00Z,900,true,1.441580,0.897048,0.820890,0.471993
N20271109-S018,N20271109,2027-11-09T23:15:00Z,900,true,1.448162,0.900850,0.830704,0.481907
N20271109-S019,N20271109,2027-11-09T23:30:00Z,900,true,1.463063,0.889241,0.841656,0.457734
N20271109-S020,N20271109,2027-11-09T23:45:00Z,900,true,1.431771,0.881241,0.833982,0.453145
N20271109-S021,N20271109,2027-11-10T00:00:00Z,900,true,1.389735,0.870324,0.841626,0.469001
N20271109-S022,N20271109,2027-11-10T00:15:00Z,900,true,1.418130,0.863889,0.842280,0.464733
N20271109-S023,N20271109,2027-11-10T00:30:00Z,900,true,1.423324,0.886573,0.839929,0.462510
N20271109-S024,N20271109,2027-11-10T00:45:00Z,900,true,1.442981,0.895935,0.849162,0.456881
N20271109-S025,N20271109,2027-11-10T01:00:00Z,900,true,1.445616,0.895169,0.829907,0.488036
N20271109-S026,N20271109,2027-11-10T01:15:00Z,900,true,1.394356,0.875865,0.851974,0.458902
N20271109-S027,N20271109,2027-11-10T01:30:00Z,900,true,1.334017,0.869756,0.835674,0.471872
N20271109-S028,N20271109,2027-11-10T01:45:00Z,900,true,1.306768,0.871065,0.825733,0.484596
N20271110-S001,N20271110,2027-11-10T19:00:00Z,900,true,1.260966,0.874372,0.763975,0.473043
N20271110-S002,N20271110,2027-11-10T19:15:00Z,900,true,1.311570,0.860402,0.763014,0.461823
N20271110-S003,N20271110,2027-11-10T19:30:00Z,900,true,1.268945,0.867694,0.764186,0.457512
N20271110-S004,N20271110,2027-11-10T19:45:00Z,900,true,1.252463,0.872091,0.779084,0.451008
N20271110-S005,N20271110,2027-11-10T20:00:00Z,900,true,1.230101,0.883585,0.781759,0.464494
N20271110-S006,N20271110,2027-11-10T20:15:00Z,900,true,1.161585,0.868542,0.763304,0.476508
N20271110-S007,N20271110,2027-11-10T20:30:00Z,900,true,1.156799,0.896376,0.767082,0.482668
N20271110-S008,N20271110,2027-11-10T20:45:00Z,900,true,1.201297,0.902722,0.768673,0.451280
N20271110-S009,N20271110,2027-11-10T21:00:00Z,900,true,1.218356,0.883365,0.733683,0.445549
N20271110-S010,N20271110,2027-11-10T21:15:00Z,900,true,1.204913,0.886060,0.746472,0.446648
N20271110-S011,N20271110,2027-11-10T21:30:00Z,900,true,1.246044,0.895580,0.770755,0.480972
N20271110-S012,N20271110,2027-11-10T21:45:00Z,900,true,1.221087,0.895528,0.796067,0.445155
N20271110-S013,N20271110,2027-11-10T22:00:00Z,900,true,1.216556,0.911240,0.804740,0.471213
N20271110-S014,N20271110,2027-11-10T22:15:00Z,900,true,1.172590,0.904824,0.823271,0.468474
N20271110-S015,N20271110,2027-11-10T22:30:00Z,900,true,1.193144,0.918867,0.833897,0.452076
N20271110-S016,N20271110,2027-11-10T22:45:00Z,900,true,1.204957,0.908571,0.856006,0.447178
N20271110-S017,N20271110,2027-11-10T23:00:00Z,900,true,1.207248,0.905933,0.855303,0.482566
N20271110-S018,N20271110,2027-11-10T23:15:00Z,900,true,1.210787,0.902677,0.807055,0.477348
N20271110-S019,N20271110,2027-11-10T23:30:00Z,900,true,1.220167,0.909862,0.775334,0.482219
N20271110-S020,N20271110,2027-11-10T23:45:00Z,900,true,1.205192,0.899751,0.785234,0.464414
N20271110-S021,N20271110,2027-11-11T00:00:00Z,900,true,1.195006,0.918313,0.786667,0.456731
N20271110-S022,N20271110,2027-11-11T00:15:00Z,900,true,1.199597,0.911027,0.794730,0.457889
N20271110-S023,N20271110,2027-11-11T00:30:00Z,900,true,1.150242,0.924972,0.780895,0.466823
N20271110-S024,N20271110,2027-11-11T00:45:00Z,900,true,1.233527,0.917583,0.759050,0.448739
N20271110-S025,N20271110,2027-11-11T01:00:00Z,900,true,1.255524,0.908657,0.750549,0.471480
N20271110-S026,N20271110,2027-11-11T01:15:00Z,900,true,1.227968,0.890562,0.756471,0.487619
N20271110-S027,N20271110,2027-11-11T01:30:00Z,900,true,1.206631,0.880991,0.794823,0.442390
N20271110-S028,N20271110,2027-11-11T01:45:00Z,900,true,1.193396,0.901658,0.805904,0.453544
N20271111-S001,N20271111,2027-11-11T19:00:00Z,900,true,1.275817,0.957788,0.800396,0.477503
N20271111-S002,N20271111,2027-11-11T19:15:00Z,900,true,1.284693,0.960584,0.818894,0.474266
N20271111-S003,N20271111,2027-11-11T19:30:00Z,900,true,1.285009,0.925703,0.853586,0.461557
N20271111-S004,N20271111,2027-11-11T19:45:00Z,900,true,1.222937,0.912268,0.860530,0.479728
N20271111-S005,N20271111,2027-11-11T20:00:00Z,900,true,1.209795,0.926051,0.841766,0.442584
N20271111-S006,N20271111,2027-11-11T20:15:00Z,900,true,1.194724,0.919506,0.844192,0.478040
N20271111-S007,N20271111,2027-11-11T20:30:00Z,900,true,1.192210,0.916089,0.828443,0.478475
N20271111-S008,N20271111,2027-11-11T20:45:00Z,900,true,1.204387,0.908794,0.833295,0.468016
N20271111-S009,N20271111,2027-11-11T21:00:00Z,900,true,1.235046,0.913090,0.823895,0.486587
N20271111-S010,N20271111,2027-11-11T21:15:00Z,900,true,1.198493,0.926786,0.813438,0.460985
N20271111-S011,N20271111,2027-11-11T21:30:00Z,900,true,1.241397,0.962529,0.802843,0.485469
N20271111-S012,N20271111,2027-11-11T21:45:00Z,900,true,1.242105,0.962727,0.798311,0.447061
N20271111-S013,N20271111,2027-11-11T22:00:00Z,900,true,1.229800,0.959282,0.784976,0.483206
N20271111-S014,N20271111,2027-11-11T22:15:00Z,900,true,1.316400,0.962281,0.772738,0.460242
N20271111-S015,N20271111,2027-11-11T22:30:00Z,900,true,1.284299,0.967667,0.794959,0.487970
N20271111-S016,N20271111,2027-11-11T22:45:00Z,900,true,1.284053,0.957615,0.810861,0.484356
N20271111-S017,N20271111,2027-11-11T23:00:00Z,900,true,1.269466,0.960240,0.819720,0.462250
N20271111-S018,N20271111,2027-11-11T23:15:00Z,900,true,1.219965,0.952140,0.816465,0.483164
N20271111-S019,N20271111,2027-11-11T23:30:00Z,900,true,1.206042,0.946893,0.818856,0.481910
N20271111-S020,N20271111,2027-11-11T23:45:00Z,900,true,1.221911,0.946528,0.801967,0.461042
N20271111-S021,N20271111,2027-11-12T00:00:00Z,900,true,1.202864,0.942392,0.832345,0.458713
N20271111-S022,N20271111,2027-11-12T00:15:00Z,900,true,1.153468,0.950416,0.842518,0.479684
N20271111-S023,N20271111,2027-11-12T00:30:00Z,900,true,1.162379,0.963428,0.849945,0.443114
N20271111-S024,N20271111,2027-11-12T00:45:00Z,900,true,1.141305,0.969976,0.850880,0.473221
N20271111-S025,N20271111,2027-11-12T01:00:00Z,900,true,1.157414,0.978640,0.865621,0.474246
N20271111-S026,N20271111,2027-11-12T01:15:00Z,900,true,1.140883,0.983883,0.893481,0.457985
N20271111-S027,N20271111,2027-11-12T01:30:00Z,900,true,1.133854,0.972884,0.872480,0.453202
N20271111-S028,N20271111,2027-11-12T01:45:00Z,900,true,1.162850,0.980327,0.873854,0.479029
N20271112-S001,N20271112,2027-11-12T19:00:00Z,900,true,1.230315,0.902051,0.870088,0.451727
N20271112-S002,N20271112,2027-11-12T19:15:00Z,900,true,1.216845,0.904595,0.866618,0.455509
N20271112-S003,N20271112,2027-11-12T19:30:00Z,900,true,1.203374,0.897658,0.882145,0.455346
N20271112-S004,N20271112,2027-11-12T19:45:00Z,900,true,1.207728,0.900795,0.891282,0.470193
N20271112-S005,N20271112,2027-11-12T20:00:00Z,900,true,1.175743,0.911641,0.913781,0.450529
N20271112-S006,N20271112,2027-11-12T20:15:00Z,900,true,1.204809,0.887704,0.937201,0.466830
N20271112-S007,N20271112,2027-11-12T20:30:00Z,900,true,1.209935,0.896160,0.921147,0.474645
N20271112-S008,N20271112,2027-11-12T20:45:00Z,900,true,1.230516,0.876545,0.931658,0.489968
N20271112-S009,N20271112,2027-11-12T21:00:00Z,900,true,1.248460,0.885755,0.960817,0.482474
N20271112-S010,N20271112,2027-11-12T21:15:00Z,900,true,1.265574,0.897334,0.937639,0.481403
N20271112-S011,N20271112,2027-11-12T21:30:00Z,900,true,1.289857,0.927114,0.918458,0.477582
N20271112-S012,N20271112,2027-11-12T21:45:00Z,900,true,1.242715,0.929837,0.939917,0.442670
N20271112-S013,N20271112,2027-11-12T22:00:00Z,900,true,1.299384,0.899811,0.944146,0.478159
N20271112-S014,N20271112,2027-11-12T22:15:00Z,900,true,1.308674,0.891333,0.930952,0.475141
N20271112-S015,N20271112,2027-11-12T22:30:00Z,900,true,1.269841,0.897608,0.928931,0.472710
N20271112-S016,N20271112,2027-11-12T22:45:00Z,900,true,1.288690,0.906700,0.931235,0.471083
N20271112-S017,N20271112,2027-11-12T23:00:00Z,900,true,1.286333,0.901820,0.913220,0.448333
N20271112-S018,N20271112,2027-11-12T23:15:00Z,900,true,1.278844,0.900807,0.913887,0.477843
N20271112-S019,N20271112,2027-11-12T23:30:00Z,900,true,1.211738,0.915202,0.898811,0.460206
N20271112-S020,N20271112,2027-11-12T23:45:00Z,900,true,1.241628,0.900027,0.915213,0.489970
N20271112-S021,N20271112,2027-11-13T00:00:00Z,900,true,1.228440,0.895870,0.903438,0.449477
N20271112-S022,N20271112,2027-11-13T00:15:00Z,900,true,1.287128,0.905778,0.888663,0.463998
N20271112-S023,N20271112,2027-11-13T00:30:00Z,900,true,1.355576,0.909859,0.891148,0.474923
N20271112-S024,N20271112,2027-11-13T00:45:00Z,900,true,1.330176,0.923389,0.894929,0.489897
N20271112-S025,N20271112,2027-11-13T01:00:00Z,900,true,1.397535,0.918168,0.904105,0.483699
N20271112-S026,N20271112,2027-11-13T01:15:00Z,900,true,1.332623,0.902763,0.950678,0.445809
N20271112-S027,N20271112,2027-11-13T01:30:00Z,900,true,1.318933,0.912841,0.959873,0.450486
N20271112-S028,N20271112,2027-11-13T01:45:00Z,900,true,1.355368,0.912996,0.975031,0.455034
N20271113-S001,N20271113,2027-11-13T19:15:00Z,900,true,1.216245,0.963397,0.853271,0.454414
N20271113-S002,N20271113,2027-11-13T19:30:00Z,900,true,1.149505,0.970953,0.835804,0.485257
N20271113-S003,N20271113,2027-11-13T19:45:00Z,900,true,1.180038,0.960991,0.813592,0.449603
N20271113-S004,N20271113,2027-11-13T20:00:00Z,900,true,1.200942,0.953736,0.824307,0.482919
N20271113-S005,N20271113,2027-11-13T20:15:00Z,900,true,1.135885,0.920276,0.831313,0.476686
N20271113-S006,N20271113,2027-11-13T20:30:00Z,900,true,1.181692,0.919850,0.847905,0.482045
N20271113-S007,N20271113,2027-11-13T20:45:00Z,900,true,1.173327,0.928773,0.858189,0.458630
N20271113-S008,N20271113,2027-11-13T21:00:00Z,900,true,1.165203,0.938497,0.870623,0.446214
N20271113-S009,N20271113,2027-11-13T21:15:00Z,900,true,1.384663,0.643415,0.670729,0.482822
N20271113-S010,N20271113,2027-11-13T21:30:00Z,900,true,1.394731,0.646299,0.662776,0.461483
N20271113-S011,N20271113,2027-11-13T21:45:00Z,900,true,1.418282,0.639991,0.658227,0.463281
N20271113-S012,N20271113,2027-11-13T22:00:00Z,900,true,1.418033,0.656518,0.677852,0.444569
N20271113-S013,N20271113,2027-11-13T22:15:00Z,900,true,1.437848,0.667346,0.685206,0.455633
N20271113-S014,N20271113,2027-11-13T22:30:00Z,900,true,1.416048,0.651050,0.700406,0.461780
N20271113-S015,N20271113,2027-11-13T22:45:00Z,900,true,1.436348,0.636794,0.713040,0.446291
N20271113-S016,N20271113,2027-11-13T23:00:00Z,900,true,1.500423,0.640674,0.710883,0.480469
N20271113-S017,N20271113,2027-11-13T23:15:00Z,900,true,1.441231,0.647533,0.706752,0.455495
N20271113-S018,N20271113,2027-11-13T23:30:00Z,900,true,1.443278,0.628929,0.700215,0.446195
N20271113-S019,N20271113,2027-11-13T23:45:00Z,900,true,1.460722,0.625418,0.683827,0.462937
N20271113-S020,N20271113,2027-11-14T00:00:00Z,900,true,1.492022,0.632812,0.675660,0.484191
N20271113-S021,N20271113,2027-11-14T00:15:00Z,900,true,1.222789,0.924685,0.887293,0.444048
N20271113-S022,N20271113,2027-11-14T00:30:00Z,900,true,1.160286,0.920302,0.918808,0.479190
N20271113-S023,N20271113,2027-11-14T00:45:00Z,900,true,1.160838,0.930726,0.938688,0.448488
N20271113-S024,N20271113,2027-11-14T01:00:00Z,900,true,1.140348,0.928268,0.918582,0.459392
N20271113-S025,N20271113,2027-11-14T01:15:00Z,900,true,1.106594,0.905432,0.887509,0.444279
N20271113-S026,N20271113,2027-11-14T01:30:00Z,900,true,1.081842,0.921002,0.899642,0.455969
N20271114-S001,N20271114,2027-11-14T19:15:00Z,900,true,1.174382,0.915162,0.827877,0.470005
N20271114-S002,N20271114,2027-11-14T19:30:00Z,900,true,1.118078,0.905560,0.837328,0.487370
N20271114-S003,N20271114,2027-11-14T19:45:00Z,900,false,,,,
N20271114-S004,N20271114,2027-11-14T20:00:00Z,900,false,,,,
N20271114-S005,N20271114,2027-11-14T20:15:00Z,900,false,,,,
N20271114-S006,N20271114,2027-11-14T20:30:00Z,900,false,,,,
N20271114-S007,N20271114,2027-11-14T20:45:00Z,900,false,,,,
N20271114-S008,N20271114,2027-11-14T21:00:00Z,900,false,,,,
N20271114-S009,N20271114,2027-11-14T21:15:00Z,900,false,,,,
N20271114-S010,N20271114,2027-11-14T21:30:00Z,900,false,,,,
N20271114-S011,N20271114,2027-11-14T21:45:00Z,900,false,,,,
N20271114-S012,N20271114,2027-11-14T22:00:00Z,900,false,,,,
N20271114-S013,N20271114,2027-11-14T22:15:00Z,900,false,,,,
N20271114-S014,N20271114,2027-11-14T22:30:00Z,900,false,,,,
N20271114-S015,N20271114,2027-11-14T22:45:00Z,900,false,,,,
N20271114-S016,N20271114,2027-11-14T23:00:00Z,900,false,,,,
N20271114-S017,N20271114,2027-11-14T23:15:00Z,900,false,,,,
N20271114-S018,N20271114,2027-11-14T23:30:00Z,900,false,,,,
N20271114-S019,N20271114,2027-11-14T23:45:00Z,900,false,,,,
N20271114-S020,N20271114,2027-11-15T00:00:00Z,900,false,,,,
N20271114-S021,N20271114,2027-11-15T00:15:00Z,900,false,,,,
N20271114-S022,N20271114,2027-11-15T00:30:00Z,900,false,,,,
N20271114-S023,N20271114,2027-11-15T00:45:00Z,900,false,,,,
N20271114-S024,N20271114,2027-11-15T01:00:00Z,900,false,,,,
N20271114-S025,N20271114,2027-11-15T01:15:00Z,900,false,,,,
N20271114-S026,N20271114,2027-11-15T01:30:00Z,900,true,1.157319,0.852294,0.856349,0.469238
N20271115-S001,N20271115,2027-11-15T19:15:00Z,900,true,1.171005,0.877116,0.767810,0.445845
N20271115-S002,N20271115,2027-11-15T19:30:00Z,900,true,1.232292,0.886869,0.768448,0.473903
N20271115-S003,N20271115,2027-11-15T19:45:00Z,900,true,1.215765,0.913029,0.797530,0.480098
N20271115-S004,N20271115,2027-11-15T20:00:00Z,900,true,1.220293,0.893567,0.792577,0.456326
N20271115-S005,N20271115,2027-11-15T20:15:00Z,900,true,1.208163,0.880980,0.782306,0.445283
N20271115-S006,N20271115,2027-11-15T20:30:00Z,900,true,1.181766,0.881058,0.794622,0.476462
N20271115-S007,N20271115,2027-11-15T20:45:00Z,900,true,1.185780,0.869980,0.799615,0.485927
N20271115-S008,N20271115,2027-11-15T21:00:00Z,900,true,1.222924,0.862999,0.781289,0.477670
N20271115-S009,N20271115,2027-11-15T21:15:00Z,900,true,1.219566,0.872441,0.777484,0.486257
N20271115-S010,N20271115,2027-11-15T21:30:00Z,900,true,1.205497,0.879867,0.786335,0.473824
N20271115-S011,N20271115,2027-11-15T21:45:00Z,900,true,1.216337,0.888404,0.758233,0.478730
N20271115-S012,N20271115,2027-11-15T22:00:00Z,900,true,1.214163,0.882521,0.735708,0.473914
N20271115-S013,N20271115,2027-11-15T22:15:00Z,900,true,1.249543,0.887222,0.702861,0.450201
N20271115-S014,N20271115,2027-11-15T22:30:00Z,900,true,1.284596,0.900022,0.699538,0.487733
N20271115-S015,N20271115,2027-11-15T22:45:00Z,900,true,1.313899,0.875030,0.680914,0.474002
N20271115-S016,N20271115,2027-11-15T23:00:00Z,900,true,1.249963,0.868041,0.697964,0.481675
N20271115-S017,N20271115,2027-11-15T23:15:00Z,900,true,1.206637,0.881188,0.729635,0.445601
N20271115-S018,N20271115,2027-11-15T23:30:00Z,900,true,1.244509,0.876103,0.708340,0.472423
N20271115-S019,N20271115,2027-11-15T23:45:00Z,900,true,1.292087,0.885345,0.726002,0.451075
N20271115-S020,N20271115,2027-11-16T00:00:00Z,900,true,1.231392,0.911647,0.728308,0.486269
N20271115-S021,N20271115,2027-11-16T00:15:00Z,900,true,1.285792,0.926905,0.737914,0.459180
N20271115-S022,N20271115,2027-11-16T00:30:00Z,900,true,1.253163,0.910744,0.744935,0.468733
N20271115-S023,N20271115,2027-11-16T00:45:00Z,900,true,1.288542,0.912086,0.755775,0.476236
N20271115-S024,N20271115,2027-11-16T01:00:00Z,900,true,1.247753,0.901250,0.758322,0.479486
N20271115-S025,N20271115,2027-11-16T01:15:00Z,900,false,,,,
N20271115-S026,N20271115,2027-11-16T01:30:00Z,900,false,,,,
N20271116-S001,N20271116,2027-11-16T19:15:00Z,900,false,,,,
N20271116-S002,N20271116,2027-11-16T19:30:00Z,900,false,,,,
N20271116-S003,N20271116,2027-11-16T19:45:00Z,900,false,,,,
N20271116-S004,N20271116,2027-11-16T20:00:00Z,900,false,,,,
N20271116-S005,N20271116,2027-11-16T20:15:00Z,900,false,,,,
N20271116-S006,N20271116,2027-11-16T20:30:00Z,900,false,,,,
N20271116-S007,N20271116,2027-11-16T20:45:00Z,900,false,,,,
N20271116-S008,N20271116,2027-11-16T21:00:00Z,900,false,,,,
N20271116-S009,N20271116,2027-11-16T21:15:00Z,900,false,,,,
N20271116-S010,N20271116,2027-11-16T21:30:00Z,900,false,,,,
N20271116-S011,N20271116,2027-11-16T21:45:00Z,900,false,,,,
N20271116-S012,N20271116,2027-11-16T22:00:00Z,900,false,,,,
N20271116-S013,N20271116,2027-11-16T22:15:00Z,900,false,,,,
N20271116-S014,N20271116,2027-11-16T22:30:00Z,900,false,,,,
N20271116-S015,N20271116,2027-11-16T22:45:00Z,900,false,,,,
N20271116-S016,N20271116,2027-11-16T23:00:00Z,900,false,,,,
N20271116-S017,N20271116,2027-11-16T23:15:00Z,900,false,,,,
N20271116-S018,N20271116,2027-11-16T23:30:00Z,900,false,,,,
N20271116-S019,N20271116,2027-11-16T23:45:00Z,900,false,,,,
N20271116-S020,N20271116,2027-11-17T00:00:00Z,900,false,,,,
N20271116-S021,N20271116,2027-11-17T00:15:00Z,900,false,,,,
N20271116-S022,N20271116,2027-11-17T00:30:00Z,900,false,,,,
N20271116-S023,N20271116,2027-11-17T00:45:00Z,900,false,,,,
N20271116-S024,N20271116,2027-11-17T01:00:00Z,900,false,,,,
N20271116-S025,N20271116,2027-11-17T01:15:00Z,900,false,,,,
N20271116-S026,N20271116,2027-11-17T01:30:00Z,900,true,0.888131,0.904167,0.662623,0.444083
N20271117-S001,N20271117,2027-11-17T19:15:00Z,900,true,0.897777,0.879365,0.717308,0.468881
N20271117-S002,N20271117,2027-11-17T19:30:00Z,900,true,0.998632,0.889598,0.696680,0.472134
N20271117-S003,N20271117,2027-11-17T19:45:00Z,900,true,1.009055,0.871301,0.692506,0.469512
N20271117-S004,N20271117,2027-11-17T20:00:00Z,900,true,1.131506,0.619144,0.561601,0.446186
N20271117-S005,N20271117,2027-11-17T20:15:00Z,900,true,1.085620,0.621396,0.565602,0.488314
N20271117-S006,N20271117,2027-11-17T20:30:00Z,900,true,1.027571,0.615430,0.568618,0.474100
N20271117-S007,N20271117,2027-11-17T20:45:00Z,900,true,1.021417,0.623025,0.560370,0.444709
N20271117-S008,N20271117,2027-11-17T21:00:00Z,900,true,0.960011,0.623645,0.581481,0.456767
N20271117-S009,N20271117,2027-11-17T21:15:00Z,900,true,0.959524,0.627738,0.583310,0.477922
N20271117-S010,N20271117,2027-11-17T21:30:00Z,900,true,0.989314,0.618436,0.596017,0.462032
N20271117-S011,N20271117,2027-11-17T21:45:00Z,900,true,1.000501,0.630049,0.582479,0.490780
N20271117-S012,N20271117,2027-11-17T22:00:00Z,900,true,0.912367,0.632215,0.542468,0.465130
N20271117-S013,N20271117,2027-11-17T22:15:00Z,900,true,0.862217,0.639070,0.559250,0.464460
N20271117-S014,N20271117,2027-11-17T22:30:00Z,900,true,0.925386,0.630143,0.571088,0.470147
N20271117-S015,N20271117,2027-11-17T22:45:00Z,900,true,0.992522,0.631661,0.581129,0.476674
N20271117-S016,N20271117,2027-11-17T23:00:00Z,900,true,1.037720,0.644535,0.573171,0.445293
N20271117-S017,N20271117,2027-11-17T23:15:00Z,900,true,1.025110,0.651516,0.554220,0.455793
N20271117-S018,N20271117,2027-11-17T23:30:00Z,900,true,1.046555,0.664167,0.574728,0.443733
N20271117-S019,N20271117,2027-11-17T23:45:00Z,900,true,1.083310,0.640689,0.581105,0.447516
N20271117-S020,N20271117,2027-11-18T00:00:00Z,900,true,1.103101,0.636707,0.593036,0.445338
N20271117-S021,N20271117,2027-11-18T00:15:00Z,900,true,1.103309,0.645952,0.591632,0.450325
N20271117-S022,N20271117,2027-11-18T00:30:00Z,900,true,1.094042,0.641365,0.586952,0.477450
N20271117-S023,N20271117,2027-11-18T00:45:00Z,900,true,1.159337,0.648738,0.569325,0.448682
N20271117-S024,N20271117,2027-11-18T01:00:00Z,900,true,1.141368,0.640487,0.574322,0.463963
N20271117-S025,N20271117,2027-11-18T01:15:00Z,900,true,1.110952,0.644696,0.564017,0.466611
N20271117-S026,N20271117,2027-11-18T01:30:00Z,900,true,1.121818,0.639271,0.567082,0.441884
N20271118-S001,N20271118,2027-11-18T19:15:00Z,900,true,1.135426,0.645387,0.654657,0.478381
N20271118-S002,N20271118,2027-11-18T19:30:00Z,900,true,1.131766,0.646130,0.648948,0.452430
N20271118-S003,N20271118,2027-11-18T19:45:00Z,900,true,1.091939,0.655765,0.675163,0.445537
N20271118-S004,N20271118,2027-11-18T20:00:00Z,900,true,1.047514,0.656961,0.676808,0.467896
N20271118-S005,N20271118,2027-11-18T20:15:00Z,900,true,1.007381,0.645540,0.699690,0.472184
N20271118-S006,N20271118,2027-11-18T20:30:00Z,900,true,0.962391,0.659578,0.706920,0.459806
N20271118-S007,N20271118,2027-11-18T20:45:00Z,900,true,0.849643,0.920198,0.897624,0.451217
N20271118-S008,N20271118,2027-11-18T21:00:00Z,900,false,,,,
N20271118-S009,N20271118,2027-11-18T21:15:00Z,900,true,0.863128,0.913652,0.877712,0.447385
N20271118-S010,N20271118,2027-11-18T21:30:00Z,900,true,0.873003,0.914165,0.856366,0.469684
N20271118-S011,N20271118,2027-11-18T21:45:00Z,900,true,0.852216,0.899515,0.837487,0.481013
N20271118-S012,N20271118,2027-11-18T22:00:00Z,900,true,0.851237,0.892547,0.820032,0.464429
N20271118-S013,N20271118,2027-11-18T22:15:00Z,900,true,0.894081,0.898283,0.821251,0.485406
N20271118-S014,N20271118,2027-11-18T22:30:00Z,900,true,0.920845,0.888292,0.797110,0.473378
N20271118-S015,N20271118,2027-11-18T22:45:00Z,900,true,0.916419,0.871916,0.818806,0.474104
N20271118-S016,N20271118,2027-11-18T23:00:00Z,900,true,0.856973,0.866135,0.821526,0.466737
N20271118-S017,N20271118,2027-11-18T23:15:00Z,900,true,0.849616,0.856434,0.811148,0.481095
N20271118-S018,N20271118,2027-11-18T23:30:00Z,900,true,0.978778,0.867747,0.796401,0.469826
N20271118-S019,N20271118,2027-11-18T23:45:00Z,900,true,0.931208,0.869501,0.816772,0.464841
N20271118-S020,N20271118,2027-11-19T00:00:00Z,900,true,0.934242,0.879414,0.806585,0.466550
N20271118-S021,N20271118,2027-11-19T00:15:00Z,900,true,0.944953,0.861876,0.801427,0.490019
N20271118-S022,N20271118,2027-11-19T00:30:00Z,900,true,1.160545,0.525737,0.561726,0.444774
N20271118-S023,N20271118,2027-11-19T00:45:00Z,900,true,1.205906,0.518886,0.565508,0.457029
N20271118-S024,N20271118,2027-11-19T01:00:00Z,900,true,1.256338,0.509035,0.568276,0.451770
N20271118-S025,N20271118,2027-11-19T01:15:00Z,900,true,1.208411,0.517933,0.567283,0.469239
N20271118-S026,N20271118,2027-11-19T01:30:00Z,900,true,1.245286,0.523038,0.563680,0.446788
N20271119-S001,N20271119,2027-11-19T19:15:00Z,900,true,1.333399,0.541145,0.572422,0.489519
N20271119-S002,N20271119,2027-11-19T19:30:00Z,900,true,1.331018,0.541346,0.574050,0.463543
N20271119-S003,N20271119,2027-11-19T19:45:00Z,900,true,1.383148,0.536750,0.575485,0.460111
N20271119-S004,N20271119,2027-11-19T20:00:00Z,900,false,,,,
N20271119-S005,N20271119,2027-11-19T20:15:00Z,900,false,,,,
N20271119-S006,N20271119,2027-11-19T20:30:00Z,900,true,1.408993,0.535849,0.560165,0.442935
N20271119-S007,N20271119,2027-11-19T20:45:00Z,900,true,1.432537,0.530564,0.568419,0.468902
N20271119-S008,N20271119,2027-11-19T21:00:00Z,900,true,1.433198,0.527941,0.580114,0.469948
N20271119-S009,N20271119,2027-11-19T21:15:00Z,900,true,1.440353,0.544086,0.594424,0.470383
N20271119-S010,N20271119,2027-11-19T21:30:00Z,900,true,1.506306,0.551726,0.601654,0.469735
N20271119-S011,N20271119,2027-11-19T21:45:00Z,900,true,1.441867,0.551649,0.610553,0.477957
N20271119-S012,N20271119,2027-11-19T22:00:00Z,900,true,1.405514,0.539846,0.615852,0.477491
N20271119-S013,N20271119,2027-11-19T22:15:00Z,900,true,1.362075,0.544121,0.608962,0.452838
N20271119-S014,N20271119,2027-11-19T22:30:00Z,900,true,1.335803,0.545769,0.591170,0.451693
N20271119-S015,N20271119,2027-11-19T22:45:00Z,900,true,1.349501,0.549430,0.582998,0.473985
N20271119-S016,N20271119,2027-11-19T23:00:00Z,900,true,1.372113,0.549708,0.585850,0.451729
N20271119-S017,N20271119,2027-11-19T23:15:00Z,900,true,1.339419,0.551381,0.594027,0.461690
N20271119-S018,N20271119,2027-11-19T23:30:00Z,900,true,1.356742,0.545099,0.577128,0.463305
N20271119-S019,N20271119,2027-11-19T23:45:00Z,900,true,1.321654,0.563539,0.586136,0.470379
N20271119-S020,N20271119,2027-11-20T00:00:00Z,900,true,1.252583,0.563516,0.600417,0.460334
N20271119-S021,N20271119,2027-11-20T00:15:00Z,900,true,0.972233,0.929851,0.877324,0.459496
N20271119-S022,N20271119,2027-11-20T00:30:00Z,900,true,0.980780,0.935963,0.874014,0.442392
N20271119-S023,N20271119,2027-11-20T00:45:00Z,900,true,0.986800,0.917236,0.855170,0.475283
N20271119-S024,N20271119,2027-11-20T01:00:00Z,900,true,1.018602,0.937784,0.847881,0.450286
N20271119-S025,N20271119,2027-11-20T01:15:00Z,900,true,1.081776,0.937182,0.856131,0.448316
N20271119-S026,N20271119,2027-11-20T01:30:00Z,900,true,1.110750,0.955565,0.846991,0.470670
N20271120-S001,N20271120,2027-11-20T19:15:00Z,900,true,1.085126,0.909191,0.865162,0.488849
N20271120-S002,N20271120,2027-11-20T19:30:00Z,900,false,,,,
N20271120-S003,N20271120,2027-11-20T19:45:00Z,900,true,1.050342,0.917324,0.845739,0.478451
N20271120-S004,N20271120,2027-11-20T20:00:00Z,900,true,1.033989,0.890980,0.847646,0.477527
N20271120-S005,N20271120,2027-11-20T20:15:00Z,900,true,1.026720,0.891446,0.815828,0.449678
N20271120-S006,N20271120,2027-11-20T20:30:00Z,900,true,1.055838,0.885136,0.823736,0.461905
N20271120-S007,N20271120,2027-11-20T20:45:00Z,900,true,1.071920,0.894426,0.799184,0.452591
N20271120-S008,N20271120,2027-11-20T21:00:00Z,900,true,1.086341,0.898869,0.827164,0.466249
N20271120-S009,N20271120,2027-11-20T21:15:00Z,900,true,1.078006,0.873932,0.826142,0.469969
N20271120-S010,N20271120,2027-11-20T21:30:00Z,900,true,1.121637,0.869774,0.804546,0.450745
N20271120-S011,N20271120,2027-11-20T21:45:00Z,900,true,1.108808,0.891615,0.781147,0.467254
N20271120-S012,N20271120,2027-11-20T22:00:00Z,900,true,1.191504,0.892534,0.811678,0.482317
N20271120-S013,N20271120,2027-11-20T22:15:00Z,900,true,1.174715,0.886542,0.805118,0.477029
N20271120-S014,N20271120,2027-11-20T22:30:00Z,900,true,1.125376,0.890336,0.813194,0.467534
N20271120-S015,N20271120,2027-11-20T22:45:00Z,900,true,1.124310,0.883938,0.819650,0.456374
N20271120-S016,N20271120,2027-11-20T23:00:00Z,900,true,1.108152,0.897982,0.821657,0.468994
N20271120-S017,N20271120,2027-11-20T23:15:00Z,900,true,1.077030,0.886918,0.859446,0.474281
N20271120-S018,N20271120,2027-11-20T23:30:00Z,900,true,1.045793,0.895459,0.849921,0.460282
N20271120-S019,N20271120,2027-11-20T23:45:00Z,900,true,1.019236,0.925588,0.857651,0.466542
N20271120-S020,N20271120,2027-11-21T00:00:00Z,900,true,1.037926,0.933489,0.868788,0.482489
N20271120-S021,N20271120,2027-11-21T00:15:00Z,900,true,1.047567,0.920464,0.858926,0.461732
N20271120-S022,N20271120,2027-11-21T00:30:00Z,900,true,1.129548,0.904644,0.860192,0.459188
N20271120-S023,N20271120,2027-11-21T00:45:00Z,900,true,1.143808,0.890408,0.868558,0.484440
N20271120-S024,N20271120,2027-11-21T01:00:00Z,900,true,1.181672,0.892366,0.870662,0.466984
N20271120-S025,N20271120,2027-11-21T01:15:00Z,900,true,1.151758,0.898388,0.867336,0.490673
N20271120-S026,N20271120,2027-11-21T01:30:00Z,900,true,1.145110,0.892715,0.874433,0.484010
N20271121-S001,N20271121,2027-11-21T19:15:00Z,900,true,1.171385,0.909244,0.849897,0.446882
N20271121-S002,N20271121,2027-11-21T19:30:00Z,900,true,1.228388,0.925855,0.834676,0.481428
N20271121-S003,N20271121,2027-11-21T19:45:00Z,900,true,1.201025,0.917453,0.812772,0.467709
N20271121-S004,N20271121,2027-11-21T20:00:00Z,900,true,1.225453,0.930347,0.802642,0.489752
N20271121-S005,N20271121,2027-11-21T20:15:00Z,900,true,1.275688,0.940783,0.800614,0.482353
N20271121-S006,N20271121,2027-11-21T20:30:00Z,900,true,1.324722,0.937926,0.795138,0.448431
N20271121-S007,N20271121,2027-11-21T20:45:00Z,900,true,1.276885,0.938998,0.819536,0.459804
N20271121-S008,N20271121,2027-11-21T21:00:00Z,900,true,1.218619,0.926662,0.817796,0.477474
N20271121-S009,N20271121,2027-11-21T21:15:00Z,900,true,1.193740,0.926492,0.830254,0.477981
N20271121-S010,N20271121,2027-11-21T21:30:00Z,900,true,1.244724,0.935101,0.837427,0.444005
N20271121-S011,N20271121,2027-11-21T21:45:00Z,900,true,1.258842,0.952421,0.829283,0.465371
N20271121-S012,N20271121,2027-11-21T22:00:00Z,900,true,1.297791,0.939246,0.817992,0.476169
N20271121-S013,N20271121,2027-11-21T22:15:00Z,900,true,1.250106,0.926479,0.840076,0.490414
N20271121-S014,N20271121,2027-11-21T22:30:00Z,900,true,1.236955,0.931407,0.838657,0.484123
N20271121-S015,N20271121,2027-11-21T22:45:00Z,900,true,1.232816,0.938722,0.843859,0.467778
N20271121-S016,N20271121,2027-11-21T23:00:00Z,900,true,1.254201,0.935540,0.829760,0.455662
N20271121-S017,N20271121,2027-11-21T23:15:00Z,900,true,1.276482,0.926271,0.843203,0.457845
N20271121-S018,N20271121,2027-11-21T23:30:00Z,900,true,1.234282,0.942131,0.871769,0.453124
N20271121-S019,N20271121,2027-11-21T23:45:00Z,900,true,1.200451,0.946337,0.859749,0.453873
N20271121-S020,N20271121,2027-11-22T00:00:00Z,900,true,1.158629,0.949171,0.875545,0.483634
N20271121-S021,N20271121,2027-11-22T00:15:00Z,900,true,1.152665,0.947130,0.840990,0.482159
N20271121-S022,N20271121,2027-11-22T00:30:00Z,900,true,1.162665,0.933626,0.812834,0.450907
N20271121-S023,N20271121,2027-11-22T00:45:00Z,900,true,1.120106,0.947428,0.816780,0.456756
N20271121-S024,N20271121,2027-11-22T01:00:00Z,900,false,,,,
N20271121-S025,N20271121,2027-11-22T01:15:00Z,900,true,1.149001,0.957538,0.795723,0.459740
N20271121-S026,N20271121,2027-11-22T01:30:00Z,900,true,1.161018,0.954352,0.810599,0.476432
N20271122-S001,N20271122,2027-11-22T19:15:00Z,900,true,1.190850,0.958127,0.924783,0.482163
N20271122-S002,N20271122,2027-11-22T19:30:00Z,900,true,1.226222,0.952753,0.935112,0.471360
N20271122-S003,N20271122,2027-11-22T19:45:00Z,900,true,1.256427,0.960106,0.926267,0.469488
N20271122-S004,N20271122,2027-11-22T20:00:00Z,900,true,1.274208,0.959514,0.916412,0.443748
N20271122-S005,N20271122,2027-11-22T20:15:00Z,900,true,1.266790,0.961549,0.923915,0.442303
N20271122-S006,N20271122,2027-11-22T20:30:00Z,900,true,1.240297,0.957680,0.927674,0.477512
N20271122-S007,N20271122,2027-11-22T20:45:00Z,900,true,1.275010,0.959704,0.918719,0.477740
N20271122-S008,N20271122,2027-11-22T21:00:00Z,900,true,1.236424,0.951852,0.888605,0.458838
N20271122-S009,N20271122,2027-11-22T21:15:00Z,900,true,1.221254,0.959520,0.890311,0.477201
N20271122-S010,N20271122,2027-11-22T21:30:00Z,900,true,1.204199,0.948577,0.912211,0.479265
N20271122-S011,N20271122,2027-11-22T21:45:00Z,900,true,1.198808,0.953318,0.921505,0.487067
N20271122-S012,N20271122,2027-11-22T22:00:00Z,900,true,1.144658,0.942982,0.927385,0.466854
N20271122-S013,N20271122,2027-11-22T22:15:00Z,900,true,1.173166,0.929380,0.939506,0.465361
N20271122-S014,N20271122,2027-11-22T22:30:00Z,900,true,1.167827,0.921696,0.952064,0.455691
N20271122-S015,N20271122,2027-11-22T22:45:00Z,900,true,1.191173,0.916143,0.926285,0.448662
N20271122-S016,N20271122,2027-11-22T23:00:00Z,900,true,1.169004,0.897638,0.939596,0.463686
N20271122-S017,N20271122,2027-11-22T23:15:00Z,900,true,1.241947,0.895517,0.940311,0.476423
N20271122-S018,N20271122,2027-11-22T23:30:00Z,900,true,1.221401,0.913932,0.937517,0.451869
N20271122-S019,N20271122,2027-11-22T23:45:00Z,900,true,1.270959,0.919230,0.933324,0.487473
N20271122-S020,N20271122,2027-11-23T00:00:00Z,900,true,1.258307,0.913845,0.927247,0.479809
N20271122-S021,N20271122,2027-11-23T00:15:00Z,900,true,1.244056,0.935136,0.926449,0.469208
N20271122-S022,N20271122,2027-11-23T00:30:00Z,900,true,1.275887,0.924412,0.913603,0.446891
N20271122-S023,N20271122,2027-11-23T00:45:00Z,900,true,1.300882,0.934687,0.889697,0.486150
N20271122-S024,N20271122,2027-11-23T01:00:00Z,900,true,1.261651,0.925604,0.896015,0.463535
N20271122-S025,N20271122,2027-11-23T01:15:00Z,900,true,1.280943,0.939149,0.911380,0.490021
N20271122-S026,N20271122,2027-11-23T01:30:00Z,900,true,1.247852,0.950165,0.889968,0.445614
N20271123-S001,N20271123,2027-11-23T19:15:00Z,900,true,1.157610,0.948259,0.759033,0.465539
N20271123-S002,N20271123,2027-11-23T19:30:00Z,900,true,1.126625,0.956176,0.762419,0.454207
N20271123-S003,N20271123,2027-11-23T19:45:00Z,900,true,1.112570,0.971647,0.753334,0.468961
N20271123-S004,N20271123,2027-11-23T20:00:00Z,900,true,1.068945,0.959659,0.756867,0.445429
N20271123-S005,N20271123,2027-11-23T20:15:00Z,900,true,1.072235,0.960637,0.755797,0.453001
N20271123-S006,N20271123,2027-11-23T20:30:00Z,900,false,,,,
N20271123-S007,N20271123,2027-11-23T20:45:00Z,900,false,,,,
N20271123-S008,N20271123,2027-11-23T21:00:00Z,900,false,,,,
N20271123-S009,N20271123,2027-11-23T21:15:00Z,900,false,,,,
N20271123-S010,N20271123,2027-11-23T21:30:00Z,900,false,,,,
N20271123-S011,N20271123,2027-11-23T21:45:00Z,900,false,,,,
N20271123-S012,N20271123,2027-11-23T22:00:00Z,900,false,,,,
N20271123-S013,N20271123,2027-11-23T22:15:00Z,900,false,,,,
N20271123-S014,N20271123,2027-11-23T22:30:00Z,900,true,1.204903,0.955937,0.740028,0.487561
N20271123-S015,N20271123,2027-11-23T22:45:00Z,900,true,1.184647,0.930643,0.759115,0.489897
N20271123-S016,N20271123,2027-11-23T23:00:00Z,900,true,1.227693,0.955675,0.752177,0.475543
N20271123-S017,N20271123,2027-11-23T23:15:00Z,900,true,1.208149,0.938791,0.742700,0.444031
N20271123-S018,N20271123,2027-11-23T23:30:00Z,900,true,1.217286,0.959290,0.731302,0.486011
N20271123-S019,N20271123,2027-11-23T23:45:00Z,900,true,1.182853,0.946974,0.741431,0.467730
N20271123-S020,N20271123,2027-11-24T00:00:00Z,900,true,1.209137,0.946893,0.742378,0.456787
N20271123-S021,N20271123,2027-11-24T00:15:00Z,900,true,1.210968,0.954404,0.745604,0.477206
N20271123-S022,N20271123,2027-11-24T00:30:00Z,900,true,1.189330,0.964762,0.739366,0.455020
N20271123-S023,N20271123,2027-11-24T00:45:00Z,900,true,1.189745,0.943723,0.706998,0.465101
N20271123-S024,N20271123,2027-11-24T01:00:00Z,900,true,1.188922,0.936989,0.706238,0.449294
N20271123-S025,N20271123,2027-11-24T01:15:00Z,900,true,1.195685,0.953075,0.687585,0.488024
N20271123-S026,N20271123,2027-11-24T01:30:00Z,900,true,1.257928,0.955418,0.710147,0.476501
N20271124-S001,N20271124,2027-11-24T19:30:00Z,900,true,1.154349,0.861215,0.803322,0.487846
N20271124-S002,N20271124,2027-11-24T19:45:00Z,900,true,1.207075,0.855720,0.806254,0.476101
N20271124-S003,N20271124,2027-11-24T20:00:00Z,900,true,1.196975,0.852292,0.797602,0.443843
N20271124-S004,N20271124,2027-11-24T20:15:00Z,900,true,1.224648,0.873754,0.792527,0.445006
N20271124-S005,N20271124,2027-11-24T20:30:00Z,900,true,1.208828,0.889846,0.788328,0.464951
N20271124-S006,N20271124,2027-11-24T20:45:00Z,900,true,1.250657,0.898105,0.770472,0.487786
N20271124-S007,N20271124,2027-11-24T21:00:00Z,900,true,1.227604,0.889880,0.747980,0.474938
N20271124-S008,N20271124,2027-11-24T21:15:00Z,900,true,1.234840,0.899943,0.770875,0.455373
N20271124-S009,N20271124,2027-11-24T21:30:00Z,900,true,1.213303,0.898952,0.761396,0.468876
N20271124-S010,N20271124,2027-11-24T21:45:00Z,900,true,1.198027,0.900715,0.772021,0.485234
N20271124-S011,N20271124,2027-11-24T22:00:00Z,900,true,1.187650,0.887969,0.759372,0.458446
N20271124-S012,N20271124,2027-11-24T22:15:00Z,900,true,1.173729,0.890823,0.757298,0.471007
N20271124-S013,N20271124,2027-11-24T22:30:00Z,900,true,1.175501,0.884338,0.754751,0.486427
N20271124-S014,N20271124,2027-11-24T22:45:00Z,900,true,1.189688,0.872586,0.730172,0.470728
N20271124-S015,N20271124,2027-11-24T23:00:00Z,900,true,1.212329,0.857068,0.704290,0.477560
N20271124-S016,N20271124,2027-11-24T23:15:00Z,900,false,,,,
N20271124-S017,N20271124,2027-11-24T23:30:00Z,900,false,,,,
N20271124-S018,N20271124,2027-11-24T23:45:00Z,900,false,,,,
N20271124-S019,N20271124,2027-11-25T00:00:00Z,900,false,,,,
N20271124-S020,N20271124,2027-11-25T00:15:00Z,900,false,,,,
N20271124-S021,N20271124,2027-11-25T00:30:00Z,900,false,,,,
N20271124-S022,N20271124,2027-11-25T00:45:00Z,900,false,,,,
N20271124-S023,N20271124,2027-11-25T01:00:00Z,900,false,,,,
N20271124-S024,N20271124,2027-11-25T01:15:00Z,900,false,,,,
N20271124-S025,N20271124,2027-11-25T01:30:00Z,900,false,,,,
N20271125-S001,N20271125,2027-11-25T19:30:00Z,900,false,,,,
N20271125-S002,N20271125,2027-11-25T19:45:00Z,900,false,,,,
N20271125-S003,N20271125,2027-11-25T20:00:00Z,900,true,1.106272,0.891249,0.774755,0.466385
N20271125-S004,N20271125,2027-11-25T20:15:00Z,900,true,1.116073,0.893051,0.770750,0.481312
N20271125-S005,N20271125,2027-11-25T20:30:00Z,900,true,1.175697,0.882916,0.779608,0.449960
N20271125-S006,N20271125,2027-11-25T20:45:00Z,900,true,1.127948,0.885465,0.792254,0.448646
N20271125-S007,N20271125,2027-11-25T21:00:00Z,900,true,1.150072,0.896273,0.786945,0.453704
N20271125-S008,N20271125,2027-11-25T21:15:00Z,900,true,1.165397,0.909949,0.791916,0.451812
N20271125-S009,N20271125,2027-11-25T21:30:00Z,900,true,1.160521,0.914110,0.796628,0.476200
N20271125-S010,N20271125,2027-11-25T21:45:00Z,900,true,1.149452,0.893196,0.777617,0.465060
N20271125-S011,N20271125,2027-11-25T22:00:00Z,900,true,1.082063,0.867967,0.784589,0.458914
N20271125-S012,N20271125,2027-11-25T22:15:00Z,900,true,1.110310,0.866187,0.803384,0.474112
N20271125-S013,N20271125,2027-11-25T22:30:00Z,900,true,1.177572,0.876223,0.797397,0.481722
N20271125-S014,N20271125,2027-11-25T22:45:00Z,900,true,1.225437,0.846467,0.767011,0.490088
N20271125-S015,N20271125,2027-11-25T23:00:00Z,900,true,1.203178,0.836263,0.786852,0.457900
N20271125-S016,N20271125,2027-11-25T23:15:00Z,900,true,1.262656,0.836105,0.749008,0.448626
N20271125-S017,N20271125,2027-11-25T23:30:00Z,900,true,1.268840,0.854314,0.759484,0.457956
N20271125-S018,N20271125,2027-11-25T23:45:00Z,900,true,1.275449,0.853365,0.774877,0.460561
N20271125-S019,N20271125,2027-11-26T00:00:00Z,900,true,1.290394,0.852776,0.778877,0.488667
N20271125-S020,N20271125,2027-11-26T00:15:00Z,900,true,1.288788,0.845321,0.798879,0.473624
N20271125-S021,N20271125,2027-11-26T00:30:00Z,900,true,1.220151,0.847536,0.792015,0.480982
N20271125-S022,N20271125,2027-11-26T00:45:00Z,900,true,1.219438,0.856325,0.798673,0.446230
N20271125-S023,N20271125,2027-11-26T01:00:00Z,900,true,1.193338,0.838050,0.806201,0.456335
N20271125-S024,N20271125,2027-11-26T01:15:00Z,900,true,1.223618,0.863429,0.808583,0.460286
N20271125-S025,N20271125,2027-11-26T01:30:00Z,900,true,1.245638,0.867260,0.773728,0.454808
N20271126-S001,N20271126,2027-11-26T19:30:00Z,900,true,1.035390,0.830701,0.857561,0.470350
N20271126-S002,N20271126,2027-11-26T19:45:00Z,900,true,1.036512,0.821469,0.872430,0.484253
N20271126-S003,N20271126,2027-11-26T20:00:00Z,900,true,1.034650,0.845176,0.883404,0.448281
N20271126-S004,N20271126,2027-11-26T20:15:00Z,900,true,1.039773,0.832531,0.869027,0.488563
N20271126-S005,N20271126,2027-11-26T20:30:00Z,900,true,1.043945,0.838077,0.877706,0.471618
N20271126-S006,N20271126,2027-11-26T20:45:00Z,900,true,1.091819,0.840148,0.889447,0.472078
N20271126-S007,N20271126,2027-11-26T21:00:00Z,900,true,1.115368,0.836183,0.888814,0.441813
N20271126-S008,N20271126,2027-11-26T21:15:00Z,900,true,1.110744,0.822587,0.888070,0.487004
N20271126-S009,N20271126,2027-11-26T21:30:00Z,900,true,1.177292,0.816832,0.888197,0.472174
N20271126-S010,N20271126,2027-11-26T21:45:00Z,900,true,1.173281,0.814847,0.890664,0.466770
N20271126-S011,N20271126,2027-11-26T22:00:00Z,900,true,1.128530,0.803366,0.894496,0.446105
N20271126-S012,N20271126,2027-11-26T22:15:00Z,900,true,1.144991,0.804804,0.880479,0.469757
N20271126-S013,N20271126,2027-11-26T22:30:00Z,900,true,1.145963,0.824944,0.882869,0.482087
N20271126-S014,N20271126,2027-11-26T22:45:00Z,900,true,1.127364,0.823046,0.902578,0.443091
N20271126-S015,N20271126,2027-11-26T23:00:00Z,900,true,1.102117,0.822302,0.925723,0.473037
N20271126-S016,N20271126,2027-11-26T23:15:00Z,900,true,1.125275,0.830310,0.954705,0.472586
N20271126-S017,N20271126,2027-11-26T23:30:00Z,900,true,1.159872,0.834232,0.921009,0.465101
N20271126-S018,N20271126,2027-11-26T23:45:00Z,900,true,1.083377,0.843126,0.920649,0.449842
N20271126-S019,N20271126,2027-11-27T00:00:00Z,900,true,1.063214,0.825546,0.915547,0.471889
N20271126-S020,N20271126,2027-11-27T00:15:00Z,900,true,1.077537,0.841950,0.899143,0.453958
N20271126-S021,N20271126,2027-11-27T00:30:00Z,900,true,1.083649,0.855694,0.900077,0.444080
N20271126-S022,N20271126,2027-11-27T00:45:00Z,900,true,1.093876,0.845815,0.899313,0.447098
N20271126-S023,N20271126,2027-11-27T01:00:00Z,900,true,1.069905,0.853602,0.884845,0.485470
N20271126-S024,N20271126,2027-11-27T01:15:00Z,900,true,1.054194,0.851105,0.862009,0.447065
N20271126-S025,N20271126,2027-11-27T01:30:00Z,900,true,1.040149,0.869634,0.865009,0.457134
N20271127-S001,N20271127,2027-11-27T19:30:00Z,900,true,0.966365,0.804942,0.808223,0.468405
N20271127-S002,N20271127,2027-11-27T19:45:00Z,900,true,0.942342,0.817030,0.804454,0.470161
N20271127-S003,N20271127,2027-11-27T20:00:00Z,900,true,0.965370,0.817052,0.787534,0.470752
N20271127-S004,N20271127,2027-11-27T20:15:00Z,900,true,0.940099,0.807739,0.807003,0.463783
N20271127-S005,N20271127,2027-11-27T20:30:00Z,900,true,0.904666,0.809549,0.799816,0.466541
N20271127-S006,N20271127,2027-11-27T20:45:00Z,900,true,0.865698,0.826546,0.804422,0.459999
N20271127-S007,N20271127,2027-11-27T21:00:00Z,900,true,0.943896,0.824004,0.813240,0.476387
N20271127-S008,N20271127,2027-11-27T21:15:00Z,900,true,0.885903,0.805039,0.818376,0.444850
N20271127-S009,N20271127,2027-11-27T21:30:00Z,900,true,0.947260,0.806211,0.821908,0.477209
N20271127-S010,N20271127,2027-11-27T21:45:00Z,900,true,1.007623,0.810301,0.797011,0.454665
N20271127-S011,N20271127,2027-11-27T22:00:00Z,900,true,1.009257,0.814077,0.808206,0.481725
N20271127-S012,N20271127,2027-11-27T22:15:00Z,900,true,0.998968,0.802465,0.846179,0.470235
N20271127-S013,N20271127,2027-11-27T22:30:00Z,900,true,0.986333,0.801250,0.858574,0.482769
N20271127-S014,N20271127,2027-11-27T22:45:00Z,900,true,1.020788,0.815718,0.853119,0.452511
N20271127-S015,N20271127,2027-11-27T23:00:00Z,900,true,1.048913,0.814492,0.846043,0.483685
N20271127-S016,N20271127,2027-11-27T23:15:00Z,900,true,1.024550,0.808399,0.828422,0.452179
N20271127-S017,N20271127,2027-11-27T23:30:00Z,900,true,0.984898,0.818136,0.842405,0.447835
N20271127-S018,N20271127,2027-11-27T23:45:00Z,900,true,0.965362,0.817811,0.835197,0.456055
N20271127-S019,N20271127,2027-11-28T00:00:00Z,900,true,0.973743,0.814449,0.809368,0.464328
N20271127-S020,N20271127,2027-11-28T00:15:00Z,900,true,1.051124,0.834886,0.853056,0.444872
N20271127-S021,N20271127,2027-11-28T00:30:00Z,900,true,1.002885,0.844858,0.813599,0.482232
N20271127-S022,N20271127,2027-11-28T00:45:00Z,900,false,,,,
N20271127-S023,N20271127,2027-11-28T01:00:00Z,900,false,,,,
N20271127-S024,N20271127,2027-11-28T01:15:00Z,900,true,0.984706,0.877260,0.804395,0.458821
N20271127-S025,N20271127,2027-11-28T01:30:00Z,900,true,0.944252,0.886348,0.787039,0.490193
N20271128-S001,N20271128,2027-11-28T19:30:00Z,900,true,1.138244,0.832243,0.832413,0.452281
N20271128-S002,N20271128,2027-11-28T19:45:00Z,900,true,1.110931,0.833448,0.830791,0.472971
N20271128-S003,N20271128,2027-11-28T20:00:00Z,900,true,1.100335,0.838029,0.832411,0.458348
N20271128-S004,N20271128,2027-11-28T20:15:00Z,900,true,1.094891,0.844817,0.815967,0.486583
N20271128-S005,N20271128,2027-11-28T20:30:00Z,900,true,1.062945,0.859823,0.825941,0.458385
N20271128-S006,N20271128,2027-11-28T20:45:00Z,900,true,1.068861,0.864216,0.835519,0.446901
N20271128-S007,N20271128,2027-11-28T21:00:00Z,900,true,1.066724,0.868006,0.859523,0.464921
N20271128-S008,N20271128,2027-11-28T21:15:00Z,900,true,1.076562,0.852211,0.821714,0.460655
N20271128-S009,N20271128,2027-11-28T21:30:00Z,900,true,1.074390,0.848284,0.853092,0.486913
N20271128-S010,N20271128,2027-11-28T21:45:00Z,900,true,1.056312,0.854702,0.850645,0.476495
N20271128-S011,N20271128,2027-11-28T22:00:00Z,900,true,1.071293,0.851330,0.854005,0.458746
N20271128-S012,N20271128,2027-11-28T22:15:00Z,900,true,1.115787,0.848919,0.865970,0.487897
N20271128-S013,N20271128,2027-11-28T22:30:00Z,900,true,1.132812,0.855282,0.838375,0.450927
N20271128-S014,N20271128,2027-11-28T22:45:00Z,900,true,1.122866,0.854082,0.848740,0.450877
N20271128-S015,N20271128,2027-11-28T23:00:00Z,900,true,1.151929,0.835594,0.845016,0.470192
N20271128-S016,N20271128,2027-11-28T23:15:00Z,900,true,1.164222,0.842099,0.864442,0.460408
N20271128-S017,N20271128,2027-11-28T23:30:00Z,900,true,1.105834,0.831500,0.868693,0.454608
N20271128-S018,N20271128,2027-11-28T23:45:00Z,900,true,1.072481,0.828530,0.858277,0.480771
N20271128-S019,N20271128,2027-11-29T00:00:00Z,900,true,1.121317,0.819095,0.867946,0.450420
N20271128-S020,N20271128,2027-11-29T00:15:00Z,900,true,1.092819,0.836369,0.894541,0.478196
N20271128-S021,N20271128,2027-11-29T00:30:00Z,900,true,1.085118,0.827842,0.922501,0.490280
N20271128-S022,N20271128,2027-11-29T00:45:00Z,900,true,1.005081,0.827515,0.906595,0.475194
N20271128-S023,N20271128,2027-11-29T01:00:00Z,900,true,0.988825,0.829044,0.915881,0.450423
N20271128-S024,N20271128,2027-11-29T01:15:00Z,900,true,0.964233,0.831194,0.922662,0.447901
N20271128-S025,N20271128,2027-11-29T01:30:00Z,900,true,0.941667,0.828260,0.906587,0.482658
N20271129-S001,N20271129,2027-11-29T19:30:00Z,900,true,1.069875,0.821695,0.806446,0.452413
N20271129-S002,N20271129,2027-11-29T19:45:00Z,900,true,1.157089,0.799881,0.818848,0.456030
N20271129-S003,N20271129,2027-11-29T20:00:00Z,900,true,1.209334,0.807862,0.840564,0.475442
N20271129-S004,N20271129,2027-11-29T20:15:00Z,900,true,1.152716,0.806215,0.839912,0.462736
N20271129-S005,N20271129,2027-11-29T20:30:00Z,900,true,1.142295,0.800262,0.854350,0.443020
N20271129-S006,N20271129,2027-11-29T20:45:00Z,900,true,1.141349,0.803492,0.832579,0.477406
N20271129-S007,N20271129,2027-11-29T21:00:00Z,900,true,1.171455,0.832995,0.849399,0.461649
N20271129-S008,N20271129,2027-11-29T21:15:00Z,900,true,1.141073,0.825930,0.845643,0.471265
N20271129-S009,N20271129,2027-11-29T21:30:00Z,900,true,1.122787,0.835813,0.831879,0.449469
N20271129-S010,N20271129,2027-11-29T21:45:00Z,900,true,1.076546,0.836275,0.809727,0.443790
N20271129-S011,N20271129,2027-11-29T22:00:00Z,900,true,1.122167,0.841379,0.813925,0.464441
N20271129-S012,N20271129,2027-11-29T22:15:00Z,900,true,1.102705,0.864840,0.842329,0.470484
N20271129-S013,N20271129,2027-11-29T22:30:00Z,900,true,1.125228,0.848379,0.826659,0.481241
N20271129-S014,N20271129,2027-11-29T22:45:00Z,900,true,1.098564,0.824633,0.810009,0.451081
N20271129-S015,N20271129,2027-11-29T23:00:00Z,900,true,1.059937,0.817776,0.838277,0.465451
N20271129-S016,N20271129,2027-11-29T23:15:00Z,900,true,1.046637,0.804966,0.833281,0.451957
N20271129-S017,N20271129,2027-11-29T23:30:00Z,900,true,1.004083,0.805822,0.815957,0.460136
N20271129-S018,N20271129,2027-11-29T23:45:00Z,900,true,1.007423,0.807333,0.794371,0.458621
N20271129-S019,N20271129,2027-11-30T00:00:00Z,900,true,1.008822,0.808422,0.810651,0.454120
N20271129-S020,N20271129,2027-11-30T00:15:00Z,900,true,0.943604,0.798918,0.809980,0.459206
N20271129-S021,N20271129,2027-11-30T00:30:00Z,900,true,1.003787,0.801684,0.808606,0.467194
N20271129-S022,N20271129,2027-11-30T00:45:00Z,900,true,0.995146,0.807461,0.804832,0.454265
N20271129-S023,N20271129,2027-11-30T01:00:00Z,900,true,0.981450,0.802489,0.807822,0.446874
N20271129-S024,N20271129,2027-11-30T01:15:00Z,900,true,0.952596,0.799037,0.814618,0.449457
N20271129-S025,N20271129,2027-11-30T01:30:00Z,900,true,1.001779,0.811104,0.803133,0.470134
N20271130-S001,N20271130,2027-11-30T19:30:00Z,900,true,1.064396,0.805444,0.737702,0.459861
N20271130-S002,N20271130,2027-11-30T19:45:00Z,900,true,1.094753,0.809932,0.733125,0.454928
N20271130-S003,N20271130,2027-11-30T20:00:00Z,900,true,1.082595,0.824674,0.710505,0.487434
N20271130-S004,N20271130,2027-11-30T20:15:00Z,900,true,1.132737,0.817505,0.691294,0.481849
N20271130-S005,N20271130,2027-11-30T20:30:00Z,900,true,1.072048,0.837732,0.683877,0.476748
N20271130-S006,N20271130,2027-11-30T20:45:00Z,900,true,1.091628,0.852731,0.667506,0.476978
N20271130-S007,N20271130,2027-11-30T21:00:00Z,900,true,1.004431,0.842645,0.711950,0.479628
N20271130-S008,N20271130,2027-11-30T21:15:00Z,900,true,1.035571,0.825571,0.723103,0.479214
N20271130-S009,N20271130,2027-11-30T21:30:00Z,900,true,0.982316,0.817406,0.759494,0.446605
N20271130-S010,N20271130,2027-11-30T21:45:00Z,900,true,0.990657,0.814852,0.755155,0.447835
N20271130-S011,N20271130,2027-11-30T22:00:00Z,900,true,0.961156,0.793419,0.732093,0.468478
N20271130-S012,N20271130,2027-11-30T22:15:00Z,900,true,0.963061,0.794179,0.756489,0.461229
N20271130-S013,N20271130,2027-11-30T22:30:00Z,900,true,1.012113,0.791332,0.709424,0.451930
N20271130-S014,N20271130,2027-11-30T22:45:00Z,900,true,1.027051,0.794320,0.700459,0.466275
N20271130-S015,N20271130,2027-11-30T23:00:00Z,900,true,1.041342,0.826236,0.705468,0.442161
N20271130-S016,N20271130,2027-11-30T23:15:00Z,900,true,1.105371,0.816987,0.716619,0.461060
N20271130-S017,N20271130,2027-11-30T23:30:00Z,900,true,1.085253,0.818446,0.726027,0.456531
N20271130-S018,N20271130,2027-11-30T23:45:00Z,900,true,1.060470,0.829199,0.739761,0.480365
N20271130-S019,N20271130,2027-12-01T00:00:00Z,900,true,1.078530,0.835136,0.757628,0.457289
N20271130-S020,N20271130,2027-12-01T00:15:00Z,900,true,1.126549,0.828000,0.757880,0.472373
N20271130-S021,N20271130,2027-12-01T00:30:00Z,900,true,1.087669,0.854622,0.782152,0.448065
N20271130-S022,N20271130,2027-12-01T00:45:00Z,900,true,1.149945,0.874511,0.789150,0.456177
N20271130-S023,N20271130,2027-12-01T01:00:00Z,900,true,1.147334,0.849761,0.787547,0.471826
N20271130-S024,N20271130,2027-12-01T01:15:00Z,900,true,1.104635,0.844480,0.780442,0.447702
N20271130-S025,N20271130,2027-12-01T01:30:00Z,900,true,1.098895,0.823677,0.785761,0.455798
