target_id,tile_id,target_class,feature_flux,redshift,science_weight
TG00000001,T00001,LRG,0.42294598,0.819411,1.0000
TG00000002,T00001,LRG,0.42472856,0.681580,1.0000
TG00000003,T00001,LRG,0.47508774,0.580638,1.0000
TG00000004,T00001,LRG,0.41016755,0.821681,1.0000
TG00000005,T00001,LRG,0.28905280,0.599692,1.0000
TG00000006,T00001,LRG,0.20198559,0.973180,1.0000
TG00000007,T00001,LRG,0.38232660,0.614779,1.0000
TG00000008,T00001,LRG,0.22973090,0.666809,1.0000
TG00000009,T00001,LRG,0.24923583,1.073102,1.0000
TG00000010,T00001,LRG,0.22419586,0.476090,1.0000
TG00000011,T00001,LRG,0.24460328,0.902717,1.0000
TG00000012,T00001,LRG,0.24810890,0.677439,1.0000
TG00000013,T00001,LRG,0.32040039,0.873225,1.0000
TG00000014,T00001,LRG,0.33704486,0.324895,1.0000
TG00000015,T00001,LRG,0.46850005,0.748241,1.0000
TG00000016,T00001,LRG,0.65574356,0.378444,1.0000
TG00000017,T00001,LRG,0.50181836,0.784975,1.0000
TG00000018,T00001,LRG,0.33847629,0.382958,1.0000
TG00000019,T00001,LRG,0.55918129,0.764126,1.0000
TG00000020,T00001,LRG,0.38396503,0.347636,1.0000
TG00000021,T00001,LRG,0.36282882,0.661320,1.0000
TG00000022,T00001,LRG,0.60954494,0.633451,1.0000
TG00000023,T00001,LRG,0.28579099,0.689201,1.0000
TG00000024,T00001,LRG,0.38327640,0.464444,1.0000
TG00000025,T00001,LRG,0.50242003,0.485325,1.0000
TG00000026,T00001,LRG,0.28849757,0.882098,1.0000
TG00000027,T00001,LRG,0.32215273,0.809882,1.0000
TG00000028,T00001,LRG,0.24076230,0.651687,1.0000
TG00000029,T00001,LRG,0.53327067,0.606847,1.0000
TG00000030,T00001,LRG,0.32688024,0.843876,1.0000
TG00000031,T00001,LRG,0.31699771,0.461146,1.0000
TG00000032,T00001,LRG,0.31568929,0.395425,1.0000
TG00000033,T00001,LRG,0.52287262,0.687238,1.0000
TG00000034,T00001,LRG,0.25450032,0.660672,1.0000
TG00000035,T00001,LRG,0.18954493,1.011878,1.0000
TG00000036,T00001,LRG,0.57459231,0.732364,1.0000
TG00000037,T00001,LRG,0.36074172,0.811925,1.0000
TG00000038,T00001,LRG,0.21338754,0.340922,1.0000
TG00000039,T00001,LRG,0.21506163,0.736337,1.0000
TG00000040,T00001,LRG,0.41068923,1.032824,1.0000
TG00000041,T00001,LRG,0.16861370,0.641723,1.0000
TG00000042,T00001,LRG,0.38293986,0.723871,1.0000
TG00000043,T00001,LRG,0.52501870,0.870505,1.0000
TG00000044,T00001,LRG,0.47550214,0.992710,1.0000
TG00000045,T00001,LRG,0.37328357,0.344588,1.0000
TG00000046,T00001,LRG,0.50214621,0.677838,1.0000
TG00000047,T00001,LRG,0.18208404,0.523035,1.0000
TG00000048,T00001,LRG,0.24775838,0.778158,1.0000
TG00000049,T00001,LRG,0.65746155,0.676989,1.0000
TG00000050,T00001,LRG,0.60177405,0.689696,1.0000
TG00000051,T00001,LRG,0.29546787,0.755973,1.0000
TG00000052,T00001,LRG,0.33977571,0.664334,1.0000
TG00000053,T00001,LRG,0.33240996,1.019182,1.0000
TG00000054,T00001,LRG,0.30037381,0.804029,1.0000
TG00000055,T00001,LRG,0.26552063,0.586176,1.0000
TG00000056,T00001,LRG,0.39130280,0.707579,1.0000
TG00000057,T00001,LRG,0.20440085,0.991493,1.0000
TG00000058,T00001,LRG,0.22193037,0.768861,1.0000
TG00000059,T00001,LRG,0.32372021,0.875654,1.0000
TG00000060,T00001,LRG,0.58659260,0.745774,1.0000
TG00000061,T00001,LRG,0.41813525,0.801715,1.0000
TG00000062,T00001,LRG,0.53054386,0.683637,1.0000
TG00000063,T00001,LRG,0.26378008,0.842036,1.0000
TG00000064,T00001,LRG,0.26678056,0.766865,1.0000
TG00000065,T00001,LRG,0.86570445,1.086839,1.0000
TG00000066,T00001,LRG,0.45241691,0.609090,1.0000
TG00000067,T00001,LRG,0.27490138,0.663876,1.0000
TG00000068,T00001,LRG,0.24791587,0.352930,1.0000
TG00000069,T00001,LRG,0.31250855,0.939994,1.0000
TG00000070,T00001,LRG,0.41710420,0.388130,1.0000
TG00000071,T00001,LRG,0.23678735,0.811041,1.0000
TG00000072,T00001,LRG,0.40661625,0.492049,1.0000
TG00000073,T00001,LRG,0.17221147,0.414382,1.0000
TG00000074,T00001,LRG,0.40507241,0.763181,1.0000
TG00000075,T00001,LRG,0.21417174,0.652556,1.0000
TG00000076,T00001,LRG,0.51510317,0.627675,1.0000
TG00000077,T00001,LRG,0.45583091,0.732154,1.0000
TG00000078,T00001,LRG,0.39926443,0.759789,1.0000
TG00000079,T00001,LRG,0.38839144,0.617193,1.0000
TG00000080,T00001,LRG,0.22791745,0.777771,1.0000
TG00000081,T00001,LRG,0.39765878,0.614601,1.0000
TG00000082,T00001,ELG,0.92284730,1.032562,1.0000
TG00000083,T00001,ELG,0.45193970,1.557976,1.0000
TG00000084,T00001,ELG,0.42684352,1.738710,1.0000
TG00000085,T00001,ELG,0.84744474,1.462980,1.0000
TG00000086,T00001,ELG,0.77222959,1.493969,1.0000
TG00000087,T00001,ELG,0.53895434,1.051312,1.0000
TG00000088,T00001,ELG,0.40532314,1.631728,1.0000
TG00000089,T00001,ELG,0.98275839,1.721980,1.0000
TG00000090,T00001,ELG,0.85293742,1.148797,1.0000
TG00000091,T00001,ELG,0.86138311,1.053163,1.0000
TG00000092,T00001,ELG,0.56768146,0.804798,1.0000
TG00000093,T00001,ELG,0.45961177,1.256953,1.0000
TG00000094,T00001,ELG,0.77655134,1.158560,1.0000
TG00000095,T00001,ELG,0.64928945,1.121849,1.0000
TG00000096,T00001,ELG,0.39689567,1.277826,1.0000
TG00000097,T00001,ELG,0.45035752,0.717176,1.0000
TG00000098,T00001,ELG,0.29151098,1.719160,1.0000
TG00000099,T00001,ELG,0.72742326,1.382496,1.0000
TG00000100,T00001,ELG,0.32029390,0.977253,1.0000
TG00000101,T00001,ELG,0.53804156,1.374703,1.0000
TG00000102,T00001,ELG,0.51048841,1.135536,1.0000
TG00000103,T00001,ELG,0.93720715,1.797329,1.0000
TG00000104,T00001,ELG,0.58068469,1.251391,1.0000
TG00000105,T00001,ELG,0.51221901,1.367528,1.0000
TG00000106,T00001,ELG,0.52217173,0.822207,1.0000
TG00000107,T00001,ELG,0.46552774,0.994162,1.0000
TG00000108,T00001,ELG,0.40345276,0.586204,1.0000
TG00000109,T00001,ELG,0.37873806,1.059645,1.0000
TG00000110,T00001,ELG,1.09637394,0.851223,1.0000
TG00000111,T00001,ELG,0.80938438,1.320082,1.0000
TG00000112,T00001,ELG,0.50246491,0.374014,1.0000
TG00000113,T00001,ELG,0.56604003,0.654847,1.0000
TG00000114,T00001,ELG,0.65083834,1.181308,1.0000
TG00000115,T00001,ELG,0.43818361,1.137193,1.0000
TG00000116,T00001,ELG,0.29211035,1.155897,1.0000
TG00000117,T00001,ELG,1.18078922,1.243219,1.0000
TG00000118,T00001,ELG,0.65145504,0.931696,1.0000
TG00000119,T00001,ELG,0.34573954,1.050127,1.0000
TG00000120,T00001,ELG,0.70643458,0.829618,1.0000
TG00000121,T00001,ELG,0.74412216,0.693720,1.0000
TG00000122,T00001,ELG,0.42762457,0.769854,1.0000
TG00000123,T00001,ELG,0.49164610,0.894249,1.0000
TG00000124,T00001,ELG,0.61372636,0.830684,1.0000
TG00000125,T00001,ELG,0.61797851,1.474995,1.0000
TG00000126,T00001,ELG,0.63208897,0.645054,1.0000
TG00000127,T00001,ELG,0.24171151,1.154529,1.0000
TG00000128,T00001,ELG,0.58988546,1.245041,1.0000
TG00000129,T00001,ELG,0.27191109,0.740328,1.0000
TG00000130,T00001,ELG,0.56990296,1.696649,1.0000
TG00000131,T00001,ELG,0.61908691,1.229839,1.0000
TG00000132,T00001,ELG,0.55267754,1.314786,1.0000
TG00000133,T00001,ELG,1.10016539,1.319924,1.0000
TG00000134,T00001,ELG,0.28535476,1.373391,1.0000
TG00000135,T00001,ELG,0.88156098,1.223171,1.0000
TG00000136,T00001,ELG,0.53658246,1.029348,1.0000
TG00000137,T00001,ELG,0.44384504,0.854043,1.0000
TG00000138,T00001,ELG,0.64985686,0.854839,1.0000
TG00000139,T00001,ELG,0.43117572,1.445214,1.0000
TG00000140,T00001,ELG,0.52193591,1.383801,1.0000
TG00000141,T00001,ELG,0.65692752,1.207600,1.0000
TG00000142,T00001,ELG,1.95355259,1.231555,1.0000
TG00000143,T00001,ELG,0.49990632,1.058904,1.0000
TG00000144,T00001,ELG,0.30024893,0.668250,1.0000
TG00000145,T00001,ELG,0.24888899,1.352111,1.0000
TG00000146,T00001,ELG,0.37057946,0.819921,1.0000
TG00000147,T00001,ELG,0.82204044,1.237114,1.0000
TG00000148,T00001,ELG,0.32726781,1.128174,1.0000
TG00000149,T00001,ELG,0.82720009,0.583705,1.0000
TG00000150,T00001,ELG,0.75009690,1.172952,1.0000
TG00000151,T00001,ELG,0.24261919,1.086799,1.0000
TG00000152,T00001,ELG,0.62107783,1.144810,1.0000
TG00000153,T00001,ELG,0.47288570,1.269977,1.0000
TG00000154,T00001,ELG,0.51113837,1.361813,1.0000
TG00000155,T00001,ELG,0.77678772,0.767595,1.0000
TG00000156,T00001,ELG,2.18200467,0.820151,1.0000
TG00000157,T00001,ELG,1.21745531,0.735754,1.0000
TG00000158,T00001,ELG,0.71484239,1.058127,1.0000
TG00000159,T00001,ELG,0.75280430,0.816906,1.0000
TG00000160,T00001,ELG,0.55554810,0.975242,1.0000
TG00000161,T00001,ELG,0.39114381,1.053325,1.0000
TG00000162,T00001,ELG,0.46684643,0.808554,1.0000
TG00000163,T00001,ELG,0.36330599,1.260165,1.0000
TG00000164,T00001,ELG,1.27839288,0.953635,1.0000
TG00000165,T00001,ELG,0.76008031,1.423455,1.0000
TG00000166,T00001,ELG,1.09670968,0.997799,1.0000
TG00000167,T00001,ELG,0.85949758,0.963408,1.0000
TG00000168,T00001,ELG,0.74824276,1.344621,1.0000
TG00000169,T00001,ELG,0.80735967,1.056963,1.0000
TG00000170,T00001,ELG,0.37198979,1.614564,1.0000
TG00000171,T00001,ELG,0.51232548,1.062200,1.0000
TG00000172,T00001,ELG,0.33949563,0.552050,1.0000
TG00000173,T00001,ELG,0.34459934,1.089406,1.0000
TG00000174,T00001,QSO,0.28964487,1.679333,1.7000
TG00000175,T00001,QSO,0.09651435,2.133488,1.7000
TG00000176,T00001,QSO,0.24780659,2.299471,1.7000
TG00000177,T00001,QSO,0.16820790,4.085334,1.7000
TG00000178,T00001,QSO,0.17875256,2.271010,1.7000
TG00000179,T00001,QSO,0.20659678,1.931729,1.7000
TG00000180,T00001,QSO,0.11580888,2.513883,1.7000
TG00000181,T00001,QSO,0.17855144,2.069619,1.7000
TG00000182,T00001,QSO,0.19606571,1.587152,1.7000
TG00000183,T00001,QSO,0.18099534,0.853358,1.7000
TG00000184,T00001,QSO,0.12252173,1.819918,1.7000
TG00000185,T00001,QSO,0.17636665,2.956069,1.7000
TG00000186,T00001,QSO,0.10042901,3.049859,1.7000
TG00000187,T00001,QSO,0.08730743,2.661295,1.7000
TG00000188,T00001,QSO,0.74049544,3.424129,1.7000
TG00000189,T00001,QSO,0.04006141,2.113511,1.7000
TG00000190,T00001,QSO,0.14152249,3.328603,1.7000
TG00000191,T00001,BGS,1.28259817,0.153259,0.4500
TG00000192,T00001,BGS,1.15245967,0.167418,0.4500
TG00000193,T00001,BGS,1.71481975,0.167522,0.4500
TG00000194,T00001,BGS,1.25541974,0.319422,0.4500
TG00000195,T00001,BGS,1.24678676,0.124617,0.4500
TG00000196,T00001,BGS,1.37870828,0.214955,0.4500
TG00000197,T00001,BGS,1.26339440,0.177879,0.4500
TG00000198,T00001,BGS,1.17347709,0.266416,0.4500
TG00000199,T00001,BGS,1.33972894,0.257346,0.4500
TG00000200,T00001,BGS,1.47864451,0.207035,0.4500
TG00000201,T00001,BGS,1.44669158,0.223790,0.4500
TG00000202,T00001,BGS,1.37111515,0.157003,0.4500
TG00000203,T00001,BGS,1.19885521,0.241186,0.4500
TG00000204,T00001,BGS,0.88839866,0.295933,0.4500
TG00000205,T00001,BGS,0.75781056,0.212949,0.4500
TG00000206,T00001,BGS,1.74908517,0.331503,0.4500
TG00000207,T00001,BGS,1.34050396,0.148389,0.4500
TG00000208,T00001,BGS,0.68905337,0.203629,0.4500
TG00000209,T00001,BGS,1.97952411,0.082355,0.4500
TG00000210,T00001,BGS,2.13592385,0.190048,0.4500
TG00000211,T00001,BGS,1.70184022,0.287583,0.4500
TG00000212,T00001,BGS,1.85389814,0.157620,0.4500
TG00000213,T00001,BGS,1.34358715,0.216989,0.4500
TG00000214,T00001,BGS,1.77149126,0.416797,0.4500
TG00000215,T00001,BGS,0.82252807,0.162100,0.4500
TG00000216,T00001,BGS,1.72703271,0.183917,0.4500
TG00000217,T00001,BGS,1.31683903,0.307960,0.4500
TG00000218,T00001,BGS,1.87828693,0.051275,0.4500
TG00000219,T00001,BGS,1.41982448,0.256641,0.4500
TG00000220,T00001,BGS,1.13243402,0.214567,0.4500
TG00000221,T00001,BGS,1.35595512,0.258159,0.4500
TG00000222,T00001,BGS,0.60451138,0.270188,0.4500
TG00000223,T00001,BGS,1.06021309,0.198270,0.4500
TG00000224,T00001,BGS,0.87572141,0.230608,0.4500
TG00000225,T00001,BGS,1.27046477,0.255974,0.4500
TG00000226,T00001,BGS,1.31754609,0.228416,0.4500
TG00000227,T00001,BGS,1.07813737,0.165288,0.4500
TG00000228,T00001,BGS,1.11359564,0.307979,0.4500
TG00000229,T00001,BGS,1.89412356,0.168023,0.4500
TG00000230,T00001,BGS,1.06074304,0.077694,0.4500
TG00000231,T00001,BGS,1.16055191,0.225235,0.4500
TG00000232,T00001,BGS,0.97461023,0.276843,0.4500
TG00000233,T00001,BGS,1.30015365,0.377061,0.4500
TG00000234,T00001,BGS,1.36495504,0.297755,0.4500
TG00000235,T00001,BGS,0.99461351,0.316405,0.4500
TG00000236,T00001,BGS,1.17814070,0.314374,0.4500
TG00000237,T00001,BGS,0.98077261,0.272192,0.4500
TG00000238,T00001,BGS,0.90489678,0.286541,0.4500
TG00000239,T00001,BGS,1.39568833,0.106915,0.4500
TG00000240,T00001,BGS,1.42025939,0.079101,0.4500
TG00000241,T00001,BGS,1.02203062,0.298343,0.4500
TG00000242,T00001,BGS,1.06286420,0.231626,0.4500
TG00000243,T00001,BGS,1.10848632,0.242201,0.4500
TG00000244,T00001,BGS,1.78201187,0.241684,0.4500
TG00000245,T00001,BGS,0.73714649,0.235558,0.4500
TG00000246,T00001,BGS,1.56236521,0.331294,0.4500
TG00000247,T00001,BGS,1.02479973,0.170793,0.4500
TG00000248,T00001,BGS,1.35986469,0.368175,0.4500
TG00000249,T00001,BGS,2.07816641,0.263863,0.4500
TG00000250,T00001,BGS,1.02492081,0.125163,0.4500
TG00000251,T00001,BGS,2.03300856,0.167180,0.4500
TG00000252,T00001,BGS,1.06542603,0.347487,0.4500
TG00000253,T00001,BGS,1.47313709,0.280552,0.4500
TG00000254,T00001,BGS,1.33320765,0.368352,0.4500
TG00000255,T00001,BGS,1.56999131,0.202765,0.4500
TG00000256,T00001,BGS,0.92354149,0.286813,0.4500
TG00000257,T00001,BGS,0.96670427,0.210179,0.4500
TG00000258,T00001,BGS,1.83699086,0.033652,0.4500
TG00000259,T00001,BGS,1.27433809,0.333165,0.4500
TG00000260,T00001,BGS,1.20448422,0.062620,0.4500
TG00000261,T00001,BGS,1.54732214,0.173574,0.4500
TG00000262,T00001,BGS,1.40785602,0.205439,0.4500
TG00000263,T00002,LRG,0.41407065,0.835042,1.0000
TG00000264,T00002,LRG,0.41549895,0.528304,1.0000
TG00000265,T00002,LRG,0.43207799,0.489155,1.0000
TG00000266,T00002,LRG,0.48613438,0.666568,1.0000
TG00000267,T00002,LRG,0.43817496,0.986194,1.0000
TG00000268,T00002,LRG,0.30331788,0.664831,1.0000
TG00000269,T00002,LRG,0.35974343,0.739629,1.0000
TG00000270,T00002,LRG,0.23413042,0.497851,1.0000
TG00000271,T00002,LRG,0.21166679,0.471210,1.0000
TG00000272,T00002,LRG,0.25578932,0.652261,1.0000
TG00000273,T00002,LRG,0.32991794,0.445579,1.0000
TG00000274,T00002,LRG,0.44818556,0.846537,1.0000
TG00000275,T00002,LRG,0.24019216,0.781979,1.0000
TG00000276,T00002,LRG,0.33543454,0.808687,1.0000
TG00000277,T00002,LRG,0.33383991,0.556306,1.0000
TG00000278,T00002,LRG,0.28445127,0.991278,1.0000
TG00000279,T00002,LRG,0.20534463,0.673247,1.0000
TG00000280,T00002,LRG,0.39392053,0.462270,1.0000
TG00000281,T00002,LRG,0.40492514,0.573774,1.0000
TG00000282,T00002,LRG,0.22027892,0.820015,1.0000
TG00000283,T00002,LRG,0.42600231,0.756812,1.0000
TG00000284,T00002,LRG,0.33456725,0.737325,1.0000
TG00000285,T00002,LRG,0.41519020,0.713336,1.0000
TG00000286,T00002,LRG,0.42912137,0.515342,1.0000
TG00000287,T00002,LRG,0.37757876,0.885193,1.0000
TG00000288,T00002,LRG,0.28673148,0.720288,1.0000
TG00000289,T00002,LRG,0.26925214,0.997314,1.0000
TG00000290,T00002,LRG,0.44959747,0.736270,1.0000
TG00000291,T00002,LRG,0.58588869,0.395238,1.0000
TG00000292,T00002,LRG,0.32656306,0.529252,1.0000
TG00000293,T00002,LRG,0.39245614,0.781351,1.0000
TG00000294,T00002,LRG,0.48053274,0.520219,1.0000
TG00000295,T00002,LRG,0.47985068,0.614844,1.0000
TG00000296,T00002,LRG,0.87760388,0.989285,1.0000
TG00000297,T00002,LRG,0.25554437,0.729269,1.0000
TG00000298,T00002,LRG,0.30638292,0.654757,1.0000
TG00000299,T00002,LRG,0.26696912,0.348849,1.0000
TG00000300,T00002,LRG,0.60084428,0.070221,1.0000
TG00000301,T00002,LRG,0.40272626,0.419087,1.0000
TG00000302,T00002,LRG,0.23462209,0.584589,1.0000
TG00000303,T00002,LRG,0.31468352,0.719038,1.0000
TG00000304,T00002,LRG,0.20943978,1.176053,1.0000
TG00000305,T00002,LRG,0.35386955,0.584957,1.0000
TG00000306,T00002,LRG,0.24710518,0.734568,1.0000
TG00000307,T00002,LRG,0.30709948,0.577104,1.0000
TG00000308,T00002,LRG,0.21562050,0.741526,1.0000
TG00000309,T00002,LRG,0.49854468,0.586208,1.0000
TG00000310,T00002,LRG,0.34290618,0.553316,1.0000
TG00000311,T00002,LRG,0.27915889,0.705995,1.0000
TG00000312,T00002,LRG,0.46346610,0.553107,1.0000
TG00000313,T00002,LRG,0.28835850,0.879253,1.0000
TG00000314,T00002,LRG,0.25325599,0.943741,1.0000
TG00000315,T00002,LRG,0.56079453,0.652692,1.0000
TG00000316,T00002,LRG,0.31089261,0.854750,1.0000
TG00000317,T00002,LRG,0.41147158,0.731787,1.0000
TG00000318,T00002,LRG,0.34235815,0.842358,1.0000
TG00000319,T00002,LRG,0.28709874,0.834194,1.0000
TG00000320,T00002,LRG,0.22870763,0.877112,1.0000
TG00000321,T00002,LRG,0.31143356,1.051495,1.0000
TG00000322,T00002,LRG,0.67208179,1.022978,1.0000
TG00000323,T00002,LRG,0.34614062,0.475739,1.0000
TG00000324,T00002,LRG,0.28819310,0.631378,1.0000
TG00000325,T00002,LRG,0.55651914,0.510739,1.0000
TG00000326,T00002,LRG,0.54097874,0.419916,1.0000
TG00000327,T00002,LRG,0.27431126,0.560157,1.0000
TG00000328,T00002,LRG,0.19555114,1.148799,1.0000
TG00000329,T00002,LRG,0.13186839,0.599723,1.0000
TG00000330,T00002,LRG,0.32001513,0.792450,1.0000
TG00000331,T00002,LRG,0.17110163,0.751341,1.0000
TG00000332,T00002,LRG,0.38918067,0.569920,1.0000
TG00000333,T00002,ELG,0.41464213,0.438812,1.0000
TG00000334,T00002,ELG,0.73226795,1.007744,1.0000
TG00000335,T00002,ELG,0.58139668,1.355117,1.0000
TG00000336,T00002,ELG,0.75912191,0.879033,1.0000
TG00000337,T00002,ELG,0.37240469,1.364627,1.0000
TG00000338,T00002,ELG,0.87667411,0.973578,1.0000
TG00000339,T00002,ELG,0.51149827,0.626602,1.0000
TG00000340,T00002,ELG,0.77490612,0.843618,1.0000
TG00000341,T00002,ELG,0.50682701,1.325511,1.0000
TG00000342,T00002,ELG,0.39815896,1.289569,1.0000
TG00000343,T00002,ELG,0.46896169,1.123945,1.0000
TG00000344,T00002,ELG,0.33752458,0.980802,1.0000
TG00000345,T00002,ELG,0.43257614,1.100329,1.0000
TG00000346,T00002,ELG,0.90158908,1.302833,1.0000
TG00000347,T00002,ELG,0.42680093,0.941405,1.0000
TG00000348,T00002,ELG,0.92243581,0.913489,1.0000
TG00000349,T00002,ELG,0.76825640,0.696077,1.0000
TG00000350,T00002,ELG,0.66845406,0.893941,1.0000
TG00000351,T00002,ELG,0.59116206,1.540813,1.0000
TG00000352,T00002,ELG,1.63541448,0.855344,1.0000
TG00000353,T00002,ELG,0.66406451,1.615037,1.0000
TG00000354,T00002,ELG,0.65807218,1.139338,1.0000
TG00000355,T00002,ELG,0.39896048,1.005844,1.0000
TG00000356,T00002,ELG,0.30013799,1.202381,1.0000
TG00000357,T00002,ELG,0.34555809,0.971384,1.0000
TG00000358,T00002,ELG,0.74145818,1.423737,1.0000
TG00000359,T00002,ELG,0.35143920,0.714224,1.0000
TG00000360,T00002,ELG,0.45691810,0.970653,1.0000
TG00000361,T00002,ELG,0.62266635,1.598389,1.0000
TG00000362,T00002,ELG,0.93314151,1.336483,1.0000
TG00000363,T00002,ELG,0.22523203,0.799540,1.0000
TG00000364,T00002,ELG,0.31143621,1.234302,1.0000
TG00000365,T00002,ELG,0.64057098,1.830933,1.0000
TG00000366,T00002,ELG,0.34491368,1.077675,1.0000
TG00000367,T00002,ELG,1.25658850,1.329974,1.0000
TG00000368,T00002,ELG,0.72922152,1.053989,1.0000
TG00000369,T00002,ELG,0.57673526,1.148161,1.0000
TG00000370,T00002,ELG,0.40766878,0.786910,1.0000
TG00000371,T00002,ELG,0.84295991,1.213665,1.0000
TG00000372,T00002,ELG,0.34181177,1.538071,1.0000
TG00000373,T00002,ELG,0.79670380,1.490228,1.0000
TG00000374,T00002,ELG,0.40721227,1.808270,1.0000
TG00000375,T00002,ELG,0.37647109,1.324310,1.0000
TG00000376,T00002,ELG,0.57396655,1.041227,1.0000
TG00000377,T00002,ELG,0.28006722,1.093718,1.0000
TG00000378,T00002,ELG,0.81029791,1.698882,1.0000
TG00000379,T00002,ELG,0.30033351,1.202872,1.0000
TG00000380,T00002,ELG,0.67280310,1.092863,1.0000
TG00000381,T00002,ELG,0.45316233,1.165682,1.0000
TG00000382,T00002,ELG,0.44371581,1.063966,1.0000
TG00000383,T00002,ELG,0.58862094,0.456356,1.0000
TG00000384,T00002,ELG,0.37109031,1.053384,1.0000
TG00000385,T00002,ELG,1.09002224,0.592539,1.0000
TG00000386,T00002,ELG,0.48193718,1.460888,1.0000
TG00000387,T00002,ELG,0.78240030,1.279404,1.0000
TG00000388,T00002,ELG,0.90454991,1.121781,1.0000
TG00000389,T00002,ELG,1.18841067,0.950777,1.0000
TG00000390,T00002,ELG,0.35569573,1.166345,1.0000
TG00000391,T00002,ELG,0.54153553,1.182622,1.0000
TG00000392,T00002,ELG,0.67660580,1.107548,1.0000
TG00000393,T00002,ELG,0.80727536,1.016380,1.0000
TG00000394,T00002,ELG,0.27373626,1.473685,1.0000
TG00000395,T00002,ELG,0.55003611,1.067661,1.0000
TG00000396,T00002,ELG,0.44002706,0.694395,1.0000
TG00000397,T00002,ELG,0.41291526,0.909542,1.0000
TG00000398,T00002,ELG,0.42856297,0.522104,1.0000
TG00000399,T00002,ELG,0.74498176,0.880830,1.0000
TG00000400,T00002,ELG,0.33454702,1.191980,1.0000
TG00000401,T00002,ELG,0.96368551,0.853457,1.0000
TG00000402,T00002,ELG,1.03489829,0.639921,1.0000
TG00000403,T00002,ELG,0.30181507,0.552924,1.0000
TG00000404,T00002,ELG,0.63617776,0.814649,1.0000
TG00000405,T00002,ELG,0.52125576,1.074123,1.0000
TG00000406,T00002,ELG,0.46491486,1.420714,1.0000
TG00000407,T00002,ELG,0.59166581,1.141151,1.0000
TG00000408,T00002,ELG,0.33218295,1.091833,1.0000
TG00000409,T00002,ELG,0.72723924,1.326684,1.0000
TG00000410,T00002,ELG,0.51531963,0.816444,1.0000
TG00000411,T00002,ELG,0.98504288,1.583175,1.0000
TG00000412,T00002,ELG,0.45794290,1.053820,1.0000
TG00000413,T00002,ELG,0.29717575,0.667395,1.0000
TG00000414,T00002,ELG,0.67826750,1.013695,1.0000
TG00000415,T00002,ELG,0.39403681,1.481160,1.0000
TG00000416,T00002,ELG,0.60432010,1.239947,1.0000
TG00000417,T00002,ELG,0.80297987,0.835129,1.0000
TG00000418,T00002,ELG,0.58449818,1.497479,1.0000
TG00000419,T00002,ELG,0.43097237,0.870734,1.0000
TG00000420,T00002,ELG,0.30084626,1.115482,1.0000
TG00000421,T00002,ELG,0.95884060,1.277878,1.0000
TG00000422,T00002,ELG,0.61678467,0.892436,1.0000
TG00000423,T00002,ELG,0.47084486,1.070414,1.0000
TG00000424,T00002,ELG,0.54424884,1.102255,1.0000
TG00000425,T00002,ELG,0.42425213,0.608463,1.0000
TG00000426,T00002,ELG,0.41138523,0.672935,1.0000
TG00000427,T00002,ELG,0.70689644,1.434186,1.0000
TG00000428,T00002,ELG,0.49255199,0.869671,1.0000
TG00000429,T00002,ELG,1.17801476,1.002425,1.0000
TG00000430,T00002,ELG,0.21669585,1.068760,1.0000
TG00000431,T00002,ELG,0.68085980,1.081318,1.0000
TG00000432,T00002,ELG,1.23343630,1.435938,1.0000
TG00000433,T00002,ELG,0.85022099,0.823440,1.0000
TG00000434,T00002,ELG,0.51182366,1.333312,1.0000
TG00000435,T00002,QSO,0.17624908,1.402998,1.7000
TG00000436,T00002,QSO,0.36995451,2.578635,1.7000
TG00000437,T00002,QSO,0.97540313,2.424293,1.7000
TG00000438,T00002,QSO,0.31227444,1.843176,1.7000
TG00000439,T00002,QSO,0.20909524,3.133707,1.7000
TG00000440,T00002,QSO,0.14890464,2.543769,1.7000
TG00000441,T00002,QSO,0.29833214,2.061773,1.7000
TG00000442,T00002,QSO,0.16120066,2.793547,1.7000
TG00000443,T00002,QSO,0.21740545,2.779849,1.7000
TG00000444,T00002,QSO,0.22071183,2.326657,1.7000
TG00000445,T00002,QSO,0.08491245,1.308151,1.7000
TG00000446,T00002,QSO,0.20143383,0.650584,1.7000
TG00000447,T00002,QSO,0.11693786,2.705325,1.7000
TG00000448,T00002,QSO,0.33159568,3.220486,1.7000
TG00000449,T00002,QSO,0.22938101,3.384742,1.7000
TG00000450,T00002,QSO,0.22820231,2.669543,1.7000
TG00000451,T00002,QSO,0.20630600,1.726299,1.7000
TG00000452,T00002,QSO,0.19745613,2.084626,1.7000
TG00000453,T00002,QSO,0.31842502,2.662651,1.7000
TG00000454,T00002,QSO,0.17560477,3.030428,1.7000
TG00000455,T00002,QSO,0.15059878,2.457357,1.7000
TG00000456,T00002,QSO,0.19147000,2.431358,1.7000
TG00000457,T00002,QSO,0.17512865,0.811720,1.7000
TG00000458,T00002,QSO,0.18102465,2.185948,1.7000
TG00000459,T00002,QSO,0.16572223,1.910353,1.7000
TG00000460,T00002,BGS,1.30237483,0.285765,0.4500
TG00000461,T00002,BGS,1.12540403,0.201583,0.4500
TG00000462,T00002,BGS,1.45073407,0.177234,0.4500
TG00000463,T00002,BGS,1.43901927,0.174864,0.4500
TG00000464,T00002,BGS,1.80325507,0.260149,0.4500
TG00000465,T00002,BGS,0.88858137,0.087086,0.4500
TG00000466,T00002,BGS,0.82876622,0.263138,0.4500
TG00000467,T00002,BGS,2.39924830,0.268058,0.4500
TG00000468,T00002,BGS,1.00474007,0.250939,0.4500
TG00000469,T00002,BGS,1.03515892,0.141153,0.4500
TG00000470,T00002,BGS,1.73191639,0.166638,0.4500
TG00000471,T00002,BGS,1.15855528,0.217180,0.4500
TG00000472,T00002,BGS,1.47473925,0.181115,0.4500
TG00000473,T00002,BGS,1.56970778,0.113283,0.4500
TG00000474,T00002,BGS,0.93531233,0.078500,0.4500
TG00000475,T00002,BGS,0.96553480,0.227273,0.4500
TG00000476,T00002,BGS,1.19415225,0.278892,0.4500
TG00000477,T00002,BGS,1.46040215,0.138789,0.4500
TG00000478,T00002,BGS,1.10283297,0.228223,0.4500
TG00000479,T00002,BGS,2.21769503,0.346705,0.4500
TG00000480,T00002,BGS,1.69598649,0.150588,0.4500
TG00000481,T00002,BGS,1.29217809,0.125113,0.4500
TG00000482,T00002,BGS,1.22261035,0.197856,0.4500
TG00000483,T00002,BGS,1.98103807,0.269081,0.4500
TG00000484,T00002,BGS,1.51057323,0.246190,0.4500
TG00000485,T00002,BGS,1.85314386,0.312120,0.4500
TG00000486,T00002,BGS,2.21198025,0.220080,0.4500
TG00000487,T00002,BGS,1.53268563,0.104394,0.4500
TG00000488,T00002,BGS,1.43927777,0.305613,0.4500
TG00000489,T00002,BGS,1.11998603,0.112106,0.4500
TG00000490,T00002,BGS,2.63264330,0.139493,0.4500
TG00000491,T00002,BGS,0.80466316,0.192222,0.4500
TG00000492,T00002,BGS,1.05934965,0.233571,0.4500
TG00000493,T00002,BGS,1.01203802,0.418882,0.4500
TG00000494,T00002,BGS,0.85025107,0.144313,0.4500
TG00000495,T00002,BGS,0.70407820,0.374255,0.4500
TG00000496,T00002,BGS,1.34646014,0.239043,0.4500
TG00000497,T00002,BGS,1.13037836,0.168815,0.4500
TG00000498,T00002,BGS,1.21777430,0.272819,0.4500
TG00000499,T00002,BGS,0.82816477,0.170505,0.4500
TG00000500,T00002,BGS,0.79984210,0.260016,0.4500
TG00000501,T00002,BGS,1.52463667,0.125089,0.4500
TG00000502,T00002,BGS,1.36993220,0.123703,0.4500
TG00000503,T00002,BGS,1.06022108,0.297844,0.4500
TG00000504,T00002,BGS,1.84876270,0.134898,0.4500
TG00000505,T00002,BGS,1.58625113,0.143473,0.4500
TG00000506,T00002,BGS,1.70302508,0.131035,0.4500
TG00000507,T00002,BGS,1.24242468,0.213873,0.4500
TG00000508,T00002,BGS,1.76641586,0.434831,0.4500
TG00000509,T00002,BGS,1.38717909,0.194844,0.4500
TG00000510,T00002,BGS,0.99286043,0.250530,0.4500
TG00000511,T00002,BGS,1.40189815,0.019208,0.4500
TG00000512,T00002,BGS,1.99813363,0.202439,0.4500
TG00000513,T00002,BGS,1.77715682,0.208904,0.4500
TG00000514,T00002,BGS,0.91591225,0.148627,0.4500
TG00000515,T00002,BGS,1.90073211,0.356665,0.4500
TG00000516,T00002,BGS,1.20302730,0.296950,0.4500
TG00000517,T00002,BGS,0.91903357,0.454434,0.4500
TG00000518,T00002,BGS,0.89133367,0.156858,0.4500
TG00000519,T00002,BGS,1.20739215,0.178412,0.4500
TG00000520,T00002,BGS,1.19824305,0.167855,0.4500
TG00000521,T00002,BGS,1.79220628,0.209183,0.4500
TG00000522,T00002,BGS,1.32232185,0.336438,0.4500
TG00000523,T00002,BGS,1.83400878,0.270408,0.4500
TG00000524,T00002,BGS,1.24792541,0.053396,0.4500
TG00000525,T00002,BGS,1.05274382,0.274288,0.4500
TG00000526,T00002,BGS,0.96143176,0.220840,0.4500
TG00000527,T00002,BGS,1.62102690,0.362509,0.4500
TG00000528,T00002,BGS,1.42247486,0.194839,0.4500
TG00000529,T00002,BGS,0.97798809,0.056822,0.4500
TG00000530,T00002,BGS,1.10472180,0.247392,0.4500
TG00000531,T00002,BGS,1.16040159,0.313283,0.4500
TG00000532,T00002,BGS,1.24033025,0.147964,0.4500
TG00000533,T00002,BGS,0.99027309,0.076399,0.4500
TG00000534,T00002,BGS,1.59502339,0.269407,0.4500
TG00000535,T00002,BGS,0.90744821,0.236033,0.4500
TG00000536,T00002,BGS,1.09802779,0.212771,0.4500
TG00000537,T00002,BGS,1.64919258,0.203229,0.4500
TG00000538,T00002,BGS,1.07179485,0.229195,0.4500
TG00000539,T00002,BGS,0.97704048,0.048731,0.4500
TG00000540,T00002,BGS,0.94815817,0.228792,0.4500
TG00000541,T00002,BGS,1.27328241,0.250181,0.4500
TG00000542,T00002,BGS,1.79179992,0.236585,0.4500
TG00000543,T00002,BGS,1.88756332,0.202669,0.4500
TG00000544,T00002,BGS,1.11634191,0.253681,0.4500
TG00000545,T00002,BGS,1.63531181,0.163782,0.4500
TG00000546,T00002,BGS,0.96115986,0.213933,0.4500
TG00000547,T00002,BGS,0.91920439,0.152441,0.4500
TG00000548,T00002,BGS,1.55061459,0.065582,0.4500
TG00000549,T00003,LRG,0.36495842,0.648944,1.0000
TG00000550,T00003,LRG,0.40339477,0.605216,1.0000
TG00000551,T00003,LRG,0.54122376,0.391652,1.0000
TG00000552,T00003,LRG,0.25934499,0.555936,1.0000
TG00000553,T00003,LRG,0.55000138,1.053822,1.0000
TG00000554,T00003,LRG,0.23056654,0.732280,1.0000
TG00000555,T00003,LRG,0.24867359,0.731545,1.0000
TG00000556,T00003,LRG,0.49947131,0.538750,1.0000
TG00000557,T00003,LRG,0.20878561,0.868670,1.0000
TG00000558,T00003,LRG,0.25965519,0.708298,1.0000
TG00000559,T00003,LRG,0.58526311,0.706501,1.0000
TG00000560,T00003,LRG,0.34646182,0.813381,1.0000
TG00000561,T00003,LRG,0.44974171,0.884307,1.0000
TG00000562,T00003,LRG,0.27747557,0.745335,1.0000
TG00000563,T00003,LRG,0.30051074,0.618448,1.0000
TG00000564,T00003,LRG,0.39280050,0.384976,1.0000
TG00000565,T00003,LRG,0.26816451,0.840425,1.0000
TG00000566,T00003,LRG,0.60871439,0.757455,1.0000
TG00000567,T00003,LRG,0.43660127,0.845703,1.0000
TG00000568,T00003,LRG,0.28847584,0.496344,1.0000
TG00000569,T00003,LRG,0.56079166,0.691328,1.0000
TG00000570,T00003,LRG,0.61221351,0.613372,1.0000
TG00000571,T00003,LRG,0.43638543,0.835346,1.0000
TG00000572,T00003,LRG,0.29735238,0.480883,1.0000
TG00000573,T00003,LRG,0.39767758,0.509335,1.0000
TG00000574,T00003,LRG,0.36510695,0.729751,1.0000
TG00000575,T00003,LRG,0.46814138,0.775307,1.0000
TG00000576,T00003,LRG,0.28219690,0.796098,1.0000
TG00000577,T00003,LRG,0.18365323,1.158852,1.0000
TG00000578,T00003,LRG,0.18104640,0.893767,1.0000
TG00000579,T00003,LRG,0.31156198,0.423481,1.0000
TG00000580,T00003,LRG,0.51326821,0.608548,1.0000
TG00000581,T00003,LRG,0.26389808,1.018507,1.0000
TG00000582,T00003,LRG,0.37490058,0.658415,1.0000
TG00000583,T00003,LRG,0.57154443,0.673476,1.0000
TG00000584,T00003,LRG,0.29328210,0.883859,1.0000
TG00000585,T00003,LRG,0.38605565,0.845806,1.0000
TG00000586,T00003,LRG,0.29566656,0.418225,1.0000
TG00000587,T00003,LRG,0.54764341,0.533039,1.0000
TG00000588,T00003,LRG,0.32274637,0.749011,1.0000
TG00000589,T00003,LRG,0.57472799,0.878392,1.0000
TG00000590,T00003,LRG,0.37147945,1.277864,1.0000
TG00000591,T00003,LRG,0.48155869,0.669803,1.0000
TG00000592,T00003,LRG,0.45017393,0.709636,1.0000
TG00000593,T00003,LRG,0.20226770,0.785956,1.0000
TG00000594,T00003,ELG,0.76765762,0.990779,1.0000
TG00000595,T00003,ELG,0.61002396,1.311653,1.0000
TG00000596,T00003,ELG,0.43795558,0.922358,1.0000
TG00000597,T00003,ELG,0.55640291,1.345817,1.0000
TG00000598,T00003,ELG,0.43754062,1.012392,1.0000
TG00000599,T00003,ELG,0.29910984,1.444579,1.0000
TG00000600,T00003,ELG,0.54536123,0.998534,1.0000
TG00000601,T00003,ELG,0.69458692,1.013809,1.0000
TG00000602,T00003,ELG,0.27237773,0.756693,1.0000
TG00000603,T00003,ELG,0.66922621,1.397863,1.0000
TG00000604,T00003,ELG,0.81271941,1.131145,1.0000
TG00000605,T00003,ELG,0.35565336,0.954414,1.0000
TG00000606,T00003,ELG,0.57185762,0.824251,1.0000
TG00000607,T00003,ELG,0.22750851,1.607581,1.0000
TG00000608,T00003,ELG,0.47546035,1.151374,1.0000
TG00000609,T00003,ELG,0.50620427,1.030326,1.0000
TG00000610,T00003,ELG,0.60157316,0.837691,1.0000
TG00000611,T00003,ELG,0.43957717,1.464942,1.0000
TG00000612,T00003,ELG,0.76934358,1.076060,1.0000
TG00000613,T00003,ELG,0.89336259,1.072673,1.0000
TG00000614,T00003,ELG,0.74064097,1.431164,1.0000
TG00000615,T00003,ELG,0.71709713,1.310886,1.0000
TG00000616,T00003,ELG,0.44468777,0.751408,1.0000
TG00000617,T00003,ELG,0.39319927,0.864812,1.0000
TG00000618,T00003,ELG,0.87775598,1.037484,1.0000
TG00000619,T00003,ELG,0.34931987,0.897260,1.0000
TG00000620,T00003,ELG,0.97217301,1.671525,1.0000
TG00000621,T00003,ELG,0.73303786,1.245884,1.0000
TG00000622,T00003,ELG,0.77957375,1.212859,1.0000
TG00000623,T00003,ELG,0.36678027,1.044919,1.0000
TG00000624,T00003,ELG,0.45947789,0.282568,1.0000
TG00000625,T00003,ELG,0.47675952,1.605167,1.0000
TG00000626,T00003,ELG,0.16601410,1.277854,1.0000
TG00000627,T00003,ELG,0.37609895,0.737729,1.0000
TG00000628,T00003,ELG,0.71635745,0.825231,1.0000
TG00000629,T00003,ELG,0.54759653,1.248470,1.0000
TG00000630,T00003,ELG,0.74111320,1.000147,1.0000
TG00000631,T00003,ELG,0.84638990,0.940534,1.0000
TG00000632,T00003,ELG,0.79835702,1.608743,1.0000
TG00000633,T00003,ELG,0.73529701,0.892114,1.0000
TG00000634,T00003,ELG,0.76953672,1.044936,1.0000
TG00000635,T00003,ELG,0.57110662,0.966580,1.0000
TG00000636,T00003,ELG,0.47979642,0.667531,1.0000
TG00000637,T00003,ELG,0.73376355,1.080491,1.0000
TG00000638,T00003,ELG,0.28786958,0.625613,1.0000
TG00000639,T00003,ELG,0.43831814,0.993066,1.0000
TG00000640,T00003,ELG,0.31401159,1.259174,1.0000
TG00000641,T00003,ELG,0.25011000,1.016728,1.0000
TG00000642,T00003,ELG,0.76068448,1.304211,1.0000
TG00000643,T00003,ELG,0.58132053,1.408402,1.0000
TG00000644,T00003,ELG,0.26288110,0.636100,1.0000
TG00000645,T00003,ELG,0.92824953,1.217199,1.0000
TG00000646,T00003,ELG,0.36937507,0.984769,1.0000
TG00000647,T00003,ELG,0.40430919,0.814616,1.0000
TG00000648,T00003,ELG,1.05221766,1.402301,1.0000
TG00000649,T00003,ELG,0.49318177,0.513280,1.0000
TG00000650,T00003,ELG,0.36811937,1.221299,1.0000
TG00000651,T00003,ELG,0.50254713,1.082140,1.0000
TG00000652,T00003,ELG,0.38988551,1.030993,1.0000
TG00000653,T00003,ELG,0.77584386,0.969560,1.0000
TG00000654,T00003,ELG,0.30677076,1.214761,1.0000
TG00000655,T00003,ELG,0.67144405,0.843635,1.0000
TG00000656,T00003,ELG,0.40579206,0.682951,1.0000
TG00000657,T00003,ELG,0.43888075,1.012182,1.0000
TG00000658,T00003,ELG,0.64987757,1.388525,1.0000
TG00000659,T00003,ELG,0.48771821,1.325010,1.0000
TG00000660,T00003,ELG,0.29679981,0.860131,1.0000
TG00000661,T00003,ELG,0.55478507,1.352805,1.0000
TG00000662,T00003,ELG,0.56567892,1.234108,1.0000
TG00000663,T00003,ELG,0.75924943,1.143815,1.0000
TG00000664,T00003,ELG,0.53279815,1.410049,1.0000
TG00000665,T00003,ELG,1.09264267,1.123795,1.0000
TG00000666,T00003,ELG,0.49318802,1.220518,1.0000
TG00000667,T00003,ELG,0.65952561,1.025432,1.0000
TG00000668,T00003,ELG,0.91931301,1.246437,1.0000
TG00000669,T00003,ELG,0.82150389,1.214142,1.0000
TG00000670,T00003,ELG,0.30679441,1.263746,1.0000
TG00000671,T00003,ELG,0.46864265,1.111513,1.0000
TG00000672,T00003,ELG,0.57306436,1.520402,1.0000
TG00000673,T00003,ELG,0.42015507,1.383097,1.0000
TG00000674,T00003,ELG,0.37353392,0.705786,1.0000
TG00000675,T00003,ELG,0.56924036,1.423843,1.0000
TG00000676,T00003,ELG,0.46852949,1.300931,1.0000
TG00000677,T00003,ELG,0.51346411,1.145272,1.0000
TG00000678,T00003,ELG,0.46561176,1.419156,1.0000
TG00000679,T00003,ELG,0.57166318,1.332792,1.0000
TG00000680,T00003,ELG,0.27490958,0.900387,1.0000
TG00000681,T00003,ELG,0.71965766,1.165759,1.0000
TG00000682,T00003,ELG,0.54717631,1.632871,1.0000
TG00000683,T00003,ELG,0.44033037,1.451454,1.0000
TG00000684,T00003,ELG,0.57333820,1.095644,1.0000
TG00000685,T00003,ELG,0.42556225,1.327229,1.0000
TG00000686,T00003,ELG,0.96354080,0.963974,1.0000
TG00000687,T00003,ELG,0.55775180,0.620615,1.0000
TG00000688,T00003,ELG,0.38587022,1.302994,1.0000
TG00000689,T00003,ELG,1.63408097,1.436543,1.0000
TG00000690,T00003,ELG,0.74687277,0.731537,1.0000
TG00000691,T00003,ELG,0.29300914,0.833122,1.0000
TG00000692,T00003,ELG,0.77819618,1.290070,1.0000
TG00000693,T00003,QSO,0.11457823,1.626194,1.7000
TG00000694,T00003,QSO,0.20865470,1.958790,1.7000
TG00000695,T00003,QSO,0.18643583,3.021719,1.7000
TG00000696,T00003,QSO,0.30185300,1.990011,1.7000
TG00000697,T00003,QSO,0.27455440,1.619267,1.7000
TG00000698,T00003,QSO,0.12876563,0.617257,1.7000
TG00000699,T00003,QSO,0.09941787,2.778451,1.7000
TG00000700,T00003,QSO,0.28350098,2.484083,1.7000
TG00000701,T00003,QSO,0.69811302,2.791737,1.7000
TG00000702,T00003,QSO,0.53479762,2.810508,1.7000
TG00000703,T00003,QSO,0.20399370,1.562003,1.7000
TG00000704,T00003,BGS,0.54154505,0.065882,0.4500
TG00000705,T00003,BGS,1.31830778,0.223617,0.4500
TG00000706,T00003,BGS,1.21675161,0.205095,0.4500
TG00000707,T00003,BGS,1.34781569,0.008940,0.4500
TG00000708,T00003,BGS,1.65045885,0.316382,0.4500
TG00000709,T00003,BGS,1.91773452,0.215510,0.4500
TG00000710,T00003,BGS,0.85832980,0.148653,0.4500
TG00000711,T00003,BGS,1.10931673,0.169678,0.4500
TG00000712,T00003,BGS,0.62129968,0.207241,0.4500
TG00000713,T00003,BGS,1.46821115,0.241278,0.4500
TG00000714,T00003,BGS,1.23208786,0.171892,0.4500
TG00000715,T00003,BGS,1.45264422,0.112874,0.4500
TG00000716,T00003,BGS,1.74943988,0.228278,0.4500
TG00000717,T00003,BGS,0.94281795,0.342360,0.4500
TG00000718,T00003,BGS,1.03743219,0.202675,0.4500
TG00000719,T00003,BGS,0.64870085,0.197273,0.4500
TG00000720,T00003,BGS,0.60319201,0.253109,0.4500
TG00000721,T00003,BGS,1.03230344,0.194227,0.4500
TG00000722,T00003,BGS,1.57514579,0.132987,0.4500
TG00000723,T00003,BGS,1.53173507,0.267189,0.4500
TG00000724,T00003,BGS,1.42373206,0.216879,0.4500
TG00000725,T00003,BGS,1.70163992,0.153375,0.4500
TG00000726,T00003,BGS,1.22940811,0.207218,0.4500
TG00000727,T00003,BGS,1.31480758,0.295878,0.4500
TG00000728,T00003,BGS,1.32290241,0.030687,0.4500
TG00000729,T00003,BGS,1.31345637,0.225685,0.4500
TG00000730,T00003,BGS,1.21387745,0.123760,0.4500
TG00000731,T00003,BGS,2.02210445,0.249392,0.4500
TG00000732,T00003,BGS,1.12161744,0.033068,0.4500
TG00000733,T00003,BGS,1.07303037,0.203373,0.4500
TG00000734,T00003,BGS,1.75807256,0.142391,0.4500
TG00000735,T00003,BGS,0.99933364,0.124794,0.4500
TG00000736,T00003,BGS,2.60888609,0.132892,0.4500
TG00000737,T00003,BGS,1.39921985,0.106055,0.4500
TG00000738,T00003,BGS,0.99204058,0.197119,0.4500
TG00000739,T00003,BGS,1.42489020,0.173565,0.4500
TG00000740,T00003,BGS,1.15644200,0.201626,0.4500
TG00000741,T00003,BGS,1.15379919,0.210640,0.4500
TG00000742,T00003,BGS,1.02335534,0.288922,0.4500
TG00000743,T00003,BGS,1.69285425,0.241011,0.4500
TG00000744,T00003,BGS,1.58537499,0.237957,0.4500
TG00000745,T00003,BGS,1.29113076,0.154369,0.4500
TG00000746,T00003,BGS,0.95083113,0.111730,0.4500
TG00000747,T00003,BGS,1.21586765,0.208600,0.4500
TG00000748,T00003,BGS,1.32568003,0.215520,0.4500
TG00000749,T00003,BGS,0.93773815,0.110366,0.4500
TG00000750,T00003,BGS,1.19977323,0.178610,0.4500
TG00000751,T00003,BGS,1.06197972,0.198830,0.4500
TG00000752,T00003,BGS,1.28576577,0.235911,0.4500
TG00000753,T00003,BGS,1.19598515,0.148909,0.4500
TG00000754,T00003,BGS,1.20820599,0.307783,0.4500
TG00000755,T00003,BGS,1.40597738,0.210357,0.4500
TG00000756,T00003,BGS,1.60321925,0.199737,0.4500
TG00000757,T00003,BGS,1.59218729,0.193779,0.4500
TG00000758,T00003,BGS,2.23706939,0.159931,0.4500
TG00000759,T00003,BGS,1.38256499,0.334272,0.4500
TG00000760,T00003,BGS,1.30718453,0.198021,0.4500
TG00000761,T00003,BGS,0.69332358,0.128813,0.4500
TG00000762,T00003,BGS,1.48937965,0.200129,0.4500
TG00000763,T00003,BGS,1.35242703,0.190941,0.4500
TG00000764,T00003,BGS,0.83235946,0.210249,0.4500
TG00000765,T00003,BGS,1.47664536,0.133968,0.4500
TG00000766,T00003,BGS,0.86587581,0.193953,0.4500
TG00000767,T00003,BGS,1.07651907,0.184026,0.4500
TG00000768,T00003,BGS,1.16678661,0.180274,0.4500
TG00000769,T00003,BGS,1.15787834,0.133698,0.4500
TG00000770,T00003,BGS,0.94019189,0.351022,0.4500
TG00000771,T00003,BGS,1.47347473,0.308500,0.4500
TG00000772,T00003,BGS,2.02097769,0.241462,0.4500
TG00000773,T00003,BGS,0.96826652,0.325593,0.4500
TG00000774,T00003,BGS,1.23064561,0.300220,0.4500
TG00000775,T00003,BGS,1.41670723,0.147794,0.4500
TG00000776,T00003,BGS,1.00800166,0.073805,0.4500
TG00000777,T00003,BGS,0.81724286,0.230343,0.4500
TG00000778,T00003,BGS,1.89633707,0.205364,0.4500
TG00000779,T00004,LRG,0.37642409,0.488318,1.0000
TG00000780,T00004,LRG,0.18320809,1.008206,1.0000
TG00000781,T00004,LRG,0.25981971,0.739742,1.0000
TG00000782,T00004,LRG,0.29115890,0.678324,1.0000
TG00000783,T00004,LRG,0.21627641,0.552202,1.0000
TG00000784,T00004,LRG,0.24284456,0.839473,1.0000
TG00000785,T00004,LRG,0.29872756,0.729483,1.0000
TG00000786,T00004,LRG,0.30544058,0.838559,1.0000
TG00000787,T00004,LRG,0.50756553,0.658883,1.0000
TG00000788,T00004,LRG,0.40335291,0.659644,1.0000
TG00000789,T00004,LRG,0.26139421,0.610674,1.0000
TG00000790,T00004,LRG,0.44151835,0.810807,1.0000
TG00000791,T00004,LRG,0.41927101,0.917320,1.0000
TG00000792,T00004,LRG,0.39772109,0.475445,1.0000
TG00000793,T00004,LRG,0.16015301,0.576452,1.0000
TG00000794,T00004,LRG,0.44188000,0.361088,1.0000
TG00000795,T00004,LRG,0.20568231,0.765265,1.0000
TG00000796,T00004,LRG,0.46652024,0.808763,1.0000
TG00000797,T00004,LRG,0.37856034,0.334839,1.0000
TG00000798,T00004,LRG,0.36267272,0.654959,1.0000
TG00000799,T00004,LRG,0.41527988,0.796055,1.0000
TG00000800,T00004,LRG,0.43200447,1.098581,1.0000
TG00000801,T00004,LRG,0.28141502,0.885064,1.0000
TG00000802,T00004,LRG,0.19279017,0.789894,1.0000
TG00000803,T00004,LRG,0.33992624,0.545961,1.0000
TG00000804,T00004,LRG,0.36902256,0.620960,1.0000
TG00000805,T00004,LRG,0.42908738,0.517835,1.0000
TG00000806,T00004,LRG,0.27275689,0.574355,1.0000
TG00000807,T00004,LRG,0.23648486,0.684351,1.0000
TG00000808,T00004,LRG,0.30046382,0.604386,1.0000
TG00000809,T00004,LRG,0.33032020,0.675487,1.0000
TG00000810,T00004,LRG,0.44083908,0.472879,1.0000
TG00000811,T00004,LRG,0.31483525,0.451853,1.0000
TG00000812,T00004,LRG,0.33419105,0.588667,1.0000
TG00000813,T00004,LRG,0.27850186,0.849335,1.0000
TG00000814,T00004,LRG,0.27609538,0.647127,1.0000
TG00000815,T00004,LRG,0.74914346,0.801037,1.0000
TG00000816,T00004,LRG,0.33005357,0.814405,1.0000
TG00000817,T00004,LRG,0.24738349,0.340785,1.0000
TG00000818,T00004,LRG,0.68921246,0.721774,1.0000
TG00000819,T00004,LRG,0.18403792,0.650054,1.0000
TG00000820,T00004,LRG,0.35334430,0.951677,1.0000
TG00000821,T00004,LRG,0.29128420,0.740110,1.0000
TG00000822,T00004,LRG,0.38064741,0.886544,1.0000
TG00000823,T00004,LRG,0.21958492,0.804255,1.0000
TG00000824,T00004,LRG,0.31891236,0.828309,1.0000
TG00000825,T00004,LRG,0.43547824,0.734939,1.0000
TG00000826,T00004,LRG,0.28891353,1.098448,1.0000
TG00000827,T00004,LRG,0.27061547,0.656635,1.0000
TG00000828,T00004,LRG,0.32075550,1.054270,1.0000
TG00000829,T00004,LRG,0.34357748,0.593603,1.0000
TG00000830,T00004,LRG,0.37092671,0.322047,1.0000
TG00000831,T00004,LRG,0.28017726,1.065204,1.0000
TG00000832,T00004,LRG,0.31604781,0.844464,1.0000
TG00000833,T00004,LRG,0.17541908,0.510675,1.0000
TG00000834,T00004,LRG,0.37211370,0.364118,1.0000
TG00000835,T00004,LRG,0.53922943,0.522925,1.0000
TG00000836,T00004,LRG,0.52081843,1.028326,1.0000
TG00000837,T00004,LRG,0.27857611,0.584886,1.0000
TG00000838,T00004,LRG,0.33732117,0.814745,1.0000
TG00000839,T00004,LRG,0.34789213,1.021178,1.0000
TG00000840,T00004,LRG,0.26178536,0.726688,1.0000
TG00000841,T00004,LRG,0.18797828,0.510475,1.0000
TG00000842,T00004,LRG,0.20284439,0.834733,1.0000
TG00000843,T00004,LRG,0.19754970,0.891845,1.0000
TG00000844,T00004,ELG,0.60565134,1.306989,1.0000
TG00000845,T00004,ELG,0.58071653,1.184487,1.0000
TG00000846,T00004,ELG,0.83299129,1.283472,1.0000
TG00000847,T00004,ELG,0.55302483,1.244502,1.0000
TG00000848,T00004,ELG,0.60916754,1.243599,1.0000
TG00000849,T00004,ELG,0.30642853,1.180642,1.0000
TG00000850,T00004,ELG,1.16053234,1.218316,1.0000
TG00000851,T00004,ELG,0.19091619,1.017970,1.0000
TG00000852,T00004,ELG,0.48523178,0.971744,1.0000
TG00000853,T00004,ELG,0.50046702,0.837545,1.0000
TG00000854,T00004,ELG,0.35804075,0.893068,1.0000
TG00000855,T00004,ELG,0.86122998,1.000177,1.0000
TG00000856,T00004,ELG,1.07967054,1.432423,1.0000
TG00000857,T00004,ELG,0.45950917,1.239151,1.0000
TG00000858,T00004,ELG,0.99542491,1.059473,1.0000
TG00000859,T00004,ELG,0.56107347,1.488147,1.0000
TG00000860,T00004,ELG,0.89316676,1.145355,1.0000
TG00000861,T00004,ELG,0.52798914,1.020077,1.0000
TG00000862,T00004,ELG,0.31858176,1.070779,1.0000
TG00000863,T00004,ELG,0.19952901,1.196415,1.0000
TG00000864,T00004,ELG,0.91027142,1.079227,1.0000
TG00000865,T00004,ELG,0.48483233,0.836433,1.0000
TG00000866,T00004,ELG,0.84224696,1.332799,1.0000
TG00000867,T00004,ELG,1.10400767,0.865596,1.0000
TG00000868,T00004,ELG,0.32768069,0.790176,1.0000
TG00000869,T00004,ELG,0.38089961,1.162542,1.0000
TG00000870,T00004,ELG,0.81932161,1.514285,1.0000
TG00000871,T00004,ELG,0.40307456,0.994603,1.0000
TG00000872,T00004,ELG,0.57051580,1.597982,1.0000
TG00000873,T00004,ELG,0.57661728,0.398599,1.0000
TG00000874,T00004,ELG,0.95522747,1.032557,1.0000
TG00000875,T00004,ELG,0.86119133,1.367173,1.0000
TG00000876,T00004,ELG,0.58376793,0.823400,1.0000
TG00000877,T00004,ELG,0.69101651,1.556705,1.0000
TG00000878,T00004,ELG,0.91786005,0.970858,1.0000
TG00000879,T00004,ELG,0.57744208,1.086771,1.0000
TG00000880,T00004,ELG,0.51057068,0.769781,1.0000
TG00000881,T00004,ELG,0.88787817,1.039293,1.0000
TG00000882,T00004,ELG,0.31278828,1.171981,1.0000
TG00000883,T00004,ELG,0.78829173,1.202072,1.0000
TG00000884,T00004,ELG,0.42651441,1.208566,1.0000
TG00000885,T00004,ELG,0.78791026,0.811158,1.0000
TG00000886,T00004,ELG,0.87786290,1.343157,1.0000
TG00000887,T00004,ELG,0.58436436,1.247418,1.0000
TG00000888,T00004,ELG,0.85895774,1.003747,1.0000
TG00000889,T00004,ELG,0.66563633,1.320695,1.0000
TG00000890,T00004,ELG,0.60925699,0.791825,1.0000
TG00000891,T00004,ELG,0.64160685,1.430625,1.0000
TG00000892,T00004,ELG,0.74397942,0.381373,1.0000
TG00000893,T00004,ELG,0.51545305,1.004109,1.0000
TG00000894,T00004,ELG,0.39833884,1.190959,1.0000
TG00000895,T00004,ELG,0.77444462,1.009973,1.0000
TG00000896,T00004,ELG,0.66138573,0.346448,1.0000
TG00000897,T00004,ELG,0.30544916,0.536375,1.0000
TG00000898,T00004,ELG,0.93099773,1.525620,1.0000
TG00000899,T00004,ELG,0.36805106,1.467146,1.0000
TG00000900,T00004,ELG,0.26175101,1.135067,1.0000
TG00000901,T00004,ELG,0.49631462,0.933808,1.0000
TG00000902,T00004,ELG,1.18460917,1.419160,1.0000
TG00000903,T00004,ELG,0.56268134,0.828351,1.0000
TG00000904,T00004,ELG,0.39527180,1.154566,1.0000
TG00000905,T00004,ELG,0.56108860,1.202212,1.0000
TG00000906,T00004,ELG,0.74314294,1.446221,1.0000
TG00000907,T00004,ELG,0.63375447,1.230061,1.0000
TG00000908,T00004,ELG,0.64205430,0.833813,1.0000
TG00000909,T00004,ELG,0.50758762,1.216560,1.0000
TG00000910,T00004,ELG,0.37424963,1.413965,1.0000
TG00000911,T00004,ELG,0.23900960,1.576274,1.0000
TG00000912,T00004,ELG,0.26423749,1.106480,1.0000
TG00000913,T00004,ELG,0.49491022,0.803713,1.0000
TG00000914,T00004,ELG,1.27535605,1.309942,1.0000
TG00000915,T00004,ELG,0.51831731,1.180385,1.0000
TG00000916,T00004,ELG,0.39351055,0.867966,1.0000
TG00000917,T00004,ELG,0.59199495,1.242198,1.0000
TG00000918,T00004,ELG,0.53852238,1.147614,1.0000
TG00000919,T00004,ELG,0.46518620,0.922056,1.0000
TG00000920,T00004,ELG,0.26014621,1.282547,1.0000
TG00000921,T00004,ELG,0.77986649,1.375528,1.0000
TG00000922,T00004,ELG,0.75088756,1.066733,1.0000
TG00000923,T00004,ELG,0.66230095,0.836902,1.0000
TG00000924,T00004,ELG,0.22524408,1.523464,1.0000
TG00000925,T00004,ELG,0.65070829,1.022430,1.0000
TG00000926,T00004,ELG,0.64263881,1.002583,1.0000
TG00000927,T00004,ELG,0.55536948,1.121406,1.0000
TG00000928,T00004,ELG,0.46086234,1.036528,1.0000
TG00000929,T00004,ELG,0.75532488,0.559298,1.0000
TG00000930,T00004,ELG,0.84747858,1.032685,1.0000
TG00000931,T00004,ELG,0.27231869,0.546617,1.0000
TG00000932,T00004,ELG,0.55635905,1.181983,1.0000
TG00000933,T00004,ELG,1.04543765,0.956076,1.0000
TG00000934,T00004,ELG,0.30990512,1.111619,1.0000
TG00000935,T00004,ELG,0.68861304,1.317513,1.0000
TG00000936,T00004,ELG,0.47122924,1.073607,1.0000
TG00000937,T00004,ELG,0.93571122,1.006037,1.0000
TG00000938,T00004,ELG,0.29847085,1.397671,1.0000
TG00000939,T00004,ELG,0.45604080,1.254191,1.0000
TG00000940,T00004,ELG,0.85481123,1.499164,1.0000
TG00000941,T00004,ELG,0.82217503,1.114348,1.0000
TG00000942,T00004,ELG,0.79754062,0.847371,1.0000
TG00000943,T00004,QSO,0.15919301,2.992823,1.7000
TG00000944,T00004,QSO,0.33532385,1.247139,1.7000
TG00000945,T00004,QSO,0.14111596,2.210693,1.7000
TG00000946,T00004,QSO,0.24999659,3.021365,1.7000
TG00000947,T00004,QSO,0.29633133,1.658602,1.7000
TG00000948,T00004,QSO,0.21398992,2.116946,1.7000
TG00000949,T00004,QSO,0.11078147,1.929684,1.7000
TG00000950,T00004,QSO,0.06730544,1.685751,1.7000
TG00000951,T00004,QSO,0.13485740,3.147120,1.7000
TG00000952,T00004,QSO,0.11456910,3.373412,1.7000
TG00000953,T00004,QSO,0.14353034,2.587812,1.7000
TG00000954,T00004,QSO,0.10423987,2.187454,1.7000
TG00000955,T00004,QSO,0.29458359,2.583330,1.7000
TG00000956,T00004,QSO,0.14986881,1.432484,1.7000
TG00000957,T00004,QSO,0.34908722,2.734356,1.7000
TG00000958,T00004,QSO,0.36930541,3.053898,1.7000
TG00000959,T00004,QSO,0.20723262,2.583793,1.7000
TG00000960,T00004,QSO,0.10975571,1.477024,1.7000
TG00000961,T00004,BGS,0.84142184,0.178865,0.4500
TG00000962,T00004,BGS,0.90903560,0.220067,0.4500
TG00000963,T00004,BGS,0.82125783,0.139277,0.4500
TG00000964,T00004,BGS,1.12000870,0.072071,0.4500
TG00000965,T00004,BGS,0.54558198,0.095104,0.4500
TG00000966,T00004,BGS,1.75237466,0.167560,0.4500
TG00000967,T00004,BGS,1.51627354,0.129714,0.4500
TG00000968,T00004,BGS,0.82252456,0.229079,0.4500
TG00000969,T00004,BGS,1.31767263,0.054159,0.4500
TG00000970,T00004,BGS,1.66665851,0.212675,0.4500
TG00000971,T00004,BGS,1.01503785,0.191824,0.4500
TG00000972,T00004,BGS,1.04133814,0.130199,0.4500
TG00000973,T00004,BGS,1.96833865,0.280405,0.4500
TG00000974,T00004,BGS,0.62066752,0.221090,0.4500
TG00000975,T00004,BGS,1.03896116,0.000000,0.4500
TG00000976,T00004,BGS,1.81631954,0.405060,0.4500
TG00000977,T00004,BGS,1.41352503,0.349658,0.4500
TG00000978,T00004,BGS,1.28609441,0.188627,0.4500
TG00000979,T00004,BGS,1.07589012,0.134433,0.4500
TG00000980,T00004,BGS,0.79465711,0.254042,0.4500
TG00000981,T00004,BGS,0.94742877,0.318051,0.4500
TG00000982,T00004,BGS,1.50792222,0.250850,0.4500
TG00000983,T00004,BGS,1.12003320,0.163364,0.4500
TG00000984,T00004,BGS,1.10824497,0.218452,0.4500
TG00000985,T00004,BGS,1.03453655,0.315308,0.4500
TG00000986,T00004,BGS,1.10933116,0.183800,0.4500
TG00000987,T00004,BGS,0.99219109,0.000000,0.4500
TG00000988,T00004,BGS,0.89460404,0.302203,0.4500
TG00000989,T00004,BGS,1.23700382,0.318826,0.4500
TG00000990,T00004,BGS,1.85207935,0.195315,0.4500
TG00000991,T00004,BGS,0.97503842,0.301620,0.4500
TG00000992,T00004,BGS,1.16750602,0.165404,0.4500
TG00000993,T00004,BGS,1.69949010,0.088298,0.4500
TG00000994,T00004,BGS,1.97744830,0.283584,0.4500
TG00000995,T00004,BGS,1.03959746,0.103223,0.4500
TG00000996,T00004,BGS,0.62979232,0.349300,0.4500
TG00000997,T00004,BGS,1.78228812,0.216622,0.4500
TG00000998,T00004,BGS,0.80472707,0.333861,0.4500
TG00000999,T00004,BGS,1.35937608,0.237340,0.4500
TG00001000,T00004,BGS,1.02024869,0.131314,0.4500
TG00001001,T00004,BGS,1.28975281,0.261004,0.4500
TG00001002,T00004,BGS,1.52578965,0.233252,0.4500
TG00001003,T00004,BGS,1.65836691,0.199033,0.4500
TG00001004,T00004,BGS,1.91208839,0.239529,0.4500
TG00001005,T00004,BGS,1.55432324,0.113173,0.4500
TG00001006,T00004,BGS,0.87879898,0.259378,0.4500
TG00001007,T00004,BGS,0.62512684,0.118359,0.4500
TG00001008,T00005,LRG,0.30851925,0.683750,1.0000
TG00001009,T00005,LRG,0.34528127,0.735508,1.0000
TG00001010,T00005,LRG,0.39152726,0.562140,1.0000
TG00001011,T00005,LRG,0.30233298,0.990753,1.0000
TG00001012,T00005,LRG,0.64723548,0.898177,1.0000
TG00001013,T00005,LRG,0.50833344,0.515468,1.0000
TG00001014,T00005,LRG,0.46302962,0.653545,1.0000
TG00001015,T00005,LRG,0.46768159,0.898176,1.0000
TG00001016,T00005,LRG,0.27026300,0.638423,1.0000
TG00001017,T00005,LRG,0.37468297,0.825353,1.0000
TG00001018,T00005,LRG,0.67217659,0.508567,1.0000
TG00001019,T00005,LRG,0.47370779,0.993893,1.0000
TG00001020,T00005,LRG,0.50312184,0.736744,1.0000
TG00001021,T00005,LRG,0.30036934,0.600723,1.0000
TG00001022,T00005,LRG,0.22601533,0.597534,1.0000
TG00001023,T00005,LRG,0.40241231,0.551906,1.0000
TG00001024,T00005,LRG,0.37882096,0.743787,1.0000
TG00001025,T00005,LRG,0.28193015,0.417001,1.0000
TG00001026,T00005,LRG,0.46113893,0.464646,1.0000
TG00001027,T00005,LRG,0.29553323,0.695572,1.0000
TG00001028,T00005,LRG,0.21378433,0.726255,1.0000
TG00001029,T00005,LRG,0.74687879,0.835598,1.0000
TG00001030,T00005,LRG,0.37680557,0.733203,1.0000
TG00001031,T00005,LRG,0.35567146,0.902463,1.0000
TG00001032,T00005,LRG,0.39125098,0.739827,1.0000
TG00001033,T00005,LRG,0.37950196,0.472526,1.0000
TG00001034,T00005,LRG,0.46010660,0.347835,1.0000
TG00001035,T00005,LRG,0.46702031,0.661029,1.0000
TG00001036,T00005,LRG,0.34320349,0.153901,1.0000
TG00001037,T00005,LRG,0.48471141,1.038224,1.0000
TG00001038,T00005,LRG,0.41062092,0.675477,1.0000
TG00001039,T00005,LRG,0.28888342,0.524083,1.0000
TG00001040,T00005,LRG,0.27196756,1.050893,1.0000
TG00001041,T00005,LRG,0.22949920,0.692655,1.0000
TG00001042,T00005,LRG,0.43353995,0.612273,1.0000
TG00001043,T00005,LRG,0.47384766,0.610264,1.0000
TG00001044,T00005,LRG,0.25956864,0.634421,1.0000
TG00001045,T00005,LRG,0.49132668,0.839983,1.0000
TG00001046,T00005,LRG,0.26930090,0.954637,1.0000
TG00001047,T00005,LRG,0.49175611,0.878516,1.0000
TG00001048,T00005,LRG,0.39786685,0.375491,1.0000
TG00001049,T00005,LRG,0.34214827,1.075758,1.0000
TG00001050,T00005,LRG,0.40381858,0.601301,1.0000
TG00001051,T00005,LRG,0.38937419,0.626966,1.0000
TG00001052,T00005,LRG,0.19268515,1.043885,1.0000
TG00001053,T00005,LRG,0.32499052,0.518418,1.0000
TG00001054,T00005,LRG,0.23863375,0.684980,1.0000
TG00001055,T00005,LRG,0.50286064,0.607049,1.0000
TG00001056,T00005,LRG,0.41609068,0.568152,1.0000
TG00001057,T00005,LRG,0.33276310,0.631567,1.0000
TG00001058,T00005,LRG,0.62139327,0.891139,1.0000
TG00001059,T00005,LRG,0.21239044,1.030491,1.0000
TG00001060,T00005,LRG,0.60239088,0.696054,1.0000
TG00001061,T00005,LRG,0.34843739,0.852509,1.0000
TG00001062,T00005,LRG,0.39846417,0.680921,1.0000
TG00001063,T00005,LRG,0.22459095,0.848752,1.0000
TG00001064,T00005,LRG,0.31379018,0.930866,1.0000
TG00001065,T00005,LRG,0.71957727,0.575308,1.0000
TG00001066,T00005,LRG,0.40157361,0.739273,1.0000
TG00001067,T00005,LRG,0.85651849,0.519334,1.0000
TG00001068,T00005,ELG,1.12829945,0.997688,1.0000
TG00001069,T00005,ELG,0.66906027,1.106218,1.0000
TG00001070,T00005,ELG,0.56735730,1.699478,1.0000
TG00001071,T00005,ELG,0.44292155,1.249855,1.0000
TG00001072,T00005,ELG,0.43932915,1.775594,1.0000
TG00001073,T00005,ELG,0.41906219,1.197091,1.0000
TG00001074,T00005,ELG,0.59466505,0.702839,1.0000
TG00001075,T00005,ELG,0.49419950,0.652275,1.0000
TG00001076,T00005,ELG,0.62690064,1.071000,1.0000
TG00001077,T00005,ELG,0.59165702,1.074742,1.0000
TG00001078,T00005,ELG,0.73145246,0.919777,1.0000
TG00001079,T00005,ELG,1.06392250,1.463109,1.0000
TG00001080,T00005,ELG,0.43806556,0.651569,1.0000
TG00001081,T00005,ELG,0.61717127,1.113983,1.0000
TG00001082,T00005,ELG,0.45631402,1.062552,1.0000
TG00001083,T00005,ELG,0.50234632,0.172614,1.0000
TG00001084,T00005,ELG,0.50919428,1.034554,1.0000
TG00001085,T00005,ELG,0.50165701,1.006648,1.0000
TG00001086,T00005,ELG,1.09103425,0.880639,1.0000
TG00001087,T00005,ELG,0.79138543,1.756971,1.0000
TG00001088,T00005,ELG,0.24951739,1.345548,1.0000
TG00001089,T00005,ELG,0.44843137,1.213809,1.0000
TG00001090,T00005,ELG,0.51960326,1.087865,1.0000
TG00001091,T00005,ELG,0.25048580,1.285780,1.0000
TG00001092,T00005,ELG,0.33343526,1.073561,1.0000
TG00001093,T00005,ELG,0.40992409,0.762704,1.0000
TG00001094,T00005,ELG,0.41016344,0.975299,1.0000
TG00001095,T00005,ELG,0.41699284,1.138919,1.0000
TG00001096,T00005,ELG,0.72067933,0.837423,1.0000
TG00001097,T00005,ELG,0.26795906,1.044956,1.0000
TG00001098,T00005,ELG,0.67826498,1.371106,1.0000
TG00001099,T00005,ELG,0.34798749,0.991863,1.0000
TG00001100,T00005,ELG,0.89580495,1.556868,1.0000
TG00001101,T00005,ELG,0.71573101,1.164901,1.0000
TG00001102,T00005,ELG,0.53453287,1.133559,1.0000
TG00001103,T00005,ELG,0.82011506,1.050458,1.0000
TG00001104,T00005,ELG,0.69489596,0.937897,1.0000
TG00001105,T00005,ELG,0.66055433,1.451647,1.0000
TG00001106,T00005,ELG,0.48505914,0.817040,1.0000
TG00001107,T00005,ELG,0.51607398,1.280716,1.0000
TG00001108,T00005,ELG,0.41587937,0.881124,1.0000
TG00001109,T00005,ELG,0.35374072,1.358100,1.0000
TG00001110,T00005,ELG,0.53787060,1.202889,1.0000
TG00001111,T00005,ELG,0.63926527,0.953249,1.0000
TG00001112,T00005,ELG,1.05909987,1.006597,1.0000
TG00001113,T00005,ELG,0.67572515,1.082773,1.0000
TG00001114,T00005,ELG,0.58790735,1.262907,1.0000
TG00001115,T00005,ELG,0.43881037,1.142965,1.0000
TG00001116,T00005,ELG,0.45779534,1.445976,1.0000
TG00001117,T00005,ELG,0.47111387,1.401555,1.0000
TG00001118,T00005,ELG,0.50117474,0.999764,1.0000
TG00001119,T00005,ELG,0.98197721,1.535154,1.0000
TG00001120,T00005,ELG,0.49116114,0.979619,1.0000
TG00001121,T00005,ELG,0.44570063,1.287910,1.0000
TG00001122,T00005,ELG,0.61310670,1.324355,1.0000
TG00001123,T00005,ELG,0.42620252,0.782935,1.0000
TG00001124,T00005,ELG,1.35303912,1.220547,1.0000
TG00001125,T00005,ELG,1.26673304,0.308171,1.0000
TG00001126,T00005,ELG,0.60728703,1.007361,1.0000
TG00001127,T00005,ELG,0.92961737,1.509774,1.0000
TG00001128,T00005,ELG,0.80877474,1.171723,1.0000
TG00001129,T00005,ELG,0.80176175,1.362492,1.0000
TG00001130,T00005,ELG,0.82307435,1.051280,1.0000
TG00001131,T00005,ELG,0.63478085,0.547378,1.0000
TG00001132,T00005,ELG,0.65613796,1.134201,1.0000
TG00001133,T00005,ELG,0.64434163,0.867534,1.0000
TG00001134,T00005,ELG,0.37815622,0.644471,1.0000
TG00001135,T00005,QSO,0.25266803,1.126874,1.7000
TG00001136,T00005,QSO,0.15867656,2.266043,1.7000
TG00001137,T00005,QSO,0.15440178,2.029756,1.7000
TG00001138,T00005,QSO,0.41521851,2.592646,1.7000
TG00001139,T00005,QSO,0.12684987,2.122379,1.7000
TG00001140,T00005,QSO,0.10373541,1.927579,1.7000
TG00001141,T00005,QSO,0.37548355,2.221934,1.7000
TG00001142,T00005,QSO,0.09475912,1.319173,1.7000
TG00001143,T00005,QSO,0.13811099,2.313576,1.7000
TG00001144,T00005,QSO,0.23341339,0.934012,1.7000
TG00001145,T00005,QSO,0.24520386,1.021159,1.7000
TG00001146,T00005,QSO,0.10830916,2.404149,1.7000
TG00001147,T00005,QSO,0.10238644,1.189121,1.7000
TG00001148,T00005,QSO,0.08524338,2.996052,1.7000
TG00001149,T00005,QSO,0.12541163,1.969735,1.7000
TG00001150,T00005,QSO,0.08616914,3.692650,1.7000
TG00001151,T00005,QSO,0.26128681,1.272681,1.7000
TG00001152,T00005,QSO,0.06071471,1.381364,1.7000
TG00001153,T00005,QSO,0.14562386,1.478895,1.7000
TG00001154,T00005,QSO,0.12641896,1.883781,1.7000
TG00001155,T00005,QSO,0.12340851,3.227569,1.7000
TG00001156,T00005,BGS,1.61921599,0.385038,0.4500
TG00001157,T00005,BGS,1.48907040,0.178778,0.4500
TG00001158,T00005,BGS,1.51870506,0.122862,0.4500
TG00001159,T00005,BGS,1.59878021,0.133824,0.4500
TG00001160,T00005,BGS,1.25046927,0.271592,0.4500
TG00001161,T00005,BGS,1.42153816,0.202833,0.4500
TG00001162,T00005,BGS,1.13927991,0.304068,0.4500
TG00001163,T00005,BGS,1.37116411,0.327470,0.4500
TG00001164,T00005,BGS,1.57042208,0.373451,0.4500
TG00001165,T00005,BGS,1.25605197,0.131119,0.4500
TG00001166,T00005,BGS,1.33343855,0.154707,0.4500
TG00001167,T00005,BGS,1.93270412,0.305694,0.4500
TG00001168,T00005,BGS,1.13826278,0.350142,0.4500
TG00001169,T00005,BGS,1.84737316,0.294849,0.4500
TG00001170,T00005,BGS,1.51472260,0.321085,0.4500
TG00001171,T00005,BGS,1.10207619,0.226524,0.4500
TG00001172,T00005,BGS,0.89093170,0.091207,0.4500
TG00001173,T00005,BGS,1.51684220,0.131257,0.4500
TG00001174,T00005,BGS,2.13704623,0.204654,0.4500
TG00001175,T00005,BGS,0.69956103,0.237342,0.4500
TG00001176,T00005,BGS,1.51124671,0.243741,0.4500
TG00001177,T00005,BGS,1.10574756,0.292531,0.4500
TG00001178,T00005,BGS,1.20204185,0.352592,0.4500
TG00001179,T00005,BGS,2.34038041,0.216761,0.4500
TG00001180,T00005,BGS,1.12135067,0.302832,0.4500
TG00001181,T00005,BGS,1.19619033,0.200927,0.4500
TG00001182,T00005,BGS,1.27066416,0.299943,0.4500
TG00001183,T00005,BGS,1.19960984,0.119737,0.4500
TG00001184,T00005,BGS,0.93327526,0.297880,0.4500
TG00001185,T00005,BGS,0.86558672,0.277668,0.4500
TG00001186,T00005,BGS,1.30108813,0.479589,0.4500
TG00001187,T00005,BGS,1.60861800,0.365107,0.4500
TG00001188,T00005,BGS,1.18839358,0.127582,0.4500
TG00001189,T00005,BGS,0.96679625,0.102660,0.4500
TG00001190,T00005,BGS,0.77622101,0.225750,0.4500
TG00001191,T00005,BGS,1.15811223,0.294445,0.4500
TG00001192,T00005,BGS,0.86316432,0.178026,0.4500
TG00001193,T00005,BGS,0.83858952,0.252265,0.4500
TG00001194,T00005,BGS,1.51628333,0.186501,0.4500
TG00001195,T00005,BGS,1.44514612,0.117132,0.4500
TG00001196,T00005,BGS,1.66374536,0.289753,0.4500
TG00001197,T00005,BGS,1.21726133,0.176065,0.4500
TG00001198,T00005,BGS,0.99189667,0.376181,0.4500
TG00001199,T00005,BGS,1.44549280,0.270966,0.4500
TG00001200,T00005,BGS,1.19756939,0.276187,0.4500
TG00001201,T00005,BGS,1.70086483,0.315632,0.4500
TG00001202,T00005,BGS,0.77161988,0.206370,0.4500
TG00001203,T00005,BGS,1.79357207,0.212472,0.4500
TG00001204,T00005,BGS,1.22863522,0.251410,0.4500
TG00001205,T00005,BGS,1.17220113,0.395385,0.4500
TG00001206,T00005,BGS,1.08089716,0.233072,0.4500
TG00001207,T00005,BGS,1.52253951,0.162378,0.4500
TG00001208,T00005,BGS,1.31208344,0.303219,0.4500
TG00001209,T00005,BGS,1.76139556,0.067855,0.4500
TG00001210,T00005,BGS,1.95434269,0.189627,0.4500
TG00001211,T00005,BGS,1.01902869,0.310559,0.4500
TG00001212,T00005,BGS,1.65517961,0.194461,0.4500
TG00001213,T00005,BGS,1.00636071,0.173443,0.4500
TG00001214,T00005,BGS,0.67348010,0.328590,0.4500
TG00001215,T00005,BGS,0.57399691,0.245607,0.4500
TG00001216,T00005,BGS,1.87826778,0.317663,0.4500
TG00001217,T00005,BGS,0.49864469,0.252427,0.4500
TG00001218,T00005,BGS,1.02496885,0.237438,0.4500
TG00001219,T00005,BGS,0.91541086,0.406318,0.4500
TG00001220,T00005,BGS,1.15187205,0.154146,0.4500
TG00001221,T00005,BGS,0.99148395,0.300549,0.4500
TG00001222,T00005,BGS,1.18385224,0.032366,0.4500
TG00001223,T00005,BGS,1.18222519,0.369590,0.4500
TG00001224,T00005,BGS,0.89248448,0.202082,0.4500
TG00001225,T00005,BGS,1.97103091,0.326130,0.4500
TG00001226,T00005,BGS,1.06077469,0.348147,0.4500
TG00001227,T00005,BGS,1.04456128,0.135791,0.4500
TG00001228,T00005,BGS,2.14617908,0.203114,0.4500
TG00001229,T00005,BGS,2.03823166,0.343712,0.4500
TG00001230,T00005,BGS,0.67212480,0.173491,0.4500
TG00001231,T00005,BGS,0.75623608,0.119665,0.4500
TG00001232,T00005,BGS,1.78600597,0.183179,0.4500
TG00001233,T00006,LRG,0.31901800,0.816693,1.0000
TG00001234,T00006,LRG,0.55133059,0.715906,1.0000
TG00001235,T00006,LRG,0.37572336,0.851080,1.0000
TG00001236,T00006,LRG,0.41060657,0.614620,1.0000
TG00001237,T00006,LRG,0.39776376,0.452995,1.0000
TG00001238,T00006,LRG,0.83690767,0.672478,1.0000
TG00001239,T00006,LRG,0.45080846,0.750707,1.0000
TG00001240,T00006,LRG,0.42169899,0.592372,1.0000
TG00001241,T00006,LRG,0.45207295,0.592459,1.0000
TG00001242,T00006,LRG,0.33271622,0.848653,1.0000
TG00001243,T00006,LRG,0.39443584,0.596680,1.0000
TG00001244,T00006,LRG,0.38719349,1.047870,1.0000
TG00001245,T00006,LRG,0.35942634,0.827247,1.0000
TG00001246,T00006,LRG,0.29381982,0.296976,1.0000
TG00001247,T00006,LRG,0.28018560,0.795402,1.0000
TG00001248,T00006,LRG,0.34452898,0.448979,1.0000
TG00001249,T00006,LRG,0.21005110,0.732008,1.0000
TG00001250,T00006,LRG,0.44568240,0.820495,1.0000
TG00001251,T00006,LRG,0.51696351,0.467623,1.0000
TG00001252,T00006,LRG,0.27255897,0.464989,1.0000
TG00001253,T00006,LRG,0.26416032,0.890351,1.0000
TG00001254,T00006,LRG,0.50767674,0.715902,1.0000
TG00001255,T00006,LRG,0.25661018,0.580089,1.0000
TG00001256,T00006,LRG,0.31567610,0.751573,1.0000
TG00001257,T00006,LRG,0.34100124,0.975978,1.0000
TG00001258,T00006,LRG,0.37974639,0.711813,1.0000
TG00001259,T00006,LRG,0.25929849,0.698630,1.0000
TG00001260,T00006,LRG,0.46325591,0.616041,1.0000
TG00001261,T00006,LRG,0.53097982,0.782126,1.0000
TG00001262,T00006,LRG,0.52299791,0.821273,1.0000
TG00001263,T00006,LRG,0.49846970,0.742703,1.0000
TG00001264,T00006,LRG,0.20416705,0.620698,1.0000
TG00001265,T00006,LRG,0.17704613,0.869331,1.0000
TG00001266,T00006,LRG,0.43566554,0.400544,1.0000
TG00001267,T00006,LRG,0.33345157,0.732294,1.0000
TG00001268,T00006,LRG,0.75434613,0.651904,1.0000
TG00001269,T00006,LRG,0.58086933,0.884859,1.0000
TG00001270,T00006,LRG,0.20280224,0.418533,1.0000
TG00001271,T00006,LRG,0.37126828,0.682688,1.0000
TG00001272,T00006,LRG,0.26777076,0.879609,1.0000
TG00001273,T00006,LRG,0.23582626,0.882370,1.0000
TG00001274,T00006,LRG,0.31354688,0.378847,1.0000
TG00001275,T00006,LRG,0.39514242,0.829711,1.0000
TG00001276,T00006,LRG,0.41891412,0.788646,1.0000
TG00001277,T00006,LRG,0.33956886,0.468249,1.0000
TG00001278,T00006,LRG,0.26949410,0.618772,1.0000
TG00001279,T00006,LRG,0.18748752,0.726191,1.0000
TG00001280,T00006,LRG,0.58359587,1.041638,1.0000
TG00001281,T00006,LRG,0.20806818,0.798303,1.0000
TG00001282,T00006,LRG,0.17696723,0.692344,1.0000
TG00001283,T00006,LRG,0.23922140,0.688887,1.0000
TG00001284,T00006,LRG,0.55182533,0.746632,1.0000
TG00001285,T00006,LRG,0.62901982,0.506800,1.0000
TG00001286,T00006,LRG,0.45332749,1.016408,1.0000
TG00001287,T00006,LRG,0.15933621,0.554696,1.0000
TG00001288,T00006,LRG,0.37642607,0.885716,1.0000
TG00001289,T00006,LRG,0.32555746,0.651449,1.0000
TG00001290,T00006,LRG,0.51668228,0.557075,1.0000
TG00001291,T00006,LRG,0.25875012,0.716320,1.0000
TG00001292,T00006,LRG,0.20005462,0.965510,1.0000
TG00001293,T00006,LRG,0.64300542,0.920340,1.0000
TG00001294,T00006,ELG,0.45783476,1.299820,1.0000
TG00001295,T00006,ELG,0.44168321,0.949651,1.0000
TG00001296,T00006,ELG,0.93191791,0.806517,1.0000
TG00001297,T00006,ELG,0.57188228,0.965896,1.0000
TG00001298,T00006,ELG,0.80680735,0.732956,1.0000
TG00001299,T00006,ELG,0.63450730,1.109743,1.0000
TG00001300,T00006,ELG,0.43161570,1.554399,1.0000
TG00001301,T00006,ELG,0.56105567,1.164619,1.0000
TG00001302,T00006,ELG,0.62342235,1.042263,1.0000
TG00001303,T00006,ELG,0.47298464,1.042856,1.0000
TG00001304,T00006,ELG,0.69960913,1.003373,1.0000
TG00001305,T00006,ELG,0.71427709,1.173948,1.0000
TG00001306,T00006,ELG,0.70701937,1.395760,1.0000
TG00001307,T00006,ELG,0.56775509,1.091147,1.0000
TG00001308,T00006,ELG,0.37179762,0.826809,1.0000
TG00001309,T00006,ELG,0.24254476,0.913828,1.0000
TG00001310,T00006,ELG,0.49045487,1.363285,1.0000
TG00001311,T00006,ELG,0.66512008,1.246486,1.0000
TG00001312,T00006,ELG,0.66076541,1.116827,1.0000
TG00001313,T00006,ELG,0.80039448,0.843343,1.0000
TG00001314,T00006,ELG,0.50788775,0.875683,1.0000
TG00001315,T00006,ELG,0.69300915,1.365247,1.0000
TG00001316,T00006,ELG,0.39186082,1.290033,1.0000
TG00001317,T00006,ELG,0.92822057,1.154820,1.0000
TG00001318,T00006,ELG,0.98817819,1.283758,1.0000
TG00001319,T00006,ELG,0.30537569,1.096765,1.0000
TG00001320,T00006,ELG,0.60841537,0.879088,1.0000
TG00001321,T00006,ELG,0.58806288,1.510037,1.0000
TG00001322,T00006,ELG,0.38817365,1.345501,1.0000
TG00001323,T00006,ELG,0.51283577,1.369835,1.0000
TG00001324,T00006,ELG,0.39495214,1.541556,1.0000
TG00001325,T00006,ELG,0.83924192,0.682592,1.0000
TG00001326,T00006,ELG,0.65981993,1.242137,1.0000
TG00001327,T00006,ELG,0.36188856,1.892990,1.0000
TG00001328,T00006,ELG,0.41573582,1.223559,1.0000
TG00001329,T00006,ELG,0.57195853,0.871018,1.0000
TG00001330,T00006,ELG,0.42142951,1.303187,1.0000
TG00001331,T00006,ELG,0.44248339,1.021557,1.0000
TG00001332,T00006,ELG,0.76206809,0.829441,1.0000
TG00001333,T00006,ELG,0.51871380,0.936370,1.0000
TG00001334,T00006,ELG,0.81499205,1.454369,1.0000
TG00001335,T00006,ELG,0.96671202,1.216575,1.0000
TG00001336,T00006,ELG,0.49894384,1.761154,1.0000
TG00001337,T00006,ELG,0.76375026,1.012963,1.0000
TG00001338,T00006,ELG,0.55093224,1.271235,1.0000
TG00001339,T00006,ELG,1.07877125,1.155873,1.0000
TG00001340,T00006,ELG,0.70019484,1.126230,1.0000
TG00001341,T00006,ELG,0.30820307,0.661573,1.0000
TG00001342,T00006,ELG,0.61254923,0.959637,1.0000
TG00001343,T00006,ELG,0.92887527,1.131905,1.0000
TG00001344,T00006,ELG,0.74991666,1.071602,1.0000
TG00001345,T00006,ELG,0.76245687,0.801530,1.0000
TG00001346,T00006,ELG,0.82209500,1.395993,1.0000
TG00001347,T00006,ELG,0.56024958,1.040605,1.0000
TG00001348,T00006,ELG,0.34268428,1.050596,1.0000
TG00001349,T00006,ELG,0.52343731,1.095051,1.0000
TG00001350,T00006,ELG,0.89839040,0.924578,1.0000
TG00001351,T00006,ELG,0.73835312,0.872540,1.0000
TG00001352,T00006,ELG,0.55226082,1.017007,1.0000
TG00001353,T00006,ELG,0.36950257,1.276283,1.0000
TG00001354,T00006,ELG,0.45686248,1.313340,1.0000
TG00001355,T00006,ELG,0.55034917,1.114652,1.0000
TG00001356,T00006,ELG,0.87565067,0.802125,1.0000
TG00001357,T00006,ELG,0.95305683,0.526859,1.0000
TG00001358,T00006,ELG,0.47002485,1.378707,1.0000
TG00001359,T00006,ELG,0.77797705,0.990816,1.0000
TG00001360,T00006,ELG,0.43210915,1.292079,1.0000
TG00001361,T00006,ELG,0.46536380,0.321893,1.0000
TG00001362,T00006,ELG,0.88970972,1.066597,1.0000
TG00001363,T00006,ELG,0.50236725,1.014613,1.0000
TG00001364,T00006,ELG,0.35419708,1.013533,1.0000
TG00001365,T00006,ELG,0.23384740,0.898017,1.0000
TG00001366,T00006,ELG,0.47943301,1.255756,1.0000
TG00001367,T00006,ELG,0.55093826,1.063943,1.0000
TG00001368,T00006,ELG,0.46509300,0.629597,1.0000
TG00001369,T00006,ELG,0.42396042,1.030509,1.0000
TG00001370,T00006,ELG,0.52573829,0.739204,1.0000
TG00001371,T00006,ELG,0.52880902,0.695495,1.0000
TG00001372,T00006,ELG,0.66356382,0.946592,1.0000
TG00001373,T00006,ELG,0.66705744,1.069991,1.0000
TG00001374,T00006,ELG,0.62135069,1.456665,1.0000
TG00001375,T00006,ELG,0.42738829,1.339784,1.0000
TG00001376,T00006,ELG,0.46067586,1.076630,1.0000
TG00001377,T00006,ELG,0.98735444,1.516347,1.0000
TG00001378,T00006,ELG,0.83013591,1.413554,1.0000
TG00001379,T00006,ELG,0.78964343,0.950924,1.0000
TG00001380,T00006,ELG,0.70379325,0.941757,1.0000
TG00001381,T00006,ELG,0.58931959,0.734175,1.0000
TG00001382,T00006,ELG,0.57573819,1.468714,1.0000
TG00001383,T00006,ELG,0.62702433,1.150454,1.0000
TG00001384,T00006,ELG,0.38197285,1.011721,1.0000
TG00001385,T00006,ELG,0.73783975,0.797700,1.0000
TG00001386,T00006,ELG,0.32472441,0.792657,1.0000
TG00001387,T00006,ELG,0.50534586,0.838115,1.0000
TG00001388,T00006,ELG,0.41023945,0.939752,1.0000
TG00001389,T00006,ELG,0.36752533,1.213490,1.0000
TG00001390,T00006,ELG,0.43618057,0.876850,1.0000
TG00001391,T00006,ELG,0.45747881,0.622036,1.0000
TG00001392,T00006,ELG,0.54154460,0.688178,1.0000
TG00001393,T00006,ELG,0.34307966,1.581274,1.0000
TG00001394,T00006,ELG,0.35807114,1.229841,1.0000
TG00001395,T00006,ELG,0.80562304,1.313655,1.0000
TG00001396,T00006,ELG,0.71443809,1.181349,1.0000
TG00001397,T00006,ELG,1.35595055,0.993911,1.0000
TG00001398,T00006,ELG,0.74000360,1.336190,1.0000
TG00001399,T00006,ELG,0.87110032,1.125070,1.0000
TG00001400,T00006,ELG,0.50237242,0.920705,1.0000
TG00001401,T00006,ELG,0.26428997,0.819286,1.0000
TG00001402,T00006,ELG,0.69581647,0.934712,1.0000
TG00001403,T00006,ELG,0.27898588,0.785910,1.0000
TG00001404,T00006,ELG,0.81600087,1.026349,1.0000
TG00001405,T00006,ELG,0.34551082,0.663695,1.0000
TG00001406,T00006,ELG,0.38748834,0.869958,1.0000
TG00001407,T00006,ELG,0.70643916,1.964438,1.0000
TG00001408,T00006,ELG,0.58359124,1.161983,1.0000
TG00001409,T00006,ELG,0.47170297,1.287819,1.0000
TG00001410,T00006,ELG,0.58202438,1.376439,1.0000
TG00001411,T00006,ELG,0.78873108,1.510196,1.0000
TG00001412,T00006,ELG,0.53465161,0.811621,1.0000
TG00001413,T00006,ELG,1.22648157,1.095283,1.0000
TG00001414,T00006,ELG,0.62452366,0.982310,1.0000
TG00001415,T00006,ELG,0.64965795,1.379072,1.0000
TG00001416,T00006,ELG,0.35629786,1.065651,1.0000
TG00001417,T00006,ELG,0.28955561,1.093470,1.0000
TG00001418,T00006,ELG,0.55719310,0.795465,1.0000
TG00001419,T00006,ELG,0.72880229,1.279216,1.0000
TG00001420,T00006,ELG,0.47076979,0.962571,1.0000
TG00001421,T00006,ELG,0.74774595,1.034838,1.0000
TG00001422,T00006,ELG,0.51773876,1.596043,1.0000
TG00001423,T00006,ELG,0.47057119,0.814363,1.0000
TG00001424,T00006,ELG,0.77722761,1.110191,1.0000
TG00001425,T00006,ELG,0.73230275,0.910912,1.0000
TG00001426,T00006,ELG,0.66020486,1.494075,1.0000
TG00001427,T00006,ELG,0.55485592,0.599219,1.0000
TG00001428,T00006,ELG,0.36430694,0.837557,1.0000
TG00001429,T00006,ELG,0.69580397,0.900879,1.0000
TG00001430,T00006,ELG,0.64064911,1.048613,1.0000
TG00001431,T00006,ELG,0.34919318,1.481515,1.0000
TG00001432,T00006,ELG,0.65397081,0.922209,1.0000
TG00001433,T00006,ELG,0.16975522,1.524621,1.0000
TG00001434,T00006,ELG,0.90084116,1.235712,1.0000
TG00001435,T00006,QSO,0.25720866,2.017756,1.7000
TG00001436,T00006,QSO,0.19294051,1.462382,1.7000
TG00001437,T00006,QSO,0.23652764,2.044238,1.7000
TG00001438,T00006,QSO,0.18829458,3.288332,1.7000
TG00001439,T00006,QSO,0.20656994,1.371465,1.7000
TG00001440,T00006,QSO,0.15298790,2.877531,1.7000
TG00001441,T00006,QSO,0.26083616,2.091763,1.7000
TG00001442,T00006,QSO,0.33633062,1.782731,1.7000
TG00001443,T00006,QSO,0.20760207,2.280442,1.7000
TG00001444,T00006,QSO,0.18168782,2.338462,1.7000
TG00001445,T00006,QSO,0.10361571,2.694278,1.7000
TG00001446,T00006,QSO,0.24169246,0.988653,1.7000
TG00001447,T00006,QSO,0.23523669,3.108132,1.7000
TG00001448,T00006,QSO,0.20185561,2.871031,1.7000
TG00001449,T00006,QSO,0.26899976,1.054224,1.7000
TG00001450,T00006,QSO,0.29126684,2.411175,1.7000
TG00001451,T00006,QSO,0.24461674,1.718911,1.7000
TG00001452,T00006,QSO,0.21340177,0.183370,1.7000
TG00001453,T00006,QSO,0.34336053,2.104406,1.7000
TG00001454,T00006,BGS,1.31652967,0.156001,0.4500
TG00001455,T00006,BGS,1.44686258,0.357070,0.4500
TG00001456,T00006,BGS,1.41470791,0.187276,0.4500
TG00001457,T00006,BGS,0.84469011,0.308074,0.4500
TG00001458,T00006,BGS,1.65600881,0.269689,0.4500
TG00001459,T00006,BGS,1.07487703,0.185203,0.4500
TG00001460,T00006,BGS,1.19333273,0.271218,0.4500
TG00001461,T00006,BGS,1.49462897,0.126483,0.4500
TG00001462,T00006,BGS,2.41256302,0.138082,0.4500
TG00001463,T00006,BGS,2.39960475,0.239575,0.4500
TG00001464,T00006,BGS,1.26416939,0.189850,0.4500
TG00001465,T00006,BGS,1.38834757,0.175113,0.4500
TG00001466,T00006,BGS,1.45729883,0.204445,0.4500
TG00001467,T00006,BGS,1.15869482,0.172959,0.4500
TG00001468,T00006,BGS,1.34927128,0.275453,0.4500
TG00001469,T00006,BGS,1.37433540,0.254592,0.4500
TG00001470,T00006,BGS,1.05416312,0.195560,0.4500
TG00001471,T00006,BGS,0.92171240,0.151066,0.4500
TG00001472,T00006,BGS,1.55629588,0.175789,0.4500
TG00001473,T00006,BGS,1.25265642,0.312156,0.4500
TG00001474,T00006,BGS,1.15259659,0.302486,0.4500
TG00001475,T00006,BGS,1.59161583,0.244696,0.4500
TG00001476,T00006,BGS,1.19681819,0.125293,0.4500
TG00001477,T00006,BGS,1.20840478,0.224066,0.4500
TG00001478,T00006,BGS,1.38454065,0.219548,0.4500
TG00001479,T00006,BGS,1.40006969,0.257030,0.4500
TG00001480,T00006,BGS,1.44367354,0.252780,0.4500
TG00001481,T00006,BGS,0.72367521,0.267793,0.4500
TG00001482,T00006,BGS,0.94330404,0.333909,0.4500
TG00001483,T00006,BGS,1.90423467,0.274898,0.4500
TG00001484,T00006,BGS,1.88540658,0.215909,0.4500
TG00001485,T00006,BGS,1.15142181,0.280186,0.4500
TG00001486,T00006,BGS,1.42235655,0.274199,0.4500
TG00001487,T00006,BGS,0.98258027,0.064416,0.4500
TG00001488,T00006,BGS,1.05360524,0.183353,0.4500
TG00001489,T00006,BGS,1.85728133,0.020966,0.4500
TG00001490,T00006,BGS,1.83945580,0.340551,0.4500
TG00001491,T00006,BGS,2.92660080,0.303890,0.4500
TG00001492,T00006,BGS,0.96518803,0.118976,0.4500
TG00001493,T00006,BGS,1.48412256,0.201716,0.4500
TG00001494,T00006,BGS,1.25348670,0.000000,0.4500
TG00001495,T00006,BGS,1.31568486,0.221394,0.4500
TG00001496,T00006,BGS,1.87507412,0.323610,0.4500
TG00001497,T00006,BGS,1.04107129,0.203603,0.4500
TG00001498,T00006,BGS,1.42526046,0.078488,0.4500
TG00001499,T00006,BGS,0.87554325,0.085733,0.4500
TG00001500,T00006,BGS,1.08504727,0.194514,0.4500
TG00001501,T00006,BGS,1.44051672,0.251095,0.4500
TG00001502,T00006,BGS,2.07551204,0.207896,0.4500
TG00001503,T00006,BGS,0.75751434,0.097761,0.4500
TG00001504,T00006,BGS,1.03883505,0.156567,0.4500
TG00001505,T00006,BGS,1.99264908,0.175148,0.4500
TG00001506,T00006,BGS,1.57494696,0.096747,0.4500
TG00001507,T00006,BGS,1.40052161,0.139384,0.4500
TG00001508,T00006,BGS,1.54743257,0.190446,0.4500
TG00001509,T00006,BGS,1.37690731,0.337618,0.4500
TG00001510,T00006,BGS,1.87328188,0.187428,0.4500
TG00001511,T00006,BGS,1.55983555,0.128115,0.4500
TG00001512,T00006,BGS,1.77908493,0.180997,0.4500
TG00001513,T00006,BGS,0.86364514,0.140485,0.4500
TG00001514,T00006,BGS,1.08729176,0.272409,0.4500
TG00001515,T00006,BGS,1.22610514,0.271793,0.4500
TG00001516,T00006,BGS,2.03883436,0.174434,0.4500
TG00001517,T00006,BGS,1.59968372,0.082972,0.4500
TG00001518,T00006,BGS,0.84702961,0.186398,0.4500
TG00001519,T00006,BGS,1.38092824,0.142676,0.4500
TG00001520,T00006,BGS,0.65161817,0.114349,0.4500
TG00001521,T00006,BGS,0.81399892,0.219860,0.4500
TG00001522,T00006,BGS,1.04423460,0.279157,0.4500
TG00001523,T00006,BGS,1.71829797,0.287030,0.4500
TG00001524,T00006,BGS,0.96839392,0.258708,0.4500
TG00001525,T00006,BGS,1.75862033,0.074365,0.4500
TG00001526,T00006,BGS,0.92186219,0.260503,0.4500
TG00001527,T00006,BGS,0.93437230,0.388613,0.4500
TG00001528,T00006,BGS,0.94054416,0.418021,0.4500
TG00001529,T00006,BGS,1.05437393,0.372532,0.4500
TG00001530,T00006,BGS,1.79864218,0.344997,0.4500
TG00001531,T00006,BGS,1.21325171,0.130742,0.4500
TG00001532,T00006,BGS,0.82870692,0.172875,0.4500
TG00001533,T00006,BGS,1.78806727,0.195367,0.4500
TG00001534,T00007,LRG,0.24900355,0.890315,1.0000
TG00001535,T00007,LRG,0.49300496,0.628824,1.0000
TG00001536,T00007,LRG,0.17132190,0.482407,1.0000
TG00001537,T00007,LRG,0.36250007,0.582326,1.0000
TG00001538,T00007,LRG,0.29183205,0.557242,1.0000
TG00001539,T00007,LRG,0.46117791,0.561270,1.0000
TG00001540,T00007,LRG,0.39939405,0.817004,1.0000
TG00001541,T00007,LRG,0.19053434,0.441634,1.0000
TG00001542,T00007,LRG,0.31935401,0.338469,1.0000
TG00001543,T00007,LRG,0.34852691,0.964267,1.0000
TG00001544,T00007,LRG,0.46941565,0.782955,1.0000
TG00001545,T00007,LRG,0.22802660,0.474938,1.0000
TG00001546,T00007,LRG,0.40603964,0.805830,1.0000
TG00001547,T00007,LRG,0.42900070,1.026578,1.0000
TG00001548,T00007,LRG,0.42524251,1.039791,1.0000
TG00001549,T00007,LRG,0.45252349,0.752135,1.0000
TG00001550,T00007,LRG,0.29880069,0.277379,1.0000
TG00001551,T00007,LRG,0.25563798,0.617486,1.0000
TG00001552,T00007,LRG,0.44214993,0.511569,1.0000
TG00001553,T00007,LRG,0.53502212,0.478038,1.0000
TG00001554,T00007,LRG,0.33237774,0.545139,1.0000
TG00001555,T00007,LRG,0.65931395,0.545261,1.0000
TG00001556,T00007,LRG,0.43385465,0.482518,1.0000
TG00001557,T00007,LRG,0.44814443,0.503312,1.0000
TG00001558,T00007,LRG,0.35928038,0.363639,1.0000
TG00001559,T00007,LRG,0.67592943,0.625110,1.0000
TG00001560,T00007,LRG,0.31328077,0.420764,1.0000
TG00001561,T00007,LRG,0.65843012,0.692856,1.0000
TG00001562,T00007,LRG,0.25427586,0.837424,1.0000
TG00001563,T00007,LRG,0.47182401,0.855677,1.0000
TG00001564,T00007,LRG,0.24609243,0.553735,1.0000
TG00001565,T00007,LRG,0.58886967,0.676255,1.0000
TG00001566,T00007,LRG,0.35562478,1.044853,1.0000
TG00001567,T00007,LRG,0.20390419,0.844843,1.0000
TG00001568,T00007,LRG,0.41745309,0.827620,1.0000
TG00001569,T00007,LRG,0.85273341,0.730551,1.0000
TG00001570,T00007,LRG,0.24877610,0.785275,1.0000
TG00001571,T00007,LRG,0.65434227,1.000012,1.0000
TG00001572,T00007,LRG,0.38987445,0.773404,1.0000
TG00001573,T00007,LRG,0.26477646,0.536584,1.0000
TG00001574,T00007,LRG,0.60547557,0.896616,1.0000
TG00001575,T00007,LRG,0.36373523,0.778294,1.0000
TG00001576,T00007,LRG,0.48802492,0.508906,1.0000
TG00001577,T00007,LRG,0.23186571,0.830253,1.0000
TG00001578,T00007,LRG,0.32119805,0.853192,1.0000
TG00001579,T00007,LRG,0.27839013,0.682660,1.0000
TG00001580,T00007,LRG,0.38824689,0.505160,1.0000
TG00001581,T00007,LRG,0.30783999,0.763084,1.0000
TG00001582,T00007,LRG,0.43056127,0.582481,1.0000
TG00001583,T00007,LRG,0.29590278,0.665132,1.0000
TG00001584,T00007,LRG,0.22114918,0.723874,1.0000
TG00001585,T00007,LRG,0.24799044,0.633535,1.0000
TG00001586,T00007,LRG,0.27596681,0.760776,1.0000
TG00001587,T00007,LRG,0.39331557,1.179859,1.0000
TG00001588,T00007,LRG,0.47343865,1.081929,1.0000
TG00001589,T00007,LRG,0.42879600,0.815553,1.0000
TG00001590,T00007,LRG,0.37475318,0.709341,1.0000
TG00001591,T00007,LRG,0.31464745,0.590588,1.0000
TG00001592,T00007,ELG,0.33517229,1.653005,1.0000
TG00001593,T00007,ELG,0.53598335,1.058165,1.0000
TG00001594,T00007,ELG,0.76580787,1.083259,1.0000
TG00001595,T00007,ELG,0.44299094,0.723121,1.0000
TG00001596,T00007,ELG,0.81950561,1.153397,1.0000
TG00001597,T00007,ELG,0.45462363,1.496857,1.0000
TG00001598,T00007,ELG,0.70012195,0.671293,1.0000
TG00001599,T00007,ELG,0.50310735,1.099437,1.0000
TG00001600,T00007,ELG,0.61896455,0.845147,1.0000
TG00001601,T00007,ELG,0.84785093,1.391098,1.0000
TG00001602,T00007,ELG,0.38393149,0.989562,1.0000
TG00001603,T00007,ELG,0.72185326,1.049131,1.0000
TG00001604,T00007,ELG,0.64172783,0.672126,1.0000
TG00001605,T00007,ELG,0.85164086,1.523403,1.0000
TG00001606,T00007,ELG,0.34464823,1.131341,1.0000
TG00001607,T00007,ELG,0.46437087,1.063528,1.0000
TG00001608,T00007,ELG,0.37672740,1.139972,1.0000
TG00001609,T00007,ELG,0.46435572,1.187676,1.0000
TG00001610,T00007,ELG,0.59990499,0.926252,1.0000
TG00001611,T00007,ELG,0.66395459,1.698021,1.0000
TG00001612,T00007,ELG,0.19393665,0.986278,1.0000
TG00001613,T00007,ELG,0.42780283,0.858734,1.0000
TG00001614,T00007,ELG,0.38852152,1.808234,1.0000
TG00001615,T00007,ELG,0.63923901,1.644508,1.0000
TG00001616,T00007,ELG,0.80661746,1.418362,1.0000
TG00001617,T00007,ELG,0.25747208,1.271694,1.0000
TG00001618,T00007,ELG,0.56902998,0.947956,1.0000
TG00001619,T00007,ELG,0.58230079,0.990049,1.0000
TG00001620,T00007,ELG,0.43018537,1.099533,1.0000
TG00001621,T00007,ELG,0.77050719,0.853327,1.0000
TG00001622,T00007,ELG,0.42131852,1.722642,1.0000
TG00001623,T00007,ELG,0.37608278,1.324099,1.0000
TG00001624,T00007,ELG,0.38774451,0.843567,1.0000
TG00001625,T00007,ELG,0.27938636,1.042357,1.0000
TG00001626,T00007,ELG,0.97828005,0.733233,1.0000
TG00001627,T00007,ELG,0.42274997,1.625021,1.0000
TG00001628,T00007,ELG,0.44123625,0.751895,1.0000
TG00001629,T00007,ELG,0.33174283,1.439932,1.0000
TG00001630,T00007,ELG,0.44437268,0.847901,1.0000
TG00001631,T00007,ELG,0.44473432,0.657407,1.0000
TG00001632,T00007,ELG,0.44747438,1.479432,1.0000
TG00001633,T00007,ELG,0.50946719,0.969835,1.0000
TG00001634,T00007,ELG,0.34505527,1.564037,1.0000
TG00001635,T00007,ELG,0.30669326,1.293319,1.0000
TG00001636,T00007,ELG,0.75651176,1.340472,1.0000
TG00001637,T00007,ELG,0.72175980,0.873877,1.0000
TG00001638,T00007,ELG,0.70331740,1.013930,1.0000
TG00001639,T00007,ELG,0.30256154,1.256166,1.0000
TG00001640,T00007,ELG,0.48411438,0.610389,1.0000
TG00001641,T00007,ELG,0.58044190,1.060664,1.0000
TG00001642,T00007,ELG,0.81684804,0.830887,1.0000
TG00001643,T00007,ELG,0.45764724,1.559894,1.0000
TG00001644,T00007,ELG,0.41408228,0.928947,1.0000
TG00001645,T00007,ELG,0.35735918,0.750330,1.0000
TG00001646,T00007,ELG,1.01203709,1.118679,1.0000
TG00001647,T00007,ELG,0.52652125,0.904608,1.0000
TG00001648,T00007,ELG,0.76288447,0.880527,1.0000
TG00001649,T00007,ELG,0.41739010,0.900587,1.0000
TG00001650,T00007,ELG,0.36190634,0.970300,1.0000
TG00001651,T00007,ELG,0.31949085,1.032156,1.0000
TG00001652,T00007,ELG,0.53698109,1.648254,1.0000
TG00001653,T00007,ELG,0.26187267,0.797334,1.0000
TG00001654,T00007,ELG,0.48060826,1.238514,1.0000
TG00001655,T00007,ELG,0.63160737,1.584180,1.0000
TG00001656,T00007,ELG,0.74401528,1.106726,1.0000
TG00001657,T00007,ELG,0.75331760,1.090559,1.0000
TG00001658,T00007,ELG,0.44817406,1.132567,1.0000
TG00001659,T00007,ELG,0.36370621,0.763802,1.0000
TG00001660,T00007,ELG,0.41577171,1.546028,1.0000
TG00001661,T00007,ELG,0.32391514,0.489793,1.0000
TG00001662,T00007,ELG,0.59788743,1.052307,1.0000
TG00001663,T00007,ELG,0.61686072,1.031622,1.0000
TG00001664,T00007,ELG,0.45051620,1.001851,1.0000
TG00001665,T00007,ELG,0.55016627,1.540160,1.0000
TG00001666,T00007,ELG,0.75580473,1.121607,1.0000
TG00001667,T00007,ELG,0.53777416,0.921738,1.0000
TG00001668,T00007,ELG,0.58003412,1.122996,1.0000
TG00001669,T00007,ELG,0.42328595,0.656938,1.0000
TG00001670,T00007,ELG,0.94710369,1.205262,1.0000
TG00001671,T00007,ELG,0.35056040,0.953340,1.0000
TG00001672,T00007,ELG,0.99026084,1.580661,1.0000
TG00001673,T00007,ELG,0.64186076,0.930557,1.0000
TG00001674,T00007,ELG,0.45923165,1.297306,1.0000
TG00001675,T00007,ELG,0.74033252,1.024726,1.0000
TG00001676,T00007,ELG,0.32562565,0.180997,1.0000
TG00001677,T00007,ELG,1.09070171,1.133834,1.0000
TG00001678,T00007,ELG,0.62263978,1.407019,1.0000
TG00001679,T00007,ELG,0.86021889,1.247541,1.0000
TG00001680,T00007,QSO,0.16260853,2.477597,1.7000
TG00001681,T00007,QSO,0.16586523,2.502740,1.7000
TG00001682,T00007,QSO,0.17118453,2.221737,1.7000
TG00001683,T00007,QSO,0.19910269,2.553394,1.7000
TG00001684,T00007,QSO,0.31728991,2.186008,1.7000
TG00001685,T00007,QSO,0.20826554,1.575162,1.7000
TG00001686,T00007,BGS,1.37635169,0.346567,0.4500
TG00001687,T00007,BGS,1.37805967,0.138135,0.4500
TG00001688,T00007,BGS,0.89796633,0.235648,0.4500
TG00001689,T00007,BGS,1.16877509,0.130197,0.4500
TG00001690,T00007,BGS,1.20165469,0.146779,0.4500
TG00001691,T00007,BGS,0.86878803,0.247542,0.4500
TG00001692,T00007,BGS,1.44608305,0.372688,0.4500
TG00001693,T00007,BGS,0.97743012,0.189785,0.4500
TG00001694,T00007,BGS,1.22073824,0.314510,0.4500
TG00001695,T00007,BGS,1.11483922,0.205295,0.4500
TG00001696,T00007,BGS,0.91689839,0.425403,0.4500
TG00001697,T00007,BGS,1.69960517,0.243837,0.4500
TG00001698,T00007,BGS,0.73020797,0.190151,0.4500
TG00001699,T00007,BGS,2.34345312,0.247928,0.4500
TG00001700,T00007,BGS,0.92611688,0.235668,0.4500
TG00001701,T00007,BGS,2.10191544,0.156095,0.4500
TG00001702,T00007,BGS,1.65819754,0.107573,0.4500
TG00001703,T00007,BGS,1.77546467,0.205139,0.4500
TG00001704,T00007,BGS,1.67729617,0.190220,0.4500
TG00001705,T00007,BGS,1.54185517,0.173823,0.4500
TG00001706,T00007,BGS,1.41565140,0.194820,0.4500
TG00001707,T00007,BGS,0.96315846,0.044782,0.4500
TG00001708,T00007,BGS,2.62205853,0.149422,0.4500
TG00001709,T00007,BGS,1.20082059,0.146692,0.4500
TG00001710,T00007,BGS,1.76665966,0.000000,0.4500
TG00001711,T00007,BGS,1.99500005,0.201637,0.4500
TG00001712,T00007,BGS,1.20858345,0.078359,0.4500
TG00001713,T00007,BGS,1.38793397,0.161718,0.4500
TG00001714,T00007,BGS,0.75757411,0.169334,0.4500
TG00001715,T00007,BGS,1.32760594,0.137047,0.4500
TG00001716,T00007,BGS,1.28487261,0.260719,0.4500
TG00001717,T00007,BGS,2.58660374,0.420923,0.4500
TG00001718,T00007,BGS,1.21427124,0.152290,0.4500
TG00001719,T00007,BGS,1.38904270,0.185308,0.4500
TG00001720,T00007,BGS,0.99512244,0.311307,0.4500
TG00001721,T00007,BGS,1.77020346,0.122205,0.4500
TG00001722,T00007,BGS,1.11000735,0.411965,0.4500
TG00001723,T00007,BGS,1.35949562,0.254923,0.4500
TG00001724,T00007,BGS,1.18404594,0.101988,0.4500
TG00001725,T00007,BGS,1.04661786,0.210904,0.4500
TG00001726,T00007,BGS,1.09238720,0.191519,0.4500
TG00001727,T00007,BGS,1.17284186,0.294430,0.4500
TG00001728,T00007,BGS,2.28442482,0.311226,0.4500
TG00001729,T00007,BGS,1.06225505,0.048424,0.4500
TG00001730,T00007,BGS,0.94737634,0.177334,0.4500
TG00001731,T00007,BGS,0.89623429,0.257542,0.4500
TG00001732,T00007,BGS,1.15772682,0.220554,0.4500
TG00001733,T00007,BGS,0.86053028,0.204451,0.4500
TG00001734,T00007,BGS,1.00378198,0.286533,0.4500
TG00001735,T00007,BGS,0.73114669,0.192099,0.4500
TG00001736,T00007,BGS,1.69061887,0.166652,0.4500
TG00001737,T00007,BGS,1.27658878,0.186957,0.4500
TG00001738,T00007,BGS,1.30517499,0.189682,0.4500
TG00001739,T00007,BGS,1.43963370,0.045367,0.4500
TG00001740,T00007,BGS,2.01770673,0.204799,0.4500
TG00001741,T00007,BGS,1.16978119,0.025104,0.4500
TG00001742,T00007,BGS,1.46301396,0.155883,0.4500
TG00001743,T00007,BGS,1.28107330,0.268392,0.4500
TG00001744,T00007,BGS,1.65402958,0.159057,0.4500
TG00001745,T00007,BGS,0.63907325,0.225358,0.4500
TG00001746,T00007,BGS,1.68830990,0.081941,0.4500
TG00001747,T00007,BGS,1.01945730,0.389938,0.4500
TG00001748,T00007,BGS,1.04773289,0.345158,0.4500
TG00001749,T00007,BGS,0.95454140,0.276942,0.4500
TG00001750,T00007,BGS,1.21495653,0.180944,0.4500
TG00001751,T00007,BGS,1.14694438,0.239938,0.4500
TG00001752,T00007,BGS,1.00874329,0.204680,0.4500
TG00001753,T00007,BGS,2.35385199,0.370548,0.4500
TG00001754,T00007,BGS,0.95825975,0.089503,0.4500
TG00001755,T00007,BGS,0.94243688,0.309038,0.4500
TG00001756,T00007,BGS,3.33618143,0.231735,0.4500
TG00001757,T00007,BGS,1.42376390,0.248679,0.4500
TG00001758,T00007,BGS,1.15992522,0.273695,0.4500
TG00001759,T00007,BGS,1.17846291,0.150068,0.4500
TG00001760,T00007,BGS,1.64745693,0.336373,0.4500
TG00001761,T00007,BGS,1.52092119,0.221476,0.4500
TG00001762,T00007,BGS,1.45091600,0.065279,0.4500
TG00001763,T00007,BGS,1.91592163,0.259946,0.4500
TG00001764,T00008,LRG,0.43968434,0.834658,1.0000
TG00001765,T00008,LRG,0.42727326,0.736458,1.0000
TG00001766,T00008,LRG,0.21694268,1.087686,1.0000
TG00001767,T00008,LRG,0.28491663,0.668728,1.0000
TG00001768,T00008,LRG,0.20117420,1.121067,1.0000
TG00001769,T00008,LRG,0.29456800,0.633874,1.0000
TG00001770,T00008,LRG,0.33557479,0.764562,1.0000
TG00001771,T00008,LRG,0.45859168,0.876279,1.0000
TG00001772,T00008,LRG,0.15091428,0.743705,1.0000
TG00001773,T00008,LRG,0.28908432,0.678473,1.0000
TG00001774,T00008,LRG,0.49592565,0.475157,1.0000
TG00001775,T00008,LRG,0.36227414,0.853417,1.0000
TG00001776,T00008,LRG,0.44628130,0.629968,1.0000
TG00001777,T00008,LRG,0.22570125,0.607719,1.0000
TG00001778,T00008,LRG,0.45662163,0.679981,1.0000
TG00001779,T00008,LRG,0.49512127,0.638758,1.0000
TG00001780,T00008,LRG,0.21377872,0.462296,1.0000
TG00001781,T00008,LRG,0.25784678,0.872329,1.0000
TG00001782,T00008,LRG,0.52138992,1.028817,1.0000
TG00001783,T00008,LRG,0.45682853,0.447845,1.0000
TG00001784,T00008,LRG,0.44905620,0.573269,1.0000
TG00001785,T00008,LRG,0.57609454,0.926013,1.0000
TG00001786,T00008,LRG,0.26733048,0.530880,1.0000
TG00001787,T00008,LRG,0.46482110,0.651042,1.0000
TG00001788,T00008,LRG,0.43023731,0.425263,1.0000
TG00001789,T00008,LRG,0.34922198,0.796200,1.0000
TG00001790,T00008,LRG,0.30363520,0.811486,1.0000
TG00001791,T00008,LRG,0.23522979,0.746967,1.0000
TG00001792,T00008,LRG,0.35087212,0.533291,1.0000
TG00001793,T00008,LRG,0.41932476,0.691934,1.0000
TG00001794,T00008,LRG,0.34234661,0.825827,1.0000
TG00001795,T00008,LRG,0.48605407,0.867440,1.0000
TG00001796,T00008,LRG,0.37144536,0.459048,1.0000
TG00001797,T00008,LRG,0.22497346,0.610908,1.0000
TG00001798,T00008,LRG,0.50180791,0.720649,1.0000
TG00001799,T00008,LRG,0.36272805,0.599081,1.0000
TG00001800,T00008,LRG,0.27066905,0.760033,1.0000
TG00001801,T00008,LRG,0.39597226,0.457160,1.0000
TG00001802,T00008,LRG,0.72348279,0.810583,1.0000
TG00001803,T00008,LRG,0.28610453,1.025713,1.0000
TG00001804,T00008,LRG,0.24820445,0.854168,1.0000
TG00001805,T00008,LRG,0.35202131,0.855284,1.0000
TG00001806,T00008,LRG,0.34184199,0.885820,1.0000
TG00001807,T00008,LRG,0.45504471,0.806885,1.0000
TG00001808,T00008,LRG,0.22931152,0.688862,1.0000
TG00001809,T00008,LRG,0.23064088,0.532298,1.0000
TG00001810,T00008,LRG,0.41695948,0.594756,1.0000
TG00001811,T00008,LRG,0.55902318,0.624009,1.0000
TG00001812,T00008,LRG,0.29403629,0.660868,1.0000
TG00001813,T00008,LRG,0.30367913,0.646677,1.0000
TG00001814,T00008,LRG,0.59078063,0.530883,1.0000
TG00001815,T00008,LRG,0.42664759,0.731531,1.0000
TG00001816,T00008,LRG,0.23989221,0.588081,1.0000
TG00001817,T00008,LRG,0.19374491,0.870536,1.0000
TG00001818,T00008,LRG,0.35227384,1.059422,1.0000
TG00001819,T00008,LRG,0.68024117,0.854997,1.0000
TG00001820,T00008,LRG,0.21938915,0.874349,1.0000
TG00001821,T00008,ELG,0.26284640,1.072307,1.0000
TG00001822,T00008,ELG,0.73280691,1.237741,1.0000
TG00001823,T00008,ELG,0.68969051,0.982424,1.0000
TG00001824,T00008,ELG,0.40839500,1.029453,1.0000
TG00001825,T00008,ELG,0.67849412,1.082908,1.0000
TG00001826,T00008,ELG,0.24747970,1.060170,1.0000
TG00001827,T00008,ELG,0.42413326,1.285400,1.0000
TG00001828,T00008,ELG,1.13993347,0.894989,1.0000
TG00001829,T00008,ELG,0.57887407,0.899641,1.0000
TG00001830,T00008,ELG,0.58124891,1.466127,1.0000
TG00001831,T00008,ELG,0.39165211,1.347003,1.0000
TG00001832,T00008,ELG,0.44884273,1.049628,1.0000
TG00001833,T00008,ELG,0.69966292,1.474590,1.0000
TG00001834,T00008,ELG,0.52277926,0.572522,1.0000
TG00001835,T00008,ELG,0.33501273,0.533091,1.0000
TG00001836,T00008,ELG,0.46970469,1.698260,1.0000
TG00001837,T00008,ELG,0.77395194,1.463568,1.0000
TG00001838,T00008,ELG,0.43706593,0.912611,1.0000
TG00001839,T00008,ELG,0.43802987,0.780042,1.0000
TG00001840,T00008,ELG,0.37011150,1.313106,1.0000
TG00001841,T00008,ELG,0.36023059,0.919345,1.0000
TG00001842,T00008,ELG,0.71155389,1.330346,1.0000
TG00001843,T00008,ELG,0.62150085,1.744135,1.0000
TG00001844,T00008,ELG,0.37097302,1.025623,1.0000
TG00001845,T00008,ELG,0.49917064,0.947683,1.0000
TG00001846,T00008,ELG,0.72110529,0.940687,1.0000
TG00001847,T00008,ELG,0.38602733,1.150601,1.0000
TG00001848,T00008,ELG,0.25591364,0.914103,1.0000
TG00001849,T00008,ELG,0.30111699,1.330024,1.0000
TG00001850,T00008,ELG,0.51705392,1.086065,1.0000
TG00001851,T00008,ELG,0.65210274,1.137970,1.0000
TG00001852,T00008,ELG,0.43594943,1.144762,1.0000
TG00001853,T00008,ELG,0.90834915,1.145634,1.0000
TG00001854,T00008,ELG,0.44648823,0.759017,1.0000
TG00001855,T00008,ELG,0.69370382,0.889238,1.0000
TG00001856,T00008,ELG,0.86681240,1.300155,1.0000
TG00001857,T00008,ELG,0.96851231,1.343743,1.0000
TG00001858,T00008,ELG,0.27602218,1.292493,1.0000
TG00001859,T00008,ELG,0.47128065,1.238272,1.0000
TG00001860,T00008,ELG,0.33553980,1.412853,1.0000
TG00001861,T00008,ELG,0.37030753,1.309400,1.0000
TG00001862,T00008,ELG,0.34198125,0.937350,1.0000
TG00001863,T00008,ELG,0.67887212,0.891760,1.0000
TG00001864,T00008,ELG,0.65994209,1.021088,1.0000
TG00001865,T00008,ELG,0.70269726,1.087547,1.0000
TG00001866,T00008,ELG,0.66549565,1.072818,1.0000
TG00001867,T00008,ELG,0.22941252,1.266217,1.0000
TG00001868,T00008,ELG,0.46706005,0.962953,1.0000
TG00001869,T00008,ELG,0.86438037,0.917464,1.0000
TG00001870,T00008,ELG,0.30702444,0.984738,1.0000
TG00001871,T00008,ELG,0.67249063,0.762892,1.0000
TG00001872,T00008,ELG,0.55140549,1.070174,1.0000
TG00001873,T00008,ELG,0.73216232,1.355187,1.0000
TG00001874,T00008,ELG,0.68423604,1.202669,1.0000
TG00001875,T00008,ELG,0.94775989,1.377700,1.0000
TG00001876,T00008,ELG,0.30655482,0.677233,1.0000
TG00001877,T00008,ELG,0.81954225,1.123636,1.0000
TG00001878,T00008,ELG,0.56905895,1.146681,1.0000
TG00001879,T00008,ELG,0.74157657,0.872057,1.0000
TG00001880,T00008,ELG,0.64714705,0.627572,1.0000
TG00001881,T00008,ELG,0.43152473,1.344804,1.0000
TG00001882,T00008,ELG,0.40155198,0.751120,1.0000
TG00001883,T00008,ELG,1.13430461,1.134683,1.0000
TG00001884,T00008,ELG,0.52201630,1.195741,1.0000
TG00001885,T00008,ELG,0.36745267,1.409064,1.0000
TG00001886,T00008,ELG,0.24833387,0.886881,1.0000
TG00001887,T00008,ELG,0.38825202,1.440795,1.0000
TG00001888,T00008,ELG,0.62843780,1.437487,1.0000
TG00001889,T00008,ELG,0.66590902,1.532286,1.0000
TG00001890,T00008,ELG,0.67930556,0.956511,1.0000
TG00001891,T00008,ELG,0.39366623,0.581342,1.0000
TG00001892,T00008,ELG,0.80697371,0.906516,1.0000
TG00001893,T00008,ELG,0.38018766,0.992243,1.0000
TG00001894,T00008,ELG,1.02558347,0.775364,1.0000
TG00001895,T00008,QSO,0.21552590,2.594084,1.7000
TG00001896,T00008,QSO,0.19875689,2.298237,1.7000
TG00001897,T00008,QSO,0.12483398,2.142947,1.7000
TG00001898,T00008,QSO,0.17533484,2.493044,1.7000
TG00001899,T00008,QSO,0.25462868,1.714278,1.7000
TG00001900,T00008,QSO,0.09809300,1.714307,1.7000
TG00001901,T00008,BGS,2.63920243,0.398491,0.4500
TG00001902,T00008,BGS,1.65008176,0.316826,0.4500
TG00001903,T00008,BGS,1.82008022,0.265738,0.4500
TG00001904,T00008,BGS,1.07389766,0.188757,0.4500
TG00001905,T00008,BGS,1.12001615,0.110143,0.4500
TG00001906,T00008,BGS,0.95258419,0.094690,0.4500
TG00001907,T00008,BGS,1.22484420,0.218813,0.4500
TG00001908,T00008,BGS,1.32388530,0.317014,0.4500
TG00001909,T00008,BGS,2.25092277,0.203337,0.4500
TG00001910,T00008,BGS,1.19047967,0.269575,0.4500
TG00001911,T00008,BGS,1.25823504,0.166228,0.4500
TG00001912,T00008,BGS,0.44177269,0.200994,0.4500
TG00001913,T00008,BGS,1.25911336,0.238235,0.4500
TG00001914,T00008,BGS,1.00492695,0.201585,0.4500
TG00001915,T00008,BGS,1.28363801,0.130986,0.4500
TG00001916,T00008,BGS,1.16641357,0.301139,0.4500
TG00001917,T00008,BGS,0.82940836,0.258052,0.4500
TG00001918,T00008,BGS,1.23000153,0.337726,0.4500
TG00001919,T00008,BGS,0.96722631,0.162450,0.4500
TG00001920,T00008,BGS,1.52046941,0.189824,0.4500
TG00001921,T00008,BGS,1.24258110,0.303961,0.4500
TG00001922,T00008,BGS,1.64030249,0.131438,0.4500
TG00001923,T00008,BGS,1.16281438,0.295656,0.4500
TG00001924,T00008,BGS,0.78052026,0.129303,0.4500
TG00001925,T00008,BGS,1.76306319,0.127300,0.4500
TG00001926,T00008,BGS,1.38689294,0.254082,0.4500
TG00001927,T00008,BGS,1.11738326,0.472382,0.4500
TG00001928,T00008,BGS,1.14712187,0.060789,0.4500
TG00001929,T00008,BGS,0.90708556,0.215304,0.4500
TG00001930,T00008,BGS,1.17072379,0.147831,0.4500
TG00001931,T00008,BGS,0.66780453,0.180143,0.4500
TG00001932,T00008,BGS,1.67978038,0.248920,0.4500
TG00001933,T00008,BGS,0.77465872,0.286678,0.4500
TG00001934,T00008,BGS,0.79874119,0.229806,0.4500
TG00001935,T00008,BGS,1.19609023,0.100018,0.4500
TG00001936,T00008,BGS,1.48642065,0.051117,0.4500
TG00001937,T00008,BGS,1.21745693,0.093317,0.4500
TG00001938,T00008,BGS,1.29338979,0.318691,0.4500
TG00001939,T00008,BGS,1.21680952,0.287071,0.4500
TG00001940,T00008,BGS,1.35782621,0.183998,0.4500
TG00001941,T00008,BGS,1.02758734,0.346137,0.4500
TG00001942,T00008,BGS,0.76638427,0.084803,0.4500
TG00001943,T00008,BGS,1.94376710,0.317407,0.4500
TG00001944,T00008,BGS,0.93749588,0.158145,0.4500
TG00001945,T00008,BGS,1.78611130,0.187081,0.4500
TG00001946,T00008,BGS,1.92051132,0.287682,0.4500
TG00001947,T00008,BGS,0.83767990,0.191118,0.4500
TG00001948,T00008,BGS,1.00665479,0.165414,0.4500
TG00001949,T00008,BGS,1.52222561,0.262861,0.4500
TG00001950,T00008,BGS,1.43136943,0.046172,0.4500
TG00001951,T00008,BGS,2.13115534,0.181048,0.4500
TG00001952,T00008,BGS,1.79843191,0.211044,0.4500
TG00001953,T00008,BGS,1.00018729,0.331213,0.4500
TG00001954,T00008,BGS,1.33651284,0.135137,0.4500
TG00001955,T00008,BGS,0.96951417,0.111860,0.4500
TG00001956,T00008,BGS,1.27645835,0.096980,0.4500
TG00001957,T00008,BGS,1.38334739,0.207074,0.4500
TG00001958,T00008,BGS,1.52444901,0.132246,0.4500
TG00001959,T00008,BGS,1.27880453,0.101979,0.4500
TG00001960,T00008,BGS,0.96293107,0.212779,0.4500
TG00001961,T00008,BGS,1.07429833,0.136354,0.4500
TG00001962,T00008,BGS,1.04586034,0.225566,0.4500
TG00001963,T00008,BGS,1.54616933,0.335767,0.4500
TG00001964,T00008,BGS,1.05575758,0.121887,0.4500
TG00001965,T00008,BGS,0.89095198,0.114202,0.4500
TG00001966,T00008,BGS,1.82301058,0.034651,0.4500
TG00001967,T00008,BGS,1.47020480,0.163021,0.4500
TG00001968,T00008,BGS,0.87125196,0.264796,0.4500
TG00001969,T00008,BGS,0.91813612,0.236102,0.4500
TG00001970,T00008,BGS,1.66786552,0.064308,0.4500
TG00001971,T00008,BGS,1.15135696,0.006373,0.4500
TG00001972,T00008,BGS,1.92191518,0.106522,0.4500
TG00001973,T00008,BGS,1.30033939,0.216049,0.4500
TG00001974,T00008,BGS,0.94655239,0.093895,0.4500
TG00001975,T00009,LRG,0.46997423,0.835468,1.0000
TG00001976,T00009,LRG,0.64665754,0.846984,1.0000
TG00001977,T00009,LRG,0.31254298,0.981898,1.0000
TG00001978,T00009,LRG,0.20818143,0.457954,1.0000
TG00001979,T00009,LRG,0.53823556,0.511861,1.0000
TG00001980,T00009,LRG,0.18315833,0.507207,1.0000
TG00001981,T00009,LRG,0.22364686,0.624306,1.0000
TG00001982,T00009,LRG,0.16660157,0.754983,1.0000
TG00001983,T00009,LRG,0.28937663,0.870096,1.0000
TG00001984,T00009,LRG,0.28428030,1.020481,1.0000
TG00001985,T00009,LRG,0.41349798,0.893534,1.0000
TG00001986,T00009,LRG,0.24571686,0.577039,1.0000
TG00001987,T00009,LRG,0.39990340,0.770877,1.0000
TG00001988,T00009,LRG,0.31006325,0.793559,1.0000
TG00001989,T00009,LRG,0.32209012,0.779672,1.0000
TG00001990,T00009,LRG,0.20850484,0.625278,1.0000
TG00001991,T00009,LRG,0.30675627,0.793514,1.0000
TG00001992,T00009,LRG,0.86707112,0.623901,1.0000
TG00001993,T00009,LRG,0.48834908,0.809143,1.0000
TG00001994,T00009,LRG,1.07450294,0.595538,1.0000
TG00001995,T00009,LRG,0.39396026,0.795372,1.0000
TG00001996,T00009,LRG,0.64499785,0.728697,1.0000
TG00001997,T00009,LRG,0.33572281,0.881917,1.0000
TG00001998,T00009,LRG,0.42625496,0.646138,1.0000
TG00001999,T00009,LRG,0.40088510,0.835048,1.0000
TG00002000,T00009,LRG,0.37459628,0.809125,1.0000
TG00002001,T00009,LRG,0.41869292,0.985975,1.0000
TG00002002,T00009,LRG,0.41728817,0.730693,1.0000
TG00002003,T00009,LRG,0.42686475,0.631067,1.0000
TG00002004,T00009,LRG,0.26174276,0.514241,1.0000
TG00002005,T00009,LRG,0.62304804,0.693486,1.0000
TG00002006,T00009,LRG,0.33916177,0.370534,1.0000
TG00002007,T00009,LRG,0.19758013,0.369950,1.0000
TG00002008,T00009,LRG,0.68750254,0.636207,1.0000
TG00002009,T00009,LRG,0.36112764,0.372276,1.0000
TG00002010,T00009,LRG,0.49903090,0.757550,1.0000
TG00002011,T00009,LRG,0.35232912,0.897637,1.0000
TG00002012,T00009,LRG,0.40286059,0.776274,1.0000
TG00002013,T00009,LRG,0.29303298,0.540785,1.0000
TG00002014,T00009,LRG,0.27199061,0.519257,1.0000
TG00002015,T00009,LRG,0.74771535,0.575698,1.0000
TG00002016,T00009,LRG,0.20177435,0.629565,1.0000
TG00002017,T00009,LRG,0.62527026,0.951730,1.0000
TG00002018,T00009,LRG,0.28844410,0.865360,1.0000
TG00002019,T00009,LRG,0.55935834,0.891451,1.0000
TG00002020,T00009,LRG,0.29883877,0.548199,1.0000
TG00002021,T00009,LRG,0.28463830,0.638759,1.0000
TG00002022,T00009,LRG,0.63158806,0.780962,1.0000
TG00002023,T00009,LRG,0.40397302,0.683301,1.0000
TG00002024,T00009,LRG,0.31006399,0.547627,1.0000
TG00002025,T00009,LRG,0.47610086,0.369693,1.0000
TG00002026,T00009,LRG,0.67466630,0.368184,1.0000
TG00002027,T00009,LRG,0.30546823,1.327635,1.0000
TG00002028,T00009,LRG,0.31307051,0.951637,1.0000
TG00002029,T00009,LRG,0.52830419,0.382037,1.0000
TG00002030,T00009,LRG,0.45465769,0.967820,1.0000
TG00002031,T00009,LRG,0.22069353,0.526611,1.0000
TG00002032,T00009,LRG,0.49589996,0.743965,1.0000
TG00002033,T00009,ELG,0.55748208,0.991259,1.0000
TG00002034,T00009,ELG,0.28718002,1.417395,1.0000
TG00002035,T00009,ELG,0.61888550,1.226884,1.0000
TG00002036,T00009,ELG,0.84217417,1.142171,1.0000
TG00002037,T00009,ELG,0.67474311,1.398660,1.0000
TG00002038,T00009,ELG,0.45104910,0.996120,1.0000
TG00002039,T00009,ELG,0.33492769,0.876268,1.0000
TG00002040,T00009,ELG,1.35819415,1.131896,1.0000
TG00002041,T00009,ELG,0.46070969,1.330489,1.0000
TG00002042,T00009,ELG,0.53483887,1.061048,1.0000
TG00002043,T00009,ELG,0.68906404,1.041929,1.0000
TG00002044,T00009,ELG,0.34969635,0.652976,1.0000
TG00002045,T00009,ELG,0.72469971,1.540079,1.0000
TG00002046,T00009,ELG,0.54078130,0.990282,1.0000
TG00002047,T00009,ELG,0.88975791,1.061647,1.0000
TG00002048,T00009,ELG,0.42708457,1.352275,1.0000
TG00002049,T00009,ELG,0.43944910,0.923179,1.0000
TG00002050,T00009,ELG,0.40452464,1.264740,1.0000
TG00002051,T00009,ELG,0.42166215,1.051838,1.0000
TG00002052,T00009,ELG,0.58726704,1.063770,1.0000
TG00002053,T00009,ELG,0.51975273,1.180045,1.0000
TG00002054,T00009,ELG,0.50376886,1.020518,1.0000
TG00002055,T00009,ELG,0.31404794,1.493655,1.0000
TG00002056,T00009,ELG,0.71409292,0.796479,1.0000
TG00002057,T00009,ELG,1.02775104,0.719098,1.0000
TG00002058,T00009,ELG,0.57722010,1.533578,1.0000
TG00002059,T00009,ELG,0.73928139,1.755065,1.0000
TG00002060,T00009,ELG,0.98251496,1.473452,1.0000
TG00002061,T00009,ELG,0.79774151,1.323725,1.0000
TG00002062,T00009,ELG,0.68397612,0.864521,1.0000
TG00002063,T00009,ELG,0.82241858,1.191666,1.0000
TG00002064,T00009,ELG,0.71764081,0.781963,1.0000
TG00002065,T00009,ELG,0.58464889,0.778094,1.0000
TG00002066,T00009,ELG,0.64601837,1.242209,1.0000
TG00002067,T00009,ELG,0.43375610,1.017852,1.0000
TG00002068,T00009,ELG,0.56329125,0.976345,1.0000
TG00002069,T00009,ELG,0.47144749,1.089424,1.0000
TG00002070,T00009,ELG,0.44548780,1.279530,1.0000
TG00002071,T00009,ELG,0.42388332,1.189987,1.0000
TG00002072,T00009,ELG,0.35468840,1.230460,1.0000
TG00002073,T00009,ELG,0.45751130,0.908577,1.0000
TG00002074,T00009,ELG,0.44740416,1.399183,1.0000
TG00002075,T00009,ELG,0.92154592,1.000173,1.0000
TG00002076,T00009,ELG,1.01981556,0.969636,1.0000
TG00002077,T00009,ELG,0.53261813,0.875998,1.0000
TG00002078,T00009,ELG,0.66221190,1.920198,1.0000
TG00002079,T00009,ELG,0.47773575,0.989097,1.0000
TG00002080,T00009,ELG,0.58142256,1.330112,1.0000
TG00002081,T00009,ELG,0.65689186,0.916127,1.0000
TG00002082,T00009,ELG,0.78320309,1.251574,1.0000
TG00002083,T00009,ELG,0.43400139,1.366566,1.0000
TG00002084,T00009,ELG,0.60726259,1.160089,1.0000
TG00002085,T00009,ELG,0.89183560,1.233836,1.0000
TG00002086,T00009,ELG,0.44395195,0.565293,1.0000
TG00002087,T00009,ELG,0.69288934,1.118676,1.0000
TG00002088,T00009,ELG,0.27118179,1.283391,1.0000
TG00002089,T00009,ELG,0.62258091,1.297966,1.0000
TG00002090,T00009,ELG,0.53493635,0.747090,1.0000
TG00002091,T00009,ELG,0.48533649,1.162604,1.0000
TG00002092,T00009,ELG,0.34980549,1.146063,1.0000
TG00002093,T00009,ELG,0.78231257,0.653606,1.0000
TG00002094,T00009,ELG,0.50368512,1.047515,1.0000
TG00002095,T00009,ELG,0.84320712,0.606933,1.0000
TG00002096,T00009,ELG,0.92351554,1.006648,1.0000
TG00002097,T00009,ELG,0.87535480,0.854959,1.0000
TG00002098,T00009,ELG,0.62542152,1.297298,1.0000
TG00002099,T00009,ELG,0.62474128,1.429055,1.0000
TG00002100,T00009,ELG,0.59692611,1.516915,1.0000
TG00002101,T00009,ELG,0.49918691,1.040694,1.0000
TG00002102,T00009,ELG,0.44925862,1.127857,1.0000
TG00002103,T00009,ELG,0.38127570,0.886157,1.0000
TG00002104,T00009,ELG,0.40398170,0.777144,1.0000
TG00002105,T00009,ELG,0.79867588,1.378601,1.0000
TG00002106,T00009,ELG,1.03846010,1.367731,1.0000
TG00002107,T00009,ELG,0.78445814,0.685320,1.0000
TG00002108,T00009,ELG,0.38240173,0.978961,1.0000
TG00002109,T00009,ELG,0.44878150,1.505363,1.0000
TG00002110,T00009,ELG,0.42550874,1.264950,1.0000
TG00002111,T00009,ELG,0.37051601,1.203104,1.0000
TG00002112,T00009,ELG,0.66470634,1.213624,1.0000
TG00002113,T00009,ELG,0.39685362,1.702784,1.0000
TG00002114,T00009,ELG,0.48129359,0.908010,1.0000
TG00002115,T00009,ELG,0.49500347,1.196374,1.0000
TG00002116,T00009,ELG,0.64921084,0.890973,1.0000
TG00002117,T00009,ELG,1.21081908,0.730392,1.0000
TG00002118,T00009,ELG,0.44946537,0.870539,1.0000
TG00002119,T00009,ELG,0.18080161,0.644287,1.0000
TG00002120,T00009,ELG,0.53892885,1.060743,1.0000
TG00002121,T00009,ELG,0.43714021,1.108775,1.0000
TG00002122,T00009,ELG,1.16925342,1.069212,1.0000
TG00002123,T00009,QSO,0.65805757,2.552492,1.7000
TG00002124,T00009,QSO,0.20396043,2.632211,1.7000
TG00002125,T00009,QSO,0.17693819,1.696853,1.7000
TG00002126,T00009,QSO,0.27204045,1.901327,1.7000
TG00002127,T00009,QSO,0.10597780,2.339468,1.7000
TG00002128,T00009,QSO,0.07375712,2.641465,1.7000
TG00002129,T00009,QSO,0.22791267,2.867075,1.7000
TG00002130,T00009,QSO,0.09043284,2.218029,1.7000
TG00002131,T00009,QSO,0.13653363,2.330231,1.7000
TG00002132,T00009,QSO,0.19219171,2.567762,1.7000
TG00002133,T00009,QSO,0.59529805,2.038693,1.7000
TG00002134,T00009,QSO,0.30191570,1.110457,1.7000
TG00002135,T00009,QSO,0.24369945,1.722855,1.7000
TG00002136,T00009,QSO,0.13104159,2.191987,1.7000
TG00002137,T00009,QSO,0.29542559,1.209808,1.7000
TG00002138,T00009,QSO,0.15872077,3.132259,1.7000
TG00002139,T00009,QSO,0.16959557,2.306116,1.7000
TG00002140,T00009,QSO,0.20114370,3.913534,1.7000
TG00002141,T00009,QSO,0.15837965,3.161439,1.7000
TG00002142,T00009,QSO,0.11079194,2.507967,1.7000
TG00002143,T00009,QSO,0.16102332,0.933502,1.7000
TG00002144,T00009,BGS,1.49642631,0.191850,0.4500
TG00002145,T00009,BGS,0.99009117,0.287897,0.4500
TG00002146,T00009,BGS,1.22286667,0.384179,0.4500
TG00002147,T00009,BGS,2.77832220,0.191105,0.4500
TG00002148,T00009,BGS,0.97959208,0.129535,0.4500
TG00002149,T00009,BGS,1.46237841,0.235218,0.4500
TG00002150,T00009,BGS,1.26928219,0.199350,0.4500
TG00002151,T00009,BGS,0.99485835,0.214321,0.4500
TG00002152,T00009,BGS,1.46827382,0.273541,0.4500
TG00002153,T00009,BGS,0.92035167,0.164414,0.4500
TG00002154,T00009,BGS,1.28186761,0.260013,0.4500
TG00002155,T00009,BGS,1.08396381,0.401148,0.4500
TG00002156,T00009,BGS,1.53318592,0.153493,0.4500
TG00002157,T00009,BGS,2.80346795,0.227185,0.4500
TG00002158,T00009,BGS,0.90619067,0.204142,0.4500
TG00002159,T00009,BGS,1.05607404,0.223666,0.4500
TG00002160,T00009,BGS,1.05419982,0.273062,0.4500
TG00002161,T00009,BGS,1.08454404,0.278667,0.4500
TG00002162,T00009,BGS,0.58278080,0.184318,0.4500
TG00002163,T00009,BGS,1.95421682,0.217047,0.4500
TG00002164,T00009,BGS,1.40692425,0.094334,0.4500
TG00002165,T00009,BGS,2.40453804,0.408077,0.4500
TG00002166,T00009,BGS,1.71527783,0.293417,0.4500
TG00002167,T00009,BGS,1.40249447,0.196348,0.4500
TG00002168,T00009,BGS,1.51007108,0.225735,0.4500
TG00002169,T00009,BGS,1.24277684,0.142403,0.4500
TG00002170,T00009,BGS,1.42123035,0.039390,0.4500
TG00002171,T00009,BGS,1.22413351,0.204837,0.4500
TG00002172,T00009,BGS,0.73496934,0.229250,0.4500
TG00002173,T00009,BGS,0.71361399,0.364039,0.4500
TG00002174,T00009,BGS,1.34545208,0.269494,0.4500
TG00002175,T00009,BGS,1.68944349,0.137605,0.4500
TG00002176,T00009,BGS,1.36196293,0.334298,0.4500
TG00002177,T00009,BGS,1.66017927,0.238302,0.4500
TG00002178,T00009,BGS,0.84074829,0.270883,0.4500
TG00002179,T00009,BGS,0.77551511,0.174085,0.4500
TG00002180,T00009,BGS,1.47242577,0.118908,0.4500
TG00002181,T00009,BGS,0.61189412,0.200592,0.4500
TG00002182,T00009,BGS,1.46793718,0.174850,0.4500
TG00002183,T00009,BGS,1.32702170,0.172781,0.4500
TG00002184,T00009,BGS,1.46241384,0.086970,0.4500
TG00002185,T00009,BGS,1.17908935,0.081284,0.4500
TG00002186,T00009,BGS,1.29207888,0.283995,0.4500
TG00002187,T00009,BGS,0.75046604,0.280674,0.4500
TG00002188,T00009,BGS,1.30766165,0.203564,0.4500
TG00002189,T00009,BGS,0.72517840,0.164755,0.4500
TG00002190,T00009,BGS,1.82263385,0.339351,0.4500
TG00002191,T00009,BGS,1.51858471,0.341263,0.4500
TG00002192,T00009,BGS,1.25392851,0.247907,0.4500
TG00002193,T00009,BGS,1.41541824,0.187601,0.4500
TG00002194,T00009,BGS,1.35970798,0.175301,0.4500
TG00002195,T00009,BGS,1.28130316,0.174032,0.4500
TG00002196,T00009,BGS,1.57177776,0.319339,0.4500
TG00002197,T00009,BGS,0.75292891,0.161155,0.4500
TG00002198,T00009,BGS,2.08483602,0.322440,0.4500
TG00002199,T00009,BGS,2.30510536,0.177970,0.4500
TG00002200,T00009,BGS,1.37602140,0.232774,0.4500
TG00002201,T00009,BGS,1.00247104,0.160882,0.4500
TG00002202,T00009,BGS,1.81391303,0.224197,0.4500
TG00002203,T00009,BGS,1.10611685,0.256793,0.4500
TG00002204,T00009,BGS,1.03978712,0.136459,0.4500
TG00002205,T00009,BGS,1.42123748,0.234314,0.4500
TG00002206,T00009,BGS,1.11196905,0.214218,0.4500
TG00002207,T00009,BGS,1.08534270,0.203228,0.4500
TG00002208,T00009,BGS,2.05445388,0.221807,0.4500
TG00002209,T00009,BGS,0.95138736,0.108476,0.4500
TG00002210,T00009,BGS,0.84390670,0.286890,0.4500
TG00002211,T00009,BGS,1.42320438,0.293456,0.4500
TG00002212,T00009,BGS,1.48606320,0.240326,0.4500
TG00002213,T00009,BGS,1.40274794,0.214980,0.4500
TG00002214,T00009,BGS,0.90031054,0.156349,0.4500
TG00002215,T00009,BGS,1.36631565,0.071643,0.4500
TG00002216,T00009,BGS,1.18948265,0.138949,0.4500
TG00002217,T00009,BGS,1.36990792,0.239265,0.4500
TG00002218,T00009,BGS,1.44961811,0.338467,0.4500
TG00002219,T00009,BGS,3.45001266,0.101851,0.4500
TG00002220,T00009,BGS,0.86170593,0.365608,0.4500
TG00002221,T00009,BGS,1.29533370,0.162150,0.4500
TG00002222,T00009,BGS,1.38317693,0.231430,0.4500
TG00002223,T00009,BGS,0.58073999,0.283016,0.4500
TG00002224,T00009,BGS,0.99393980,0.206960,0.4500
TG00002225,T00009,BGS,1.20024684,0.239356,0.4500
TG00002226,T00009,BGS,1.10756727,0.132649,0.4500
TG00002227,T00009,BGS,1.79051361,0.159848,0.4500
TG00002228,T00009,BGS,1.64931315,0.252192,0.4500
TG00002229,T00009,BGS,1.23156765,0.186362,0.4500
TG00002230,T00009,BGS,0.89325418,0.092457,0.4500
TG00002231,T00009,BGS,1.33733209,0.342250,0.4500
TG00002232,T00009,BGS,1.60879814,0.110418,0.4500
TG00002233,T00009,BGS,1.33554842,0.147961,0.4500
TG00002234,T00009,BGS,1.85669790,0.296005,0.4500
TG00002235,T00010,LRG,0.42444503,0.620369,1.0000
TG00002236,T00010,LRG,0.33009277,0.449839,1.0000
TG00002237,T00010,LRG,0.59839896,0.849122,1.0000
TG00002238,T00010,LRG,0.39190680,0.570661,1.0000
TG00002239,T00010,LRG,0.25480969,0.808258,1.0000
TG00002240,T00010,LRG,0.24954361,0.609673,1.0000
TG00002241,T00010,LRG,0.13382245,0.919973,1.0000
TG00002242,T00010,LRG,0.47798326,0.634892,1.0000
TG00002243,T00010,LRG,0.38817697,0.817502,1.0000
TG00002244,T00010,LRG,0.66495343,0.783398,1.0000
TG00002245,T00010,LRG,0.43555425,0.802192,1.0000
TG00002246,T00010,LRG,0.48987382,1.191708,1.0000
TG00002247,T00010,LRG,0.37831772,0.718233,1.0000
TG00002248,T00010,LRG,0.48320350,0.605386,1.0000
TG00002249,T00010,LRG,0.49375936,0.399220,1.0000
TG00002250,T00010,LRG,0.64445227,0.573852,1.0000
TG00002251,T00010,LRG,0.51607450,0.761309,1.0000
TG00002252,T00010,LRG,0.31633851,0.456954,1.0000
TG00002253,T00010,LRG,0.20354872,0.560581,1.0000
TG00002254,T00010,LRG,0.29771566,0.791808,1.0000
TG00002255,T00010,LRG,0.33051553,0.864393,1.0000
TG00002256,T00010,LRG,0.22738408,0.566713,1.0000
TG00002257,T00010,LRG,0.45520819,0.929501,1.0000
TG00002258,T00010,LRG,0.46489120,0.637572,1.0000
TG00002259,T00010,LRG,0.38319754,0.458921,1.0000
TG00002260,T00010,LRG,0.29003478,0.797255,1.0000
TG00002261,T00010,LRG,0.49057441,0.744853,1.0000
TG00002262,T00010,LRG,0.22847879,0.555819,1.0000
TG00002263,T00010,LRG,0.27110307,0.822095,1.0000
TG00002264,T00010,LRG,0.36213674,0.859472,1.0000
TG00002265,T00010,LRG,0.44335164,0.653204,1.0000
TG00002266,T00010,LRG,0.43887012,0.879930,1.0000
TG00002267,T00010,LRG,0.16443734,0.817943,1.0000
TG00002268,T00010,LRG,0.57404118,0.875234,1.0000
TG00002269,T00010,LRG,0.44538056,0.328047,1.0000
TG00002270,T00010,LRG,0.45092092,0.513809,1.0000
TG00002271,T00010,LRG,0.37386007,0.850460,1.0000
TG00002272,T00010,LRG,0.45468988,0.650211,1.0000
TG00002273,T00010,LRG,0.44277961,1.002344,1.0000
TG00002274,T00010,LRG,0.34189446,0.685611,1.0000
TG00002275,T00010,LRG,0.21393531,0.473265,1.0000
TG00002276,T00010,LRG,0.45140705,0.364883,1.0000
TG00002277,T00010,LRG,0.29087585,0.693641,1.0000
TG00002278,T00010,LRG,0.41784026,0.769859,1.0000
TG00002279,T00010,LRG,0.24502870,0.758469,1.0000
TG00002280,T00010,LRG,0.70964786,0.658996,1.0000
TG00002281,T00010,LRG,0.49693350,0.393964,1.0000
TG00002282,T00010,LRG,0.15122278,0.624162,1.0000
TG00002283,T00010,LRG,0.30788040,0.864352,1.0000
TG00002284,T00010,LRG,0.18851990,0.787082,1.0000
TG00002285,T00010,LRG,0.30014349,0.778787,1.0000
TG00002286,T00010,LRG,0.33871436,0.877085,1.0000
TG00002287,T00010,LRG,0.35298720,0.705708,1.0000
TG00002288,T00010,LRG,0.39977930,0.661580,1.0000
TG00002289,T00010,LRG,0.27116990,0.580483,1.0000
TG00002290,T00010,LRG,0.24026442,0.843703,1.0000
TG00002291,T00010,LRG,0.41195127,0.944491,1.0000
TG00002292,T00010,LRG,0.52797171,0.832661,1.0000
TG00002293,T00010,ELG,0.43693010,0.820273,1.0000
TG00002294,T00010,ELG,0.41351501,1.130579,1.0000
TG00002295,T00010,ELG,0.86720420,1.043328,1.0000
TG00002296,T00010,ELG,0.36450275,0.813296,1.0000
TG00002297,T00010,ELG,0.46427265,0.927317,1.0000
TG00002298,T00010,ELG,0.30316939,0.759353,1.0000
TG00002299,T00010,ELG,0.49751340,1.336005,1.0000
TG00002300,T00010,ELG,0.46163233,0.869547,1.0000
TG00002301,T00010,ELG,0.76451295,1.466884,1.0000
TG00002302,T00010,ELG,0.52963992,1.039478,1.0000
TG00002303,T00010,ELG,0.90966826,1.206461,1.0000
TG00002304,T00010,ELG,0.34067728,0.612877,1.0000
TG00002305,T00010,ELG,0.63262416,0.970993,1.0000
TG00002306,T00010,ELG,0.49065104,0.996669,1.0000
TG00002307,T00010,ELG,0.53595312,1.166424,1.0000
TG00002308,T00010,ELG,0.69690233,0.808337,1.0000
TG00002309,T00010,ELG,0.80375712,1.068574,1.0000
TG00002310,T00010,ELG,0.20989088,1.224384,1.0000
TG00002311,T00010,ELG,0.39327425,1.471016,1.0000
TG00002312,T00010,ELG,0.55634523,0.931834,1.0000
TG00002313,T00010,ELG,0.78365459,1.500031,1.0000
TG00002314,T00010,ELG,0.32787140,1.359307,1.0000
TG00002315,T00010,ELG,0.25911161,1.729919,1.0000
TG00002316,T00010,ELG,0.79792088,1.122356,1.0000
TG00002317,T00010,ELG,1.24629891,1.052152,1.0000
TG00002318,T00010,ELG,0.41354230,0.718182,1.0000
TG00002319,T00010,ELG,0.45984740,1.059078,1.0000
TG00002320,T00010,ELG,0.67757948,0.929291,1.0000
TG00002321,T00010,ELG,0.35620348,1.191177,1.0000
TG00002322,T00010,ELG,0.54928834,1.026338,1.0000
TG00002323,T00010,ELG,0.55853450,1.051797,1.0000
TG00002324,T00010,ELG,0.49892017,1.488285,1.0000
TG00002325,T00010,ELG,0.74544300,1.302585,1.0000
TG00002326,T00010,ELG,0.46038628,0.978730,1.0000
TG00002327,T00010,ELG,0.34473111,1.080940,1.0000
TG00002328,T00010,ELG,0.34957127,1.115774,1.0000
TG00002329,T00010,ELG,0.53197597,1.349069,1.0000
TG00002330,T00010,ELG,0.18094259,1.324532,1.0000
TG00002331,T00010,ELG,0.57558353,1.154364,1.0000
TG00002332,T00010,ELG,0.36422637,1.021038,1.0000
TG00002333,T00010,ELG,0.44482241,1.299373,1.0000
TG00002334,T00010,ELG,0.70739117,1.105887,1.0000
TG00002335,T00010,ELG,0.78284960,0.989975,1.0000
TG00002336,T00010,ELG,0.73772848,0.445208,1.0000
TG00002337,T00010,ELG,0.46588031,1.169067,1.0000
TG00002338,T00010,ELG,0.52254472,1.080053,1.0000
TG00002339,T00010,ELG,1.02389973,1.546609,1.0000
TG00002340,T00010,ELG,0.87535805,0.795644,1.0000
TG00002341,T00010,ELG,1.39426121,1.112112,1.0000
TG00002342,T00010,ELG,0.41331025,1.499234,1.0000
TG00002343,T00010,ELG,0.45073796,0.903422,1.0000
TG00002344,T00010,QSO,0.54921277,2.793923,1.7000
TG00002345,T00010,QSO,0.23266790,2.758932,1.7000
TG00002346,T00010,QSO,0.14590492,2.764596,1.7000
TG00002347,T00010,QSO,0.30250113,1.980580,1.7000
TG00002348,T00010,QSO,0.21112113,1.742803,1.7000
TG00002349,T00010,QSO,0.18872995,2.121451,1.7000
TG00002350,T00010,QSO,0.23678590,3.397060,1.7000
TG00002351,T00010,QSO,0.15412115,2.727417,1.7000
TG00002352,T00010,QSO,0.38880328,2.700821,1.7000
TG00002353,T00010,QSO,0.20479338,2.715559,1.7000
TG00002354,T00010,QSO,0.22916497,1.971387,1.7000
TG00002355,T00010,QSO,0.32313979,0.655311,1.7000
TG00002356,T00010,QSO,0.13129634,1.769778,1.7000
TG00002357,T00010,QSO,0.28150348,2.030560,1.7000
TG00002358,T00010,BGS,1.40912609,0.214406,0.4500
TG00002359,T00010,BGS,2.12909729,0.186430,0.4500
TG00002360,T00010,BGS,1.92261799,0.239891,0.4500
TG00002361,T00010,BGS,1.05851796,0.303578,0.4500
TG00002362,T00010,BGS,1.11727420,0.179806,0.4500
TG00002363,T00010,BGS,0.69919113,0.351048,0.4500
TG00002364,T00010,BGS,0.87717021,0.198482,0.4500
TG00002365,T00010,BGS,1.14109852,0.245862,0.4500
TG00002366,T00010,BGS,1.64897047,0.369209,0.4500
TG00002367,T00010,BGS,1.41422701,0.165974,0.4500
TG00002368,T00010,BGS,1.28206217,0.179225,0.4500
TG00002369,T00010,BGS,0.88522542,0.000000,0.4500
TG00002370,T00010,BGS,1.22256791,0.186663,0.4500
TG00002371,T00010,BGS,1.30707387,0.204282,0.4500
TG00002372,T00010,BGS,1.14185009,0.260408,0.4500
TG00002373,T00010,BGS,1.10898446,0.210393,0.4500
TG00002374,T00010,BGS,1.13994196,0.233261,0.4500
TG00002375,T00010,BGS,1.14261940,0.173837,0.4500
TG00002376,T00010,BGS,2.17951151,0.263878,0.4500
TG00002377,T00010,BGS,1.06527716,0.225634,0.4500
TG00002378,T00010,BGS,1.45264726,0.369857,0.4500
TG00002379,T00010,BGS,0.96978545,0.174657,0.4500
TG00002380,T00010,BGS,1.16439632,0.132588,0.4500
TG00002381,T00010,BGS,1.16429228,0.329874,0.4500
TG00002382,T00010,BGS,2.22658440,0.375471,0.4500
TG00002383,T00010,BGS,0.98390639,0.181121,0.4500
TG00002384,T00010,BGS,1.35516897,0.224853,0.4500
TG00002385,T00010,BGS,1.48340744,0.000000,0.4500
TG00002386,T00010,BGS,1.10105426,0.172903,0.4500
TG00002387,T00010,BGS,1.66567785,0.153285,0.4500
TG00002388,T00010,BGS,1.81771751,0.308481,0.4500
TG00002389,T00010,BGS,1.89222662,0.294125,0.4500
TG00002390,T00010,BGS,0.94412350,0.221704,0.4500
TG00002391,T00010,BGS,1.03682303,0.207317,0.4500
TG00002392,T00010,BGS,0.60949361,0.236590,0.4500
TG00002393,T00010,BGS,0.56202682,0.151408,0.4500
TG00002394,T00010,BGS,2.46939182,0.264949,0.4500
TG00002395,T00010,BGS,1.01799292,0.197681,0.4500
TG00002396,T00010,BGS,0.84677112,0.360875,0.4500
TG00002397,T00010,BGS,1.23077506,0.303930,0.4500
TG00002398,T00010,BGS,1.02279067,0.261737,0.4500
TG00002399,T00010,BGS,0.75935034,0.307326,0.4500
TG00002400,T00010,BGS,1.64578904,0.208131,0.4500
TG00002401,T00010,BGS,1.74915334,0.305271,0.4500
TG00002402,T00010,BGS,2.53550534,0.144593,0.4500
TG00002403,T00010,BGS,1.00396834,0.084351,0.4500
TG00002404,T00010,BGS,0.97563169,0.135098,0.4500
TG00002405,T00010,BGS,1.09201459,0.130428,0.4500
TG00002406,T00010,BGS,0.91115447,0.204530,0.4500
TG00002407,T00010,BGS,0.85841374,0.283526,0.4500
TG00002408,T00010,BGS,1.50282301,0.260160,0.4500
TG00002409,T00010,BGS,0.98822712,0.196482,0.4500
TG00002410,T00010,BGS,1.25812042,0.247335,0.4500
TG00002411,T00010,BGS,1.26214571,0.314950,0.4500
TG00002412,T00010,BGS,1.46338201,0.097698,0.4500
TG00002413,T00010,BGS,0.91072205,0.153776,0.4500
TG00002414,T00010,BGS,1.60392612,0.229713,0.4500
TG00002415,T00010,BGS,1.21273580,0.319216,0.4500
TG00002416,T00010,BGS,1.52637032,0.276544,0.4500
TG00002417,T00010,BGS,0.90006137,0.168812,0.4500
TG00002418,T00010,BGS,1.40640333,0.094458,0.4500
TG00002419,T00010,BGS,1.02040352,0.209319,0.4500
TG00002420,T00010,BGS,1.72118808,0.319200,0.4500
TG00002421,T00010,BGS,0.99770054,0.264234,0.4500
TG00002422,T00010,BGS,0.80776235,0.140711,0.4500
TG00002423,T00010,BGS,2.52758720,0.156677,0.4500
TG00002424,T00010,BGS,0.96332740,0.251867,0.4500
TG00002425,T00010,BGS,0.98088663,0.434340,0.4500
TG00002426,T00010,BGS,1.36019845,0.373065,0.4500
TG00002427,T00010,BGS,1.26078846,0.137658,0.4500
TG00002428,T00010,BGS,0.66161791,0.271519,0.4500
TG00002429,T00010,BGS,1.23068619,0.230251,0.4500
TG00002430,T00011,LRG,0.18598858,1.061157,1.0000
TG00002431,T00011,LRG,0.29004909,0.555933,1.0000
TG00002432,T00011,LRG,0.24390717,0.688640,1.0000
TG00002433,T00011,LRG,0.19111817,0.632355,1.0000
TG00002434,T00011,LRG,0.50720326,0.439613,1.0000
TG00002435,T00011,LRG,0.26107810,0.740284,1.0000
TG00002436,T00011,LRG,0.17600079,0.560755,1.0000
TG00002437,T00011,LRG,0.25780993,0.487665,1.0000
TG00002438,T00011,LRG,0.27785599,0.649457,1.0000
TG00002439,T00011,LRG,0.23418192,0.481155,1.0000
TG00002440,T00011,LRG,0.32213924,0.666974,1.0000
TG00002441,T00011,LRG,0.52695850,0.770322,1.0000
TG00002442,T00011,LRG,0.41651196,0.764631,1.0000
TG00002443,T00011,LRG,0.34450484,0.836886,1.0000
TG00002444,T00011,LRG,0.31814794,1.019645,1.0000
TG00002445,T00011,LRG,0.58368292,0.878099,1.0000
TG00002446,T00011,LRG,0.36105698,0.435493,1.0000
TG00002447,T00011,LRG,0.39835140,0.475191,1.0000
TG00002448,T00011,LRG,0.26908512,0.840062,1.0000
TG00002449,T00011,LRG,0.67808982,0.973225,1.0000
TG00002450,T00011,LRG,0.35751287,0.477421,1.0000
TG00002451,T00011,LRG,0.26425678,0.335385,1.0000
TG00002452,T00011,LRG,0.26567158,0.510253,1.0000
TG00002453,T00011,LRG,0.34459284,0.603317,1.0000
TG00002454,T00011,LRG,0.36835168,0.804971,1.0000
TG00002455,T00011,LRG,0.28309255,0.877850,1.0000
TG00002456,T00011,LRG,0.42879099,0.721988,1.0000
TG00002457,T00011,LRG,0.51373502,0.669166,1.0000
TG00002458,T00011,LRG,0.76579200,0.461591,1.0000
TG00002459,T00011,LRG,0.38818059,0.517760,1.0000
TG00002460,T00011,LRG,0.40984172,0.726264,1.0000
TG00002461,T00011,LRG,0.32762229,0.704770,1.0000
TG00002462,T00011,LRG,0.41065895,1.070345,1.0000
TG00002463,T00011,LRG,0.39136542,0.755947,1.0000
TG00002464,T00011,LRG,0.55258042,0.895007,1.0000
TG00002465,T00011,LRG,0.35817944,0.720664,1.0000
TG00002466,T00011,LRG,0.34524509,0.921802,1.0000
TG00002467,T00011,LRG,0.24217691,0.602144,1.0000
TG00002468,T00011,LRG,0.43991021,0.404244,1.0000
TG00002469,T00011,LRG,0.60237162,0.349604,1.0000
TG00002470,T00011,LRG,0.35351948,0.756970,1.0000
TG00002471,T00011,LRG,0.37670871,0.916439,1.0000
TG00002472,T00011,LRG,0.28459054,0.662341,1.0000
TG00002473,T00011,LRG,0.29244733,0.490130,1.0000
TG00002474,T00011,LRG,0.24104521,0.937400,1.0000
TG00002475,T00011,LRG,0.51053730,0.607027,1.0000
TG00002476,T00011,LRG,0.26733967,0.651743,1.0000
TG00002477,T00011,LRG,0.33754486,0.752033,1.0000
TG00002478,T00011,ELG,0.47756602,1.686199,1.0000
TG00002479,T00011,ELG,1.08397194,0.437542,1.0000
TG00002480,T00011,ELG,0.45998954,1.009045,1.0000
TG00002481,T00011,ELG,0.51716784,0.694132,1.0000
TG00002482,T00011,ELG,0.45238381,0.799242,1.0000
TG00002483,T00011,ELG,0.42449625,1.145834,1.0000
TG00002484,T00011,ELG,0.42033181,1.158206,1.0000
TG00002485,T00011,ELG,0.67777924,1.487327,1.0000
TG00002486,T00011,ELG,0.56840836,1.294091,1.0000
TG00002487,T00011,ELG,0.48010005,0.570546,1.0000
TG00002488,T00011,ELG,0.78926878,1.132493,1.0000
TG00002489,T00011,ELG,0.67266432,1.008199,1.0000
TG00002490,T00011,ELG,0.60839893,1.052629,1.0000
TG00002491,T00011,ELG,0.54275923,1.393383,1.0000
TG00002492,T00011,ELG,0.45612420,0.968052,1.0000
TG00002493,T00011,ELG,0.69384098,0.397111,1.0000
TG00002494,T00011,ELG,0.80638801,1.223110,1.0000
TG00002495,T00011,ELG,0.37705481,1.763813,1.0000
TG00002496,T00011,ELG,0.92725164,1.490066,1.0000
TG00002497,T00011,ELG,0.55970703,1.298032,1.0000
TG00002498,T00011,ELG,0.62086597,0.437472,1.0000
TG00002499,T00011,ELG,0.53103034,1.139431,1.0000
TG00002500,T00011,ELG,0.49911557,1.146974,1.0000
TG00002501,T00011,ELG,1.01369919,1.452229,1.0000
TG00002502,T00011,ELG,0.57166908,1.192213,1.0000
TG00002503,T00011,ELG,1.15051119,0.922243,1.0000
TG00002504,T00011,ELG,0.39769690,0.982773,1.0000
TG00002505,T00011,ELG,0.84392410,1.341208,1.0000
TG00002506,T00011,ELG,0.82524703,0.972105,1.0000
TG00002507,T00011,ELG,0.59176958,0.799927,1.0000
TG00002508,T00011,ELG,0.56618036,1.094041,1.0000
TG00002509,T00011,ELG,0.41987574,0.654501,1.0000
TG00002510,T00011,ELG,0.71843007,1.166043,1.0000
TG00002511,T00011,ELG,0.54462514,1.066797,1.0000
TG00002512,T00011,ELG,0.40702868,1.266888,1.0000
TG00002513,T00011,ELG,0.54007801,1.254726,1.0000
TG00002514,T00011,ELG,0.41741737,0.990186,1.0000
TG00002515,T00011,ELG,0.86369895,1.140202,1.0000
TG00002516,T00011,ELG,0.75073457,1.110874,1.0000
TG00002517,T00011,ELG,0.89314885,0.958393,1.0000
TG00002518,T00011,ELG,0.77069462,1.383479,1.0000
TG00002519,T00011,ELG,0.43837472,0.680215,1.0000
TG00002520,T00011,ELG,0.32176483,1.047875,1.0000
TG00002521,T00011,ELG,0.38321179,1.291157,1.0000
TG00002522,T00011,ELG,0.70304277,1.352125,1.0000
TG00002523,T00011,ELG,0.45685028,0.752243,1.0000
TG00002524,T00011,ELG,1.03821690,1.019822,1.0000
TG00002525,T00011,ELG,0.45352911,0.867157,1.0000
TG00002526,T00011,ELG,0.54113971,1.028054,1.0000
TG00002527,T00011,ELG,0.41283901,0.714541,1.0000
TG00002528,T00011,ELG,0.61257244,1.137254,1.0000
TG00002529,T00011,ELG,0.49500138,1.572058,1.0000
TG00002530,T00011,ELG,0.75467371,0.536708,1.0000
TG00002531,T00011,ELG,0.31731481,1.359629,1.0000
TG00002532,T00011,ELG,0.64876789,1.301833,1.0000
TG00002533,T00011,ELG,0.87138442,0.921075,1.0000
TG00002534,T00011,ELG,0.91686006,1.125584,1.0000
TG00002535,T00011,ELG,0.49975049,0.982236,1.0000
TG00002536,T00011,ELG,0.42177502,1.481643,1.0000
TG00002537,T00011,ELG,0.70290034,1.074919,1.0000
TG00002538,T00011,ELG,0.82712616,0.940225,1.0000
TG00002539,T00011,ELG,0.75514448,1.251323,1.0000
TG00002540,T00011,ELG,0.46852780,1.150317,1.0000
TG00002541,T00011,ELG,0.42624459,1.407328,1.0000
TG00002542,T00011,ELG,0.58407933,0.404915,1.0000
TG00002543,T00011,ELG,0.76700667,1.204052,1.0000
TG00002544,T00011,ELG,0.99581812,0.564015,1.0000
TG00002545,T00011,ELG,0.67562891,0.987929,1.0000
TG00002546,T00011,ELG,0.27458830,1.075978,1.0000
TG00002547,T00011,ELG,0.55798320,1.440801,1.0000
TG00002548,T00011,ELG,1.04286716,1.114566,1.0000
TG00002549,T00011,ELG,0.54516717,1.022385,1.0000
TG00002550,T00011,ELG,0.83089810,1.535705,1.0000
TG00002551,T00011,ELG,0.61475344,0.724007,1.0000
TG00002552,T00011,ELG,0.34733567,1.323120,1.0000
TG00002553,T00011,ELG,0.36340964,1.025745,1.0000
TG00002554,T00011,ELG,0.38687743,0.890793,1.0000
TG00002555,T00011,ELG,0.59640815,1.100807,1.0000
TG00002556,T00011,ELG,0.71677153,0.567483,1.0000
TG00002557,T00011,ELG,0.48300045,1.218559,1.0000
TG00002558,T00011,ELG,0.83562837,1.285511,1.0000
TG00002559,T00011,ELG,0.33678571,1.017801,1.0000
TG00002560,T00011,ELG,0.75567100,1.020292,1.0000
TG00002561,T00011,ELG,0.45492802,1.342175,1.0000
TG00002562,T00011,ELG,0.66634774,1.068754,1.0000
TG00002563,T00011,ELG,0.49261161,0.698496,1.0000
TG00002564,T00011,ELG,0.53363006,0.951762,1.0000
TG00002565,T00011,ELG,0.88784979,1.810920,1.0000
TG00002566,T00011,ELG,0.38059208,0.631383,1.0000
TG00002567,T00011,ELG,0.33330442,0.920964,1.0000
TG00002568,T00011,ELG,0.95511776,0.790797,1.0000
TG00002569,T00011,ELG,0.73546217,0.663516,1.0000
TG00002570,T00011,ELG,0.56655634,1.227293,1.0000
TG00002571,T00011,ELG,0.51347400,1.253047,1.0000
TG00002572,T00011,QSO,0.36993186,1.405993,1.7000
TG00002573,T00011,QSO,0.13634483,2.324345,1.7000
TG00002574,T00011,QSO,0.11332914,2.409908,1.7000
TG00002575,T00011,QSO,0.41438871,2.189692,1.7000
TG00002576,T00011,QSO,0.24387404,0.164183,1.7000
TG00002577,T00011,QSO,0.15308797,1.841638,1.7000
TG00002578,T00011,QSO,0.25041439,3.110975,1.7000
TG00002579,T00011,QSO,0.12756617,2.099878,1.7000
TG00002580,T00011,QSO,0.23245185,0.989608,1.7000
TG00002581,T00011,QSO,0.18786272,2.237898,1.7000
TG00002582,T00011,QSO,0.20637217,1.949790,1.7000
TG00002583,T00011,QSO,0.16721094,0.459650,1.7000
TG00002584,T00011,QSO,0.25654226,2.557322,1.7000
TG00002585,T00011,QSO,0.20988276,1.495113,1.7000
TG00002586,T00011,QSO,0.11623972,1.535621,1.7000
TG00002587,T00011,QSO,0.13576396,2.219203,1.7000
TG00002588,T00011,QSO,0.21931165,2.329951,1.7000
TG00002589,T00011,QSO,0.23508975,3.341514,1.7000
TG00002590,T00011,QSO,0.24570915,2.318780,1.7000
TG00002591,T00011,QSO,0.13957540,3.203756,1.7000
TG00002592,T00011,QSO,0.22546176,2.535638,1.7000
TG00002593,T00011,QSO,0.29204288,2.023989,1.7000
TG00002594,T00011,QSO,0.16526023,2.376213,1.7000
TG00002595,T00011,QSO,0.09459124,2.830044,1.7000
TG00002596,T00011,QSO,0.11099509,1.915895,1.7000
TG00002597,T00011,QSO,0.29702414,2.504347,1.7000
TG00002598,T00011,QSO,0.44701782,1.729297,1.7000
TG00002599,T00011,QSO,0.12153886,2.611290,1.7000
TG00002600,T00011,QSO,0.24397163,1.773962,1.7000
TG00002601,T00011,BGS,0.97630546,0.264844,0.4500
TG00002602,T00011,BGS,0.67879189,0.162952,0.4500
TG00002603,T00011,BGS,2.17232026,0.308302,0.4500
TG00002604,T00011,BGS,1.92145237,0.010159,0.4500
TG00002605,T00011,BGS,1.40512202,0.272598,0.4500
TG00002606,T00011,BGS,1.70455224,0.232096,0.4500
TG00002607,T00011,BGS,1.30384253,0.292119,0.4500
TG00002608,T00011,BGS,1.34172093,0.443617,0.4500
TG00002609,T00011,BGS,0.89166111,0.374696,0.4500
TG00002610,T00011,BGS,1.36054870,0.098931,0.4500
TG00002611,T00011,BGS,0.88656464,0.125660,0.4500
TG00002612,T00011,BGS,1.36951259,0.310711,0.4500
TG00002613,T00011,BGS,1.19111483,0.316552,0.4500
TG00002614,T00011,BGS,2.84285092,0.170034,0.4500
TG00002615,T00011,BGS,1.37559711,0.124238,0.4500
TG00002616,T00011,BGS,1.27224307,0.330241,0.4500
TG00002617,T00011,BGS,1.38376646,0.334768,0.4500
TG00002618,T00011,BGS,1.64990757,0.332702,0.4500
TG00002619,T00011,BGS,0.71998671,0.116860,0.4500
TG00002620,T00011,BGS,2.35708424,0.000000,0.4500
TG00002621,T00011,BGS,1.15665772,0.050088,0.4500
TG00002622,T00011,BGS,0.79557397,0.130226,0.4500
TG00002623,T00011,BGS,1.65164091,0.086894,0.4500
TG00002624,T00011,BGS,0.80604051,0.186069,0.4500
TG00002625,T00011,BGS,1.27978400,0.297616,0.4500
TG00002626,T00011,BGS,1.37732925,0.169545,0.4500
TG00002627,T00011,BGS,1.40790221,0.254705,0.4500
TG00002628,T00011,BGS,1.81555994,0.167088,0.4500
TG00002629,T00011,BGS,0.93334289,0.241319,0.4500
TG00002630,T00011,BGS,1.37531329,0.261005,0.4500
TG00002631,T00011,BGS,1.05538720,0.261923,0.4500
TG00002632,T00011,BGS,1.49299867,0.227345,0.4500
TG00002633,T00011,BGS,2.07948883,0.125331,0.4500
TG00002634,T00011,BGS,0.90581425,0.347190,0.4500
TG00002635,T00011,BGS,1.18085182,0.273019,0.4500
TG00002636,T00011,BGS,2.23829048,0.285656,0.4500
TG00002637,T00011,BGS,1.07886847,0.252059,0.4500
TG00002638,T00011,BGS,2.14819882,0.336542,0.4500
TG00002639,T00011,BGS,1.46103362,0.222424,0.4500
TG00002640,T00011,BGS,1.37355255,0.177056,0.4500
TG00002641,T00011,BGS,1.11402123,0.158084,0.4500
TG00002642,T00011,BGS,1.56147357,0.287362,0.4500
TG00002643,T00011,BGS,1.21119725,0.279357,0.4500
TG00002644,T00011,BGS,1.49829537,0.120190,0.4500
TG00002645,T00011,BGS,1.92235140,0.157938,0.4500
TG00002646,T00011,BGS,1.09490679,0.133900,0.4500
TG00002647,T00011,BGS,1.58255248,0.090910,0.4500
TG00002648,T00011,BGS,1.08989768,0.240639,0.4500
TG00002649,T00011,BGS,1.66931315,0.158793,0.4500
TG00002650,T00011,BGS,1.34535542,0.261662,0.4500
TG00002651,T00011,BGS,1.30461949,0.222183,0.4500
TG00002652,T00011,BGS,1.58344833,0.293960,0.4500
TG00002653,T00011,BGS,1.51069712,0.319208,0.4500
TG00002654,T00011,BGS,0.90236909,0.194515,0.4500
TG00002655,T00011,BGS,1.42062854,0.262405,0.4500
TG00002656,T00011,BGS,1.40535153,0.253832,0.4500
TG00002657,T00011,BGS,0.81387935,0.379643,0.4500
TG00002658,T00011,BGS,1.17542626,0.245443,0.4500
TG00002659,T00011,BGS,1.39706048,0.274976,0.4500
TG00002660,T00011,BGS,1.89499910,0.360455,0.4500
TG00002661,T00011,BGS,2.03855766,0.285074,0.4500
TG00002662,T00011,BGS,0.96973131,0.089126,0.4500
TG00002663,T00011,BGS,1.56366062,0.263877,0.4500
TG00002664,T00011,BGS,1.46283101,0.267277,0.4500
TG00002665,T00011,BGS,0.86625408,0.191342,0.4500
TG00002666,T00011,BGS,2.17811855,0.293357,0.4500
TG00002667,T00011,BGS,1.89661400,0.217940,0.4500
TG00002668,T00011,BGS,1.70406019,0.201119,0.4500
TG00002669,T00011,BGS,0.96060858,0.251965,0.4500
TG00002670,T00011,BGS,1.18359946,0.227857,0.4500
TG00002671,T00011,BGS,1.27103010,0.418027,0.4500
TG00002672,T00011,BGS,1.27713871,0.223298,0.4500
TG00002673,T00011,BGS,0.97745739,0.157205,0.4500
TG00002674,T00011,BGS,1.03540761,0.239983,0.4500
TG00002675,T00011,BGS,0.84487980,0.151948,0.4500
TG00002676,T00011,BGS,1.34330609,0.302288,0.4500
TG00002677,T00011,BGS,1.11011613,0.251671,0.4500
TG00002678,T00011,BGS,1.45464274,0.207384,0.4500
TG00002679,T00011,BGS,2.15833352,0.192037,0.4500
TG00002680,T00011,BGS,0.87019029,0.042482,0.4500
TG00002681,T00011,BGS,0.63230020,0.405371,0.4500
TG00002682,T00011,BGS,0.83229435,0.430910,0.4500
TG00002683,T00011,BGS,1.23353933,0.178016,0.4500
TG00002684,T00011,BGS,2.20523424,0.320202,0.4500
TG00002685,T00012,LRG,0.38231209,0.512289,1.0000
TG00002686,T00012,LRG,0.40215129,0.612353,1.0000
TG00002687,T00012,LRG,0.24160794,0.463147,1.0000
TG00002688,T00012,LRG,0.18553658,0.603262,1.0000
TG00002689,T00012,LRG,0.21893405,0.522356,1.0000
TG00002690,T00012,LRG,0.30630763,0.719263,1.0000
TG00002691,T00012,LRG,0.24299041,0.556379,1.0000
TG00002692,T00012,LRG,0.31200888,0.498241,1.0000
TG00002693,T00012,LRG,0.47429368,0.621427,1.0000
TG00002694,T00012,LRG,0.25884464,0.835934,1.0000
TG00002695,T00012,LRG,0.38911054,0.344341,1.0000
TG00002696,T00012,LRG,0.29297570,0.756463,1.0000
TG00002697,T00012,LRG,0.28296026,1.042395,1.0000
TG00002698,T00012,LRG,0.48028110,0.494109,1.0000
TG00002699,T00012,LRG,0.28698098,0.987149,1.0000
TG00002700,T00012,LRG,0.37394901,0.809448,1.0000
TG00002701,T00012,LRG,0.24925109,0.799308,1.0000
TG00002702,T00012,LRG,0.28867154,0.665764,1.0000
TG00002703,T00012,LRG,0.36003835,0.662986,1.0000
TG00002704,T00012,LRG,0.24918239,0.689280,1.0000
TG00002705,T00012,LRG,0.49316602,0.742400,1.0000
TG00002706,T00012,LRG,0.41801171,0.810029,1.0000
TG00002707,T00012,LRG,0.26667211,0.724500,1.0000
TG00002708,T00012,LRG,0.43967094,0.741753,1.0000
TG00002709,T00012,LRG,0.26512378,0.562888,1.0000
TG00002710,T00012,LRG,0.35101025,0.687973,1.0000
TG00002711,T00012,LRG,0.32268918,0.529606,1.0000
TG00002712,T00012,LRG,0.44348414,0.609155,1.0000
TG00002713,T00012,LRG,0.42737149,0.771545,1.0000
TG00002714,T00012,LRG,0.25387218,0.540764,1.0000
TG00002715,T00012,LRG,0.41292574,0.625714,1.0000
TG00002716,T00012,LRG,0.45133622,0.636246,1.0000
TG00002717,T00012,LRG,0.34587137,0.796615,1.0000
TG00002718,T00012,LRG,0.35660643,0.604816,1.0000
TG00002719,T00012,LRG,0.29511270,1.016354,1.0000
TG00002720,T00012,LRG,0.82644382,0.516820,1.0000
TG00002721,T00012,LRG,0.29675604,0.611677,1.0000
TG00002722,T00012,LRG,0.37444238,0.489678,1.0000
TG00002723,T00012,LRG,0.59310669,1.047054,1.0000
TG00002724,T00012,LRG,0.48893860,0.752490,1.0000
TG00002725,T00012,LRG,0.37730366,0.697813,1.0000
TG00002726,T00012,LRG,0.47496318,0.607405,1.0000
TG00002727,T00012,LRG,0.40486904,0.616258,1.0000
TG00002728,T00012,LRG,0.35314852,0.952744,1.0000
TG00002729,T00012,LRG,0.33576588,0.979941,1.0000
TG00002730,T00012,LRG,0.22750069,0.512770,1.0000
TG00002731,T00012,LRG,0.37015075,0.693499,1.0000
TG00002732,T00012,LRG,0.39521730,0.777993,1.0000
TG00002733,T00012,LRG,0.25429578,0.536745,1.0000
TG00002734,T00012,LRG,0.48188640,0.544211,1.0000
TG00002735,T00012,LRG,0.31204366,0.538248,1.0000
TG00002736,T00012,LRG,0.28603515,0.726547,1.0000
TG00002737,T00012,LRG,0.41874923,0.376979,1.0000
TG00002738,T00012,LRG,0.44855895,0.069526,1.0000
TG00002739,T00012,LRG,0.31164137,0.512404,1.0000
TG00002740,T00012,LRG,0.47710394,0.641629,1.0000
TG00002741,T00012,ELG,0.53210565,1.081144,1.0000
TG00002742,T00012,ELG,0.54232735,1.118128,1.0000
TG00002743,T00012,ELG,0.54269526,0.838424,1.0000
TG00002744,T00012,ELG,0.49841230,1.208895,1.0000
TG00002745,T00012,ELG,0.26724908,1.043351,1.0000
TG00002746,T00012,ELG,0.44361422,1.619772,1.0000
TG00002747,T00012,ELG,0.85454093,0.920912,1.0000
TG00002748,T00012,ELG,0.51623331,1.216175,1.0000
TG00002749,T00012,ELG,0.66924027,1.250435,1.0000
TG00002750,T00012,ELG,0.83372602,0.716612,1.0000
TG00002751,T00012,ELG,0.52989232,1.248580,1.0000
TG00002752,T00012,ELG,1.46329179,1.278745,1.0000
TG00002753,T00012,ELG,0.68736524,1.368994,1.0000
TG00002754,T00012,ELG,0.92008703,0.926531,1.0000
TG00002755,T00012,ELG,0.15852375,0.875003,1.0000
TG00002756,T00012,ELG,0.37170801,1.767186,1.0000
TG00002757,T00012,ELG,0.57208320,0.618841,1.0000
TG00002758,T00012,ELG,0.31232653,1.303611,1.0000
TG00002759,T00012,ELG,0.57248531,0.832741,1.0000
TG00002760,T00012,ELG,0.91813102,0.788895,1.0000
TG00002761,T00012,ELG,0.45827664,1.439460,1.0000
TG00002762,T00012,ELG,0.27419669,1.557081,1.0000
TG00002763,T00012,ELG,0.44744988,1.316369,1.0000
TG00002764,T00012,ELG,0.41310428,0.351827,1.0000
TG00002765,T00012,ELG,0.49371941,1.403530,1.0000
TG00002766,T00012,ELG,0.37144392,1.263903,1.0000
TG00002767,T00012,ELG,0.82020497,0.849223,1.0000
TG00002768,T00012,ELG,0.36312118,1.180315,1.0000
TG00002769,T00012,ELG,0.43434956,0.987426,1.0000
TG00002770,T00012,ELG,0.50567454,1.266337,1.0000
TG00002771,T00012,ELG,0.63822103,1.037592,1.0000
TG00002772,T00012,ELG,0.30103208,0.664451,1.0000
TG00002773,T00012,ELG,0.74875393,1.023274,1.0000
TG00002774,T00012,ELG,0.64653559,0.828740,1.0000
TG00002775,T00012,ELG,0.82008083,1.129822,1.0000
TG00002776,T00012,ELG,0.70669295,0.579710,1.0000
TG00002777,T00012,ELG,0.42355686,1.227869,1.0000
TG00002778,T00012,ELG,0.42510609,1.178791,1.0000
TG00002779,T00012,ELG,0.65922767,0.942144,1.0000
TG00002780,T00012,ELG,0.57620334,1.605036,1.0000
TG00002781,T00012,ELG,0.40383464,1.437979,1.0000
TG00002782,T00012,ELG,1.00038363,1.604222,1.0000
TG00002783,T00012,ELG,0.50833727,0.911068,1.0000
TG00002784,T00012,ELG,0.53742742,1.629717,1.0000
TG00002785,T00012,ELG,0.75142312,1.447885,1.0000
TG00002786,T00012,ELG,0.40276951,1.037416,1.0000
TG00002787,T00012,ELG,0.66533438,1.393588,1.0000
TG00002788,T00012,ELG,0.86395239,0.935928,1.0000
TG00002789,T00012,ELG,0.44928887,1.095997,1.0000
TG00002790,T00012,ELG,0.51742817,0.283193,1.0000
TG00002791,T00012,ELG,0.59710967,0.860288,1.0000
TG00002792,T00012,ELG,1.20778413,1.405834,1.0000
TG00002793,T00012,ELG,0.30127529,0.915057,1.0000
TG00002794,T00012,ELG,0.70174196,1.127460,1.0000
TG00002795,T00012,ELG,0.45328253,1.257241,1.0000
TG00002796,T00012,ELG,0.76029825,1.450715,1.0000
TG00002797,T00012,ELG,0.87520210,1.076854,1.0000
TG00002798,T00012,ELG,1.16553318,0.905433,1.0000
TG00002799,T00012,ELG,0.64703020,1.096120,1.0000
TG00002800,T00012,ELG,0.38450250,1.125861,1.0000
TG00002801,T00012,ELG,0.61844239,0.938510,1.0000
TG00002802,T00012,ELG,0.35816582,1.110996,1.0000
TG00002803,T00012,ELG,0.80974989,1.178880,1.0000
TG00002804,T00012,ELG,0.64722788,0.820148,1.0000
TG00002805,T00012,ELG,0.52250612,1.336545,1.0000
TG00002806,T00012,ELG,0.32770869,1.030028,1.0000
TG00002807,T00012,ELG,0.44008675,1.375504,1.0000
TG00002808,T00012,ELG,1.36828784,1.440292,1.0000
TG00002809,T00012,ELG,0.39635100,1.186244,1.0000
TG00002810,T00012,ELG,0.77145382,1.417460,1.0000
TG00002811,T00012,ELG,0.48736603,1.083935,1.0000
TG00002812,T00012,ELG,0.34583930,1.576385,1.0000
TG00002813,T00012,ELG,0.54483912,0.774011,1.0000
TG00002814,T00012,ELG,0.56477179,1.571976,1.0000
TG00002815,T00012,ELG,0.56844848,1.421357,1.0000
TG00002816,T00012,ELG,0.47230924,1.103500,1.0000
TG00002817,T00012,ELG,0.59567128,1.252558,1.0000
TG00002818,T00012,ELG,0.42208795,1.412378,1.0000
TG00002819,T00012,ELG,0.63520813,1.077951,1.0000
TG00002820,T00012,ELG,0.62755040,1.650384,1.0000
TG00002821,T00012,ELG,0.78242005,1.129554,1.0000
TG00002822,T00012,ELG,0.60542015,1.085209,1.0000
TG00002823,T00012,ELG,0.82836857,1.503772,1.0000
TG00002824,T00012,ELG,0.45167446,1.127105,1.0000
TG00002825,T00012,ELG,0.67278401,1.884250,1.0000
TG00002826,T00012,ELG,0.76552925,1.271007,1.0000
TG00002827,T00012,ELG,0.41403529,1.302588,1.0000
TG00002828,T00012,ELG,0.63051877,1.337163,1.0000
TG00002829,T00012,ELG,0.88611628,1.250919,1.0000
TG00002830,T00012,ELG,0.25512997,1.522202,1.0000
TG00002831,T00012,ELG,0.53509885,1.200710,1.0000
TG00002832,T00012,ELG,1.36282462,1.061862,1.0000
TG00002833,T00012,ELG,0.81506958,1.496601,1.0000
TG00002834,T00012,ELG,0.69021914,0.906733,1.0000
TG00002835,T00012,ELG,0.86390356,1.352890,1.0000
TG00002836,T00012,ELG,0.40185256,1.204444,1.0000
TG00002837,T00012,ELG,1.46793145,0.801049,1.0000
TG00002838,T00012,ELG,0.84410125,1.176841,1.0000
TG00002839,T00012,ELG,0.99774664,1.488620,1.0000
TG00002840,T00012,ELG,0.58350347,1.504458,1.0000
TG00002841,T00012,QSO,0.35403661,2.610019,1.7000
TG00002842,T00012,QSO,0.08087846,2.088628,1.7000
TG00002843,T00012,QSO,0.16748410,2.778092,1.7000
TG00002844,T00012,QSO,0.20187712,1.961099,1.7000
TG00002845,T00012,QSO,0.21018868,1.204184,1.7000
TG00002846,T00012,QSO,0.19342428,1.590161,1.7000
TG00002847,T00012,QSO,0.09241587,2.864094,1.7000
TG00002848,T00012,QSO,0.09058497,1.575823,1.7000
TG00002849,T00012,QSO,0.08446003,1.461432,1.7000
TG00002850,T00012,QSO,0.19068664,2.542190,1.7000
TG00002851,T00012,QSO,0.13192982,1.900612,1.7000
TG00002852,T00012,QSO,0.12431371,1.793043,1.7000
TG00002853,T00012,QSO,0.13304297,2.008896,1.7000
TG00002854,T00012,QSO,0.11962534,1.227711,1.7000
TG00002855,T00012,QSO,0.35747820,3.143563,1.7000
TG00002856,T00012,BGS,0.88370244,0.331820,0.4500
TG00002857,T00012,BGS,1.18058028,0.225182,0.4500
TG00002858,T00012,BGS,1.07998093,0.339575,0.4500
TG00002859,T00012,BGS,1.16867097,0.207624,0.4500
TG00002860,T00012,BGS,1.11756132,0.381144,0.4500
TG00002861,T00012,BGS,1.77511282,0.394263,0.4500
TG00002862,T00012,BGS,1.40861532,0.107338,0.4500
TG00002863,T00012,BGS,1.40935519,0.276183,0.4500
TG00002864,T00012,BGS,1.24860523,0.197834,0.4500
TG00002865,T00012,BGS,1.80439990,0.189504,0.4500
TG00002866,T00012,BGS,0.64346273,0.237183,0.4500
TG00002867,T00012,BGS,1.17601491,0.214218,0.4500
TG00002868,T00012,BGS,1.81325207,0.378355,0.4500
TG00002869,T00012,BGS,0.83432826,0.161693,0.4500
TG00002870,T00012,BGS,1.34169931,0.121966,0.4500
TG00002871,T00012,BGS,0.81762283,0.075188,0.4500
TG00002872,T00012,BGS,0.97930636,0.180401,0.4500
TG00002873,T00012,BGS,1.23963920,0.328208,0.4500
TG00002874,T00012,BGS,1.43435655,0.182348,0.4500
TG00002875,T00012,BGS,1.36007012,0.398359,0.4500
TG00002876,T00012,BGS,1.74034503,0.244547,0.4500
TG00002877,T00012,BGS,1.23163084,0.209075,0.4500
TG00002878,T00012,BGS,1.07064695,0.244986,0.4500
TG00002879,T00012,BGS,2.00016429,0.327723,0.4500
TG00002880,T00012,BGS,1.52567588,0.439858,0.4500
TG00002881,T00012,BGS,0.94073646,0.330525,0.4500
TG00002882,T00012,BGS,0.63379190,0.336166,0.4500
TG00002883,T00012,BGS,0.87532553,0.229737,0.4500
TG00002884,T00012,BGS,1.07661820,0.239498,0.4500
TG00002885,T00012,BGS,0.91404122,0.206179,0.4500
TG00002886,T00012,BGS,0.89546744,0.202491,0.4500
TG00002887,T00012,BGS,1.19907534,0.112592,0.4500
TG00002888,T00012,BGS,0.87665454,0.134088,0.4500
TG00002889,T00012,BGS,1.42258901,0.343644,0.4500
TG00002890,T00012,BGS,1.36585482,0.430659,0.4500
TG00002891,T00012,BGS,0.76556705,0.305931,0.4500
TG00002892,T00012,BGS,1.25646153,0.204929,0.4500
TG00002893,T00012,BGS,1.64535476,0.061286,0.4500
TG00002894,T00012,BGS,1.64242852,0.232133,0.4500
TG00002895,T00012,BGS,1.39765861,0.200516,0.4500
TG00002896,T00012,BGS,2.13126881,0.262640,0.4500
TG00002897,T00012,BGS,0.93582856,0.345449,0.4500
TG00002898,T00012,BGS,1.26114609,0.259073,0.4500
TG00002899,T00012,BGS,1.51329292,0.267420,0.4500
TG00002900,T00012,BGS,1.84907578,0.217155,0.4500
TG00002901,T00012,BGS,0.86173605,0.165374,0.4500
TG00002902,T00012,BGS,1.69443712,0.250544,0.4500
TG00002903,T00012,BGS,0.86597339,0.331388,0.4500
TG00002904,T00012,BGS,0.64613626,0.241852,0.4500
TG00002905,T00012,BGS,1.06581858,0.280071,0.4500
TG00002906,T00012,BGS,0.94616945,0.319317,0.4500
TG00002907,T00012,BGS,1.29507398,0.160664,0.4500
TG00002908,T00012,BGS,1.36389231,0.304022,0.4500
TG00002909,T00012,BGS,1.27820947,0.170980,0.4500
TG00002910,T00012,BGS,1.22845907,0.176916,0.4500
TG00002911,T00012,BGS,0.71030644,0.297843,0.4500
TG00002912,T00012,BGS,0.73983975,0.270883,0.4500
TG00002913,T00012,BGS,1.16084491,0.160877,0.4500
TG00002914,T00012,BGS,2.03534962,0.298938,0.4500
TG00002915,T00012,BGS,1.62369684,0.264663,0.4500
TG00002916,T00012,BGS,1.08988718,0.253270,0.4500
TG00002917,T00012,BGS,1.61801054,0.254139,0.4500
TG00002918,T00012,BGS,0.89923438,0.301247,0.4500
TG00002919,T00012,BGS,1.61862671,0.153305,0.4500
TG00002920,T00012,BGS,1.02987643,0.400519,0.4500
TG00002921,T00012,BGS,1.94323567,0.242496,0.4500
TG00002922,T00012,BGS,1.27971501,0.264838,0.4500
TG00002923,T00012,BGS,0.88115761,0.198905,0.4500
TG00002924,T00012,BGS,1.38880396,0.164433,0.4500
TG00002925,T00012,BGS,0.85502230,0.314388,0.4500
TG00002926,T00012,BGS,1.02758514,0.372133,0.4500
TG00002927,T00012,BGS,1.15381323,0.316934,0.4500
TG00002928,T00012,BGS,0.72167774,0.206087,0.4500
TG00002929,T00012,BGS,1.20910009,0.107478,0.4500
TG00002930,T00013,LRG,0.29763155,0.646115,1.0000
TG00002931,T00013,LRG,0.22574921,0.596784,1.0000
TG00002932,T00013,LRG,0.23446801,0.512720,1.0000
TG00002933,T00013,LRG,0.43580505,0.829090,1.0000
TG00002934,T00013,LRG,0.39925677,0.975523,1.0000
TG00002935,T00013,LRG,0.35849148,0.830986,1.0000
TG00002936,T00013,LRG,0.33437902,0.560810,1.0000
TG00002937,T00013,LRG,0.42029454,0.880930,1.0000
TG00002938,T00013,LRG,0.38613398,0.817262,1.0000
TG00002939,T00013,LRG,0.43068712,0.942297,1.0000
TG00002940,T00013,LRG,0.28971391,0.695271,1.0000
TG00002941,T00013,LRG,0.20467151,0.603410,1.0000
TG00002942,T00013,LRG,0.57896943,0.719554,1.0000
TG00002943,T00013,LRG,0.35083380,0.960136,1.0000
TG00002944,T00013,LRG,0.41071571,0.724058,1.0000
TG00002945,T00013,LRG,0.73510046,0.602868,1.0000
TG00002946,T00013,LRG,0.43281443,0.810279,1.0000
TG00002947,T00013,LRG,0.64604842,0.876766,1.0000
TG00002948,T00013,LRG,0.32843475,0.696830,1.0000
TG00002949,T00013,LRG,0.35493884,0.681298,1.0000
TG00002950,T00013,LRG,0.31509970,0.621314,1.0000
TG00002951,T00013,LRG,0.38923620,0.593213,1.0000
TG00002952,T00013,LRG,0.40397883,0.526494,1.0000
TG00002953,T00013,LRG,0.30229733,0.698495,1.0000
TG00002954,T00013,LRG,0.30497307,0.571490,1.0000
TG00002955,T00013,LRG,0.31859184,1.013995,1.0000
TG00002956,T00013,LRG,0.41520875,0.497964,1.0000
TG00002957,T00013,LRG,0.25981000,0.864688,1.0000
TG00002958,T00013,LRG,0.29621022,0.242548,1.0000
TG00002959,T00013,LRG,0.12153958,0.813558,1.0000
TG00002960,T00013,LRG,0.18794835,0.981478,1.0000
TG00002961,T00013,LRG,0.35708567,0.918948,1.0000
TG00002962,T00013,LRG,0.33344617,1.067053,1.0000
TG00002963,T00013,LRG,0.48388984,0.718174,1.0000
TG00002964,T00013,LRG,0.40108302,0.768434,1.0000
TG00002965,T00013,LRG,0.27430382,0.509008,1.0000
TG00002966,T00013,LRG,0.27275562,0.610140,1.0000
TG00002967,T00013,LRG,0.48488559,1.154709,1.0000
TG00002968,T00013,LRG,0.25071342,0.757130,1.0000
TG00002969,T00013,LRG,0.31143206,0.470085,1.0000
TG00002970,T00013,LRG,0.37682345,0.821488,1.0000
TG00002971,T00013,LRG,0.31201908,0.958804,1.0000
TG00002972,T00013,LRG,0.34120480,0.736898,1.0000
TG00002973,T00013,LRG,0.22068706,0.375532,1.0000
TG00002974,T00013,LRG,0.44559471,0.590118,1.0000
TG00002975,T00013,LRG,0.26303045,0.607952,1.0000
TG00002976,T00013,LRG,0.17963705,0.578283,1.0000
TG00002977,T00013,LRG,0.55425246,0.552619,1.0000
TG00002978,T00013,LRG,0.28047406,0.914031,1.0000
TG00002979,T00013,LRG,0.25294147,0.686074,1.0000
TG00002980,T00013,ELG,0.57910935,1.332848,1.0000
TG00002981,T00013,ELG,0.69873099,0.970208,1.0000
TG00002982,T00013,ELG,0.34886293,1.064383,1.0000
TG00002983,T00013,ELG,0.61877100,1.190425,1.0000
TG00002984,T00013,ELG,0.34118082,1.069474,1.0000
TG00002985,T00013,ELG,0.65792474,1.168044,1.0000
TG00002986,T00013,ELG,0.28044055,1.329899,1.0000
TG00002987,T00013,ELG,0.77580020,0.865293,1.0000
TG00002988,T00013,ELG,1.22851021,1.135080,1.0000
TG00002989,T00013,ELG,0.48358569,0.985422,1.0000
TG00002990,T00013,ELG,0.64253488,1.695234,1.0000
TG00002991,T00013,ELG,0.29189417,1.056436,1.0000
TG00002992,T00013,ELG,0.63095498,1.099102,1.0000
TG00002993,T00013,ELG,0.32175696,0.470902,1.0000
TG00002994,T00013,ELG,0.53323934,0.948585,1.0000
TG00002995,T00013,ELG,0.57380999,1.023729,1.0000
TG00002996,T00013,ELG,0.52010725,0.921397,1.0000
TG00002997,T00013,ELG,0.26160694,0.824090,1.0000
TG00002998,T00013,ELG,0.41722303,1.195665,1.0000
TG00002999,T00013,ELG,0.64793595,1.017460,1.0000
TG00003000,T00013,ELG,0.29367534,0.890912,1.0000
TG00003001,T00013,ELG,1.25705539,0.894637,1.0000
TG00003002,T00013,ELG,0.61955749,0.580752,1.0000
TG00003003,T00013,ELG,0.32002837,0.915860,1.0000
TG00003004,T00013,ELG,0.75885136,0.981686,1.0000
TG00003005,T00013,ELG,0.66703324,1.377907,1.0000
TG00003006,T00013,ELG,0.40977162,1.042819,1.0000
TG00003007,T00013,ELG,0.32044848,1.229661,1.0000
TG00003008,T00013,ELG,1.02161912,1.247473,1.0000
TG00003009,T00013,ELG,0.39039108,1.617795,1.0000
TG00003010,T00013,ELG,1.27843308,1.352394,1.0000
TG00003011,T00013,ELG,0.73464425,1.095928,1.0000
TG00003012,T00013,ELG,1.11294916,1.424237,1.0000
TG00003013,T00013,ELG,0.78670328,1.510444,1.0000
TG00003014,T00013,ELG,1.32871542,0.753150,1.0000
TG00003015,T00013,ELG,0.42443364,0.794831,1.0000
TG00003016,T00013,ELG,0.67880145,0.868591,1.0000
TG00003017,T00013,ELG,0.42476338,1.057840,1.0000
TG00003018,T00013,ELG,0.46215115,1.072225,1.0000
TG00003019,T00013,ELG,0.77897935,1.064630,1.0000
TG00003020,T00013,ELG,1.03597079,0.651380,1.0000
TG00003021,T00013,ELG,0.37656436,1.107415,1.0000
TG00003022,T00013,ELG,0.61454497,1.093962,1.0000
TG00003023,T00013,ELG,0.47263312,1.153223,1.0000
TG00003024,T00013,ELG,0.59104412,1.253482,1.0000
TG00003025,T00013,ELG,0.36440049,1.622095,1.0000
TG00003026,T00013,ELG,0.41659150,1.087619,1.0000
TG00003027,T00013,ELG,0.72535058,0.929452,1.0000
TG00003028,T00013,ELG,0.42690966,0.932264,1.0000
TG00003029,T00013,ELG,0.41405947,1.877582,1.0000
TG00003030,T00013,ELG,0.41772801,1.129238,1.0000
TG00003031,T00013,ELG,0.54234929,1.040920,1.0000
TG00003032,T00013,ELG,0.51610951,1.467086,1.0000
TG00003033,T00013,ELG,0.68691655,1.878426,1.0000
TG00003034,T00013,ELG,0.75051511,0.711461,1.0000
TG00003035,T00013,ELG,0.42104546,1.345297,1.0000
TG00003036,T00013,ELG,0.62830693,1.218754,1.0000
TG00003037,T00013,ELG,0.34682884,0.492393,1.0000
TG00003038,T00013,ELG,0.75014613,1.219197,1.0000
TG00003039,T00013,QSO,0.18843613,2.246174,1.7000
TG00003040,T00013,QSO,0.14610480,1.657489,1.7000
TG00003041,T00013,QSO,0.26529273,2.218353,1.7000
TG00003042,T00013,QSO,0.17155310,1.997198,1.7000
TG00003043,T00013,QSO,0.26588309,1.901694,1.7000
TG00003044,T00013,QSO,0.27952867,2.631453,1.7000
TG00003045,T00013,QSO,0.26958575,2.359519,1.7000
TG00003046,T00013,QSO,0.36815025,1.805022,1.7000
TG00003047,T00013,QSO,0.17886972,2.032746,1.7000
TG00003048,T00013,QSO,0.24801961,2.631346,1.7000
TG00003049,T00013,QSO,0.10178831,2.527762,1.7000
TG00003050,T00013,QSO,0.23028143,1.822040,1.7000
TG00003051,T00013,QSO,0.35814811,2.485603,1.7000
TG00003052,T00013,QSO,0.19363412,1.496351,1.7000
TG00003053,T00013,QSO,0.14250430,2.519222,1.7000
TG00003054,T00013,QSO,0.08862194,2.472446,1.7000
TG00003055,T00013,QSO,0.09812493,0.779420,1.7000
TG00003056,T00013,QSO,0.09337346,1.751130,1.7000
TG00003057,T00013,QSO,0.43752032,1.793011,1.7000
TG00003058,T00013,QSO,0.12507862,2.256117,1.7000
TG00003059,T00013,QSO,0.09669407,3.246530,1.7000
TG00003060,T00013,QSO,0.11521823,2.359187,1.7000
TG00003061,T00013,QSO,0.12798618,2.287555,1.7000
TG00003062,T00013,QSO,0.23769003,2.017034,1.7000
TG00003063,T00013,QSO,0.10926438,1.370367,1.7000
TG00003064,T00013,QSO,0.25304237,2.237681,1.7000
TG00003065,T00013,QSO,0.22661731,2.049906,1.7000
TG00003066,T00013,QSO,0.15287415,2.002200,1.7000
TG00003067,T00013,BGS,1.40664703,0.238560,0.4500
TG00003068,T00013,BGS,1.49427235,0.226361,0.4500
TG00003069,T00013,BGS,1.32755131,0.221490,0.4500
TG00003070,T00013,BGS,0.66125728,0.365320,0.4500
TG00003071,T00013,BGS,1.23185093,0.217120,0.4500
TG00003072,T00013,BGS,0.94960388,0.157132,0.4500
TG00003073,T00013,BGS,1.34343847,0.151474,0.4500
TG00003074,T00013,BGS,1.19025544,0.401764,0.4500
TG00003075,T00013,BGS,0.93980685,0.247268,0.4500
TG00003076,T00013,BGS,1.23834002,0.253532,0.4500
TG00003077,T00013,BGS,2.07139949,0.157959,0.4500
TG00003078,T00013,BGS,1.28414864,0.216341,0.4500
TG00003079,T00013,BGS,1.26730720,0.001957,0.4500
TG00003080,T00013,BGS,0.66900977,0.098962,0.4500
TG00003081,T00013,BGS,1.22863669,0.189774,0.4500
TG00003082,T00013,BGS,1.34915866,0.247973,0.4500
TG00003083,T00013,BGS,1.21349037,0.135753,0.4500
TG00003084,T00013,BGS,1.80757019,0.045932,0.4500
TG00003085,T00013,BGS,1.07369465,0.267280,0.4500
TG00003086,T00013,BGS,0.69148256,0.354427,0.4500
TG00003087,T00013,BGS,1.60026682,0.284941,0.4500
TG00003088,T00013,BGS,1.34121025,0.136524,0.4500
TG00003089,T00013,BGS,0.97243505,0.256767,0.4500
TG00003090,T00013,BGS,1.12110225,0.312350,0.4500
TG00003091,T00013,BGS,0.89892987,0.277760,0.4500
TG00003092,T00013,BGS,0.82588543,0.209688,0.4500
TG00003093,T00013,BGS,1.52674123,0.211937,0.4500
TG00003094,T00013,BGS,1.36897355,0.258502,0.4500
TG00003095,T00013,BGS,1.39744520,0.229778,0.4500
TG00003096,T00013,BGS,1.02167411,0.285305,0.4500
TG00003097,T00013,BGS,1.20042821,0.346379,0.4500
TG00003098,T00013,BGS,1.12524845,0.377107,0.4500
TG00003099,T00013,BGS,0.89259416,0.287143,0.4500
TG00003100,T00013,BGS,1.22811858,0.111408,0.4500
TG00003101,T00013,BGS,1.11924277,0.200984,0.4500
TG00003102,T00013,BGS,1.03754677,0.467556,0.4500
TG00003103,T00013,BGS,1.35268211,0.298548,0.4500
TG00003104,T00013,BGS,1.07826271,0.202602,0.4500
TG00003105,T00013,BGS,1.03654118,0.065485,0.4500
TG00003106,T00013,BGS,1.50990392,0.296764,0.4500
TG00003107,T00013,BGS,2.56323189,0.112340,0.4500
TG00003108,T00013,BGS,1.28589409,0.170722,0.4500
TG00003109,T00013,BGS,0.94925187,0.407900,0.4500
TG00003110,T00013,BGS,1.66146452,0.118358,0.4500
TG00003111,T00013,BGS,1.30057334,0.237524,0.4500
TG00003112,T00013,BGS,1.20779110,0.110017,0.4500
TG00003113,T00013,BGS,1.02821385,0.294874,0.4500
TG00003114,T00013,BGS,1.68808102,0.186605,0.4500
TG00003115,T00013,BGS,1.19620851,0.243106,0.4500
TG00003116,T00013,BGS,1.34638039,0.266573,0.4500
TG00003117,T00013,BGS,1.09777593,0.299295,0.4500
TG00003118,T00013,BGS,1.66112969,0.264888,0.4500
TG00003119,T00013,BGS,0.75131821,0.387777,0.4500
TG00003120,T00013,BGS,1.17309152,0.264064,0.4500
TG00003121,T00013,BGS,1.28180215,0.202992,0.4500
TG00003122,T00013,BGS,0.96282364,0.132584,0.4500
TG00003123,T00013,BGS,1.85514789,0.144798,0.4500
TG00003124,T00013,BGS,1.09416871,0.156990,0.4500
TG00003125,T00013,BGS,1.65815365,0.381514,0.4500
TG00003126,T00013,BGS,2.21778787,0.154609,0.4500
TG00003127,T00013,BGS,1.11963649,0.215390,0.4500
TG00003128,T00013,BGS,1.23930276,0.240677,0.4500
TG00003129,T00013,BGS,0.87656973,0.316301,0.4500
TG00003130,T00013,BGS,1.60112940,0.439999,0.4500
TG00003131,T00013,BGS,0.96771602,0.205839,0.4500
TG00003132,T00013,BGS,1.89877662,0.179474,0.4500
TG00003133,T00013,BGS,0.94467067,0.236237,0.4500
TG00003134,T00013,BGS,2.20953878,0.332903,0.4500
TG00003135,T00013,BGS,0.70020523,0.266607,0.4500
TG00003136,T00013,BGS,1.80087854,0.167520,0.4500
TG00003137,T00013,BGS,3.87721766,0.384537,0.4500
TG00003138,T00013,BGS,1.84773533,0.281595,0.4500
TG00003139,T00013,BGS,1.57039985,0.130315,0.4500
TG00003140,T00013,BGS,2.09442437,0.143379,0.4500
TG00003141,T00013,BGS,1.33622155,0.172042,0.4500
TG00003142,T00013,BGS,0.62540617,0.343327,0.4500
TG00003143,T00013,BGS,1.55774316,0.219577,0.4500
TG00003144,T00013,BGS,1.24673971,0.278520,0.4500
TG00003145,T00013,BGS,1.05721578,0.202347,0.4500
TG00003146,T00014,LRG,0.43316466,0.917466,1.0000
TG00003147,T00014,LRG,0.22829623,0.580292,1.0000
TG00003148,T00014,LRG,0.40613743,0.599709,1.0000
TG00003149,T00014,LRG,0.61751266,0.654724,1.0000
TG00003150,T00014,LRG,0.34280656,0.542806,1.0000
TG00003151,T00014,LRG,0.44523911,0.590612,1.0000
TG00003152,T00014,LRG,0.27972677,0.599981,1.0000
TG00003153,T00014,LRG,0.59847340,0.724837,1.0000
TG00003154,T00014,LRG,0.62932339,0.991945,1.0000
TG00003155,T00014,LRG,0.35565719,0.884423,1.0000
TG00003156,T00014,LRG,0.37350942,0.770159,1.0000
TG00003157,T00014,LRG,0.42574085,0.619120,1.0000
TG00003158,T00014,LRG,0.23783964,0.474946,1.0000
TG00003159,T00014,LRG,0.22150753,0.636780,1.0000
TG00003160,T00014,LRG,0.60214964,0.837000,1.0000
TG00003161,T00014,LRG,0.58169192,0.765328,1.0000
TG00003162,T00014,LRG,0.18944707,0.778372,1.0000
TG00003163,T00014,LRG,0.55710434,0.894353,1.0000
TG00003164,T00014,LRG,0.17267677,0.832255,1.0000
TG00003165,T00014,LRG,0.37927454,0.681072,1.0000
TG00003166,T00014,LRG,0.33442844,0.813352,1.0000
TG00003167,T00014,LRG,0.28043895,0.627317,1.0000
TG00003168,T00014,LRG,0.28475303,0.525642,1.0000
TG00003169,T00014,LRG,0.32491845,0.977182,1.0000
TG00003170,T00014,LRG,0.34461044,0.531352,1.0000
TG00003171,T00014,LRG,0.31871119,1.093531,1.0000
TG00003172,T00014,LRG,0.37043702,0.553265,1.0000
TG00003173,T00014,LRG,0.22165006,0.841941,1.0000
TG00003174,T00014,LRG,0.43312154,0.591955,1.0000
TG00003175,T00014,LRG,0.30125894,0.556841,1.0000
TG00003176,T00014,LRG,0.29627245,0.634631,1.0000
TG00003177,T00014,LRG,0.45125162,0.585400,1.0000
TG00003178,T00014,LRG,0.56286685,1.126981,1.0000
TG00003179,T00014,LRG,0.40549123,0.635408,1.0000
TG00003180,T00014,LRG,0.34786416,0.547042,1.0000
TG00003181,T00014,LRG,0.54590352,0.957715,1.0000
TG00003182,T00014,LRG,0.45485690,0.759614,1.0000
TG00003183,T00014,LRG,0.30920058,0.803285,1.0000
TG00003184,T00014,LRG,0.59694292,0.341814,1.0000
TG00003185,T00014,LRG,0.78977668,0.845728,1.0000
TG00003186,T00014,LRG,0.22081854,0.769617,1.0000
TG00003187,T00014,LRG,0.37437236,0.811472,1.0000
TG00003188,T00014,LRG,0.46362175,0.941570,1.0000
TG00003189,T00014,LRG,0.22407637,0.298680,1.0000
TG00003190,T00014,LRG,0.23861880,0.581255,1.0000
TG00003191,T00014,LRG,0.27767708,1.238219,1.0000
TG00003192,T00014,LRG,0.47591734,1.004872,1.0000
TG00003193,T00014,LRG,0.27093694,0.876867,1.0000
TG00003194,T00014,LRG,0.25676947,0.901512,1.0000
TG00003195,T00014,LRG,0.36840124,0.620515,1.0000
TG00003196,T00014,LRG,0.36703343,0.536356,1.0000
TG00003197,T00014,LRG,0.24374043,0.472250,1.0000
TG00003198,T00014,LRG,0.30152391,0.498853,1.0000
TG00003199,T00014,LRG,0.46145703,0.528308,1.0000
TG00003200,T00014,LRG,0.63182748,0.873673,1.0000
TG00003201,T00014,LRG,0.31192540,0.658776,1.0000
TG00003202,T00014,LRG,0.24747377,0.736429,1.0000
TG00003203,T00014,LRG,0.23833519,0.672911,1.0000
TG00003204,T00014,ELG,0.74108145,0.962425,1.0000
TG00003205,T00014,ELG,0.44382897,1.069541,1.0000
TG00003206,T00014,ELG,0.73147460,1.359294,1.0000
TG00003207,T00014,ELG,0.65887554,1.019702,1.0000
TG00003208,T00014,ELG,0.98816123,1.188418,1.0000
TG00003209,T00014,ELG,0.65176420,1.392665,1.0000
TG00003210,T00014,ELG,0.51643495,0.913045,1.0000
TG00003211,T00014,ELG,0.33009832,1.410722,1.0000
TG00003212,T00014,ELG,0.43954629,1.314934,1.0000
TG00003213,T00014,ELG,0.42837562,1.072331,1.0000
TG00003214,T00014,ELG,0.66146829,0.941564,1.0000
TG00003215,T00014,ELG,1.11172544,0.835476,1.0000
TG00003216,T00014,ELG,0.91693812,1.296230,1.0000
TG00003217,T00014,ELG,0.30674271,1.403175,1.0000
TG00003218,T00014,ELG,0.30936652,1.799669,1.0000
TG00003219,T00014,ELG,0.23976041,1.406329,1.0000
TG00003220,T00014,ELG,0.71671083,1.308200,1.0000
TG00003221,T00014,ELG,0.64989236,0.523661,1.0000
TG00003222,T00014,ELG,0.75480143,1.200350,1.0000
TG00003223,T00014,ELG,1.70601422,0.745494,1.0000
TG00003224,T00014,ELG,0.23712769,0.989739,1.0000
TG00003225,T00014,ELG,0.77599575,0.846864,1.0000
TG00003226,T00014,ELG,0.56643901,1.326441,1.0000
TG00003227,T00014,ELG,0.31584506,1.165174,1.0000
TG00003228,T00014,ELG,0.34762513,1.117908,1.0000
TG00003229,T00014,ELG,0.49531580,1.665549,1.0000
TG00003230,T00014,ELG,0.76846531,1.526471,1.0000
TG00003231,T00014,ELG,0.48651189,1.171752,1.0000
TG00003232,T00014,ELG,0.64575019,1.524529,1.0000
TG00003233,T00014,ELG,1.10221987,1.374933,1.0000
TG00003234,T00014,ELG,0.13169802,1.166539,1.0000
TG00003235,T00014,ELG,0.53197610,1.399463,1.0000
TG00003236,T00014,ELG,0.82035878,0.740440,1.0000
TG00003237,T00014,ELG,0.89722197,0.448417,1.0000
TG00003238,T00014,ELG,0.65932958,1.408518,1.0000
TG00003239,T00014,ELG,0.72844201,1.064297,1.0000
TG00003240,T00014,ELG,0.65407675,0.934894,1.0000
TG00003241,T00014,ELG,0.78197065,1.220889,1.0000
TG00003242,T00014,ELG,0.57970262,0.894573,1.0000
TG00003243,T00014,ELG,0.60760262,1.305828,1.0000
TG00003244,T00014,ELG,0.36640524,1.305117,1.0000
TG00003245,T00014,ELG,0.78438341,0.926364,1.0000
TG00003246,T00014,ELG,1.00825876,1.293670,1.0000
TG00003247,T00014,ELG,0.47190035,1.088894,1.0000
TG00003248,T00014,ELG,0.27114616,1.079059,1.0000
TG00003249,T00014,ELG,0.50158438,1.191394,1.0000
TG00003250,T00014,ELG,0.41779190,1.010501,1.0000
TG00003251,T00014,ELG,1.16325366,0.882942,1.0000
TG00003252,T00014,ELG,0.69096698,1.049008,1.0000
TG00003253,T00014,ELG,0.45912654,0.838680,1.0000
TG00003254,T00014,ELG,0.51341339,1.234134,1.0000
TG00003255,T00014,ELG,0.58805459,1.362146,1.0000
TG00003256,T00014,ELG,0.42275100,0.682654,1.0000
TG00003257,T00014,ELG,0.37262735,1.363282,1.0000
TG00003258,T00014,ELG,0.27856879,1.114827,1.0000
TG00003259,T00014,ELG,0.42775012,1.439769,1.0000
TG00003260,T00014,ELG,0.58571788,1.247104,1.0000
TG00003261,T00014,ELG,0.52107888,1.357580,1.0000
TG00003262,T00014,ELG,0.44011855,0.914144,1.0000
TG00003263,T00014,ELG,0.56618200,0.634520,1.0000
TG00003264,T00014,ELG,0.46248788,1.605662,1.0000
TG00003265,T00014,ELG,0.51974584,0.766734,1.0000
TG00003266,T00014,ELG,0.67395113,1.231827,1.0000
TG00003267,T00014,ELG,0.29720663,1.546655,1.0000
TG00003268,T00014,ELG,0.59577326,0.977906,1.0000
TG00003269,T00014,ELG,0.25284239,0.551456,1.0000
TG00003270,T00014,ELG,0.73664962,0.614882,1.0000
TG00003271,T00014,ELG,1.03611425,0.973669,1.0000
TG00003272,T00014,ELG,0.28871539,1.237890,1.0000
TG00003273,T00014,ELG,0.72749100,0.619408,1.0000
TG00003274,T00014,ELG,0.44699833,1.244354,1.0000
TG00003275,T00014,ELG,0.38846567,0.685657,1.0000
TG00003276,T00014,ELG,0.68047808,0.987561,1.0000
TG00003277,T00014,ELG,1.12595506,1.114767,1.0000
TG00003278,T00014,ELG,0.31520160,1.199094,1.0000
TG00003279,T00014,ELG,0.41981348,1.049497,1.0000
TG00003280,T00014,ELG,0.65042608,0.902233,1.0000
TG00003281,T00014,ELG,0.52380949,1.807977,1.0000
TG00003282,T00014,ELG,0.57554418,1.180062,1.0000
TG00003283,T00014,ELG,0.59236048,1.522207,1.0000
TG00003284,T00014,ELG,0.69560848,1.288150,1.0000
TG00003285,T00014,ELG,0.41319276,1.082362,1.0000
TG00003286,T00014,ELG,0.39832023,1.142770,1.0000
TG00003287,T00014,ELG,0.52179481,1.138729,1.0000
TG00003288,T00014,ELG,0.63705186,0.988688,1.0000
TG00003289,T00014,ELG,0.39229725,1.468196,1.0000
TG00003290,T00014,ELG,0.26878021,1.370121,1.0000
TG00003291,T00014,ELG,0.88178569,1.081806,1.0000
TG00003292,T00014,ELG,0.71860463,1.229763,1.0000
TG00003293,T00014,ELG,0.63133316,0.789617,1.0000
TG00003294,T00014,ELG,0.50295370,1.467479,1.0000
TG00003295,T00014,ELG,1.12621673,0.816148,1.0000
TG00003296,T00014,ELG,0.39203764,1.539297,1.0000
TG00003297,T00014,ELG,0.42759313,1.288814,1.0000
TG00003298,T00014,ELG,0.43511720,1.305042,1.0000
TG00003299,T00014,ELG,0.53213494,1.498186,1.0000
TG00003300,T00014,ELG,0.54745599,1.212762,1.0000
TG00003301,T00014,ELG,0.55585074,0.935267,1.0000
TG00003302,T00014,ELG,1.23696972,0.991472,1.0000
TG00003303,T00014,ELG,0.69491988,1.202831,1.0000
TG00003304,T00014,ELG,0.69151763,0.902665,1.0000
TG00003305,T00014,ELG,1.10817342,1.242900,1.0000
TG00003306,T00014,ELG,0.71476768,1.307919,1.0000
TG00003307,T00014,ELG,0.34369352,1.615321,1.0000
TG00003308,T00014,ELG,0.65573459,1.163077,1.0000
TG00003309,T00014,ELG,0.32803463,0.751140,1.0000
TG00003310,T00014,ELG,1.09695232,0.819267,1.0000
TG00003311,T00014,ELG,0.71657823,0.928774,1.0000
TG00003312,T00014,ELG,0.42467876,1.203222,1.0000
TG00003313,T00014,ELG,0.61511448,0.511888,1.0000
TG00003314,T00014,ELG,0.58258184,0.632893,1.0000
TG00003315,T00014,ELG,0.77670665,1.015904,1.0000
TG00003316,T00014,ELG,1.04812586,0.866957,1.0000
TG00003317,T00014,ELG,1.26070551,1.076790,1.0000
TG00003318,T00014,ELG,0.30457581,1.297380,1.0000
TG00003319,T00014,ELG,0.51042078,1.090815,1.0000
TG00003320,T00014,ELG,0.43739658,1.222689,1.0000
TG00003321,T00014,ELG,0.69412945,1.331077,1.0000
TG00003322,T00014,ELG,0.63684580,0.935386,1.0000
TG00003323,T00014,ELG,0.61996504,1.239233,1.0000
TG00003324,T00014,ELG,0.83026161,1.384502,1.0000
TG00003325,T00014,ELG,0.61033701,0.413335,1.0000
TG00003326,T00014,ELG,0.80745801,0.905544,1.0000
TG00003327,T00014,ELG,0.35004111,1.328501,1.0000
TG00003328,T00014,ELG,0.65736700,0.538205,1.0000
TG00003329,T00014,ELG,0.43869610,1.163783,1.0000
TG00003330,T00014,ELG,0.40042464,0.613342,1.0000
TG00003331,T00014,ELG,0.41910226,0.892194,1.0000
TG00003332,T00014,ELG,0.62938270,0.745306,1.0000
TG00003333,T00014,ELG,1.56004952,1.158347,1.0000
TG00003334,T00014,ELG,0.33528807,1.124917,1.0000
TG00003335,T00014,ELG,0.82221732,1.175995,1.0000
TG00003336,T00014,ELG,0.54981385,1.375311,1.0000
TG00003337,T00014,ELG,0.74303614,1.298879,1.0000
TG00003338,T00014,ELG,0.57712533,1.135190,1.0000
TG00003339,T00014,ELG,0.73395977,1.209216,1.0000
TG00003340,T00014,ELG,0.68593642,0.947349,1.0000
TG00003341,T00014,ELG,0.48479873,0.856770,1.0000
TG00003342,T00014,ELG,0.80587741,1.516804,1.0000
TG00003343,T00014,ELG,0.60165060,1.179975,1.0000
TG00003344,T00014,ELG,0.36582081,0.714869,1.0000
TG00003345,T00014,ELG,0.49436314,1.209660,1.0000
TG00003346,T00014,ELG,0.66415213,1.078491,1.0000
TG00003347,T00014,ELG,0.34498314,1.084318,1.0000
TG00003348,T00014,ELG,0.39530656,1.542776,1.0000
TG00003349,T00014,ELG,0.44811502,0.706291,1.0000
TG00003350,T00014,ELG,0.37202741,0.883348,1.0000
TG00003351,T00014,QSO,0.18080121,1.459010,1.7000
TG00003352,T00014,QSO,0.23681447,1.483035,1.7000
TG00003353,T00014,QSO,0.21772026,1.504662,1.7000
TG00003354,T00014,QSO,0.27927955,2.306215,1.7000
TG00003355,T00014,QSO,0.16178505,2.401895,1.7000
TG00003356,T00014,QSO,0.08161489,1.886099,1.7000
TG00003357,T00014,QSO,0.31504697,0.649509,1.7000
TG00003358,T00014,QSO,0.08551643,2.330642,1.7000
TG00003359,T00014,QSO,0.17972889,1.778219,1.7000
TG00003360,T00014,QSO,0.20063267,2.550644,1.7000
TG00003361,T00014,QSO,0.17391516,1.928076,1.7000
TG00003362,T00014,QSO,0.14313263,2.540315,1.7000
TG00003363,T00014,QSO,0.05099578,1.202724,1.7000
TG00003364,T00014,QSO,0.23787928,2.428122,1.7000
TG00003365,T00014,QSO,0.26215269,1.597671,1.7000
TG00003366,T00014,QSO,0.19098776,2.038557,1.7000
TG00003367,T00014,QSO,0.20718314,1.699510,1.7000
TG00003368,T00014,QSO,0.42401687,1.092139,1.7000
TG00003369,T00014,BGS,1.21307934,0.212773,0.4500
TG00003370,T00014,BGS,1.35892148,0.127197,0.4500
TG00003371,T00014,BGS,2.06401693,0.000000,0.4500
TG00003372,T00014,BGS,0.74789939,0.292407,0.4500
TG00003373,T00014,BGS,2.25178630,0.291620,0.4500
TG00003374,T00014,BGS,1.04298753,0.007576,0.4500
TG00003375,T00014,BGS,1.82901487,0.106448,0.4500
TG00003376,T00014,BGS,0.85295183,0.155599,0.4500
TG00003377,T00014,BGS,2.11900074,0.249803,0.4500
TG00003378,T00014,BGS,1.80356832,0.155928,0.4500
TG00003379,T00014,BGS,1.57198475,0.151227,0.4500
TG00003380,T00014,BGS,1.06317708,0.220961,0.4500
TG00003381,T00014,BGS,1.46324639,0.158851,0.4500
TG00003382,T00014,BGS,1.18582409,0.114572,0.4500
TG00003383,T00014,BGS,0.93597383,0.287612,0.4500
TG00003384,T00014,BGS,1.49661002,0.209159,0.4500
TG00003385,T00014,BGS,0.71333931,0.374391,0.4500
TG00003386,T00014,BGS,1.37260839,0.168621,0.4500
TG00003387,T00014,BGS,0.72541374,0.243355,0.4500
TG00003388,T00014,BGS,0.87525815,0.251587,0.4500
TG00003389,T00014,BGS,1.30173626,0.061225,0.4500
TG00003390,T00014,BGS,1.53300056,0.168763,0.4500
TG00003391,T00014,BGS,1.40858509,0.045168,0.4500
TG00003392,T00014,BGS,1.75067374,0.314061,0.4500
TG00003393,T00014,BGS,1.26270908,0.076589,0.4500
TG00003394,T00014,BGS,0.92571688,0.231308,0.4500
TG00003395,T00014,BGS,1.87279643,0.157319,0.4500
TG00003396,T00014,BGS,1.33826066,0.322621,0.4500
TG00003397,T00014,BGS,1.55190728,0.386747,0.4500
TG00003398,T00014,BGS,1.74207310,0.243066,0.4500
TG00003399,T00014,BGS,1.57116338,0.125251,0.4500
TG00003400,T00014,BGS,0.89535460,0.243867,0.4500
TG00003401,T00014,BGS,1.23804610,0.279642,0.4500
TG00003402,T00014,BGS,0.95674249,0.242019,0.4500
TG00003403,T00014,BGS,1.91709896,0.219297,0.4500
TG00003404,T00014,BGS,1.32352011,0.264630,0.4500
TG00003405,T00014,BGS,1.30652397,0.250001,0.4500
TG00003406,T00014,BGS,1.55501089,0.028552,0.4500
TG00003407,T00014,BGS,1.43129699,0.191437,0.4500
TG00003408,T00014,BGS,0.75130775,0.271267,0.4500
TG00003409,T00014,BGS,1.38590932,0.361716,0.4500
TG00003410,T00014,BGS,1.03055402,0.032502,0.4500
TG00003411,T00014,BGS,1.98701684,0.128177,0.4500
TG00003412,T00014,BGS,0.88025284,0.114036,0.4500
TG00003413,T00014,BGS,0.94298067,0.111080,0.4500
TG00003414,T00014,BGS,1.94777598,0.199892,0.4500
TG00003415,T00014,BGS,0.84261206,0.246022,0.4500
TG00003416,T00014,BGS,1.30101727,0.278765,0.4500
TG00003417,T00014,BGS,0.96016489,0.209542,0.4500
TG00003418,T00014,BGS,1.55338543,0.045810,0.4500
TG00003419,T00014,BGS,1.78980366,0.207113,0.4500
TG00003420,T00014,BGS,1.48078519,0.299140,0.4500
TG00003421,T00014,BGS,1.01021600,0.000000,0.4500
TG00003422,T00014,BGS,1.14797142,0.331887,0.4500
TG00003423,T00014,BGS,1.22631421,0.282198,0.4500
TG00003424,T00014,BGS,1.53459519,0.000000,0.4500
TG00003425,T00014,BGS,1.42212922,0.299004,0.4500
TG00003426,T00014,BGS,1.42655484,0.464571,0.4500
TG00003427,T00014,BGS,1.12231972,0.267115,0.4500
TG00003428,T00014,BGS,1.22910644,0.215635,0.4500
TG00003429,T00014,BGS,0.81888329,0.230822,0.4500
TG00003430,T00015,LRG,0.71414368,1.018851,1.0000
TG00003431,T00015,LRG,0.24030393,0.467877,1.0000
TG00003432,T00015,LRG,0.19584575,0.589731,1.0000
TG00003433,T00015,LRG,0.39958611,0.580174,1.0000
TG00003434,T00015,LRG,0.38647477,0.851889,1.0000
TG00003435,T00015,LRG,0.32916174,0.572956,1.0000
TG00003436,T00015,LRG,0.45229004,0.714191,1.0000
TG00003437,T00015,LRG,0.20325878,0.727979,1.0000
TG00003438,T00015,LRG,0.26454565,0.948107,1.0000
TG00003439,T00015,LRG,0.18212816,0.846153,1.0000
TG00003440,T00015,LRG,0.73978356,0.724990,1.0000
TG00003441,T00015,LRG,0.34801171,0.672469,1.0000
TG00003442,T00015,LRG,0.24889118,0.772706,1.0000
TG00003443,T00015,LRG,0.18201168,0.681313,1.0000
TG00003444,T00015,LRG,0.29810740,0.840213,1.0000
TG00003445,T00015,LRG,0.31048345,0.642173,1.0000
TG00003446,T00015,LRG,0.56685473,0.677984,1.0000
TG00003447,T00015,LRG,0.27144468,0.540627,1.0000
TG00003448,T00015,LRG,0.48939503,0.482966,1.0000
TG00003449,T00015,LRG,0.82752858,0.616804,1.0000
TG00003450,T00015,LRG,0.19391622,0.814768,1.0000
TG00003451,T00015,LRG,0.42732836,0.590772,1.0000
TG00003452,T00015,LRG,0.37585391,0.612296,1.0000
TG00003453,T00015,LRG,0.30556566,0.766100,1.0000
TG00003454,T00015,LRG,0.23869099,0.839998,1.0000
TG00003455,T00015,LRG,0.22809192,0.780571,1.0000
TG00003456,T00015,LRG,0.55477317,0.759175,1.0000
TG00003457,T00015,LRG,0.36800267,0.957373,1.0000
TG00003458,T00015,LRG,0.39223378,0.657732,1.0000
TG00003459,T00015,LRG,0.37873299,0.964417,1.0000
TG00003460,T00015,LRG,0.53814391,0.445326,1.0000
TG00003461,T00015,LRG,0.36383059,0.639099,1.0000
TG00003462,T00015,LRG,0.38757425,0.677022,1.0000
TG00003463,T00015,LRG,0.16096443,0.423406,1.0000
TG00003464,T00015,LRG,0.33294149,0.709876,1.0000
TG00003465,T00015,LRG,0.48548234,0.580671,1.0000
TG00003466,T00015,LRG,0.16542321,1.172565,1.0000
TG00003467,T00015,LRG,0.33405466,0.585784,1.0000
TG00003468,T00015,LRG,0.16684398,0.424394,1.0000
TG00003469,T00015,LRG,0.37102888,0.569001,1.0000
TG00003470,T00015,LRG,0.33478475,0.651099,1.0000
TG00003471,T00015,LRG,0.36732531,0.536073,1.0000
TG00003472,T00015,LRG,0.41601982,0.480202,1.0000
TG00003473,T00015,LRG,0.34658886,0.813132,1.0000
TG00003474,T00015,LRG,0.54444214,0.588509,1.0000
TG00003475,T00015,LRG,0.28374877,0.565055,1.0000
TG00003476,T00015,LRG,0.23772884,0.857850,1.0000
TG00003477,T00015,LRG,0.34280305,0.500347,1.0000
TG00003478,T00015,LRG,0.26701967,0.682003,1.0000
TG00003479,T00015,LRG,0.53180145,0.885690,1.0000
TG00003480,T00015,LRG,0.30998190,0.753546,1.0000
TG00003481,T00015,LRG,0.28504283,0.806026,1.0000
TG00003482,T00015,LRG,0.44661232,0.784798,1.0000
TG00003483,T00015,LRG,0.45449155,0.816857,1.0000
TG00003484,T00015,LRG,0.31755503,0.767105,1.0000
TG00003485,T00015,LRG,0.41955282,0.797361,1.0000
TG00003486,T00015,ELG,0.95245726,1.208181,1.0000
TG00003487,T00015,ELG,0.38757911,1.281340,1.0000
TG00003488,T00015,ELG,0.42408244,1.513051,1.0000
TG00003489,T00015,ELG,1.36482974,0.873182,1.0000
TG00003490,T00015,ELG,0.40905021,1.047569,1.0000
TG00003491,T00015,ELG,0.53391785,1.321706,1.0000
TG00003492,T00015,ELG,0.84807067,0.954080,1.0000
TG00003493,T00015,ELG,0.98316330,1.298534,1.0000
TG00003494,T00015,ELG,0.93439724,1.162426,1.0000
TG00003495,T00015,ELG,0.59376995,1.383688,1.0000
TG00003496,T00015,ELG,0.71033797,1.492617,1.0000
TG00003497,T00015,ELG,0.37834584,1.377602,1.0000
TG00003498,T00015,ELG,0.63582391,0.055091,1.0000
TG00003499,T00015,ELG,0.32186087,1.327340,1.0000
TG00003500,T00015,ELG,0.61191677,1.543277,1.0000
TG00003501,T00015,ELG,0.64322233,1.012137,1.0000
TG00003502,T00015,ELG,0.40958544,0.905409,1.0000
TG00003503,T00015,ELG,1.20498830,1.450647,1.0000
TG00003504,T00015,ELG,0.48356913,1.310854,1.0000
TG00003505,T00015,ELG,0.60311866,1.455572,1.0000
TG00003506,T00015,ELG,0.30591705,1.008224,1.0000
TG00003507,T00015,ELG,0.50480589,1.193178,1.0000
TG00003508,T00015,ELG,0.69087035,0.982878,1.0000
TG00003509,T00015,ELG,0.61363599,0.808375,1.0000
TG00003510,T00015,ELG,0.24150637,1.305832,1.0000
TG00003511,T00015,ELG,0.33023539,1.284330,1.0000
TG00003512,T00015,ELG,0.46441105,1.352057,1.0000
TG00003513,T00015,ELG,0.22306730,0.884043,1.0000
TG00003514,T00015,ELG,0.53969638,0.792919,1.0000
TG00003515,T00015,ELG,0.62086058,1.163186,1.0000
TG00003516,T00015,ELG,0.90233410,1.053454,1.0000
TG00003517,T00015,ELG,0.75226359,0.742979,1.0000
TG00003518,T00015,ELG,0.38921282,0.723923,1.0000
TG00003519,T00015,ELG,0.37259215,0.908428,1.0000
TG00003520,T00015,ELG,0.94536327,0.652726,1.0000
TG00003521,T00015,ELG,0.60916609,1.948745,1.0000
TG00003522,T00015,ELG,0.30307338,1.433579,1.0000
TG00003523,T00015,ELG,0.92111105,1.306634,1.0000
TG00003524,T00015,ELG,0.69936968,1.467062,1.0000
TG00003525,T00015,ELG,0.71540849,0.849188,1.0000
TG00003526,T00015,ELG,0.50630134,1.211291,1.0000
TG00003527,T00015,ELG,0.63096975,1.166231,1.0000
TG00003528,T00015,ELG,1.33026485,0.375753,1.0000
TG00003529,T00015,ELG,0.40064949,1.424849,1.0000
TG00003530,T00015,ELG,0.35999992,0.844941,1.0000
TG00003531,T00015,ELG,0.33025132,0.929578,1.0000
TG00003532,T00015,ELG,0.44184614,0.854204,1.0000
TG00003533,T00015,ELG,0.62778258,1.227342,1.0000
TG00003534,T00015,ELG,0.60994004,0.948644,1.0000
TG00003535,T00015,ELG,0.68048671,1.059961,1.0000
TG00003536,T00015,ELG,0.76117859,1.145066,1.0000
TG00003537,T00015,ELG,0.66114582,1.579055,1.0000
TG00003538,T00015,ELG,0.34700722,1.181488,1.0000
TG00003539,T00015,ELG,0.46899128,0.771220,1.0000
TG00003540,T00015,ELG,0.61763661,1.158834,1.0000
TG00003541,T00015,ELG,1.36591193,1.278060,1.0000
TG00003542,T00015,ELG,0.66251602,1.613674,1.0000
TG00003543,T00015,ELG,0.40248656,0.808995,1.0000
TG00003544,T00015,ELG,0.81148340,1.488249,1.0000
TG00003545,T00015,ELG,0.36380069,1.180247,1.0000
TG00003546,T00015,ELG,0.81560449,1.011477,1.0000
TG00003547,T00015,ELG,0.60730657,1.152119,1.0000
TG00003548,T00015,ELG,0.36358753,1.194487,1.0000
TG00003549,T00015,ELG,0.66785733,0.638925,1.0000
TG00003550,T00015,ELG,0.63318369,0.915711,1.0000
TG00003551,T00015,ELG,0.55666378,0.515405,1.0000
TG00003552,T00015,ELG,0.30663180,0.858334,1.0000
TG00003553,T00015,ELG,0.50006294,1.000375,1.0000
TG00003554,T00015,ELG,0.38004232,1.207821,1.0000
TG00003555,T00015,ELG,0.64173271,1.275345,1.0000
TG00003556,T00015,ELG,0.57885662,1.069161,1.0000
TG00003557,T00015,ELG,0.47399500,1.201137,1.0000
TG00003558,T00015,ELG,1.28157126,0.913233,1.0000
TG00003559,T00015,ELG,0.37886262,1.117828,1.0000
TG00003560,T00015,ELG,0.56184395,1.354830,1.0000
TG00003561,T00015,ELG,0.45568906,1.016515,1.0000
TG00003562,T00015,ELG,0.42869797,1.623262,1.0000
TG00003563,T00015,ELG,0.60683753,1.183999,1.0000
TG00003564,T00015,ELG,0.47647420,1.379870,1.0000
TG00003565,T00015,ELG,0.81449104,1.139824,1.0000
TG00003566,T00015,ELG,0.43725919,0.668551,1.0000
TG00003567,T00015,ELG,0.70443581,1.414649,1.0000
TG00003568,T00015,ELG,0.34393099,0.817113,1.0000
TG00003569,T00015,ELG,0.35070549,1.703852,1.0000
TG00003570,T00015,ELG,0.68692346,0.977796,1.0000
TG00003571,T00015,ELG,0.95829587,1.397332,1.0000
TG00003572,T00015,ELG,0.22250564,1.389670,1.0000
TG00003573,T00015,ELG,0.40197159,1.137453,1.0000
TG00003574,T00015,ELG,0.63538540,0.664804,1.0000
TG00003575,T00015,ELG,0.33222667,1.171169,1.0000
TG00003576,T00015,ELG,0.54188196,1.306444,1.0000
TG00003577,T00015,ELG,0.56994760,0.899478,1.0000
TG00003578,T00015,ELG,1.05342531,0.952751,1.0000
TG00003579,T00015,ELG,0.40336073,1.085048,1.0000
TG00003580,T00015,ELG,0.42952239,0.873711,1.0000
TG00003581,T00015,ELG,0.62224019,0.483609,1.0000
TG00003582,T00015,ELG,0.24689926,0.804960,1.0000
TG00003583,T00015,ELG,0.30038330,0.953855,1.0000
TG00003584,T00015,ELG,0.27531874,0.979653,1.0000
TG00003585,T00015,ELG,0.77741606,0.821541,1.0000
TG00003586,T00015,ELG,0.72233805,1.582305,1.0000
TG00003587,T00015,ELG,0.52108154,1.468386,1.0000
TG00003588,T00015,ELG,0.63207664,0.622792,1.0000
TG00003589,T00015,ELG,0.70407605,1.025562,1.0000
TG00003590,T00015,ELG,0.41284063,1.316954,1.0000
TG00003591,T00015,ELG,1.41875951,0.865619,1.0000
TG00003592,T00015,ELG,0.38840644,1.179568,1.0000
TG00003593,T00015,ELG,0.86163159,1.402583,1.0000
TG00003594,T00015,ELG,0.26765775,1.150979,1.0000
TG00003595,T00015,ELG,0.98823868,0.867520,1.0000
TG00003596,T00015,ELG,0.60308046,1.324377,1.0000
TG00003597,T00015,ELG,0.48584551,1.109715,1.0000
TG00003598,T00015,ELG,0.81335830,1.346295,1.0000
TG00003599,T00015,ELG,0.34496122,0.989949,1.0000
TG00003600,T00015,ELG,0.76782395,1.684796,1.0000
TG00003601,T00015,ELG,1.11344369,1.193026,1.0000
TG00003602,T00015,ELG,0.85797788,1.200841,1.0000
TG00003603,T00015,QSO,0.16663940,0.820735,1.7000
TG00003604,T00015,QSO,0.19899875,2.443414,1.7000
TG00003605,T00015,QSO,0.19423720,2.097470,1.7000
TG00003606,T00015,QSO,0.05954977,1.998282,1.7000
TG00003607,T00015,QSO,0.29936303,2.872217,1.7000
TG00003608,T00015,QSO,0.12277458,1.324615,1.7000
TG00003609,T00015,QSO,0.21713038,3.362224,1.7000
TG00003610,T00015,QSO,0.19413919,2.925732,1.7000
TG00003611,T00015,QSO,0.12663366,2.649427,1.7000
TG00003612,T00015,QSO,0.33411432,1.877493,1.7000
TG00003613,T00015,QSO,0.19754169,2.617792,1.7000
TG00003614,T00015,QSO,0.10677005,0.934542,1.7000
TG00003615,T00015,QSO,0.10598056,2.187046,1.7000
TG00003616,T00015,QSO,0.11161301,2.108847,1.7000
TG00003617,T00015,QSO,0.47885049,1.999910,1.7000
TG00003618,T00015,QSO,0.13407134,1.287570,1.7000
TG00003619,T00015,QSO,0.29531573,0.931000,1.7000
TG00003620,T00015,BGS,1.38389725,0.144547,0.4500
TG00003621,T00015,BGS,1.48255074,0.160868,0.4500
TG00003622,T00015,BGS,0.82979232,0.372961,0.4500
TG00003623,T00015,BGS,1.19345465,0.187347,0.4500
TG00003624,T00015,BGS,1.28877316,0.218399,0.4500
TG00003625,T00015,BGS,1.35405232,0.394242,0.4500
TG00003626,T00015,BGS,0.61675973,0.149091,0.4500
TG00003627,T00015,BGS,0.80950367,0.085809,0.4500
TG00003628,T00015,BGS,0.97245232,0.195809,0.4500
TG00003629,T00015,BGS,0.82229656,0.106607,0.4500
TG00003630,T00015,BGS,0.98595358,0.065176,0.4500
TG00003631,T00015,BGS,1.24787732,0.314554,0.4500
TG00003632,T00015,BGS,1.07363498,0.268312,0.4500
TG00003633,T00015,BGS,0.93950108,0.212817,0.4500
TG00003634,T00015,BGS,1.19673296,0.185394,0.4500
TG00003635,T00015,BGS,1.33011700,0.117909,0.4500
TG00003636,T00015,BGS,1.34120033,0.067903,0.4500
TG00003637,T00015,BGS,1.98833217,0.280415,0.4500
TG00003638,T00015,BGS,1.24827498,0.167196,0.4500
TG00003639,T00015,BGS,1.54345036,0.113187,0.4500
TG00003640,T00015,BGS,1.28688217,0.419489,0.4500
TG00003641,T00015,BGS,2.52200554,0.286470,0.4500
TG00003642,T00015,BGS,1.06337957,0.316811,0.4500
TG00003643,T00015,BGS,1.11396371,0.188783,0.4500
TG00003644,T00015,BGS,1.02459373,0.118549,0.4500
TG00003645,T00015,BGS,2.34185500,0.169391,0.4500
TG00003646,T00015,BGS,1.69826724,0.119652,0.4500
TG00003647,T00015,BGS,1.12689878,0.294551,0.4500
TG00003648,T00015,BGS,1.11983702,0.338018,0.4500
TG00003649,T00015,BGS,1.16828697,0.137751,0.4500
TG00003650,T00015,BGS,2.12406320,0.253471,0.4500
TG00003651,T00015,BGS,1.36684771,0.347005,0.4500
TG00003652,T00015,BGS,1.47202196,0.056115,0.4500
TG00003653,T00015,BGS,1.23590375,0.079217,0.4500
TG00003654,T00015,BGS,1.74807956,0.326278,0.4500
TG00003655,T00015,BGS,1.25179565,0.193330,0.4500
TG00003656,T00015,BGS,1.75158064,0.182326,0.4500
TG00003657,T00015,BGS,1.21800938,0.206926,0.4500
TG00003658,T00015,BGS,1.06203338,0.185642,0.4500
TG00003659,T00015,BGS,1.32441212,0.297988,0.4500
TG00003660,T00015,BGS,1.08209286,0.160901,0.4500
TG00003661,T00015,BGS,2.34005492,0.317703,0.4500
TG00003662,T00015,BGS,1.22263101,0.236451,0.4500
TG00003663,T00015,BGS,1.03838606,0.128316,0.4500
TG00003664,T00015,BGS,1.61367666,0.197604,0.4500
TG00003665,T00015,BGS,0.68581873,0.211286,0.4500
TG00003666,T00016,LRG,0.69190245,0.511840,1.0000
TG00003667,T00016,LRG,0.24396913,0.709938,1.0000
TG00003668,T00016,LRG,0.19709802,0.702085,1.0000
TG00003669,T00016,LRG,0.53428145,0.706067,1.0000
TG00003670,T00016,LRG,0.14497615,0.783121,1.0000
TG00003671,T00016,LRG,0.29294318,0.794733,1.0000
TG00003672,T00016,LRG,0.58977094,0.633724,1.0000
TG00003673,T00016,LRG,0.63075159,0.535354,1.0000
TG00003674,T00016,LRG,0.48440110,0.546293,1.0000
TG00003675,T00016,LRG,0.38705927,0.502536,1.0000
TG00003676,T00016,LRG,0.31388504,0.623839,1.0000
TG00003677,T00016,LRG,0.72542756,0.452439,1.0000
TG00003678,T00016,LRG,0.21575539,0.656377,1.0000
TG00003679,T00016,LRG,0.29559809,0.749810,1.0000
TG00003680,T00016,LRG,0.49603236,0.840925,1.0000
TG00003681,T00016,LRG,0.76219110,0.572020,1.0000
TG00003682,T00016,LRG,0.51404286,0.591884,1.0000
TG00003683,T00016,LRG,0.60324566,0.555549,1.0000
TG00003684,T00016,LRG,0.23301789,0.823290,1.0000
TG00003685,T00016,LRG,0.38990731,0.641854,1.0000
TG00003686,T00016,LRG,0.42761642,0.413750,1.0000
TG00003687,T00016,LRG,0.52736835,0.855998,1.0000
TG00003688,T00016,LRG,0.31623858,0.991356,1.0000
TG00003689,T00016,LRG,0.32216596,0.644374,1.0000
TG00003690,T00016,LRG,0.27387944,1.001783,1.0000
TG00003691,T00016,LRG,0.18155044,0.543513,1.0000
TG00003692,T00016,LRG,0.32723597,0.912828,1.0000
TG00003693,T00016,LRG,0.32603184,1.008338,1.0000
TG00003694,T00016,LRG,0.36145086,0.341759,1.0000
TG00003695,T00016,LRG,0.14088124,0.742431,1.0000
TG00003696,T00016,LRG,0.53511522,0.836767,1.0000
TG00003697,T00016,LRG,0.33982762,0.314456,1.0000
TG00003698,T00016,LRG,0.24297807,0.805271,1.0000
TG00003699,T00016,LRG,0.43582416,0.802712,1.0000
TG00003700,T00016,LRG,0.39991194,1.076729,1.0000
TG00003701,T00016,LRG,0.52504861,0.481466,1.0000
TG00003702,T00016,LRG,0.33817472,0.688432,1.0000
TG00003703,T00016,LRG,0.23523146,0.828971,1.0000
TG00003704,T00016,LRG,0.34359477,0.687450,1.0000
TG00003705,T00016,LRG,0.44621265,0.518614,1.0000
TG00003706,T00016,LRG,0.30077360,0.390061,1.0000
TG00003707,T00016,LRG,0.37549329,0.538211,1.0000
TG00003708,T00016,LRG,0.26568855,0.571218,1.0000
TG00003709,T00016,LRG,0.48441786,0.649602,1.0000
TG00003710,T00016,LRG,0.26352021,0.653781,1.0000
TG00003711,T00016,LRG,0.19920439,1.039958,1.0000
TG00003712,T00016,LRG,0.50477456,0.987512,1.0000
TG00003713,T00016,ELG,0.77515719,0.827960,1.0000
TG00003714,T00016,ELG,0.36480499,1.216674,1.0000
TG00003715,T00016,ELG,0.38198932,0.581141,1.0000
TG00003716,T00016,ELG,0.50306423,1.051898,1.0000
TG00003717,T00016,ELG,0.41783676,0.745691,1.0000
TG00003718,T00016,ELG,0.30139555,1.035451,1.0000
TG00003719,T00016,ELG,0.42072990,1.635407,1.0000
TG00003720,T00016,ELG,0.92820080,1.014530,1.0000
TG00003721,T00016,ELG,0.83787856,1.002582,1.0000
TG00003722,T00016,ELG,1.29221124,1.299068,1.0000
TG00003723,T00016,ELG,0.82248355,1.003766,1.0000
TG00003724,T00016,ELG,0.59019532,0.742925,1.0000
TG00003725,T00016,ELG,0.27493988,0.797158,1.0000
TG00003726,T00016,ELG,0.70135143,1.415972,1.0000
TG00003727,T00016,ELG,0.47176925,1.145851,1.0000
TG00003728,T00016,ELG,0.21576099,0.692036,1.0000
TG00003729,T00016,ELG,0.36334194,0.719053,1.0000
TG00003730,T00016,ELG,0.36368585,0.892488,1.0000
TG00003731,T00016,ELG,1.01570677,1.267876,1.0000
TG00003732,T00016,ELG,0.42033532,0.717339,1.0000
TG00003733,T00016,ELG,0.45273839,0.497877,1.0000
TG00003734,T00016,ELG,0.56768231,0.979687,1.0000
TG00003735,T00016,ELG,0.62320538,1.264633,1.0000
TG00003736,T00016,ELG,0.66837206,1.267738,1.0000
TG00003737,T00016,ELG,0.48369327,1.032561,1.0000
TG00003738,T00016,ELG,0.34582625,0.891150,1.0000
TG00003739,T00016,ELG,0.57597920,1.596054,1.0000
TG00003740,T00016,ELG,1.01949913,1.210084,1.0000
TG00003741,T00016,ELG,0.70444638,1.142888,1.0000
TG00003742,T00016,ELG,0.52284684,0.901984,1.0000
TG00003743,T00016,ELG,0.47212878,1.657069,1.0000
TG00003744,T00016,ELG,0.84478290,0.880181,1.0000
TG00003745,T00016,ELG,0.63063139,1.849574,1.0000
TG00003746,T00016,ELG,0.82706160,1.250441,1.0000
TG00003747,T00016,ELG,0.44537976,1.120031,1.0000
TG00003748,T00016,ELG,0.55031539,0.852680,1.0000
TG00003749,T00016,ELG,0.65870928,1.297960,1.0000
TG00003750,T00016,ELG,0.49487746,1.685258,1.0000
TG00003751,T00016,ELG,0.43029936,1.467599,1.0000
TG00003752,T00016,ELG,0.41251220,1.489016,1.0000
TG00003753,T00016,ELG,1.44821696,1.004075,1.0000
TG00003754,T00016,ELG,0.46129997,1.411186,1.0000
TG00003755,T00016,ELG,1.05524661,1.120126,1.0000
TG00003756,T00016,ELG,0.39583379,0.938062,1.0000
TG00003757,T00016,ELG,0.40052317,0.591816,1.0000
TG00003758,T00016,ELG,0.49372055,0.738807,1.0000
TG00003759,T00016,ELG,0.23022648,1.461067,1.0000
TG00003760,T00016,ELG,0.55217565,1.272170,1.0000
TG00003761,T00016,ELG,0.69405673,0.648886,1.0000
TG00003762,T00016,ELG,0.61583009,1.628825,1.0000
TG00003763,T00016,ELG,0.29868545,1.117141,1.0000
TG00003764,T00016,ELG,0.60974075,1.144455,1.0000
TG00003765,T00016,ELG,0.57012216,0.852156,1.0000
TG00003766,T00016,ELG,0.26003806,0.857585,1.0000
TG00003767,T00016,ELG,0.42558756,0.849189,1.0000
TG00003768,T00016,ELG,0.54018507,1.189837,1.0000
TG00003769,T00016,ELG,0.57749732,0.707123,1.0000
TG00003770,T00016,ELG,0.42819017,1.338740,1.0000
TG00003771,T00016,ELG,0.51832457,1.264905,1.0000
TG00003772,T00016,ELG,0.32273964,0.754645,1.0000
TG00003773,T00016,ELG,0.45267240,1.725426,1.0000
TG00003774,T00016,ELG,0.62135107,1.153960,1.0000
TG00003775,T00016,ELG,0.64042699,1.034907,1.0000
TG00003776,T00016,ELG,0.22473720,1.123393,1.0000
TG00003777,T00016,ELG,0.58514049,1.314103,1.0000
TG00003778,T00016,ELG,0.38162759,0.636529,1.0000
TG00003779,T00016,ELG,0.43364700,1.085354,1.0000
TG00003780,T00016,ELG,0.35678179,1.329934,1.0000
TG00003781,T00016,ELG,0.74081874,1.271922,1.0000
TG00003782,T00016,ELG,0.90734382,1.254149,1.0000
TG00003783,T00016,ELG,0.64215791,0.819147,1.0000
TG00003784,T00016,ELG,0.54321805,1.306647,1.0000
TG00003785,T00016,ELG,1.08004520,1.157263,1.0000
TG00003786,T00016,ELG,0.36284695,1.060946,1.0000
TG00003787,T00016,ELG,0.52879533,1.454738,1.0000
TG00003788,T00016,ELG,0.55924098,1.453332,1.0000
TG00003789,T00016,ELG,0.64052500,1.362553,1.0000
TG00003790,T00016,ELG,0.31038581,1.471418,1.0000
TG00003791,T00016,ELG,0.29537412,1.042670,1.0000
TG00003792,T00016,ELG,0.65937871,0.881960,1.0000
TG00003793,T00016,ELG,0.72293070,1.531817,1.0000
TG00003794,T00016,ELG,0.41749752,1.238773,1.0000
TG00003795,T00016,ELG,0.62044773,0.461372,1.0000
TG00003796,T00016,ELG,0.43428677,0.874482,1.0000
TG00003797,T00016,ELG,0.46714600,1.034099,1.0000
TG00003798,T00016,ELG,0.70285008,0.994463,1.0000
TG00003799,T00016,ELG,1.12544276,1.515904,1.0000
TG00003800,T00016,ELG,0.19418602,1.276158,1.0000
TG00003801,T00016,ELG,0.42734112,0.769082,1.0000
TG00003802,T00016,ELG,0.37934807,0.729671,1.0000
TG00003803,T00016,ELG,0.39151037,0.806304,1.0000
TG00003804,T00016,ELG,0.51692209,1.091194,1.0000
TG00003805,T00016,ELG,0.39642255,0.942435,1.0000
TG00003806,T00016,ELG,0.71429028,0.922020,1.0000
TG00003807,T00016,ELG,0.54487691,1.043256,1.0000
TG00003808,T00016,QSO,0.51351836,3.467591,1.7000
TG00003809,T00016,QSO,0.38000627,2.596561,1.7000
TG00003810,T00016,QSO,0.25083530,3.020598,1.7000
TG00003811,T00016,QSO,0.21516949,2.291515,1.7000
TG00003812,T00016,QSO,0.18326787,2.254405,1.7000
TG00003813,T00016,QSO,0.11440968,2.569870,1.7000
TG00003814,T00016,QSO,0.15349324,2.632619,1.7000
TG00003815,T00016,QSO,0.13668759,1.696529,1.7000
TG00003816,T00016,QSO,0.10206338,2.198363,1.7000
TG00003817,T00016,QSO,0.15128619,1.899137,1.7000
TG00003818,T00016,QSO,0.18350760,2.045028,1.7000
TG00003819,T00016,QSO,0.14357728,1.493400,1.7000
TG00003820,T00016,QSO,0.26711188,3.373063,1.7000
TG00003821,T00016,QSO,0.26344767,2.557512,1.7000
TG00003822,T00016,QSO,0.13516248,2.334200,1.7000
TG00003823,T00016,QSO,0.21352605,1.429879,1.7000
TG00003824,T00016,QSO,0.10971879,2.220622,1.7000
TG00003825,T00016,BGS,1.55546345,0.284143,0.4500
TG00003826,T00016,BGS,0.73396930,0.054114,0.4500
TG00003827,T00016,BGS,0.96929229,0.269105,0.4500
TG00003828,T00016,BGS,1.50711085,0.132153,0.4500
TG00003829,T00016,BGS,1.45703822,0.121066,0.4500
TG00003830,T00016,BGS,1.51965257,0.090794,0.4500
TG00003831,T00016,BGS,1.18901811,0.197812,0.4500
TG00003832,T00016,BGS,1.50809389,0.144353,0.4500
TG00003833,T00016,BGS,1.19519752,0.175466,0.4500
TG00003834,T00016,BGS,0.71375606,0.249576,0.4500
TG00003835,T00016,BGS,1.05530201,0.203665,0.4500
TG00003836,T00016,BGS,1.37138029,0.357506,0.4500
TG00003837,T00016,BGS,0.55543146,0.176265,0.4500
TG00003838,T00016,BGS,1.78525258,0.074934,0.4500
TG00003839,T00016,BGS,0.90331872,0.287687,0.4500
TG00003840,T00016,BGS,1.78529077,0.308233,0.4500
TG00003841,T00016,BGS,0.50821628,0.358906,0.4500
TG00003842,T00016,BGS,2.06907275,0.218125,0.4500
TG00003843,T00016,BGS,1.45307813,0.325884,0.4500
TG00003844,T00016,BGS,0.94068827,0.231277,0.4500
TG00003845,T00016,BGS,1.56760610,0.266862,0.4500
TG00003846,T00016,BGS,1.54696440,0.237547,0.4500
TG00003847,T00016,BGS,1.36273876,0.132538,0.4500
TG00003848,T00016,BGS,1.06801870,0.406236,0.4500
TG00003849,T00016,BGS,2.35223406,0.216646,0.4500
TG00003850,T00016,BGS,1.41220699,0.190421,0.4500
TG00003851,T00016,BGS,1.32541928,0.172189,0.4500
TG00003852,T00016,BGS,0.69440828,0.126814,0.4500
TG00003853,T00016,BGS,0.88866498,0.367118,0.4500
TG00003854,T00016,BGS,1.18908967,0.255552,0.4500
TG00003855,T00016,BGS,1.40905085,0.195634,0.4500
TG00003856,T00016,BGS,1.35769580,0.159352,0.4500
TG00003857,T00016,BGS,1.17125031,0.078884,0.4500
TG00003858,T00016,BGS,1.45961108,0.345160,0.4500
TG00003859,T00016,BGS,0.73402142,0.197323,0.4500
TG00003860,T00016,BGS,1.64046474,0.062308,0.4500
TG00003861,T00016,BGS,0.95410581,0.079992,0.4500
TG00003862,T00016,BGS,1.15452983,0.279120,0.4500
TG00003863,T00016,BGS,1.08226091,0.336486,0.4500
TG00003864,T00016,BGS,1.48118742,0.235003,0.4500
TG00003865,T00016,BGS,1.49963160,0.320472,0.4500
TG00003866,T00016,BGS,1.23949941,0.292667,0.4500
TG00003867,T00016,BGS,2.24779386,0.215623,0.4500
TG00003868,T00016,BGS,1.86615854,0.522888,0.4500
TG00003869,T00016,BGS,1.39041321,0.259298,0.4500
TG00003870,T00016,BGS,1.03355966,0.161315,0.4500
TG00003871,T00016,BGS,1.10702452,0.215646,0.4500
TG00003872,T00016,BGS,0.82258054,0.183035,0.4500
TG00003873,T00016,BGS,0.73312936,0.258764,0.4500
TG00003874,T00016,BGS,1.05121256,0.213922,0.4500
TG00003875,T00016,BGS,1.25216926,0.314197,0.4500
TG00003876,T00016,BGS,0.92904436,0.162595,0.4500
TG00003877,T00016,BGS,1.18375212,0.281504,0.4500
TG00003878,T00016,BGS,1.11998625,0.226201,0.4500
TG00003879,T00016,BGS,0.80122528,0.247720,0.4500
TG00003880,T00016,BGS,1.95444185,0.282361,0.4500
TG00003881,T00016,BGS,1.11072553,0.228186,0.4500
TG00003882,T00016,BGS,0.97048330,0.170240,0.4500
TG00003883,T00016,BGS,0.72708667,0.360613,0.4500
TG00003884,T00016,BGS,1.26744368,0.242901,0.4500
TG00003885,T00016,BGS,1.72054926,0.202315,0.4500
TG00003886,T00016,BGS,0.97073095,0.365330,0.4500
TG00003887,T00016,BGS,1.10549995,0.247707,0.4500
TG00003888,T00016,BGS,1.97265032,0.215675,0.4500
TG00003889,T00016,BGS,1.36518718,0.178544,0.4500
TG00003890,T00016,BGS,1.38726082,0.364433,0.4500
TG00003891,T00016,BGS,1.65929464,0.309301,0.4500
TG00003892,T00016,BGS,1.25060089,0.207844,0.4500
TG00003893,T00016,BGS,0.67920185,0.190382,0.4500
TG00003894,T00016,BGS,0.90754199,0.222643,0.4500
TG00003895,T00016,BGS,0.64091748,0.151144,0.4500
TG00003896,T00016,BGS,2.69921513,0.327752,0.4500
TG00003897,T00016,BGS,1.37926037,0.271054,0.4500
TG00003898,T00017,LRG,0.28131832,0.989126,1.0000
TG00003899,T00017,LRG,0.34898845,0.657924,1.0000
TG00003900,T00017,LRG,0.49460621,0.658699,1.0000
TG00003901,T00017,LRG,0.28809640,0.733191,1.0000
TG00003902,T00017,LRG,0.31110384,0.694341,1.0000
TG00003903,T00017,LRG,0.56934024,1.084706,1.0000
TG00003904,T00017,LRG,0.34330281,0.764300,1.0000
TG00003905,T00017,LRG,0.38152361,0.523545,1.0000
TG00003906,T00017,LRG,0.35901993,0.529458,1.0000
TG00003907,T00017,LRG,0.22444474,0.703426,1.0000
TG00003908,T00017,LRG,0.18863443,0.731096,1.0000
TG00003909,T00017,LRG,0.23836742,0.527126,1.0000
TG00003910,T00017,LRG,0.43524182,0.856166,1.0000
TG00003911,T00017,LRG,0.62777073,0.389861,1.0000
TG00003912,T00017,LRG,0.33925508,0.669688,1.0000
TG00003913,T00017,LRG,0.23112058,0.667470,1.0000
TG00003914,T00017,LRG,0.28176215,0.439905,1.0000
TG00003915,T00017,LRG,0.57562444,0.851197,1.0000
TG00003916,T00017,LRG,0.17309331,0.540324,1.0000
TG00003917,T00017,LRG,0.35157196,0.768315,1.0000
TG00003918,T00017,LRG,0.64911121,0.580017,1.0000
TG00003919,T00017,LRG,0.43916559,0.668922,1.0000
TG00003920,T00017,LRG,0.40218625,0.766989,1.0000
TG00003921,T00017,LRG,0.23958459,0.823925,1.0000
TG00003922,T00017,LRG,0.21420443,0.459116,1.0000
TG00003923,T00017,LRG,0.49497994,0.300234,1.0000
TG00003924,T00017,LRG,0.29709409,0.659996,1.0000
TG00003925,T00017,LRG,0.35908293,0.399871,1.0000
TG00003926,T00017,LRG,0.91788014,0.845628,1.0000
TG00003927,T00017,LRG,0.33660399,0.896783,1.0000
TG00003928,T00017,LRG,0.37482748,1.094042,1.0000
TG00003929,T00017,LRG,0.55402659,0.809144,1.0000
TG00003930,T00017,LRG,0.33458672,0.806023,1.0000
TG00003931,T00017,LRG,0.31183957,0.352595,1.0000
TG00003932,T00017,LRG,0.51899763,0.399746,1.0000
TG00003933,T00017,LRG,0.32535824,0.818091,1.0000
TG00003934,T00017,LRG,0.47082886,0.814857,1.0000
TG00003935,T00017,LRG,0.30581774,0.571432,1.0000
TG00003936,T00017,LRG,0.40942159,0.850561,1.0000
TG00003937,T00017,LRG,0.27804160,0.382514,1.0000
TG00003938,T00017,LRG,0.26064831,0.506910,1.0000
TG00003939,T00017,LRG,0.26430427,0.987270,1.0000
TG00003940,T00017,LRG,0.23808628,1.011658,1.0000
TG00003941,T00017,LRG,0.34892092,0.525122,1.0000
TG00003942,T00017,LRG,0.30887772,0.822089,1.0000
TG00003943,T00017,LRG,0.24142807,0.543157,1.0000
TG00003944,T00017,LRG,0.41927381,0.596551,1.0000
TG00003945,T00017,LRG,0.27381845,0.973060,1.0000
TG00003946,T00017,LRG,0.26931240,0.751983,1.0000
TG00003947,T00017,ELG,0.86890795,1.208937,1.0000
TG00003948,T00017,ELG,0.84122166,1.049826,1.0000
TG00003949,T00017,ELG,0.80876669,1.407253,1.0000
TG00003950,T00017,ELG,0.79065814,1.085861,1.0000
TG00003951,T00017,ELG,0.40882866,1.490356,1.0000
TG00003952,T00017,ELG,0.61601412,1.422075,1.0000
TG00003953,T00017,ELG,0.53850993,1.155813,1.0000
TG00003954,T00017,ELG,1.22138507,1.049002,1.0000
TG00003955,T00017,ELG,0.43154540,1.576238,1.0000
TG00003956,T00017,ELG,0.79764218,1.390200,1.0000
TG00003957,T00017,ELG,0.58633159,1.245424,1.0000
TG00003958,T00017,ELG,0.51690770,1.429032,1.0000
TG00003959,T00017,ELG,0.40053314,1.344925,1.0000
TG00003960,T00017,ELG,0.61297260,1.286953,1.0000
TG00003961,T00017,ELG,0.50091516,0.834597,1.0000
TG00003962,T00017,ELG,0.55573985,1.109832,1.0000
TG00003963,T00017,ELG,0.47490085,1.375565,1.0000
TG00003964,T00017,ELG,0.63808155,1.562869,1.0000
TG00003965,T00017,ELG,0.22428064,1.060809,1.0000
TG00003966,T00017,ELG,0.29549932,1.192728,1.0000
TG00003967,T00017,ELG,0.32837331,0.892390,1.0000
TG00003968,T00017,ELG,0.92230895,1.401259,1.0000
TG00003969,T00017,ELG,0.30019654,1.643002,1.0000
TG00003970,T00017,ELG,0.90518721,0.981858,1.0000
TG00003971,T00017,ELG,0.68546188,0.940272,1.0000
TG00003972,T00017,ELG,0.52270266,1.045470,1.0000
TG00003973,T00017,ELG,0.35223667,0.992263,1.0000
TG00003974,T00017,ELG,0.76395473,1.226489,1.0000
TG00003975,T00017,ELG,0.64564987,1.258093,1.0000
TG00003976,T00017,ELG,0.94704807,0.886830,1.0000
TG00003977,T00017,ELG,0.75135295,1.088331,1.0000
TG00003978,T00017,ELG,0.93837827,1.030387,1.0000
TG00003979,T00017,ELG,0.35872584,1.410427,1.0000
TG00003980,T00017,ELG,0.42801700,0.849771,1.0000
TG00003981,T00017,ELG,0.68442145,0.668062,1.0000
TG00003982,T00017,ELG,0.57365737,0.908879,1.0000
TG00003983,T00017,ELG,0.93136030,1.131163,1.0000
TG00003984,T00017,ELG,1.07450513,1.333582,1.0000
TG00003985,T00017,ELG,0.67542429,1.244222,1.0000
TG00003986,T00017,ELG,0.69496222,1.133849,1.0000
TG00003987,T00017,ELG,1.23298283,1.204768,1.0000
TG00003988,T00017,ELG,0.21550664,1.058715,1.0000
TG00003989,T00017,ELG,0.60612021,1.109785,1.0000
TG00003990,T00017,ELG,0.21886087,1.107835,1.0000
TG00003991,T00017,ELG,0.27955143,0.863370,1.0000
TG00003992,T00017,ELG,0.38610932,1.076306,1.0000
TG00003993,T00017,ELG,0.49250250,0.953999,1.0000
TG00003994,T00017,ELG,0.40377460,1.262565,1.0000
TG00003995,T00017,ELG,0.37719869,1.292301,1.0000
TG00003996,T00017,ELG,0.72338924,1.221778,1.0000
TG00003997,T00017,ELG,0.51403539,1.510750,1.0000
TG00003998,T00017,ELG,0.76549191,0.975798,1.0000
TG00003999,T00017,ELG,0.33670274,1.020788,1.0000
TG00004000,T00017,ELG,0.28325717,1.182497,1.0000
TG00004001,T00017,ELG,0.56204611,0.442293,1.0000
TG00004002,T00017,ELG,0.69308167,1.166040,1.0000
TG00004003,T00017,ELG,0.46604998,1.374815,1.0000
TG00004004,T00017,ELG,0.92309054,1.152226,1.0000
TG00004005,T00017,ELG,0.61668629,1.278267,1.0000
TG00004006,T00017,ELG,0.40065898,1.539740,1.0000
TG00004007,T00017,ELG,0.35725241,1.316829,1.0000
TG00004008,T00017,ELG,0.34642548,0.758255,1.0000
TG00004009,T00017,ELG,0.83677772,1.561797,1.0000
TG00004010,T00017,ELG,0.40708908,1.120223,1.0000
TG00004011,T00017,ELG,0.69252468,1.329169,1.0000
TG00004012,T00017,ELG,0.57931044,1.003694,1.0000
TG00004013,T00017,ELG,0.90652850,1.233033,1.0000
TG00004014,T00017,ELG,0.69856863,1.201781,1.0000
TG00004015,T00017,ELG,0.37758133,1.464556,1.0000
TG00004016,T00017,ELG,0.25260106,1.340479,1.0000
TG00004017,T00017,ELG,0.51764337,1.510262,1.0000
TG00004018,T00017,ELG,0.91557841,1.245963,1.0000
TG00004019,T00017,ELG,0.57432139,1.275281,1.0000
TG00004020,T00017,ELG,0.64035338,1.326251,1.0000
TG00004021,T00017,QSO,0.23095875,2.875006,1.7000
TG00004022,T00017,QSO,0.17536905,2.213805,1.7000
TG00004023,T00017,QSO,0.46173854,1.511384,1.7000
TG00004024,T00017,QSO,0.35964245,1.648166,1.7000
TG00004025,T00017,QSO,0.20346244,2.475046,1.7000
TG00004026,T00017,QSO,0.14802068,1.952710,1.7000
TG00004027,T00017,QSO,0.27856886,0.986358,1.7000
TG00004028,T00017,QSO,0.24783816,2.434587,1.7000
TG00004029,T00017,QSO,0.21453968,1.765467,1.7000
TG00004030,T00017,QSO,0.18642566,2.450860,1.7000
TG00004031,T00017,QSO,0.06227529,1.705059,1.7000
TG00004032,T00017,QSO,0.34026401,2.560321,1.7000
TG00004033,T00017,QSO,0.15982352,1.562476,1.7000
TG00004034,T00017,QSO,0.17687424,1.821795,1.7000
TG00004035,T00017,QSO,0.72584270,1.429592,1.7000
TG00004036,T00017,QSO,0.18074978,2.510861,1.7000
TG00004037,T00017,QSO,0.12981003,2.375709,1.7000
TG00004038,T00017,QSO,0.19755649,1.474838,1.7000
TG00004039,T00017,QSO,0.14564481,2.017868,1.7000
TG00004040,T00017,BGS,1.29332403,0.248664,0.4500
TG00004041,T00017,BGS,1.12953930,0.145522,0.4500
TG00004042,T00017,BGS,1.63024149,0.176374,0.4500
TG00004043,T00017,BGS,1.38109351,0.054029,0.4500
TG00004044,T00017,BGS,1.50018775,0.356542,0.4500
TG00004045,T00017,BGS,1.80421930,0.204521,0.4500
TG00004046,T00017,BGS,0.89079284,0.329569,0.4500
TG00004047,T00017,BGS,1.34408350,0.322099,0.4500
TG00004048,T00017,BGS,1.88419237,0.215531,0.4500
TG00004049,T00017,BGS,1.37669870,0.033533,0.4500
TG00004050,T00017,BGS,1.10521852,0.098754,0.4500
TG00004051,T00017,BGS,1.68591582,0.334445,0.4500
TG00004052,T00017,BGS,1.31896385,0.185426,0.4500
TG00004053,T00017,BGS,1.20227207,0.225665,0.4500
TG00004054,T00017,BGS,0.76358512,0.244095,0.4500
TG00004055,T00017,BGS,1.03505628,0.315999,0.4500
TG00004056,T00017,BGS,1.02470831,0.302315,0.4500
TG00004057,T00017,BGS,1.16097243,0.223417,0.4500
TG00004058,T00017,BGS,0.90902890,0.276433,0.4500
TG00004059,T00017,BGS,1.53082740,0.110531,0.4500
TG00004060,T00017,BGS,1.00809106,0.143492,0.4500
TG00004061,T00017,BGS,1.29371048,0.233532,0.4500
TG00004062,T00017,BGS,1.70984700,0.318984,0.4500
TG00004063,T00017,BGS,1.44103471,0.187478,0.4500
TG00004064,T00017,BGS,0.86306508,0.274268,0.4500
TG00004065,T00017,BGS,1.72706129,0.279715,0.4500
TG00004066,T00017,BGS,1.35721828,0.255987,0.4500
TG00004067,T00017,BGS,1.36816148,0.104050,0.4500
TG00004068,T00017,BGS,1.40002394,0.229083,0.4500
TG00004069,T00017,BGS,1.12274955,0.237285,0.4500
TG00004070,T00017,BGS,1.18601799,0.255157,0.4500
TG00004071,T00017,BGS,0.93211672,0.283993,0.4500
TG00004072,T00017,BGS,0.69720881,0.313116,0.4500
TG00004073,T00017,BGS,1.17569261,0.193451,0.4500
TG00004074,T00017,BGS,1.98503032,0.048848,0.4500
TG00004075,T00017,BGS,0.84702420,0.211550,0.4500
TG00004076,T00017,BGS,1.17981620,0.355130,0.4500
TG00004077,T00017,BGS,1.22591623,0.292058,0.4500
TG00004078,T00017,BGS,0.80794378,0.131955,0.4500
TG00004079,T00017,BGS,0.71675556,0.177355,0.4500
TG00004080,T00017,BGS,0.96694066,0.077082,0.4500
TG00004081,T00017,BGS,1.18632837,0.113686,0.4500
TG00004082,T00017,BGS,1.28834880,0.234925,0.4500
TG00004083,T00017,BGS,0.82968373,0.075326,0.4500
TG00004084,T00017,BGS,2.20949740,0.180818,0.4500
TG00004085,T00017,BGS,1.92484838,0.357974,0.4500
TG00004086,T00017,BGS,1.00407132,0.169550,0.4500
TG00004087,T00017,BGS,1.08165952,0.171890,0.4500
TG00004088,T00017,BGS,1.50373038,0.249080,0.4500
TG00004089,T00017,BGS,1.02079043,0.438739,0.4500
TG00004090,T00017,BGS,1.47417105,0.229456,0.4500
TG00004091,T00017,BGS,1.45381601,0.148656,0.4500
TG00004092,T00017,BGS,1.53489621,0.268436,0.4500
TG00004093,T00017,BGS,0.68018249,0.204410,0.4500
TG00004094,T00017,BGS,0.81723608,0.293973,0.4500
TG00004095,T00017,BGS,1.17995113,0.256517,0.4500
TG00004096,T00017,BGS,1.47605449,0.208456,0.4500
TG00004097,T00017,BGS,0.80864221,0.190808,0.4500
TG00004098,T00017,BGS,0.82319456,0.150662,0.4500
TG00004099,T00017,BGS,1.09996207,0.188319,0.4500
TG00004100,T00017,BGS,0.80568820,0.161116,0.4500
TG00004101,T00017,BGS,0.79841014,0.176410,0.4500
TG00004102,T00017,BGS,1.48438562,0.222754,0.4500
TG00004103,T00017,BGS,1.27880272,0.327792,0.4500
TG00004104,T00017,BGS,1.47288083,0.169473,0.4500
TG00004105,T00017,BGS,0.64487991,0.259519,0.4500
TG00004106,T00017,BGS,1.71364056,0.151937,0.4500
TG00004107,T00017,BGS,1.93706131,0.283543,0.4500
TG00004108,T00017,BGS,0.85298163,0.143226,0.4500
TG00004109,T00017,BGS,2.20334829,0.276254,0.4500
TG00004110,T00017,BGS,1.91231351,0.196958,0.4500
TG00004111,T00017,BGS,1.87384631,0.344265,0.4500
TG00004112,T00017,BGS,0.86116249,0.165947,0.4500
TG00004113,T00017,BGS,1.78061966,0.133979,0.4500
TG00004114,T00017,BGS,1.42670082,0.000000,0.4500
TG00004115,T00017,BGS,1.25454021,0.296044,0.4500
TG00004116,T00017,BGS,0.99452372,0.105855,0.4500
TG00004117,T00017,BGS,1.98323888,0.015178,0.4500
TG00004118,T00017,BGS,1.09934022,0.191142,0.4500
TG00004119,T00017,BGS,0.83521535,0.077726,0.4500
TG00004120,T00017,BGS,1.42954702,0.305801,0.4500
TG00004121,T00018,LRG,0.66092118,0.559517,1.0000
TG00004122,T00018,LRG,0.19599272,0.822111,1.0000
TG00004123,T00018,LRG,0.29414915,0.643569,1.0000
TG00004124,T00018,LRG,0.17269507,0.665489,1.0000
TG00004125,T00018,LRG,0.36437520,0.848874,1.0000
TG00004126,T00018,LRG,0.45151411,0.448674,1.0000
TG00004127,T00018,LRG,0.52379034,0.486335,1.0000
TG00004128,T00018,LRG,0.57103440,0.637353,1.0000
TG00004129,T00018,LRG,0.16980084,0.835111,1.0000
TG00004130,T00018,LRG,0.43457880,0.793530,1.0000
TG00004131,T00018,LRG,0.63778447,0.709078,1.0000
TG00004132,T00018,LRG,0.58887286,0.778271,1.0000
TG00004133,T00018,LRG,0.48834583,1.136448,1.0000
TG00004134,T00018,LRG,0.46451281,0.861413,1.0000
TG00004135,T00018,LRG,0.38468072,0.358044,1.0000
TG00004136,T00018,LRG,0.24168446,0.744483,1.0000
TG00004137,T00018,LRG,0.34388984,0.843787,1.0000
TG00004138,T00018,LRG,0.22437924,1.028471,1.0000
TG00004139,T00018,LRG,0.52543875,0.856039,1.0000
TG00004140,T00018,LRG,0.36886540,0.697213,1.0000
TG00004141,T00018,LRG,0.33445524,0.807260,1.0000
TG00004142,T00018,LRG,0.44370348,0.341141,1.0000
TG00004143,T00018,LRG,0.41546452,0.528763,1.0000
TG00004144,T00018,LRG,0.26892150,0.805815,1.0000
TG00004145,T00018,LRG,0.68704458,0.748573,1.0000
TG00004146,T00018,LRG,0.33188568,0.669722,1.0000
TG00004147,T00018,LRG,0.36635516,1.024363,1.0000
TG00004148,T00018,LRG,0.28327460,0.782479,1.0000
TG00004149,T00018,LRG,0.37571634,0.621336,1.0000
TG00004150,T00018,LRG,0.51806397,0.673919,1.0000
TG00004151,T00018,LRG,0.19171926,0.757849,1.0000
TG00004152,T00018,LRG,0.53998854,0.424646,1.0000
TG00004153,T00018,LRG,0.40405854,0.739348,1.0000
TG00004154,T00018,LRG,0.49125161,0.734846,1.0000
TG00004155,T00018,LRG,0.32497583,0.467810,1.0000
TG00004156,T00018,LRG,0.28906852,0.924740,1.0000
TG00004157,T00018,LRG,0.54782014,0.521469,1.0000
TG00004158,T00018,LRG,0.42599688,0.908551,1.0000
TG00004159,T00018,LRG,0.36010213,0.916618,1.0000
TG00004160,T00018,LRG,0.63510586,0.847226,1.0000
TG00004161,T00018,LRG,0.36928682,0.541906,1.0000
TG00004162,T00018,LRG,0.25842768,1.002285,1.0000
TG00004163,T00018,LRG,0.60626859,0.639520,1.0000
TG00004164,T00018,LRG,0.38043643,0.822627,1.0000
TG00004165,T00018,LRG,0.58371410,0.674433,1.0000
TG00004166,T00018,LRG,0.66007407,0.772663,1.0000
TG00004167,T00018,LRG,0.33973805,0.832078,1.0000
TG00004168,T00018,LRG,0.26098001,0.719031,1.0000
TG00004169,T00018,LRG,0.27862392,0.789905,1.0000
TG00004170,T00018,LRG,0.38709174,0.437334,1.0000
TG00004171,T00018,LRG,0.59735865,0.508037,1.0000
TG00004172,T00018,LRG,0.19946311,0.215538,1.0000
TG00004173,T00018,LRG,0.29384226,0.954259,1.0000
TG00004174,T00018,LRG,0.45563390,0.474566,1.0000
TG00004175,T00018,LRG,0.44428987,0.886446,1.0000
TG00004176,T00018,LRG,0.21249662,0.688594,1.0000
TG00004177,T00018,LRG,0.29906671,1.191472,1.0000
TG00004178,T00018,LRG,0.32633192,0.428370,1.0000
TG00004179,T00018,LRG,0.35730402,0.657522,1.0000
TG00004180,T00018,LRG,0.33702045,0.714160,1.0000
TG00004181,T00018,LRG,0.31411928,0.861309,1.0000
TG00004182,T00018,LRG,0.30373646,0.874026,1.0000
TG00004183,T00018,LRG,0.69198141,1.093907,1.0000
TG00004184,T00018,LRG,0.39393896,0.753413,1.0000
TG00004185,T00018,ELG,0.50147365,1.105908,1.0000
TG00004186,T00018,ELG,1.00431199,1.536628,1.0000
TG00004187,T00018,ELG,0.14652585,1.349206,1.0000
TG00004188,T00018,ELG,0.52990281,1.442417,1.0000
TG00004189,T00018,ELG,0.60029178,1.274314,1.0000
TG00004190,T00018,ELG,0.74119618,0.987178,1.0000
TG00004191,T00018,ELG,0.35093231,0.929089,1.0000
TG00004192,T00018,ELG,0.58418734,1.573706,1.0000
TG00004193,T00018,ELG,0.62038770,0.918417,1.0000
TG00004194,T00018,ELG,0.66277808,0.623025,1.0000
TG00004195,T00018,ELG,0.42451918,1.120540,1.0000
TG00004196,T00018,ELG,0.88901767,1.571105,1.0000
TG00004197,T00018,ELG,0.52838848,0.937720,1.0000
TG00004198,T00018,ELG,0.66045686,1.376705,1.0000
TG00004199,T00018,ELG,0.70078872,0.571029,1.0000
TG00004200,T00018,ELG,0.58543684,1.071977,1.0000
TG00004201,T00018,ELG,0.78957070,1.011512,1.0000
TG00004202,T00018,ELG,0.26995290,0.989397,1.0000
TG00004203,T00018,ELG,0.48567113,0.894064,1.0000
TG00004204,T00018,ELG,1.02803969,1.309416,1.0000
TG00004205,T00018,ELG,0.50112504,1.485307,1.0000
TG00004206,T00018,ELG,0.55791896,1.644310,1.0000
TG00004207,T00018,ELG,0.64005817,1.533569,1.0000
TG00004208,T00018,ELG,0.57569732,1.193198,1.0000
TG00004209,T00018,ELG,0.40336992,1.288100,1.0000
TG00004210,T00018,ELG,0.80341191,0.981718,1.0000
TG00004211,T00018,ELG,0.54846006,0.808533,1.0000
TG00004212,T00018,ELG,0.69055974,1.683861,1.0000
TG00004213,T00018,ELG,0.77966535,1.231724,1.0000
TG00004214,T00018,ELG,0.42818844,0.955797,1.0000
TG00004215,T00018,ELG,0.50766218,1.485193,1.0000
TG00004216,T00018,ELG,0.59940631,0.804563,1.0000
TG00004217,T00018,ELG,0.42703079,0.859713,1.0000
TG00004218,T00018,ELG,0.72414989,0.725859,1.0000
TG00004219,T00018,ELG,0.50872820,1.711529,1.0000
TG00004220,T00018,ELG,0.66534272,1.231870,1.0000
TG00004221,T00018,ELG,0.44262883,0.873815,1.0000
TG00004222,T00018,ELG,0.40768772,1.221468,1.0000
TG00004223,T00018,ELG,0.53200729,0.993714,1.0000
TG00004224,T00018,ELG,0.71942592,1.261983,1.0000
TG00004225,T00018,ELG,0.56348656,1.267979,1.0000
TG00004226,T00018,ELG,0.72268945,1.038832,1.0000
TG00004227,T00018,ELG,0.41372587,1.270162,1.0000
TG00004228,T00018,ELG,0.65523961,1.180518,1.0000
TG00004229,T00018,ELG,0.82914722,1.505179,1.0000
TG00004230,T00018,ELG,0.58169664,1.012525,1.0000
TG00004231,T00018,ELG,0.60287880,0.675501,1.0000
TG00004232,T00018,ELG,0.68263189,1.200090,1.0000
TG00004233,T00018,ELG,1.40010600,0.990221,1.0000
TG00004234,T00018,ELG,0.44752594,1.118808,1.0000
TG00004235,T00018,ELG,0.45869540,1.376255,1.0000
TG00004236,T00018,ELG,0.37330223,1.138061,1.0000
TG00004237,T00018,ELG,0.28171701,0.631779,1.0000
TG00004238,T00018,ELG,0.80734448,1.467258,1.0000
TG00004239,T00018,ELG,0.37654492,1.099017,1.0000
TG00004240,T00018,ELG,0.39788948,0.923727,1.0000
TG00004241,T00018,ELG,0.38263165,1.191635,1.0000
TG00004242,T00018,ELG,0.51799292,1.065130,1.0000
TG00004243,T00018,ELG,0.93663776,1.376080,1.0000
TG00004244,T00018,ELG,0.46810058,1.237689,1.0000
TG00004245,T00018,ELG,0.89784047,0.817518,1.0000
TG00004246,T00018,ELG,0.45203635,1.192387,1.0000
TG00004247,T00018,ELG,1.16459963,1.230959,1.0000
TG00004248,T00018,ELG,0.36221609,1.163876,1.0000
TG00004249,T00018,ELG,0.29014826,1.074969,1.0000
TG00004250,T00018,ELG,0.62498049,0.741272,1.0000
TG00004251,T00018,ELG,1.27948566,1.402109,1.0000
TG00004252,T00018,ELG,1.18197873,0.932405,1.0000
TG00004253,T00018,ELG,0.25048372,1.754550,1.0000
TG00004254,T00018,ELG,0.54915861,1.350730,1.0000
TG00004255,T00018,ELG,0.95516123,1.145323,1.0000
TG00004256,T00018,ELG,0.90164219,1.517144,1.0000
TG00004257,T00018,ELG,0.71571487,0.881907,1.0000
TG00004258,T00018,ELG,0.27026197,1.168904,1.0000
TG00004259,T00018,ELG,0.53363373,1.609802,1.0000
TG00004260,T00018,ELG,0.42526904,0.631760,1.0000
TG00004261,T00018,ELG,0.46331779,0.877539,1.0000
TG00004262,T00018,ELG,0.52031070,0.883500,1.0000
TG00004263,T00018,ELG,1.04277846,1.400802,1.0000
TG00004264,T00018,ELG,1.29772000,1.399721,1.0000
TG00004265,T00018,ELG,0.50638468,1.012959,1.0000
TG00004266,T00018,ELG,0.32574566,0.956528,1.0000
TG00004267,T00018,ELG,0.43141888,0.978594,1.0000
TG00004268,T00018,ELG,0.57062788,0.809320,1.0000
TG00004269,T00018,ELG,0.68599439,1.380983,1.0000
TG00004270,T00018,ELG,1.26444074,1.048243,1.0000
TG00004271,T00018,QSO,0.56644362,2.569022,1.7000
TG00004272,T00018,QSO,0.13516941,3.002534,1.7000
TG00004273,T00018,QSO,0.11749186,2.059053,1.7000
TG00004274,T00018,QSO,0.79549630,1.425764,1.7000
TG00004275,T00018,QSO,0.09546755,2.342084,1.7000
TG00004276,T00018,QSO,0.10074514,0.520098,1.7000
TG00004277,T00018,QSO,0.10609073,0.235699,1.7000
TG00004278,T00018,QSO,0.37239166,2.210700,1.7000
TG00004279,T00018,QSO,0.23481876,3.372185,1.7000
TG00004280,T00018,QSO,0.33179118,1.938694,1.7000
TG00004281,T00018,QSO,0.30418399,1.781439,1.7000
TG00004282,T00018,QSO,0.09634347,3.245060,1.7000
TG00004283,T00018,QSO,0.17028353,3.206342,1.7000
TG00004284,T00018,BGS,1.18395857,0.113925,0.4500
TG00004285,T00018,BGS,0.85138048,0.300193,0.4500
TG00004286,T00018,BGS,1.42939292,0.330145,0.4500
TG00004287,T00018,BGS,2.06063633,0.295653,0.4500
TG00004288,T00018,BGS,1.25258611,0.406575,0.4500
TG00004289,T00018,BGS,1.67644828,0.223708,0.4500
TG00004290,T00018,BGS,2.21415521,0.285613,0.4500
TG00004291,T00018,BGS,0.51553029,0.141857,0.4500
TG00004292,T00018,BGS,1.62837195,0.152462,0.4500
TG00004293,T00018,BGS,1.41061741,0.164077,0.4500
TG00004294,T00018,BGS,1.26700471,0.031363,0.4500
TG00004295,T00018,BGS,1.18136125,0.173127,0.4500
TG00004296,T00018,BGS,1.64388780,0.130667,0.4500
TG00004297,T00018,BGS,1.16303810,0.235027,0.4500
TG00004298,T00018,BGS,0.93039950,0.187598,0.4500
TG00004299,T00018,BGS,1.28487389,0.319786,0.4500
TG00004300,T00018,BGS,0.92732427,0.191105,0.4500
TG00004301,T00018,BGS,1.16949424,0.192187,0.4500
TG00004302,T00018,BGS,1.48110214,0.278215,0.4500
TG00004303,T00018,BGS,0.92609554,0.250437,0.4500
TG00004304,T00018,BGS,1.30902622,0.242004,0.4500
TG00004305,T00018,BGS,0.84480959,0.294243,0.4500
TG00004306,T00018,BGS,1.70350607,0.198652,0.4500
TG00004307,T00018,BGS,1.06458218,0.296571,0.4500
TG00004308,T00018,BGS,1.28898962,0.364335,0.4500
TG00004309,T00018,BGS,1.05825334,0.119011,0.4500
TG00004310,T00018,BGS,0.60940196,0.240358,0.4500
TG00004311,T00018,BGS,1.85974881,0.261386,0.4500
TG00004312,T00018,BGS,0.89793619,0.071430,0.4500
TG00004313,T00018,BGS,1.57367002,0.448962,0.4500
TG00004314,T00018,BGS,1.68811720,0.246351,0.4500
TG00004315,T00018,BGS,1.06698819,0.222357,0.4500
TG00004316,T00018,BGS,0.97848157,0.039847,0.4500
TG00004317,T00018,BGS,1.06043954,0.257903,0.4500
TG00004318,T00018,BGS,1.72115486,0.143170,0.4500
TG00004319,T00018,BGS,1.38714560,0.262244,0.4500
TG00004320,T00018,BGS,1.04041660,0.164065,0.4500
TG00004321,T00018,BGS,0.93217551,0.309343,0.4500
TG00004322,T00018,BGS,1.50951093,0.237170,0.4500
TG00004323,T00018,BGS,0.90248893,0.276531,0.4500
TG00004324,T00018,BGS,1.06381451,0.175406,0.4500
TG00004325,T00018,BGS,0.97626788,0.003274,0.4500
TG00004326,T00018,BGS,0.88904100,0.187592,0.4500
TG00004327,T00018,BGS,1.30562926,0.072898,0.4500
TG00004328,T00018,BGS,1.08117922,0.268954,0.4500
TG00004329,T00018,BGS,1.48884588,0.273624,0.4500
TG00004330,T00018,BGS,1.44060093,0.211547,0.4500
TG00004331,T00018,BGS,1.75230356,0.272215,0.4500
TG00004332,T00018,BGS,1.49284077,0.038461,0.4500
TG00004333,T00018,BGS,1.92290729,0.148998,0.4500
TG00004334,T00018,BGS,1.49874215,0.144750,0.4500
TG00004335,T00018,BGS,0.90974370,0.252627,0.4500
TG00004336,T00018,BGS,1.16732445,0.262981,0.4500
TG00004337,T00018,BGS,0.88863087,0.281569,0.4500
TG00004338,T00018,BGS,1.76217170,0.426521,0.4500
TG00004339,T00018,BGS,2.35283798,0.267514,0.4500
TG00004340,T00018,BGS,1.21003676,0.198786,0.4500
TG00004341,T00018,BGS,1.18744878,0.148941,0.4500
TG00004342,T00018,BGS,1.52309350,0.177517,0.4500
TG00004343,T00018,BGS,0.91510183,0.197249,0.4500
TG00004344,T00018,BGS,0.88386635,0.141333,0.4500
TG00004345,T00018,BGS,0.83888010,0.059823,0.4500
TG00004346,T00019,LRG,0.45512994,0.709017,1.0000
TG00004347,T00019,LRG,0.57828554,0.304943,1.0000
TG00004348,T00019,LRG,0.30322214,0.824543,1.0000
TG00004349,T00019,LRG,0.35757808,0.758940,1.0000
TG00004350,T00019,LRG,0.62909867,0.421606,1.0000
TG00004351,T00019,LRG,0.32833592,0.562639,1.0000
TG00004352,T00019,LRG,0.38892743,0.760605,1.0000
TG00004353,T00019,LRG,0.36705987,0.766871,1.0000
TG00004354,T00019,LRG,0.31540918,0.843094,1.0000
TG00004355,T00019,LRG,0.43129713,0.640371,1.0000
TG00004356,T00019,LRG,0.30572704,1.083659,1.0000
TG00004357,T00019,LRG,0.29749635,0.508721,1.0000
TG00004358,T00019,LRG,0.40184019,0.571053,1.0000
TG00004359,T00019,LRG,0.34092829,0.616492,1.0000
TG00004360,T00019,LRG,0.26926037,0.966565,1.0000
TG00004361,T00019,LRG,0.30498538,0.693005,1.0000
TG00004362,T00019,LRG,0.28569999,0.880099,1.0000
TG00004363,T00019,LRG,0.12075313,0.459095,1.0000
TG00004364,T00019,LRG,0.49862882,1.088860,1.0000
TG00004365,T00019,LRG,0.47570164,0.574703,1.0000
TG00004366,T00019,LRG,0.70383416,0.711540,1.0000
TG00004367,T00019,LRG,0.20807277,0.787210,1.0000
TG00004368,T00019,LRG,0.18135812,0.742732,1.0000
TG00004369,T00019,LRG,0.30454085,0.543874,1.0000
TG00004370,T00019,LRG,0.22429855,0.767855,1.0000
TG00004371,T00019,LRG,0.38726509,0.654329,1.0000
TG00004372,T00019,LRG,0.31784519,0.895085,1.0000
TG00004373,T00019,LRG,0.39061291,0.559763,1.0000
TG00004374,T00019,LRG,0.46116757,0.506346,1.0000
TG00004375,T00019,LRG,0.28149851,0.975734,1.0000
TG00004376,T00019,LRG,0.26116060,0.897050,1.0000
TG00004377,T00019,LRG,0.25012157,0.745208,1.0000
TG00004378,T00019,LRG,0.25471234,0.876252,1.0000
TG00004379,T00019,LRG,0.46351561,0.633648,1.0000
TG00004380,T00019,LRG,0.25035777,0.449354,1.0000
TG00004381,T00019,LRG,0.37280724,0.760103,1.0000
TG00004382,T00019,LRG,0.23287385,0.904054,1.0000
TG00004383,T00019,LRG,0.39356764,0.703047,1.0000
TG00004384,T00019,LRG,0.60338692,0.728535,1.0000
TG00004385,T00019,LRG,0.44532072,0.757225,1.0000
TG00004386,T00019,LRG,0.49659129,0.894390,1.0000
TG00004387,T00019,LRG,0.30123309,0.558553,1.0000
TG00004388,T00019,LRG,0.34327746,0.692196,1.0000
TG00004389,T00019,LRG,0.35079121,0.612072,1.0000
TG00004390,T00019,LRG,0.37369584,0.785770,1.0000
TG00004391,T00019,LRG,0.31867695,0.951114,1.0000
TG00004392,T00019,LRG,0.71177217,0.791831,1.0000
TG00004393,T00019,LRG,0.26790951,0.728484,1.0000
TG00004394,T00019,LRG,0.39260167,0.556332,1.0000
TG00004395,T00019,LRG,0.42640054,0.885119,1.0000
TG00004396,T00019,LRG,0.23851175,0.780554,1.0000
TG00004397,T00019,LRG,0.32500896,0.752195,1.0000
TG00004398,T00019,LRG,0.29197451,0.676839,1.0000
TG00004399,T00019,ELG,0.42922593,0.631710,1.0000
TG00004400,T00019,ELG,1.11699371,1.142375,1.0000
TG00004401,T00019,ELG,0.24621854,0.932043,1.0000
TG00004402,T00019,ELG,0.54351779,1.044861,1.0000
TG00004403,T00019,ELG,0.35212775,0.823670,1.0000
TG00004404,T00019,ELG,0.48552630,1.411786,1.0000
TG00004405,T00019,ELG,0.52000483,0.899662,1.0000
TG00004406,T00019,ELG,0.96892852,0.857132,1.0000
TG00004407,T00019,ELG,0.91415478,1.282832,1.0000
TG00004408,T00019,ELG,0.63572101,0.783985,1.0000
TG00004409,T00019,ELG,1.06905566,1.455952,1.0000
TG00004410,T00019,ELG,0.54276990,1.541588,1.0000
TG00004411,T00019,ELG,0.91644465,1.196832,1.0000
TG00004412,T00019,ELG,0.34830401,0.628483,1.0000
TG00004413,T00019,ELG,0.26344217,0.954200,1.0000
TG00004414,T00019,ELG,0.48288203,1.335087,1.0000
TG00004415,T00019,ELG,0.53924943,1.450970,1.0000
TG00004416,T00019,ELG,0.54701924,1.213650,1.0000
TG00004417,T00019,ELG,0.54488217,0.917064,1.0000
TG00004418,T00019,ELG,0.32243171,0.538387,1.0000
TG00004419,T00019,ELG,0.65148927,0.990975,1.0000
TG00004420,T00019,ELG,0.29814424,1.416098,1.0000
TG00004421,T00019,ELG,0.31306509,0.978990,1.0000
TG00004422,T00019,ELG,0.64032839,1.305689,1.0000
TG00004423,T00019,ELG,0.56565482,0.706547,1.0000
TG00004424,T00019,ELG,0.37804515,1.297483,1.0000
TG00004425,T00019,ELG,0.36472002,1.409639,1.0000
TG00004426,T00019,ELG,0.61547086,1.064983,1.0000
TG00004427,T00019,ELG,0.56633498,0.971129,1.0000
TG00004428,T00019,ELG,0.21228431,1.666463,1.0000
TG00004429,T00019,ELG,0.53146709,1.255965,1.0000
TG00004430,T00019,ELG,0.67915223,1.002372,1.0000
TG00004431,T00019,ELG,0.37607630,0.953557,1.0000
TG00004432,T00019,ELG,0.64738432,0.783849,1.0000
TG00004433,T00019,ELG,0.51881045,1.141790,1.0000
TG00004434,T00019,ELG,1.39041479,0.890457,1.0000
TG00004435,T00019,ELG,0.59320238,1.523352,1.0000
TG00004436,T00019,ELG,0.51544896,1.467371,1.0000
TG00004437,T00019,ELG,0.45265915,1.089243,1.0000
TG00004438,T00019,ELG,0.57826715,0.586705,1.0000
TG00004439,T00019,ELG,0.79656128,0.709297,1.0000
TG00004440,T00019,ELG,0.44381323,1.308596,1.0000
TG00004441,T00019,ELG,0.41226621,0.875362,1.0000
TG00004442,T00019,ELG,0.44685868,1.034916,1.0000
TG00004443,T00019,ELG,0.87286268,0.389286,1.0000
TG00004444,T00019,ELG,0.65497476,1.052722,1.0000
TG00004445,T00019,ELG,0.69541328,0.909200,1.0000
TG00004446,T00019,ELG,0.61444814,1.239711,1.0000
TG00004447,T00019,ELG,0.43973709,0.980535,1.0000
TG00004448,T00019,ELG,0.80420764,1.839314,1.0000
TG00004449,T00019,ELG,0.35255151,1.035083,1.0000
TG00004450,T00019,ELG,0.67691448,1.050897,1.0000
TG00004451,T00019,ELG,0.56483498,1.412013,1.0000
TG00004452,T00019,ELG,0.49798395,1.153739,1.0000
TG00004453,T00019,ELG,1.14472630,1.114002,1.0000
TG00004454,T00019,ELG,0.46078001,1.167665,1.0000
TG00004455,T00019,ELG,0.28893035,0.789288,1.0000
TG00004456,T00019,ELG,0.57982772,0.916286,1.0000
TG00004457,T00019,ELG,0.37833597,1.698995,1.0000
TG00004458,T00019,ELG,0.66974365,0.830645,1.0000
TG00004459,T00019,ELG,0.40268068,0.813912,1.0000
TG00004460,T00019,ELG,0.51932874,0.942054,1.0000
TG00004461,T00019,ELG,0.58974725,0.847189,1.0000
TG00004462,T00019,ELG,0.33155386,1.049061,1.0000
TG00004463,T00019,ELG,0.65517335,0.571515,1.0000
TG00004464,T00019,ELG,0.36027479,1.176079,1.0000
TG00004465,T00019,ELG,0.66920004,0.679490,1.0000
TG00004466,T00019,ELG,1.75717891,1.311389,1.0000
TG00004467,T00019,ELG,0.32862401,1.428198,1.0000
TG00004468,T00019,ELG,0.42348286,0.641886,1.0000
TG00004469,T00019,ELG,0.40327541,0.821513,1.0000
TG00004470,T00019,ELG,0.56539083,1.166463,1.0000
TG00004471,T00019,ELG,0.70737623,1.579739,1.0000
TG00004472,T00019,ELG,0.43466845,1.132849,1.0000
TG00004473,T00019,ELG,1.38967850,0.928193,1.0000
TG00004474,T00019,ELG,0.66500920,1.338580,1.0000
TG00004475,T00019,ELG,0.56533963,1.050102,1.0000
TG00004476,T00019,ELG,0.25803657,0.994974,1.0000
TG00004477,T00019,ELG,0.57091622,0.835728,1.0000
TG00004478,T00019,ELG,0.67442413,0.902751,1.0000
TG00004479,T00019,ELG,0.36498838,1.461428,1.0000
TG00004480,T00019,ELG,1.07244753,1.061685,1.0000
TG00004481,T00019,ELG,0.62858519,1.338769,1.0000
TG00004482,T00019,ELG,0.90243286,1.253609,1.0000
TG00004483,T00019,ELG,0.19117408,1.061342,1.0000
TG00004484,T00019,QSO,0.15421178,2.096691,1.7000
TG00004485,T00019,QSO,0.13240519,2.716801,1.7000
TG00004486,T00019,QSO,0.14368020,3.376616,1.7000
TG00004487,T00019,QSO,0.37671575,1.886750,1.7000
TG00004488,T00019,QSO,0.12260000,1.761700,1.7000
TG00004489,T00019,QSO,0.12109516,0.821218,1.7000
TG00004490,T00019,QSO,0.35624535,0.875354,1.7000
TG00004491,T00019,QSO,0.13426711,2.758952,1.7000
TG00004492,T00019,QSO,0.16685331,2.117026,1.7000
TG00004493,T00019,QSO,0.13239635,0.667505,1.7000
TG00004494,T00019,QSO,0.09139369,1.571603,1.7000
TG00004495,T00019,QSO,0.32703522,1.764480,1.7000
TG00004496,T00019,QSO,0.65831125,2.297944,1.7000
TG00004497,T00019,QSO,0.17594338,1.756352,1.7000
TG00004498,T00019,QSO,0.14591242,2.120915,1.7000
TG00004499,T00019,QSO,0.05485719,1.877817,1.7000
TG00004500,T00019,QSO,0.15988151,2.133338,1.7000
TG00004501,T00019,QSO,0.06239769,2.113914,1.7000
TG00004502,T00019,QSO,0.30229035,1.653182,1.7000
TG00004503,T00019,QSO,0.15144610,3.613260,1.7000
TG00004504,T00019,QSO,0.08637416,2.042359,1.7000
TG00004505,T00019,QSO,0.18949028,1.685412,1.7000
TG00004506,T00019,BGS,1.59603830,0.240284,0.4500
TG00004507,T00019,BGS,1.33361230,0.222843,0.4500
TG00004508,T00019,BGS,2.18296155,0.240688,0.4500
TG00004509,T00019,BGS,1.36137709,0.272168,0.4500
TG00004510,T00019,BGS,1.32095470,0.187218,0.4500
TG00004511,T00019,BGS,1.42630347,0.240066,0.4500
TG00004512,T00019,BGS,1.16201325,0.287261,0.4500
TG00004513,T00019,BGS,0.88267000,0.236252,0.4500
TG00004514,T00019,BGS,0.87305816,0.113708,0.4500
TG00004515,T00019,BGS,0.85702866,0.285528,0.4500
TG00004516,T00019,BGS,0.99959243,0.227118,0.4500
TG00004517,T00019,BGS,1.02105954,0.244121,0.4500
TG00004518,T00019,BGS,0.97005177,0.165864,0.4500
TG00004519,T00019,BGS,1.77851539,0.197390,0.4500
TG00004520,T00019,BGS,1.76534679,0.238360,0.4500
TG00004521,T00019,BGS,1.14622843,0.342653,0.4500
TG00004522,T00019,BGS,1.34012769,0.307585,0.4500
TG00004523,T00019,BGS,0.90094995,0.089315,0.4500
TG00004524,T00019,BGS,1.15414505,0.229059,0.4500
TG00004525,T00019,BGS,0.98364042,0.278623,0.4500
TG00004526,T00019,BGS,1.11564548,0.107077,0.4500
TG00004527,T00019,BGS,0.52396380,0.254261,0.4500
TG00004528,T00019,BGS,1.66194755,0.264049,0.4500
TG00004529,T00019,BGS,0.89601548,0.273443,0.4500
TG00004530,T00019,BGS,1.12465016,0.207404,0.4500
TG00004531,T00019,BGS,1.29146026,0.057121,0.4500
TG00004532,T00019,BGS,1.48256708,0.145190,0.4500
TG00004533,T00019,BGS,2.60721555,0.259671,0.4500
TG00004534,T00019,BGS,0.83138002,0.187600,0.4500
TG00004535,T00019,BGS,2.05430117,0.311103,0.4500
TG00004536,T00019,BGS,1.30734403,0.166646,0.4500
TG00004537,T00019,BGS,1.46629629,0.242483,0.4500
TG00004538,T00019,BGS,0.94338661,0.082747,0.4500
TG00004539,T00019,BGS,1.49223428,0.374560,0.4500
TG00004540,T00019,BGS,1.45071735,0.006659,0.4500
TG00004541,T00019,BGS,0.69984201,0.227281,0.4500
TG00004542,T00019,BGS,1.13698203,0.071800,0.4500
TG00004543,T00019,BGS,1.38294739,0.131189,0.4500
TG00004544,T00019,BGS,1.11047789,0.329695,0.4500
TG00004545,T00019,BGS,1.17275399,0.283913,0.4500
TG00004546,T00019,BGS,1.79840178,0.158064,0.4500
TG00004547,T00019,BGS,1.04005443,0.503569,0.4500
TG00004548,T00019,BGS,1.01181790,0.254947,0.4500
TG00004549,T00019,BGS,1.16307991,0.042521,0.4500
TG00004550,T00019,BGS,1.54971046,0.242478,0.4500
TG00004551,T00019,BGS,1.44064666,0.392870,0.4500
TG00004552,T00019,BGS,1.14730059,0.166311,0.4500
TG00004553,T00019,BGS,1.98578525,0.123701,0.4500
TG00004554,T00019,BGS,1.50293162,0.254083,0.4500
TG00004555,T00019,BGS,0.85744232,0.320747,0.4500
TG00004556,T00019,BGS,1.40643506,0.141771,0.4500
TG00004557,T00019,BGS,2.31098140,0.093779,0.4500
TG00004558,T00019,BGS,1.63201792,0.197661,0.4500
TG00004559,T00019,BGS,1.72332194,0.186353,0.4500
TG00004560,T00019,BGS,1.29032685,0.217292,0.4500
TG00004561,T00019,BGS,1.30372042,0.131452,0.4500
TG00004562,T00019,BGS,1.02664808,0.295598,0.4500
TG00004563,T00019,BGS,1.24836119,0.131592,0.4500
TG00004564,T00019,BGS,1.02356188,0.153589,0.4500
TG00004565,T00019,BGS,1.52769553,0.311630,0.4500
TG00004566,T00019,BGS,1.44505474,0.105546,0.4500
TG00004567,T00019,BGS,1.43847054,0.279294,0.4500
TG00004568,T00019,BGS,1.85043967,0.296481,0.4500
TG00004569,T00019,BGS,1.00982919,0.338763,0.4500
TG00004570,T00019,BGS,1.40516998,0.257998,0.4500
TG00004571,T00019,BGS,0.85603511,0.129834,0.4500
TG00004572,T00019,BGS,1.21709701,0.271746,0.4500
TG00004573,T00019,BGS,1.45813326,0.197732,0.4500
TG00004574,T00019,BGS,2.02330473,0.245980,0.4500
TG00004575,T00019,BGS,0.81905272,0.162161,0.4500
TG00004576,T00019,BGS,1.47523261,0.373590,0.4500
TG00004577,T00019,BGS,1.48139590,0.179278,0.4500
TG00004578,T00019,BGS,1.27924748,0.187741,0.4500
TG00004579,T00019,BGS,1.69449437,0.188197,0.4500
TG00004580,T00019,BGS,1.28920129,0.352602,0.4500
TG00004581,T00019,BGS,1.48612957,0.116225,0.4500
TG00004582,T00019,BGS,0.93689502,0.167015,0.4500
TG00004583,T00019,BGS,0.91939564,0.215859,0.4500
TG00004584,T00019,BGS,0.85731733,0.343232,0.4500
TG00004585,T00019,BGS,1.27954110,0.369268,0.4500
TG00004586,T00019,BGS,0.67360189,0.145422,0.4500
TG00004587,T00019,BGS,1.69868731,0.350472,0.4500
TG00004588,T00019,BGS,1.10836279,0.387591,0.4500
TG00004589,T00019,BGS,1.14085441,0.336284,0.4500
TG00004590,T00019,BGS,1.21614822,0.273604,0.4500
TG00004591,T00019,BGS,1.30915426,0.163411,0.4500
TG00004592,T00019,BGS,1.33758261,0.334733,0.4500
TG00004593,T00019,BGS,1.24689069,0.215147,0.4500
TG00004594,T00019,BGS,1.26333239,0.195388,0.4500
TG00004595,T00019,BGS,0.87341398,0.062127,0.4500
TG00004596,T00019,BGS,1.32297963,0.069266,0.4500
TG00004597,T00019,BGS,1.26529070,0.097790,0.4500
TG00004598,T00019,BGS,1.22381687,0.232647,0.4500
TG00004599,T00019,BGS,0.95990944,0.267521,0.4500
TG00004600,T00019,BGS,1.12310630,0.168399,0.4500
TG00004601,T00019,BGS,0.66051923,0.181589,0.4500
TG00004602,T00020,LRG,0.36419467,0.698371,1.0000
TG00004603,T00020,LRG,0.24718791,0.984490,1.0000
TG00004604,T00020,LRG,0.25089511,1.165794,1.0000
TG00004605,T00020,LRG,0.36685375,0.723389,1.0000
TG00004606,T00020,LRG,0.32499833,0.886126,1.0000
TG00004607,T00020,LRG,0.32886883,0.937729,1.0000
TG00004608,T00020,LRG,0.32433464,0.649801,1.0000
TG00004609,T00020,LRG,0.45241322,0.693593,1.0000
TG00004610,T00020,LRG,0.28962702,0.359056,1.0000
TG00004611,T00020,LRG,0.27864221,0.657114,1.0000
TG00004612,T00020,LRG,0.36180916,0.492587,1.0000
TG00004613,T00020,LRG,0.24238256,0.680498,1.0000
TG00004614,T00020,LRG,0.40324086,0.899914,1.0000
TG00004615,T00020,LRG,0.41798726,0.845607,1.0000
TG00004616,T00020,LRG,0.54201228,0.771311,1.0000
TG00004617,T00020,LRG,0.53192552,0.661019,1.0000
TG00004618,T00020,LRG,0.29114155,0.824743,1.0000
TG00004619,T00020,LRG,0.21219407,0.820123,1.0000
TG00004620,T00020,LRG,0.23963303,0.715907,1.0000
TG00004621,T00020,LRG,0.66793668,0.844493,1.0000
TG00004622,T00020,LRG,0.48744618,0.484727,1.0000
TG00004623,T00020,LRG,0.32100316,0.878467,1.0000
TG00004624,T00020,LRG,0.44918620,0.866638,1.0000
TG00004625,T00020,LRG,0.13845382,0.570225,1.0000
TG00004626,T00020,LRG,0.30188968,0.696474,1.0000
TG00004627,T00020,LRG,0.48690049,0.795703,1.0000
TG00004628,T00020,LRG,0.28588242,0.640334,1.0000
TG00004629,T00020,LRG,0.41751829,0.710506,1.0000
TG00004630,T00020,LRG,0.18503041,0.711869,1.0000
TG00004631,T00020,LRG,0.30895463,0.435421,1.0000
TG00004632,T00020,LRG,0.40630482,0.619105,1.0000
TG00004633,T00020,LRG,0.20067302,0.220035,1.0000
TG00004634,T00020,LRG,0.51904753,0.690277,1.0000
TG00004635,T00020,LRG,0.41895925,0.657987,1.0000
TG00004636,T00020,LRG,0.38429893,0.719121,1.0000
TG00004637,T00020,LRG,0.38121200,0.597657,1.0000
TG00004638,T00020,LRG,0.33842469,0.556098,1.0000
TG00004639,T00020,LRG,0.37595559,0.775241,1.0000
TG00004640,T00020,LRG,0.50482707,0.916818,1.0000
TG00004641,T00020,LRG,0.28909408,0.695327,1.0000
TG00004642,T00020,LRG,0.29351973,0.340956,1.0000
TG00004643,T00020,LRG,0.51193119,0.665172,1.0000
TG00004644,T00020,LRG,0.52982914,0.836107,1.0000
TG00004645,T00020,LRG,0.15933889,0.524068,1.0000
TG00004646,T00020,LRG,0.40381736,0.874231,1.0000
TG00004647,T00020,LRG,0.60410461,0.644989,1.0000
TG00004648,T00020,LRG,0.41596807,0.561880,1.0000
TG00004649,T00020,LRG,0.29207227,0.391933,1.0000
TG00004650,T00020,LRG,0.35208898,0.712448,1.0000
TG00004651,T00020,LRG,0.70332028,0.877414,1.0000
TG00004652,T00020,LRG,0.37589350,0.704983,1.0000
TG00004653,T00020,LRG,0.44415554,0.547080,1.0000
TG00004654,T00020,LRG,0.19039786,0.655526,1.0000
TG00004655,T00020,LRG,0.27058837,0.788946,1.0000
TG00004656,T00020,LRG,0.33261768,0.983781,1.0000
TG00004657,T00020,LRG,0.41720686,0.978365,1.0000
TG00004658,T00020,LRG,0.34272358,0.541469,1.0000
TG00004659,T00020,LRG,0.45923963,0.682774,1.0000
TG00004660,T00020,LRG,0.52048964,0.844958,1.0000
TG00004661,T00020,ELG,0.65934736,1.249164,1.0000
TG00004662,T00020,ELG,0.46302754,1.281054,1.0000
TG00004663,T00020,ELG,0.43640514,1.106895,1.0000
TG00004664,T00020,ELG,0.31488894,1.046999,1.0000
TG00004665,T00020,ELG,0.31287922,1.449280,1.0000
TG00004666,T00020,ELG,1.15828146,1.386903,1.0000
TG00004667,T00020,ELG,0.46125471,1.438870,1.0000
TG00004668,T00020,ELG,0.40637588,1.519516,1.0000
TG00004669,T00020,ELG,0.50966974,1.358061,1.0000
TG00004670,T00020,ELG,0.58657874,1.066305,1.0000
TG00004671,T00020,ELG,0.46449917,1.374604,1.0000
TG00004672,T00020,ELG,0.64020136,0.917726,1.0000
TG00004673,T00020,ELG,0.48358272,1.391207,1.0000
TG00004674,T00020,ELG,0.38500849,1.220618,1.0000
TG00004675,T00020,ELG,0.32850587,0.997496,1.0000
TG00004676,T00020,ELG,0.39188462,1.324167,1.0000
TG00004677,T00020,ELG,0.32381104,0.970869,1.0000
TG00004678,T00020,ELG,0.54773966,1.350202,1.0000
TG00004679,T00020,ELG,1.08730042,0.870055,1.0000
TG00004680,T00020,ELG,0.52774857,1.270590,1.0000
TG00004681,T00020,ELG,0.47183543,1.725526,1.0000
TG00004682,T00020,ELG,0.44120106,1.104480,1.0000
TG00004683,T00020,ELG,0.45166729,1.171122,1.0000
TG00004684,T00020,ELG,0.68465455,1.154217,1.0000
TG00004685,T00020,ELG,0.47750780,0.957762,1.0000
TG00004686,T00020,ELG,0.54661772,1.155554,1.0000
TG00004687,T00020,ELG,1.29735898,0.631569,1.0000
TG00004688,T00020,ELG,0.59352679,1.238719,1.0000
TG00004689,T00020,ELG,0.41848502,0.685448,1.0000
TG00004690,T00020,ELG,0.16655023,1.131239,1.0000
TG00004691,T00020,ELG,0.80583561,1.195861,1.0000
TG00004692,T00020,ELG,0.80090505,1.546011,1.0000
TG00004693,T00020,ELG,0.48500722,1.456049,1.0000
TG00004694,T00020,ELG,0.39691528,1.069805,1.0000
TG00004695,T00020,ELG,0.98936664,1.179490,1.0000
TG00004696,T00020,ELG,0.39147999,1.197698,1.0000
TG00004697,T00020,ELG,0.59647408,1.908704,1.0000
TG00004698,T00020,ELG,1.03006233,0.531286,1.0000
TG00004699,T00020,ELG,0.55218512,1.671676,1.0000
TG00004700,T00020,ELG,0.40329306,0.917477,1.0000
TG00004701,T00020,ELG,0.35874668,0.857461,1.0000
TG00004702,T00020,ELG,0.50234773,0.844658,1.0000
TG00004703,T00020,ELG,0.73069337,1.080241,1.0000
TG00004704,T00020,ELG,0.59711805,1.235851,1.0000
TG00004705,T00020,ELG,0.92048016,1.862109,1.0000
TG00004706,T00020,ELG,0.73091852,1.248689,1.0000
TG00004707,T00020,ELG,0.39603139,0.919092,1.0000
TG00004708,T00020,ELG,0.74408998,0.887223,1.0000
TG00004709,T00020,ELG,0.27037925,1.273814,1.0000
TG00004710,T00020,ELG,0.84191075,1.240744,1.0000
TG00004711,T00020,ELG,0.25941775,1.380332,1.0000
TG00004712,T00020,ELG,0.65014247,1.148015,1.0000
TG00004713,T00020,ELG,0.63733984,1.013512,1.0000
TG00004714,T00020,ELG,0.37464899,0.745393,1.0000
TG00004715,T00020,ELG,0.52538104,1.518498,1.0000
TG00004716,T00020,ELG,0.74267127,1.074995,1.0000
TG00004717,T00020,ELG,0.71585061,0.792385,1.0000
TG00004718,T00020,ELG,0.70248233,1.009682,1.0000
TG00004719,T00020,ELG,0.52534808,0.956654,1.0000
TG00004720,T00020,ELG,1.26303179,0.932985,1.0000
TG00004721,T00020,ELG,0.36886027,1.200646,1.0000
TG00004722,T00020,ELG,0.36732847,1.385961,1.0000
TG00004723,T00020,ELG,1.15894940,0.889002,1.0000
TG00004724,T00020,ELG,0.94990826,1.240558,1.0000
TG00004725,T00020,ELG,0.42490455,1.141868,1.0000
TG00004726,T00020,ELG,0.57971016,1.301917,1.0000
TG00004727,T00020,ELG,0.97599169,1.367677,1.0000
TG00004728,T00020,ELG,0.89186036,1.130875,1.0000
TG00004729,T00020,ELG,0.81617556,1.561595,1.0000
TG00004730,T00020,ELG,0.53440430,0.951346,1.0000
TG00004731,T00020,ELG,0.38979879,1.122952,1.0000
TG00004732,T00020,ELG,0.44806247,1.156916,1.0000
TG00004733,T00020,ELG,0.13810722,1.174916,1.0000
TG00004734,T00020,ELG,0.99189428,0.711456,1.0000
TG00004735,T00020,ELG,0.38485713,1.561221,1.0000
TG00004736,T00020,ELG,0.41036179,1.554143,1.0000
TG00004737,T00020,ELG,0.80202305,1.139371,1.0000
TG00004738,T00020,ELG,0.67392277,1.061009,1.0000
TG00004739,T00020,ELG,0.53610130,1.081369,1.0000
TG00004740,T00020,ELG,0.46698723,1.244457,1.0000
TG00004741,T00020,ELG,0.65582845,0.483826,1.0000
TG00004742,T00020,ELG,0.27220283,0.865788,1.0000
TG00004743,T00020,ELG,0.49517751,1.289278,1.0000
TG00004744,T00020,ELG,0.33798638,1.388056,1.0000
TG00004745,T00020,ELG,0.59556938,0.776559,1.0000
TG00004746,T00020,ELG,0.68827181,1.274415,1.0000
TG00004747,T00020,ELG,0.67103854,1.153933,1.0000
TG00004748,T00020,ELG,0.47737480,1.007642,1.0000
TG00004749,T00020,ELG,0.70868789,1.294161,1.0000
TG00004750,T00020,ELG,0.80964126,1.053954,1.0000
TG00004751,T00020,ELG,0.35766328,1.269139,1.0000
TG00004752,T00020,ELG,0.54220424,1.125348,1.0000
TG00004753,T00020,ELG,0.95427607,1.227790,1.0000
TG00004754,T00020,ELG,0.63833553,1.215037,1.0000
TG00004755,T00020,ELG,0.32292153,1.120913,1.0000
TG00004756,T00020,ELG,0.47859067,1.025497,1.0000
TG00004757,T00020,ELG,0.41255082,1.076252,1.0000
TG00004758,T00020,ELG,0.76567122,1.117742,1.0000
TG00004759,T00020,ELG,0.48335406,1.153529,1.0000
TG00004760,T00020,ELG,0.53568374,1.031014,1.0000
TG00004761,T00020,ELG,0.39549327,0.538546,1.0000
TG00004762,T00020,ELG,0.46522638,1.051384,1.0000
TG00004763,T00020,QSO,0.34460112,0.931208,1.7000
TG00004764,T00020,QSO,0.39478052,1.417130,1.7000
TG00004765,T00020,QSO,0.16830150,2.819461,1.7000
TG00004766,T00020,QSO,0.42746567,3.437635,1.7000
TG00004767,T00020,QSO,0.33880259,2.087421,1.7000
TG00004768,T00020,QSO,0.20077868,1.801693,1.7000
TG00004769,T00020,QSO,0.09721710,1.771012,1.7000
TG00004770,T00020,QSO,0.12173551,1.297348,1.7000
TG00004771,T00020,QSO,0.08874826,2.281222,1.7000
TG00004772,T00020,QSO,0.21644154,2.951902,1.7000
TG00004773,T00020,BGS,1.52769185,0.183184,0.4500
TG00004774,T00020,BGS,1.94287010,0.363820,0.4500
TG00004775,T00020,BGS,1.33541739,0.162935,0.4500
TG00004776,T00020,BGS,1.41534900,0.131009,0.4500
TG00004777,T00020,BGS,0.94821308,0.251067,0.4500
TG00004778,T00020,BGS,1.75959915,0.269500,0.4500
TG00004779,T00020,BGS,0.97667708,0.196402,0.4500
TG00004780,T00020,BGS,1.14228629,0.477976,0.4500
TG00004781,T00020,BGS,1.09612823,0.288958,0.4500
TG00004782,T00020,BGS,1.22578172,0.204365,0.4500
TG00004783,T00020,BGS,1.69093394,0.193521,0.4500
TG00004784,T00020,BGS,1.75379622,0.192729,0.4500
TG00004785,T00020,BGS,1.54011328,0.194207,0.4500
TG00004786,T00020,BGS,1.05077037,0.251129,0.4500
TG00004787,T00020,BGS,1.55476126,0.138473,0.4500
TG00004788,T00020,BGS,1.48347923,0.125082,0.4500
TG00004789,T00020,BGS,1.27873819,0.267668,0.4500
TG00004790,T00020,BGS,0.95985558,0.243875,0.4500
TG00004791,T00020,BGS,1.01505626,0.234152,0.4500
TG00004792,T00020,BGS,1.98612573,0.245927,0.4500
TG00004793,T00020,BGS,1.03613106,0.223318,0.4500
TG00004794,T00020,BGS,1.33024477,0.300325,0.4500
TG00004795,T00020,BGS,1.04737779,0.202641,0.4500
TG00004796,T00020,BGS,1.09635663,0.159205,0.4500
TG00004797,T00020,BGS,1.29860533,0.247116,0.4500
TG00004798,T00020,BGS,2.34786326,0.214960,0.4500
TG00004799,T00020,BGS,1.82031688,0.358456,0.4500
TG00004800,T00020,BGS,1.12760116,0.005870,0.4500
TG00004801,T00020,BGS,1.03036544,0.220527,0.4500
TG00004802,T00020,BGS,1.05058492,0.331188,0.4500
TG00004803,T00020,BGS,1.08425651,0.152684,0.4500
TG00004804,T00020,BGS,1.45242757,0.221260,0.4500
TG00004805,T00020,BGS,1.57256540,0.138482,0.4500
TG00004806,T00020,BGS,1.34658223,0.240919,0.4500
TG00004807,T00020,BGS,2.13050826,0.068711,0.4500
TG00004808,T00020,BGS,0.97789964,0.186674,0.4500
TG00004809,T00020,BGS,1.62505206,0.143310,0.4500
TG00004810,T00020,BGS,1.35237402,0.161193,0.4500
TG00004811,T00020,BGS,2.20652235,0.107595,0.4500
TG00004812,T00020,BGS,0.90523687,0.248126,0.4500
TG00004813,T00020,BGS,0.71972453,0.247595,0.4500
TG00004814,T00020,BGS,2.14461719,0.206259,0.4500
TG00004815,T00020,BGS,1.19059497,0.116734,0.4500
TG00004816,T00020,BGS,1.65495689,0.234818,0.4500
TG00004817,T00020,BGS,1.65780992,0.092939,0.4500
TG00004818,T00020,BGS,1.46730657,0.250336,0.4500
TG00004819,T00020,BGS,2.00907212,0.232859,0.4500
TG00004820,T00020,BGS,0.99142524,0.265699,0.4500
TG00004821,T00020,BGS,1.43052290,0.206912,0.4500
TG00004822,T00020,BGS,1.15263053,0.037228,0.4500
TG00004823,T00020,BGS,1.14152369,0.343100,0.4500
TG00004824,T00020,BGS,0.80369317,0.326628,0.4500
TG00004825,T00020,BGS,1.32133499,0.400458,0.4500
TG00004826,T00020,BGS,1.89488563,0.234483,0.4500
TG00004827,T00020,BGS,0.80946146,0.389977,0.4500
TG00004828,T00020,BGS,2.22117086,0.100497,0.4500
TG00004829,T00020,BGS,1.68192625,0.255465,0.4500
TG00004830,T00020,BGS,0.95674755,0.213706,0.4500
TG00004831,T00020,BGS,0.67954299,0.242806,0.4500
TG00004832,T00020,BGS,0.89656077,0.342140,0.4500
TG00004833,T00020,BGS,1.00688566,0.161770,0.4500
TG00004834,T00020,BGS,1.14811561,0.326454,0.4500
TG00004835,T00020,BGS,0.85134948,0.388880,0.4500
TG00004836,T00020,BGS,1.00834334,0.284962,0.4500
TG00004837,T00020,BGS,1.78715014,0.234360,0.4500
TG00004838,T00020,BGS,0.69546230,0.007704,0.4500
TG00004839,T00020,BGS,1.47323321,0.330276,0.4500
TG00004840,T00020,BGS,1.41061535,0.235147,0.4500
TG00004841,T00020,BGS,1.74913395,0.186482,0.4500
TG00004842,T00020,BGS,1.01483304,0.398457,0.4500
TG00004843,T00020,BGS,1.27249142,0.078115,0.4500
TG00004844,T00020,BGS,1.21331747,0.246610,0.4500
TG00004845,T00020,BGS,1.20877758,0.000000,0.4500
TG00004846,T00020,BGS,0.52781712,0.188366,0.4500
TG00004847,T00021,LRG,0.22136928,0.594797,1.0000
TG00004848,T00021,LRG,0.57334100,0.870734,1.0000
TG00004849,T00021,LRG,0.30766097,0.481110,1.0000
TG00004850,T00021,LRG,0.30958976,0.700545,1.0000
TG00004851,T00021,LRG,0.43823659,0.225682,1.0000
TG00004852,T00021,LRG,0.41883575,0.588175,1.0000
TG00004853,T00021,LRG,0.22942356,0.714972,1.0000
TG00004854,T00021,LRG,0.23418529,0.729268,1.0000
TG00004855,T00021,LRG,0.59449036,0.517708,1.0000
TG00004856,T00021,LRG,0.36085271,0.678920,1.0000
TG00004857,T00021,LRG,0.70597710,1.089650,1.0000
TG00004858,T00021,LRG,0.54722284,0.650478,1.0000
TG00004859,T00021,LRG,0.25069046,0.935842,1.0000
TG00004860,T00021,LRG,0.23104208,0.384825,1.0000
TG00004861,T00021,LRG,0.28457154,0.729027,1.0000
TG00004862,T00021,LRG,0.24378562,0.684990,1.0000
TG00004863,T00021,LRG,0.43843395,0.541156,1.0000
TG00004864,T00021,LRG,0.41409300,0.504690,1.0000
TG00004865,T00021,LRG,0.29675086,0.797986,1.0000
TG00004866,T00021,LRG,0.46931212,0.661593,1.0000
TG00004867,T00021,LRG,0.26851010,0.723381,1.0000
TG00004868,T00021,LRG,0.30355179,0.731892,1.0000
TG00004869,T00021,LRG,1.01255366,0.655990,1.0000
TG00004870,T00021,LRG,0.31441437,0.808487,1.0000
TG00004871,T00021,LRG,0.34785741,0.706981,1.0000
TG00004872,T00021,LRG,0.30596947,0.422421,1.0000
TG00004873,T00021,LRG,0.53615293,0.485368,1.0000
TG00004874,T00021,LRG,0.31227259,0.731771,1.0000
TG00004875,T00021,LRG,0.18979845,0.852396,1.0000
TG00004876,T00021,LRG,0.32708841,0.778591,1.0000
TG00004877,T00021,LRG,0.24631984,0.713355,1.0000
TG00004878,T00021,LRG,0.36746584,0.936588,1.0000
TG00004879,T00021,LRG,0.40794310,0.586317,1.0000
TG00004880,T00021,LRG,0.43943406,0.491458,1.0000
TG00004881,T00021,LRG,0.29450075,0.796349,1.0000
TG00004882,T00021,LRG,0.43886424,0.466888,1.0000
TG00004883,T00021,LRG,0.47792732,0.443633,1.0000
TG00004884,T00021,LRG,0.35120733,0.368497,1.0000
TG00004885,T00021,LRG,0.55902959,0.893340,1.0000
TG00004886,T00021,LRG,0.55508593,0.532882,1.0000
TG00004887,T00021,LRG,0.48605382,0.723767,1.0000
TG00004888,T00021,LRG,0.57545448,0.564033,1.0000
TG00004889,T00021,LRG,0.44642516,0.300222,1.0000
TG00004890,T00021,LRG,0.32871184,0.492068,1.0000
TG00004891,T00021,LRG,0.36431865,0.736194,1.0000
TG00004892,T00021,LRG,0.30439305,0.740703,1.0000
TG00004893,T00021,LRG,0.27348862,0.453494,1.0000
TG00004894,T00021,LRG,0.39333970,0.641076,1.0000
TG00004895,T00021,LRG,0.35350695,0.462460,1.0000
TG00004896,T00021,LRG,0.36891934,0.293518,1.0000
TG00004897,T00021,LRG,0.26572871,0.537572,1.0000
TG00004898,T00021,LRG,0.39654616,0.677034,1.0000
TG00004899,T00021,LRG,0.36106316,0.512574,1.0000
TG00004900,T00021,LRG,0.44895270,0.602662,1.0000
TG00004901,T00021,LRG,0.15782186,0.494269,1.0000
TG00004902,T00021,LRG,0.33567607,0.526647,1.0000
TG00004903,T00021,LRG,0.49914782,0.579733,1.0000
TG00004904,T00021,LRG,0.38572417,0.588638,1.0000
TG00004905,T00021,LRG,0.34925172,0.550432,1.0000
TG00004906,T00021,LRG,0.28879711,0.900029,1.0000
TG00004907,T00021,LRG,0.74210767,0.507461,1.0000
TG00004908,T00021,LRG,0.37518345,0.875287,1.0000
TG00004909,T00021,LRG,0.27986465,0.465881,1.0000
TG00004910,T00021,LRG,0.29925350,0.635791,1.0000
TG00004911,T00021,LRG,0.24687839,0.654421,1.0000
TG00004912,T00021,LRG,0.51794967,0.636070,1.0000
TG00004913,T00021,LRG,0.20189784,0.691480,1.0000
TG00004914,T00021,LRG,0.15510864,0.695364,1.0000
TG00004915,T00021,LRG,0.42462670,0.572050,1.0000
TG00004916,T00021,LRG,0.31711565,0.673257,1.0000
TG00004917,T00021,LRG,0.33132654,0.564111,1.0000
TG00004918,T00021,LRG,0.48809523,1.142088,1.0000
TG00004919,T00021,LRG,0.37650961,0.569444,1.0000
TG00004920,T00021,LRG,0.22752631,0.703085,1.0000
TG00004921,T00021,LRG,0.39781457,0.713039,1.0000
TG00004922,T00021,LRG,0.44756741,0.314106,1.0000
TG00004923,T00021,LRG,0.40217549,0.449293,1.0000
TG00004924,T00021,LRG,0.25846515,0.782241,1.0000
TG00004925,T00021,LRG,0.27358996,0.583448,1.0000
TG00004926,T00021,LRG,0.42540955,0.424395,1.0000
TG00004927,T00021,LRG,0.37427650,0.759193,1.0000
TG00004928,T00021,LRG,0.30968759,1.038033,1.0000
TG00004929,T00021,LRG,0.25904418,0.843992,1.0000
TG00004930,T00021,LRG,0.35124290,0.450580,1.0000
TG00004931,T00021,LRG,0.33515226,0.345738,1.0000
TG00004932,T00021,LRG,0.25687851,0.668111,1.0000
TG00004933,T00021,LRG,0.49284047,0.938176,1.0000
TG00004934,T00021,LRG,0.39349706,0.813585,1.0000
TG00004935,T00021,LRG,0.41527689,0.978901,1.0000
TG00004936,T00021,LRG,0.23055505,0.960585,1.0000
TG00004937,T00021,LRG,0.67615135,0.819028,1.0000
TG00004938,T00021,ELG,0.75466802,1.082161,1.0000
TG00004939,T00021,ELG,0.70611228,1.387874,1.0000
TG00004940,T00021,ELG,0.57282464,1.233875,1.0000
TG00004941,T00021,ELG,0.25441562,0.573284,1.0000
TG00004942,T00021,ELG,0.49150915,1.141567,1.0000
TG00004943,T00021,ELG,0.45441493,1.511506,1.0000
TG00004944,T00021,ELG,0.52135057,1.311700,1.0000
TG00004945,T00021,ELG,0.33127153,0.800676,1.0000
TG00004946,T00021,ELG,0.52457326,0.390309,1.0000
TG00004947,T00021,ELG,0.50309994,0.720775,1.0000
TG00004948,T00021,ELG,1.02697120,0.792222,1.0000
TG00004949,T00021,ELG,0.68788569,1.092361,1.0000
TG00004950,T00021,ELG,0.28192288,0.864807,1.0000
TG00004951,T00021,ELG,0.49432450,1.372831,1.0000
TG00004952,T00021,ELG,0.50434988,1.192048,1.0000
TG00004953,T00021,ELG,0.45153103,1.274247,1.0000
TG00004954,T00021,ELG,0.44786016,0.718519,1.0000
TG00004955,T00021,ELG,0.55001441,1.139662,1.0000
TG00004956,T00021,ELG,0.83976111,1.644620,1.0000
TG00004957,T00021,ELG,0.59730171,1.503166,1.0000
TG00004958,T00021,ELG,0.31836093,1.046601,1.0000
TG00004959,T00021,ELG,0.99231589,0.995588,1.0000
TG00004960,T00021,ELG,0.45859512,1.301498,1.0000
TG00004961,T00021,ELG,0.48165094,1.215925,1.0000
TG00004962,T00021,ELG,0.32404659,1.180045,1.0000
TG00004963,T00021,ELG,0.62285084,1.051062,1.0000
TG00004964,T00021,ELG,0.37361987,0.809657,1.0000
TG00004965,T00021,ELG,0.29459050,1.124893,1.0000
TG00004966,T00021,ELG,0.23538640,1.631846,1.0000
TG00004967,T00021,ELG,0.62929673,1.449037,1.0000
TG00004968,T00021,ELG,0.97868447,0.939902,1.0000
TG00004969,T00021,ELG,0.72968859,0.918635,1.0000
TG00004970,T00021,ELG,0.30746616,0.874779,1.0000
TG00004971,T00021,ELG,0.85307331,1.496106,1.0000
TG00004972,T00021,ELG,0.44574640,0.919282,1.0000
TG00004973,T00021,ELG,0.67299952,1.561349,1.0000
TG00004974,T00021,ELG,0.48243378,1.559674,1.0000
TG00004975,T00021,ELG,0.64887141,1.461162,1.0000
TG00004976,T00021,ELG,0.89288146,1.141174,1.0000
TG00004977,T00021,ELG,0.62559907,1.363125,1.0000
TG00004978,T00021,ELG,0.29490260,1.208832,1.0000
TG00004979,T00021,ELG,0.59878832,1.070615,1.0000
TG00004980,T00021,ELG,0.83682209,0.786392,1.0000
TG00004981,T00021,ELG,0.61011288,1.114514,1.0000
TG00004982,T00021,ELG,0.27320774,1.034190,1.0000
TG00004983,T00021,ELG,0.86057034,0.778631,1.0000
TG00004984,T00021,ELG,0.73321265,1.107318,1.0000
TG00004985,T00021,ELG,0.90406226,0.900436,1.0000
TG00004986,T00021,ELG,0.70875641,1.127250,1.0000
TG00004987,T00021,ELG,0.50414598,1.107704,1.0000
TG00004988,T00021,ELG,0.62297092,1.691926,1.0000
TG00004989,T00021,ELG,0.28570442,1.431499,1.0000
TG00004990,T00021,ELG,0.48927763,1.284663,1.0000
TG00004991,T00021,ELG,0.34167999,1.300266,1.0000
TG00004992,T00021,ELG,0.49331751,0.589802,1.0000
TG00004993,T00021,ELG,0.38776986,1.305714,1.0000
TG00004994,T00021,ELG,0.68667179,1.243299,1.0000
TG00004995,T00021,ELG,0.53136383,1.103338,1.0000
TG00004996,T00021,ELG,0.52608260,1.149587,1.0000
TG00004997,T00021,ELG,0.46360489,1.033289,1.0000
TG00004998,T00021,ELG,0.71019571,0.853230,1.0000
TG00004999,T00021,ELG,0.43786460,1.056380,1.0000
TG00005000,T00021,ELG,0.20365401,0.618226,1.0000
TG00005001,T00021,ELG,0.64601649,0.821798,1.0000
TG00005002,T00021,ELG,1.06789925,0.673846,1.0000
TG00005003,T00021,ELG,0.79091605,0.536096,1.0000
TG00005004,T00021,ELG,0.66908200,1.070511,1.0000
TG00005005,T00021,ELG,0.26630834,1.011487,1.0000
TG00005006,T00021,ELG,0.79200186,0.961122,1.0000
TG00005007,T00021,ELG,0.52485615,1.285532,1.0000
TG00005008,T00021,ELG,0.32287057,0.687384,1.0000
TG00005009,T00021,ELG,0.68500005,0.562603,1.0000
TG00005010,T00021,ELG,0.41976409,1.263602,1.0000
TG00005011,T00021,ELG,1.03528632,1.067232,1.0000
TG00005012,T00021,ELG,0.45367708,1.302436,1.0000
TG00005013,T00021,ELG,0.67517519,1.462402,1.0000
TG00005014,T00021,QSO,0.20796399,1.811567,1.7000
TG00005015,T00021,QSO,0.10028408,2.920427,1.7000
TG00005016,T00021,QSO,0.23194495,2.415008,1.7000
TG00005017,T00021,QSO,0.19467715,3.203562,1.7000
TG00005018,T00021,QSO,0.34994910,3.065490,1.7000
TG00005019,T00021,QSO,0.14228385,1.981730,1.7000
TG00005020,T00021,QSO,0.19266851,3.057019,1.7000
TG00005021,T00021,QSO,0.21261537,2.900846,1.7000
TG00005022,T00021,QSO,0.23816559,3.247178,1.7000
TG00005023,T00021,QSO,0.13794404,1.924843,1.7000
TG00005024,T00021,QSO,0.26260968,2.740569,1.7000
TG00005025,T00021,QSO,0.11209677,2.539459,1.7000
TG00005026,T00021,QSO,0.20543350,3.171029,1.7000
TG00005027,T00021,QSO,0.18384235,1.823339,1.7000
TG00005028,T00021,QSO,0.40653924,2.220294,1.7000
TG00005029,T00021,QSO,0.10335418,3.284851,1.7000
TG00005030,T00021,QSO,0.16613188,2.296033,1.7000
TG00005031,T00021,QSO,0.18096812,1.652871,1.7000
TG00005032,T00021,QSO,0.15441502,2.777883,1.7000
TG00005033,T00021,QSO,0.12140395,2.662213,1.7000
TG00005034,T00021,QSO,0.12248445,2.728173,1.7000
TG00005035,T00021,QSO,0.08476348,1.542816,1.7000
TG00005036,T00021,QSO,0.15950024,2.678309,1.7000
TG00005037,T00021,QSO,0.11064582,1.936375,1.7000
TG00005038,T00021,BGS,0.83642735,0.281396,0.4500
TG00005039,T00021,BGS,1.52562987,0.186777,0.4500
TG00005040,T00021,BGS,1.06019940,0.017567,0.4500
TG00005041,T00021,BGS,1.89455518,0.215279,0.4500
TG00005042,T00021,BGS,1.06622133,0.232094,0.4500
TG00005043,T00021,BGS,0.99115752,0.233144,0.4500
TG00005044,T00021,BGS,1.13249092,0.379732,0.4500
TG00005045,T00021,BGS,1.11434985,0.295602,0.4500
TG00005046,T00021,BGS,1.07902522,0.284688,0.4500
TG00005047,T00021,BGS,0.72137151,0.260265,0.4500
TG00005048,T00021,BGS,1.31879262,0.173411,0.4500
TG00005049,T00021,BGS,1.15828264,0.243916,0.4500
TG00005050,T00021,BGS,1.36054061,0.027913,0.4500
TG00005051,T00021,BGS,0.49480557,0.192835,0.4500
TG00005052,T00021,BGS,2.47793627,0.240490,0.4500
TG00005053,T00021,BGS,1.50972241,0.307736,0.4500
TG00005054,T00021,BGS,0.91051116,0.260258,0.4500
TG00005055,T00021,BGS,1.21849240,0.249960,0.4500
TG00005056,T00021,BGS,0.92341790,0.247046,0.4500
TG00005057,T00021,BGS,0.74428458,0.210856,0.4500
TG00005058,T00021,BGS,1.23273833,0.255749,0.4500
TG00005059,T00021,BGS,2.67813878,0.239634,0.4500
TG00005060,T00021,BGS,1.22195131,0.239087,0.4500
TG00005061,T00021,BGS,1.06837625,0.314835,0.4500
TG00005062,T00021,BGS,1.46421981,0.166991,0.4500
TG00005063,T00021,BGS,1.91055012,0.249302,0.4500
TG00005064,T00021,BGS,0.71624582,0.155823,0.4500
TG00005065,T00021,BGS,1.00637570,0.107395,0.4500
TG00005066,T00021,BGS,1.77107479,0.225852,0.4500
TG00005067,T00021,BGS,1.68696129,0.307691,0.4500
TG00005068,T00021,BGS,1.62784046,0.050704,0.4500
TG00005069,T00021,BGS,0.88379162,0.193597,0.4500
TG00005070,T00021,BGS,1.54474796,0.293884,0.4500
TG00005071,T00021,BGS,1.32526500,0.000000,0.4500
TG00005072,T00021,BGS,0.94979887,0.345881,0.4500
TG00005073,T00021,BGS,1.72225022,0.184246,0.4500
TG00005074,T00021,BGS,0.82977814,0.364953,0.4500
TG00005075,T00021,BGS,0.79488909,0.261264,0.4500
TG00005076,T00021,BGS,1.11480411,0.098204,0.4500
TG00005077,T00021,BGS,0.87462230,0.339603,0.4500
TG00005078,T00021,BGS,2.67937914,0.063879,0.4500
TG00005079,T00021,BGS,1.03952391,0.270262,0.4500
TG00005080,T00021,BGS,2.26824126,0.123385,0.4500
TG00005081,T00021,BGS,0.93523680,0.201350,0.4500
TG00005082,T00021,BGS,1.29562917,0.319687,0.4500
TG00005083,T00022,LRG,0.39724466,0.771949,1.0000
TG00005084,T00022,LRG,0.29467332,0.786400,1.0000
TG00005085,T00022,LRG,0.39815000,0.986409,1.0000
TG00005086,T00022,LRG,0.37583755,0.487377,1.0000
TG00005087,T00022,LRG,0.39820576,0.540659,1.0000
TG00005088,T00022,LRG,0.45217405,0.939604,1.0000
TG00005089,T00022,LRG,0.27504354,0.884225,1.0000
TG00005090,T00022,LRG,0.35103387,0.748509,1.0000
TG00005091,T00022,LRG,0.45095093,0.461080,1.0000
TG00005092,T00022,LRG,0.28877983,0.389606,1.0000
TG00005093,T00022,LRG,0.26904561,0.886640,1.0000
TG00005094,T00022,LRG,0.35135611,0.705612,1.0000
TG00005095,T00022,LRG,0.25382618,0.889850,1.0000
TG00005096,T00022,LRG,0.48235399,0.812615,1.0000
TG00005097,T00022,LRG,0.33390800,0.481964,1.0000
TG00005098,T00022,LRG,0.47351737,0.462755,1.0000
TG00005099,T00022,LRG,0.43056984,0.593940,1.0000
TG00005100,T00022,LRG,0.38798284,0.674843,1.0000
TG00005101,T00022,LRG,0.26208938,0.859326,1.0000
TG00005102,T00022,LRG,0.30559338,0.874330,1.0000
TG00005103,T00022,LRG,0.58919221,0.660809,1.0000
TG00005104,T00022,LRG,0.21668884,0.601394,1.0000
TG00005105,T00022,LRG,0.28287659,0.977490,1.0000
TG00005106,T00022,LRG,0.69892270,0.562428,1.0000
TG00005107,T00022,LRG,0.16590937,0.892532,1.0000
TG00005108,T00022,LRG,0.40884124,0.849006,1.0000
TG00005109,T00022,LRG,0.40047676,0.723815,1.0000
TG00005110,T00022,LRG,0.44559195,0.634645,1.0000
TG00005111,T00022,LRG,0.52655765,0.464852,1.0000
TG00005112,T00022,LRG,0.12881318,0.945130,1.0000
TG00005113,T00022,LRG,0.41475426,0.829128,1.0000
TG00005114,T00022,LRG,0.47883846,0.879729,1.0000
TG00005115,T00022,LRG,0.44101216,0.550515,1.0000
TG00005116,T00022,LRG,0.22233710,0.868428,1.0000
TG00005117,T00022,LRG,0.51159138,0.769881,1.0000
TG00005118,T00022,LRG,0.18624798,0.816494,1.0000
TG00005119,T00022,LRG,0.31095170,0.613783,1.0000
TG00005120,T00022,LRG,0.40412529,0.592249,1.0000
TG00005121,T00022,LRG,0.18594945,0.796989,1.0000
TG00005122,T00022,LRG,0.28935142,0.741734,1.0000
TG00005123,T00022,LRG,0.41430660,0.779344,1.0000
TG00005124,T00022,LRG,0.50965102,0.593007,1.0000
TG00005125,T00022,LRG,0.24922355,0.625403,1.0000
TG00005126,T00022,LRG,0.42593585,0.802142,1.0000
TG00005127,T00022,LRG,0.37465060,0.935247,1.0000
TG00005128,T00022,LRG,0.48904638,0.653584,1.0000
TG00005129,T00022,LRG,0.34590047,0.743800,1.0000
TG00005130,T00022,LRG,0.30458270,0.681893,1.0000
TG00005131,T00022,LRG,0.39886572,0.583406,1.0000
TG00005132,T00022,LRG,0.20239366,0.552412,1.0000
TG00005133,T00022,LRG,0.46615586,0.638899,1.0000
TG00005134,T00022,LRG,0.33210938,0.570555,1.0000
TG00005135,T00022,LRG,0.23673431,0.783611,1.0000
TG00005136,T00022,LRG,0.36934779,0.671966,1.0000
TG00005137,T00022,LRG,0.57614619,0.650771,1.0000
TG00005138,T00022,LRG,0.28907816,0.563316,1.0000
TG00005139,T00022,LRG,0.63666341,0.452462,1.0000
TG00005140,T00022,LRG,0.32401579,0.408539,1.0000
TG00005141,T00022,LRG,0.51341481,0.669644,1.0000
TG00005142,T00022,ELG,0.62395894,0.985845,1.0000
TG00005143,T00022,ELG,0.39950358,0.736396,1.0000
TG00005144,T00022,ELG,0.55276727,0.986188,1.0000
TG00005145,T00022,ELG,0.56009248,1.121117,1.0000
TG00005146,T00022,ELG,0.41654026,0.564564,1.0000
TG00005147,T00022,ELG,0.80032739,0.882364,1.0000
TG00005148,T00022,ELG,0.58737893,0.980593,1.0000
TG00005149,T00022,ELG,0.63353887,1.095825,1.0000
TG00005150,T00022,ELG,0.58787541,1.009163,1.0000
TG00005151,T00022,ELG,0.47668351,1.754632,1.0000
TG00005152,T00022,ELG,0.81796828,1.005720,1.0000
TG00005153,T00022,ELG,0.60605549,1.009023,1.0000
TG00005154,T00022,ELG,0.54700489,1.142472,1.0000
TG00005155,T00022,ELG,0.16035741,1.145583,1.0000
TG00005156,T00022,ELG,0.27714894,1.366436,1.0000
TG00005157,T00022,ELG,0.50390312,0.950397,1.0000
TG00005158,T00022,ELG,0.41739249,0.992872,1.0000
TG00005159,T00022,ELG,0.48357907,1.264929,1.0000
TG00005160,T00022,ELG,0.42089107,1.285595,1.0000
TG00005161,T00022,ELG,0.78228264,1.213580,1.0000
TG00005162,T00022,ELG,0.93551652,1.155046,1.0000
TG00005163,T00022,ELG,0.53957686,0.776657,1.0000
TG00005164,T00022,ELG,0.47616473,1.349878,1.0000
TG00005165,T00022,ELG,0.57406678,0.780668,1.0000
TG00005166,T00022,ELG,0.39846467,1.384168,1.0000
TG00005167,T00022,ELG,0.24673352,1.132052,1.0000
TG00005168,T00022,ELG,0.75609741,1.510987,1.0000
TG00005169,T00022,ELG,1.08951154,1.642353,1.0000
TG00005170,T00022,ELG,0.68447646,0.313391,1.0000
TG00005171,T00022,ELG,0.29957984,1.036845,1.0000
TG00005172,T00022,ELG,0.30404507,1.778496,1.0000
TG00005173,T00022,ELG,0.52588789,1.171996,1.0000
TG00005174,T00022,ELG,0.60299505,0.695524,1.0000
TG00005175,T00022,ELG,1.15291889,1.166711,1.0000
TG00005176,T00022,ELG,0.53425997,1.206290,1.0000
TG00005177,T00022,ELG,0.25904730,1.180069,1.0000
TG00005178,T00022,ELG,0.87923983,0.882660,1.0000
TG00005179,T00022,ELG,0.41766809,1.387204,1.0000
TG00005180,T00022,ELG,0.58188084,1.287345,1.0000
TG00005181,T00022,ELG,0.67144107,0.556189,1.0000
TG00005182,T00022,ELG,1.14015598,1.420005,1.0000
TG00005183,T00022,ELG,0.29836030,1.397938,1.0000
TG00005184,T00022,ELG,0.31754288,1.401465,1.0000
TG00005185,T00022,ELG,0.42868628,1.480965,1.0000
TG00005186,T00022,ELG,0.56957928,1.442115,1.0000
TG00005187,T00022,ELG,0.56683953,1.114311,1.0000
TG00005188,T00022,ELG,0.71172976,0.392778,1.0000
TG00005189,T00022,ELG,0.65452180,0.559317,1.0000
TG00005190,T00022,ELG,0.48666162,1.238860,1.0000
TG00005191,T00022,ELG,0.95639156,1.092426,1.0000
TG00005192,T00022,ELG,0.63644253,1.027642,1.0000
TG00005193,T00022,ELG,1.50375629,1.088498,1.0000
TG00005194,T00022,ELG,0.47879582,1.507043,1.0000
TG00005195,T00022,ELG,1.87346068,1.317382,1.0000
TG00005196,T00022,ELG,0.57735639,0.738209,1.0000
TG00005197,T00022,ELG,0.37523061,1.175378,1.0000
TG00005198,T00022,ELG,0.73238236,0.519196,1.0000
TG00005199,T00022,ELG,0.77256481,1.492830,1.0000
TG00005200,T00022,ELG,0.49716743,0.987743,1.0000
TG00005201,T00022,ELG,0.57091476,0.795076,1.0000
TG00005202,T00022,ELG,0.25150245,1.170716,1.0000
TG00005203,T00022,ELG,0.60717743,0.687650,1.0000
TG00005204,T00022,ELG,0.71611120,1.002696,1.0000
TG00005205,T00022,ELG,0.54732850,0.850532,1.0000
TG00005206,T00022,ELG,0.56158297,0.969608,1.0000
TG00005207,T00022,ELG,0.32686693,0.906554,1.0000
TG00005208,T00022,ELG,0.79602076,1.451300,1.0000
TG00005209,T00022,ELG,0.36632479,1.410105,1.0000
TG00005210,T00022,ELG,1.01228588,1.355814,1.0000
TG00005211,T00022,ELG,0.61793492,1.519470,1.0000
TG00005212,T00022,ELG,0.91352424,1.120787,1.0000
TG00005213,T00022,ELG,0.49820047,0.987750,1.0000
TG00005214,T00022,ELG,0.88730537,1.122504,1.0000
TG00005215,T00022,ELG,0.90999613,1.488952,1.0000
TG00005216,T00022,ELG,0.32227938,1.018267,1.0000
TG00005217,T00022,ELG,0.53739599,0.735615,1.0000
TG00005218,T00022,ELG,0.58536957,1.064202,1.0000
TG00005219,T00022,ELG,0.42705194,1.383859,1.0000
TG00005220,T00022,ELG,0.64548786,1.404910,1.0000
TG00005221,T00022,ELG,0.55578626,0.949833,1.0000
TG00005222,T00022,ELG,0.39173969,0.865607,1.0000
TG00005223,T00022,ELG,0.53712215,1.109088,1.0000
TG00005224,T00022,ELG,0.42155199,1.150979,1.0000
TG00005225,T00022,ELG,0.96181605,1.192340,1.0000
TG00005226,T00022,ELG,0.41934449,1.229417,1.0000
TG00005227,T00022,ELG,0.33002107,1.069828,1.0000
TG00005228,T00022,ELG,0.92587227,1.407502,1.0000
TG00005229,T00022,ELG,0.75630687,1.350151,1.0000
TG00005230,T00022,ELG,0.36068421,0.784575,1.0000
TG00005231,T00022,ELG,1.05082710,1.118639,1.0000
TG00005232,T00022,ELG,0.37389056,1.945448,1.0000
TG00005233,T00022,ELG,0.85746452,1.052421,1.0000
TG00005234,T00022,ELG,1.06119071,1.004417,1.0000
TG00005235,T00022,ELG,0.52866614,1.389974,1.0000
TG00005236,T00022,ELG,0.34443186,1.132687,1.0000
TG00005237,T00022,ELG,0.85706327,0.822271,1.0000
TG00005238,T00022,ELG,0.59024675,1.105863,1.0000
TG00005239,T00022,ELG,0.43374587,1.203122,1.0000
TG00005240,T00022,ELG,1.50080323,1.076846,1.0000
TG00005241,T00022,ELG,0.71545311,1.122340,1.0000
TG00005242,T00022,ELG,0.36207107,1.217863,1.0000
TG00005243,T00022,ELG,0.61335830,1.048553,1.0000
TG00005244,T00022,ELG,0.68855078,0.655180,1.0000
TG00005245,T00022,ELG,1.37556763,0.786090,1.0000
TG00005246,T00022,ELG,0.39077265,1.355330,1.0000
TG00005247,T00022,ELG,0.44369528,1.136393,1.0000
TG00005248,T00022,ELG,0.41143939,0.870360,1.0000
TG00005249,T00022,ELG,0.98724996,0.850817,1.0000
TG00005250,T00022,QSO,0.36381724,2.576701,1.7000
TG00005251,T00022,QSO,0.27961481,1.477929,1.7000
TG00005252,T00022,QSO,0.39510701,2.155060,1.7000
TG00005253,T00022,QSO,0.09975253,3.187231,1.7000
TG00005254,T00022,QSO,0.08737433,3.158960,1.7000
TG00005255,T00022,QSO,0.13895132,2.208885,1.7000
TG00005256,T00022,QSO,0.15632875,1.203594,1.7000
TG00005257,T00022,QSO,0.13656294,3.185485,1.7000
TG00005258,T00022,QSO,0.42665229,1.869797,1.7000
TG00005259,T00022,QSO,0.13912612,1.502629,1.7000
TG00005260,T00022,QSO,0.17455918,1.341391,1.7000
TG00005261,T00022,QSO,0.25571341,2.567013,1.7000
TG00005262,T00022,QSO,0.26937832,1.627289,1.7000
TG00005263,T00022,QSO,0.09535431,2.392469,1.7000
TG00005264,T00022,QSO,0.13647012,2.589285,1.7000
TG00005265,T00022,QSO,0.08138573,2.923787,1.7000
TG00005266,T00022,QSO,0.23101739,2.644594,1.7000
TG00005267,T00022,QSO,0.06239108,1.867994,1.7000
TG00005268,T00022,QSO,0.10421374,2.120365,1.7000
TG00005269,T00022,BGS,2.49171655,0.281418,0.4500
TG00005270,T00022,BGS,2.47335622,0.123254,0.4500
TG00005271,T00022,BGS,1.54318874,0.145679,0.4500
TG00005272,T00022,BGS,1.04822003,0.243948,0.4500
TG00005273,T00022,BGS,1.63370259,0.428719,0.4500
TG00005274,T00022,BGS,1.21520306,0.412027,0.4500
TG00005275,T00022,BGS,0.66551013,0.232257,0.4500
TG00005276,T00022,BGS,1.49187228,0.227147,0.4500
TG00005277,T00022,BGS,1.35141512,0.234208,0.4500
TG00005278,T00022,BGS,1.54477885,0.184848,0.4500
TG00005279,T00022,BGS,2.08378655,0.256688,0.4500
TG00005280,T00022,BGS,1.39570318,0.355449,0.4500
TG00005281,T00022,BGS,1.96796772,0.243886,0.4500
TG00005282,T00022,BGS,1.60979677,0.292791,0.4500
TG00005283,T00022,BGS,1.39931010,0.268446,0.4500
TG00005284,T00022,BGS,1.48891620,0.049755,0.4500
TG00005285,T00022,BGS,1.18591830,0.215992,0.4500
TG00005286,T00022,BGS,2.53219902,0.228807,0.4500
TG00005287,T00022,BGS,2.80045288,0.259526,0.4500
TG00005288,T00022,BGS,1.68500259,0.307118,0.4500
TG00005289,T00022,BGS,1.86919835,0.370106,0.4500
TG00005290,T00022,BGS,2.47157050,0.170402,0.4500
TG00005291,T00022,BGS,1.44794951,0.144319,0.4500
TG00005292,T00022,BGS,0.72855601,0.404271,0.4500
TG00005293,T00022,BGS,1.35793608,0.083499,0.4500
TG00005294,T00022,BGS,0.98697301,0.201241,0.4500
TG00005295,T00022,BGS,0.89010354,0.134183,0.4500
TG00005296,T00022,BGS,1.48315236,0.158861,0.4500
TG00005297,T00022,BGS,0.98812605,0.398240,0.4500
TG00005298,T00022,BGS,1.19387746,0.283545,0.4500
TG00005299,T00022,BGS,1.59418432,0.237678,0.4500
TG00005300,T00022,BGS,0.91894280,0.165342,0.4500
TG00005301,T00022,BGS,1.29180313,0.192399,0.4500
TG00005302,T00022,BGS,2.03177339,0.257218,0.4500
TG00005303,T00022,BGS,1.02302145,0.303418,0.4500
TG00005304,T00022,BGS,1.87257630,0.000000,0.4500
TG00005305,T00022,BGS,2.26166093,0.194767,0.4500
TG00005306,T00022,BGS,1.38275197,0.258846,0.4500
TG00005307,T00022,BGS,1.18863699,0.228108,0.4500
TG00005308,T00022,BGS,1.34917009,0.339551,0.4500
TG00005309,T00022,BGS,1.73989371,0.290899,0.4500
TG00005310,T00022,BGS,1.93283196,0.362482,0.4500
TG00005311,T00022,BGS,1.11177148,0.128856,0.4500
TG00005312,T00022,BGS,2.38813641,0.166564,0.4500
TG00005313,T00022,BGS,2.15486424,0.229539,0.4500
TG00005314,T00022,BGS,0.51069306,0.160220,0.4500
TG00005315,T00022,BGS,1.33414045,0.301558,0.4500
TG00005316,T00022,BGS,1.22769367,0.304495,0.4500
TG00005317,T00022,BGS,1.26067792,0.180262,0.4500
TG00005318,T00022,BGS,2.25522810,0.178929,0.4500
TG00005319,T00022,BGS,1.33913065,0.193358,0.4500
TG00005320,T00022,BGS,0.98463824,0.244942,0.4500
TG00005321,T00022,BGS,1.07039961,0.286357,0.4500
TG00005322,T00022,BGS,1.18242868,0.226138,0.4500
TG00005323,T00022,BGS,1.00103263,0.337806,0.4500
TG00005324,T00022,BGS,1.14672096,0.218376,0.4500
TG00005325,T00022,BGS,1.36744456,0.251518,0.4500
TG00005326,T00022,BGS,1.74910306,0.188858,0.4500
TG00005327,T00022,BGS,1.13599474,0.071660,0.4500
TG00005328,T00022,BGS,0.94111417,0.210164,0.4500
TG00005329,T00022,BGS,2.09190935,0.094947,0.4500
TG00005330,T00022,BGS,0.72025041,0.358770,0.4500
TG00005331,T00022,BGS,1.56203603,0.313585,0.4500
TG00005332,T00022,BGS,1.06392769,0.215295,0.4500
TG00005333,T00022,BGS,1.15604974,0.335162,0.4500
TG00005334,T00022,BGS,1.17555423,0.298603,0.4500
TG00005335,T00022,BGS,0.80397397,0.151631,0.4500
TG00005336,T00022,BGS,2.54132445,0.108819,0.4500
TG00005337,T00022,BGS,1.01702141,0.303615,0.4500
TG00005338,T00022,BGS,1.55526900,0.259695,0.4500
TG00005339,T00022,BGS,1.08965005,0.193119,0.4500
TG00005340,T00022,BGS,1.65113278,0.285965,0.4500
TG00005341,T00022,BGS,0.83783029,0.363395,0.4500
TG00005342,T00022,BGS,1.63718873,0.244019,0.4500
TG00005343,T00022,BGS,0.79125254,0.063135,0.4500
TG00005344,T00022,BGS,1.65065696,0.282535,0.4500
TG00005345,T00022,BGS,1.75503176,0.191352,0.4500
TG00005346,T00022,BGS,1.67099184,0.284262,0.4500
TG00005347,T00022,BGS,1.49539433,0.058283,0.4500
TG00005348,T00022,BGS,1.42944516,0.118436,0.4500
TG00005349,T00022,BGS,1.41416530,0.189955,0.4500
TG00005350,T00022,BGS,0.83936525,0.298975,0.4500
TG00005351,T00022,BGS,1.67075064,0.307316,0.4500
TG00005352,T00022,BGS,0.86515465,0.275924,0.4500
TG00005353,T00022,BGS,0.97363666,0.139966,0.4500
TG00005354,T00022,BGS,1.35453621,0.171850,0.4500
TG00005355,T00022,BGS,0.82576531,0.163420,0.4500
TG00005356,T00022,BGS,1.27848180,0.214848,0.4500
TG00005357,T00022,BGS,1.50214499,0.026964,0.4500
TG00005358,T00022,BGS,1.52945997,0.148958,0.4500
TG00005359,T00022,BGS,1.12068644,0.134811,0.4500
TG00005360,T00022,BGS,1.00211805,0.259917,0.4500
TG00005361,T00022,BGS,1.26188424,0.100402,0.4500
TG00005362,T00022,BGS,2.15915759,0.094947,0.4500
TG00005363,T00022,BGS,2.24210482,0.101845,0.4500
TG00005364,T00022,BGS,0.94253321,0.277917,0.4500
TG00005365,T00022,BGS,1.06252899,0.104854,0.4500
TG00005366,T00022,BGS,1.35919309,0.172117,0.4500
TG00005367,T00022,BGS,1.21176679,0.138306,0.4500
TG00005368,T00022,BGS,1.80169715,0.173773,0.4500
TG00005369,T00022,BGS,1.20877426,0.276034,0.4500
TG00005370,T00022,BGS,2.48429337,0.291807,0.4500
TG00005371,T00022,BGS,1.74429768,0.288369,0.4500
TG00005372,T00022,BGS,1.30114515,0.178972,0.4500
TG00005373,T00022,BGS,1.32360595,0.117484,0.4500
TG00005374,T00022,BGS,1.22306801,0.222489,0.4500
TG00005375,T00022,BGS,2.36253629,0.209494,0.4500
TG00005376,T00022,BGS,0.67106075,0.216875,0.4500
TG00005377,T00022,BGS,0.84275483,0.180011,0.4500
TG00005378,T00023,LRG,0.49567518,0.640604,1.0000
TG00005379,T00023,LRG,0.38614872,0.340658,1.0000
TG00005380,T00023,LRG,0.31479937,0.551767,1.0000
TG00005381,T00023,LRG,0.48297299,0.847914,1.0000
TG00005382,T00023,LRG,0.20080812,1.001720,1.0000
TG00005383,T00023,LRG,0.32756502,0.399239,1.0000
TG00005384,T00023,LRG,0.31224520,0.688600,1.0000
TG00005385,T00023,LRG,0.23244529,0.457990,1.0000
TG00005386,T00023,LRG,0.26361378,0.803935,1.0000
TG00005387,T00023,LRG,0.37490821,0.632369,1.0000
TG00005388,T00023,LRG,0.30851077,0.542922,1.0000
TG00005389,T00023,LRG,0.30137475,0.917888,1.0000
TG00005390,T00023,LRG,0.32317101,0.570972,1.0000
TG00005391,T00023,LRG,0.39015246,0.768604,1.0000
TG00005392,T00023,LRG,0.44260047,0.670370,1.0000
TG00005393,T00023,LRG,0.21599736,0.946973,1.0000
TG00005394,T00023,LRG,0.22469036,0.517245,1.0000
TG00005395,T00023,LRG,0.36246748,0.584833,1.0000
TG00005396,T00023,LRG,0.42204344,0.434808,1.0000
TG00005397,T00023,LRG,0.19372846,0.734195,1.0000
TG00005398,T00023,LRG,0.31233748,1.083015,1.0000
TG00005399,T00023,LRG,0.56964880,0.809616,1.0000
TG00005400,T00023,LRG,0.45693346,0.653633,1.0000
TG00005401,T00023,LRG,0.31128666,0.626285,1.0000
TG00005402,T00023,LRG,0.27900195,1.263352,1.0000
TG00005403,T00023,LRG,0.34742890,0.654959,1.0000
TG00005404,T00023,LRG,0.51597234,0.757037,1.0000
TG00005405,T00023,LRG,0.53458188,0.937539,1.0000
TG00005406,T00023,LRG,0.45346624,0.779489,1.0000
TG00005407,T00023,LRG,0.46840135,0.503363,1.0000
TG00005408,T00023,LRG,0.26739273,0.471563,1.0000
TG00005409,T00023,LRG,0.42245332,0.525378,1.0000
TG00005410,T00023,LRG,0.33955906,0.518351,1.0000
TG00005411,T00023,ELG,0.44073028,1.479547,1.0000
TG00005412,T00023,ELG,0.45934554,1.327867,1.0000
TG00005413,T00023,ELG,0.46243365,0.882090,1.0000
TG00005414,T00023,ELG,0.37935194,1.027190,1.0000
TG00005415,T00023,ELG,0.36964619,1.260682,1.0000
TG00005416,T00023,ELG,0.47781801,0.545383,1.0000
TG00005417,T00023,ELG,0.57459238,0.824916,1.0000
TG00005418,T00023,ELG,1.74943960,0.682444,1.0000
TG00005419,T00023,ELG,0.91287497,1.352806,1.0000
TG00005420,T00023,ELG,0.30713246,0.623909,1.0000
TG00005421,T00023,ELG,0.43654937,1.425496,1.0000
TG00005422,T00023,ELG,0.90161832,1.380316,1.0000
TG00005423,T00023,ELG,0.39427919,1.512111,1.0000
TG00005424,T00023,ELG,0.54525014,0.874536,1.0000
TG00005425,T00023,ELG,0.51294144,0.784290,1.0000
TG00005426,T00023,ELG,0.35679133,0.789293,1.0000
TG00005427,T00023,ELG,0.79329566,1.521798,1.0000
TG00005428,T00023,ELG,0.32670447,1.694930,1.0000
TG00005429,T00023,ELG,0.51551899,1.502843,1.0000
TG00005430,T00023,ELG,0.38141552,0.826753,1.0000
TG00005431,T00023,ELG,0.81074659,1.131501,1.0000
TG00005432,T00023,ELG,0.64419947,0.840097,1.0000
TG00005433,T00023,ELG,0.57385139,1.279619,1.0000
TG00005434,T00023,ELG,0.64718794,1.333153,1.0000
TG00005435,T00023,ELG,0.40099259,0.810711,1.0000
TG00005436,T00023,ELG,0.45891675,1.131317,1.0000
TG00005437,T00023,ELG,0.64759358,0.964332,1.0000
TG00005438,T00023,ELG,0.74444467,1.535179,1.0000
TG00005439,T00023,ELG,0.62488816,1.142252,1.0000
TG00005440,T00023,ELG,0.35315245,1.353813,1.0000
TG00005441,T00023,ELG,0.40826091,0.904275,1.0000
TG00005442,T00023,ELG,0.84003553,1.231756,1.0000
TG00005443,T00023,ELG,0.57304449,1.004995,1.0000
TG00005444,T00023,ELG,0.38442480,1.476703,1.0000
TG00005445,T00023,ELG,0.70954273,1.220971,1.0000
TG00005446,T00023,ELG,0.26623292,0.911488,1.0000
TG00005447,T00023,ELG,0.61449046,1.210448,1.0000
TG00005448,T00023,ELG,0.78825951,1.007298,1.0000
TG00005449,T00023,ELG,0.46457434,1.127066,1.0000
TG00005450,T00023,ELG,0.77703888,0.642457,1.0000
TG00005451,T00023,ELG,0.50724630,1.244161,1.0000
TG00005452,T00023,ELG,0.29209213,0.812413,1.0000
TG00005453,T00023,ELG,0.38284277,1.347411,1.0000
TG00005454,T00023,ELG,0.40514279,0.752881,1.0000
TG00005455,T00023,ELG,0.64568756,0.884107,1.0000
TG00005456,T00023,ELG,0.31457490,0.899869,1.0000
TG00005457,T00023,ELG,0.35632834,1.078821,1.0000
TG00005458,T00023,ELG,0.35246806,1.080901,1.0000
TG00005459,T00023,ELG,0.22243714,0.789153,1.0000
TG00005460,T00023,ELG,0.44506406,0.921983,1.0000
TG00005461,T00023,ELG,0.42160160,0.990602,1.0000
TG00005462,T00023,ELG,0.38120152,1.435287,1.0000
TG00005463,T00023,ELG,0.50883649,1.147651,1.0000
TG00005464,T00023,ELG,1.03723288,1.183769,1.0000
TG00005465,T00023,ELG,0.71582225,1.177592,1.0000
TG00005466,T00023,ELG,0.51144196,0.959162,1.0000
TG00005467,T00023,ELG,0.54486155,1.119674,1.0000
TG00005468,T00023,ELG,0.77758510,1.039186,1.0000
TG00005469,T00023,ELG,0.59966359,0.960824,1.0000
TG00005470,T00023,ELG,1.24463324,1.864836,1.0000
TG00005471,T00023,ELG,0.90457613,0.705960,1.0000
TG00005472,T00023,ELG,0.51462681,0.617671,1.0000
TG00005473,T00023,ELG,0.55711562,0.506929,1.0000
TG00005474,T00023,ELG,1.15181410,1.663062,1.0000
TG00005475,T00023,ELG,0.68856871,0.835817,1.0000
TG00005476,T00023,ELG,0.83566647,1.117717,1.0000
TG00005477,T00023,ELG,0.62281216,0.693223,1.0000
TG00005478,T00023,ELG,0.44479332,1.351378,1.0000
TG00005479,T00023,ELG,0.60680119,1.037999,1.0000
TG00005480,T00023,ELG,0.51607955,0.953023,1.0000
TG00005481,T00023,ELG,0.56831751,0.757406,1.0000
TG00005482,T00023,ELG,0.34135565,0.754312,1.0000
TG00005483,T00023,ELG,0.98867151,0.549012,1.0000
TG00005484,T00023,ELG,0.37730158,1.574561,1.0000
TG00005485,T00023,ELG,1.02966195,0.823831,1.0000
TG00005486,T00023,ELG,0.83164955,0.789411,1.0000
TG00005487,T00023,ELG,0.38893617,1.195038,1.0000
TG00005488,T00023,ELG,0.49129740,0.723469,1.0000
TG00005489,T00023,ELG,0.49670337,0.857175,1.0000
TG00005490,T00023,ELG,0.76885203,1.002100,1.0000
TG00005491,T00023,ELG,0.43143996,1.286669,1.0000
TG00005492,T00023,ELG,0.63209019,0.987211,1.0000
TG00005493,T00023,ELG,0.42991747,1.226983,1.0000
TG00005494,T00023,ELG,0.49855636,1.189631,1.0000
TG00005495,T00023,ELG,1.23188236,1.196295,1.0000
TG00005496,T00023,ELG,0.38421859,1.533229,1.0000
TG00005497,T00023,ELG,0.39833582,1.186952,1.0000
TG00005498,T00023,ELG,0.35090599,0.617126,1.0000
TG00005499,T00023,ELG,0.95567809,0.836266,1.0000
TG00005500,T00023,ELG,1.34398138,1.118489,1.0000
TG00005501,T00023,ELG,0.29830618,1.415951,1.0000
TG00005502,T00023,ELG,0.89745503,0.955821,1.0000
TG00005503,T00023,ELG,0.53712049,0.942859,1.0000
TG00005504,T00023,ELG,0.81275060,1.191396,1.0000
TG00005505,T00023,ELG,0.38823883,1.136857,1.0000
TG00005506,T00023,ELG,0.48010459,1.088177,1.0000
TG00005507,T00023,ELG,0.72777304,0.822387,1.0000
TG00005508,T00023,ELG,0.30949532,0.982534,1.0000
TG00005509,T00023,ELG,0.93323632,0.917413,1.0000
TG00005510,T00023,ELG,0.84039328,1.698134,1.0000
TG00005511,T00023,ELG,0.19255723,0.807124,1.0000
TG00005512,T00023,QSO,0.07372235,2.237422,1.7000
TG00005513,T00023,QSO,0.16284061,2.330766,1.7000
TG00005514,T00023,QSO,0.13637475,1.840289,1.7000
TG00005515,T00023,QSO,0.12013392,2.305417,1.7000
TG00005516,T00023,QSO,0.06840071,2.614675,1.7000
TG00005517,T00023,QSO,0.22287339,1.769256,1.7000
TG00005518,T00023,QSO,0.11513707,2.566967,1.7000
TG00005519,T00023,QSO,0.12752617,0.760881,1.7000
TG00005520,T00023,QSO,0.22828646,1.566898,1.7000
TG00005521,T00023,QSO,0.08079358,1.190375,1.7000
TG00005522,T00023,QSO,0.19041514,1.191271,1.7000
TG00005523,T00023,QSO,0.36111826,1.484755,1.7000
TG00005524,T00023,QSO,0.18566539,2.104001,1.7000
TG00005525,T00023,QSO,0.21870040,2.793005,1.7000
TG00005526,T00023,BGS,1.12991627,0.322070,0.4500
TG00005527,T00023,BGS,0.98308801,0.226658,0.4500
TG00005528,T00023,BGS,0.89703058,0.330348,0.4500
TG00005529,T00023,BGS,1.25281503,0.183724,0.4500
TG00005530,T00023,BGS,1.16176351,0.124980,0.4500
TG00005531,T00023,BGS,1.20979220,0.127147,0.4500
TG00005532,T00023,BGS,1.12248604,0.095386,0.4500
TG00005533,T00023,BGS,0.79144777,0.254507,0.4500
TG00005534,T00023,BGS,1.23377039,0.201553,0.4500
TG00005535,T00023,BGS,1.46539453,0.248503,0.4500
TG00005536,T00023,BGS,0.75388979,0.242247,0.4500
TG00005537,T00023,BGS,0.90262696,0.232101,0.4500
TG00005538,T00023,BGS,1.64259721,0.259185,0.4500
TG00005539,T00023,BGS,0.70698335,0.175425,0.4500
TG00005540,T00023,BGS,1.04027981,0.317609,0.4500
TG00005541,T00023,BGS,0.60960547,0.170118,0.4500
TG00005542,T00023,BGS,0.86988382,0.114410,0.4500
TG00005543,T00023,BGS,1.61773540,0.301457,0.4500
TG00005544,T00023,BGS,1.30131685,0.267664,0.4500
TG00005545,T00023,BGS,1.35720016,0.208872,0.4500
TG00005546,T00023,BGS,1.35673097,0.274488,0.4500
TG00005547,T00023,BGS,1.08563494,0.269762,0.4500
TG00005548,T00023,BGS,1.17329839,0.218018,0.4500
TG00005549,T00023,BGS,0.94142819,0.303524,0.4500
TG00005550,T00023,BGS,0.88717419,0.103918,0.4500
TG00005551,T00023,BGS,1.15103717,0.147479,0.4500
TG00005552,T00023,BGS,2.01381464,0.138905,0.4500
TG00005553,T00023,BGS,1.19149204,0.353709,0.4500
TG00005554,T00023,BGS,1.34724984,0.194457,0.4500
TG00005555,T00023,BGS,0.75962903,0.020675,0.4500
TG00005556,T00023,BGS,0.83623445,0.225704,0.4500
TG00005557,T00023,BGS,2.35794887,0.306405,0.4500
TG00005558,T00023,BGS,1.46601926,0.247660,0.4500
TG00005559,T00023,BGS,1.61407813,0.277941,0.4500
TG00005560,T00023,BGS,1.44913047,0.079471,0.4500
TG00005561,T00023,BGS,1.72882821,0.236973,0.4500
TG00005562,T00023,BGS,0.84654620,0.160741,0.4500
TG00005563,T00023,BGS,0.94017800,0.107523,0.4500
TG00005564,T00023,BGS,1.16305711,0.237944,0.4500
TG00005565,T00023,BGS,0.94436190,0.318803,0.4500
TG00005566,T00023,BGS,1.18226587,0.088617,0.4500
TG00005567,T00023,BGS,0.94067234,0.193179,0.4500
TG00005568,T00023,BGS,1.44516851,0.066724,0.4500
TG00005569,T00023,BGS,0.97429576,0.184232,0.4500
TG00005570,T00023,BGS,1.15583755,0.165083,0.4500
TG00005571,T00023,BGS,1.57995019,0.337885,0.4500
TG00005572,T00023,BGS,1.48071597,0.216577,0.4500
TG00005573,T00023,BGS,1.00792370,0.310068,0.4500
TG00005574,T00023,BGS,1.42528009,0.130703,0.4500
TG00005575,T00023,BGS,1.42906397,0.366834,0.4500
TG00005576,T00023,BGS,1.01632710,0.169018,0.4500
TG00005577,T00023,BGS,1.60361345,0.226882,0.4500
TG00005578,T00023,BGS,1.67659518,0.360846,0.4500
TG00005579,T00023,BGS,1.74944458,0.241138,0.4500
TG00005580,T00023,BGS,1.04181521,0.097027,0.4500
TG00005581,T00023,BGS,1.08355092,0.244339,0.4500
TG00005582,T00023,BGS,1.19827059,0.250572,0.4500
TG00005583,T00023,BGS,1.35989731,0.248265,0.4500
TG00005584,T00023,BGS,1.28331460,0.245956,0.4500
TG00005585,T00023,BGS,1.60219729,0.185519,0.4500
TG00005586,T00023,BGS,1.56090365,0.162543,0.4500
TG00005587,T00023,BGS,0.86611006,0.225403,0.4500
TG00005588,T00023,BGS,0.96763610,0.318068,0.4500
TG00005589,T00023,BGS,1.17000460,0.288446,0.4500
TG00005590,T00023,BGS,1.13742837,0.275394,0.4500
TG00005591,T00023,BGS,0.95904418,0.174436,0.4500
TG00005592,T00023,BGS,0.97748406,0.253252,0.4500
TG00005593,T00023,BGS,0.81973151,0.074437,0.4500
TG00005594,T00023,BGS,1.38374004,0.235779,0.4500
TG00005595,T00023,BGS,2.25763955,0.076814,0.4500
TG00005596,T00023,BGS,1.97305889,0.191824,0.4500
TG00005597,T00023,BGS,0.92287612,0.334944,0.4500
TG00005598,T00023,BGS,1.15586957,0.247528,0.4500
TG00005599,T00023,BGS,2.40395512,0.281611,0.4500
TG00005600,T00023,BGS,1.32888102,0.081122,0.4500
TG00005601,T00023,BGS,1.47905890,0.214162,0.4500
TG00005602,T00023,BGS,1.69423511,0.321520,0.4500
TG00005603,T00023,BGS,1.52982232,0.264591,0.4500
TG00005604,T00023,BGS,0.84206547,0.148408,0.4500
TG00005605,T00023,BGS,1.69189530,0.214070,0.4500
TG00005606,T00023,BGS,1.61729235,0.321928,0.4500
TG00005607,T00023,BGS,1.59675107,0.230594,0.4500
TG00005608,T00023,BGS,1.59660967,0.211089,0.4500
TG00005609,T00023,BGS,2.18525942,0.068017,0.4500
TG00005610,T00023,BGS,1.14661290,0.170488,0.4500
TG00005611,T00023,BGS,1.14152299,0.169051,0.4500
TG00005612,T00023,BGS,1.34112619,0.247622,0.4500
TG00005613,T00023,BGS,1.21811401,0.111128,0.4500
TG00005614,T00023,BGS,0.58922730,0.281726,0.4500
TG00005615,T00023,BGS,0.79193675,0.155582,0.4500
TG00005616,T00023,BGS,1.35627460,0.138526,0.4500
TG00005617,T00023,BGS,0.90793614,0.351066,0.4500
TG00005618,T00023,BGS,2.70281943,0.275309,0.4500
TG00005619,T00023,BGS,0.72384571,0.155823,0.4500
TG00005620,T00023,BGS,1.34933073,0.337165,0.4500
TG00005621,T00023,BGS,0.74698224,0.265139,0.4500
TG00005622,T00023,BGS,2.07926717,0.126642,0.4500
TG00005623,T00023,BGS,1.84574833,0.339514,0.4500
TG00005624,T00024,LRG,0.36055637,0.774497,1.0000
TG00005625,T00024,LRG,0.33851556,0.730662,1.0000
TG00005626,T00024,LRG,0.25153337,0.627049,1.0000
TG00005627,T00024,LRG,0.31510083,0.841555,1.0000
TG00005628,T00024,LRG,0.24316797,0.632565,1.0000
TG00005629,T00024,LRG,0.19739916,0.347083,1.0000
TG00005630,T00024,LRG,0.58527744,0.682980,1.0000
TG00005631,T00024,LRG,0.35194157,1.111227,1.0000
TG00005632,T00024,LRG,0.47584612,0.518785,1.0000
TG00005633,T00024,LRG,0.25827084,0.579191,1.0000
TG00005634,T00024,LRG,0.24761142,0.949846,1.0000
TG00005635,T00024,LRG,0.28654284,0.631807,1.0000
TG00005636,T00024,LRG,0.47390452,0.545105,1.0000
TG00005637,T00024,LRG,0.24615852,0.983693,1.0000
TG00005638,T00024,LRG,0.27615709,0.725232,1.0000
TG00005639,T00024,LRG,0.25598063,0.891312,1.0000
TG00005640,T00024,LRG,0.29368144,0.590523,1.0000
TG00005641,T00024,LRG,0.50868130,0.892578,1.0000
TG00005642,T00024,LRG,0.19433885,0.784711,1.0000
TG00005643,T00024,LRG,0.25124195,0.578201,1.0000
TG00005644,T00024,LRG,0.54254805,0.279203,1.0000
TG00005645,T00024,LRG,0.45044392,0.870991,1.0000
TG00005646,T00024,LRG,0.22637785,0.825681,1.0000
TG00005647,T00024,LRG,0.34100771,0.660846,1.0000
TG00005648,T00024,LRG,0.25979151,0.674893,1.0000
TG00005649,T00024,LRG,0.30020288,0.887695,1.0000
TG00005650,T00024,LRG,0.24249755,0.839644,1.0000
TG00005651,T00024,LRG,0.42447488,0.686426,1.0000
TG00005652,T00024,LRG,0.20978281,0.596100,1.0000
TG00005653,T00024,LRG,0.44526588,0.595663,1.0000
TG00005654,T00024,LRG,0.28372708,0.700590,1.0000
TG00005655,T00024,LRG,0.28239031,0.839447,1.0000
TG00005656,T00024,LRG,0.56286141,0.778738,1.0000
TG00005657,T00024,LRG,0.51924442,0.348822,1.0000
TG00005658,T00024,LRG,0.51781044,0.713780,1.0000
TG00005659,T00024,LRG,0.38086028,0.805145,1.0000
TG00005660,T00024,LRG,0.14366916,0.594053,1.0000
TG00005661,T00024,LRG,0.58867223,0.542471,1.0000
TG00005662,T00024,LRG,0.56616048,0.927308,1.0000
TG00005663,T00024,LRG,0.42056729,0.933962,1.0000
TG00005664,T00024,LRG,0.32889556,0.553215,1.0000
TG00005665,T00024,LRG,0.17637863,0.679127,1.0000
TG00005666,T00024,LRG,0.43491039,0.706761,1.0000
TG00005667,T00024,LRG,0.27411127,0.564252,1.0000
TG00005668,T00024,ELG,0.26192934,0.972560,1.0000
TG00005669,T00024,ELG,0.68910454,0.903373,1.0000
TG00005670,T00024,ELG,0.78805269,0.399272,1.0000
TG00005671,T00024,ELG,0.64666460,1.080224,1.0000
TG00005672,T00024,ELG,0.33301912,0.715623,1.0000
TG00005673,T00024,ELG,0.48284551,1.455886,1.0000
TG00005674,T00024,ELG,0.61812682,0.958119,1.0000
TG00005675,T00024,ELG,0.39850327,1.550309,1.0000
TG00005676,T00024,ELG,0.75271224,0.858284,1.0000
TG00005677,T00024,ELG,0.43365125,0.657524,1.0000
TG00005678,T00024,ELG,0.79890692,0.733897,1.0000
TG00005679,T00024,ELG,0.46067723,1.298285,1.0000
TG00005680,T00024,ELG,0.51907241,0.986396,1.0000
TG00005681,T00024,ELG,0.27810407,0.240585,1.0000
TG00005682,T00024,ELG,0.69591525,0.990260,1.0000
TG00005683,T00024,ELG,0.73628275,1.134061,1.0000
TG00005684,T00024,ELG,0.42311413,1.059390,1.0000
TG00005685,T00024,ELG,0.64994983,1.021749,1.0000
TG00005686,T00024,ELG,0.31653993,0.954913,1.0000
TG00005687,T00024,ELG,0.77520329,1.381675,1.0000
TG00005688,T00024,ELG,0.43145592,0.938140,1.0000
TG00005689,T00024,ELG,0.80238022,1.056562,1.0000
TG00005690,T00024,ELG,0.69044994,1.095383,1.0000
TG00005691,T00024,ELG,0.32929428,1.130687,1.0000
TG00005692,T00024,ELG,0.67504466,1.034123,1.0000
TG00005693,T00024,ELG,1.02907389,1.488026,1.0000
TG00005694,T00024,ELG,0.23210758,1.216572,1.0000
TG00005695,T00024,ELG,0.50416508,1.267323,1.0000
TG00005696,T00024,ELG,0.33628221,1.275720,1.0000
TG00005697,T00024,ELG,0.79037725,1.425505,1.0000
TG00005698,T00024,ELG,0.47956357,1.038937,1.0000
TG00005699,T00024,ELG,0.47758122,1.020961,1.0000
TG00005700,T00024,ELG,1.20910876,1.297383,1.0000
TG00005701,T00024,ELG,0.49437989,1.293405,1.0000
TG00005702,T00024,ELG,0.56185928,1.567172,1.0000
TG00005703,T00024,ELG,0.31932031,1.331790,1.0000
TG00005704,T00024,ELG,0.53559110,1.656317,1.0000
TG00005705,T00024,ELG,0.58335262,1.310484,1.0000
TG00005706,T00024,ELG,0.71190136,0.891016,1.0000
TG00005707,T00024,ELG,0.46055564,1.088482,1.0000
TG00005708,T00024,ELG,0.29664521,0.609474,1.0000
TG00005709,T00024,ELG,1.25641979,0.723952,1.0000
TG00005710,T00024,ELG,1.08056563,1.604590,1.0000
TG00005711,T00024,ELG,0.48998052,1.243267,1.0000
TG00005712,T00024,ELG,0.65096627,1.082385,1.0000
TG00005713,T00024,ELG,0.98582172,1.025605,1.0000
TG00005714,T00024,ELG,0.79093457,1.010799,1.0000
TG00005715,T00024,ELG,0.53755262,1.243090,1.0000
TG00005716,T00024,ELG,0.39744243,1.396457,1.0000
TG00005717,T00024,ELG,0.42099103,1.218145,1.0000
TG00005718,T00024,ELG,0.65312314,0.756506,1.0000
TG00005719,T00024,ELG,0.50938691,1.368212,1.0000
TG00005720,T00024,ELG,0.38773198,0.987086,1.0000
TG00005721,T00024,ELG,0.89660947,1.237662,1.0000
TG00005722,T00024,ELG,0.78585938,1.399495,1.0000
TG00005723,T00024,ELG,0.71952787,1.334087,1.0000
TG00005724,T00024,ELG,0.44115594,1.703405,1.0000
TG00005725,T00024,ELG,0.34327499,0.771620,1.0000
TG00005726,T00024,ELG,0.88568709,0.926992,1.0000
TG00005727,T00024,ELG,0.74081681,1.541179,1.0000
TG00005728,T00024,ELG,1.10095703,0.619107,1.0000
TG00005729,T00024,ELG,1.07101018,1.210757,1.0000
TG00005730,T00024,ELG,0.90475248,0.962982,1.0000
TG00005731,T00024,ELG,0.27579395,1.160558,1.0000
TG00005732,T00024,ELG,0.41774501,1.363270,1.0000
TG00005733,T00024,ELG,0.52836050,1.315421,1.0000
TG00005734,T00024,ELG,0.61950548,1.180390,1.0000
TG00005735,T00024,ELG,0.43565909,1.316230,1.0000
TG00005736,T00024,ELG,0.53083741,0.814435,1.0000
TG00005737,T00024,ELG,0.64104556,1.096871,1.0000
TG00005738,T00024,ELG,0.31168878,1.228072,1.0000
TG00005739,T00024,ELG,0.29734326,1.151654,1.0000
TG00005740,T00024,ELG,0.47461377,1.178928,1.0000
TG00005741,T00024,ELG,0.91383141,1.124811,1.0000
TG00005742,T00024,ELG,0.39090764,1.003694,1.0000
TG00005743,T00024,ELG,0.38845835,0.727121,1.0000
TG00005744,T00024,ELG,0.41291164,0.705714,1.0000
TG00005745,T00024,ELG,0.50709575,0.897543,1.0000
TG00005746,T00024,ELG,0.76080648,1.092469,1.0000
TG00005747,T00024,ELG,0.34525752,0.727449,1.0000
TG00005748,T00024,ELG,0.62452049,1.053623,1.0000
TG00005749,T00024,ELG,0.55273300,1.523759,1.0000
TG00005750,T00024,ELG,0.27631847,1.104517,1.0000
TG00005751,T00024,ELG,0.39082136,1.082462,1.0000
TG00005752,T00024,ELG,0.58974569,0.708408,1.0000
TG00005753,T00024,ELG,1.11060215,0.970478,1.0000
TG00005754,T00024,ELG,1.10491699,0.760878,1.0000
TG00005755,T00024,ELG,0.70573966,1.332262,1.0000
TG00005756,T00024,ELG,0.25751016,0.979301,1.0000
TG00005757,T00024,ELG,0.84872825,1.518232,1.0000
TG00005758,T00024,ELG,0.90208320,1.640664,1.0000
TG00005759,T00024,ELG,0.86660362,0.749820,1.0000
TG00005760,T00024,ELG,0.90104674,1.368024,1.0000
TG00005761,T00024,ELG,0.57462816,1.203243,1.0000
TG00005762,T00024,ELG,0.40327928,1.401738,1.0000
TG00005763,T00024,ELG,1.03725570,1.163228,1.0000
TG00005764,T00024,ELG,0.58116164,0.878412,1.0000
TG00005765,T00024,ELG,0.51041428,1.504681,1.0000
TG00005766,T00024,ELG,0.68757955,0.999669,1.0000
TG00005767,T00024,ELG,0.48939194,0.583828,1.0000
TG00005768,T00024,ELG,0.60202375,1.280365,1.0000
TG00005769,T00024,ELG,0.62202323,0.958423,1.0000
TG00005770,T00024,ELG,0.95810071,0.794768,1.0000
TG00005771,T00024,ELG,0.65351003,1.135494,1.0000
TG00005772,T00024,ELG,0.55438426,1.321887,1.0000
TG00005773,T00024,ELG,0.59643969,1.343276,1.0000
TG00005774,T00024,ELG,0.53369570,1.140237,1.0000
TG00005775,T00024,ELG,0.59704308,0.869138,1.0000
TG00005776,T00024,ELG,0.63080310,0.640674,1.0000
TG00005777,T00024,ELG,0.47766794,1.477389,1.0000
TG00005778,T00024,QSO,0.15698718,1.987036,1.7000
TG00005779,T00024,QSO,0.17680538,2.292377,1.7000
TG00005780,T00024,QSO,0.17422728,2.629947,1.7000
TG00005781,T00024,QSO,0.16637598,3.229023,1.7000
TG00005782,T00024,QSO,0.27318507,1.188699,1.7000
TG00005783,T00024,QSO,0.25813990,2.532920,1.7000
TG00005784,T00024,QSO,0.27036270,1.337548,1.7000
TG00005785,T00024,QSO,0.08693375,1.739485,1.7000
TG00005786,T00024,QSO,0.16254929,0.235578,1.7000
TG00005787,T00024,QSO,0.12391012,1.394875,1.7000
TG00005788,T00024,QSO,0.06650488,0.968305,1.7000
TG00005789,T00024,QSO,0.10359100,0.952592,1.7000
TG00005790,T00024,QSO,0.25003999,1.362283,1.7000
TG00005791,T00024,QSO,0.28364787,1.918254,1.7000
TG00005792,T00024,QSO,0.25457168,2.797386,1.7000
TG00005793,T00024,QSO,0.36139423,1.632836,1.7000
TG00005794,T00024,QSO,0.12750926,1.880028,1.7000
TG00005795,T00024,QSO,0.17165804,1.251258,1.7000
TG00005796,T00024,QSO,0.19249390,2.816016,1.7000
TG00005797,T00024,BGS,1.02687974,0.109171,0.4500
TG00005798,T00024,BGS,1.15514057,0.432269,0.4500
TG00005799,T00024,BGS,2.10712343,0.328014,0.4500
TG00005800,T00024,BGS,2.22451490,0.282706,0.4500
TG00005801,T00024,BGS,1.30057060,0.091016,0.4500
TG00005802,T00024,BGS,0.95927915,0.229404,0.4500
TG00005803,T00024,BGS,1.09346406,0.294709,0.4500
TG00005804,T00024,BGS,1.26142898,0.407119,0.4500
TG00005805,T00024,BGS,0.72246847,0.219044,0.4500
TG00005806,T00024,BGS,1.81372216,0.263418,0.4500
TG00005807,T00024,BGS,0.94345183,0.344067,0.4500
TG00005808,T00024,BGS,1.05520578,0.347380,0.4500
TG00005809,T00024,BGS,0.96278319,0.171805,0.4500
TG00005810,T00024,BGS,0.85050117,0.146650,0.4500
TG00005811,T00024,BGS,1.62278825,0.241790,0.4500
TG00005812,T00024,BGS,0.86783639,0.258459,0.4500
TG00005813,T00024,BGS,1.23131622,0.180968,0.4500
TG00005814,T00024,BGS,1.74520973,0.137056,0.4500
TG00005815,T00024,BGS,1.20723399,0.201207,0.4500
TG00005816,T00024,BGS,1.53041698,0.235051,0.4500
TG00005817,T00024,BGS,1.08870056,0.160166,0.4500
TG00005818,T00024,BGS,0.79182357,0.234976,0.4500
TG00005819,T00024,BGS,0.57752498,0.135630,0.4500
TG00005820,T00024,BGS,0.95788303,0.269557,0.4500
TG00005821,T00024,BGS,1.35214364,0.093196,0.4500
TG00005822,T00024,BGS,0.79429941,0.085735,0.4500
TG00005823,T00024,BGS,1.00175875,0.189616,0.4500
TG00005824,T00024,BGS,1.20189282,0.311078,0.4500
TG00005825,T00024,BGS,1.35188534,0.192150,0.4500
TG00005826,T00024,BGS,0.63993674,0.394152,0.4500
TG00005827,T00024,BGS,1.07857041,0.243633,0.4500
TG00005828,T00024,BGS,0.83464245,0.146616,0.4500
TG00005829,T00024,BGS,1.35921094,0.050392,0.4500
TG00005830,T00024,BGS,1.27774408,0.285800,0.4500
TG00005831,T00024,BGS,2.38000691,0.116998,0.4500
TG00005832,T00024,BGS,1.70369347,0.263977,0.4500
TG00005833,T00024,BGS,1.17868970,0.167801,0.4500
TG00005834,T00024,BGS,2.26731021,0.275093,0.4500
TG00005835,T00024,BGS,1.06792980,0.282256,0.4500
TG00005836,T00024,BGS,1.28781539,0.284437,0.4500
TG00005837,T00024,BGS,1.10732573,0.261101,0.4500
TG00005838,T00024,BGS,1.47941637,0.080341,0.4500
TG00005839,T00024,BGS,2.21289983,0.060351,0.4500
TG00005840,T00024,BGS,1.33083043,0.107109,0.4500
TG00005841,T00024,BGS,0.88184259,0.181306,0.4500
TG00005842,T00024,BGS,0.84928503,0.368549,0.4500
TG00005843,T00024,BGS,1.25783700,0.314834,0.4500
TG00005844,T00024,BGS,1.28596788,0.189173,0.4500
TG00005845,T00024,BGS,2.63493672,0.189308,0.4500
TG00005846,T00024,BGS,1.09783213,0.307907,0.4500
TG00005847,T00024,BGS,1.42446661,0.239531,0.4500
TG00005848,T00024,BGS,0.80753084,0.220073,0.4500
TG00005849,T00024,BGS,1.02435287,0.039277,0.4500
TG00005850,T00024,BGS,1.26089253,0.261620,0.4500
TG00005851,T00024,BGS,0.89316174,0.123998,0.4500
TG00005852,T00024,BGS,1.81703513,0.318139,0.4500
TG00005853,T00024,BGS,1.25093286,0.220864,0.4500
TG00005854,T00024,BGS,0.79873855,0.110497,0.4500
TG00005855,T00024,BGS,0.64807447,0.172546,0.4500
TG00005856,T00024,BGS,0.85654667,0.373666,0.4500
TG00005857,T00024,BGS,1.13071693,0.179214,0.4500
TG00005858,T00024,BGS,1.16735251,0.244971,0.4500
TG00005859,T00024,BGS,0.76556907,0.076381,0.4500
TG00005860,T00024,BGS,1.48750516,0.259310,0.4500
TG00005861,T00024,BGS,0.93512369,0.392180,0.4500
TG00005862,T00025,LRG,0.26458687,0.896011,1.0000
TG00005863,T00025,LRG,0.21301966,0.527887,1.0000
TG00005864,T00025,LRG,0.50744002,0.505745,1.0000
TG00005865,T00025,LRG,0.30828212,0.579000,1.0000
TG00005866,T00025,LRG,0.40400465,0.698308,1.0000
TG00005867,T00025,LRG,0.39412530,0.817773,1.0000
TG00005868,T00025,LRG,0.26734271,0.927848,1.0000
TG00005869,T00025,LRG,0.22412745,0.720436,1.0000
TG00005870,T00025,LRG,0.23489238,0.843466,1.0000
TG00005871,T00025,LRG,0.26490574,0.790840,1.0000
TG00005872,T00025,LRG,0.31214125,0.505704,1.0000
TG00005873,T00025,LRG,0.40226757,0.333569,1.0000
TG00005874,T00025,LRG,0.33634772,0.832279,1.0000
TG00005875,T00025,LRG,0.63073030,0.618997,1.0000
TG00005876,T00025,LRG,0.30617555,0.780282,1.0000
TG00005877,T00025,LRG,0.50979041,0.779984,1.0000
TG00005878,T00025,LRG,0.40277631,0.500294,1.0000
TG00005879,T00025,LRG,0.44447212,0.771355,1.0000
TG00005880,T00025,LRG,0.29143356,0.420848,1.0000
TG00005881,T00025,LRG,0.25921186,0.586445,1.0000
TG00005882,T00025,LRG,0.74763903,0.550799,1.0000
TG00005883,T00025,LRG,0.17774369,0.478787,1.0000
TG00005884,T00025,LRG,0.33944996,0.624409,1.0000
TG00005885,T00025,LRG,0.34120717,0.717988,1.0000
TG00005886,T00025,LRG,0.26625508,0.859536,1.0000
TG00005887,T00025,LRG,0.24096872,1.050356,1.0000
TG00005888,T00025,LRG,0.43046224,0.651410,1.0000
TG00005889,T00025,LRG,0.17585368,0.550547,1.0000
TG00005890,T00025,LRG,0.28409724,0.590562,1.0000
TG00005891,T00025,LRG,0.38523874,0.642233,1.0000
TG00005892,T00025,LRG,0.21500040,0.951236,1.0000
TG00005893,T00025,LRG,0.28865067,0.537716,1.0000
TG00005894,T00025,LRG,0.40677442,0.690917,1.0000
TG00005895,T00025,LRG,0.36279186,0.433094,1.0000
TG00005896,T00025,LRG,0.44352078,0.725801,1.0000
TG00005897,T00025,LRG,0.51563560,0.499381,1.0000
TG00005898,T00025,LRG,0.42457443,0.475871,1.0000
TG00005899,T00025,LRG,0.41786682,0.593291,1.0000
TG00005900,T00025,LRG,0.25730022,0.498394,1.0000
TG00005901,T00025,LRG,0.35317518,1.017322,1.0000
TG00005902,T00025,LRG,0.19006931,0.924593,1.0000
TG00005903,T00025,LRG,0.28825559,0.529340,1.0000
TG00005904,T00025,LRG,0.19255193,0.423412,1.0000
TG00005905,T00025,LRG,0.28358299,0.677353,1.0000
TG00005906,T00025,LRG,0.27176704,0.602124,1.0000
TG00005907,T00025,LRG,0.35165774,0.830946,1.0000
TG00005908,T00025,LRG,0.42445481,0.640403,1.0000
TG00005909,T00025,LRG,0.39345989,0.574241,1.0000
TG00005910,T00025,LRG,0.54815461,0.731924,1.0000
TG00005911,T00025,LRG,0.91661415,0.655168,1.0000
TG00005912,T00025,LRG,0.30188066,0.366927,1.0000
TG00005913,T00025,LRG,0.19555869,0.746807,1.0000
TG00005914,T00025,LRG,0.45906102,0.535746,1.0000
TG00005915,T00025,LRG,0.47078336,0.546615,1.0000
TG00005916,T00025,LRG,0.18741104,0.754311,1.0000
TG00005917,T00025,LRG,0.32104807,0.577813,1.0000
TG00005918,T00025,LRG,0.40582660,0.373575,1.0000
TG00005919,T00025,LRG,0.18831584,0.686370,1.0000
TG00005920,T00025,LRG,0.32888921,0.707525,1.0000
TG00005921,T00025,LRG,0.26329006,0.860992,1.0000
TG00005922,T00025,LRG,0.36738170,0.663913,1.0000
TG00005923,T00025,LRG,0.41750281,0.301148,1.0000
TG00005924,T00025,LRG,0.47077147,0.819383,1.0000
TG00005925,T00025,LRG,0.44096960,1.101345,1.0000
TG00005926,T00025,LRG,0.39544128,0.610341,1.0000
TG00005927,T00025,LRG,0.50148887,0.880631,1.0000
TG00005928,T00025,LRG,0.52111828,0.317595,1.0000
TG00005929,T00025,LRG,0.23377940,0.382555,1.0000
TG00005930,T00025,LRG,0.33031090,0.817231,1.0000
TG00005931,T00025,LRG,0.28946246,0.637658,1.0000
TG00005932,T00025,LRG,0.77297719,0.966974,1.0000
TG00005933,T00025,LRG,0.36337002,0.549144,1.0000
TG00005934,T00025,LRG,0.19133337,0.676812,1.0000
TG00005935,T00025,LRG,0.56457376,0.525258,1.0000
TG00005936,T00025,LRG,0.47614787,0.602917,1.0000
TG00005937,T00025,LRG,0.60960347,0.949101,1.0000
TG00005938,T00025,LRG,0.27912816,0.563552,1.0000
TG00005939,T00025,LRG,0.75939822,0.672682,1.0000
TG00005940,T00025,LRG,0.22426033,0.558111,1.0000
TG00005941,T00025,LRG,0.55789047,0.744927,1.0000
TG00005942,T00025,LRG,0.28535937,0.548535,1.0000
TG00005943,T00025,LRG,0.27827247,0.633525,1.0000
TG00005944,T00025,LRG,0.31851439,0.555922,1.0000
TG00005945,T00025,ELG,0.56774417,1.173438,1.0000
TG00005946,T00025,ELG,0.73415515,1.343230,1.0000
TG00005947,T00025,ELG,0.48819655,1.134508,1.0000
TG00005948,T00025,ELG,0.70619823,1.048135,1.0000
TG00005949,T00025,ELG,0.56198958,1.221180,1.0000
TG00005950,T00025,ELG,0.29829839,0.922668,1.0000
TG00005951,T00025,ELG,0.86621000,1.440630,1.0000
TG00005952,T00025,ELG,0.37859508,1.147375,1.0000
TG00005953,T00025,ELG,0.47607753,1.202259,1.0000
TG00005954,T00025,ELG,0.35632787,0.829555,1.0000
TG00005955,T00025,ELG,0.47438384,0.875124,1.0000
TG00005956,T00025,ELG,0.59369497,0.879583,1.0000
TG00005957,T00025,ELG,0.62306714,1.475338,1.0000
TG00005958,T00025,ELG,0.51935742,1.026511,1.0000
TG00005959,T00025,ELG,0.36280208,1.093966,1.0000
TG00005960,T00025,ELG,0.39954918,1.825134,1.0000
TG00005961,T00025,ELG,0.55587411,0.818350,1.0000
TG00005962,T00025,ELG,1.02322610,1.045388,1.0000
TG00005963,T00025,ELG,0.55832177,1.379512,1.0000
TG00005964,T00025,ELG,0.49097019,0.912064,1.0000
TG00005965,T00025,ELG,0.46714593,0.708058,1.0000
TG00005966,T00025,ELG,0.50399178,0.922676,1.0000
TG00005967,T00025,ELG,0.33166739,0.957021,1.0000
TG00005968,T00025,ELG,1.02800407,0.918274,1.0000
TG00005969,T00025,ELG,0.44678204,1.260954,1.0000
TG00005970,T00025,ELG,0.40847805,0.864479,1.0000
TG00005971,T00025,ELG,0.46435953,0.876175,1.0000
TG00005972,T00025,ELG,0.55009478,1.005404,1.0000
TG00005973,T00025,ELG,0.56869938,1.079045,1.0000
TG00005974,T00025,ELG,1.35043827,1.272666,1.0000
TG00005975,T00025,ELG,0.75443603,1.115931,1.0000
TG00005976,T00025,ELG,0.45381644,1.038145,1.0000
TG00005977,T00025,ELG,0.44413780,1.231275,1.0000
TG00005978,T00025,ELG,0.43453012,1.431981,1.0000
TG00005979,T00025,ELG,0.43537455,1.485864,1.0000
TG00005980,T00025,ELG,0.39500055,1.111721,1.0000
TG00005981,T00025,ELG,0.41867341,1.400938,1.0000
TG00005982,T00025,ELG,1.28173749,0.975344,1.0000
TG00005983,T00025,ELG,0.47492781,1.278769,1.0000
TG00005984,T00025,ELG,0.40106258,1.383819,1.0000
TG00005985,T00025,ELG,0.62642923,1.215981,1.0000
TG00005986,T00025,ELG,0.86918439,1.750681,1.0000
TG00005987,T00025,ELG,0.61180434,0.921014,1.0000
TG00005988,T00025,ELG,0.37812540,1.154392,1.0000
TG00005989,T00025,ELG,0.51771477,1.250022,1.0000
TG00005990,T00025,ELG,0.74757465,1.365335,1.0000
TG00005991,T00025,ELG,0.38289945,0.814912,1.0000
TG00005992,T00025,ELG,0.30858596,1.002290,1.0000
TG00005993,T00025,ELG,0.56183198,1.768510,1.0000
TG00005994,T00025,ELG,0.59519980,1.560298,1.0000
TG00005995,T00025,ELG,0.41656372,1.393219,1.0000
TG00005996,T00025,ELG,0.56239580,1.096400,1.0000
TG00005997,T00025,ELG,1.15657268,0.768505,1.0000
TG00005998,T00025,ELG,0.23862638,1.504788,1.0000
TG00005999,T00025,ELG,0.28063360,0.955846,1.0000
TG00006000,T00025,ELG,1.01251107,1.461901,1.0000
TG00006001,T00025,ELG,0.27673155,1.131666,1.0000
TG00006002,T00025,ELG,0.99998306,0.835885,1.0000
TG00006003,T00025,ELG,0.80428865,1.115443,1.0000
TG00006004,T00025,ELG,0.61876889,0.977494,1.0000
TG00006005,T00025,ELG,0.29271970,1.060119,1.0000
TG00006006,T00025,ELG,0.94414713,0.615114,1.0000
TG00006007,T00025,ELG,0.53710278,1.084905,1.0000
TG00006008,T00025,ELG,0.63470170,1.032627,1.0000
TG00006009,T00025,ELG,0.45260132,1.338311,1.0000
TG00006010,T00025,ELG,0.83544852,0.726108,1.0000
TG00006011,T00025,ELG,0.62673936,1.131461,1.0000
TG00006012,T00025,ELG,0.28078127,1.034411,1.0000
TG00006013,T00025,ELG,0.62475392,0.609230,1.0000
TG00006014,T00025,ELG,0.56423816,0.721608,1.0000
TG00006015,T00025,ELG,0.94421689,1.209940,1.0000
TG00006016,T00025,ELG,0.73570950,1.450963,1.0000
TG00006017,T00025,ELG,0.35361284,0.822376,1.0000
TG00006018,T00025,ELG,0.35087668,0.841087,1.0000
TG00006019,T00025,ELG,0.54653383,1.488424,1.0000
TG00006020,T00025,ELG,0.54639050,1.383665,1.0000
TG00006021,T00025,ELG,0.68634079,1.275685,1.0000
TG00006022,T00025,ELG,0.73804762,0.820513,1.0000
TG00006023,T00025,ELG,0.56611184,1.146115,1.0000
TG00006024,T00025,ELG,0.34736863,1.447618,1.0000
TG00006025,T00025,ELG,0.58749203,1.116886,1.0000
TG00006026,T00025,ELG,0.86929541,1.217039,1.0000
TG00006027,T00025,ELG,0.41464154,1.079603,1.0000
TG00006028,T00025,ELG,0.66991669,0.900910,1.0000
TG00006029,T00025,ELG,0.90487108,1.274123,1.0000
TG00006030,T00025,ELG,0.90173361,0.960529,1.0000
TG00006031,T00025,ELG,0.47802141,0.770644,1.0000
TG00006032,T00025,ELG,0.67898988,1.056460,1.0000
TG00006033,T00025,ELG,0.67482045,1.163557,1.0000
TG00006034,T00025,ELG,0.38983323,0.620893,1.0000
TG00006035,T00025,ELG,0.45793669,0.983821,1.0000
TG00006036,T00025,ELG,0.69298940,0.678849,1.0000
TG00006037,T00025,ELG,0.47457953,1.054314,1.0000
TG00006038,T00025,ELG,0.27425492,1.027157,1.0000
TG00006039,T00025,ELG,0.37600028,0.903598,1.0000
TG00006040,T00025,ELG,0.85643206,1.013384,1.0000
TG00006041,T00025,ELG,0.68806564,1.783269,1.0000
TG00006042,T00025,ELG,0.54481014,0.999793,1.0000
TG00006043,T00025,ELG,0.74706639,1.038563,1.0000
TG00006044,T00025,ELG,0.56030058,1.220295,1.0000
TG00006045,T00025,ELG,0.37315766,0.953696,1.0000
TG00006046,T00025,ELG,0.64700037,1.698222,1.0000
TG00006047,T00025,ELG,1.30700592,1.137535,1.0000
TG00006048,T00025,ELG,0.31679644,0.637011,1.0000
TG00006049,T00025,ELG,0.73368815,1.439058,1.0000
TG00006050,T00025,ELG,0.49104925,0.929396,1.0000
TG00006051,T00025,ELG,0.64261246,0.872040,1.0000
TG00006052,T00025,ELG,0.70587728,1.292511,1.0000
TG00006053,T00025,ELG,0.44482856,0.963505,1.0000
TG00006054,T00025,ELG,0.71708875,1.169514,1.0000
TG00006055,T00025,ELG,1.20311677,1.003685,1.0000
TG00006056,T00025,ELG,0.56587480,0.726220,1.0000
TG00006057,T00025,ELG,0.60326504,1.015559,1.0000
TG00006058,T00025,ELG,0.49443235,0.808549,1.0000
TG00006059,T00025,ELG,1.06080020,0.854160,1.0000
TG00006060,T00025,ELG,0.27627950,1.224823,1.0000
TG00006061,T00025,ELG,0.29914471,1.545703,1.0000
TG00006062,T00025,ELG,0.27996455,0.670297,1.0000
TG00006063,T00025,ELG,0.57980349,1.000328,1.0000
TG00006064,T00025,ELG,0.53192832,0.913499,1.0000
TG00006065,T00025,ELG,0.72921521,1.061559,1.0000
TG00006066,T00025,ELG,0.57369481,1.040835,1.0000
TG00006067,T00025,ELG,0.52882961,1.102723,1.0000
TG00006068,T00025,ELG,0.68102909,1.355058,1.0000
TG00006069,T00025,ELG,0.43767434,0.902138,1.0000
TG00006070,T00025,ELG,0.31816023,1.126889,1.0000
TG00006071,T00025,ELG,0.73857921,1.598737,1.0000
TG00006072,T00025,ELG,0.75569711,1.308238,1.0000
TG00006073,T00025,ELG,0.36297700,1.289223,1.0000
TG00006074,T00025,ELG,0.30875800,1.376514,1.0000
TG00006075,T00025,ELG,0.35538675,0.966601,1.0000
TG00006076,T00025,ELG,0.57193827,0.762014,1.0000
TG00006077,T00025,QSO,0.11725010,0.877536,1.7000
TG00006078,T00025,QSO,0.22262391,1.918473,1.7000
TG00006079,T00025,QSO,0.06336937,1.308770,1.7000
TG00006080,T00025,QSO,0.07226903,1.781255,1.7000
TG00006081,T00025,QSO,0.18930908,2.818026,1.7000
TG00006082,T00025,QSO,0.25119031,1.898924,1.7000
TG00006083,T00025,QSO,0.33507442,2.267272,1.7000
TG00006084,T00025,QSO,0.19641954,1.896704,1.7000
TG00006085,T00025,QSO,0.23539499,2.566889,1.7000
TG00006086,T00025,QSO,0.09716648,1.615311,1.7000
TG00006087,T00025,QSO,0.12213518,1.628145,1.7000
TG00006088,T00025,QSO,0.20506609,2.312966,1.7000
TG00006089,T00025,QSO,0.17068146,2.436348,1.7000
TG00006090,T00025,QSO,0.11419032,0.955649,1.7000
TG00006091,T00025,QSO,0.13707460,2.828969,1.7000
TG00006092,T00025,QSO,0.36889677,2.405513,1.7000
TG00006093,T00025,QSO,0.11154812,1.799718,1.7000
TG00006094,T00025,QSO,0.27235462,1.541514,1.7000
TG00006095,T00025,QSO,0.18027005,1.835243,1.7000
TG00006096,T00025,BGS,0.80529434,0.173042,0.4500
TG00006097,T00025,BGS,0.77417751,0.255810,0.4500
TG00006098,T00025,BGS,1.74663417,0.135357,0.4500
TG00006099,T00025,BGS,0.88984857,0.253597,0.4500
TG00006100,T00025,BGS,1.48595474,0.114529,0.4500
TG00006101,T00025,BGS,1.09765337,0.088800,0.4500
TG00006102,T00025,BGS,1.77523075,0.361525,0.4500
TG00006103,T00025,BGS,1.00921411,0.280541,0.4500
TG00006104,T00025,BGS,1.21491271,0.153051,0.4500
TG00006105,T00025,BGS,3.24703886,0.042592,0.4500
TG00006106,T00025,BGS,2.19650299,0.249423,0.4500
TG00006107,T00025,BGS,0.84004222,0.181105,0.4500
TG00006108,T00025,BGS,1.01500362,0.291304,0.4500
TG00006109,T00025,BGS,1.63721375,0.236543,0.4500
TG00006110,T00025,BGS,0.62488748,0.110646,0.4500
TG00006111,T00025,BGS,1.68611819,0.326840,0.4500
TG00006112,T00025,BGS,1.49853829,0.198439,0.4500
TG00006113,T00025,BGS,1.00250428,0.057151,0.4500
TG00006114,T00025,BGS,1.09929410,0.306161,0.4500
TG00006115,T00025,BGS,1.24274252,0.236012,0.4500
TG00006116,T00025,BGS,1.32397305,0.195318,0.4500
TG00006117,T00025,BGS,1.06312329,0.242778,0.4500
TG00006118,T00025,BGS,1.34098424,0.116663,0.4500
TG00006119,T00025,BGS,1.57450727,0.263576,0.4500
TG00006120,T00025,BGS,0.79130361,0.404886,0.4500
TG00006121,T00025,BGS,1.14673273,0.277146,0.4500
TG00006122,T00025,BGS,0.84479625,0.323275,0.4500
TG00006123,T00025,BGS,1.02372290,0.307083,0.4500
TG00006124,T00025,BGS,1.05836966,0.311031,0.4500
TG00006125,T00025,BGS,0.61469310,0.145333,0.4500
TG00006126,T00025,BGS,1.70061066,0.109533,0.4500
TG00006127,T00025,BGS,0.91973060,0.324980,0.4500
TG00006128,T00025,BGS,1.44968255,0.134873,0.4500
TG00006129,T00025,BGS,0.97088492,0.133835,0.4500
TG00006130,T00025,BGS,1.41507160,0.306872,0.4500
TG00006131,T00025,BGS,1.36049991,0.139999,0.4500
TG00006132,T00025,BGS,1.05331121,0.259284,0.4500
TG00006133,T00025,BGS,1.31911178,0.210553,0.4500
TG00006134,T00025,BGS,1.07349431,0.243545,0.4500
TG00006135,T00025,BGS,1.42510204,0.246913,0.4500
TG00006136,T00025,BGS,1.05824218,0.130129,0.4500
TG00006137,T00025,BGS,0.80918136,0.241936,0.4500
TG00006138,T00025,BGS,1.12942429,0.298629,0.4500
TG00006139,T00025,BGS,1.24473466,0.164149,0.4500
TG00006140,T00025,BGS,1.80112343,0.222325,0.4500
TG00006141,T00025,BGS,1.58175100,0.215755,0.4500
TG00006142,T00025,BGS,0.98272756,0.124802,0.4500
TG00006143,T00025,BGS,0.87457236,0.298689,0.4500
TG00006144,T00025,BGS,1.52423938,0.201062,0.4500
TG00006145,T00025,BGS,1.71164889,0.315030,0.4500
TG00006146,T00025,BGS,1.29626817,0.221128,0.4500
TG00006147,T00025,BGS,1.09880721,0.098388,0.4500
TG00006148,T00025,BGS,1.17347007,0.380961,0.4500
TG00006149,T00025,BGS,0.96392011,0.285712,0.4500
TG00006150,T00025,BGS,1.76350387,0.218774,0.4500
TG00006151,T00025,BGS,1.00630795,0.126034,0.4500
TG00006152,T00025,BGS,1.23117085,0.287719,0.4500
TG00006153,T00025,BGS,1.04897456,0.256215,0.4500
TG00006154,T00025,BGS,2.20890630,0.165744,0.4500
TG00006155,T00025,BGS,0.77961480,0.204833,0.4500
TG00006156,T00025,BGS,0.85612294,0.365486,0.4500
TG00006157,T00025,BGS,1.46923724,0.378668,0.4500
TG00006158,T00025,BGS,1.03150233,0.238351,0.4500
TG00006159,T00025,BGS,0.69872837,0.240211,0.4500
TG00006160,T00025,BGS,0.94753120,0.261990,0.4500
TG00006161,T00025,BGS,1.02019905,0.173650,0.4500
TG00006162,T00025,BGS,1.13291248,0.336967,0.4500
TG00006163,T00025,BGS,1.12957343,0.119349,0.4500
TG00006164,T00025,BGS,1.50319163,0.320725,0.4500
TG00006165,T00025,BGS,1.29105353,0.201669,0.4500
TG00006166,T00025,BGS,1.17774205,0.257041,0.4500
TG00006167,T00025,BGS,1.11493944,0.156418,0.4500
TG00006168,T00025,BGS,1.76453008,0.087678,0.4500
TG00006169,T00025,BGS,0.93014305,0.241712,0.4500
TG00006170,T00025,BGS,0.91495778,0.126432,0.4500
TG00006171,T00025,BGS,0.93214601,0.359137,0.4500
TG00006172,T00025,BGS,1.31460412,0.238874,0.4500
TG00006173,T00025,BGS,1.35509793,0.188990,0.4500
TG00006174,T00025,BGS,1.09727026,0.179668,0.4500
TG00006175,T00025,BGS,0.88991160,0.269044,0.4500
TG00006176,T00025,BGS,1.42007035,0.082854,0.4500
TG00006177,T00025,BGS,1.33683202,0.076487,0.4500
TG00006178,T00025,BGS,1.80156189,0.233970,0.4500
TG00006179,T00025,BGS,1.14606455,0.339024,0.4500
TG00006180,T00025,BGS,1.20421741,0.278487,0.4500
TG00006181,T00025,BGS,1.31045954,0.305780,0.4500
TG00006182,T00025,BGS,1.47511665,0.064904,0.4500
TG00006183,T00025,BGS,0.86953426,0.142609,0.4500
TG00006184,T00025,BGS,1.56800410,0.238790,0.4500
TG00006185,T00026,LRG,0.29269737,0.516758,1.0000
TG00006186,T00026,LRG,0.24354319,0.725459,1.0000
TG00006187,T00026,LRG,0.49004084,0.452427,1.0000
TG00006188,T00026,LRG,0.32665848,0.994361,1.0000
TG00006189,T00026,LRG,0.42940291,0.770034,1.0000
TG00006190,T00026,LRG,0.43463083,0.929636,1.0000
TG00006191,T00026,LRG,0.67775884,0.854063,1.0000
TG00006192,T00026,LRG,0.37636180,0.650221,1.0000
TG00006193,T00026,LRG,0.39884521,0.510617,1.0000
TG00006194,T00026,LRG,0.30225834,0.970005,1.0000
TG00006195,T00026,LRG,0.40089720,0.520107,1.0000
TG00006196,T00026,LRG,0.22338798,0.760025,1.0000
TG00006197,T00026,LRG,0.23360866,1.001896,1.0000
TG00006198,T00026,LRG,0.23722011,0.680926,1.0000
TG00006199,T00026,LRG,0.74174239,0.671146,1.0000
TG00006200,T00026,LRG,0.25561093,0.558744,1.0000
TG00006201,T00026,LRG,0.70054139,0.910495,1.0000
TG00006202,T00026,LRG,0.20193748,1.045114,1.0000
TG00006203,T00026,LRG,0.51700614,0.884397,1.0000
TG00006204,T00026,LRG,0.30391875,0.847171,1.0000
TG00006205,T00026,LRG,0.20000014,0.527566,1.0000
TG00006206,T00026,LRG,0.54144429,0.518810,1.0000
TG00006207,T00026,LRG,0.35442013,0.656810,1.0000
TG00006208,T00026,LRG,0.26091949,0.894310,1.0000
TG00006209,T00026,LRG,0.52172452,0.613913,1.0000
TG00006210,T00026,LRG,0.32804884,0.837740,1.0000
TG00006211,T00026,LRG,0.36788655,0.831325,1.0000
TG00006212,T00026,LRG,0.36835206,0.655134,1.0000
TG00006213,T00026,LRG,0.29579572,0.619170,1.0000
TG00006214,T00026,LRG,0.26617260,0.422166,1.0000
TG00006215,T00026,LRG,0.21390213,0.806027,1.0000
TG00006216,T00026,LRG,0.23839386,0.710873,1.0000
TG00006217,T00026,LRG,0.28930613,0.761143,1.0000
TG00006218,T00026,LRG,0.21592769,0.859303,1.0000
TG00006219,T00026,LRG,0.42448841,1.046070,1.0000
TG00006220,T00026,LRG,0.42459151,0.653870,1.0000
TG00006221,T00026,LRG,0.35498656,0.408507,1.0000
TG00006222,T00026,LRG,0.50104020,0.693104,1.0000
TG00006223,T00026,LRG,0.19498735,0.903887,1.0000
TG00006224,T00026,LRG,0.39927393,0.484630,1.0000
TG00006225,T00026,LRG,0.58425300,0.194904,1.0000
TG00006226,T00026,LRG,0.29442228,0.787394,1.0000
TG00006227,T00026,LRG,0.28114476,0.752156,1.0000
TG00006228,T00026,LRG,0.30690154,0.690232,1.0000
TG00006229,T00026,LRG,0.63740808,0.505879,1.0000
TG00006230,T00026,LRG,0.27419271,0.893245,1.0000
TG00006231,T00026,LRG,0.53116706,0.775443,1.0000
TG00006232,T00026,LRG,0.28811485,0.760466,1.0000
TG00006233,T00026,LRG,0.34972063,0.693334,1.0000
TG00006234,T00026,LRG,0.14812097,0.631960,1.0000
TG00006235,T00026,LRG,0.34996225,0.723707,1.0000
TG00006236,T00026,LRG,0.59259138,0.733815,1.0000
TG00006237,T00026,LRG,0.21644717,0.524742,1.0000
TG00006238,T00026,LRG,0.39686692,0.546454,1.0000
TG00006239,T00026,LRG,0.51610748,0.788129,1.0000
TG00006240,T00026,LRG,0.49133157,0.805172,1.0000
TG00006241,T00026,ELG,0.40673098,1.081512,1.0000
TG00006242,T00026,ELG,0.45951817,1.311602,1.0000
TG00006243,T00026,ELG,0.85673563,0.951153,1.0000
TG00006244,T00026,ELG,0.59811794,0.901693,1.0000
TG00006245,T00026,ELG,0.40062131,1.389476,1.0000
TG00006246,T00026,ELG,0.40499339,0.621932,1.0000
TG00006247,T00026,ELG,0.52700569,1.430058,1.0000
TG00006248,T00026,ELG,0.52117387,0.803663,1.0000
TG00006249,T00026,ELG,0.92884677,0.686941,1.0000
TG00006250,T00026,ELG,0.72291955,0.738410,1.0000
TG00006251,T00026,ELG,0.52874559,1.293642,1.0000
TG00006252,T00026,ELG,2.17533555,1.013924,1.0000
TG00006253,T00026,ELG,1.20475669,1.456328,1.0000
TG00006254,T00026,ELG,0.55123238,0.831193,1.0000
TG00006255,T00026,ELG,0.48465738,0.918450,1.0000
TG00006256,T00026,ELG,0.32318710,0.994748,1.0000
TG00006257,T00026,ELG,0.70818950,1.468737,1.0000
TG00006258,T00026,ELG,0.54728951,0.848616,1.0000
TG00006259,T00026,ELG,0.33077493,1.051705,1.0000
TG00006260,T00026,ELG,0.63600126,1.504849,1.0000
TG00006261,T00026,ELG,0.95016958,1.346090,1.0000
TG00006262,T00026,ELG,0.90244429,1.005324,1.0000
TG00006263,T00026,ELG,0.80221316,1.630856,1.0000
TG00006264,T00026,ELG,0.44986784,1.361576,1.0000
TG00006265,T00026,ELG,1.35745576,0.975417,1.0000
TG00006266,T00026,ELG,0.94584111,1.021053,1.0000
TG00006267,T00026,ELG,0.53163645,0.938437,1.0000
TG00006268,T00026,ELG,0.27016559,1.382135,1.0000
TG00006269,T00026,ELG,0.40190487,1.103975,1.0000
TG00006270,T00026,ELG,1.29932133,0.611409,1.0000
TG00006271,T00026,ELG,0.66333152,1.331889,1.0000
TG00006272,T00026,ELG,0.78452600,1.191277,1.0000
TG00006273,T00026,ELG,0.71586532,1.494085,1.0000
TG00006274,T00026,ELG,0.58844415,1.180062,1.0000
TG00006275,T00026,ELG,0.55527520,1.106854,1.0000
TG00006276,T00026,ELG,0.82215038,0.860453,1.0000
TG00006277,T00026,ELG,0.76894567,1.120365,1.0000
TG00006278,T00026,ELG,0.35936917,0.554863,1.0000
TG00006279,T00026,ELG,0.51099860,1.044234,1.0000
TG00006280,T00026,ELG,0.80752199,1.565455,1.0000
TG00006281,T00026,ELG,0.50449395,1.142550,1.0000
TG00006282,T00026,ELG,0.53646385,1.114189,1.0000
TG00006283,T00026,ELG,0.35019525,1.421595,1.0000
TG00006284,T00026,ELG,0.56504483,1.250285,1.0000
TG00006285,T00026,ELG,0.60652303,0.971234,1.0000
TG00006286,T00026,ELG,1.05029146,1.641861,1.0000
TG00006287,T00026,ELG,0.72596738,1.445756,1.0000
TG00006288,T00026,ELG,0.98938928,1.343228,1.0000
TG00006289,T00026,ELG,0.45851624,1.230984,1.0000
TG00006290,T00026,ELG,0.27402849,0.619131,1.0000
TG00006291,T00026,ELG,0.28102868,1.664826,1.0000
TG00006292,T00026,ELG,0.50451449,1.127541,1.0000
TG00006293,T00026,ELG,0.51050580,1.133725,1.0000
TG00006294,T00026,ELG,0.98184888,1.272013,1.0000
TG00006295,T00026,ELG,0.33664148,1.198617,1.0000
TG00006296,T00026,ELG,0.93189910,0.990760,1.0000
TG00006297,T00026,ELG,0.67728054,1.071012,1.0000
TG00006298,T00026,ELG,0.33953690,0.608036,1.0000
TG00006299,T00026,ELG,0.47735384,1.441206,1.0000
TG00006300,T00026,ELG,0.69115590,0.931119,1.0000
TG00006301,T00026,ELG,0.31082893,1.493185,1.0000
TG00006302,T00026,ELG,0.51968651,1.512240,1.0000
TG00006303,T00026,ELG,0.88795923,1.377156,1.0000
TG00006304,T00026,ELG,0.40737584,1.230762,1.0000
TG00006305,T00026,ELG,0.62280803,1.401382,1.0000
TG00006306,T00026,ELG,0.38735642,1.367637,1.0000
TG00006307,T00026,ELG,0.85256222,0.722125,1.0000
TG00006308,T00026,ELG,0.56546618,1.289334,1.0000
TG00006309,T00026,ELG,0.29264815,0.716130,1.0000
TG00006310,T00026,ELG,0.96592865,0.966763,1.0000
TG00006311,T00026,ELG,0.72046172,1.018166,1.0000
TG00006312,T00026,ELG,0.47823085,0.816596,1.0000
TG00006313,T00026,ELG,0.51401299,1.736705,1.0000
TG00006314,T00026,ELG,0.56740177,0.979347,1.0000
TG00006315,T00026,ELG,0.36544740,0.937762,1.0000
TG00006316,T00026,ELG,0.70603537,1.394857,1.0000
TG00006317,T00026,ELG,0.52037532,1.407815,1.0000
TG00006318,T00026,ELG,0.47874518,1.285643,1.0000
TG00006319,T00026,ELG,1.08680783,0.833213,1.0000
TG00006320,T00026,ELG,0.48614149,1.232014,1.0000
TG00006321,T00026,ELG,1.45685074,1.125477,1.0000
TG00006322,T00026,ELG,0.48594698,1.586946,1.0000
TG00006323,T00026,ELG,0.43330071,0.647282,1.0000
TG00006324,T00026,ELG,0.20752682,0.939760,1.0000
TG00006325,T00026,ELG,0.99846991,1.225183,1.0000
TG00006326,T00026,ELG,0.37246651,1.028544,1.0000
TG00006327,T00026,ELG,0.43505160,0.665513,1.0000
TG00006328,T00026,ELG,0.86093511,1.092031,1.0000
TG00006329,T00026,ELG,0.51730426,0.814200,1.0000
TG00006330,T00026,ELG,0.53859950,0.861356,1.0000
TG00006331,T00026,ELG,0.93997893,1.268616,1.0000
TG00006332,T00026,ELG,0.49408615,1.004761,1.0000
TG00006333,T00026,ELG,0.40088344,0.933960,1.0000
TG00006334,T00026,ELG,0.56036434,1.434668,1.0000
TG00006335,T00026,ELG,0.87218629,1.300941,1.0000
TG00006336,T00026,ELG,0.60054177,1.044095,1.0000
TG00006337,T00026,ELG,0.69665953,1.361961,1.0000
TG00006338,T00026,ELG,0.27432988,1.573436,1.0000
TG00006339,T00026,ELG,1.08674932,1.280490,1.0000
TG00006340,T00026,ELG,0.92988908,1.378946,1.0000
TG00006341,T00026,ELG,0.56019663,1.079209,1.0000
TG00006342,T00026,ELG,0.61014496,1.760595,1.0000
TG00006343,T00026,ELG,0.28076429,1.048162,1.0000
TG00006344,T00026,ELG,0.75420440,0.782846,1.0000
TG00006345,T00026,ELG,0.62995814,0.809000,1.0000
TG00006346,T00026,ELG,0.39712229,1.356828,1.0000
TG00006347,T00026,ELG,0.48872439,1.481966,1.0000
TG00006348,T00026,ELG,1.03027312,1.275721,1.0000
TG00006349,T00026,ELG,0.78814246,0.962704,1.0000
TG00006350,T00026,ELG,0.55199083,0.810757,1.0000
TG00006351,T00026,ELG,0.48546007,1.057073,1.0000
TG00006352,T00026,ELG,0.39916054,1.035034,1.0000
TG00006353,T00026,QSO,0.25114308,2.722498,1.7000
TG00006354,T00026,QSO,0.22350212,1.433203,1.7000
TG00006355,T00026,QSO,0.12561218,1.497492,1.7000
TG00006356,T00026,QSO,0.19409986,1.865700,1.7000
TG00006357,T00026,QSO,0.17997322,2.269747,1.7000
TG00006358,T00026,QSO,0.17267947,1.555951,1.7000
TG00006359,T00026,QSO,0.31327447,1.625801,1.7000
TG00006360,T00026,QSO,0.43295043,1.079059,1.7000
TG00006361,T00026,QSO,0.16822054,1.977263,1.7000
TG00006362,T00026,BGS,2.21571204,0.150672,0.4500
TG00006363,T00026,BGS,1.41285288,0.273734,0.4500
TG00006364,T00026,BGS,1.00454257,0.170782,0.4500
TG00006365,T00026,BGS,0.93804078,0.189379,0.4500
TG00006366,T00026,BGS,0.68122191,0.368090,0.4500
TG00006367,T00026,BGS,0.80174038,0.216418,0.4500
TG00006368,T00026,BGS,1.64793627,0.158451,0.4500
TG00006369,T00026,BGS,1.16460184,0.256336,0.4500
TG00006370,T00026,BGS,0.86840605,0.222973,0.4500
TG00006371,T00026,BGS,0.96089959,0.223132,0.4500
TG00006372,T00026,BGS,1.17509300,0.156602,0.4500
TG00006373,T00026,BGS,1.27066599,0.357567,0.4500
TG00006374,T00026,BGS,1.10266545,0.172007,0.4500
TG00006375,T00026,BGS,1.08810873,0.321068,0.4500
TG00006376,T00026,BGS,1.29963005,0.245799,0.4500
TG00006377,T00026,BGS,1.17543876,0.124256,0.4500
TG00006378,T00026,BGS,1.02195641,0.372721,0.4500
TG00006379,T00026,BGS,0.90583963,0.247560,0.4500
TG00006380,T00026,BGS,1.57065296,0.115840,0.4500
TG00006381,T00026,BGS,1.56395722,0.273633,0.4500
TG00006382,T00026,BGS,1.01367907,0.162889,0.4500
TG00006383,T00026,BGS,1.00089254,0.224571,0.4500
TG00006384,T00026,BGS,1.25451922,0.140261,0.4500
TG00006385,T00026,BGS,0.79243434,0.304616,0.4500
TG00006386,T00026,BGS,1.06714208,0.333592,0.4500
TG00006387,T00026,BGS,1.52038751,0.241779,0.4500
TG00006388,T00026,BGS,1.28496181,0.320903,0.4500
TG00006389,T00026,BGS,1.41820691,0.211481,0.4500
TG00006390,T00026,BGS,0.95880314,0.215916,0.4500
TG00006391,T00026,BGS,0.92022019,0.197244,0.4500
TG00006392,T00026,BGS,0.38655035,0.200313,0.4500
TG00006393,T00026,BGS,1.23970893,0.305769,0.4500
TG00006394,T00026,BGS,1.37794729,0.167122,0.4500
TG00006395,T00026,BGS,1.10059409,0.293741,0.4500
TG00006396,T00026,BGS,1.27671403,0.194755,0.4500
TG00006397,T00026,BGS,1.20327432,0.178494,0.4500
TG00006398,T00026,BGS,1.25100389,0.263802,0.4500
TG00006399,T00026,BGS,0.78945522,0.166231,0.4500
TG00006400,T00026,BGS,1.99962805,0.157435,0.4500
TG00006401,T00026,BGS,1.08152978,0.277917,0.4500
TG00006402,T00026,BGS,1.84636803,0.359879,0.4500
TG00006403,T00026,BGS,0.92052766,0.205567,0.4500
TG00006404,T00026,BGS,2.28552143,0.317756,0.4500
TG00006405,T00026,BGS,1.58977557,0.291472,0.4500
TG00006406,T00026,BGS,1.03650202,0.232815,0.4500
TG00006407,T00026,BGS,1.18401832,0.095011,0.4500
TG00006408,T00026,BGS,1.27870846,0.148880,0.4500
TG00006409,T00026,BGS,1.62637397,0.260637,0.4500
TG00006410,T00026,BGS,1.49443895,0.256543,0.4500
TG00006411,T00026,BGS,0.93335591,0.294942,0.4500
TG00006412,T00026,BGS,1.22217809,0.148563,0.4500
TG00006413,T00026,BGS,1.27740245,0.288001,0.4500
TG00006414,T00026,BGS,1.25540954,0.211161,0.4500
TG00006415,T00026,BGS,1.60962933,0.197284,0.4500
TG00006416,T00026,BGS,1.39747128,0.185494,0.4500
TG00006417,T00026,BGS,1.14042222,0.208812,0.4500
TG00006418,T00026,BGS,1.25668642,0.196833,0.4500
TG00006419,T00026,BGS,1.50702075,0.200075,0.4500
TG00006420,T00026,BGS,1.20081944,0.214327,0.4500
TG00006421,T00026,BGS,1.15637698,0.158673,0.4500
TG00006422,T00026,BGS,1.79973435,0.272660,0.4500
TG00006423,T00026,BGS,0.97423140,0.172061,0.4500
TG00006424,T00026,BGS,3.39721253,0.151442,0.4500
TG00006425,T00026,BGS,1.20120849,0.207715,0.4500
TG00006426,T00026,BGS,1.15259678,0.241104,0.4500
TG00006427,T00026,BGS,1.08304590,0.054312,0.4500
TG00006428,T00026,BGS,2.19983229,0.256952,0.4500
TG00006429,T00026,BGS,1.04362334,0.280668,0.4500
TG00006430,T00026,BGS,1.38437051,0.197762,0.4500
TG00006431,T00026,BGS,0.74501795,0.200370,0.4500
TG00006432,T00026,BGS,1.14149146,0.250006,0.4500
TG00006433,T00026,BGS,2.01706713,0.252358,0.4500
TG00006434,T00026,BGS,0.49187627,0.169496,0.4500
TG00006435,T00026,BGS,0.82045308,0.198147,0.4500
TG00006436,T00026,BGS,1.46343385,0.254951,0.4500
TG00006437,T00026,BGS,1.33552369,0.042498,0.4500
TG00006438,T00026,BGS,1.08970531,0.301437,0.4500
TG00006439,T00026,BGS,1.33236212,0.234820,0.4500
TG00006440,T00026,BGS,1.05466105,0.259418,0.4500
TG00006441,T00026,BGS,0.99401799,0.446129,0.4500
TG00006442,T00026,BGS,2.46443051,0.314131,0.4500
TG00006443,T00026,BGS,2.13661300,0.249786,0.4500
TG00006444,T00026,BGS,1.55483112,0.102492,0.4500
TG00006445,T00026,BGS,0.92789168,0.260782,0.4500
TG00006446,T00026,BGS,1.60722637,0.391058,0.4500
TG00006447,T00026,BGS,1.62744189,0.266884,0.4500
TG00006448,T00026,BGS,1.91474573,0.207933,0.4500
TG00006449,T00026,BGS,1.24455984,0.189754,0.4500
TG00006450,T00026,BGS,0.65987144,0.169546,0.4500
TG00006451,T00027,LRG,0.32162576,0.641446,1.0000
TG00006452,T00027,LRG,0.45453991,0.724068,1.0000
TG00006453,T00027,LRG,0.40096541,0.788698,1.0000
TG00006454,T00027,LRG,0.29124285,0.999382,1.0000
TG00006455,T00027,LRG,0.38100601,0.747909,1.0000
TG00006456,T00027,LRG,0.47061845,0.819361,1.0000
TG00006457,T00027,LRG,0.71905921,0.719928,1.0000
TG00006458,T00027,LRG,0.52410197,0.748404,1.0000
TG00006459,T00027,LRG,0.34591605,0.600849,1.0000
TG00006460,T00027,LRG,0.61601180,0.730681,1.0000
TG00006461,T00027,LRG,0.43757665,0.623915,1.0000
TG00006462,T00027,LRG,0.24005313,1.003043,1.0000
TG00006463,T00027,LRG,0.52924234,0.882061,1.0000
TG00006464,T00027,LRG,0.49219744,0.657379,1.0000
TG00006465,T00027,LRG,0.33395903,0.477829,1.0000
TG00006466,T00027,LRG,0.57574900,0.658012,1.0000
TG00006467,T00027,LRG,0.42794870,0.818598,1.0000
TG00006468,T00027,LRG,0.63289963,0.493672,1.0000
TG00006469,T00027,LRG,0.43102770,1.182930,1.0000
TG00006470,T00027,LRG,0.74288865,0.846786,1.0000
TG00006471,T00027,LRG,0.21134829,0.667855,1.0000
TG00006472,T00027,LRG,0.48316649,0.280143,1.0000
TG00006473,T00027,LRG,0.15587116,0.636125,1.0000
TG00006474,T00027,LRG,0.32302032,0.643999,1.0000
TG00006475,T00027,LRG,0.47793561,0.402538,1.0000
TG00006476,T00027,LRG,0.36628055,0.747022,1.0000
TG00006477,T00027,LRG,0.41665011,0.607584,1.0000
TG00006478,T00027,LRG,0.50941994,0.742484,1.0000
TG00006479,T00027,LRG,0.26640391,0.555137,1.0000
TG00006480,T00027,LRG,0.35374106,0.434768,1.0000
TG00006481,T00027,LRG,0.42261407,0.565895,1.0000
TG00006482,T00027,LRG,0.48389207,0.616482,1.0000
TG00006483,T00027,LRG,0.40138611,0.612963,1.0000
TG00006484,T00027,LRG,0.23391805,0.618505,1.0000
TG00006485,T00027,LRG,0.31432935,1.348856,1.0000
TG00006486,T00027,LRG,0.58663156,0.752042,1.0000
TG00006487,T00027,LRG,0.32056347,1.023366,1.0000
TG00006488,T00027,LRG,0.42705103,0.459946,1.0000
TG00006489,T00027,LRG,0.51787269,0.912488,1.0000
TG00006490,T00027,LRG,0.40572119,0.861203,1.0000
TG00006491,T00027,LRG,0.54004620,0.494610,1.0000
TG00006492,T00027,LRG,0.18434203,0.556369,1.0000
TG00006493,T00027,LRG,0.64589006,0.828940,1.0000
TG00006494,T00027,LRG,0.29751919,0.730121,1.0000
TG00006495,T00027,LRG,0.51535924,0.488792,1.0000
TG00006496,T00027,LRG,0.36593275,0.548345,1.0000
TG00006497,T00027,LRG,0.39618870,0.661335,1.0000
TG00006498,T00027,LRG,0.32750130,0.245761,1.0000
TG00006499,T00027,LRG,0.30324483,0.647931,1.0000
TG00006500,T00027,LRG,0.29241158,0.950180,1.0000
TG00006501,T00027,LRG,0.34040442,0.843512,1.0000
TG00006502,T00027,LRG,0.72267025,0.732528,1.0000
TG00006503,T00027,LRG,0.23745362,0.761854,1.0000
TG00006504,T00027,LRG,0.25558535,0.631390,1.0000
TG00006505,T00027,LRG,0.26912655,0.794139,1.0000
TG00006506,T00027,LRG,0.50067512,0.922858,1.0000
TG00006507,T00027,LRG,0.39693241,0.785901,1.0000
TG00006508,T00027,LRG,0.23981021,0.763068,1.0000
TG00006509,T00027,LRG,0.44169136,0.505278,1.0000
TG00006510,T00027,LRG,0.31072390,0.628180,1.0000
TG00006511,T00027,ELG,0.97813970,0.733704,1.0000
TG00006512,T00027,ELG,0.41523027,0.952144,1.0000
TG00006513,T00027,ELG,1.13297516,1.327927,1.0000
TG00006514,T00027,ELG,0.56845065,1.390242,1.0000
TG00006515,T00027,ELG,0.71812112,0.914098,1.0000
TG00006516,T00027,ELG,0.39615312,1.068528,1.0000
TG00006517,T00027,ELG,0.59062541,1.062438,1.0000
TG00006518,T00027,ELG,0.66848003,1.067579,1.0000
TG00006519,T00027,ELG,0.42853671,0.834068,1.0000
TG00006520,T00027,ELG,0.52751837,1.405687,1.0000
TG00006521,T00027,ELG,0.51647436,0.888074,1.0000
TG00006522,T00027,ELG,0.41391369,1.167528,1.0000
TG00006523,T00027,ELG,0.58634296,1.506124,1.0000
TG00006524,T00027,ELG,0.36259771,1.114543,1.0000
TG00006525,T00027,ELG,0.60255833,0.970062,1.0000
TG00006526,T00027,ELG,0.55561531,0.671624,1.0000
TG00006527,T00027,ELG,0.54459705,0.903921,1.0000
TG00006528,T00027,ELG,0.42943399,1.041559,1.0000
TG00006529,T00027,ELG,0.51981489,0.454250,1.0000
TG00006530,T00027,ELG,0.62733788,0.521521,1.0000
TG00006531,T00027,ELG,1.21461297,1.018594,1.0000
TG00006532,T00027,ELG,0.35748637,1.341773,1.0000
TG00006533,T00027,ELG,0.51955517,1.334480,1.0000
TG00006534,T00027,ELG,0.72704990,1.054526,1.0000
TG00006535,T00027,ELG,0.44692944,0.940337,1.0000
TG00006536,T00027,ELG,0.31106638,0.923825,1.0000
TG00006537,T00027,ELG,0.68208244,0.965634,1.0000
TG00006538,T00027,ELG,0.78281278,1.080955,1.0000
TG00006539,T00027,ELG,0.47099100,1.022688,1.0000
TG00006540,T00027,ELG,0.69890360,1.657123,1.0000
TG00006541,T00027,ELG,0.73229740,1.395253,1.0000
TG00006542,T00027,ELG,0.34441917,1.389938,1.0000
TG00006543,T00027,ELG,0.40672422,1.117182,1.0000
TG00006544,T00027,ELG,0.45526876,1.093620,1.0000
TG00006545,T00027,ELG,0.48608408,1.093827,1.0000
TG00006546,T00027,ELG,0.63755477,0.952271,1.0000
TG00006547,T00027,ELG,0.42366057,1.033246,1.0000
TG00006548,T00027,ELG,0.42160935,1.555491,1.0000
TG00006549,T00027,ELG,0.72180263,1.035571,1.0000
TG00006550,T00027,ELG,0.58100799,1.068821,1.0000
TG00006551,T00027,ELG,0.60264071,1.068296,1.0000
TG00006552,T00027,ELG,0.43160716,0.638117,1.0000
TG00006553,T00027,ELG,0.74804447,1.132645,1.0000
TG00006554,T00027,ELG,0.29905242,0.905386,1.0000
TG00006555,T00027,ELG,0.22966277,1.341052,1.0000
TG00006556,T00027,ELG,0.55936102,1.035522,1.0000
TG00006557,T00027,ELG,1.09996857,1.151097,1.0000
TG00006558,T00027,ELG,0.43730475,1.076797,1.0000
TG00006559,T00027,ELG,0.69343409,0.766097,1.0000
TG00006560,T00027,ELG,0.42155168,0.996578,1.0000
TG00006561,T00027,ELG,0.49479672,1.447068,1.0000
TG00006562,T00027,ELG,0.38521945,1.096349,1.0000
TG00006563,T00027,ELG,0.59296452,1.381706,1.0000
TG00006564,T00027,ELG,0.69333049,1.338855,1.0000
TG00006565,T00027,ELG,0.52636425,0.873922,1.0000
TG00006566,T00027,ELG,0.67428893,1.004311,1.0000
TG00006567,T00027,ELG,0.43205164,0.635431,1.0000
TG00006568,T00027,ELG,0.76857866,1.147021,1.0000
TG00006569,T00027,ELG,1.15754461,1.387472,1.0000
TG00006570,T00027,ELG,0.64974037,1.040484,1.0000
TG00006571,T00027,ELG,0.42314878,1.007255,1.0000
TG00006572,T00027,ELG,0.51042696,1.313551,1.0000
TG00006573,T00027,ELG,0.49637548,1.135879,1.0000
TG00006574,T00027,ELG,0.45485085,1.384602,1.0000
TG00006575,T00027,ELG,0.66008422,0.549061,1.0000
TG00006576,T00027,ELG,0.40964722,0.626129,1.0000
TG00006577,T00027,ELG,0.36552539,1.254468,1.0000
TG00006578,T00027,ELG,0.76973568,1.098782,1.0000
TG00006579,T00027,ELG,0.59940336,0.996840,1.0000
TG00006580,T00027,ELG,0.96332370,0.961554,1.0000
TG00006581,T00027,ELG,0.54229483,1.171088,1.0000
TG00006582,T00027,ELG,0.54883942,1.205275,1.0000
TG00006583,T00027,QSO,0.10010103,2.117220,1.7000
TG00006584,T00027,QSO,0.17970760,3.532208,1.7000
TG00006585,T00027,QSO,0.07767159,2.352647,1.7000
TG00006586,T00027,QSO,0.07288442,1.466431,1.7000
TG00006587,T00027,QSO,0.09245893,1.360545,1.7000
TG00006588,T00027,QSO,0.21285654,1.861025,1.7000
TG00006589,T00027,QSO,0.09242383,3.571309,1.7000
TG00006590,T00027,QSO,0.19860341,2.034798,1.7000
TG00006591,T00027,QSO,0.07678791,2.277271,1.7000
TG00006592,T00027,QSO,0.18525656,2.302529,1.7000
TG00006593,T00027,QSO,0.21565070,1.248020,1.7000
TG00006594,T00027,QSO,0.33321657,1.984743,1.7000
TG00006595,T00027,QSO,0.12933824,3.515257,1.7000
TG00006596,T00027,QSO,0.11643272,1.702207,1.7000
TG00006597,T00027,QSO,0.24052469,2.077331,1.7000
TG00006598,T00027,QSO,0.16108387,2.611727,1.7000
TG00006599,T00027,QSO,0.20032609,3.117527,1.7000
TG00006600,T00027,QSO,0.26464521,1.543246,1.7000
TG00006601,T00027,QSO,0.08042944,1.372676,1.7000
TG00006602,T00027,QSO,0.40119813,1.910806,1.7000
TG00006603,T00027,QSO,0.06110064,1.840631,1.7000
TG00006604,T00027,QSO,0.16916444,0.733003,1.7000
TG00006605,T00027,QSO,0.32349744,1.518180,1.7000
TG00006606,T00027,QSO,0.11085315,1.929243,1.7000
TG00006607,T00027,QSO,0.21635330,2.567864,1.7000
TG00006608,T00027,BGS,1.01828305,0.315013,0.4500
TG00006609,T00027,BGS,1.70587440,0.120997,0.4500
TG00006610,T00027,BGS,1.17082719,0.250441,0.4500
TG00006611,T00027,BGS,1.39472040,0.360112,0.4500
TG00006612,T00027,BGS,0.90843767,0.148298,0.4500
TG00006613,T00027,BGS,0.88851895,0.412500,0.4500
TG00006614,T00027,BGS,1.40069484,0.252554,0.4500
TG00006615,T00027,BGS,2.05310882,0.179330,0.4500
TG00006616,T00027,BGS,1.30377969,0.159071,0.4500
TG00006617,T00027,BGS,1.19525799,0.298520,0.4500
TG00006618,T00027,BGS,1.35055525,0.215583,0.4500
TG00006619,T00027,BGS,2.03388377,0.114062,0.4500
TG00006620,T00027,BGS,1.65722829,0.325964,0.4500
TG00006621,T00027,BGS,1.75955928,0.130275,0.4500
TG00006622,T00027,BGS,1.23425544,0.188011,0.4500
TG00006623,T00027,BGS,1.26510707,0.277101,0.4500
TG00006624,T00027,BGS,1.32590164,0.179811,0.4500
TG00006625,T00027,BGS,1.10065623,0.274306,0.4500
TG00006626,T00027,BGS,0.84656596,0.394440,0.4500
TG00006627,T00027,BGS,1.93577942,0.267305,0.4500
TG00006628,T00027,BGS,1.43022001,0.184969,0.4500
TG00006629,T00027,BGS,1.43196423,0.058949,0.4500
TG00006630,T00027,BGS,1.33750763,0.270264,0.4500
TG00006631,T00027,BGS,1.21016780,0.351420,0.4500
TG00006632,T00027,BGS,1.01571666,0.212803,0.4500
TG00006633,T00027,BGS,1.25551741,0.153449,0.4500
TG00006634,T00027,BGS,1.23553621,0.285757,0.4500
TG00006635,T00027,BGS,1.11428835,0.231593,0.4500
TG00006636,T00027,BGS,1.27635869,0.033717,0.4500
TG00006637,T00027,BGS,0.84373731,0.223864,0.4500
TG00006638,T00027,BGS,1.49294248,0.211035,0.4500
TG00006639,T00027,BGS,0.68382634,0.071012,0.4500
TG00006640,T00027,BGS,0.76147510,0.146901,0.4500
TG00006641,T00027,BGS,2.38305155,0.258960,0.4500
TG00006642,T00027,BGS,1.02710959,0.313788,0.4500
TG00006643,T00027,BGS,1.88774745,0.144479,0.4500
TG00006644,T00027,BGS,1.11261524,0.259630,0.4500
TG00006645,T00027,BGS,1.35497011,0.433392,0.4500
TG00006646,T00027,BGS,1.49309790,0.222944,0.4500
TG00006647,T00027,BGS,1.11418417,0.186888,0.4500
TG00006648,T00027,BGS,1.55226518,0.321481,0.4500
TG00006649,T00027,BGS,0.88716003,0.084045,0.4500
TG00006650,T00027,BGS,0.99341345,0.156355,0.4500
TG00006651,T00027,BGS,1.31374827,0.164292,0.4500
TG00006652,T00027,BGS,1.22753342,0.120103,0.4500
TG00006653,T00027,BGS,1.24558006,0.129757,0.4500
TG00006654,T00027,BGS,0.97065288,0.305899,0.4500
TG00006655,T00027,BGS,1.27468383,0.241932,0.4500
TG00006656,T00027,BGS,1.05227294,0.124421,0.4500
TG00006657,T00027,BGS,0.57646311,0.330005,0.4500
TG00006658,T00027,BGS,0.74863762,0.197119,0.4500
TG00006659,T00027,BGS,0.79017024,0.202689,0.4500
TG00006660,T00027,BGS,1.83861515,0.146108,0.4500
TG00006661,T00027,BGS,0.96811221,0.184351,0.4500
TG00006662,T00027,BGS,1.74512896,0.292803,0.4500
TG00006663,T00027,BGS,1.69845298,0.243536,0.4500
TG00006664,T00027,BGS,1.34916358,0.122614,0.4500
TG00006665,T00027,BGS,0.88199907,0.263536,0.4500
TG00006666,T00027,BGS,0.82594367,0.261027,0.4500
TG00006667,T00027,BGS,1.43791912,0.186797,0.4500
TG00006668,T00027,BGS,1.08005193,0.030360,0.4500
TG00006669,T00027,BGS,1.53448308,0.098183,0.4500
TG00006670,T00027,BGS,1.16353507,0.279859,0.4500
TG00006671,T00027,BGS,1.61409733,0.102781,0.4500
TG00006672,T00027,BGS,1.51721803,0.211212,0.4500
TG00006673,T00027,BGS,1.27019017,0.438254,0.4500
TG00006674,T00027,BGS,0.89054917,0.161772,0.4500
TG00006675,T00027,BGS,0.88633431,0.134664,0.4500
TG00006676,T00027,BGS,1.09430569,0.401382,0.4500
TG00006677,T00027,BGS,0.60230461,0.338917,0.4500
TG00006678,T00027,BGS,1.36627403,0.158008,0.4500
TG00006679,T00027,BGS,0.81891038,0.254465,0.4500
TG00006680,T00027,BGS,1.84558607,0.149938,0.4500
TG00006681,T00027,BGS,0.92719775,0.314926,0.4500
TG00006682,T00027,BGS,1.31123083,0.000000,0.4500
TG00006683,T00027,BGS,1.66662484,0.268418,0.4500
TG00006684,T00027,BGS,1.09289491,0.085710,0.4500
TG00006685,T00027,BGS,1.16087084,0.119656,0.4500
TG00006686,T00027,BGS,0.86624528,0.190345,0.4500
TG00006687,T00027,BGS,0.77701081,0.414412,0.4500
TG00006688,T00027,BGS,1.27371251,0.070089,0.4500
TG00006689,T00028,LRG,0.73249979,0.695882,1.0000
TG00006690,T00028,LRG,0.16599546,0.840217,1.0000
TG00006691,T00028,LRG,0.24637711,0.877958,1.0000
TG00006692,T00028,LRG,0.25865793,0.352198,1.0000
TG00006693,T00028,LRG,0.54481381,0.723020,1.0000
TG00006694,T00028,LRG,0.26268693,0.904555,1.0000
TG00006695,T00028,LRG,0.27578742,0.719884,1.0000
TG00006696,T00028,LRG,0.67254076,0.737249,1.0000
TG00006697,T00028,LRG,0.29995377,0.312451,1.0000
TG00006698,T00028,LRG,0.44380804,0.873914,1.0000
TG00006699,T00028,LRG,0.52211893,0.797493,1.0000
TG00006700,T00028,LRG,0.31573856,0.712007,1.0000
TG00006701,T00028,LRG,0.34596203,0.571349,1.0000
TG00006702,T00028,LRG,0.16114061,0.503244,1.0000
TG00006703,T00028,LRG,0.37795589,0.522859,1.0000
TG00006704,T00028,LRG,0.27441006,0.583054,1.0000
TG00006705,T00028,LRG,0.51550928,0.822099,1.0000
TG00006706,T00028,LRG,0.46774198,0.298743,1.0000
TG00006707,T00028,LRG,0.39398353,0.873078,1.0000
TG00006708,T00028,LRG,0.23880535,0.744024,1.0000
TG00006709,T00028,LRG,0.77496056,0.650561,1.0000
TG00006710,T00028,LRG,0.42623585,0.600552,1.0000
TG00006711,T00028,LRG,0.34131984,0.638750,1.0000
TG00006712,T00028,LRG,0.32571048,0.661235,1.0000
TG00006713,T00028,LRG,0.23799786,0.674675,1.0000
TG00006714,T00028,LRG,0.36552457,0.390123,1.0000
TG00006715,T00028,LRG,0.23362000,0.553016,1.0000
TG00006716,T00028,LRG,0.35003155,0.512502,1.0000
TG00006717,T00028,LRG,0.23333827,0.614559,1.0000
TG00006718,T00028,LRG,0.20137049,0.548181,1.0000
TG00006719,T00028,LRG,0.17589629,0.764165,1.0000
TG00006720,T00028,LRG,0.27169100,0.708201,1.0000
TG00006721,T00028,LRG,0.41705486,0.551960,1.0000
TG00006722,T00028,LRG,0.34707788,0.953043,1.0000
TG00006723,T00028,LRG,0.25673147,0.504073,1.0000
TG00006724,T00028,LRG,0.22704463,0.651142,1.0000
TG00006725,T00028,LRG,0.28721181,0.643658,1.0000
TG00006726,T00028,LRG,0.38607116,0.512060,1.0000
TG00006727,T00028,LRG,0.41943197,0.484451,1.0000
TG00006728,T00028,LRG,0.60342798,0.626046,1.0000
TG00006729,T00028,LRG,0.36980322,0.475809,1.0000
TG00006730,T00028,LRG,0.54217153,0.839180,1.0000
TG00006731,T00028,LRG,0.50118526,0.949549,1.0000
TG00006732,T00028,LRG,0.27176261,0.327609,1.0000
TG00006733,T00028,LRG,0.43984575,0.917771,1.0000
TG00006734,T00028,LRG,0.54029151,0.408248,1.0000
TG00006735,T00028,LRG,0.14736931,0.778004,1.0000
TG00006736,T00028,LRG,0.29065653,0.667046,1.0000
TG00006737,T00028,ELG,0.52504884,1.401545,1.0000
TG00006738,T00028,ELG,0.55439807,0.894887,1.0000
TG00006739,T00028,ELG,0.51485145,1.398764,1.0000
TG00006740,T00028,ELG,0.52975692,0.800379,1.0000
TG00006741,T00028,ELG,0.37703992,1.375355,1.0000
TG00006742,T00028,ELG,0.21714983,0.956954,1.0000
TG00006743,T00028,ELG,0.46667716,1.377448,1.0000
TG00006744,T00028,ELG,0.54890818,1.121193,1.0000
TG00006745,T00028,ELG,0.62272663,1.235462,1.0000
TG00006746,T00028,ELG,0.72286311,1.262537,1.0000
TG00006747,T00028,ELG,0.53777484,0.828516,1.0000
TG00006748,T00028,ELG,0.54513109,1.382443,1.0000
TG00006749,T00028,ELG,0.38316322,0.765896,1.0000
TG00006750,T00028,ELG,0.54288492,0.405780,1.0000
TG00006751,T00028,ELG,0.42659795,1.141875,1.0000
TG00006752,T00028,ELG,1.50287632,0.840018,1.0000
TG00006753,T00028,ELG,0.68015963,0.723713,1.0000
TG00006754,T00028,ELG,0.48248787,0.915815,1.0000
TG00006755,T00028,ELG,0.74144596,0.916891,1.0000
TG00006756,T00028,ELG,0.59635323,0.777030,1.0000
TG00006757,T00028,ELG,0.37901243,0.713706,1.0000
TG00006758,T00028,ELG,0.26419834,0.905810,1.0000
TG00006759,T00028,ELG,0.70491568,1.095555,1.0000
TG00006760,T00028,ELG,0.34907214,0.935983,1.0000
TG00006761,T00028,ELG,0.55290456,1.220424,1.0000
TG00006762,T00028,ELG,0.31201393,1.489665,1.0000
TG00006763,T00028,ELG,1.21119189,1.068129,1.0000
TG00006764,T00028,ELG,0.58589715,1.173494,1.0000
TG00006765,T00028,ELG,0.51551318,0.787217,1.0000
TG00006766,T00028,ELG,1.04350945,1.037610,1.0000
TG00006767,T00028,ELG,0.38464775,0.787842,1.0000
TG00006768,T00028,ELG,0.48718470,1.153916,1.0000
TG00006769,T00028,ELG,0.52858078,0.748075,1.0000
TG00006770,T00028,ELG,0.28858138,1.119301,1.0000
TG00006771,T00028,ELG,0.51238528,1.296105,1.0000
TG00006772,T00028,ELG,0.51762649,1.199656,1.0000
TG00006773,T00028,ELG,0.97360247,1.298675,1.0000
TG00006774,T00028,ELG,0.41094318,1.125799,1.0000
TG00006775,T00028,ELG,0.28463425,0.654456,1.0000
TG00006776,T00028,ELG,0.55871096,1.330992,1.0000
TG00006777,T00028,ELG,0.39583884,1.649501,1.0000
TG00006778,T00028,ELG,0.31862138,1.019478,1.0000
TG00006779,T00028,ELG,0.36265573,0.910428,1.0000
TG00006780,T00028,ELG,0.47563967,1.426249,1.0000
TG00006781,T00028,ELG,1.35325255,1.214486,1.0000
TG00006782,T00028,ELG,0.62168811,1.205106,1.0000
TG00006783,T00028,ELG,0.92652343,1.233631,1.0000
TG00006784,T00028,ELG,0.54313956,0.916705,1.0000
TG00006785,T00028,ELG,0.39070524,0.908266,1.0000
TG00006786,T00028,ELG,0.69710667,0.835952,1.0000
TG00006787,T00028,ELG,0.36439167,1.167079,1.0000
TG00006788,T00028,ELG,0.72587140,0.937208,1.0000
TG00006789,T00028,ELG,0.84836268,0.456053,1.0000
TG00006790,T00028,ELG,0.51287549,1.100070,1.0000
TG00006791,T00028,ELG,0.41697294,0.848124,1.0000
TG00006792,T00028,ELG,0.45584268,1.574362,1.0000
TG00006793,T00028,ELG,0.85005439,1.275615,1.0000
TG00006794,T00028,ELG,0.47070534,0.864833,1.0000
TG00006795,T00028,ELG,0.60639442,1.449521,1.0000
TG00006796,T00028,ELG,0.53568398,0.949627,1.0000
TG00006797,T00028,ELG,0.97035157,1.247428,1.0000
TG00006798,T00028,ELG,0.54913373,0.993698,1.0000
TG00006799,T00028,ELG,0.79296162,0.816372,1.0000
TG00006800,T00028,ELG,0.43279387,0.805207,1.0000
TG00006801,T00028,ELG,0.48447306,1.099491,1.0000
TG00006802,T00028,ELG,0.96386710,1.207699,1.0000
TG00006803,T00028,ELG,0.64246996,1.327803,1.0000
TG00006804,T00028,ELG,1.00710259,1.700587,1.0000
TG00006805,T00028,ELG,0.24925238,1.171949,1.0000
TG00006806,T00028,ELG,0.49790645,0.905161,1.0000
TG00006807,T00028,ELG,0.60032138,1.260667,1.0000
TG00006808,T00028,ELG,0.42731723,0.977280,1.0000
TG00006809,T00028,ELG,0.41351836,0.621362,1.0000
TG00006810,T00028,ELG,0.59751188,1.051995,1.0000
TG00006811,T00028,ELG,0.36786014,1.206641,1.0000
TG00006812,T00028,ELG,0.57218426,1.066087,1.0000
TG00006813,T00028,ELG,0.52682276,1.066057,1.0000
TG00006814,T00028,ELG,0.57341988,1.372871,1.0000
TG00006815,T00028,ELG,0.31845182,1.098179,1.0000
TG00006816,T00028,ELG,0.52402944,1.762403,1.0000
TG00006817,T00028,ELG,0.94852742,1.000542,1.0000
TG00006818,T00028,ELG,0.62625934,0.609140,1.0000
TG00006819,T00028,ELG,0.59508344,0.806341,1.0000
TG00006820,T00028,ELG,1.08552770,1.054951,1.0000
TG00006821,T00028,ELG,0.39964430,1.273402,1.0000
TG00006822,T00028,ELG,0.43815806,1.129938,1.0000
TG00006823,T00028,ELG,0.29186557,0.864197,1.0000
TG00006824,T00028,ELG,0.28758405,1.473579,1.0000
TG00006825,T00028,ELG,0.55379457,1.306305,1.0000
TG00006826,T00028,ELG,0.85727774,0.757475,1.0000
TG00006827,T00028,ELG,0.26328285,0.785346,1.0000
TG00006828,T00028,ELG,0.66578830,1.312549,1.0000
TG00006829,T00028,ELG,0.34912484,1.430703,1.0000
TG00006830,T00028,ELG,0.74300876,1.145012,1.0000
TG00006831,T00028,ELG,0.97233145,0.893252,1.0000
TG00006832,T00028,ELG,0.57158290,1.276502,1.0000
TG00006833,T00028,ELG,0.88232119,1.065288,1.0000
TG00006834,T00028,ELG,0.42016771,0.873465,1.0000
TG00006835,T00028,ELG,0.30985929,0.428701,1.0000
TG00006836,T00028,ELG,0.73103333,1.387269,1.0000
TG00006837,T00028,ELG,0.40903097,1.426884,1.0000
TG00006838,T00028,ELG,0.73301545,1.046601,1.0000
TG00006839,T00028,ELG,0.92142824,1.565254,1.0000
TG00006840,T00028,ELG,0.86493710,1.161965,1.0000
TG00006841,T00028,ELG,0.38084328,0.779422,1.0000
TG00006842,T00028,ELG,0.49868272,0.504576,1.0000
TG00006843,T00028,ELG,0.52539564,1.332371,1.0000
TG00006844,T00028,ELG,0.21649195,0.899729,1.0000
TG00006845,T00028,ELG,0.52360475,1.284634,1.0000
TG00006846,T00028,QSO,0.19307572,2.180916,1.7000
TG00006847,T00028,QSO,0.13628188,4.117878,1.7000
TG00006848,T00028,QSO,0.28215792,3.117733,1.7000
TG00006849,T00028,QSO,0.22476263,2.171248,1.7000
TG00006850,T00028,QSO,0.19074094,3.266405,1.7000
TG00006851,T00028,QSO,0.29241079,1.730570,1.7000
TG00006852,T00028,QSO,0.09115848,1.602169,1.7000
TG00006853,T00028,QSO,0.24286535,0.971402,1.7000
TG00006854,T00028,QSO,0.26207805,2.887871,1.7000
TG00006855,T00028,QSO,0.13182860,2.388515,1.7000
TG00006856,T00028,QSO,0.19666337,1.910933,1.7000
TG00006857,T00028,QSO,0.18823585,1.885421,1.7000
TG00006858,T00028,QSO,0.21079621,2.230908,1.7000
TG00006859,T00028,QSO,0.17995505,2.718553,1.7000
TG00006860,T00028,QSO,0.59850836,1.643204,1.7000
TG00006861,T00028,QSO,0.12805509,3.373487,1.7000
TG00006862,T00028,QSO,0.12957085,1.776243,1.7000
TG00006863,T00028,QSO,0.09331507,0.959758,1.7000
TG00006864,T00028,QSO,0.23300586,1.305004,1.7000
TG00006865,T00028,QSO,0.37144364,2.118407,1.7000
TG00006866,T00028,QSO,0.14289230,1.798430,1.7000
TG00006867,T00028,QSO,0.13964449,1.424700,1.7000
TG00006868,T00028,QSO,0.30463347,2.695301,1.7000
TG00006869,T00028,QSO,0.46867346,0.675200,1.7000
TG00006870,T00028,BGS,0.61637842,0.321100,0.4500
TG00006871,T00028,BGS,1.13407552,0.374096,0.4500
TG00006872,T00028,BGS,1.49795499,0.196480,0.4500
TG00006873,T00028,BGS,1.91112043,0.217339,0.4500
TG00006874,T00028,BGS,1.03209696,0.245105,0.4500
TG00006875,T00028,BGS,1.12349582,0.109537,0.4500
TG00006876,T00028,BGS,0.84644030,0.252684,0.4500
TG00006877,T00028,BGS,1.62737493,0.203673,0.4500
TG00006878,T00028,BGS,1.33989145,0.174344,0.4500
TG00006879,T00028,BGS,1.59398811,0.124978,0.4500
TG00006880,T00028,BGS,1.40983464,0.183987,0.4500
TG00006881,T00028,BGS,0.82821179,0.043930,0.4500
TG00006882,T00028,BGS,1.14360856,0.042003,0.4500
TG00006883,T00028,BGS,1.55529088,0.155566,0.4500
TG00006884,T00028,BGS,1.36344620,0.347553,0.4500
TG00006885,T00028,BGS,0.95290945,0.301432,0.4500
TG00006886,T00028,BGS,1.51898962,0.150802,0.4500
TG00006887,T00028,BGS,3.00135149,0.297161,0.4500
TG00006888,T00028,BGS,1.59220050,0.327779,0.4500
TG00006889,T00028,BGS,0.89409862,0.247390,0.4500
TG00006890,T00028,BGS,1.01185132,0.281512,0.4500
TG00006891,T00028,BGS,0.83358693,0.261580,0.4500
TG00006892,T00028,BGS,2.79421314,0.255769,0.4500
TG00006893,T00028,BGS,2.15638218,0.170904,0.4500
TG00006894,T00028,BGS,1.20001814,0.192022,0.4500
TG00006895,T00028,BGS,1.38926979,0.142431,0.4500
TG00006896,T00028,BGS,1.56222120,0.201826,0.4500
TG00006897,T00028,BGS,1.10249068,0.176375,0.4500
TG00006898,T00028,BGS,0.92273535,0.223878,0.4500
TG00006899,T00028,BGS,1.24175958,0.173421,0.4500
TG00006900,T00028,BGS,0.98544048,0.020588,0.4500
TG00006901,T00028,BGS,0.99566552,0.277426,0.4500
TG00006902,T00028,BGS,2.45722138,0.217386,0.4500
TG00006903,T00028,BGS,0.79424429,0.124195,0.4500
TG00006904,T00028,BGS,0.83729447,0.230580,0.4500
TG00006905,T00028,BGS,1.62145935,0.248165,0.4500
TG00006906,T00028,BGS,1.30661638,0.243671,0.4500
TG00006907,T00028,BGS,0.83822169,0.187867,0.4500
TG00006908,T00028,BGS,1.65706496,0.256290,0.4500
TG00006909,T00028,BGS,1.76212608,0.268734,0.4500
TG00006910,T00028,BGS,1.55381201,0.198990,0.4500
TG00006911,T00028,BGS,1.12950913,0.003117,0.4500
TG00006912,T00028,BGS,0.90636234,0.224261,0.4500
TG00006913,T00028,BGS,1.21837442,0.095434,0.4500
TG00006914,T00028,BGS,0.97118219,0.093852,0.4500
TG00006915,T00028,BGS,0.86614299,0.120557,0.4500
TG00006916,T00028,BGS,2.35526138,0.303464,0.4500
TG00006917,T00028,BGS,1.46187487,0.250606,0.4500
TG00006918,T00028,BGS,1.74416361,0.319655,0.4500
TG00006919,T00028,BGS,1.17995357,0.093431,0.4500
TG00006920,T00028,BGS,1.31872007,0.272359,0.4500
TG00006921,T00028,BGS,1.56032587,0.342480,0.4500
TG00006922,T00028,BGS,1.14513818,0.225327,0.4500
TG00006923,T00028,BGS,1.33960593,0.399708,0.4500
TG00006924,T00028,BGS,1.02914253,0.097369,0.4500
TG00006925,T00028,BGS,1.85152700,0.275882,0.4500
TG00006926,T00028,BGS,2.11411365,0.133190,0.4500
TG00006927,T00028,BGS,1.25614899,0.061359,0.4500
TG00006928,T00028,BGS,1.31337640,0.216257,0.4500
TG00006929,T00028,BGS,1.44322822,0.277849,0.4500
TG00006930,T00028,BGS,1.06295457,0.296162,0.4500
TG00006931,T00028,BGS,1.13810306,0.099900,0.4500
TG00006932,T00028,BGS,1.38090925,0.201303,0.4500
TG00006933,T00028,BGS,2.17659211,0.243945,0.4500
TG00006934,T00028,BGS,0.86511442,0.211305,0.4500
TG00006935,T00028,BGS,2.29205786,0.129430,0.4500
TG00006936,T00028,BGS,0.95592214,0.189067,0.4500
TG00006937,T00028,BGS,1.08149421,0.337038,0.4500
TG00006938,T00028,BGS,1.72319865,0.247869,0.4500
TG00006939,T00028,BGS,1.70119470,0.267460,0.4500
TG00006940,T00028,BGS,0.92667705,0.192207,0.4500
TG00006941,T00028,BGS,1.05316225,0.241714,0.4500
TG00006942,T00028,BGS,1.82622651,0.246156,0.4500
TG00006943,T00028,BGS,0.94150121,0.298206,0.4500
TG00006944,T00028,BGS,0.98487037,0.296247,0.4500
TG00006945,T00028,BGS,1.29137047,0.195637,0.4500
TG00006946,T00028,BGS,2.71157502,0.163613,0.4500
TG00006947,T00028,BGS,1.09649909,0.157433,0.4500
TG00006948,T00028,BGS,1.30044918,0.308768,0.4500
TG00006949,T00028,BGS,1.22076007,0.198539,0.4500
TG00006950,T00028,BGS,1.68995982,0.329872,0.4500
TG00006951,T00029,LRG,0.45548098,0.391637,1.0000
TG00006952,T00029,LRG,0.25473171,0.794733,1.0000
TG00006953,T00029,LRG,0.30281697,0.709972,1.0000
TG00006954,T00029,LRG,0.37956696,0.617875,1.0000
TG00006955,T00029,LRG,0.49396065,0.428670,1.0000
TG00006956,T00029,LRG,0.47936765,0.480297,1.0000
TG00006957,T00029,LRG,0.53917669,0.581519,1.0000
TG00006958,T00029,LRG,0.40694747,0.767588,1.0000
TG00006959,T00029,LRG,0.46158120,0.826097,1.0000
TG00006960,T00029,LRG,0.50194993,0.941932,1.0000
TG00006961,T00029,LRG,0.19060425,0.907529,1.0000
TG00006962,T00029,LRG,0.45844207,0.640925,1.0000
TG00006963,T00029,LRG,0.31492587,0.390916,1.0000
TG00006964,T00029,LRG,0.23843053,0.884942,1.0000
TG00006965,T00029,LRG,0.30559535,0.663992,1.0000
TG00006966,T00029,LRG,0.22831643,0.619241,1.0000
TG00006967,T00029,LRG,0.26372166,0.736837,1.0000
TG00006968,T00029,LRG,0.60315756,0.805987,1.0000
TG00006969,T00029,LRG,0.28056833,0.798442,1.0000
TG00006970,T00029,LRG,0.62778233,0.776673,1.0000
TG00006971,T00029,LRG,0.71184804,0.657998,1.0000
TG00006972,T00029,LRG,0.56530619,1.001057,1.0000
TG00006973,T00029,LRG,0.64672203,0.816469,1.0000
TG00006974,T00029,LRG,0.27681288,0.601378,1.0000
TG00006975,T00029,LRG,0.23141571,0.599912,1.0000
TG00006976,T00029,LRG,0.36486079,0.698115,1.0000
TG00006977,T00029,LRG,0.25354037,0.858331,1.0000
TG00006978,T00029,LRG,0.29667656,0.926106,1.0000
TG00006979,T00029,LRG,0.38562304,0.630410,1.0000
TG00006980,T00029,LRG,0.40256161,0.362362,1.0000
TG00006981,T00029,LRG,0.43004536,0.164845,1.0000
TG00006982,T00029,LRG,0.19414844,0.803534,1.0000
TG00006983,T00029,LRG,0.32061331,1.000818,1.0000
TG00006984,T00029,LRG,0.30138118,0.901660,1.0000
TG00006985,T00029,LRG,0.61037903,0.738072,1.0000
TG00006986,T00029,LRG,0.47225523,0.637740,1.0000
TG00006987,T00029,LRG,0.51995639,0.797237,1.0000
TG00006988,T00029,LRG,0.35108618,0.600861,1.0000
TG00006989,T00029,LRG,0.27589255,0.963390,1.0000
TG00006990,T00029,LRG,0.36525494,0.579672,1.0000
TG00006991,T00029,LRG,0.25728788,1.016363,1.0000
TG00006992,T00029,LRG,0.25595615,0.800418,1.0000
TG00006993,T00029,LRG,0.32011710,0.782611,1.0000
TG00006994,T00029,LRG,0.22990815,0.608915,1.0000
TG00006995,T00029,LRG,0.61548783,1.059396,1.0000
TG00006996,T00029,LRG,0.32451151,0.570994,1.0000
TG00006997,T00029,LRG,0.31041864,0.844569,1.0000
TG00006998,T00029,LRG,0.21334750,0.869147,1.0000
TG00006999,T00029,LRG,0.32276590,0.865960,1.0000
TG00007000,T00029,LRG,0.38312060,0.435530,1.0000
TG00007001,T00029,LRG,0.37619629,0.669277,1.0000
TG00007002,T00029,LRG,0.30411937,1.035174,1.0000
TG00007003,T00029,LRG,0.36376696,0.762457,1.0000
TG00007004,T00029,LRG,0.49052132,0.775095,1.0000
TG00007005,T00029,LRG,0.39744655,0.680963,1.0000
TG00007006,T00029,LRG,0.37395613,0.537261,1.0000
TG00007007,T00029,LRG,0.41047622,0.742594,1.0000
TG00007008,T00029,LRG,0.34835831,0.604859,1.0000
TG00007009,T00029,LRG,0.33962809,0.467478,1.0000
TG00007010,T00029,ELG,0.37333104,1.494462,1.0000
TG00007011,T00029,ELG,0.43770031,1.026304,1.0000
TG00007012,T00029,ELG,0.61278015,1.162890,1.0000
TG00007013,T00029,ELG,0.47744426,1.149626,1.0000
TG00007014,T00029,ELG,1.06320752,1.066792,1.0000
TG00007015,T00029,ELG,1.07654387,1.268799,1.0000
TG00007016,T00029,ELG,0.73066215,0.817501,1.0000
TG00007017,T00029,ELG,0.41574397,0.811262,1.0000
TG00007018,T00029,ELG,0.60206411,0.760074,1.0000
TG00007019,T00029,ELG,0.39616132,0.660000,1.0000
TG00007020,T00029,ELG,0.67368148,1.381214,1.0000
TG00007021,T00029,ELG,0.51021909,1.292203,1.0000
TG00007022,T00029,ELG,1.06205577,1.330263,1.0000
TG00007023,T00029,ELG,0.48269190,1.053810,1.0000
TG00007024,T00029,ELG,0.50743785,0.790358,1.0000
TG00007025,T00029,ELG,1.34868920,0.900676,1.0000
TG00007026,T00029,ELG,0.67168865,0.886477,1.0000
TG00007027,T00029,ELG,0.47031281,0.636699,1.0000
TG00007028,T00029,ELG,0.44915454,1.550458,1.0000
TG00007029,T00029,ELG,0.33841799,0.981781,1.0000
TG00007030,T00029,ELG,0.51286901,1.151547,1.0000
TG00007031,T00029,ELG,0.69543884,1.406375,1.0000
TG00007032,T00029,ELG,0.46924224,0.882430,1.0000
TG00007033,T00029,ELG,0.83341007,1.211072,1.0000
TG00007034,T00029,ELG,0.43090496,1.268862,1.0000
TG00007035,T00029,ELG,0.58821954,1.103445,1.0000
TG00007036,T00029,ELG,0.54611407,0.838750,1.0000
TG00007037,T00029,ELG,0.77675971,1.496745,1.0000
TG00007038,T00029,ELG,0.77329928,1.277958,1.0000
TG00007039,T00029,ELG,0.36551591,1.079911,1.0000
TG00007040,T00029,ELG,0.35482668,1.299764,1.0000
TG00007041,T00029,ELG,0.52512854,1.491618,1.0000
TG00007042,T00029,ELG,0.60717541,1.122056,1.0000
TG00007043,T00029,ELG,0.40826624,1.600175,1.0000
TG00007044,T00029,ELG,1.02116203,0.938266,1.0000
TG00007045,T00029,ELG,0.72058852,1.405876,1.0000
TG00007046,T00029,ELG,0.88860609,1.083649,1.0000
TG00007047,T00029,ELG,0.59775122,1.148697,1.0000
TG00007048,T00029,ELG,0.57740432,1.699984,1.0000
TG00007049,T00029,ELG,0.47637261,1.039573,1.0000
TG00007050,T00029,ELG,0.28700741,0.906909,1.0000
TG00007051,T00029,ELG,1.13296050,0.772302,1.0000
TG00007052,T00029,ELG,0.65080872,1.026374,1.0000
TG00007053,T00029,ELG,0.72076251,1.472287,1.0000
TG00007054,T00029,ELG,0.77715956,1.127112,1.0000
TG00007055,T00029,ELG,0.54694501,1.301915,1.0000
TG00007056,T00029,ELG,0.34963336,1.152130,1.0000
TG00007057,T00029,ELG,0.82281995,1.459056,1.0000
TG00007058,T00029,ELG,0.41233114,0.921123,1.0000
TG00007059,T00029,ELG,0.33839155,0.985593,1.0000
TG00007060,T00029,ELG,0.40575188,0.663338,1.0000
TG00007061,T00029,ELG,0.60210592,0.781286,1.0000
TG00007062,T00029,ELG,0.96272491,1.043400,1.0000
TG00007063,T00029,ELG,0.30796099,0.636400,1.0000
TG00007064,T00029,ELG,0.26160843,0.909016,1.0000
TG00007065,T00029,ELG,0.53537426,1.018885,1.0000
TG00007066,T00029,ELG,0.90534989,1.267298,1.0000
TG00007067,T00029,ELG,0.79827962,0.835080,1.0000
TG00007068,T00029,ELG,0.27154398,0.988925,1.0000
TG00007069,T00029,ELG,0.31064506,1.298851,1.0000
TG00007070,T00029,ELG,0.71002306,1.063189,1.0000
TG00007071,T00029,ELG,0.33308666,1.321838,1.0000
TG00007072,T00029,ELG,0.73120449,0.988959,1.0000
TG00007073,T00029,ELG,0.33724206,1.447611,1.0000
TG00007074,T00029,QSO,0.20031592,2.093360,1.7000
TG00007075,T00029,QSO,0.14952274,2.520413,1.7000
TG00007076,T00029,QSO,0.16609101,3.195493,1.7000
TG00007077,T00029,QSO,0.18051527,2.274642,1.7000
TG00007078,T00029,QSO,0.37737388,0.795704,1.7000
TG00007079,T00029,QSO,0.08021655,2.812595,1.7000
TG00007080,T00029,QSO,0.21880977,1.989658,1.7000
TG00007081,T00029,QSO,0.25125399,3.053063,1.7000
TG00007082,T00029,QSO,0.28664181,2.427288,1.7000
TG00007083,T00029,QSO,0.08175646,2.878969,1.7000
TG00007084,T00029,QSO,0.11586615,2.493618,1.7000
TG00007085,T00029,QSO,0.46914963,1.183115,1.7000
TG00007086,T00029,QSO,0.17037200,2.611456,1.7000
TG00007087,T00029,QSO,0.23884775,2.455073,1.7000
TG00007088,T00029,BGS,0.92956739,0.269600,0.4500
TG00007089,T00029,BGS,0.93338108,0.344432,0.4500
TG00007090,T00029,BGS,1.79851667,0.000000,0.4500
TG00007091,T00029,BGS,1.08562660,0.296824,0.4500
TG00007092,T00029,BGS,1.38973353,0.322238,0.4500
TG00007093,T00029,BGS,1.15726534,0.175135,0.4500
TG00007094,T00029,BGS,1.11417116,0.156179,0.4500
TG00007095,T00029,BGS,0.72076944,0.211004,0.4500
TG00007096,T00029,BGS,1.94104972,0.226262,0.4500
TG00007097,T00029,BGS,1.03789212,0.224500,0.4500
TG00007098,T00029,BGS,0.93053459,0.097764,0.4500
TG00007099,T00029,BGS,0.99180375,0.344775,0.4500
TG00007100,T00029,BGS,1.05574217,0.229003,0.4500
TG00007101,T00029,BGS,1.47531286,0.262371,0.4500
TG00007102,T00029,BGS,1.78888264,0.206724,0.4500
TG00007103,T00029,BGS,1.30205359,0.242834,0.4500
TG00007104,T00029,BGS,1.28204257,0.063851,0.4500
TG00007105,T00029,BGS,1.49803446,0.251968,0.4500
TG00007106,T00029,BGS,1.20591686,0.350670,0.4500
TG00007107,T00029,BGS,1.38816072,0.363315,0.4500
TG00007108,T00029,BGS,0.97995190,0.099098,0.4500
TG00007109,T00029,BGS,1.07908310,0.144036,0.4500
TG00007110,T00029,BGS,1.16805427,0.166220,0.4500
TG00007111,T00029,BGS,0.97427352,0.328545,0.4500
TG00007112,T00029,BGS,1.66061181,0.176457,0.4500
TG00007113,T00029,BGS,1.00895309,0.182721,0.4500
TG00007114,T00029,BGS,0.87427490,0.100707,0.4500
TG00007115,T00029,BGS,1.71296467,0.333613,0.4500
TG00007116,T00029,BGS,0.94373840,0.144161,0.4500
TG00007117,T00029,BGS,1.91859460,0.228267,0.4500
TG00007118,T00029,BGS,2.03135622,0.306010,0.4500
TG00007119,T00029,BGS,1.84757978,0.263695,0.4500
TG00007120,T00029,BGS,1.42722887,0.282853,0.4500
TG00007121,T00029,BGS,1.28866043,0.253947,0.4500
TG00007122,T00029,BGS,1.40048140,0.243085,0.4500
TG00007123,T00029,BGS,1.30528481,0.119870,0.4500
TG00007124,T00029,BGS,1.29024105,0.128808,0.4500
TG00007125,T00029,BGS,1.25510434,0.323631,0.4500
TG00007126,T00029,BGS,1.76021762,0.077347,0.4500
TG00007127,T00029,BGS,1.35696021,0.210983,0.4500
TG00007128,T00029,BGS,1.54842682,0.138351,0.4500
TG00007129,T00029,BGS,1.38452341,0.335226,0.4500
TG00007130,T00029,BGS,1.19635025,0.176794,0.4500
TG00007131,T00029,BGS,0.85372493,0.208573,0.4500
TG00007132,T00029,BGS,1.18700051,0.181801,0.4500
TG00007133,T00029,BGS,1.82115460,0.245077,0.4500
TG00007134,T00029,BGS,1.39763060,0.142446,0.4500
TG00007135,T00029,BGS,0.95269113,0.413253,0.4500
TG00007136,T00029,BGS,1.06578782,0.233454,0.4500
TG00007137,T00029,BGS,0.99265013,0.186685,0.4500
TG00007138,T00029,BGS,1.84719303,0.311096,0.4500
TG00007139,T00029,BGS,1.21700025,0.338517,0.4500
TG00007140,T00029,BGS,1.60132641,0.372426,0.4500
TG00007141,T00029,BGS,0.92732836,0.215621,0.4500
TG00007142,T00029,BGS,1.01145376,0.157623,0.4500
TG00007143,T00029,BGS,0.87609050,0.055159,0.4500
TG00007144,T00029,BGS,0.75963138,0.371302,0.4500
TG00007145,T00029,BGS,0.63606680,0.338117,0.4500
TG00007146,T00029,BGS,1.12250010,0.299325,0.4500
TG00007147,T00029,BGS,1.37485666,0.081071,0.4500
TG00007148,T00029,BGS,1.21711124,0.248042,0.4500
TG00007149,T00029,BGS,1.15879301,0.191173,0.4500
TG00007150,T00029,BGS,1.56077102,0.323050,0.4500
TG00007151,T00029,BGS,0.91208688,0.105748,0.4500
TG00007152,T00029,BGS,0.75868307,0.229416,0.4500
TG00007153,T00029,BGS,1.19115804,0.219005,0.4500
TG00007154,T00029,BGS,0.95425586,0.226267,0.4500
TG00007155,T00029,BGS,0.81239034,0.212134,0.4500
TG00007156,T00029,BGS,1.32230540,0.181661,0.4500
TG00007157,T00029,BGS,1.01599049,0.174247,0.4500
TG00007158,T00029,BGS,0.94813933,0.434280,0.4500
TG00007159,T00029,BGS,1.91703853,0.134252,0.4500
TG00007160,T00029,BGS,0.92043043,0.392030,0.4500
TG00007161,T00029,BGS,0.68145849,0.171058,0.4500
TG00007162,T00029,BGS,0.94058040,0.353378,0.4500
TG00007163,T00029,BGS,2.30280784,0.315415,0.4500
TG00007164,T00029,BGS,1.16540830,0.329077,0.4500
TG00007165,T00029,BGS,1.07643469,0.168507,0.4500
TG00007166,T00029,BGS,1.78813120,0.109715,0.4500
TG00007167,T00029,BGS,1.06447762,0.075234,0.4500
TG00007168,T00029,BGS,1.32199319,0.296362,0.4500
TG00007169,T00030,LRG,0.25833696,0.826277,1.0000
TG00007170,T00030,LRG,0.20643995,0.870942,1.0000
TG00007171,T00030,LRG,0.32627076,0.575706,1.0000
TG00007172,T00030,LRG,0.49745439,0.826480,1.0000
TG00007173,T00030,LRG,0.41680641,0.532445,1.0000
TG00007174,T00030,LRG,0.25016256,0.693269,1.0000
TG00007175,T00030,LRG,0.24136167,0.986585,1.0000
TG00007176,T00030,LRG,0.38726292,0.755308,1.0000
TG00007177,T00030,LRG,0.39773514,0.508672,1.0000
TG00007178,T00030,LRG,0.19641815,0.836228,1.0000
TG00007179,T00030,LRG,0.36018841,0.776107,1.0000
TG00007180,T00030,LRG,0.52927048,0.736752,1.0000
TG00007181,T00030,LRG,0.25616889,0.449668,1.0000
TG00007182,T00030,LRG,0.61205433,0.677402,1.0000
TG00007183,T00030,LRG,0.23270750,0.978112,1.0000
TG00007184,T00030,LRG,0.50825474,0.968278,1.0000
TG00007185,T00030,LRG,0.30005199,0.393152,1.0000
TG00007186,T00030,LRG,0.33563234,1.081119,1.0000
TG00007187,T00030,LRG,0.32759067,0.825932,1.0000
TG00007188,T00030,LRG,0.41784160,0.716081,1.0000
TG00007189,T00030,LRG,0.31637208,0.797122,1.0000
TG00007190,T00030,LRG,0.64056356,1.041724,1.0000
TG00007191,T00030,LRG,0.29727434,0.680471,1.0000
TG00007192,T00030,LRG,0.54287226,0.579277,1.0000
TG00007193,T00030,LRG,0.52523123,0.611446,1.0000
TG00007194,T00030,LRG,0.37813988,0.586072,1.0000
TG00007195,T00030,LRG,0.44358456,0.681742,1.0000
TG00007196,T00030,LRG,0.22344434,0.832283,1.0000
TG00007197,T00030,LRG,0.29305355,0.452519,1.0000
TG00007198,T00030,LRG,0.90344044,0.665956,1.0000
TG00007199,T00030,LRG,0.20139726,0.990885,1.0000
TG00007200,T00030,LRG,0.36576847,0.741405,1.0000
TG00007201,T00030,LRG,0.32152402,0.789874,1.0000
TG00007202,T00030,LRG,0.41848562,1.006394,1.0000
TG00007203,T00030,LRG,0.32576816,0.655524,1.0000
TG00007204,T00030,LRG,0.28080379,0.619779,1.0000
TG00007205,T00030,LRG,0.42451848,0.658801,1.0000
TG00007206,T00030,LRG,0.38658823,0.602088,1.0000
TG00007207,T00030,LRG,0.35299584,0.772533,1.0000
TG00007208,T00030,LRG,0.32036183,0.457390,1.0000
TG00007209,T00030,LRG,0.25785083,0.677087,1.0000
TG00007210,T00030,LRG,0.63417873,0.748138,1.0000
TG00007211,T00030,LRG,0.47793286,0.991637,1.0000
TG00007212,T00030,LRG,0.38545687,0.597347,1.0000
TG00007213,T00030,LRG,0.25029860,1.069025,1.0000
TG00007214,T00030,LRG,0.55085424,0.786236,1.0000
TG00007215,T00030,LRG,0.32136447,0.572287,1.0000
TG00007216,T00030,LRG,0.53065531,0.654538,1.0000
TG00007217,T00030,LRG,0.43085987,0.404730,1.0000
TG00007218,T00030,LRG,0.40372765,0.570883,1.0000
TG00007219,T00030,LRG,0.31359246,0.625828,1.0000
TG00007220,T00030,LRG,0.28170476,1.023932,1.0000
TG00007221,T00030,LRG,0.29351118,0.770801,1.0000
TG00007222,T00030,LRG,0.22552644,0.644801,1.0000
TG00007223,T00030,LRG,0.40516398,0.386737,1.0000
TG00007224,T00030,LRG,0.21782516,0.656545,1.0000
TG00007225,T00030,LRG,0.20672408,1.037961,1.0000
TG00007226,T00030,LRG,0.34917887,0.380632,1.0000
TG00007227,T00030,LRG,0.16610096,0.261998,1.0000
TG00007228,T00030,LRG,0.32896395,0.650885,1.0000
TG00007229,T00030,LRG,0.32928324,0.677416,1.0000
TG00007230,T00030,LRG,0.33737365,0.468497,1.0000
TG00007231,T00030,ELG,0.76090724,0.788059,1.0000
TG00007232,T00030,ELG,0.60470487,1.370924,1.0000
TG00007233,T00030,ELG,1.08513852,1.255932,1.0000
TG00007234,T00030,ELG,0.53111300,0.914133,1.0000
TG00007235,T00030,ELG,0.60993563,1.188400,1.0000
TG00007236,T00030,ELG,0.39367217,1.034375,1.0000
TG00007237,T00030,ELG,0.70430708,0.780639,1.0000
TG00007238,T00030,ELG,0.43501382,1.362625,1.0000
TG00007239,T00030,ELG,0.55428797,1.017263,1.0000
TG00007240,T00030,ELG,0.77928856,1.130086,1.0000
TG00007241,T00030,ELG,0.30706035,1.359485,1.0000
TG00007242,T00030,ELG,0.54519744,0.709605,1.0000
TG00007243,T00030,ELG,0.51519558,1.183524,1.0000
TG00007244,T00030,ELG,0.70223219,1.081412,1.0000
TG00007245,T00030,ELG,0.32370379,1.006807,1.0000
TG00007246,T00030,ELG,0.61969714,0.984429,1.0000
TG00007247,T00030,ELG,0.48994050,0.664192,1.0000
TG00007248,T00030,ELG,0.70312622,1.108736,1.0000
TG00007249,T00030,ELG,0.34629808,1.364747,1.0000
TG00007250,T00030,ELG,1.29919986,1.124077,1.0000
TG00007251,T00030,ELG,0.42536628,1.037724,1.0000
TG00007252,T00030,ELG,0.76874886,1.494615,1.0000
TG00007253,T00030,ELG,0.74353111,0.496840,1.0000
TG00007254,T00030,ELG,0.82280892,0.755504,1.0000
TG00007255,T00030,ELG,0.76154747,1.617489,1.0000
TG00007256,T00030,ELG,0.38641384,1.269054,1.0000
TG00007257,T00030,ELG,0.88498857,1.390744,1.0000
TG00007258,T00030,ELG,0.35767633,1.088308,1.0000
TG00007259,T00030,ELG,0.68458089,1.142352,1.0000
TG00007260,T00030,ELG,0.31483625,1.351708,1.0000
TG00007261,T00030,ELG,0.69364734,1.003463,1.0000
TG00007262,T00030,ELG,0.75752475,1.181839,1.0000
TG00007263,T00030,ELG,0.18431295,1.180163,1.0000
TG00007264,T00030,ELG,0.69815195,1.386734,1.0000
TG00007265,T00030,ELG,0.37352134,1.653641,1.0000
TG00007266,T00030,ELG,0.78173024,1.247844,1.0000
TG00007267,T00030,ELG,0.51875730,1.111730,1.0000
TG00007268,T00030,ELG,0.84574723,1.403120,1.0000
TG00007269,T00030,ELG,0.66420435,1.328285,1.0000
TG00007270,T00030,ELG,0.38288312,1.184144,1.0000
TG00007271,T00030,ELG,0.56709262,1.702793,1.0000
TG00007272,T00030,ELG,0.52492758,1.035987,1.0000
TG00007273,T00030,ELG,0.24647216,1.362673,1.0000
TG00007274,T00030,ELG,0.63057887,1.098867,1.0000
TG00007275,T00030,ELG,0.48694608,1.314001,1.0000
TG00007276,T00030,ELG,0.68821298,0.874326,1.0000
TG00007277,T00030,ELG,0.35727440,0.987739,1.0000
TG00007278,T00030,ELG,0.80323920,1.166108,1.0000
TG00007279,T00030,ELG,0.51501771,1.257655,1.0000
TG00007280,T00030,ELG,0.25439787,1.149032,1.0000
TG00007281,T00030,ELG,1.00247077,0.543310,1.0000
TG00007282,T00030,ELG,0.79941502,1.209884,1.0000
TG00007283,T00030,ELG,0.95007336,1.228572,1.0000
TG00007284,T00030,ELG,0.73493611,0.952146,1.0000
TG00007285,T00030,ELG,0.94092199,0.870085,1.0000
TG00007286,T00030,ELG,0.80893272,0.914302,1.0000
TG00007287,T00030,ELG,0.64441657,1.210063,1.0000
TG00007288,T00030,ELG,0.65967781,1.486974,1.0000
TG00007289,T00030,ELG,0.80019023,1.374325,1.0000
TG00007290,T00030,ELG,0.77421036,1.063236,1.0000
TG00007291,T00030,ELG,0.41466248,0.673091,1.0000
TG00007292,T00030,ELG,0.39672794,1.423539,1.0000
TG00007293,T00030,ELG,0.80952932,1.009309,1.0000
TG00007294,T00030,ELG,0.61285794,1.247896,1.0000
TG00007295,T00030,ELG,0.51810400,1.426992,1.0000
TG00007296,T00030,ELG,0.73662906,1.280030,1.0000
TG00007297,T00030,ELG,0.59861105,1.230273,1.0000
TG00007298,T00030,ELG,0.78361702,1.287155,1.0000
TG00007299,T00030,ELG,1.14366309,0.635568,1.0000
TG00007300,T00030,ELG,0.58652343,1.068930,1.0000
TG00007301,T00030,ELG,0.61206273,0.982251,1.0000
TG00007302,T00030,ELG,1.37433301,1.250495,1.0000
TG00007303,T00030,ELG,0.75609281,1.229422,1.0000
TG00007304,T00030,ELG,0.78582238,1.381266,1.0000
TG00007305,T00030,ELG,0.77459741,1.054589,1.0000
TG00007306,T00030,ELG,0.26205487,0.604342,1.0000
TG00007307,T00030,ELG,0.56929803,0.940751,1.0000
TG00007308,T00030,ELG,0.56914360,1.834891,1.0000
TG00007309,T00030,ELG,0.34217098,0.932092,1.0000
TG00007310,T00030,ELG,0.54819323,1.125164,1.0000
TG00007311,T00030,ELG,0.23221104,1.347685,1.0000
TG00007312,T00030,ELG,0.63233399,1.023662,1.0000
TG00007313,T00030,ELG,0.97095461,0.971532,1.0000
TG00007314,T00030,ELG,0.32208923,1.070279,1.0000
TG00007315,T00030,ELG,1.13666477,1.340889,1.0000
TG00007316,T00030,ELG,0.40449042,1.001038,1.0000
TG00007317,T00030,ELG,0.91123342,1.396909,1.0000
TG00007318,T00030,ELG,0.93149362,1.210259,1.0000
TG00007319,T00030,ELG,0.56888231,0.984910,1.0000
TG00007320,T00030,QSO,0.14900652,2.628657,1.7000
TG00007321,T00030,QSO,0.28490941,2.838919,1.7000
TG00007322,T00030,QSO,0.14311601,1.563804,1.7000
TG00007323,T00030,QSO,0.17390501,2.233307,1.7000
TG00007324,T00030,QSO,0.17227441,2.145752,1.7000
TG00007325,T00030,QSO,0.12383443,2.493030,1.7000
TG00007326,T00030,QSO,0.09278193,2.864562,1.7000
TG00007327,T00030,QSO,0.18347999,2.071016,1.7000
TG00007328,T00030,QSO,0.18337381,3.114762,1.7000
TG00007329,T00030,QSO,0.08693454,1.852726,1.7000
TG00007330,T00030,QSO,0.12755717,2.552229,1.7000
TG00007331,T00030,QSO,0.15625218,2.841086,1.7000
TG00007332,T00030,QSO,0.14008735,1.917584,1.7000
TG00007333,T00030,BGS,1.15535173,0.226002,0.4500
TG00007334,T00030,BGS,1.09452380,0.446586,0.4500
TG00007335,T00030,BGS,1.19468540,0.158459,0.4500
TG00007336,T00030,BGS,1.02114960,0.349519,0.4500
TG00007337,T00030,BGS,1.13224197,0.330874,0.4500
TG00007338,T00030,BGS,0.85837927,0.212024,0.4500
TG00007339,T00030,BGS,0.60148110,0.326739,0.4500
TG00007340,T00030,BGS,0.99075338,0.282200,0.4500
TG00007341,T00030,BGS,1.77403651,0.204330,0.4500
TG00007342,T00030,BGS,0.84033168,0.095753,0.4500
TG00007343,T00030,BGS,1.73700856,0.317220,0.4500
TG00007344,T00030,BGS,0.80981984,0.368205,0.4500
TG00007345,T00030,BGS,1.52338068,0.138427,0.4500
TG00007346,T00030,BGS,0.91141562,0.269132,0.4500
TG00007347,T00030,BGS,0.82874568,0.364200,0.4500
TG00007348,T00030,BGS,0.96198862,0.103463,0.4500
TG00007349,T00030,BGS,1.08146151,0.123326,0.4500
TG00007350,T00030,BGS,2.03867264,0.215621,0.4500
TG00007351,T00030,BGS,2.03243342,0.257696,0.4500
TG00007352,T00030,BGS,1.90545690,0.075415,0.4500
TG00007353,T00030,BGS,2.35897095,0.315914,0.4500
TG00007354,T00030,BGS,1.03652233,0.373780,0.4500
TG00007355,T00030,BGS,1.86876285,0.061394,0.4500
TG00007356,T00030,BGS,0.94497797,0.248151,0.4500
TG00007357,T00030,BGS,0.76782091,0.351196,0.4500
TG00007358,T00030,BGS,1.13005757,0.232799,0.4500
TG00007359,T00030,BGS,0.88342171,0.258916,0.4500
TG00007360,T00030,BGS,1.10080357,0.174931,0.4500
TG00007361,T00030,BGS,1.60916237,0.383357,0.4500
TG00007362,T00030,BGS,1.65203756,0.242811,0.4500
TG00007363,T00030,BGS,0.74673564,0.251415,0.4500
TG00007364,T00030,BGS,1.56592882,0.249398,0.4500
TG00007365,T00030,BGS,1.81091466,0.326991,0.4500
TG00007366,T00030,BGS,1.48731478,0.388413,0.4500
TG00007367,T00030,BGS,1.49239117,0.030538,0.4500
TG00007368,T00030,BGS,1.42528490,0.296598,0.4500
TG00007369,T00030,BGS,1.78367640,0.148430,0.4500
TG00007370,T00030,BGS,1.63692786,0.099568,0.4500
TG00007371,T00030,BGS,1.24083908,0.212759,0.4500
TG00007372,T00030,BGS,0.82326347,0.265855,0.4500
TG00007373,T00030,BGS,1.35849458,0.134084,0.4500
TG00007374,T00030,BGS,1.72147735,0.294746,0.4500
TG00007375,T00030,BGS,1.75864446,0.242468,0.4500
TG00007376,T00030,BGS,1.01324107,0.171609,0.4500
TG00007377,T00030,BGS,1.65319147,0.140215,0.4500
TG00007378,T00030,BGS,0.93706261,0.349976,0.4500
TG00007379,T00030,BGS,1.08222063,0.347230,0.4500
TG00007380,T00030,BGS,1.23201270,0.099009,0.4500
TG00007381,T00030,BGS,2.41276600,0.111113,0.4500
TG00007382,T00030,BGS,1.43117175,0.374880,0.4500
TG00007383,T00030,BGS,0.88044868,0.183928,0.4500
TG00007384,T00030,BGS,0.92160434,0.285787,0.4500
TG00007385,T00030,BGS,1.11463365,0.252375,0.4500
TG00007386,T00030,BGS,2.05117153,0.222114,0.4500
TG00007387,T00030,BGS,1.05717951,0.204408,0.4500
TG00007388,T00030,BGS,2.05071907,0.256163,0.4500
TG00007389,T00030,BGS,1.84547375,0.186799,0.4500
TG00007390,T00030,BGS,1.35229586,0.085863,0.4500
TG00007391,T00030,BGS,0.97204988,0.266568,0.4500
TG00007392,T00030,BGS,0.83889525,0.395192,0.4500
TG00007393,T00030,BGS,1.71358025,0.185929,0.4500
TG00007394,T00030,BGS,2.06116752,0.160862,0.4500
TG00007395,T00030,BGS,1.25974281,0.030977,0.4500
TG00007396,T00030,BGS,1.67426540,0.187560,0.4500
TG00007397,T00030,BGS,1.41119178,0.392031,0.4500
TG00007398,T00030,BGS,2.19078527,0.277608,0.4500
TG00007399,T00030,BGS,0.73361972,0.343465,0.4500
TG00007400,T00030,BGS,1.39980853,0.230352,0.4500
TG00007401,T00030,BGS,1.00265167,0.261772,0.4500
TG00007402,T00030,BGS,1.34337675,0.183964,0.4500
TG00007403,T00030,BGS,0.98895139,0.295461,0.4500
TG00007404,T00030,BGS,1.21465163,0.068774,0.4500
TG00007405,T00030,BGS,1.16324319,0.187239,0.4500
TG00007406,T00030,BGS,1.64550231,0.247841,0.4500
TG00007407,T00030,BGS,1.04522387,0.214048,0.4500
TG00007408,T00030,BGS,1.23091074,0.223737,0.4500
TG00007409,T00030,BGS,1.02493362,0.211211,0.4500
TG00007410,T00030,BGS,1.06216524,0.273611,0.4500
TG00007411,T00030,BGS,1.10712749,0.221565,0.4500
TG00007412,T00030,BGS,1.05601424,0.241007,0.4500
TG00007413,T00030,BGS,1.21629948,0.193151,0.4500
TG00007414,T00030,BGS,1.44903723,0.281425,0.4500
TG00007415,T00030,BGS,1.33749917,0.280452,0.4500
TG00007416,T00030,BGS,2.23934569,0.356956,0.4500
TG00007417,T00031,LRG,0.36569754,0.510513,1.0000
TG00007418,T00031,LRG,0.36060789,0.442539,1.0000
TG00007419,T00031,LRG,0.25113542,0.652808,1.0000
TG00007420,T00031,LRG,0.38948502,0.678842,1.0000
TG00007421,T00031,LRG,0.39697811,0.564503,1.0000
TG00007422,T00031,LRG,0.15284884,1.050999,1.0000
TG00007423,T00031,LRG,0.40812769,0.559653,1.0000
TG00007424,T00031,LRG,0.45191525,0.793466,1.0000
TG00007425,T00031,LRG,0.14884109,0.846991,1.0000
TG00007426,T00031,LRG,0.28499329,0.684602,1.0000
TG00007427,T00031,LRG,0.47898310,0.776066,1.0000
TG00007428,T00031,LRG,0.23494828,0.670248,1.0000
TG00007429,T00031,LRG,0.42946974,0.701839,1.0000
TG00007430,T00031,LRG,0.48049212,0.740644,1.0000
TG00007431,T00031,LRG,0.37683388,0.716109,1.0000
TG00007432,T00031,LRG,0.35204391,1.073039,1.0000
TG00007433,T00031,LRG,0.24611872,0.465185,1.0000
TG00007434,T00031,LRG,0.27554934,0.847170,1.0000
TG00007435,T00031,LRG,0.26143417,0.651512,1.0000
TG00007436,T00031,LRG,0.28997286,0.981843,1.0000
TG00007437,T00031,LRG,0.27836747,1.100269,1.0000
TG00007438,T00031,LRG,0.17463284,0.980970,1.0000
TG00007439,T00031,LRG,0.66291557,1.022807,1.0000
TG00007440,T00031,LRG,0.58426472,0.584939,1.0000
TG00007441,T00031,LRG,0.21707545,0.948454,1.0000
TG00007442,T00031,LRG,0.33957276,0.896456,1.0000
TG00007443,T00031,LRG,0.23678617,0.616091,1.0000
TG00007444,T00031,LRG,0.65076697,1.005408,1.0000
TG00007445,T00031,LRG,0.36746596,0.695398,1.0000
TG00007446,T00031,LRG,0.40833279,0.603959,1.0000
TG00007447,T00031,LRG,0.51777725,0.567599,1.0000
TG00007448,T00031,LRG,0.41060207,0.515780,1.0000
TG00007449,T00031,LRG,0.43084730,0.592135,1.0000
TG00007450,T00031,LRG,0.63148920,0.632844,1.0000
TG00007451,T00031,LRG,0.53105955,1.015496,1.0000
TG00007452,T00031,LRG,0.22865555,0.827639,1.0000
TG00007453,T00031,LRG,0.43848186,0.848791,1.0000
TG00007454,T00031,LRG,0.31456728,0.313395,1.0000
TG00007455,T00031,LRG,0.33409573,0.730225,1.0000
TG00007456,T00031,LRG,0.30695049,0.774086,1.0000
TG00007457,T00031,LRG,0.32478217,1.046656,1.0000
TG00007458,T00031,LRG,0.35877317,0.479799,1.0000
TG00007459,T00031,LRG,0.57657164,0.775178,1.0000
TG00007460,T00031,LRG,0.37440921,0.895818,1.0000
TG00007461,T00031,LRG,0.22903867,0.721785,1.0000
TG00007462,T00031,LRG,0.41569349,0.789072,1.0000
TG00007463,T00031,LRG,0.38641366,0.770388,1.0000
TG00007464,T00031,LRG,0.15337772,0.475154,1.0000
TG00007465,T00031,LRG,0.55765886,0.820333,1.0000
TG00007466,T00031,LRG,0.54754597,0.888825,1.0000
TG00007467,T00031,LRG,0.21101307,0.735909,1.0000
TG00007468,T00031,LRG,0.55747799,0.621194,1.0000
TG00007469,T00031,LRG,0.61745846,0.801080,1.0000
TG00007470,T00031,LRG,0.16483386,0.730385,1.0000
TG00007471,T00031,ELG,0.55097517,1.291793,1.0000
TG00007472,T00031,ELG,0.69732949,0.861199,1.0000
TG00007473,T00031,ELG,0.70474077,1.571877,1.0000
TG00007474,T00031,ELG,0.45182245,1.560692,1.0000
TG00007475,T00031,ELG,0.50456670,1.337426,1.0000
TG00007476,T00031,ELG,0.57113688,1.160743,1.0000
TG00007477,T00031,ELG,0.60872150,0.454994,1.0000
TG00007478,T00031,ELG,0.64033725,1.397788,1.0000
TG00007479,T00031,ELG,0.74960919,1.334827,1.0000
TG00007480,T00031,ELG,0.90030209,1.299747,1.0000
TG00007481,T00031,ELG,0.66524814,1.266398,1.0000
TG00007482,T00031,ELG,0.42890271,1.547874,1.0000
TG00007483,T00031,ELG,0.80942274,1.307655,1.0000
TG00007484,T00031,ELG,0.52574736,0.721740,1.0000
TG00007485,T00031,ELG,0.59738174,1.346980,1.0000
TG00007486,T00031,ELG,0.60087968,1.047071,1.0000
TG00007487,T00031,ELG,0.38345056,1.195732,1.0000
TG00007488,T00031,ELG,1.06320027,0.532629,1.0000
TG00007489,T00031,ELG,0.61493339,1.570805,1.0000
TG00007490,T00031,ELG,0.29284720,1.015239,1.0000
TG00007491,T00031,ELG,0.62293474,1.298939,1.0000
TG00007492,T00031,ELG,0.56299000,1.449375,1.0000
TG00007493,T00031,ELG,0.80406716,1.025592,1.0000
TG00007494,T00031,ELG,0.31979972,0.992993,1.0000
TG00007495,T00031,ELG,0.34923861,0.918895,1.0000
TG00007496,T00031,ELG,0.68182838,0.772241,1.0000
TG00007497,T00031,ELG,0.39462032,0.540242,1.0000
TG00007498,T00031,ELG,0.28086945,0.981982,1.0000
TG00007499,T00031,ELG,0.38555673,1.398010,1.0000
TG00007500,T00031,ELG,0.22922204,1.471334,1.0000
TG00007501,T00031,ELG,0.58789856,1.330083,1.0000
TG00007502,T00031,ELG,0.44826994,1.107776,1.0000
TG00007503,T00031,ELG,1.02324251,1.033837,1.0000
TG00007504,T00031,ELG,0.65850528,0.857184,1.0000
TG00007505,T00031,ELG,0.52142649,1.044318,1.0000
TG00007506,T00031,ELG,1.77531864,0.927644,1.0000
TG00007507,T00031,ELG,0.29193704,1.493592,1.0000
TG00007508,T00031,ELG,0.33424728,1.510161,1.0000
TG00007509,T00031,ELG,0.44965727,1.071272,1.0000
TG00007510,T00031,ELG,0.53771014,1.237889,1.0000
TG00007511,T00031,ELG,0.37420212,1.020782,1.0000
TG00007512,T00031,ELG,1.22343851,1.269537,1.0000
TG00007513,T00031,ELG,0.18663494,1.386471,1.0000
TG00007514,T00031,ELG,0.57445262,1.023619,1.0000
TG00007515,T00031,ELG,0.53257834,1.022713,1.0000
TG00007516,T00031,ELG,0.31976640,1.526677,1.0000
TG00007517,T00031,ELG,0.39133729,0.986167,1.0000
TG00007518,T00031,ELG,0.54727436,0.960422,1.0000
TG00007519,T00031,ELG,0.89444147,0.722863,1.0000
TG00007520,T00031,ELG,1.13795614,1.014490,1.0000
TG00007521,T00031,ELG,0.53815624,1.304403,1.0000
TG00007522,T00031,ELG,0.48429852,1.704393,1.0000
TG00007523,T00031,ELG,0.61571476,0.874378,1.0000
TG00007524,T00031,ELG,0.41705191,1.419581,1.0000
TG00007525,T00031,ELG,0.41627846,1.209027,1.0000
TG00007526,T00031,ELG,0.55313450,1.371073,1.0000
TG00007527,T00031,ELG,0.63954780,1.107328,1.0000
TG00007528,T00031,ELG,0.40276322,1.076003,1.0000
TG00007529,T00031,ELG,0.54986559,1.371434,1.0000
TG00007530,T00031,ELG,0.91502291,1.113481,1.0000
TG00007531,T00031,ELG,0.52340098,1.240348,1.0000
TG00007532,T00031,ELG,0.42836520,0.855268,1.0000
TG00007533,T00031,ELG,0.77939349,1.007410,1.0000
TG00007534,T00031,ELG,0.80933703,0.987466,1.0000
TG00007535,T00031,ELG,1.47140896,1.124082,1.0000
TG00007536,T00031,ELG,0.54202570,1.496100,1.0000
TG00007537,T00031,ELG,0.32688102,0.961206,1.0000
TG00007538,T00031,ELG,0.56266045,0.823340,1.0000
TG00007539,T00031,ELG,0.61089929,1.169063,1.0000
TG00007540,T00031,ELG,1.06571671,1.756055,1.0000
TG00007541,T00031,ELG,0.82008012,1.128471,1.0000
TG00007542,T00031,ELG,0.47321758,1.017799,1.0000
TG00007543,T00031,ELG,0.67663849,2.033634,1.0000
TG00007544,T00031,ELG,0.53512214,0.947590,1.0000
TG00007545,T00031,ELG,0.53448308,1.410052,1.0000
TG00007546,T00031,ELG,0.33042551,0.932357,1.0000
TG00007547,T00031,ELG,0.46040137,0.862987,1.0000
TG00007548,T00031,ELG,0.40728242,1.046118,1.0000
TG00007549,T00031,ELG,0.99448898,0.854954,1.0000
TG00007550,T00031,ELG,0.80533882,1.316188,1.0000
TG00007551,T00031,ELG,0.31808486,1.106655,1.0000
TG00007552,T00031,ELG,0.40594118,1.229486,1.0000
TG00007553,T00031,ELG,1.33336327,1.082103,1.0000
TG00007554,T00031,ELG,0.38236428,1.475846,1.0000
TG00007555,T00031,ELG,1.18104463,1.499209,1.0000
TG00007556,T00031,ELG,1.07970730,0.629394,1.0000
TG00007557,T00031,ELG,1.01500912,1.264004,1.0000
TG00007558,T00031,ELG,0.33315757,0.857142,1.0000
TG00007559,T00031,ELG,1.58675429,0.604345,1.0000
TG00007560,T00031,ELG,0.45860976,1.290964,1.0000
TG00007561,T00031,ELG,0.55534369,0.997454,1.0000
TG00007562,T00031,ELG,0.79341800,0.472141,1.0000
TG00007563,T00031,ELG,0.66837294,0.506581,1.0000
TG00007564,T00031,ELG,0.66818090,1.059615,1.0000
TG00007565,T00031,ELG,0.40293248,1.384546,1.0000
TG00007566,T00031,QSO,0.49138367,1.658234,1.7000
TG00007567,T00031,QSO,0.15919414,2.109720,1.7000
TG00007568,T00031,QSO,0.26011487,2.339409,1.7000
TG00007569,T00031,QSO,0.34838792,2.172016,1.7000
TG00007570,T00031,QSO,0.04414142,2.094694,1.7000
TG00007571,T00031,QSO,0.14837278,2.217670,1.7000
TG00007572,T00031,QSO,0.21349598,2.656997,1.7000
TG00007573,T00031,QSO,0.16152991,3.112151,1.7000
TG00007574,T00031,QSO,0.09567498,0.943911,1.7000
TG00007575,T00031,QSO,0.16675140,2.689009,1.7000
TG00007576,T00031,QSO,0.14468481,1.994479,1.7000
TG00007577,T00031,QSO,0.20146226,2.395235,1.7000
TG00007578,T00031,QSO,0.19020900,1.457071,1.7000
TG00007579,T00031,QSO,0.16440633,2.548473,1.7000
TG00007580,T00031,BGS,0.65880704,0.251519,0.4500
TG00007581,T00031,BGS,1.17793372,0.258756,0.4500
TG00007582,T00031,BGS,1.41546939,0.165732,0.4500
TG00007583,T00031,BGS,1.68418601,0.059028,0.4500
TG00007584,T00031,BGS,1.53643747,0.204381,0.4500
TG00007585,T00031,BGS,1.01864153,0.141095,0.4500
TG00007586,T00031,BGS,0.84938924,0.331089,0.4500
TG00007587,T00031,BGS,1.15159015,0.259584,0.4500
TG00007588,T00031,BGS,1.76838988,0.225116,0.4500
TG00007589,T00031,BGS,1.16732955,0.197090,0.4500
TG00007590,T00031,BGS,1.81821671,0.211904,0.4500
TG00007591,T00031,BGS,1.01614315,0.212832,0.4500
TG00007592,T00031,BGS,1.27016518,0.193897,0.4500
TG00007593,T00031,BGS,0.97077123,0.248998,0.4500
TG00007594,T00031,BGS,1.12088812,0.339361,0.4500
TG00007595,T00031,BGS,0.98068754,0.112305,0.4500
TG00007596,T00031,BGS,1.11942226,0.287435,0.4500
TG00007597,T00031,BGS,1.44813412,0.206160,0.4500
TG00007598,T00031,BGS,1.40982196,0.287030,0.4500
TG00007599,T00031,BGS,1.47994648,0.193064,0.4500
TG00007600,T00031,BGS,0.99147681,0.364699,0.4500
TG00007601,T00031,BGS,0.79227296,0.255840,0.4500
TG00007602,T00031,BGS,1.37809938,0.380796,0.4500
TG00007603,T00031,BGS,1.47395877,0.000000,0.4500
TG00007604,T00031,BGS,1.30322510,0.261243,0.4500
TG00007605,T00031,BGS,1.00883737,0.225283,0.4500
TG00007606,T00031,BGS,1.70673819,0.243887,0.4500
TG00007607,T00031,BGS,1.71174906,0.266191,0.4500
TG00007608,T00031,BGS,2.11467599,0.101194,0.4500
TG00007609,T00031,BGS,1.26390169,0.256585,0.4500
TG00007610,T00031,BGS,0.91904598,0.291506,0.4500
TG00007611,T00031,BGS,1.73365639,0.000000,0.4500
TG00007612,T00031,BGS,1.20270824,0.288530,0.4500
TG00007613,T00031,BGS,0.75501572,0.315729,0.4500
TG00007614,T00031,BGS,1.38165378,0.196334,0.4500
TG00007615,T00031,BGS,1.03320042,0.253165,0.4500
TG00007616,T00031,BGS,0.62646551,0.227047,0.4500
TG00007617,T00031,BGS,1.31264269,0.335168,0.4500
TG00007618,T00031,BGS,1.07104336,0.197473,0.4500
TG00007619,T00031,BGS,1.26989703,0.169169,0.4500
TG00007620,T00031,BGS,1.54471090,0.176952,0.4500
TG00007621,T00031,BGS,0.89052691,0.185891,0.4500
TG00007622,T00031,BGS,2.74976103,0.203121,0.4500
TG00007623,T00031,BGS,1.33469870,0.173739,0.4500
TG00007624,T00031,BGS,1.66273919,0.399071,0.4500
TG00007625,T00031,BGS,1.52388005,0.113424,0.4500
TG00007626,T00031,BGS,1.13728423,0.273604,0.4500
TG00007627,T00031,BGS,1.30342545,0.258228,0.4500
TG00007628,T00031,BGS,1.07904356,0.263741,0.4500
TG00007629,T00031,BGS,0.85443362,0.349378,0.4500
TG00007630,T00031,BGS,1.10617109,0.179806,0.4500
TG00007631,T00031,BGS,0.92819148,0.220289,0.4500
TG00007632,T00031,BGS,1.08801382,0.143009,0.4500
TG00007633,T00031,BGS,0.89369017,0.180143,0.4500
TG00007634,T00031,BGS,1.59387888,0.168401,0.4500
TG00007635,T00031,BGS,0.70345956,0.287537,0.4500
TG00007636,T00031,BGS,1.07279683,0.290457,0.4500
TG00007637,T00031,BGS,0.95715569,0.233258,0.4500
TG00007638,T00031,BGS,0.73615170,0.268977,0.4500
TG00007639,T00031,BGS,1.28857388,0.234084,0.4500
TG00007640,T00031,BGS,1.47430159,0.167457,0.4500
TG00007641,T00031,BGS,0.96980870,0.267027,0.4500
TG00007642,T00031,BGS,1.69007345,0.040025,0.4500
TG00007643,T00031,BGS,0.57221121,0.295078,0.4500
TG00007644,T00031,BGS,1.54828927,0.208641,0.4500
TG00007645,T00031,BGS,1.26813901,0.222726,0.4500
TG00007646,T00031,BGS,2.12105480,0.040953,0.4500
TG00007647,T00031,BGS,1.18526548,0.276181,0.4500
TG00007648,T00032,LRG,0.40105105,0.752779,1.0000
TG00007649,T00032,LRG,0.38285762,0.454084,1.0000
TG00007650,T00032,LRG,0.31735826,0.883644,1.0000
TG00007651,T00032,LRG,0.39114048,0.433194,1.0000
TG00007652,T00032,LRG,0.24395964,0.640341,1.0000
TG00007653,T00032,LRG,0.44825370,0.795121,1.0000
TG00007654,T00032,LRG,0.44956907,0.655032,1.0000
TG00007655,T00032,LRG,0.34967593,0.684820,1.0000
TG00007656,T00032,LRG,0.26662605,0.543320,1.0000
TG00007657,T00032,LRG,0.31460438,0.985142,1.0000
TG00007658,T00032,LRG,0.54659031,0.497796,1.0000
TG00007659,T00032,LRG,0.30494402,0.887022,1.0000
TG00007660,T00032,LRG,0.31296769,0.448890,1.0000
TG00007661,T00032,LRG,0.16562672,0.906289,1.0000
TG00007662,T00032,LRG,0.18504549,0.671249,1.0000
TG00007663,T00032,LRG,0.36433966,0.448406,1.0000
TG00007664,T00032,LRG,0.35285524,0.372348,1.0000
TG00007665,T00032,LRG,0.34502677,0.948269,1.0000
TG00007666,T00032,LRG,0.63434948,0.750325,1.0000
TG00007667,T00032,LRG,0.24328585,0.488188,1.0000
TG00007668,T00032,LRG,0.61864736,0.659070,1.0000
TG00007669,T00032,LRG,0.32125349,0.780720,1.0000
TG00007670,T00032,LRG,0.28835646,0.487537,1.0000
TG00007671,T00032,LRG,0.43023944,0.637944,1.0000
TG00007672,T00032,LRG,0.22731073,0.601013,1.0000
TG00007673,T00032,LRG,0.34611382,0.631993,1.0000
TG00007674,T00032,LRG,0.20682339,0.881628,1.0000
TG00007675,T00032,LRG,0.53503930,0.702574,1.0000
TG00007676,T00032,LRG,0.46239670,0.916972,1.0000
TG00007677,T00032,LRG,0.30669776,0.565958,1.0000
TG00007678,T00032,LRG,0.34174207,0.667382,1.0000
TG00007679,T00032,LRG,0.37303698,0.524118,1.0000
TG00007680,T00032,LRG,0.28330020,0.344484,1.0000
TG00007681,T00032,LRG,0.43776090,0.853966,1.0000
TG00007682,T00032,LRG,0.33268497,0.937037,1.0000
TG00007683,T00032,LRG,0.52214023,0.694099,1.0000
TG00007684,T00032,LRG,0.30537955,0.824413,1.0000
TG00007685,T00032,LRG,0.18808572,0.405038,1.0000
TG00007686,T00032,LRG,0.43192582,0.658782,1.0000
TG00007687,T00032,LRG,0.71015254,0.645425,1.0000
TG00007688,T00032,LRG,0.42657258,0.585273,1.0000
TG00007689,T00032,LRG,0.42466174,0.695815,1.0000
TG00007690,T00032,LRG,0.53591643,0.906871,1.0000
TG00007691,T00032,LRG,0.49327370,0.538577,1.0000
TG00007692,T00032,LRG,0.54982241,0.612869,1.0000
TG00007693,T00032,LRG,0.33545656,0.787889,1.0000
TG00007694,T00032,LRG,0.50700521,0.485646,1.0000
TG00007695,T00032,LRG,0.32387471,0.518061,1.0000
TG00007696,T00032,LRG,0.36442613,1.029136,1.0000
TG00007697,T00032,LRG,0.27729705,0.703994,1.0000
TG00007698,T00032,LRG,0.29995847,0.791070,1.0000
TG00007699,T00032,LRG,0.19621528,0.670544,1.0000
TG00007700,T00032,LRG,0.68900555,0.884057,1.0000
TG00007701,T00032,ELG,0.62327699,0.606758,1.0000
TG00007702,T00032,ELG,0.56812794,1.130253,1.0000
TG00007703,T00032,ELG,0.64248462,0.496834,1.0000
TG00007704,T00032,ELG,0.38774884,0.938935,1.0000
TG00007705,T00032,ELG,0.57273042,1.127160,1.0000
TG00007706,T00032,ELG,0.31655295,1.070478,1.0000
TG00007707,T00032,ELG,0.48589488,0.857883,1.0000
TG00007708,T00032,ELG,0.40306230,0.537478,1.0000
TG00007709,T00032,ELG,0.57101754,1.117558,1.0000
TG00007710,T00032,ELG,0.26081639,0.684489,1.0000
TG00007711,T00032,ELG,0.57679563,1.529487,1.0000
TG00007712,T00032,ELG,0.80563786,1.029704,1.0000
TG00007713,T00032,ELG,0.53558983,1.378057,1.0000
TG00007714,T00032,ELG,0.51392961,0.525289,1.0000
TG00007715,T00032,ELG,0.50418582,1.116261,1.0000
TG00007716,T00032,ELG,0.73746541,0.877168,1.0000
TG00007717,T00032,ELG,0.54301389,1.376398,1.0000
TG00007718,T00032,ELG,0.48887239,1.088264,1.0000
TG00007719,T00032,ELG,0.79240607,0.754580,1.0000
TG00007720,T00032,ELG,0.89435140,1.123556,1.0000
TG00007721,T00032,ELG,0.89167313,0.812363,1.0000
TG00007722,T00032,ELG,0.48710186,0.861445,1.0000
TG00007723,T00032,ELG,0.79315861,1.366423,1.0000
TG00007724,T00032,ELG,0.74111119,0.807553,1.0000
TG00007725,T00032,ELG,0.43996786,1.288786,1.0000
TG00007726,T00032,ELG,0.74823213,1.371553,1.0000
TG00007727,T00032,ELG,0.91535026,1.213100,1.0000
TG00007728,T00032,ELG,0.45290908,1.231861,1.0000
TG00007729,T00032,ELG,0.84291508,1.087177,1.0000
TG00007730,T00032,ELG,0.29697193,0.706664,1.0000
TG00007731,T00032,ELG,0.43741235,1.196164,1.0000
TG00007732,T00032,ELG,0.29966624,0.892998,1.0000
TG00007733,T00032,ELG,0.75603089,1.277488,1.0000
TG00007734,T00032,ELG,0.80357921,0.925432,1.0000
TG00007735,T00032,ELG,0.38665554,1.293814,1.0000
TG00007736,T00032,ELG,0.62860176,1.041225,1.0000
TG00007737,T00032,ELG,0.47225053,1.021911,1.0000
TG00007738,T00032,ELG,0.31740358,1.347607,1.0000
TG00007739,T00032,ELG,0.38938828,1.601424,1.0000
TG00007740,T00032,ELG,0.61148188,1.161801,1.0000
TG00007741,T00032,ELG,0.48274154,1.199240,1.0000
TG00007742,T00032,ELG,0.32387309,0.928054,1.0000
TG00007743,T00032,ELG,0.46015907,0.786628,1.0000
TG00007744,T00032,ELG,0.92609642,0.802729,1.0000
TG00007745,T00032,ELG,0.60167778,0.879354,1.0000
TG00007746,T00032,ELG,0.43309834,0.997560,1.0000
TG00007747,T00032,ELG,0.42667554,0.736283,1.0000
TG00007748,T00032,ELG,0.65738569,1.045259,1.0000
TG00007749,T00032,ELG,0.52771990,0.990231,1.0000
TG00007750,T00032,ELG,0.50887065,1.122669,1.0000
TG00007751,T00032,ELG,0.56284898,1.492895,1.0000
TG00007752,T00032,ELG,0.35613783,0.978475,1.0000
TG00007753,T00032,ELG,0.47660605,0.806097,1.0000
TG00007754,T00032,ELG,0.45997755,0.643561,1.0000
TG00007755,T00032,ELG,0.91629771,1.139166,1.0000
TG00007756,T00032,ELG,0.55425532,1.192562,1.0000
TG00007757,T00032,ELG,0.40853782,1.434367,1.0000
TG00007758,T00032,ELG,0.56614981,0.836637,1.0000
TG00007759,T00032,ELG,0.35653101,1.566955,1.0000
TG00007760,T00032,ELG,0.29683245,0.771579,1.0000
TG00007761,T00032,ELG,0.90288486,1.396004,1.0000
TG00007762,T00032,ELG,0.96974422,1.780519,1.0000
TG00007763,T00032,ELG,0.44832836,1.406334,1.0000
TG00007764,T00032,ELG,0.35582144,0.755487,1.0000
TG00007765,T00032,ELG,0.65353839,1.348016,1.0000
TG00007766,T00032,ELG,0.64079715,1.340599,1.0000
TG00007767,T00032,ELG,0.28308203,1.165626,1.0000
TG00007768,T00032,ELG,1.55446869,1.459630,1.0000
TG00007769,T00032,ELG,0.52821191,0.820637,1.0000
TG00007770,T00032,ELG,1.08383837,1.519175,1.0000
TG00007771,T00032,ELG,0.26991787,0.893086,1.0000
TG00007772,T00032,ELG,0.48122977,0.801341,1.0000
TG00007773,T00032,ELG,0.34676946,1.266434,1.0000
TG00007774,T00032,ELG,0.49579208,1.227337,1.0000
TG00007775,T00032,ELG,0.35562676,1.322674,1.0000
TG00007776,T00032,QSO,0.19231988,0.749860,1.7000
TG00007777,T00032,QSO,0.16118086,1.510125,1.7000
TG00007778,T00032,QSO,0.13972811,0.820177,1.7000
TG00007779,T00032,QSO,0.06255857,3.380167,1.7000
TG00007780,T00032,QSO,0.08821881,1.928695,1.7000
TG00007781,T00032,QSO,0.14259218,0.844467,1.7000
TG00007782,T00032,QSO,0.36712873,1.919178,1.7000
TG00007783,T00032,QSO,0.12170148,2.106742,1.7000
TG00007784,T00032,QSO,0.31238793,3.091288,1.7000
TG00007785,T00032,QSO,0.12475144,2.646006,1.7000
TG00007786,T00032,QSO,0.14810861,2.902154,1.7000
TG00007787,T00032,QSO,0.11348127,1.477957,1.7000
TG00007788,T00032,BGS,0.84027023,0.171507,0.4500
TG00007789,T00032,BGS,1.24881259,0.283797,0.4500
TG00007790,T00032,BGS,1.47334596,0.132509,0.4500
TG00007791,T00032,BGS,1.38848502,0.490661,0.4500
TG00007792,T00032,BGS,1.04573124,0.263778,0.4500
TG00007793,T00032,BGS,1.06054796,0.205232,0.4500
TG00007794,T00032,BGS,1.28290474,0.347232,0.4500
TG00007795,T00032,BGS,0.94436862,0.369107,0.4500
TG00007796,T00032,BGS,1.15965750,0.237169,0.4500
TG00007797,T00032,BGS,1.14177332,0.229484,0.4500
TG00007798,T00032,BGS,1.13226730,0.206635,0.4500
TG00007799,T00032,BGS,0.81879462,0.262816,0.4500
TG00007800,T00032,BGS,1.24219780,0.138112,0.4500
TG00007801,T00032,BGS,1.60313153,0.262867,0.4500
TG00007802,T00032,BGS,0.95490448,0.215263,0.4500
TG00007803,T00032,BGS,2.47986160,0.260296,0.4500
TG00007804,T00032,BGS,1.30741440,0.244005,0.4500
TG00007805,T00032,BGS,1.61256183,0.153983,0.4500
TG00007806,T00032,BGS,1.51100258,0.177514,0.4500
TG00007807,T00032,BGS,1.08663043,0.224926,0.4500
TG00007808,T00032,BGS,1.87688523,0.184208,0.4500
TG00007809,T00032,BGS,1.53043432,0.210100,0.4500
TG00007810,T00032,BGS,1.63618238,0.283911,0.4500
TG00007811,T00032,BGS,2.55570793,0.287264,0.4500
TG00007812,T00032,BGS,1.18359902,0.132194,0.4500
TG00007813,T00032,BGS,0.85007001,0.004617,0.4500
TG00007814,T00032,BGS,1.36156581,0.235467,0.4500
TG00007815,T00032,BGS,1.74243670,0.195220,0.4500
TG00007816,T00032,BGS,1.64424116,0.249692,0.4500
TG00007817,T00032,BGS,2.98185434,0.088106,0.4500
TG00007818,T00032,BGS,0.91607651,0.234334,0.4500
TG00007819,T00032,BGS,1.61427806,0.298758,0.4500
TG00007820,T00032,BGS,0.87667122,0.299730,0.4500
TG00007821,T00032,BGS,2.35715308,0.025290,0.4500
TG00007822,T00032,BGS,0.90406045,0.197944,0.4500
TG00007823,T00032,BGS,1.20308115,0.078126,0.4500
TG00007824,T00032,BGS,1.51514028,0.222340,0.4500
TG00007825,T00032,BGS,1.33436207,0.234962,0.4500
TG00007826,T00032,BGS,1.13431030,0.087032,0.4500
TG00007827,T00032,BGS,0.99471423,0.184364,0.4500
TG00007828,T00032,BGS,1.21226756,0.108385,0.4500
TG00007829,T00032,BGS,1.02092373,0.177434,0.4500
TG00007830,T00032,BGS,0.67599017,0.167866,0.4500
TG00007831,T00032,BGS,1.64629110,0.239227,0.4500
TG00007832,T00032,BGS,1.44338341,0.211694,0.4500
TG00007833,T00032,BGS,0.97298565,0.252167,0.4500
TG00007834,T00032,BGS,0.99063545,0.109729,0.4500
TG00007835,T00032,BGS,1.37243465,0.294580,0.4500
TG00007836,T00032,BGS,0.88611241,0.144277,0.4500
TG00007837,T00032,BGS,2.02852649,0.312978,0.4500
TG00007838,T00032,BGS,1.19632299,0.154693,0.4500
TG00007839,T00032,BGS,0.71010377,0.323378,0.4500
TG00007840,T00032,BGS,1.35435868,0.340256,0.4500
TG00007841,T00032,BGS,1.48629933,0.076847,0.4500
TG00007842,T00032,BGS,1.46699697,0.294739,0.4500
TG00007843,T00032,BGS,0.85973516,0.429434,0.4500
TG00007844,T00032,BGS,1.12535132,0.058159,0.4500
TG00007845,T00032,BGS,1.32163224,0.103747,0.4500
TG00007846,T00032,BGS,1.65345932,0.014754,0.4500
TG00007847,T00032,BGS,1.26279847,0.299783,0.4500
TG00007848,T00032,BGS,0.90809341,0.178669,0.4500
TG00007849,T00032,BGS,1.48666929,0.102824,0.4500
TG00007850,T00032,BGS,1.16692192,0.246029,0.4500
TG00007851,T00032,BGS,1.41930459,0.482596,0.4500
TG00007852,T00032,BGS,0.87772468,0.290413,0.4500
TG00007853,T00032,BGS,1.61608794,0.000000,0.4500
TG00007854,T00032,BGS,1.04347071,0.068717,0.4500
TG00007855,T00032,BGS,1.30914279,0.193567,0.4500
TG00007856,T00032,BGS,1.32238901,0.179688,0.4500
TG00007857,T00032,BGS,1.16274176,0.329458,0.4500
TG00007858,T00032,BGS,1.38246488,0.380236,0.4500
TG00007859,T00032,BGS,1.60275301,0.227332,0.4500
TG00007860,T00032,BGS,1.63399965,0.183410,0.4500
TG00007861,T00032,BGS,1.81953069,0.308299,0.4500
TG00007862,T00032,BGS,1.03567745,0.261869,0.4500
TG00007863,T00032,BGS,2.30646873,0.185158,0.4500
TG00007864,T00032,BGS,0.80256917,0.204034,0.4500
TG00007865,T00032,BGS,1.84598954,0.020120,0.4500
TG00007866,T00032,BGS,1.16791122,0.332548,0.4500
TG00007867,T00032,BGS,2.08692070,0.219299,0.4500
TG00007868,T00032,BGS,1.54298863,0.357664,0.4500
TG00007869,T00032,BGS,0.94857028,0.314674,0.4500
TG00007870,T00033,LRG,0.37572969,0.754878,1.0000
TG00007871,T00033,LRG,0.27496839,0.807779,1.0000
TG00007872,T00033,LRG,0.21344698,0.736410,1.0000
TG00007873,T00033,LRG,0.55231736,0.496984,1.0000
TG00007874,T00033,LRG,0.35096544,0.502780,1.0000
TG00007875,T00033,LRG,0.31359825,0.435043,1.0000
TG00007876,T00033,LRG,0.26769178,0.632742,1.0000
TG00007877,T00033,LRG,0.18162876,0.965865,1.0000
TG00007878,T00033,LRG,0.58145401,0.416784,1.0000
TG00007879,T00033,LRG,0.54091636,0.636071,1.0000
TG00007880,T00033,LRG,0.18051814,0.886657,1.0000
TG00007881,T00033,LRG,0.67345254,0.642461,1.0000
TG00007882,T00033,LRG,0.25491038,0.384268,1.0000
TG00007883,T00033,LRG,0.50024603,0.828012,1.0000
TG00007884,T00033,LRG,0.23579183,0.600164,1.0000
TG00007885,T00033,LRG,0.64462225,0.685075,1.0000
TG00007886,T00033,LRG,0.27517822,0.653018,1.0000
TG00007887,T00033,LRG,0.26699391,0.541419,1.0000
TG00007888,T00033,LRG,0.27091023,0.796744,1.0000
TG00007889,T00033,LRG,0.45484180,0.689989,1.0000
TG00007890,T00033,LRG,0.45063277,0.689455,1.0000
TG00007891,T00033,LRG,0.46911191,0.520730,1.0000
TG00007892,T00033,LRG,0.28326626,0.870504,1.0000
TG00007893,T00033,LRG,0.13982235,0.858591,1.0000
TG00007894,T00033,LRG,0.31730834,0.558921,1.0000
TG00007895,T00033,LRG,0.45556108,0.835970,1.0000
TG00007896,T00033,LRG,0.28805705,0.797332,1.0000
TG00007897,T00033,LRG,0.62554562,0.679795,1.0000
TG00007898,T00033,LRG,0.49971065,0.722018,1.0000
TG00007899,T00033,LRG,0.29531340,0.749261,1.0000
TG00007900,T00033,LRG,0.22892387,0.785837,1.0000
TG00007901,T00033,LRG,0.36474776,0.790086,1.0000
TG00007902,T00033,LRG,0.28700230,0.614841,1.0000
TG00007903,T00033,LRG,0.30377440,0.953458,1.0000
TG00007904,T00033,LRG,0.42629507,0.515406,1.0000
TG00007905,T00033,LRG,0.43352702,0.629246,1.0000
TG00007906,T00033,LRG,0.43187036,0.478839,1.0000
TG00007907,T00033,LRG,0.29756911,0.646375,1.0000
TG00007908,T00033,LRG,0.39126733,0.379413,1.0000
TG00007909,T00033,LRG,0.36536891,1.009470,1.0000
TG00007910,T00033,LRG,0.55055760,0.984820,1.0000
TG00007911,T00033,LRG,0.25165942,0.645704,1.0000
TG00007912,T00033,LRG,0.52638638,1.169395,1.0000
TG00007913,T00033,LRG,0.34385939,0.636848,1.0000
TG00007914,T00033,LRG,0.43351403,0.813337,1.0000
TG00007915,T00033,LRG,0.40904368,0.714252,1.0000
TG00007916,T00033,LRG,0.25443931,0.924731,1.0000
TG00007917,T00033,LRG,0.47793379,0.397056,1.0000
TG00007918,T00033,LRG,0.42529734,0.589716,1.0000
TG00007919,T00033,LRG,0.25542502,1.036071,1.0000
TG00007920,T00033,LRG,0.24717330,0.828190,1.0000
TG00007921,T00033,LRG,0.24520320,0.890542,1.0000
TG00007922,T00033,LRG,0.36423564,0.706165,1.0000
TG00007923,T00033,LRG,0.79964727,0.673136,1.0000
TG00007924,T00033,LRG,0.28274088,0.459339,1.0000
TG00007925,T00033,LRG,0.31438788,0.918500,1.0000
TG00007926,T00033,LRG,0.30711121,1.047372,1.0000
TG00007927,T00033,LRG,0.30775369,0.468404,1.0000
TG00007928,T00033,LRG,0.80460827,0.719386,1.0000
TG00007929,T00033,LRG,0.54500992,0.614924,1.0000
TG00007930,T00033,LRG,0.44905748,0.975168,1.0000
TG00007931,T00033,LRG,0.41630055,0.523978,1.0000
TG00007932,T00033,LRG,0.16302289,0.416440,1.0000
TG00007933,T00033,LRG,0.37448944,0.425809,1.0000
TG00007934,T00033,ELG,0.41236210,1.273961,1.0000
TG00007935,T00033,ELG,0.34143192,0.653186,1.0000
TG00007936,T00033,ELG,0.82133956,1.212384,1.0000
TG00007937,T00033,ELG,0.20771157,1.204197,1.0000
TG00007938,T00033,ELG,0.83574167,0.931530,1.0000
TG00007939,T00033,ELG,0.52018829,0.662492,1.0000
TG00007940,T00033,ELG,0.31011479,1.079874,1.0000
TG00007941,T00033,ELG,0.45557254,1.286906,1.0000
TG00007942,T00033,ELG,0.34861534,1.551594,1.0000
TG00007943,T00033,ELG,0.34668459,1.359817,1.0000
TG00007944,T00033,ELG,0.58626698,1.649381,1.0000
TG00007945,T00033,ELG,0.41612423,1.623993,1.0000
TG00007946,T00033,ELG,0.33698515,1.177173,1.0000
TG00007947,T00033,ELG,0.39475885,0.845863,1.0000
TG00007948,T00033,ELG,0.59334730,1.089696,1.0000
TG00007949,T00033,ELG,0.39812307,0.731519,1.0000
TG00007950,T00033,ELG,0.54917683,1.093041,1.0000
TG00007951,T00033,ELG,0.21621249,1.368908,1.0000
TG00007952,T00033,ELG,0.46543171,0.856953,1.0000
TG00007953,T00033,ELG,0.36036105,1.010213,1.0000
TG00007954,T00033,ELG,1.02126499,1.202800,1.0000
TG00007955,T00033,ELG,0.60184835,0.955465,1.0000
TG00007956,T00033,ELG,0.73542832,1.246571,1.0000
TG00007957,T00033,ELG,0.57810047,1.710059,1.0000
TG00007958,T00033,ELG,0.42548040,1.330923,1.0000
TG00007959,T00033,ELG,0.32628857,1.440453,1.0000
TG00007960,T00033,ELG,0.42975006,1.046898,1.0000
TG00007961,T00033,ELG,0.72442759,0.871054,1.0000
TG00007962,T00033,ELG,0.42915354,0.886836,1.0000
TG00007963,T00033,ELG,0.93971137,1.245727,1.0000
TG00007964,T00033,ELG,1.01890194,0.853388,1.0000
TG00007965,T00033,ELG,0.47178955,1.385473,1.0000
TG00007966,T00033,ELG,0.38753803,1.633732,1.0000
TG00007967,T00033,ELG,0.66760479,1.096403,1.0000
TG00007968,T00033,ELG,0.62263708,1.151763,1.0000
TG00007969,T00033,ELG,0.57340981,1.654365,1.0000
TG00007970,T00033,ELG,0.44400977,1.252273,1.0000
TG00007971,T00033,ELG,0.54648279,1.372240,1.0000
TG00007972,T00033,ELG,0.62450866,1.583825,1.0000
TG00007973,T00033,ELG,1.06261203,0.775074,1.0000
TG00007974,T00033,ELG,0.18642809,0.904122,1.0000
TG00007975,T00033,ELG,0.89329911,1.550170,1.0000
TG00007976,T00033,ELG,0.47648729,1.499808,1.0000
TG00007977,T00033,ELG,0.69153241,1.528928,1.0000
TG00007978,T00033,ELG,0.36774608,1.221311,1.0000
TG00007979,T00033,ELG,0.50367254,0.796022,1.0000
TG00007980,T00033,ELG,0.78633673,1.325256,1.0000
TG00007981,T00033,ELG,0.47869941,0.788940,1.0000
TG00007982,T00033,ELG,0.90279665,0.870271,1.0000
TG00007983,T00033,ELG,0.74774367,1.237376,1.0000
TG00007984,T00033,ELG,0.48372477,1.073776,1.0000
TG00007985,T00033,ELG,0.41558635,0.922680,1.0000
TG00007986,T00033,ELG,0.38313118,1.408699,1.0000
TG00007987,T00033,ELG,0.52634782,0.949186,1.0000
TG00007988,T00033,ELG,0.89552967,0.829796,1.0000
TG00007989,T00033,ELG,0.80911281,1.337879,1.0000
TG00007990,T00033,ELG,0.34173663,1.580763,1.0000
TG00007991,T00033,ELG,0.58913745,0.930948,1.0000
TG00007992,T00033,ELG,0.68214344,0.771110,1.0000
TG00007993,T00033,ELG,0.58272617,1.246571,1.0000
TG00007994,T00033,ELG,0.48639598,1.118107,1.0000
TG00007995,T00033,ELG,0.78494068,0.517445,1.0000
TG00007996,T00033,ELG,0.38486343,1.281577,1.0000
TG00007997,T00033,ELG,0.63091180,1.480066,1.0000
TG00007998,T00033,ELG,0.51608660,0.887505,1.0000
TG00007999,T00033,ELG,0.22166334,1.183657,1.0000
TG00008000,T00033,ELG,0.73765986,0.916056,1.0000
TG00008001,T00033,ELG,0.45582463,0.756563,1.0000
TG00008002,T00033,ELG,0.40665604,1.446455,1.0000
TG00008003,T00033,ELG,0.43938987,1.185916,1.0000
TG00008004,T00033,ELG,0.62389967,0.822129,1.0000
TG00008005,T00033,ELG,0.79346367,1.347465,1.0000
TG00008006,T00033,ELG,0.68245348,1.019774,1.0000
TG00008007,T00033,ELG,0.62770465,1.400141,1.0000
TG00008008,T00033,ELG,0.63529780,0.516149,1.0000
TG00008009,T00033,ELG,0.81184852,1.325430,1.0000
TG00008010,T00033,ELG,0.53618750,0.892138,1.0000
TG00008011,T00033,ELG,0.39562260,1.246583,1.0000
TG00008012,T00033,ELG,0.55154534,0.946035,1.0000
TG00008013,T00033,ELG,0.44910004,1.078330,1.0000
TG00008014,T00033,ELG,0.60081081,1.876767,1.0000
TG00008015,T00033,ELG,0.44848411,1.053313,1.0000
TG00008016,T00033,ELG,0.62589048,1.445435,1.0000
TG00008017,T00033,ELG,0.69074713,1.273134,1.0000
TG00008018,T00033,ELG,0.56328521,0.752724,1.0000
TG00008019,T00033,ELG,0.28000189,0.470708,1.0000
TG00008020,T00033,ELG,0.40319858,0.824112,1.0000
TG00008021,T00033,ELG,0.41694552,1.615204,1.0000
TG00008022,T00033,ELG,0.48708662,1.405389,1.0000
TG00008023,T00033,ELG,0.87341807,1.667570,1.0000
TG00008024,T00033,ELG,0.57395395,1.410204,1.0000
TG00008025,T00033,ELG,0.77541047,1.092657,1.0000
TG00008026,T00033,ELG,0.42275962,1.091714,1.0000
TG00008027,T00033,ELG,0.51204332,1.598382,1.0000
TG00008028,T00033,ELG,0.82975502,1.343469,1.0000
TG00008029,T00033,ELG,0.38938946,1.157123,1.0000
TG00008030,T00033,ELG,1.48451552,1.231435,1.0000
TG00008031,T00033,ELG,0.55501133,0.949910,1.0000
TG00008032,T00033,ELG,1.20225457,1.185286,1.0000
TG00008033,T00033,ELG,1.04338682,1.278919,1.0000
TG00008034,T00033,ELG,1.03560432,0.807450,1.0000
TG00008035,T00033,ELG,0.88102475,1.010708,1.0000
TG00008036,T00033,ELG,0.64458797,1.568488,1.0000
TG00008037,T00033,ELG,0.30328294,1.322382,1.0000
TG00008038,T00033,ELG,0.50015836,1.333139,1.0000
TG00008039,T00033,ELG,0.78495439,1.102254,1.0000
TG00008040,T00033,ELG,0.60813654,0.923856,1.0000
TG00008041,T00033,ELG,0.41065221,1.038035,1.0000
TG00008042,T00033,ELG,0.66750768,1.283809,1.0000
TG00008043,T00033,ELG,0.24210760,1.487396,1.0000
TG00008044,T00033,ELG,0.34577304,1.195725,1.0000
TG00008045,T00033,ELG,0.31274623,1.279081,1.0000
TG00008046,T00033,ELG,0.83347522,0.980273,1.0000
TG00008047,T00033,ELG,0.29086919,1.431851,1.0000
TG00008048,T00033,ELG,0.60115733,1.249968,1.0000
TG00008049,T00033,QSO,0.14232554,2.230768,1.7000
TG00008050,T00033,QSO,0.16250668,1.506860,1.7000
TG00008051,T00033,QSO,0.13079238,2.790020,1.7000
TG00008052,T00033,QSO,0.22532059,0.783031,1.7000
TG00008053,T00033,QSO,0.39801763,2.762793,1.7000
TG00008054,T00033,QSO,0.24072197,1.762249,1.7000
TG00008055,T00033,QSO,0.10009929,2.394618,1.7000
TG00008056,T00033,QSO,0.12214340,2.508754,1.7000
TG00008057,T00033,QSO,0.30043080,2.479778,1.7000
TG00008058,T00033,QSO,0.26113981,1.613552,1.7000
TG00008059,T00033,QSO,0.18805587,1.965663,1.7000
TG00008060,T00033,QSO,0.18564407,0.770181,1.7000
TG00008061,T00033,QSO,0.28542487,2.169905,1.7000
TG00008062,T00033,QSO,0.10536927,2.192458,1.7000
TG00008063,T00033,QSO,0.25301842,1.395364,1.7000
TG00008064,T00033,QSO,0.21966651,1.499279,1.7000
TG00008065,T00033,QSO,0.17394958,0.664976,1.7000
TG00008066,T00033,QSO,0.13931513,1.557166,1.7000
TG00008067,T00033,QSO,0.33908057,2.454433,1.7000
TG00008068,T00033,QSO,0.21028396,1.752278,1.7000
TG00008069,T00033,BGS,1.40487205,0.200620,0.4500
TG00008070,T00033,BGS,1.02144021,0.228772,0.4500
TG00008071,T00033,BGS,1.22136140,0.166329,0.4500
TG00008072,T00033,BGS,1.08224745,0.217555,0.4500
TG00008073,T00033,BGS,1.79482446,0.124482,0.4500
TG00008074,T00033,BGS,0.94923104,0.207949,0.4500
TG00008075,T00033,BGS,1.46468980,0.299379,0.4500
TG00008076,T00033,BGS,1.79716044,0.251612,0.4500
TG00008077,T00033,BGS,1.39445381,0.247773,0.4500
TG00008078,T00033,BGS,0.78845914,0.281502,0.4500
TG00008079,T00033,BGS,1.14379207,0.262559,0.4500
TG00008080,T00033,BGS,1.95123302,0.189395,0.4500
TG00008081,T00033,BGS,1.68549543,0.221792,0.4500
TG00008082,T00033,BGS,1.81957050,0.180966,0.4500
TG00008083,T00033,BGS,0.91507679,0.194003,0.4500
TG00008084,T00033,BGS,0.94090627,0.264692,0.4500
TG00008085,T00033,BGS,1.25543435,0.357712,0.4500
TG00008086,T00033,BGS,0.62112242,0.284781,0.4500
TG00008087,T00033,BGS,1.71826757,0.382945,0.4500
TG00008088,T00033,BGS,0.75085979,0.143559,0.4500
TG00008089,T00033,BGS,1.60864212,0.217648,0.4500
TG00008090,T00033,BGS,0.77747677,0.316550,0.4500
TG00008091,T00033,BGS,1.20471019,0.287936,0.4500
TG00008092,T00033,BGS,0.98538047,0.369102,0.4500
TG00008093,T00033,BGS,1.31854691,0.233967,0.4500
TG00008094,T00033,BGS,0.95491716,0.047423,0.4500
TG00008095,T00033,BGS,0.82538984,0.266778,0.4500
TG00008096,T00033,BGS,1.64607259,0.264822,0.4500
TG00008097,T00033,BGS,1.18463579,0.278781,0.4500
TG00008098,T00033,BGS,0.78699826,0.322539,0.4500
TG00008099,T00033,BGS,1.54301246,0.359311,0.4500
TG00008100,T00033,BGS,1.67073465,0.254037,0.4500
TG00008101,T00033,BGS,1.07186013,0.290395,0.4500
TG00008102,T00033,BGS,1.76564681,0.218159,0.4500
TG00008103,T00033,BGS,1.62114988,0.340986,0.4500
TG00008104,T00033,BGS,1.44846351,0.110239,0.4500
TG00008105,T00033,BGS,1.16190329,0.238739,0.4500
TG00008106,T00033,BGS,1.72462472,0.026203,0.4500
TG00008107,T00033,BGS,1.12883167,0.147882,0.4500
TG00008108,T00033,BGS,1.39445218,0.109031,0.4500
TG00008109,T00033,BGS,1.24001513,0.161718,0.4500
TG00008110,T00033,BGS,1.41492939,0.171486,0.4500
TG00008111,T00033,BGS,1.74283188,0.141956,0.4500
TG00008112,T00033,BGS,1.11485515,0.257131,0.4500
TG00008113,T00033,BGS,1.21627183,0.252419,0.4500
TG00008114,T00033,BGS,1.05517099,0.176443,0.4500
TG00008115,T00033,BGS,1.19678745,0.262068,0.4500
TG00008116,T00033,BGS,1.00260321,0.134423,0.4500
TG00008117,T00033,BGS,0.84540200,0.243188,0.4500
TG00008118,T00033,BGS,1.10209834,0.297547,0.4500
TG00008119,T00033,BGS,2.02975901,0.093261,0.4500
TG00008120,T00033,BGS,1.25520232,0.062237,0.4500
TG00008121,T00033,BGS,1.33548529,0.112919,0.4500
TG00008122,T00033,BGS,1.04556808,0.180104,0.4500
TG00008123,T00033,BGS,1.37553680,0.229964,0.4500
TG00008124,T00033,BGS,1.34643179,0.173497,0.4500
TG00008125,T00033,BGS,1.25787435,0.077038,0.4500
TG00008126,T00033,BGS,1.09318761,0.069353,0.4500
TG00008127,T00033,BGS,0.66873653,0.088397,0.4500
TG00008128,T00033,BGS,1.05307753,0.304183,0.4500
TG00008129,T00033,BGS,1.74422059,0.309163,0.4500
TG00008130,T00033,BGS,0.95703948,0.228536,0.4500
TG00008131,T00033,BGS,0.88255324,0.274207,0.4500
TG00008132,T00033,BGS,1.52524333,0.163683,0.4500
TG00008133,T00033,BGS,1.66037161,0.128887,0.4500
TG00008134,T00033,BGS,1.95326182,0.203128,0.4500
TG00008135,T00033,BGS,0.89862555,0.261012,0.4500
TG00008136,T00033,BGS,1.21553451,0.175689,0.4500
TG00008137,T00033,BGS,0.88046923,0.048960,0.4500
TG00008138,T00033,BGS,1.14701628,0.188690,0.4500
TG00008139,T00033,BGS,0.97369563,0.268505,0.4500
TG00008140,T00033,BGS,2.22469448,0.212007,0.4500
TG00008141,T00033,BGS,1.02971552,0.206896,0.4500
TG00008142,T00033,BGS,0.95655598,0.335975,0.4500
TG00008143,T00033,BGS,0.85046632,0.192365,0.4500
TG00008144,T00033,BGS,1.46375654,0.249353,0.4500
TG00008145,T00033,BGS,1.11907994,0.273656,0.4500
TG00008146,T00033,BGS,1.32169693,0.148536,0.4500
TG00008147,T00033,BGS,0.86588874,0.130901,0.4500
TG00008148,T00033,BGS,1.44530568,0.205790,0.4500
TG00008149,T00034,LRG,0.27376041,0.792913,1.0000
TG00008150,T00034,LRG,0.32646910,0.961134,1.0000
TG00008151,T00034,LRG,0.36634493,0.583328,1.0000
TG00008152,T00034,LRG,0.25378875,0.397116,1.0000
TG00008153,T00034,LRG,0.25094051,0.680185,1.0000
TG00008154,T00034,LRG,0.28379329,0.770268,1.0000
TG00008155,T00034,LRG,0.72587640,1.006037,1.0000
TG00008156,T00034,LRG,0.35626754,0.820889,1.0000
TG00008157,T00034,LRG,0.38843330,0.690766,1.0000
TG00008158,T00034,LRG,0.29163773,0.798289,1.0000
TG00008159,T00034,LRG,0.33714036,0.973857,1.0000
TG00008160,T00034,LRG,0.28836541,0.945410,1.0000
TG00008161,T00034,LRG,0.60223124,0.480482,1.0000
TG00008162,T00034,LRG,0.40879363,0.780809,1.0000
TG00008163,T00034,LRG,0.33015833,0.675984,1.0000
TG00008164,T00034,LRG,0.39300426,0.617233,1.0000
TG00008165,T00034,LRG,0.41724900,0.496137,1.0000
TG00008166,T00034,LRG,0.33063995,0.693087,1.0000
TG00008167,T00034,LRG,0.31867127,0.617608,1.0000
TG00008168,T00034,LRG,0.53927911,0.856179,1.0000
TG00008169,T00034,LRG,0.24547064,0.423244,1.0000
TG00008170,T00034,LRG,0.67608750,0.806845,1.0000
TG00008171,T00034,LRG,0.27578071,0.582278,1.0000
TG00008172,T00034,LRG,0.43174704,0.590310,1.0000
TG00008173,T00034,LRG,0.28787740,0.442456,1.0000
TG00008174,T00034,LRG,0.37514105,0.683348,1.0000
TG00008175,T00034,LRG,0.25070186,0.755865,1.0000
TG00008176,T00034,LRG,0.52719815,0.729065,1.0000
TG00008177,T00034,LRG,0.39270082,0.442777,1.0000
TG00008178,T00034,LRG,0.15194442,0.624602,1.0000
TG00008179,T00034,LRG,0.28980623,1.014129,1.0000
TG00008180,T00034,LRG,0.36138846,0.663208,1.0000
TG00008181,T00034,LRG,0.22305755,0.608793,1.0000
TG00008182,T00034,LRG,0.31859541,0.894097,1.0000
TG00008183,T00034,LRG,0.18909803,0.789295,1.0000
TG00008184,T00034,LRG,0.38636169,0.644232,1.0000
TG00008185,T00034,LRG,0.38028630,0.821991,1.0000
TG00008186,T00034,LRG,0.64376624,0.505324,1.0000
TG00008187,T00034,LRG,0.39043057,0.567364,1.0000
TG00008188,T00034,LRG,0.29477004,0.738128,1.0000
TG00008189,T00034,LRG,0.13984378,0.703452,1.0000
TG00008190,T00034,LRG,0.28849961,0.817990,1.0000
TG00008191,T00034,LRG,0.30926511,0.752400,1.0000
TG00008192,T00034,LRG,0.32272950,0.565947,1.0000
TG00008193,T00034,LRG,0.47760801,0.568920,1.0000
TG00008194,T00034,LRG,0.59640376,0.537803,1.0000
TG00008195,T00034,LRG,0.43702142,0.926546,1.0000
TG00008196,T00034,LRG,0.46941452,1.067932,1.0000
TG00008197,T00034,LRG,0.51032432,1.117128,1.0000
TG00008198,T00034,LRG,0.77973828,0.474435,1.0000
TG00008199,T00034,LRG,0.25880212,0.991002,1.0000
TG00008200,T00034,LRG,0.36447427,0.648765,1.0000
TG00008201,T00034,LRG,0.20281940,0.788433,1.0000
TG00008202,T00034,LRG,0.43711028,0.637558,1.0000
TG00008203,T00034,LRG,0.33951552,1.003299,1.0000
TG00008204,T00034,LRG,0.38629037,0.553260,1.0000
TG00008205,T00034,LRG,0.34642196,0.645355,1.0000
TG00008206,T00034,LRG,0.24160869,0.449727,1.0000
TG00008207,T00034,LRG,0.25626038,0.614619,1.0000
TG00008208,T00034,LRG,0.47558671,0.843887,1.0000
TG00008209,T00034,LRG,0.37784240,0.709378,1.0000
TG00008210,T00034,ELG,0.27469191,1.436666,1.0000
TG00008211,T00034,ELG,0.80902244,1.177096,1.0000
TG00008212,T00034,ELG,0.74733209,1.133246,1.0000
TG00008213,T00034,ELG,0.34395097,0.810300,1.0000
TG00008214,T00034,ELG,0.46373900,0.631205,1.0000
TG00008215,T00034,ELG,0.52909919,0.777714,1.0000
TG00008216,T00034,ELG,0.79172486,0.783736,1.0000
TG00008217,T00034,ELG,0.31352052,0.945124,1.0000
TG00008218,T00034,ELG,0.42102055,0.905868,1.0000
TG00008219,T00034,ELG,0.40875352,1.528891,1.0000
TG00008220,T00034,ELG,0.66225971,0.629918,1.0000
TG00008221,T00034,ELG,1.13006132,1.432301,1.0000
TG00008222,T00034,ELG,0.46321756,1.122902,1.0000
TG00008223,T00034,ELG,0.37284851,0.972941,1.0000
TG00008224,T00034,ELG,0.82569767,1.398753,1.0000
TG00008225,T00034,ELG,0.37236344,1.306433,1.0000
TG00008226,T00034,ELG,0.68582677,0.828648,1.0000
TG00008227,T00034,ELG,0.48262095,0.712079,1.0000
TG00008228,T00034,ELG,0.99195296,1.510852,1.0000
TG00008229,T00034,ELG,0.93753122,1.006125,1.0000
TG00008230,T00034,ELG,0.35569549,1.320005,1.0000
TG00008231,T00034,ELG,0.67273661,1.057953,1.0000
TG00008232,T00034,ELG,0.71915687,0.952937,1.0000
TG00008233,T00034,ELG,0.84171564,1.252578,1.0000
TG00008234,T00034,ELG,0.43924005,0.949431,1.0000
TG00008235,T00034,ELG,0.83438018,1.124718,1.0000
TG00008236,T00034,ELG,0.46742269,1.501792,1.0000
TG00008237,T00034,ELG,0.91604279,1.002978,1.0000
TG00008238,T00034,ELG,1.63426132,0.999288,1.0000
TG00008239,T00034,ELG,0.54606305,0.640545,1.0000
TG00008240,T00034,ELG,0.37371825,1.355439,1.0000
TG00008241,T00034,ELG,0.46138055,1.107554,1.0000
TG00008242,T00034,ELG,1.11815155,1.439064,1.0000
TG00008243,T00034,ELG,0.77356334,0.697594,1.0000
TG00008244,T00034,ELG,0.49429989,1.450296,1.0000
TG00008245,T00034,ELG,0.61582658,1.707039,1.0000
TG00008246,T00034,ELG,0.49034565,0.511453,1.0000
TG00008247,T00034,ELG,0.32916038,1.458846,1.0000
TG00008248,T00034,ELG,0.54080315,1.645094,1.0000
TG00008249,T00034,ELG,0.33782552,1.370871,1.0000
TG00008250,T00034,ELG,0.67957729,1.373401,1.0000
TG00008251,T00034,ELG,0.43736059,1.222838,1.0000
TG00008252,T00034,ELG,0.44218615,0.796727,1.0000
TG00008253,T00034,ELG,0.97433407,1.365904,1.0000
TG00008254,T00034,ELG,0.38244317,1.551531,1.0000
TG00008255,T00034,ELG,1.22064526,1.121487,1.0000
TG00008256,T00034,ELG,0.44085067,0.917126,1.0000
TG00008257,T00034,ELG,0.51160237,1.127326,1.0000
TG00008258,T00034,ELG,0.43654026,0.593578,1.0000
TG00008259,T00034,ELG,0.28763750,1.200395,1.0000
TG00008260,T00034,ELG,0.49977729,1.118144,1.0000
TG00008261,T00034,ELG,0.76619881,0.935740,1.0000
TG00008262,T00034,ELG,0.40624962,0.392515,1.0000
TG00008263,T00034,ELG,0.79077924,1.062680,1.0000
TG00008264,T00034,ELG,0.29651265,0.937355,1.0000
TG00008265,T00034,ELG,0.58402453,0.447073,1.0000
TG00008266,T00034,ELG,0.99863823,1.559708,1.0000
TG00008267,T00034,ELG,0.29205530,1.198609,1.0000
TG00008268,T00034,ELG,0.57060964,1.465678,1.0000
TG00008269,T00034,ELG,0.45186923,0.973390,1.0000
TG00008270,T00034,ELG,0.39373447,1.058885,1.0000
TG00008271,T00034,ELG,0.50865483,0.710048,1.0000
TG00008272,T00034,ELG,0.53779801,0.777615,1.0000
TG00008273,T00034,ELG,0.35741648,1.051720,1.0000
TG00008274,T00034,ELG,0.48359815,0.723414,1.0000
TG00008275,T00034,ELG,0.35626012,1.125509,1.0000
TG00008276,T00034,ELG,0.56188092,1.144282,1.0000
TG00008277,T00034,ELG,0.38700597,0.760470,1.0000
TG00008278,T00034,ELG,0.31417932,1.302777,1.0000
TG00008279,T00034,ELG,0.67855001,1.126250,1.0000
TG00008280,T00034,ELG,0.38745924,1.505728,1.0000
TG00008281,T00034,ELG,0.53011768,1.462338,1.0000
TG00008282,T00034,ELG,0.56842357,1.151897,1.0000
TG00008283,T00034,ELG,0.48345721,0.688114,1.0000
TG00008284,T00034,ELG,0.34203044,1.082835,1.0000
TG00008285,T00034,ELG,0.49440569,0.643741,1.0000
TG00008286,T00034,ELG,0.41382974,1.294045,1.0000
TG00008287,T00034,ELG,0.93846750,1.125552,1.0000
TG00008288,T00034,ELG,0.34092813,0.981574,1.0000
TG00008289,T00034,ELG,0.63425712,1.596717,1.0000
TG00008290,T00034,ELG,0.51206392,0.822618,1.0000
TG00008291,T00034,ELG,0.43899797,1.054049,1.0000
TG00008292,T00034,ELG,0.53936182,1.058188,1.0000
TG00008293,T00034,ELG,0.44876736,0.762397,1.0000
TG00008294,T00034,ELG,0.73004180,1.751636,1.0000
TG00008295,T00034,ELG,0.81680422,1.296881,1.0000
TG00008296,T00034,ELG,0.37363939,1.250333,1.0000
TG00008297,T00034,ELG,0.67706233,0.638014,1.0000
TG00008298,T00034,ELG,0.47420594,1.172919,1.0000
TG00008299,T00034,ELG,0.58642686,1.338171,1.0000
TG00008300,T00034,ELG,0.49537260,1.363463,1.0000
TG00008301,T00034,ELG,0.36999726,1.248548,1.0000
TG00008302,T00034,ELG,0.53283672,1.018254,1.0000
TG00008303,T00034,ELG,0.62432199,1.251973,1.0000
TG00008304,T00034,ELG,0.83243347,1.069935,1.0000
TG00008305,T00034,ELG,0.70473967,1.294018,1.0000
TG00008306,T00034,ELG,0.97498225,1.254418,1.0000
TG00008307,T00034,ELG,0.82056954,1.431315,1.0000
TG00008308,T00034,ELG,1.31106709,0.941349,1.0000
TG00008309,T00034,ELG,0.79242210,1.087961,1.0000
TG00008310,T00034,ELG,0.86678958,0.808232,1.0000
TG00008311,T00034,ELG,0.79543349,0.903005,1.0000
TG00008312,T00034,ELG,0.66248486,0.838406,1.0000
TG00008313,T00034,ELG,0.47211173,1.995079,1.0000
TG00008314,T00034,ELG,0.77951276,1.542503,1.0000
TG00008315,T00034,QSO,0.16824329,1.794291,1.7000
TG00008316,T00034,QSO,0.21273879,1.767702,1.7000
TG00008317,T00034,QSO,0.26672204,2.252260,1.7000
TG00008318,T00034,QSO,0.23786821,2.562575,1.7000
TG00008319,T00034,QSO,0.31371925,2.359075,1.7000
TG00008320,T00034,QSO,0.27096613,1.702954,1.7000
TG00008321,T00034,QSO,0.17898351,2.413976,1.7000
TG00008322,T00034,QSO,0.10899681,2.970475,1.7000
TG00008323,T00034,QSO,0.20211254,0.492880,1.7000
TG00008324,T00034,QSO,0.14618771,2.080996,1.7000
TG00008325,T00034,QSO,0.16977160,2.032392,1.7000
TG00008326,T00034,BGS,2.69083012,0.377600,0.4500
TG00008327,T00034,BGS,1.77727923,0.204539,0.4500
TG00008328,T00034,BGS,1.07629740,0.182388,0.4500
TG00008329,T00034,BGS,1.57777996,0.295495,0.4500
TG00008330,T00034,BGS,0.96013063,0.237200,0.4500
TG00008331,T00034,BGS,1.19213365,0.131286,0.4500
TG00008332,T00034,BGS,1.21123809,0.321465,0.4500
TG00008333,T00034,BGS,1.18165206,0.268065,0.4500
TG00008334,T00034,BGS,1.20542104,0.357594,0.4500
TG00008335,T00034,BGS,0.98289283,0.112773,0.4500
TG00008336,T00034,BGS,1.13572228,0.171521,0.4500
TG00008337,T00034,BGS,1.32845634,0.292699,0.4500
TG00008338,T00034,BGS,0.84823485,0.221554,0.4500
TG00008339,T00034,BGS,1.37647610,0.255040,0.4500
TG00008340,T00034,BGS,1.04537808,0.351608,0.4500
TG00008341,T00034,BGS,1.01812143,0.244103,0.4500
TG00008342,T00034,BGS,1.47511430,0.367251,0.4500
TG00008343,T00034,BGS,1.24016114,0.273764,0.4500
TG00008344,T00034,BGS,1.65703422,0.285589,0.4500
TG00008345,T00034,BGS,1.34573665,0.131161,0.4500
TG00008346,T00034,BGS,1.11568085,0.283489,0.4500
TG00008347,T00034,BGS,1.17225490,0.314394,0.4500
TG00008348,T00034,BGS,1.14739386,0.265349,0.4500
TG00008349,T00034,BGS,0.93713750,0.137795,0.4500
TG00008350,T00034,BGS,1.86859453,0.095231,0.4500
TG00008351,T00034,BGS,1.22064335,0.203352,0.4500
TG00008352,T00034,BGS,0.98452131,0.254395,0.4500
TG00008353,T00034,BGS,1.11790760,0.260287,0.4500
TG00008354,T00034,BGS,2.09538211,0.303012,0.4500
TG00008355,T00034,BGS,1.16710768,0.143036,0.4500
TG00008356,T00034,BGS,0.82595260,0.337873,0.4500
TG00008357,T00034,BGS,2.48531395,0.266102,0.4500
TG00008358,T00034,BGS,1.08047991,0.428758,0.4500
TG00008359,T00034,BGS,1.53182017,0.304509,0.4500
TG00008360,T00034,BGS,1.25107983,0.056525,0.4500
TG00008361,T00034,BGS,0.82905095,0.227626,0.4500
TG00008362,T00034,BGS,1.13761497,0.288181,0.4500
TG00008363,T00034,BGS,1.17091568,0.156634,0.4500
TG00008364,T00034,BGS,1.10742584,0.251215,0.4500
TG00008365,T00034,BGS,1.11576227,0.232278,0.4500
TG00008366,T00034,BGS,1.32787466,0.162770,0.4500
TG00008367,T00034,BGS,1.49922623,0.173958,0.4500
TG00008368,T00034,BGS,1.32901964,0.117348,0.4500
TG00008369,T00034,BGS,1.51889257,0.213435,0.4500
TG00008370,T00034,BGS,1.35226392,0.199878,0.4500
TG00008371,T00034,BGS,1.84625368,0.281780,0.4500
TG00008372,T00034,BGS,1.62772208,0.184430,0.4500
TG00008373,T00034,BGS,2.05214814,0.264943,0.4500
TG00008374,T00034,BGS,1.42562279,0.222912,0.4500
TG00008375,T00034,BGS,1.26056417,0.369978,0.4500
TG00008376,T00034,BGS,0.99434753,0.266341,0.4500
TG00008377,T00034,BGS,2.08168417,0.241998,0.4500
TG00008378,T00034,BGS,1.82510350,0.247261,0.4500
TG00008379,T00034,BGS,1.28386387,0.480451,0.4500
TG00008380,T00034,BGS,0.81515827,0.178429,0.4500
TG00008381,T00034,BGS,1.41754562,0.246077,0.4500
TG00008382,T00034,BGS,1.28081171,0.231709,0.4500
TG00008383,T00034,BGS,1.50414770,0.336530,0.4500
TG00008384,T00034,BGS,1.60872048,0.273761,0.4500
TG00008385,T00034,BGS,1.63748619,0.210224,0.4500
TG00008386,T00034,BGS,0.94511845,0.326712,0.4500
TG00008387,T00034,BGS,1.29147696,0.272227,0.4500
TG00008388,T00034,BGS,1.14797137,0.250200,0.4500
TG00008389,T00034,BGS,0.61421561,0.328065,0.4500
TG00008390,T00034,BGS,1.87927441,0.088703,0.4500
TG00008391,T00034,BGS,2.14809327,0.156706,0.4500
TG00008392,T00034,BGS,1.01416587,0.290031,0.4500
TG00008393,T00034,BGS,0.78354760,0.174648,0.4500
TG00008394,T00034,BGS,1.68760792,0.257648,0.4500
TG00008395,T00034,BGS,1.90574541,0.150176,0.4500
TG00008396,T00034,BGS,1.37003692,0.289745,0.4500
TG00008397,T00034,BGS,1.39746927,0.273772,0.4500
TG00008398,T00034,BGS,0.78468787,0.315282,0.4500
TG00008399,T00034,BGS,1.63862953,0.141161,0.4500
TG00008400,T00034,BGS,1.38409745,0.261976,0.4500
TG00008401,T00034,BGS,2.20046783,0.260983,0.4500
TG00008402,T00034,BGS,1.36344881,0.276092,0.4500
TG00008403,T00034,BGS,1.32361419,0.030783,0.4500
TG00008404,T00034,BGS,0.96835458,0.171605,0.4500
TG00008405,T00034,BGS,1.57970971,0.000000,0.4500
TG00008406,T00034,BGS,1.20599160,0.133056,0.4500
TG00008407,T00034,BGS,0.80144662,0.274800,0.4500
TG00008408,T00034,BGS,0.74435069,0.288400,0.4500
TG00008409,T00034,BGS,1.03563017,0.195330,0.4500
TG00008410,T00034,BGS,1.42762788,0.114360,0.4500
TG00008411,T00034,BGS,0.93327795,0.350438,0.4500
TG00008412,T00034,BGS,1.00234216,0.304322,0.4500
TG00008413,T00034,BGS,1.67000032,0.156693,0.4500
TG00008414,T00034,BGS,1.07503516,0.152627,0.4500
TG00008415,T00034,BGS,1.43447591,0.303465,0.4500
TG00008416,T00034,BGS,1.30286469,0.251140,0.4500
TG00008417,T00034,BGS,0.83321507,0.175949,0.4500
TG00008418,T00034,BGS,1.29164692,0.206629,0.4500
TG00008419,T00034,BGS,1.25381525,0.205898,0.4500
TG00008420,T00035,LRG,0.18725798,0.814567,1.0000
TG00008421,T00035,LRG,0.55275604,0.774971,1.0000
TG00008422,T00035,LRG,0.50696098,0.736530,1.0000
TG00008423,T00035,LRG,0.55798396,0.949144,1.0000
TG00008424,T00035,LRG,0.38800935,0.387901,1.0000
TG00008425,T00035,LRG,0.36009781,0.790602,1.0000
TG00008426,T00035,LRG,0.24756777,0.712906,1.0000
TG00008427,T00035,LRG,0.31437227,0.528245,1.0000
TG00008428,T00035,LRG,0.42680483,0.838401,1.0000
TG00008429,T00035,LRG,0.20895307,0.826208,1.0000
TG00008430,T00035,LRG,0.23299815,0.694154,1.0000
TG00008431,T00035,LRG,0.35204894,0.484111,1.0000
TG00008432,T00035,LRG,0.40271204,0.448722,1.0000
TG00008433,T00035,LRG,0.25227869,0.523598,1.0000
TG00008434,T00035,LRG,0.37843683,0.822878,1.0000
TG00008435,T00035,LRG,0.23876533,0.695813,1.0000
TG00008436,T00035,LRG,0.31984024,0.756837,1.0000
TG00008437,T00035,LRG,0.47355907,0.624195,1.0000
TG00008438,T00035,LRG,0.48161864,0.551824,1.0000
TG00008439,T00035,LRG,0.47628900,0.724324,1.0000
TG00008440,T00035,LRG,0.21600856,0.806246,1.0000
TG00008441,T00035,LRG,0.75801693,0.408778,1.0000
TG00008442,T00035,LRG,0.32986736,0.852886,1.0000
TG00008443,T00035,LRG,0.41042577,0.530756,1.0000
TG00008444,T00035,LRG,0.44396876,0.930911,1.0000
TG00008445,T00035,LRG,0.52686158,0.832244,1.0000
TG00008446,T00035,LRG,0.27988560,0.723727,1.0000
TG00008447,T00035,LRG,0.29638519,0.758330,1.0000
TG00008448,T00035,LRG,0.46039916,0.793869,1.0000
TG00008449,T00035,LRG,0.50631757,0.751004,1.0000
TG00008450,T00035,LRG,0.53212399,0.850951,1.0000
TG00008451,T00035,LRG,0.54500939,0.800751,1.0000
TG00008452,T00035,LRG,0.32990191,0.646740,1.0000
TG00008453,T00035,LRG,0.35860743,0.914637,1.0000
TG00008454,T00035,LRG,0.48769597,0.605383,1.0000
TG00008455,T00035,LRG,0.31211955,0.802427,1.0000
TG00008456,T00035,LRG,0.60457839,0.656721,1.0000
TG00008457,T00035,LRG,0.38049586,0.740827,1.0000
TG00008458,T00035,LRG,0.47122706,0.323850,1.0000
TG00008459,T00035,LRG,0.35671452,0.781088,1.0000
TG00008460,T00035,LRG,0.46865142,0.647273,1.0000
TG00008461,T00035,LRG,0.51811122,0.645575,1.0000
TG00008462,T00035,LRG,0.66782334,0.818440,1.0000
TG00008463,T00035,LRG,0.25779424,0.938543,1.0000
TG00008464,T00035,LRG,0.37722677,0.973038,1.0000
TG00008465,T00035,LRG,0.27483223,0.900977,1.0000
TG00008466,T00035,LRG,0.25555328,0.727184,1.0000
TG00008467,T00035,LRG,0.40356204,0.529635,1.0000
TG00008468,T00035,LRG,0.48123110,0.690013,1.0000
TG00008469,T00035,ELG,0.61316089,1.825033,1.0000
TG00008470,T00035,ELG,0.57440018,0.619066,1.0000
TG00008471,T00035,ELG,0.64751645,0.934808,1.0000
TG00008472,T00035,ELG,0.57356961,0.812610,1.0000
TG00008473,T00035,ELG,0.78117019,1.268304,1.0000
TG00008474,T00035,ELG,0.27862941,1.274906,1.0000
TG00008475,T00035,ELG,0.67079479,0.796641,1.0000
TG00008476,T00035,ELG,0.68315765,1.170453,1.0000
TG00008477,T00035,ELG,0.52482489,0.765562,1.0000
TG00008478,T00035,ELG,0.81514107,1.265741,1.0000
TG00008479,T00035,ELG,0.52706559,1.191652,1.0000
TG00008480,T00035,ELG,0.61966218,1.413868,1.0000
TG00008481,T00035,ELG,0.64930317,0.593611,1.0000
TG00008482,T00035,ELG,0.49604403,1.399525,1.0000
TG00008483,T00035,ELG,0.48763558,1.425823,1.0000
TG00008484,T00035,ELG,1.27348354,1.145727,1.0000
TG00008485,T00035,ELG,0.66713908,1.532489,1.0000
TG00008486,T00035,ELG,0.50974631,0.660987,1.0000
TG00008487,T00035,ELG,0.40201629,1.242683,1.0000
TG00008488,T00035,ELG,0.53283512,0.779721,1.0000
TG00008489,T00035,ELG,0.31261470,0.490254,1.0000
TG00008490,T00035,ELG,0.58305076,1.007510,1.0000
TG00008491,T00035,ELG,0.62089876,0.796398,1.0000
TG00008492,T00035,ELG,0.59271506,0.883062,1.0000
TG00008493,T00035,ELG,0.51310518,1.071480,1.0000
TG00008494,T00035,ELG,1.11869107,1.160356,1.0000
TG00008495,T00035,ELG,1.10933873,0.720213,1.0000
TG00008496,T00035,ELG,0.56895925,1.153400,1.0000
TG00008497,T00035,ELG,0.65307375,1.598815,1.0000
TG00008498,T00035,ELG,0.86520581,1.248372,1.0000
TG00008499,T00035,ELG,0.35693698,0.670858,1.0000
TG00008500,T00035,ELG,0.62652066,1.474502,1.0000
TG00008501,T00035,ELG,0.39977672,1.447940,1.0000
TG00008502,T00035,ELG,0.50025421,1.474224,1.0000
TG00008503,T00035,ELG,1.03658185,1.186435,1.0000
TG00008504,T00035,ELG,0.34349429,1.025771,1.0000
TG00008505,T00035,ELG,0.91042916,1.050649,1.0000
TG00008506,T00035,ELG,0.27773586,0.938855,1.0000
TG00008507,T00035,ELG,0.96179006,1.023451,1.0000
TG00008508,T00035,ELG,0.42925191,0.840956,1.0000
TG00008509,T00035,ELG,0.68879020,1.287870,1.0000
TG00008510,T00035,ELG,0.36398366,0.675681,1.0000
TG00008511,T00035,ELG,0.53826868,1.312825,1.0000
TG00008512,T00035,ELG,0.81240998,1.236627,1.0000
TG00008513,T00035,ELG,0.63861164,1.693588,1.0000
TG00008514,T00035,ELG,0.97730914,1.113634,1.0000
TG00008515,T00035,ELG,0.24559371,1.331694,1.0000
TG00008516,T00035,ELG,0.64325692,1.253024,1.0000
TG00008517,T00035,ELG,0.44021468,1.145036,1.0000
TG00008518,T00035,ELG,0.68823650,1.077246,1.0000
TG00008519,T00035,ELG,0.95489865,0.779322,1.0000
TG00008520,T00035,ELG,0.48975429,0.888208,1.0000
TG00008521,T00035,ELG,0.53064944,0.617496,1.0000
TG00008522,T00035,ELG,0.62389117,1.303646,1.0000
TG00008523,T00035,ELG,0.62633476,1.158666,1.0000
TG00008524,T00035,ELG,0.59482644,0.517876,1.0000
TG00008525,T00035,ELG,0.62750144,0.797583,1.0000
TG00008526,T00035,ELG,0.67985696,1.214908,1.0000
TG00008527,T00035,ELG,0.63472112,1.062839,1.0000
TG00008528,T00035,ELG,0.54144105,1.102901,1.0000
TG00008529,T00035,ELG,0.59689347,1.322967,1.0000
TG00008530,T00035,ELG,0.55918509,0.779738,1.0000
TG00008531,T00035,ELG,0.17500375,1.045652,1.0000
TG00008532,T00035,ELG,0.40502898,1.198588,1.0000
TG00008533,T00035,ELG,0.61898042,1.016228,1.0000
TG00008534,T00035,ELG,0.27647950,0.785078,1.0000
TG00008535,T00035,ELG,0.49032456,1.222759,1.0000
TG00008536,T00035,ELG,0.82605454,1.394961,1.0000
TG00008537,T00035,ELG,0.58851291,1.043688,1.0000
TG00008538,T00035,ELG,0.47168391,1.046818,1.0000
TG00008539,T00035,ELG,0.51299984,1.025705,1.0000
TG00008540,T00035,ELG,0.49817443,1.150074,1.0000
TG00008541,T00035,ELG,1.01513365,1.010743,1.0000
TG00008542,T00035,ELG,0.41650044,0.993664,1.0000
TG00008543,T00035,ELG,0.45360995,1.430581,1.0000
TG00008544,T00035,ELG,0.56237718,1.297889,1.0000
TG00008545,T00035,ELG,0.44050783,1.708897,1.0000
TG00008546,T00035,ELG,0.63542865,0.983561,1.0000
TG00008547,T00035,ELG,0.47894582,1.045860,1.0000
TG00008548,T00035,ELG,0.41587556,0.942226,1.0000
TG00008549,T00035,ELG,0.54936008,1.214792,1.0000
TG00008550,T00035,ELG,0.40292612,1.025998,1.0000
TG00008551,T00035,ELG,0.43496685,0.637946,1.0000
TG00008552,T00035,ELG,0.46069250,0.680985,1.0000
TG00008553,T00035,ELG,1.57222384,0.818927,1.0000
TG00008554,T00035,ELG,0.93031323,1.464647,1.0000
TG00008555,T00035,ELG,0.48026884,1.699885,1.0000
TG00008556,T00035,ELG,0.61318129,0.907838,1.0000
TG00008557,T00035,ELG,0.36984411,0.769902,1.0000
TG00008558,T00035,ELG,0.94999885,1.500291,1.0000
TG00008559,T00035,ELG,0.71099217,0.913845,1.0000
TG00008560,T00035,ELG,0.62772621,0.810734,1.0000
TG00008561,T00035,ELG,0.39529837,0.633851,1.0000
TG00008562,T00035,ELG,0.41726045,1.858172,1.0000
TG00008563,T00035,ELG,0.23002490,1.456275,1.0000
TG00008564,T00035,ELG,0.76269264,1.245563,1.0000
TG00008565,T00035,ELG,0.37891987,1.109511,1.0000
TG00008566,T00035,ELG,0.41563997,1.154423,1.0000
TG00008567,T00035,ELG,0.30701727,1.209801,1.0000
TG00008568,T00035,ELG,0.64388296,1.539613,1.0000
TG00008569,T00035,ELG,0.84619353,0.944936,1.0000
TG00008570,T00035,ELG,0.69103667,1.331885,1.0000
TG00008571,T00035,ELG,0.57638044,0.751891,1.0000
TG00008572,T00035,ELG,0.70988010,1.177243,1.0000
TG00008573,T00035,ELG,0.69407629,1.249019,1.0000
TG00008574,T00035,ELG,0.35007939,1.272714,1.0000
TG00008575,T00035,ELG,0.83109201,0.955655,1.0000
TG00008576,T00035,ELG,0.61444217,1.601700,1.0000
TG00008577,T00035,ELG,0.87281332,1.036103,1.0000
TG00008578,T00035,ELG,0.45698996,1.312796,1.0000
TG00008579,T00035,ELG,0.79180927,0.756893,1.0000
TG00008580,T00035,ELG,1.13381511,1.080268,1.0000
TG00008581,T00035,ELG,0.53679149,1.309132,1.0000
TG00008582,T00035,ELG,0.54398449,1.238866,1.0000
TG00008583,T00035,ELG,0.82751402,0.964562,1.0000
TG00008584,T00035,ELG,0.60426494,1.437581,1.0000
TG00008585,T00035,ELG,0.28465668,0.961043,1.0000
TG00008586,T00035,ELG,0.41968484,0.975774,1.0000
TG00008587,T00035,ELG,0.56539713,0.799690,1.0000
TG00008588,T00035,ELG,0.35030688,1.212694,1.0000
TG00008589,T00035,ELG,0.71263460,1.090533,1.0000
TG00008590,T00035,ELG,0.60049084,1.110091,1.0000
TG00008591,T00035,ELG,0.43219257,1.042563,1.0000
TG00008592,T00035,ELG,0.38790342,1.407930,1.0000
TG00008593,T00035,QSO,0.10970305,0.649372,1.7000
TG00008594,T00035,QSO,0.27518948,3.305312,1.7000
TG00008595,T00035,QSO,0.27982426,2.879042,1.7000
TG00008596,T00035,QSO,0.10216532,1.478698,1.7000
TG00008597,T00035,QSO,0.19013738,2.445601,1.7000
TG00008598,T00035,QSO,0.09682342,2.134928,1.7000
TG00008599,T00035,QSO,0.09263001,2.287504,1.7000
TG00008600,T00035,QSO,0.31486296,2.057639,1.7000
TG00008601,T00035,QSO,0.35084346,2.030179,1.7000
TG00008602,T00035,QSO,0.29829122,3.058984,1.7000
TG00008603,T00035,QSO,0.14161363,2.158512,1.7000
TG00008604,T00035,QSO,0.24298707,1.342199,1.7000
TG00008605,T00035,QSO,0.29378977,1.458566,1.7000
TG00008606,T00035,QSO,0.15689518,2.566413,1.7000
TG00008607,T00035,QSO,0.37240659,1.582232,1.7000
TG00008608,T00035,QSO,0.11882259,2.482434,1.7000
TG00008609,T00035,QSO,0.13758606,2.126005,1.7000
TG00008610,T00035,QSO,0.17516541,2.721252,1.7000
TG00008611,T00035,QSO,0.36544928,2.608177,1.7000
TG00008612,T00035,QSO,0.39030531,1.862289,1.7000
TG00008613,T00035,BGS,1.59284948,0.129882,0.4500
TG00008614,T00035,BGS,1.43863335,0.218236,0.4500
TG00008615,T00035,BGS,1.42336762,0.161897,0.4500
TG00008616,T00035,BGS,1.19893023,0.176755,0.4500
TG00008617,T00035,BGS,1.09798720,0.224849,0.4500
TG00008618,T00035,BGS,0.88250527,0.141454,0.4500
TG00008619,T00035,BGS,1.58069208,0.379843,0.4500
TG00008620,T00035,BGS,1.35530340,0.370304,0.4500
TG00008621,T00035,BGS,1.45088986,0.211316,0.4500
TG00008622,T00035,BGS,1.21874724,0.185097,0.4500
TG00008623,T00035,BGS,1.25639637,0.195815,0.4500
TG00008624,T00035,BGS,1.22476014,0.345166,0.4500
TG00008625,T00035,BGS,0.63493492,0.151291,0.4500
TG00008626,T00035,BGS,1.62564061,0.275747,0.4500
TG00008627,T00035,BGS,1.16674667,0.362161,0.4500
TG00008628,T00035,BGS,0.95791907,0.187523,0.4500
TG00008629,T00035,BGS,1.07727981,0.247693,0.4500
TG00008630,T00035,BGS,0.98368006,0.162970,0.4500
TG00008631,T00035,BGS,0.86322689,0.185803,0.4500
TG00008632,T00035,BGS,1.29573918,0.271275,0.4500
TG00008633,T00035,BGS,1.09348494,0.054152,0.4500
TG00008634,T00035,BGS,0.97049774,0.118055,0.4500
TG00008635,T00035,BGS,0.96316808,0.293054,0.4500
TG00008636,T00035,BGS,0.90177372,0.297482,0.4500
TG00008637,T00035,BGS,1.16539689,0.215148,0.4500
TG00008638,T00035,BGS,0.90794062,0.288108,0.4500
TG00008639,T00035,BGS,0.66475922,0.330580,0.4500
TG00008640,T00035,BGS,1.10787556,0.226516,0.4500
TG00008641,T00035,BGS,1.14291756,0.129971,0.4500
TG00008642,T00035,BGS,0.85332699,0.285085,0.4500
TG00008643,T00035,BGS,1.33043957,0.311942,0.4500
TG00008644,T00035,BGS,1.09628300,0.140111,0.4500
TG00008645,T00035,BGS,1.49325080,0.129760,0.4500
TG00008646,T00035,BGS,0.85158585,0.160329,0.4500
TG00008647,T00035,BGS,0.91971751,0.182381,0.4500
TG00008648,T00035,BGS,1.18894919,0.249624,0.4500
TG00008649,T00035,BGS,1.40241291,0.261307,0.4500
TG00008650,T00035,BGS,0.79916982,0.205830,0.4500
TG00008651,T00035,BGS,2.61230722,0.274091,0.4500
TG00008652,T00035,BGS,1.52911028,0.297826,0.4500
TG00008653,T00035,BGS,0.67268746,0.215651,0.4500
TG00008654,T00035,BGS,1.42407234,0.322912,0.4500
TG00008655,T00035,BGS,0.91950061,0.063618,0.4500
TG00008656,T00035,BGS,1.07196249,0.101125,0.4500
TG00008657,T00035,BGS,0.80535293,0.167415,0.4500
TG00008658,T00035,BGS,1.05627008,0.186906,0.4500
TG00008659,T00035,BGS,0.98349977,0.109957,0.4500
TG00008660,T00035,BGS,1.32482974,0.168584,0.4500
TG00008661,T00035,BGS,1.57676043,0.282812,0.4500
TG00008662,T00035,BGS,1.19249903,0.287673,0.4500
TG00008663,T00035,BGS,0.92528060,0.207756,0.4500
TG00008664,T00035,BGS,1.76237490,0.180088,0.4500
TG00008665,T00035,BGS,1.13819934,0.101518,0.4500
TG00008666,T00035,BGS,2.05676243,0.055359,0.4500
TG00008667,T00035,BGS,1.64252832,0.000000,0.4500
TG00008668,T00035,BGS,1.07571937,0.226951,0.4500
TG00008669,T00035,BGS,1.33898810,0.299121,0.4500
TG00008670,T00035,BGS,1.28452433,0.173887,0.4500
TG00008671,T00035,BGS,1.69501788,0.196497,0.4500
TG00008672,T00035,BGS,1.39917036,0.213697,0.4500
TG00008673,T00035,BGS,1.56243973,0.295575,0.4500
TG00008674,T00035,BGS,2.03486447,0.127490,0.4500
TG00008675,T00035,BGS,1.02816643,0.378460,0.4500
TG00008676,T00035,BGS,1.55240097,0.025475,0.4500
TG00008677,T00035,BGS,1.04322535,0.273803,0.4500
TG00008678,T00035,BGS,1.15634802,0.196859,0.4500
TG00008679,T00035,BGS,1.49631301,0.087606,0.4500
TG00008680,T00035,BGS,1.52023929,0.152525,0.4500
TG00008681,T00035,BGS,1.30993835,0.132585,0.4500
TG00008682,T00035,BGS,1.20367440,0.146638,0.4500
TG00008683,T00035,BGS,1.44648261,0.307870,0.4500
TG00008684,T00035,BGS,0.59221399,0.353711,0.4500
TG00008685,T00035,BGS,1.39036450,0.210463,0.4500
TG00008686,T00035,BGS,1.13733683,0.125184,0.4500
TG00008687,T00035,BGS,1.28857656,0.277719,0.4500
TG00008688,T00035,BGS,0.76796702,0.220030,0.4500
TG00008689,T00035,BGS,1.49140002,0.373601,0.4500
TG00008690,T00035,BGS,1.09067406,0.198520,0.4500
TG00008691,T00035,BGS,0.87831512,0.182723,0.4500
TG00008692,T00035,BGS,0.74344983,0.426198,0.4500
TG00008693,T00035,BGS,1.54101754,0.289384,0.4500
TG00008694,T00036,LRG,0.20748532,0.712986,1.0000
TG00008695,T00036,LRG,0.25823154,0.558835,1.0000
TG00008696,T00036,LRG,0.42879141,0.619484,1.0000
TG00008697,T00036,LRG,0.28192541,0.589927,1.0000
TG00008698,T00036,LRG,0.43930512,0.725390,1.0000
TG00008699,T00036,LRG,0.33581534,0.794785,1.0000
TG00008700,T00036,LRG,0.43961147,0.628016,1.0000
TG00008701,T00036,LRG,0.38934643,0.392572,1.0000
TG00008702,T00036,LRG,0.39130207,0.789827,1.0000
TG00008703,T00036,LRG,0.54071077,0.767428,1.0000
TG00008704,T00036,LRG,0.28107380,0.356105,1.0000
TG00008705,T00036,LRG,0.41242327,0.777235,1.0000
TG00008706,T00036,LRG,0.30740260,0.676544,1.0000
TG00008707,T00036,LRG,0.37476801,0.887892,1.0000
TG00008708,T00036,LRG,0.41423252,0.549578,1.0000
TG00008709,T00036,LRG,0.35074823,0.670465,1.0000
TG00008710,T00036,LRG,0.38124099,0.480827,1.0000
TG00008711,T00036,LRG,0.35357743,0.442273,1.0000
TG00008712,T00036,LRG,0.32334572,0.766387,1.0000
TG00008713,T00036,LRG,0.33983467,0.717127,1.0000
TG00008714,T00036,LRG,0.20751192,0.433451,1.0000
TG00008715,T00036,LRG,0.27160407,0.858330,1.0000
TG00008716,T00036,LRG,0.52637221,0.763139,1.0000
TG00008717,T00036,LRG,0.40536300,1.015870,1.0000
TG00008718,T00036,LRG,0.30752074,0.983271,1.0000
TG00008719,T00036,LRG,0.40151301,0.518073,1.0000
TG00008720,T00036,LRG,0.28023627,0.546635,1.0000
TG00008721,T00036,LRG,0.36780860,0.310589,1.0000
TG00008722,T00036,LRG,0.41062386,0.384649,1.0000
TG00008723,T00036,LRG,0.37979922,0.731920,1.0000
TG00008724,T00036,LRG,0.42488254,0.801662,1.0000
TG00008725,T00036,LRG,0.26549469,1.311899,1.0000
TG00008726,T00036,LRG,0.35549097,0.620108,1.0000
TG00008727,T00036,LRG,0.29419317,0.441608,1.0000
TG00008728,T00036,LRG,0.24336668,0.554292,1.0000
TG00008729,T00036,LRG,0.31912854,0.724824,1.0000
TG00008730,T00036,LRG,0.39036350,1.122121,1.0000
TG00008731,T00036,LRG,0.32968963,0.786643,1.0000
TG00008732,T00036,LRG,0.27394368,0.726211,1.0000
TG00008733,T00036,LRG,0.60922319,0.459041,1.0000
TG00008734,T00036,LRG,0.50221751,0.889652,1.0000
TG00008735,T00036,LRG,0.37159332,0.739749,1.0000
TG00008736,T00036,LRG,0.32056417,0.629084,1.0000
TG00008737,T00036,LRG,0.25571317,0.535465,1.0000
TG00008738,T00036,LRG,0.29464427,0.803483,1.0000
TG00008739,T00036,LRG,0.42850498,0.721535,1.0000
TG00008740,T00036,LRG,0.31103756,0.535335,1.0000
TG00008741,T00036,LRG,0.33102395,0.704602,1.0000
TG00008742,T00036,LRG,0.40183147,0.634372,1.0000
TG00008743,T00036,LRG,0.32653359,0.968030,1.0000
TG00008744,T00036,LRG,0.50257004,0.615387,1.0000
TG00008745,T00036,LRG,0.40809157,0.512880,1.0000
TG00008746,T00036,LRG,0.45893766,0.594978,1.0000
TG00008747,T00036,LRG,0.33760019,0.871362,1.0000
TG00008748,T00036,LRG,0.24092955,0.360790,1.0000
TG00008749,T00036,LRG,0.40698419,0.723524,1.0000
TG00008750,T00036,LRG,0.50255291,0.767606,1.0000
TG00008751,T00036,LRG,0.29860999,0.543645,1.0000
TG00008752,T00036,LRG,0.35312132,0.587543,1.0000
TG00008753,T00036,LRG,0.27986581,0.537567,1.0000
TG00008754,T00036,LRG,0.81154237,0.550258,1.0000
TG00008755,T00036,LRG,0.27964545,0.970121,1.0000
TG00008756,T00036,LRG,0.43879957,0.428328,1.0000
TG00008757,T00036,ELG,0.69590475,1.022737,1.0000
TG00008758,T00036,ELG,0.74750973,1.308531,1.0000
TG00008759,T00036,ELG,0.51561391,0.821254,1.0000
TG00008760,T00036,ELG,0.62448999,1.121123,1.0000
TG00008761,T00036,ELG,0.32696189,1.399551,1.0000
TG00008762,T00036,ELG,0.69875772,0.770138,1.0000
TG00008763,T00036,ELG,0.46375666,1.088254,1.0000
TG00008764,T00036,ELG,0.98073015,1.317187,1.0000
TG00008765,T00036,ELG,0.40127893,1.411936,1.0000
TG00008766,T00036,ELG,0.52850584,0.293872,1.0000
TG00008767,T00036,ELG,0.67073571,1.137515,1.0000
TG00008768,T00036,ELG,0.46664463,0.841395,1.0000
TG00008769,T00036,ELG,0.50984463,1.366955,1.0000
TG00008770,T00036,ELG,0.44543593,1.508838,1.0000
TG00008771,T00036,ELG,0.31121014,1.191778,1.0000
TG00008772,T00036,ELG,1.39490854,1.504406,1.0000
TG00008773,T00036,ELG,0.26557267,1.343751,1.0000
TG00008774,T00036,ELG,0.55554586,1.345328,1.0000
TG00008775,T00036,ELG,0.38286272,1.057462,1.0000
TG00008776,T00036,ELG,0.78276581,1.177861,1.0000
TG00008777,T00036,ELG,0.61660042,1.078921,1.0000
TG00008778,T00036,ELG,0.77868557,1.006101,1.0000
TG00008779,T00036,ELG,0.35474043,1.052690,1.0000
TG00008780,T00036,ELG,0.80905827,0.947598,1.0000
TG00008781,T00036,ELG,0.50623835,0.730883,1.0000
TG00008782,T00036,ELG,0.55234786,1.846027,1.0000
TG00008783,T00036,ELG,0.43552943,1.195019,1.0000
TG00008784,T00036,ELG,0.75934264,1.189206,1.0000
TG00008785,T00036,ELG,0.54751870,1.099615,1.0000
TG00008786,T00036,ELG,0.63665492,1.347451,1.0000
TG00008787,T00036,ELG,0.44114577,0.533203,1.0000
TG00008788,T00036,ELG,0.30945888,0.572726,1.0000
TG00008789,T00036,ELG,0.71059874,1.067606,1.0000
TG00008790,T00036,ELG,0.63449972,0.779526,1.0000
TG00008791,T00036,ELG,0.52666664,1.197867,1.0000
TG00008792,T00036,ELG,1.06878456,1.239319,1.0000
TG00008793,T00036,ELG,0.32253510,0.969502,1.0000
TG00008794,T00036,ELG,0.80899451,1.147505,1.0000
TG00008795,T00036,ELG,0.82830599,1.054481,1.0000
TG00008796,T00036,ELG,0.67101826,1.442176,1.0000
TG00008797,T00036,ELG,0.77185095,1.223598,1.0000
TG00008798,T00036,ELG,0.62087458,0.617423,1.0000
TG00008799,T00036,ELG,0.65628485,0.986415,1.0000
TG00008800,T00036,ELG,0.72203052,1.155705,1.0000
TG00008801,T00036,ELG,0.80945635,1.195179,1.0000
TG00008802,T00036,ELG,0.44162258,1.108100,1.0000
TG00008803,T00036,ELG,0.59650888,1.145093,1.0000
TG00008804,T00036,ELG,0.69971709,0.903117,1.0000
TG00008805,T00036,ELG,0.18707374,0.869492,1.0000
TG00008806,T00036,ELG,0.35729386,0.801598,1.0000
TG00008807,T00036,ELG,0.47754169,1.304055,1.0000
TG00008808,T00036,ELG,0.76128106,1.274302,1.0000
TG00008809,T00036,ELG,0.58335030,0.528189,1.0000
TG00008810,T00036,ELG,0.52833531,1.201800,1.0000
TG00008811,T00036,ELG,0.48064384,0.975154,1.0000
TG00008812,T00036,ELG,0.40995838,1.185790,1.0000
TG00008813,T00036,ELG,0.49372498,1.170804,1.0000
TG00008814,T00036,ELG,0.44708032,0.891227,1.0000
TG00008815,T00036,ELG,0.66934127,1.516281,1.0000
TG00008816,T00036,ELG,0.71910132,0.479947,1.0000
TG00008817,T00036,ELG,1.12966387,1.235521,1.0000
TG00008818,T00036,ELG,0.46268301,1.013572,1.0000
TG00008819,T00036,ELG,0.56979625,0.733682,1.0000
TG00008820,T00036,ELG,0.93787529,1.083498,1.0000
TG00008821,T00036,ELG,0.63725337,1.459300,1.0000
TG00008822,T00036,ELG,0.53676631,1.124046,1.0000
TG00008823,T00036,ELG,0.36343387,1.551359,1.0000
TG00008824,T00036,ELG,0.63099288,1.567784,1.0000
TG00008825,T00036,ELG,0.44961529,0.912479,1.0000
TG00008826,T00036,ELG,0.63655017,1.421273,1.0000
TG00008827,T00036,ELG,1.09895185,1.067115,1.0000
TG00008828,T00036,ELG,0.21739850,0.991022,1.0000
TG00008829,T00036,ELG,0.41302007,0.817862,1.0000
TG00008830,T00036,ELG,0.72800235,1.066066,1.0000
TG00008831,T00036,ELG,0.52558090,1.220412,1.0000
TG00008832,T00036,ELG,0.75310597,1.684708,1.0000
TG00008833,T00036,ELG,1.28091726,1.483609,1.0000
TG00008834,T00036,ELG,0.41538482,1.249619,1.0000
TG00008835,T00036,ELG,0.69419288,1.680914,1.0000
TG00008836,T00036,ELG,0.51582531,1.009145,1.0000
TG00008837,T00036,ELG,0.53337345,1.052816,1.0000
TG00008838,T00036,ELG,0.35531610,1.409540,1.0000
TG00008839,T00036,ELG,1.07484224,1.422440,1.0000
TG00008840,T00036,ELG,0.71366389,0.933029,1.0000
TG00008841,T00036,ELG,0.39969286,0.899943,1.0000
TG00008842,T00036,ELG,0.40901469,0.859149,1.0000
TG00008843,T00036,ELG,0.68962727,0.840967,1.0000
TG00008844,T00036,ELG,0.57195169,1.090161,1.0000
TG00008845,T00036,ELG,0.53496944,1.100349,1.0000
TG00008846,T00036,ELG,1.03597677,1.326418,1.0000
TG00008847,T00036,ELG,0.51801694,1.496865,1.0000
TG00008848,T00036,ELG,0.94849857,1.245623,1.0000
TG00008849,T00036,ELG,0.36390156,1.312152,1.0000
TG00008850,T00036,ELG,0.40445518,1.446344,1.0000
TG00008851,T00036,ELG,0.30870791,1.095112,1.0000
TG00008852,T00036,ELG,0.72345974,1.117718,1.0000
TG00008853,T00036,ELG,0.36890427,0.789164,1.0000
TG00008854,T00036,ELG,0.65999920,1.441336,1.0000
TG00008855,T00036,ELG,0.71866455,1.663067,1.0000
TG00008856,T00036,ELG,0.52854751,1.562913,1.0000
TG00008857,T00036,ELG,0.70143068,1.171103,1.0000
TG00008858,T00036,ELG,0.50789105,1.448562,1.0000
TG00008859,T00036,ELG,0.45986622,0.981511,1.0000
TG00008860,T00036,ELG,0.91930942,0.985182,1.0000
TG00008861,T00036,ELG,0.61952741,0.839584,1.0000
TG00008862,T00036,ELG,0.44957121,1.612157,1.0000
TG00008863,T00036,ELG,0.60091216,1.062835,1.0000
TG00008864,T00036,ELG,0.32717590,0.902525,1.0000
TG00008865,T00036,ELG,0.24101550,0.884321,1.0000
TG00008866,T00036,ELG,0.73921637,0.829497,1.0000
TG00008867,T00036,ELG,0.63909295,1.039874,1.0000
TG00008868,T00036,ELG,0.48657316,1.297775,1.0000
TG00008869,T00036,ELG,0.32955658,0.939468,1.0000
TG00008870,T00036,ELG,0.29814462,0.925023,1.0000
TG00008871,T00036,ELG,0.37799362,0.588651,1.0000
TG00008872,T00036,ELG,0.24471023,0.980698,1.0000
TG00008873,T00036,ELG,0.40238145,1.066974,1.0000
TG00008874,T00036,ELG,0.49722355,1.135976,1.0000
TG00008875,T00036,ELG,0.68868527,1.090807,1.0000
TG00008876,T00036,ELG,0.65370068,1.509743,1.0000
TG00008877,T00036,ELG,0.76911227,0.893993,1.0000
TG00008878,T00036,ELG,0.61488217,1.109216,1.0000
TG00008879,T00036,ELG,0.67590252,0.907371,1.0000
TG00008880,T00036,ELG,0.60131773,0.855701,1.0000
TG00008881,T00036,ELG,0.65774928,0.938988,1.0000
TG00008882,T00036,ELG,0.28499140,1.111035,1.0000
TG00008883,T00036,ELG,0.45212454,1.483223,1.0000
TG00008884,T00036,ELG,0.84657061,1.231823,1.0000
TG00008885,T00036,ELG,0.52858964,0.802590,1.0000
TG00008886,T00036,QSO,0.15176212,3.665175,1.7000
TG00008887,T00036,QSO,0.17079227,1.811593,1.7000
TG00008888,T00036,QSO,0.27572561,1.649057,1.7000
TG00008889,T00036,QSO,0.31149319,2.648677,1.7000
TG00008890,T00036,QSO,0.10304307,3.053216,1.7000
TG00008891,T00036,QSO,0.14625665,2.767231,1.7000
TG00008892,T00036,QSO,0.26722148,2.384254,1.7000
TG00008893,T00036,QSO,0.12488151,1.994958,1.7000
TG00008894,T00036,QSO,0.18777730,1.720969,1.7000
TG00008895,T00036,QSO,0.24681630,1.681016,1.7000
TG00008896,T00036,QSO,0.22440381,2.399034,1.7000
TG00008897,T00036,QSO,0.21745027,1.225430,1.7000
TG00008898,T00036,QSO,0.17954906,2.302381,1.7000
TG00008899,T00036,QSO,0.57711733,3.156717,1.7000
TG00008900,T00036,QSO,0.15590247,2.830119,1.7000
TG00008901,T00036,QSO,0.28270336,1.478636,1.7000
TG00008902,T00036,QSO,0.17504108,0.823742,1.7000
TG00008903,T00036,QSO,0.17846593,1.733938,1.7000
TG00008904,T00036,QSO,0.10652210,2.254117,1.7000
TG00008905,T00036,QSO,0.19242422,1.253401,1.7000
TG00008906,T00036,QSO,0.07596253,1.693613,1.7000
TG00008907,T00036,QSO,0.09582099,2.626738,1.7000
TG00008908,T00036,QSO,0.42167397,1.528344,1.7000
TG00008909,T00036,QSO,0.18056944,1.706403,1.7000
TG00008910,T00036,QSO,0.29420620,2.333138,1.7000
TG00008911,T00036,BGS,1.12525839,0.346300,0.4500
TG00008912,T00036,BGS,2.32440695,0.207494,0.4500
TG00008913,T00036,BGS,0.97631165,0.207982,0.4500
TG00008914,T00036,BGS,1.20074902,0.257624,0.4500
TG00008915,T00036,BGS,1.42305678,0.251211,0.4500
TG00008916,T00036,BGS,2.19020947,0.137904,0.4500
TG00008917,T00036,BGS,0.98834868,0.275608,0.4500
TG00008918,T00036,BGS,1.56608553,0.217534,0.4500
TG00008919,T00036,BGS,1.48180335,0.246066,0.4500
TG00008920,T00036,BGS,1.07116865,0.212712,0.4500
TG00008921,T00036,BGS,1.51952377,0.265479,0.4500
TG00008922,T00036,BGS,1.20417046,0.266697,0.4500
TG00008923,T00036,BGS,1.16663664,0.301801,0.4500
TG00008924,T00036,BGS,1.50818640,0.021100,0.4500
TG00008925,T00036,BGS,1.10516485,0.317355,0.4500
TG00008926,T00036,BGS,1.65389069,0.202861,0.4500
TG00008927,T00036,BGS,1.45496108,0.351648,0.4500
TG00008928,T00036,BGS,1.69049557,0.179468,0.4500
TG00008929,T00036,BGS,1.07866749,0.101143,0.4500
TG00008930,T00036,BGS,0.82262544,0.319981,0.4500
TG00008931,T00036,BGS,1.28193166,0.183567,0.4500
TG00008932,T00036,BGS,0.95510911,0.198626,0.4500
TG00008933,T00036,BGS,1.89488493,0.255505,0.4500
TG00008934,T00036,BGS,1.03289387,0.131215,0.4500
TG00008935,T00036,BGS,1.97003977,0.171703,0.4500
TG00008936,T00036,BGS,1.33063668,0.361918,0.4500
TG00008937,T00036,BGS,1.40607577,0.093826,0.4500
TG00008938,T00036,BGS,2.15761414,0.137526,0.4500
TG00008939,T00036,BGS,1.25397094,0.223614,0.4500
TG00008940,T00036,BGS,0.95982794,0.172539,0.4500
TG00008941,T00036,BGS,1.44964463,0.233915,0.4500
TG00008942,T00036,BGS,1.61647103,0.130243,0.4500
TG00008943,T00036,BGS,0.70316694,0.155874,0.4500
TG00008944,T00036,BGS,1.01011547,0.123803,0.4500
TG00008945,T00036,BGS,0.75504100,0.349264,0.4500
TG00008946,T00036,BGS,1.30298802,0.219128,0.4500
TG00008947,T00036,BGS,1.20151094,0.277513,0.4500
TG00008948,T00036,BGS,1.19812457,0.179229,0.4500
TG00008949,T00036,BGS,1.08712025,0.135678,0.4500
TG00008950,T00036,BGS,0.84909734,0.187522,0.4500
TG00008951,T00036,BGS,1.66941520,0.253462,0.4500
TG00008952,T00036,BGS,1.57085922,0.298912,0.4500
TG00008953,T00036,BGS,1.99405730,0.342868,0.4500
TG00008954,T00036,BGS,1.18346291,0.188451,0.4500
TG00008955,T00036,BGS,2.04818298,0.226098,0.4500
TG00008956,T00036,BGS,0.90249451,0.239386,0.4500
TG00008957,T00036,BGS,1.45751801,0.226234,0.4500
TG00008958,T00036,BGS,1.36148638,0.230707,0.4500
TG00008959,T00036,BGS,0.84749871,0.281816,0.4500
TG00008960,T00036,BGS,0.73363212,0.355597,0.4500
TG00008961,T00036,BGS,1.56907009,0.254054,0.4500
TG00008962,T00036,BGS,1.17713623,0.132500,0.4500
TG00008963,T00036,BGS,0.91499847,0.250887,0.4500
TG00008964,T00036,BGS,0.87010148,0.231294,0.4500
TG00008965,T00036,BGS,1.17320700,0.191922,0.4500
TG00008966,T00036,BGS,1.52618848,0.368386,0.4500
TG00008967,T00036,BGS,0.67216489,0.313533,0.4500
TG00008968,T00036,BGS,1.27912777,0.116791,0.4500
TG00008969,T00036,BGS,0.71366437,0.168999,0.4500
TG00008970,T00036,BGS,1.14144612,0.152437,0.4500
TG00008971,T00036,BGS,0.92386769,0.279523,0.4500
TG00008972,T00036,BGS,1.49861103,0.269383,0.4500
TG00008973,T00036,BGS,1.00778294,0.167846,0.4500
TG00008974,T00036,BGS,2.17340576,0.239399,0.4500
TG00008975,T00036,BGS,1.10635286,0.356932,0.4500
TG00008976,T00036,BGS,0.89241440,0.166945,0.4500
TG00008977,T00036,BGS,1.47349620,0.282978,0.4500
TG00008978,T00036,BGS,1.32181949,0.200294,0.4500
TG00008979,T00036,BGS,1.15892079,0.120339,0.4500
TG00008980,T00036,BGS,0.81704336,0.204198,0.4500
TG00008981,T00036,BGS,0.92631198,0.146945,0.4500
TG00008982,T00036,BGS,1.35377727,0.079133,0.4500
TG00008983,T00036,BGS,1.67046550,0.264312,0.4500
TG00008984,T00036,BGS,1.51140113,0.264285,0.4500
TG00008985,T00036,BGS,0.60032707,0.303680,0.4500
TG00008986,T00036,BGS,1.39931464,0.131737,0.4500
TG00008987,T00036,BGS,1.16940600,0.069719,0.4500
TG00008988,T00036,BGS,1.30622172,0.226873,0.4500
TG00008989,T00036,BGS,1.28141397,0.218026,0.4500
TG00008990,T00036,BGS,0.98717200,0.232838,0.4500
TG00008991,T00036,BGS,1.35220955,0.335416,0.4500
TG00008992,T00036,BGS,1.61892807,0.348028,0.4500
TG00008993,T00036,BGS,0.97579555,0.224799,0.4500
TG00008994,T00036,BGS,0.83163001,0.065852,0.4500
TG00008995,T00036,BGS,0.88726297,0.344557,0.4500
TG00008996,T00036,BGS,1.34868812,0.381801,0.4500
TG00008997,T00036,BGS,1.04152641,0.410631,0.4500
TG00008998,T00036,BGS,0.81355137,0.270025,0.4500
TG00008999,T00037,LRG,0.29238331,0.559025,1.0000
TG00009000,T00037,LRG,0.39328829,0.744471,1.0000
TG00009001,T00037,LRG,0.59891836,0.885691,1.0000
TG00009002,T00037,LRG,0.49213871,0.617865,1.0000
TG00009003,T00037,LRG,0.31642924,0.903897,1.0000
TG00009004,T00037,LRG,0.30300564,0.599876,1.0000
TG00009005,T00037,LRG,0.26401783,0.595307,1.0000
TG00009006,T00037,LRG,0.31499737,0.952915,1.0000
TG00009007,T00037,LRG,0.24112418,1.056515,1.0000
TG00009008,T00037,LRG,0.31851745,1.005652,1.0000
TG00009009,T00037,LRG,0.33001609,0.485160,1.0000
TG00009010,T00037,LRG,0.30483041,0.822414,1.0000
TG00009011,T00037,LRG,0.47755708,0.918746,1.0000
TG00009012,T00037,LRG,0.23866197,0.652093,1.0000
TG00009013,T00037,LRG,0.40327467,0.930691,1.0000
TG00009014,T00037,LRG,0.28675616,1.203264,1.0000
TG00009015,T00037,LRG,0.42823045,0.790645,1.0000
TG00009016,T00037,LRG,0.20520809,0.572866,1.0000
TG00009017,T00037,LRG,0.32452561,0.191900,1.0000
TG00009018,T00037,LRG,0.43408764,0.397068,1.0000
TG00009019,T00037,LRG,0.39591357,0.626523,1.0000
TG00009020,T00037,LRG,0.35156067,0.583465,1.0000
TG00009021,T00037,LRG,0.29399359,0.762060,1.0000
TG00009022,T00037,LRG,0.38368374,0.584363,1.0000
TG00009023,T00037,LRG,0.39584998,0.679284,1.0000
TG00009024,T00037,LRG,0.30611006,0.976220,1.0000
TG00009025,T00037,LRG,0.29447440,0.507112,1.0000
TG00009026,T00037,LRG,0.29053654,0.798662,1.0000
TG00009027,T00037,LRG,0.52837857,0.596116,1.0000
TG00009028,T00037,LRG,0.40031004,0.650825,1.0000
TG00009029,T00037,LRG,0.40240195,0.855190,1.0000
TG00009030,T00037,LRG,0.28584721,0.562764,1.0000
TG00009031,T00037,LRG,0.60885840,0.241409,1.0000
TG00009032,T00037,LRG,0.62717546,0.805399,1.0000
TG00009033,T00037,LRG,0.38632824,0.537198,1.0000
TG00009034,T00037,LRG,0.28635355,0.835855,1.0000
TG00009035,T00037,LRG,0.53087484,0.610589,1.0000
TG00009036,T00037,LRG,0.55974682,0.600089,1.0000
TG00009037,T00037,LRG,0.25187547,0.598820,1.0000
TG00009038,T00037,LRG,0.53691955,0.826084,1.0000
TG00009039,T00037,LRG,0.36328647,0.756814,1.0000
TG00009040,T00037,LRG,0.61235018,0.986786,1.0000
TG00009041,T00037,LRG,0.45120293,0.576670,1.0000
TG00009042,T00037,LRG,0.29601208,0.520234,1.0000
TG00009043,T00037,LRG,0.27964842,0.411874,1.0000
TG00009044,T00037,LRG,0.41674123,0.565821,1.0000
TG00009045,T00037,LRG,0.34390273,0.480402,1.0000
TG00009046,T00037,LRG,0.31943771,0.736316,1.0000
TG00009047,T00037,LRG,0.23756841,0.615356,1.0000
TG00009048,T00037,LRG,0.44944243,0.447328,1.0000
TG00009049,T00037,LRG,0.21048264,0.834141,1.0000
TG00009050,T00037,LRG,0.18760282,0.659446,1.0000
TG00009051,T00037,LRG,0.30829264,0.399198,1.0000
TG00009052,T00037,LRG,0.79190168,0.553268,1.0000
TG00009053,T00037,LRG,0.20521454,0.652220,1.0000
TG00009054,T00037,LRG,0.19288696,0.603478,1.0000
TG00009055,T00037,LRG,0.35011488,0.561656,1.0000
TG00009056,T00037,LRG,0.35866251,0.794392,1.0000
TG00009057,T00037,LRG,0.34327749,0.720561,1.0000
TG00009058,T00037,LRG,0.30987559,0.804290,1.0000
TG00009059,T00037,LRG,0.19697544,0.763281,1.0000
TG00009060,T00037,LRG,0.27023619,0.693769,1.0000
TG00009061,T00037,LRG,0.24543140,0.596945,1.0000
TG00009062,T00037,LRG,0.72881775,1.025726,1.0000
TG00009063,T00037,LRG,0.46910088,0.950819,1.0000
TG00009064,T00037,LRG,0.37539723,0.808265,1.0000
TG00009065,T00037,LRG,0.26061275,0.661769,1.0000
TG00009066,T00037,LRG,0.55896030,0.770944,1.0000
TG00009067,T00037,LRG,0.21793828,0.833970,1.0000
TG00009068,T00037,LRG,0.47432373,0.662260,1.0000
TG00009069,T00037,LRG,0.37549391,0.587102,1.0000
TG00009070,T00037,LRG,0.36919990,0.562228,1.0000
TG00009071,T00037,LRG,0.33534027,0.635094,1.0000
TG00009072,T00037,LRG,0.23860703,0.715224,1.0000
TG00009073,T00037,LRG,0.23907755,0.699700,1.0000
TG00009074,T00037,LRG,0.22359807,0.320302,1.0000
TG00009075,T00037,LRG,0.46137061,0.588000,1.0000
TG00009076,T00037,LRG,0.35750845,0.435244,1.0000
TG00009077,T00037,LRG,0.28409835,0.403601,1.0000
TG00009078,T00037,ELG,0.30851375,1.128684,1.0000
TG00009079,T00037,ELG,0.48152188,1.214616,1.0000
TG00009080,T00037,ELG,0.53678212,1.092996,1.0000
TG00009081,T00037,ELG,0.33807565,1.024101,1.0000
TG00009082,T00037,ELG,0.75080420,0.884056,1.0000
TG00009083,T00037,ELG,0.95825187,1.081495,1.0000
TG00009084,T00037,ELG,0.47110974,0.718215,1.0000
TG00009085,T00037,ELG,0.53292619,1.480636,1.0000
TG00009086,T00037,ELG,0.39675082,1.534909,1.0000
TG00009087,T00037,ELG,0.40871115,1.408464,1.0000
TG00009088,T00037,ELG,0.86474983,1.336394,1.0000
TG00009089,T00037,ELG,0.97526076,1.027112,1.0000
TG00009090,T00037,ELG,0.44480835,1.534359,1.0000
TG00009091,T00037,ELG,0.79284568,1.040669,1.0000
TG00009092,T00037,ELG,0.83648607,1.231821,1.0000
TG00009093,T00037,ELG,0.73181454,1.260867,1.0000
TG00009094,T00037,ELG,0.51386401,0.899891,1.0000
TG00009095,T00037,ELG,0.86444667,0.928611,1.0000
TG00009096,T00037,ELG,0.64634982,1.102669,1.0000
TG00009097,T00037,ELG,0.53592626,0.684298,1.0000
TG00009098,T00037,ELG,0.54090519,0.428138,1.0000
TG00009099,T00037,ELG,0.44535749,1.020953,1.0000
TG00009100,T00037,ELG,0.44016022,1.606257,1.0000
TG00009101,T00037,ELG,0.82699639,1.158818,1.0000
TG00009102,T00037,ELG,0.61829503,0.705943,1.0000
TG00009103,T00037,ELG,0.37339040,1.219394,1.0000
TG00009104,T00037,ELG,0.71403272,1.025324,1.0000
TG00009105,T00037,ELG,0.40190610,1.320341,1.0000
TG00009106,T00037,ELG,0.52992427,0.751833,1.0000
TG00009107,T00037,ELG,0.26801886,0.942949,1.0000
TG00009108,T00037,ELG,1.30940530,1.052235,1.0000
TG00009109,T00037,ELG,0.71798160,0.857237,1.0000
TG00009110,T00037,ELG,0.35539296,0.854687,1.0000
TG00009111,T00037,ELG,0.65213331,1.223746,1.0000
TG00009112,T00037,ELG,0.45262537,1.166623,1.0000
TG00009113,T00037,ELG,0.53100177,1.143990,1.0000
TG00009114,T00037,ELG,0.39568798,1.024718,1.0000
TG00009115,T00037,ELG,0.56895276,1.021322,1.0000
TG00009116,T00037,ELG,0.51245123,1.263245,1.0000
TG00009117,T00037,ELG,0.46553195,1.214579,1.0000
TG00009118,T00037,ELG,0.75308798,1.250738,1.0000
TG00009119,T00037,ELG,0.58946445,1.622301,1.0000
TG00009120,T00037,ELG,0.34995377,1.125887,1.0000
TG00009121,T00037,ELG,0.69210925,1.035100,1.0000
TG00009122,T00037,ELG,0.34445696,1.150793,1.0000
TG00009123,T00037,ELG,0.33810545,1.425097,1.0000
TG00009124,T00037,ELG,1.03939156,0.959181,1.0000
TG00009125,T00037,ELG,0.58516738,1.364566,1.0000
TG00009126,T00037,ELG,0.55296140,1.029779,1.0000
TG00009127,T00037,ELG,0.72460161,1.168780,1.0000
TG00009128,T00037,ELG,0.39619953,0.591597,1.0000
TG00009129,T00037,ELG,0.56870673,1.068152,1.0000
TG00009130,T00037,ELG,0.38236561,0.708598,1.0000
TG00009131,T00037,ELG,0.45269123,1.471260,1.0000
TG00009132,T00037,ELG,0.83611210,1.070860,1.0000
TG00009133,T00037,ELG,0.46867478,1.260997,1.0000
TG00009134,T00037,ELG,0.49927817,0.769668,1.0000
TG00009135,T00037,ELG,0.39347372,1.005582,1.0000
TG00009136,T00037,ELG,1.07732216,1.705352,1.0000
TG00009137,T00037,ELG,0.51628613,1.766695,1.0000
TG00009138,T00037,ELG,0.51731801,0.867593,1.0000
TG00009139,T00037,ELG,0.56094716,1.061440,1.0000
TG00009140,T00037,ELG,0.81772562,1.172689,1.0000
TG00009141,T00037,ELG,0.31385155,0.753170,1.0000
TG00009142,T00037,ELG,0.55611994,1.284925,1.0000
TG00009143,T00037,ELG,0.42997181,1.411478,1.0000
TG00009144,T00037,ELG,0.59338195,1.123381,1.0000
TG00009145,T00037,ELG,0.43759676,0.962859,1.0000
TG00009146,T00037,ELG,0.57821739,0.902049,1.0000
TG00009147,T00037,ELG,0.66980975,0.997230,1.0000
TG00009148,T00037,ELG,0.58977608,1.023619,1.0000
TG00009149,T00037,ELG,0.46307092,1.706204,1.0000
TG00009150,T00037,ELG,0.33382024,1.015606,1.0000
TG00009151,T00037,ELG,0.30168202,1.110522,1.0000
TG00009152,T00037,ELG,0.58021294,1.624923,1.0000
TG00009153,T00037,ELG,0.82222704,1.703997,1.0000
TG00009154,T00037,ELG,0.66458683,1.287707,1.0000
TG00009155,T00037,ELG,0.55181294,1.353360,1.0000
TG00009156,T00037,ELG,0.75553535,1.006250,1.0000
TG00009157,T00037,ELG,0.40291066,0.613008,1.0000
TG00009158,T00037,QSO,0.25179861,2.832324,1.7000
TG00009159,T00037,QSO,0.17786999,1.569844,1.7000
TG00009160,T00037,QSO,0.18146844,1.394690,1.7000
TG00009161,T00037,QSO,0.22571132,2.046641,1.7000
TG00009162,T00037,QSO,0.08509963,1.601856,1.7000
TG00009163,T00037,QSO,0.23056530,1.981154,1.7000
TG00009164,T00037,QSO,0.21399016,2.083546,1.7000
TG00009165,T00037,QSO,0.22714032,2.782796,1.7000
TG00009166,T00037,QSO,0.11752936,2.411646,1.7000
TG00009167,T00037,QSO,0.29931936,2.482743,1.7000
TG00009168,T00037,QSO,0.07279635,1.782352,1.7000
TG00009169,T00037,BGS,0.86283032,0.331487,0.4500
TG00009170,T00037,BGS,1.73427936,0.268428,0.4500
TG00009171,T00037,BGS,1.09192707,0.120101,0.4500
TG00009172,T00037,BGS,0.72584072,0.183131,0.4500
TG00009173,T00037,BGS,1.66791532,0.153045,0.4500
TG00009174,T00037,BGS,1.32032382,0.204593,0.4500
TG00009175,T00037,BGS,1.46009176,0.055679,0.4500
TG00009176,T00037,BGS,1.66495326,0.175006,0.4500
TG00009177,T00037,BGS,0.99788787,0.108855,0.4500
TG00009178,T00037,BGS,1.51931011,0.315080,0.4500
TG00009179,T00037,BGS,1.58279775,0.253115,0.4500
TG00009180,T00037,BGS,1.68827796,0.225449,0.4500
TG00009181,T00037,BGS,1.32525891,0.159551,0.4500
TG00009182,T00037,BGS,1.43516281,0.273016,0.4500
TG00009183,T00037,BGS,1.42183293,0.310831,0.4500
TG00009184,T00037,BGS,1.15636511,0.322115,0.4500
TG00009185,T00037,BGS,0.79668445,0.193374,0.4500
TG00009186,T00037,BGS,1.22967607,0.225984,0.4500
TG00009187,T00037,BGS,0.69244711,0.204632,0.4500
TG00009188,T00037,BGS,0.99614738,0.136337,0.4500
TG00009189,T00037,BGS,1.97403844,0.145020,0.4500
TG00009190,T00037,BGS,1.29524860,0.162062,0.4500
TG00009191,T00037,BGS,1.39022396,0.167012,0.4500
TG00009192,T00037,BGS,1.45507531,0.175223,0.4500
TG00009193,T00037,BGS,1.58753450,0.315274,0.4500
TG00009194,T00037,BGS,1.29657717,0.219282,0.4500
TG00009195,T00037,BGS,0.70088929,0.174601,0.4500
TG00009196,T00037,BGS,2.28548360,0.279066,0.4500
TG00009197,T00037,BGS,0.78569051,0.298789,0.4500
TG00009198,T00037,BGS,1.60949799,0.375803,0.4500
TG00009199,T00037,BGS,1.40239785,0.259850,0.4500
TG00009200,T00037,BGS,0.80759420,0.193636,0.4500
TG00009201,T00037,BGS,1.27513451,0.232590,0.4500
TG00009202,T00037,BGS,1.20833514,0.179462,0.4500
TG00009203,T00037,BGS,1.71785339,0.050423,0.4500
TG00009204,T00037,BGS,0.91242944,0.163536,0.4500
TG00009205,T00037,BGS,1.35503901,0.320348,0.4500
TG00009206,T00037,BGS,1.51319760,0.413725,0.4500
TG00009207,T00037,BGS,0.79908873,0.154882,0.4500
TG00009208,T00037,BGS,0.71499222,0.293777,0.4500
TG00009209,T00037,BGS,1.13420072,0.247752,0.4500
TG00009210,T00037,BGS,1.32757337,0.127073,0.4500
TG00009211,T00037,BGS,1.87013804,0.207087,0.4500
TG00009212,T00037,BGS,1.06667221,0.194985,0.4500
TG00009213,T00037,BGS,0.95290974,0.231282,0.4500
TG00009214,T00037,BGS,2.41820305,0.237649,0.4500
TG00009215,T00037,BGS,1.35625685,0.437450,0.4500
TG00009216,T00037,BGS,1.38388804,0.075644,0.4500
TG00009217,T00037,BGS,0.86442527,0.234513,0.4500
TG00009218,T00037,BGS,1.99821969,0.482329,0.4500
TG00009219,T00037,BGS,2.39850172,0.257926,0.4500
TG00009220,T00037,BGS,1.53371734,0.331791,0.4500
TG00009221,T00037,BGS,1.11641429,0.047672,0.4500
TG00009222,T00037,BGS,0.89515507,0.142443,0.4500
TG00009223,T00037,BGS,0.83365514,0.231325,0.4500
TG00009224,T00037,BGS,1.31646202,0.339496,0.4500
TG00009225,T00037,BGS,1.26376946,0.295351,0.4500
TG00009226,T00037,BGS,1.32049410,0.309528,0.4500
TG00009227,T00037,BGS,1.43103569,0.279967,0.4500
TG00009228,T00037,BGS,1.05408853,0.306753,0.4500
TG00009229,T00037,BGS,1.17867000,0.217615,0.4500
TG00009230,T00037,BGS,1.54163381,0.217339,0.4500
TG00009231,T00037,BGS,1.58233325,0.044268,0.4500
TG00009232,T00037,BGS,1.03675345,0.233455,0.4500
TG00009233,T00037,BGS,1.59142284,0.208461,0.4500
TG00009234,T00037,BGS,1.16821363,0.252760,0.4500
TG00009235,T00038,LRG,0.50810074,0.702828,1.0000
TG00009236,T00038,LRG,0.29718873,0.629196,1.0000
TG00009237,T00038,LRG,0.37150286,0.800744,1.0000
TG00009238,T00038,LRG,0.15598595,0.617383,1.0000
TG00009239,T00038,LRG,0.32649031,0.598955,1.0000
TG00009240,T00038,LRG,0.31863377,0.673434,1.0000
TG00009241,T00038,LRG,0.32144157,0.944625,1.0000
TG00009242,T00038,LRG,0.49933965,0.825979,1.0000
TG00009243,T00038,LRG,0.95287687,0.779718,1.0000
TG00009244,T00038,LRG,0.38850854,0.860824,1.0000
TG00009245,T00038,LRG,0.26673635,0.791635,1.0000
TG00009246,T00038,LRG,0.23709184,0.969551,1.0000
TG00009247,T00038,LRG,0.32789905,0.582380,1.0000
TG00009248,T00038,LRG,0.44682269,0.762498,1.0000
TG00009249,T00038,LRG,0.33464449,0.561446,1.0000
TG00009250,T00038,LRG,0.35867627,0.998346,1.0000
TG00009251,T00038,LRG,0.64400932,0.912380,1.0000
TG00009252,T00038,LRG,0.30686045,0.433747,1.0000
TG00009253,T00038,LRG,0.61355970,0.915168,1.0000
TG00009254,T00038,LRG,0.46021149,0.712216,1.0000
TG00009255,T00038,LRG,0.26107007,0.443355,1.0000
TG00009256,T00038,LRG,0.21812378,0.494369,1.0000
TG00009257,T00038,LRG,0.77526042,0.871878,1.0000
TG00009258,T00038,LRG,0.22216318,1.057624,1.0000
TG00009259,T00038,LRG,0.16193466,0.438755,1.0000
TG00009260,T00038,LRG,0.19944925,0.967483,1.0000
TG00009261,T00038,LRG,0.99614102,0.855454,1.0000
TG00009262,T00038,LRG,0.38660030,0.615938,1.0000
TG00009263,T00038,LRG,0.28934342,0.585022,1.0000
TG00009264,T00038,LRG,0.48735276,0.525003,1.0000
TG00009265,T00038,LRG,0.34042797,0.396378,1.0000
TG00009266,T00038,LRG,0.22453779,0.595344,1.0000
TG00009267,T00038,LRG,0.32106441,0.734951,1.0000
TG00009268,T00038,LRG,0.49998337,0.511608,1.0000
TG00009269,T00038,LRG,0.73879341,0.684480,1.0000
TG00009270,T00038,LRG,0.43556549,0.592726,1.0000
TG00009271,T00038,LRG,0.33834409,0.899255,1.0000
TG00009272,T00038,LRG,0.30862426,0.808495,1.0000
TG00009273,T00038,LRG,0.40862087,0.529349,1.0000
TG00009274,T00038,LRG,0.28662942,0.713245,1.0000
TG00009275,T00038,LRG,0.54197106,0.594027,1.0000
TG00009276,T00038,LRG,0.20885776,0.730707,1.0000
TG00009277,T00038,LRG,0.43242421,0.587875,1.0000
TG00009278,T00038,LRG,0.70027354,0.641838,1.0000
TG00009279,T00038,LRG,0.27332704,0.680140,1.0000
TG00009280,T00038,LRG,0.22055870,0.736113,1.0000
TG00009281,T00038,LRG,0.50058112,0.871653,1.0000
TG00009282,T00038,LRG,0.65850990,0.506886,1.0000
TG00009283,T00038,LRG,0.24061651,0.408350,1.0000
TG00009284,T00038,LRG,0.18185942,0.944477,1.0000
TG00009285,T00038,LRG,0.22354017,0.724592,1.0000
TG00009286,T00038,LRG,0.31213320,1.042529,1.0000
TG00009287,T00038,LRG,0.31381103,0.484575,1.0000
TG00009288,T00038,LRG,0.21724901,0.680026,1.0000
TG00009289,T00038,LRG,0.22814462,0.801920,1.0000
TG00009290,T00038,LRG,0.34152514,0.435247,1.0000
TG00009291,T00038,LRG,0.40787417,0.717337,1.0000
TG00009292,T00038,LRG,0.30876754,0.693639,1.0000
TG00009293,T00038,LRG,0.45924777,0.841513,1.0000
TG00009294,T00038,LRG,0.21544154,0.826292,1.0000
TG00009295,T00038,LRG,0.17962794,0.883375,1.0000
TG00009296,T00038,ELG,0.67944800,0.764156,1.0000
TG00009297,T00038,ELG,0.45117994,0.999815,1.0000
TG00009298,T00038,ELG,0.94587096,1.332070,1.0000
TG00009299,T00038,ELG,0.48542753,1.165799,1.0000
TG00009300,T00038,ELG,1.51910224,0.742272,1.0000
TG00009301,T00038,ELG,0.59898471,1.153229,1.0000
TG00009302,T00038,ELG,0.37031585,0.897032,1.0000
TG00009303,T00038,ELG,0.48572074,0.938454,1.0000
TG00009304,T00038,ELG,0.60701914,1.165152,1.0000
TG00009305,T00038,ELG,0.62667196,0.686810,1.0000
TG00009306,T00038,ELG,1.09826252,1.291793,1.0000
TG00009307,T00038,ELG,0.45648839,0.881697,1.0000
TG00009308,T00038,ELG,0.70660857,1.259256,1.0000
TG00009309,T00038,ELG,0.58797759,1.279431,1.0000
TG00009310,T00038,ELG,0.26914600,0.579800,1.0000
TG00009311,T00038,ELG,0.50308764,1.231328,1.0000
TG00009312,T00038,ELG,0.45081057,1.378181,1.0000
TG00009313,T00038,ELG,0.52235693,1.039137,1.0000
TG00009314,T00038,ELG,0.44669873,1.102732,1.0000
TG00009315,T00038,ELG,0.79992253,0.947471,1.0000
TG00009316,T00038,ELG,0.66577461,0.809374,1.0000
TG00009317,T00038,ELG,0.61508800,0.842605,1.0000
TG00009318,T00038,ELG,0.85521672,0.762217,1.0000
TG00009319,T00038,ELG,0.31936165,1.243085,1.0000
TG00009320,T00038,ELG,0.50472164,1.034060,1.0000
TG00009321,T00038,ELG,0.66379352,1.091905,1.0000
TG00009322,T00038,ELG,0.72854312,1.357140,1.0000
TG00009323,T00038,ELG,0.70212402,0.876600,1.0000
TG00009324,T00038,ELG,0.32132040,0.652229,1.0000
TG00009325,T00038,ELG,0.61967794,1.007365,1.0000
TG00009326,T00038,ELG,0.52173678,1.497491,1.0000
TG00009327,T00038,ELG,0.58491593,1.200921,1.0000
TG00009328,T00038,ELG,0.73075471,1.387271,1.0000
TG00009329,T00038,ELG,0.34333096,1.563384,1.0000
TG00009330,T00038,ELG,0.64783431,0.968768,1.0000
TG00009331,T00038,ELG,0.42240676,1.072030,1.0000
TG00009332,T00038,ELG,0.81544246,1.751394,1.0000
TG00009333,T00038,ELG,0.37772197,1.024666,1.0000
TG00009334,T00038,ELG,0.82956613,1.693445,1.0000
TG00009335,T00038,ELG,0.54523201,1.182573,1.0000
TG00009336,T00038,ELG,1.19455587,1.117353,1.0000
TG00009337,T00038,ELG,0.28753257,0.746186,1.0000
TG00009338,T00038,ELG,0.72935910,1.064916,1.0000
TG00009339,T00038,ELG,0.41296491,0.517423,1.0000
TG00009340,T00038,ELG,0.52128927,1.304916,1.0000
TG00009341,T00038,ELG,0.70950196,0.893876,1.0000
TG00009342,T00038,ELG,0.74848707,1.602619,1.0000
TG00009343,T00038,ELG,0.53376757,0.591711,1.0000
TG00009344,T00038,ELG,0.68829353,0.932556,1.0000
TG00009345,T00038,ELG,0.51026766,1.059088,1.0000
TG00009346,T00038,ELG,0.62528523,0.679046,1.0000
TG00009347,T00038,ELG,0.69101228,0.799690,1.0000
TG00009348,T00038,ELG,0.48774119,0.826079,1.0000
TG00009349,T00038,ELG,0.78682942,1.314096,1.0000
TG00009350,T00038,ELG,0.59791290,1.348913,1.0000
TG00009351,T00038,ELG,0.55083414,0.618976,1.0000
TG00009352,T00038,ELG,0.86347104,0.910390,1.0000
TG00009353,T00038,ELG,0.60719667,1.159716,1.0000
TG00009354,T00038,ELG,0.78025621,0.710863,1.0000
TG00009355,T00038,ELG,0.57648615,1.178807,1.0000
TG00009356,T00038,ELG,0.45524060,0.860018,1.0000
TG00009357,T00038,ELG,0.63939395,0.947134,1.0000
TG00009358,T00038,ELG,0.52214405,0.984238,1.0000
TG00009359,T00038,ELG,0.61129522,0.972189,1.0000
TG00009360,T00038,ELG,0.52223724,1.308546,1.0000
TG00009361,T00038,ELG,0.54578159,1.083317,1.0000
TG00009362,T00038,ELG,0.38197950,1.373942,1.0000
TG00009363,T00038,ELG,0.37692248,0.931391,1.0000
TG00009364,T00038,ELG,0.64635377,1.154188,1.0000
TG00009365,T00038,ELG,0.78345826,1.282680,1.0000
TG00009366,T00038,ELG,0.54754779,1.081559,1.0000
TG00009367,T00038,ELG,0.22793334,0.946612,1.0000
TG00009368,T00038,ELG,0.84877223,1.443886,1.0000
TG00009369,T00038,ELG,0.83262399,1.097404,1.0000
TG00009370,T00038,ELG,0.33662335,1.223750,1.0000
TG00009371,T00038,ELG,0.43663969,0.972207,1.0000
TG00009372,T00038,ELG,0.63078406,1.090878,1.0000
TG00009373,T00038,ELG,0.65495766,1.218011,1.0000
TG00009374,T00038,ELG,0.46477464,0.889828,1.0000
TG00009375,T00038,ELG,0.35678707,1.407089,1.0000
TG00009376,T00038,ELG,0.95744350,0.960836,1.0000
TG00009377,T00038,ELG,0.67328544,0.760981,1.0000
TG00009378,T00038,ELG,0.56085659,1.337899,1.0000
TG00009379,T00038,ELG,0.58249149,1.567134,1.0000
TG00009380,T00038,ELG,0.38646589,0.608319,1.0000
TG00009381,T00038,ELG,0.54383261,0.866911,1.0000
TG00009382,T00038,ELG,0.39661636,1.060930,1.0000
TG00009383,T00038,ELG,0.62521360,1.192319,1.0000
TG00009384,T00038,ELG,0.54319447,0.945755,1.0000
TG00009385,T00038,ELG,0.45636810,1.397016,1.0000
TG00009386,T00038,ELG,0.50554940,1.319235,1.0000
TG00009387,T00038,ELG,1.02521649,1.541911,1.0000
TG00009388,T00038,ELG,0.41031480,1.121509,1.0000
TG00009389,T00038,ELG,0.34088345,0.882181,1.0000
TG00009390,T00038,ELG,0.99873999,1.501115,1.0000
TG00009391,T00038,ELG,0.57797398,1.413609,1.0000
TG00009392,T00038,ELG,0.72489243,1.111173,1.0000
TG00009393,T00038,ELG,0.53040512,1.104209,1.0000
TG00009394,T00038,ELG,0.84264182,0.816974,1.0000
TG00009395,T00038,ELG,0.64418649,1.415179,1.0000
TG00009396,T00038,ELG,0.75050573,0.914193,1.0000
TG00009397,T00038,ELG,0.54061413,1.041852,1.0000
TG00009398,T00038,ELG,0.16353070,1.057678,1.0000
TG00009399,T00038,ELG,0.53759688,0.842923,1.0000
TG00009400,T00038,ELG,0.38522102,1.150110,1.0000
TG00009401,T00038,ELG,0.54086286,1.009786,1.0000
TG00009402,T00038,ELG,0.72314181,1.225621,1.0000
TG00009403,T00038,ELG,1.90263380,0.609640,1.0000
TG00009404,T00038,ELG,0.30598416,1.477034,1.0000
TG00009405,T00038,ELG,0.52012010,1.558531,1.0000
TG00009406,T00038,ELG,0.81938823,1.688706,1.0000
TG00009407,T00038,ELG,0.58587745,1.172553,1.0000
TG00009408,T00038,ELG,0.36618483,1.254386,1.0000
TG00009409,T00038,ELG,0.50603943,0.766100,1.0000
TG00009410,T00038,QSO,0.49308589,1.475235,1.7000
TG00009411,T00038,QSO,0.29702058,1.400863,1.7000
TG00009412,T00038,QSO,0.22024729,2.328411,1.7000
TG00009413,T00038,QSO,0.18700614,1.382640,1.7000
TG00009414,T00038,QSO,0.13612200,1.086362,1.7000
TG00009415,T00038,QSO,0.22114982,2.326159,1.7000
TG00009416,T00038,QSO,0.24883264,3.097341,1.7000
TG00009417,T00038,QSO,0.22668554,2.457585,1.7000
TG00009418,T00038,QSO,0.25766445,1.922040,1.7000
TG00009419,T00038,QSO,0.14037093,1.813134,1.7000
TG00009420,T00038,QSO,0.14723102,2.708324,1.7000
TG00009421,T00038,QSO,0.49507916,1.499420,1.7000
TG00009422,T00038,QSO,0.13920600,2.047867,1.7000
TG00009423,T00038,QSO,0.16784672,2.542007,1.7000
TG00009424,T00038,QSO,0.29542374,1.214068,1.7000
TG00009425,T00038,BGS,0.83876953,0.256603,0.4500
TG00009426,T00038,BGS,0.92181998,0.292645,0.4500
TG00009427,T00038,BGS,1.11775331,0.350587,0.4500
TG00009428,T00038,BGS,1.19770596,0.098443,0.4500
TG00009429,T00038,BGS,0.86176034,0.223684,0.4500
TG00009430,T00038,BGS,1.40133774,0.145330,0.4500
TG00009431,T00038,BGS,1.94166043,0.181821,0.4500
TG00009432,T00038,BGS,1.65181699,0.323876,0.4500
TG00009433,T00038,BGS,1.70759404,0.184558,0.4500
TG00009434,T00038,BGS,1.83991690,0.153327,0.4500
TG00009435,T00038,BGS,1.05216780,0.240000,0.4500
TG00009436,T00038,BGS,1.10779109,0.389091,0.4500
TG00009437,T00038,BGS,1.02962802,0.247303,0.4500
TG00009438,T00038,BGS,1.21453223,0.136394,0.4500
TG00009439,T00038,BGS,1.27950986,0.066419,0.4500
TG00009440,T00038,BGS,0.98396443,0.047682,0.4500
TG00009441,T00038,BGS,1.10827366,0.294281,0.4500
TG00009442,T00038,BGS,0.89083711,0.348949,0.4500
TG00009443,T00038,BGS,1.37957143,0.167864,0.4500
TG00009444,T00038,BGS,1.26664785,0.132966,0.4500
TG00009445,T00038,BGS,2.09518319,0.206595,0.4500
TG00009446,T00038,BGS,0.75785716,0.166618,0.4500
TG00009447,T00038,BGS,1.97712885,0.314929,0.4500
TG00009448,T00038,BGS,0.97421827,0.043366,0.4500
TG00009449,T00038,BGS,1.59154276,0.136511,0.4500
TG00009450,T00038,BGS,1.53929314,0.086143,0.4500
TG00009451,T00038,BGS,1.10142285,0.279001,0.4500
TG00009452,T00038,BGS,1.55520158,0.217626,0.4500
TG00009453,T00038,BGS,1.41653925,0.156208,0.4500
TG00009454,T00038,BGS,1.06488608,0.242702,0.4500
TG00009455,T00038,BGS,1.05672922,0.372774,0.4500
TG00009456,T00038,BGS,1.96860462,0.327582,0.4500
TG00009457,T00038,BGS,0.88127505,0.344571,0.4500
TG00009458,T00038,BGS,1.56381740,0.063703,0.4500
TG00009459,T00038,BGS,1.16065047,0.145375,0.4500
TG00009460,T00038,BGS,1.14164996,0.234394,0.4500
TG00009461,T00038,BGS,1.71190824,0.113675,0.4500
TG00009462,T00038,BGS,1.77953057,0.109064,0.4500
TG00009463,T00038,BGS,0.81549288,0.247758,0.4500
TG00009464,T00038,BGS,1.33770410,0.194678,0.4500
TG00009465,T00038,BGS,0.73275642,0.010661,0.4500
TG00009466,T00038,BGS,1.21479809,0.374189,0.4500
TG00009467,T00038,BGS,2.11077010,0.151106,0.4500
TG00009468,T00038,BGS,1.19329594,0.170383,0.4500
TG00009469,T00038,BGS,1.25990751,0.380277,0.4500
TG00009470,T00038,BGS,0.80795057,0.215491,0.4500
TG00009471,T00038,BGS,1.37877712,0.142497,0.4500
TG00009472,T00038,BGS,1.20747693,0.033710,0.4500
TG00009473,T00038,BGS,1.34049506,0.077368,0.4500
TG00009474,T00038,BGS,1.71472997,0.376468,0.4500
TG00009475,T00038,BGS,1.24187154,0.304169,0.4500
TG00009476,T00038,BGS,1.15325815,0.253182,0.4500
TG00009477,T00038,BGS,1.26926919,0.226773,0.4500
TG00009478,T00038,BGS,0.72607685,0.334848,0.4500
TG00009479,T00038,BGS,1.43640444,0.102878,0.4500
TG00009480,T00039,LRG,0.24844833,0.692924,1.0000
TG00009481,T00039,LRG,0.37401729,0.461476,1.0000
TG00009482,T00039,LRG,0.46663930,0.777392,1.0000
TG00009483,T00039,LRG,0.18657648,0.491373,1.0000
TG00009484,T00039,LRG,0.34612880,0.708507,1.0000
TG00009485,T00039,LRG,0.38761745,0.598424,1.0000
TG00009486,T00039,LRG,0.42213872,1.056047,1.0000
TG00009487,T00039,LRG,0.32861519,0.722617,1.0000
TG00009488,T00039,LRG,0.46508030,0.725138,1.0000
TG00009489,T00039,LRG,0.58136736,0.316951,1.0000
TG00009490,T00039,LRG,0.40324159,0.855400,1.0000
TG00009491,T00039,LRG,0.36592006,0.768665,1.0000
TG00009492,T00039,LRG,0.34557461,0.552159,1.0000
TG00009493,T00039,LRG,0.25310763,0.887189,1.0000
TG00009494,T00039,LRG,0.32919813,0.608064,1.0000
TG00009495,T00039,LRG,0.37634114,0.773830,1.0000
TG00009496,T00039,LRG,0.22134224,1.019554,1.0000
TG00009497,T00039,LRG,1.09370252,0.670230,1.0000
TG00009498,T00039,LRG,0.41093992,0.689272,1.0000
TG00009499,T00039,LRG,0.30452579,0.767065,1.0000
TG00009500,T00039,LRG,0.35106088,0.468518,1.0000
TG00009501,T00039,LRG,0.20062083,0.768757,1.0000
TG00009502,T00039,LRG,0.31720678,0.768830,1.0000
TG00009503,T00039,LRG,0.32342328,0.777920,1.0000
TG00009504,T00039,LRG,0.41865817,0.765148,1.0000
TG00009505,T00039,LRG,0.40679052,1.057998,1.0000
TG00009506,T00039,LRG,0.53896447,0.582611,1.0000
TG00009507,T00039,LRG,0.34950968,0.713403,1.0000
TG00009508,T00039,LRG,0.34525956,0.952984,1.0000
TG00009509,T00039,LRG,0.25120582,0.464309,1.0000
TG00009510,T00039,LRG,0.47766399,0.405287,1.0000
TG00009511,T00039,LRG,0.18521263,0.355541,1.0000
TG00009512,T00039,LRG,0.44858556,0.643948,1.0000
TG00009513,T00039,LRG,0.21877506,0.558797,1.0000
TG00009514,T00039,LRG,0.20383211,0.880845,1.0000
TG00009515,T00039,LRG,0.19623992,0.816495,1.0000
TG00009516,T00039,LRG,0.46003269,0.773906,1.0000
TG00009517,T00039,LRG,0.30996844,0.786211,1.0000
TG00009518,T00039,LRG,0.51529867,0.794074,1.0000
TG00009519,T00039,LRG,0.22625776,0.851346,1.0000
TG00009520,T00039,LRG,0.58089626,0.687288,1.0000
TG00009521,T00039,LRG,0.20439522,0.614085,1.0000
TG00009522,T00039,LRG,0.40685827,0.671165,1.0000
TG00009523,T00039,LRG,0.45464881,0.801527,1.0000
TG00009524,T00039,LRG,0.45537065,0.676040,1.0000
TG00009525,T00039,LRG,0.39978813,0.357118,1.0000
TG00009526,T00039,LRG,0.52102424,0.779792,1.0000
TG00009527,T00039,LRG,0.62564423,0.849295,1.0000
TG00009528,T00039,LRG,0.52549028,0.531891,1.0000
TG00009529,T00039,LRG,0.38993819,0.584604,1.0000
TG00009530,T00039,LRG,0.38266358,0.568529,1.0000
TG00009531,T00039,LRG,0.18723635,0.684038,1.0000
TG00009532,T00039,LRG,0.41312549,0.862553,1.0000
TG00009533,T00039,LRG,0.52239660,0.973046,1.0000
TG00009534,T00039,LRG,0.71320026,0.741521,1.0000
TG00009535,T00039,LRG,0.36909870,0.510749,1.0000
TG00009536,T00039,LRG,0.69301987,1.170141,1.0000
TG00009537,T00039,ELG,0.70852739,1.248875,1.0000
TG00009538,T00039,ELG,0.61569070,1.445012,1.0000
TG00009539,T00039,ELG,0.34217860,0.833193,1.0000
TG00009540,T00039,ELG,0.63070932,1.169836,1.0000
TG00009541,T00039,ELG,0.35549685,0.647719,1.0000
TG00009542,T00039,ELG,0.39873053,1.038037,1.0000
TG00009543,T00039,ELG,1.09180317,0.997196,1.0000
TG00009544,T00039,ELG,0.51025924,0.531698,1.0000
TG00009545,T00039,ELG,0.98632804,1.037162,1.0000
TG00009546,T00039,ELG,0.31574049,1.190601,1.0000
TG00009547,T00039,ELG,0.43804658,0.676036,1.0000
TG00009548,T00039,ELG,0.53906342,1.193905,1.0000
TG00009549,T00039,ELG,0.44909078,0.886734,1.0000
TG00009550,T00039,ELG,0.60832529,1.580305,1.0000
TG00009551,T00039,ELG,0.61437572,0.597260,1.0000
TG00009552,T00039,ELG,0.58453828,0.627036,1.0000
TG00009553,T00039,ELG,0.72980825,0.959768,1.0000
TG00009554,T00039,ELG,0.36332386,1.421794,1.0000
TG00009555,T00039,ELG,0.92931167,1.044021,1.0000
TG00009556,T00039,ELG,0.82129904,1.167486,1.0000
TG00009557,T00039,ELG,0.44031244,1.259245,1.0000
TG00009558,T00039,ELG,0.48494237,1.669647,1.0000
TG00009559,T00039,ELG,0.46046679,1.409985,1.0000
TG00009560,T00039,ELG,0.29424559,1.067464,1.0000
TG00009561,T00039,ELG,0.29131113,1.178752,1.0000
TG00009562,T00039,ELG,1.10216397,1.763809,1.0000
TG00009563,T00039,ELG,1.31064350,1.460573,1.0000
TG00009564,T00039,ELG,0.86604803,1.424347,1.0000
TG00009565,T00039,ELG,0.83974657,1.276370,1.0000
TG00009566,T00039,ELG,1.08925177,1.640990,1.0000
TG00009567,T00039,ELG,0.53042283,1.318485,1.0000
TG00009568,T00039,ELG,0.49218681,1.527995,1.0000
TG00009569,T00039,ELG,0.31643594,0.624267,1.0000
TG00009570,T00039,ELG,0.69772552,1.365921,1.0000
TG00009571,T00039,ELG,0.40504876,0.764662,1.0000
TG00009572,T00039,ELG,0.19926217,0.649203,1.0000
TG00009573,T00039,ELG,0.24977327,1.250039,1.0000
TG00009574,T00039,ELG,0.92916836,1.134388,1.0000
TG00009575,T00039,ELG,0.83862853,0.819849,1.0000
TG00009576,T00039,ELG,0.57532138,1.326948,1.0000
TG00009577,T00039,ELG,0.82613438,1.071420,1.0000
TG00009578,T00039,ELG,0.38688266,1.284597,1.0000
TG00009579,T00039,ELG,0.85717695,1.289257,1.0000
TG00009580,T00039,ELG,0.96112709,1.310641,1.0000
TG00009581,T00039,ELG,0.76666971,1.335646,1.0000
TG00009582,T00039,ELG,0.27042802,0.804452,1.0000
TG00009583,T00039,ELG,0.76577676,0.841600,1.0000
TG00009584,T00039,ELG,0.61508103,1.273787,1.0000
TG00009585,T00039,ELG,0.51270986,1.030206,1.0000
TG00009586,T00039,ELG,0.67670034,0.797966,1.0000
TG00009587,T00039,ELG,0.44214784,0.755702,1.0000
TG00009588,T00039,ELG,0.42712956,2.229462,1.0000
TG00009589,T00039,ELG,0.34535406,0.932307,1.0000
TG00009590,T00039,ELG,1.31599555,1.049731,1.0000
TG00009591,T00039,ELG,0.82060264,1.527208,1.0000
TG00009592,T00039,ELG,0.50295769,1.092675,1.0000
TG00009593,T00039,ELG,0.44452663,1.131509,1.0000
TG00009594,T00039,ELG,0.58887005,0.514716,1.0000
TG00009595,T00039,ELG,0.53358805,1.056752,1.0000
TG00009596,T00039,ELG,0.37707035,1.357133,1.0000
TG00009597,T00039,ELG,0.68245354,1.029581,1.0000
TG00009598,T00039,ELG,0.42132694,0.778227,1.0000
TG00009599,T00039,ELG,0.31874666,1.190757,1.0000
TG00009600,T00039,ELG,0.83752433,0.947799,1.0000
TG00009601,T00039,ELG,0.48607225,0.672430,1.0000
TG00009602,T00039,ELG,0.86633122,0.998328,1.0000
TG00009603,T00039,ELG,0.61296290,1.046891,1.0000
TG00009604,T00039,ELG,0.73457516,1.445531,1.0000
TG00009605,T00039,ELG,1.50004661,0.780464,1.0000
TG00009606,T00039,ELG,0.64304673,1.032241,1.0000
TG00009607,T00039,ELG,0.41830432,1.280281,1.0000
TG00009608,T00039,ELG,0.93256829,1.387161,1.0000
TG00009609,T00039,ELG,0.83153580,0.933847,1.0000
TG00009610,T00039,ELG,0.98840357,1.197531,1.0000
TG00009611,T00039,ELG,0.41148310,1.514640,1.0000
TG00009612,T00039,ELG,0.57049311,1.290080,1.0000
TG00009613,T00039,ELG,0.58911123,1.426958,1.0000
TG00009614,T00039,ELG,0.24572915,1.465779,1.0000
TG00009615,T00039,ELG,0.46437903,0.796359,1.0000
TG00009616,T00039,ELG,0.59143949,1.357051,1.0000
TG00009617,T00039,ELG,1.22707301,1.562850,1.0000
TG00009618,T00039,ELG,0.43370909,1.399960,1.0000
TG00009619,T00039,ELG,0.54807295,1.237615,1.0000
TG00009620,T00039,ELG,0.43764052,1.127040,1.0000
TG00009621,T00039,ELG,0.82597579,1.125907,1.0000
TG00009622,T00039,ELG,0.83232263,1.908536,1.0000
TG00009623,T00039,ELG,0.36007107,1.323526,1.0000
TG00009624,T00039,ELG,0.77617479,0.660299,1.0000
TG00009625,T00039,ELG,0.35440185,0.941362,1.0000
TG00009626,T00039,ELG,0.69637727,1.328279,1.0000
TG00009627,T00039,ELG,0.29630751,1.505065,1.0000
TG00009628,T00039,ELG,0.31669343,1.001947,1.0000
TG00009629,T00039,ELG,0.48599357,1.077477,1.0000
TG00009630,T00039,ELG,0.63911989,0.797508,1.0000
TG00009631,T00039,ELG,0.59109739,0.800996,1.0000
TG00009632,T00039,ELG,0.31525672,1.067019,1.0000
TG00009633,T00039,ELG,0.61673554,1.362841,1.0000
TG00009634,T00039,ELG,0.51282737,1.396545,1.0000
TG00009635,T00039,ELG,0.41552412,1.102645,1.0000
TG00009636,T00039,ELG,0.57447746,1.692955,1.0000
TG00009637,T00039,ELG,0.31747902,1.049555,1.0000
TG00009638,T00039,ELG,0.87585397,0.982992,1.0000
TG00009639,T00039,ELG,0.71490001,1.086303,1.0000
TG00009640,T00039,ELG,0.46037926,0.915225,1.0000
TG00009641,T00039,ELG,0.49507473,1.142335,1.0000
TG00009642,T00039,ELG,0.89686284,1.340695,1.0000
TG00009643,T00039,ELG,0.52242338,0.987709,1.0000
TG00009644,T00039,ELG,0.59001088,1.152208,1.0000
TG00009645,T00039,ELG,0.40005452,0.874109,1.0000
TG00009646,T00039,ELG,0.45999010,1.549109,1.0000
TG00009647,T00039,ELG,0.70665661,1.394653,1.0000
TG00009648,T00039,ELG,0.37663868,0.913812,1.0000
TG00009649,T00039,ELG,0.40686827,1.223121,1.0000
TG00009650,T00039,ELG,0.46816787,1.071711,1.0000
TG00009651,T00039,ELG,0.78538005,1.399018,1.0000
TG00009652,T00039,ELG,0.47248560,1.529251,1.0000
TG00009653,T00039,ELG,0.52269882,1.219925,1.0000
TG00009654,T00039,ELG,0.52557458,1.777744,1.0000
TG00009655,T00039,ELG,0.57230225,1.082933,1.0000
TG00009656,T00039,ELG,0.68751879,0.522380,1.0000
TG00009657,T00039,ELG,0.44208570,0.410497,1.0000
TG00009658,T00039,ELG,0.45135788,1.093239,1.0000
TG00009659,T00039,ELG,0.68703854,0.999780,1.0000
TG00009660,T00039,ELG,0.79738869,1.287757,1.0000
TG00009661,T00039,ELG,0.28546282,1.272869,1.0000
TG00009662,T00039,ELG,0.72534474,1.438229,1.0000
TG00009663,T00039,ELG,1.14522197,0.827067,1.0000
TG00009664,T00039,ELG,0.51014346,0.689668,1.0000
TG00009665,T00039,ELG,0.93633820,1.372805,1.0000
TG00009666,T00039,ELG,0.34343267,1.110872,1.0000
TG00009667,T00039,ELG,0.46001451,0.753077,1.0000
TG00009668,T00039,ELG,0.42236864,1.208741,1.0000
TG00009669,T00039,ELG,0.25765972,1.221184,1.0000
TG00009670,T00039,ELG,0.51841115,1.324182,1.0000
TG00009671,T00039,QSO,0.28549360,2.846245,1.7000
TG00009672,T00039,QSO,0.08364204,2.787167,1.7000
TG00009673,T00039,QSO,0.16588878,1.636974,1.7000
TG00009674,T00039,QSO,0.13807863,3.187549,1.7000
TG00009675,T00039,QSO,0.19822856,2.097565,1.7000
TG00009676,T00039,QSO,0.44445065,1.868662,1.7000
TG00009677,T00039,QSO,0.12476045,1.856712,1.7000
TG00009678,T00039,QSO,0.09881566,3.213433,1.7000
TG00009679,T00039,QSO,0.16701087,2.366578,1.7000
TG00009680,T00039,QSO,0.46723639,2.247085,1.7000
TG00009681,T00039,QSO,0.06663655,1.408399,1.7000
TG00009682,T00039,QSO,0.24284159,2.758128,1.7000
TG00009683,T00039,BGS,1.11019654,0.032387,0.4500
TG00009684,T00039,BGS,1.48219159,0.239844,0.4500
TG00009685,T00039,BGS,1.24635197,0.107222,0.4500
TG00009686,T00039,BGS,1.45706323,0.138699,0.4500
TG00009687,T00039,BGS,1.00039471,0.154539,0.4500
TG00009688,T00039,BGS,0.75631973,0.369409,0.4500
TG00009689,T00039,BGS,1.22818492,0.226872,0.4500
TG00009690,T00039,BGS,1.86627483,0.150463,0.4500
TG00009691,T00039,BGS,1.53662372,0.183196,0.4500
TG00009692,T00039,BGS,1.20719227,0.189209,0.4500
TG00009693,T00039,BGS,1.20044233,0.071601,0.4500
TG00009694,T00039,BGS,0.90608136,0.223359,0.4500
TG00009695,T00039,BGS,0.75907551,0.267539,0.4500
TG00009696,T00039,BGS,0.98532707,0.259289,0.4500
TG00009697,T00039,BGS,1.01855734,0.042636,0.4500
TG00009698,T00039,BGS,1.03356164,0.289171,0.4500
TG00009699,T00039,BGS,1.49529778,0.219645,0.4500
TG00009700,T00039,BGS,0.80192480,0.326691,0.4500
TG00009701,T00039,BGS,1.38133492,0.253393,0.4500
TG00009702,T00039,BGS,1.24131835,0.320867,0.4500
TG00009703,T00039,BGS,1.11324658,0.251834,0.4500
TG00009704,T00039,BGS,1.18593787,0.145260,0.4500
TG00009705,T00039,BGS,1.12726161,0.302137,0.4500
TG00009706,T00039,BGS,1.18285162,0.335075,0.4500
TG00009707,T00039,BGS,0.87857267,0.280103,0.4500
TG00009708,T00039,BGS,2.30275192,0.101792,0.4500
TG00009709,T00039,BGS,0.93236368,0.239468,0.4500
TG00009710,T00039,BGS,1.41557224,0.232774,0.4500
TG00009711,T00039,BGS,1.42833572,0.235679,0.4500
TG00009712,T00039,BGS,1.59862119,0.293223,0.4500
TG00009713,T00039,BGS,1.53199170,0.257388,0.4500
TG00009714,T00039,BGS,1.10026894,0.095390,0.4500
TG00009715,T00039,BGS,1.13197218,0.309331,0.4500
TG00009716,T00039,BGS,1.25217231,0.155191,0.4500
TG00009717,T00039,BGS,0.91107971,0.363942,0.4500
TG00009718,T00039,BGS,1.64625428,0.362189,0.4500
TG00009719,T00039,BGS,1.22013603,0.329701,0.4500
TG00009720,T00039,BGS,0.81538705,0.314247,0.4500
TG00009721,T00039,BGS,1.22396931,0.262450,0.4500
TG00009722,T00039,BGS,1.05947072,0.103519,0.4500
TG00009723,T00039,BGS,0.99872731,0.140319,0.4500
TG00009724,T00039,BGS,1.08989764,0.154076,0.4500
TG00009725,T00039,BGS,1.28459948,0.157853,0.4500
TG00009726,T00039,BGS,1.24373099,0.258037,0.4500
TG00009727,T00039,BGS,1.80376821,0.307252,0.4500
TG00009728,T00039,BGS,0.61860234,0.178636,0.4500
TG00009729,T00039,BGS,1.52928502,0.231696,0.4500
TG00009730,T00039,BGS,1.03941687,0.313276,0.4500
TG00009731,T00039,BGS,1.57138193,0.236669,0.4500
TG00009732,T00039,BGS,1.75196908,0.314869,0.4500
TG00009733,T00039,BGS,1.30441113,0.224755,0.4500
TG00009734,T00039,BGS,1.20560801,0.181654,0.4500
TG00009735,T00039,BGS,0.93026760,0.080015,0.4500
TG00009736,T00039,BGS,0.97522223,0.133577,0.4500
TG00009737,T00039,BGS,2.02793731,0.313101,0.4500
TG00009738,T00039,BGS,0.98998701,0.258532,0.4500
TG00009739,T00039,BGS,1.52015517,0.330113,0.4500
TG00009740,T00039,BGS,0.71069976,0.248670,0.4500
TG00009741,T00039,BGS,0.79831636,0.194405,0.4500
TG00009742,T00039,BGS,1.16831825,0.203211,0.4500
TG00009743,T00039,BGS,1.15483764,0.232253,0.4500
TG00009744,T00039,BGS,1.17913968,0.254887,0.4500
TG00009745,T00039,BGS,1.86604238,0.315865,0.4500
TG00009746,T00040,LRG,0.36717404,0.563600,1.0000
TG00009747,T00040,LRG,0.42219517,0.718122,1.0000
TG00009748,T00040,LRG,0.46885676,0.934037,1.0000
TG00009749,T00040,LRG,0.41794792,0.537880,1.0000
TG00009750,T00040,LRG,0.24731165,0.573871,1.0000
TG00009751,T00040,LRG,0.55707844,0.918561,1.0000
TG00009752,T00040,LRG,0.39542345,0.485299,1.0000
TG00009753,T00040,LRG,0.27783379,0.238935,1.0000
TG00009754,T00040,LRG,0.30255615,0.663545,1.0000
TG00009755,T00040,LRG,0.54892407,0.848931,1.0000
TG00009756,T00040,LRG,0.44726341,0.612424,1.0000
TG00009757,T00040,LRG,0.40449509,0.675595,1.0000
TG00009758,T00040,LRG,0.34840088,0.586698,1.0000
TG00009759,T00040,LRG,0.32402412,0.579265,1.0000
TG00009760,T00040,LRG,0.29098466,0.463971,1.0000
TG00009761,T00040,LRG,0.32102035,0.517887,1.0000
TG00009762,T00040,LRG,0.31345030,0.732972,1.0000
TG00009763,T00040,LRG,0.19721993,0.523029,1.0000
TG00009764,T00040,LRG,0.37023910,0.681452,1.0000
TG00009765,T00040,LRG,0.22359017,0.778661,1.0000
TG00009766,T00040,LRG,0.20720910,0.719359,1.0000
TG00009767,T00040,LRG,0.31926028,0.947537,1.0000
TG00009768,T00040,LRG,0.37570880,0.902637,1.0000
TG00009769,T00040,LRG,0.22776090,0.712085,1.0000
TG00009770,T00040,LRG,0.35254452,0.931573,1.0000
TG00009771,T00040,LRG,0.31026018,0.352117,1.0000
TG00009772,T00040,LRG,0.23584516,0.682185,1.0000
TG00009773,T00040,LRG,0.32978043,0.539634,1.0000
TG00009774,T00040,LRG,0.23715008,0.667171,1.0000
TG00009775,T00040,LRG,0.28013683,0.947933,1.0000
TG00009776,T00040,LRG,0.66177761,0.855482,1.0000
TG00009777,T00040,LRG,0.45560805,0.696020,1.0000
TG00009778,T00040,LRG,0.31732481,0.658262,1.0000
TG00009779,T00040,LRG,0.46536269,0.723899,1.0000
TG00009780,T00040,LRG,0.53561442,0.602322,1.0000
TG00009781,T00040,LRG,0.53976857,0.577504,1.0000
TG00009782,T00040,LRG,0.14210073,0.812917,1.0000
TG00009783,T00040,LRG,0.23834700,0.485024,1.0000
TG00009784,T00040,LRG,0.36628723,0.805065,1.0000
TG00009785,T00040,LRG,0.55407126,0.710464,1.0000
TG00009786,T00040,LRG,0.13041592,0.641723,1.0000
TG00009787,T00040,LRG,0.47077245,0.726080,1.0000
TG00009788,T00040,LRG,0.34164762,0.780677,1.0000
TG00009789,T00040,LRG,0.34530733,0.862371,1.0000
TG00009790,T00040,LRG,0.37831535,0.643555,1.0000
TG00009791,T00040,LRG,0.54215402,0.721857,1.0000
TG00009792,T00040,LRG,0.30282128,0.816451,1.0000
TG00009793,T00040,LRG,0.38474991,0.697854,1.0000
TG00009794,T00040,LRG,0.32059680,0.713398,1.0000
TG00009795,T00040,LRG,0.46071920,0.333323,1.0000
TG00009796,T00040,LRG,0.38271083,0.773905,1.0000
TG00009797,T00040,LRG,0.41152402,0.772201,1.0000
TG00009798,T00040,LRG,0.38354600,0.527144,1.0000
TG00009799,T00040,LRG,0.26325527,0.725802,1.0000
TG00009800,T00040,LRG,0.23350860,0.767256,1.0000
TG00009801,T00040,LRG,0.35685457,0.524957,1.0000
TG00009802,T00040,LRG,0.47754920,0.948253,1.0000
TG00009803,T00040,LRG,0.31022440,0.636864,1.0000
TG00009804,T00040,LRG,0.14526671,0.609859,1.0000
TG00009805,T00040,LRG,0.26581696,1.152862,1.0000
TG00009806,T00040,LRG,0.25631668,0.778178,1.0000
TG00009807,T00040,LRG,0.62318437,0.433854,1.0000
TG00009808,T00040,ELG,0.29509497,1.157950,1.0000
TG00009809,T00040,ELG,0.95787790,1.127297,1.0000
TG00009810,T00040,ELG,0.48480006,0.888508,1.0000
TG00009811,T00040,ELG,0.47577116,0.886083,1.0000
TG00009812,T00040,ELG,1.35492804,0.593323,1.0000
TG00009813,T00040,ELG,0.36128961,1.267842,1.0000
TG00009814,T00040,ELG,0.43179364,1.347435,1.0000
TG00009815,T00040,ELG,0.51466451,1.540316,1.0000
TG00009816,T00040,ELG,0.59308858,1.093713,1.0000
TG00009817,T00040,ELG,0.39135440,1.538749,1.0000
TG00009818,T00040,ELG,0.24535329,0.994821,1.0000
TG00009819,T00040,ELG,0.45360359,1.609274,1.0000
TG00009820,T00040,ELG,0.38246895,0.941019,1.0000
TG00009821,T00040,ELG,0.37941018,0.847729,1.0000
TG00009822,T00040,ELG,0.37011800,0.922668,1.0000
TG00009823,T00040,ELG,0.53546785,1.086226,1.0000
TG00009824,T00040,ELG,1.17762264,1.592991,1.0000
TG00009825,T00040,ELG,0.68074602,0.946761,1.0000
TG00009826,T00040,ELG,0.62654685,0.863869,1.0000
TG00009827,T00040,ELG,0.73780112,0.963885,1.0000
TG00009828,T00040,ELG,0.83390954,1.004898,1.0000
TG00009829,T00040,ELG,0.55829002,1.160016,1.0000
TG00009830,T00040,ELG,0.42854573,1.463092,1.0000
TG00009831,T00040,ELG,0.44012785,1.023068,1.0000
TG00009832,T00040,ELG,0.32568540,0.854295,1.0000
TG00009833,T00040,ELG,0.63064734,0.692529,1.0000
TG00009834,T00040,ELG,1.01419249,0.838518,1.0000
TG00009835,T00040,ELG,0.42135216,1.618182,1.0000
TG00009836,T00040,ELG,0.48772613,1.720147,1.0000
TG00009837,T00040,ELG,0.49026878,1.252158,1.0000
TG00009838,T00040,ELG,0.29818521,0.962869,1.0000
TG00009839,T00040,ELG,0.54980779,0.672949,1.0000
TG00009840,T00040,ELG,0.33090071,1.381639,1.0000
TG00009841,T00040,ELG,0.73439819,1.359514,1.0000
TG00009842,T00040,ELG,0.30965923,0.912193,1.0000
TG00009843,T00040,ELG,0.68530844,0.873986,1.0000
TG00009844,T00040,ELG,0.32656806,0.930546,1.0000
TG00009845,T00040,ELG,0.67244751,0.834552,1.0000
TG00009846,T00040,ELG,0.43809488,0.972241,1.0000
TG00009847,T00040,ELG,0.29331875,1.126984,1.0000
TG00009848,T00040,ELG,0.43829431,1.656789,1.0000
TG00009849,T00040,ELG,0.60748096,1.310635,1.0000
TG00009850,T00040,ELG,0.39954613,0.990658,1.0000
TG00009851,T00040,ELG,0.62959691,0.737187,1.0000
TG00009852,T00040,ELG,0.58967565,1.067965,1.0000
TG00009853,T00040,ELG,0.61437637,0.763100,1.0000
TG00009854,T00040,ELG,0.60888164,0.861771,1.0000
TG00009855,T00040,ELG,0.61548635,1.068130,1.0000
TG00009856,T00040,ELG,0.49678049,1.002625,1.0000
TG00009857,T00040,ELG,0.39176389,0.676859,1.0000
TG00009858,T00040,ELG,0.42143954,1.144427,1.0000
TG00009859,T00040,ELG,0.32642801,1.072258,1.0000
TG00009860,T00040,ELG,0.80905968,0.716328,1.0000
TG00009861,T00040,ELG,1.21202057,1.327764,1.0000
TG00009862,T00040,ELG,0.61802361,1.117134,1.0000
TG00009863,T00040,ELG,0.82142363,0.696214,1.0000
TG00009864,T00040,ELG,0.43061802,1.269872,1.0000
TG00009865,T00040,ELG,0.60008063,0.963630,1.0000
TG00009866,T00040,ELG,0.34603117,1.154946,1.0000
TG00009867,T00040,ELG,0.65184561,1.235429,1.0000
TG00009868,T00040,ELG,0.76276587,0.955200,1.0000
TG00009869,T00040,ELG,0.69951502,1.227677,1.0000
TG00009870,T00040,ELG,0.34084802,0.987838,1.0000
TG00009871,T00040,ELG,0.45672515,1.205726,1.0000
TG00009872,T00040,ELG,1.13061943,0.616600,1.0000
TG00009873,T00040,ELG,0.94164786,0.903231,1.0000
TG00009874,T00040,ELG,0.54004508,1.054191,1.0000
TG00009875,T00040,ELG,1.04085860,1.432945,1.0000
TG00009876,T00040,ELG,0.28963601,1.220558,1.0000
TG00009877,T00040,ELG,0.48601668,0.933855,1.0000
TG00009878,T00040,ELG,0.41427381,0.837765,1.0000
TG00009879,T00040,ELG,0.94847926,0.788988,1.0000
TG00009880,T00040,ELG,0.50209072,1.307651,1.0000
TG00009881,T00040,ELG,0.58632221,1.625151,1.0000
TG00009882,T00040,ELG,0.51420590,1.616286,1.0000
TG00009883,T00040,ELG,1.22677754,1.220284,1.0000
TG00009884,T00040,ELG,0.35760050,1.093176,1.0000
TG00009885,T00040,ELG,0.33660409,1.066094,1.0000
TG00009886,T00040,ELG,1.09682914,1.361519,1.0000
TG00009887,T00040,ELG,0.39714771,0.873891,1.0000
TG00009888,T00040,ELG,0.55360338,1.281962,1.0000
TG00009889,T00040,ELG,0.50981710,0.551875,1.0000
TG00009890,T00040,ELG,1.24971369,1.088878,1.0000
TG00009891,T00040,ELG,0.38651250,0.895116,1.0000
TG00009892,T00040,ELG,0.35586931,0.147962,1.0000
TG00009893,T00040,ELG,0.95715071,0.711263,1.0000
TG00009894,T00040,ELG,0.25728834,1.250383,1.0000
TG00009895,T00040,ELG,0.42629660,0.758639,1.0000
TG00009896,T00040,ELG,0.22812004,0.805165,1.0000
TG00009897,T00040,ELG,0.64923186,1.367627,1.0000
TG00009898,T00040,ELG,0.92139888,1.083562,1.0000
TG00009899,T00040,ELG,0.38974085,1.174983,1.0000
TG00009900,T00040,ELG,0.48789169,0.900885,1.0000
TG00009901,T00040,ELG,0.37899497,0.248073,1.0000
TG00009902,T00040,ELG,1.40534068,1.504883,1.0000
TG00009903,T00040,ELG,0.41331424,0.698065,1.0000
TG00009904,T00040,ELG,0.66205409,1.559555,1.0000
TG00009905,T00040,ELG,0.53249323,1.352922,1.0000
TG00009906,T00040,ELG,0.56805528,1.304250,1.0000
TG00009907,T00040,ELG,0.69762302,0.665103,1.0000
TG00009908,T00040,ELG,0.88787306,1.020821,1.0000
TG00009909,T00040,ELG,0.36956262,0.939594,1.0000
TG00009910,T00040,ELG,1.12493029,1.450361,1.0000
TG00009911,T00040,ELG,0.29976286,1.098971,1.0000
TG00009912,T00040,ELG,0.38791933,1.005389,1.0000
TG00009913,T00040,ELG,0.32587857,0.948967,1.0000
TG00009914,T00040,ELG,0.55294017,0.682716,1.0000
TG00009915,T00040,ELG,0.48919747,1.354600,1.0000
TG00009916,T00040,ELG,1.04580026,1.279672,1.0000
TG00009917,T00040,ELG,0.22247150,0.683864,1.0000
TG00009918,T00040,ELG,0.43943756,0.989822,1.0000
TG00009919,T00040,ELG,0.23421903,1.273153,1.0000
TG00009920,T00040,ELG,0.52679793,1.167163,1.0000
TG00009921,T00040,ELG,1.26047735,1.248893,1.0000
TG00009922,T00040,ELG,0.29394682,1.015170,1.0000
TG00009923,T00040,ELG,0.36771571,0.867473,1.0000
TG00009924,T00040,ELG,0.45973312,0.886429,1.0000
TG00009925,T00040,ELG,0.96357469,1.149423,1.0000
TG00009926,T00040,ELG,0.67769881,0.874734,1.0000
TG00009927,T00040,ELG,0.78169597,1.150315,1.0000
TG00009928,T00040,ELG,0.83993430,1.478532,1.0000
TG00009929,T00040,ELG,0.61363925,0.910811,1.0000
TG00009930,T00040,ELG,0.49326368,1.251314,1.0000
TG00009931,T00040,ELG,0.68276797,1.192502,1.0000
TG00009932,T00040,ELG,0.40487232,0.958628,1.0000
TG00009933,T00040,ELG,0.73944576,1.060532,1.0000
TG00009934,T00040,ELG,0.50943100,1.383775,1.0000
TG00009935,T00040,QSO,0.19315418,1.005906,1.7000
TG00009936,T00040,QSO,0.19748792,1.819454,1.7000
TG00009937,T00040,QSO,0.26780223,1.952448,1.7000
TG00009938,T00040,QSO,0.15269835,1.105355,1.7000
TG00009939,T00040,QSO,0.19099831,2.836576,1.7000
TG00009940,T00040,QSO,0.23737063,3.166800,1.7000
TG00009941,T00040,QSO,0.18626822,2.561913,1.7000
TG00009942,T00040,QSO,0.18255329,2.545762,1.7000
TG00009943,T00040,QSO,0.16154299,1.861407,1.7000
TG00009944,T00040,QSO,0.08626766,2.227971,1.7000
TG00009945,T00040,QSO,0.16639819,1.885497,1.7000
TG00009946,T00040,QSO,0.11954463,3.004916,1.7000
TG00009947,T00040,QSO,0.29663790,2.079170,1.7000
TG00009948,T00040,QSO,0.16816164,1.857944,1.7000
TG00009949,T00040,QSO,0.39149054,1.282558,1.7000
TG00009950,T00040,QSO,0.61555780,3.100543,1.7000
TG00009951,T00040,QSO,0.12449258,1.651530,1.7000
TG00009952,T00040,QSO,0.23127058,1.758470,1.7000
TG00009953,T00040,QSO,0.28182975,1.593164,1.7000
TG00009954,T00040,QSO,0.16022176,1.324177,1.7000
TG00009955,T00040,QSO,0.12511304,1.623915,1.7000
TG00009956,T00040,BGS,1.30228489,0.297948,0.4500
TG00009957,T00040,BGS,1.00174014,0.246066,0.4500
TG00009958,T00040,BGS,1.62393530,0.130592,0.4500
TG00009959,T00040,BGS,1.00387359,0.110657,0.4500
TG00009960,T00040,BGS,1.48984556,0.282260,0.4500
TG00009961,T00040,BGS,1.14052417,0.138185,0.4500
TG00009962,T00040,BGS,1.10559171,0.362516,0.4500
TG00009963,T00040,BGS,1.44788885,0.363412,0.4500
TG00009964,T00040,BGS,1.49948214,0.130378,0.4500
TG00009965,T00040,BGS,1.11129601,0.127332,0.4500
TG00009966,T00040,BGS,1.24733134,0.283779,0.4500
TG00009967,T00040,BGS,1.52614935,0.112945,0.4500
TG00009968,T00040,BGS,1.12869401,0.229549,0.4500
TG00009969,T00040,BGS,1.55103721,0.134187,0.4500
TG00009970,T00040,BGS,0.93207796,0.105171,0.4500
TG00009971,T00040,BGS,1.70113541,0.406164,0.4500
TG00009972,T00040,BGS,1.55900520,0.175277,0.4500
TG00009973,T00040,BGS,1.80691500,0.198049,0.4500
TG00009974,T00040,BGS,1.59111526,0.257649,0.4500
TG00009975,T00040,BGS,0.99833812,0.275197,0.4500
TG00009976,T00040,BGS,1.23536309,0.211333,0.4500
TG00009977,T00040,BGS,1.06292661,0.228341,0.4500
TG00009978,T00040,BGS,1.66789479,0.265238,0.4500
TG00009979,T00040,BGS,1.82091228,0.235357,0.4500
TG00009980,T00040,BGS,0.96626401,0.190354,0.4500
TG00009981,T00040,BGS,0.78589067,0.100206,0.4500
TG00009982,T00040,BGS,0.90716002,0.098389,0.4500
TG00009983,T00040,BGS,1.92521602,0.118754,0.4500
TG00009984,T00040,BGS,1.12206849,0.243290,0.4500
TG00009985,T00040,BGS,1.62001137,0.304693,0.4500
TG00009986,T00040,BGS,1.59032852,0.133192,0.4500
TG00009987,T00040,BGS,1.48989413,0.152261,0.4500
TG00009988,T00040,BGS,1.04728489,0.350105,0.4500
TG00009989,T00040,BGS,1.23430809,0.311386,0.4500
TG00009990,T00040,BGS,1.73617201,0.147984,0.4500
TG00009991,T00040,BGS,1.15787676,0.216956,0.4500
TG00009992,T00040,BGS,1.40270011,0.190427,0.4500
TG00009993,T00040,BGS,0.97617584,0.102985,0.4500
TG00009994,T00040,BGS,1.34083742,0.029150,0.4500
TG00009995,T00040,BGS,0.92735923,0.172168,0.4500
TG00009996,T00040,BGS,0.98893774,0.367595,0.4500
TG00009997,T00040,BGS,0.74831373,0.105660,0.4500
TG00009998,T00040,BGS,2.19945408,0.239074,0.4500
TG00009999,T00040,BGS,0.93350716,0.109034,0.4500
TG00010000,T00040,BGS,1.20968590,0.307135,0.4500
TG00010001,T00040,BGS,1.12160761,0.187062,0.4500
TG00010002,T00040,BGS,1.66732606,0.201101,0.4500
TG00010003,T00040,BGS,1.39559269,0.332051,0.4500
TG00010004,T00040,BGS,1.02612103,0.135180,0.4500
TG00010005,T00040,BGS,1.35891688,0.254478,0.4500
TG00010006,T00040,BGS,1.38331449,0.220223,0.4500
TG00010007,T00040,BGS,0.82640458,0.414261,0.4500
TG00010008,T00040,BGS,1.56995667,0.197371,0.4500
TG00010009,T00040,BGS,1.04651079,0.394652,0.4500
TG00010010,T00040,BGS,1.31148789,0.275738,0.4500
TG00010011,T00040,BGS,1.10875865,0.074879,0.4500
TG00010012,T00040,BGS,1.28579931,0.175462,0.4500
TG00010013,T00040,BGS,0.98698752,0.167631,0.4500
TG00010014,T00040,BGS,1.87328779,0.318109,0.4500
TG00010015,T00040,BGS,1.61932177,0.325977,0.4500
TG00010016,T00040,BGS,1.18154737,0.018882,0.4500
TG00010017,T00040,BGS,1.26366306,0.138074,0.4500
TG00010018,T00040,BGS,1.26528067,0.234807,0.4500
TG00010019,T00040,BGS,1.41498380,0.321289,0.4500
TG00010020,T00040,BGS,1.28610530,0.022926,0.4500
TG00010021,T00040,BGS,1.45931710,0.153335,0.4500
TG00010022,T00040,BGS,1.49911067,0.112976,0.4500
TG00010023,T00040,BGS,0.69314513,0.232827,0.4500
TG00010024,T00040,BGS,1.53396555,0.142066,0.4500
TG00010025,T00040,BGS,0.96743359,0.232879,0.4500
TG00010026,T00040,BGS,1.18346363,0.303214,0.4500
TG00010027,T00041,LRG,0.32420156,0.482446,1.0000
TG00010028,T00041,LRG,0.35240645,0.422275,1.0000
TG00010029,T00041,LRG,0.29080312,0.607321,1.0000
TG00010030,T00041,LRG,0.47255947,1.234358,1.0000
TG00010031,T00041,LRG,0.37959325,0.426842,1.0000
TG00010032,T00041,LRG,0.22726014,0.614590,1.0000
TG00010033,T00041,LRG,0.29425716,0.661599,1.0000
TG00010034,T00041,LRG,0.86597697,0.598987,1.0000
TG00010035,T00041,LRG,0.50019110,0.436747,1.0000
TG00010036,T00041,LRG,0.31541993,0.445223,1.0000
TG00010037,T00041,LRG,0.27864558,0.552113,1.0000
TG00010038,T00041,LRG,0.47891017,0.977024,1.0000
TG00010039,T00041,LRG,0.58047222,0.697159,1.0000
TG00010040,T00041,LRG,0.31455552,0.562967,1.0000
TG00010041,T00041,LRG,0.28198011,0.788260,1.0000
TG00010042,T00041,LRG,0.35875291,0.623412,1.0000
TG00010043,T00041,LRG,0.46794705,0.488380,1.0000
TG00010044,T00041,LRG,0.67092649,0.860213,1.0000
TG00010045,T00041,LRG,0.41150144,0.416006,1.0000
TG00010046,T00041,LRG,0.29299499,0.980465,1.0000
TG00010047,T00041,LRG,0.39272206,0.527656,1.0000
TG00010048,T00041,LRG,0.43413076,0.937763,1.0000
TG00010049,T00041,LRG,0.37183809,0.567296,1.0000
TG00010050,T00041,LRG,0.25487221,1.027344,1.0000
TG00010051,T00041,LRG,0.46259375,0.911027,1.0000
TG00010052,T00041,LRG,0.43822965,0.699390,1.0000
TG00010053,T00041,LRG,0.37406628,0.629907,1.0000
TG00010054,T00041,LRG,0.34841148,0.742164,1.0000
TG00010055,T00041,LRG,0.40061243,0.768539,1.0000
TG00010056,T00041,LRG,0.25904024,0.705298,1.0000
TG00010057,T00041,LRG,0.38877734,0.740606,1.0000
TG00010058,T00041,LRG,0.44124125,0.785899,1.0000
TG00010059,T00041,LRG,0.37178547,0.436462,1.0000
TG00010060,T00041,LRG,0.17962104,0.892039,1.0000
TG00010061,T00041,LRG,0.44590579,0.811332,1.0000
TG00010062,T00041,LRG,0.21764179,0.723070,1.0000
TG00010063,T00041,LRG,0.26589144,0.621664,1.0000
TG00010064,T00041,LRG,0.27024302,0.740406,1.0000
TG00010065,T00041,LRG,0.29548950,0.451061,1.0000
TG00010066,T00041,LRG,0.51487823,0.634149,1.0000
TG00010067,T00041,LRG,0.48691023,0.939296,1.0000
TG00010068,T00041,LRG,0.38908333,0.875585,1.0000
TG00010069,T00041,LRG,0.26533761,0.989492,1.0000
TG00010070,T00041,LRG,0.21783068,0.655571,1.0000
TG00010071,T00041,LRG,0.68006291,0.871044,1.0000
TG00010072,T00041,LRG,0.27748302,0.987546,1.0000
TG00010073,T00041,LRG,0.30349587,0.997760,1.0000
TG00010074,T00041,LRG,0.39850712,0.774750,1.0000
TG00010075,T00041,LRG,0.43717503,0.980513,1.0000
TG00010076,T00041,LRG,0.47196147,0.436522,1.0000
TG00010077,T00041,LRG,0.40035953,0.925980,1.0000
TG00010078,T00041,LRG,0.37894829,0.673730,1.0000
TG00010079,T00041,LRG,0.32470878,0.619003,1.0000
TG00010080,T00041,LRG,0.34514756,0.882229,1.0000
TG00010081,T00041,LRG,0.16787730,0.750918,1.0000
TG00010082,T00041,LRG,0.19444748,1.029985,1.0000
TG00010083,T00041,LRG,0.32401390,0.678508,1.0000
TG00010084,T00041,LRG,0.24171562,0.619869,1.0000
TG00010085,T00041,LRG,0.38215206,0.330693,1.0000
TG00010086,T00041,LRG,0.37887042,0.414497,1.0000
TG00010087,T00041,LRG,0.55850240,0.905604,1.0000
TG00010088,T00041,LRG,0.35929001,0.983281,1.0000
TG00010089,T00041,LRG,0.22571859,0.346812,1.0000
TG00010090,T00041,LRG,0.27859674,0.773426,1.0000
TG00010091,T00041,LRG,0.24363822,0.935491,1.0000
TG00010092,T00041,LRG,0.33567148,0.890955,1.0000
TG00010093,T00041,LRG,0.43700389,0.674778,1.0000
TG00010094,T00041,LRG,0.41600259,0.977217,1.0000
TG00010095,T00041,LRG,0.54685046,0.636238,1.0000
TG00010096,T00041,LRG,0.40164741,0.801702,1.0000
TG00010097,T00041,LRG,0.31489572,0.488258,1.0000
TG00010098,T00041,LRG,0.29933480,0.906489,1.0000
TG00010099,T00041,LRG,0.43154124,0.491094,1.0000
TG00010100,T00041,LRG,0.45199273,1.141356,1.0000
TG00010101,T00041,LRG,0.35894586,1.043283,1.0000
TG00010102,T00041,LRG,0.26015333,0.760740,1.0000
TG00010103,T00041,LRG,0.43780228,0.619215,1.0000
TG00010104,T00041,ELG,0.27668659,1.001466,1.0000
TG00010105,T00041,ELG,1.20041374,1.226674,1.0000
TG00010106,T00041,ELG,0.65725880,1.153546,1.0000
TG00010107,T00041,ELG,0.41576573,1.230960,1.0000
TG00010108,T00041,ELG,0.46799871,0.884423,1.0000
TG00010109,T00041,ELG,0.63249319,0.973133,1.0000
TG00010110,T00041,ELG,0.35754678,0.915210,1.0000
TG00010111,T00041,ELG,0.40228691,1.613451,1.0000
TG00010112,T00041,ELG,1.11093775,1.314046,1.0000
TG00010113,T00041,ELG,0.29349948,1.155239,1.0000
TG00010114,T00041,ELG,0.51106332,0.533380,1.0000
TG00010115,T00041,ELG,0.26272722,0.910248,1.0000
TG00010116,T00041,ELG,1.02829657,0.921187,1.0000
TG00010117,T00041,ELG,0.27333332,1.115385,1.0000
TG00010118,T00041,ELG,0.63834293,1.260981,1.0000
TG00010119,T00041,ELG,0.75032691,1.227858,1.0000
TG00010120,T00041,ELG,0.56062271,0.549215,1.0000
TG00010121,T00041,ELG,0.55974252,1.282004,1.0000
TG00010122,T00041,ELG,1.29147150,0.919415,1.0000
TG00010123,T00041,ELG,0.49882270,0.922138,1.0000
TG00010124,T00041,ELG,0.61151560,1.324275,1.0000
TG00010125,T00041,ELG,0.73079358,0.426596,1.0000
TG00010126,T00041,ELG,0.68015885,1.454092,1.0000
TG00010127,T00041,ELG,0.86428474,1.346585,1.0000
TG00010128,T00041,ELG,0.73674423,0.866475,1.0000
TG00010129,T00041,ELG,0.56887579,1.069072,1.0000
TG00010130,T00041,ELG,0.56064574,1.158242,1.0000
TG00010131,T00041,ELG,0.36568514,1.102353,1.0000
TG00010132,T00041,ELG,0.73837118,1.876262,1.0000
TG00010133,T00041,ELG,0.37020359,1.148492,1.0000
TG00010134,T00041,ELG,0.50668625,1.212245,1.0000
TG00010135,T00041,ELG,0.67330743,1.045916,1.0000
TG00010136,T00041,ELG,0.92408984,1.213070,1.0000
TG00010137,T00041,ELG,0.51108836,1.146699,1.0000
TG00010138,T00041,ELG,0.44084095,1.299465,1.0000
TG00010139,T00041,ELG,0.44895841,1.362511,1.0000
TG00010140,T00041,ELG,0.47538013,1.131223,1.0000
TG00010141,T00041,ELG,0.36156519,1.106916,1.0000
TG00010142,T00041,ELG,0.48588380,1.011399,1.0000
TG00010143,T00041,ELG,0.39431134,1.302851,1.0000
TG00010144,T00041,ELG,0.94007768,1.056000,1.0000
TG00010145,T00041,ELG,0.67159021,1.577354,1.0000
TG00010146,T00041,ELG,0.96395257,1.011412,1.0000
TG00010147,T00041,ELG,0.71456276,1.426261,1.0000
TG00010148,T00041,ELG,0.62412072,1.049294,1.0000
TG00010149,T00041,ELG,0.77697854,1.448526,1.0000
TG00010150,T00041,ELG,1.96917833,0.712772,1.0000
TG00010151,T00041,ELG,0.63651352,0.584850,1.0000
TG00010152,T00041,ELG,0.20391774,0.542675,1.0000
TG00010153,T00041,ELG,0.54625136,0.805059,1.0000
TG00010154,T00041,ELG,0.37233441,0.941640,1.0000
TG00010155,T00041,ELG,0.35901485,0.402726,1.0000
TG00010156,T00041,ELG,0.76842297,0.561830,1.0000
TG00010157,T00041,ELG,0.37423935,1.247121,1.0000
TG00010158,T00041,ELG,0.18243527,1.101447,1.0000
TG00010159,T00041,ELG,0.85851180,0.970684,1.0000
TG00010160,T00041,ELG,0.29782740,1.044052,1.0000
TG00010161,T00041,ELG,0.37233586,1.176225,1.0000
TG00010162,T00041,ELG,0.59515730,0.911952,1.0000
TG00010163,T00041,ELG,0.36046009,1.805856,1.0000
TG00010164,T00041,ELG,0.65451149,1.517606,1.0000
TG00010165,T00041,ELG,0.37913830,1.298749,1.0000
TG00010166,T00041,ELG,0.55113210,0.458171,1.0000
TG00010167,T00041,ELG,0.84744148,1.331059,1.0000
TG00010168,T00041,ELG,0.86751511,1.454316,1.0000
TG00010169,T00041,ELG,0.54600553,1.603754,1.0000
TG00010170,T00041,ELG,0.61388371,1.207679,1.0000
TG00010171,T00041,ELG,0.73241794,1.676135,1.0000
TG00010172,T00041,ELG,0.31385421,1.378493,1.0000
TG00010173,T00041,ELG,0.50083544,0.806999,1.0000
TG00010174,T00041,ELG,1.00274826,1.095996,1.0000
TG00010175,T00041,ELG,0.43639690,1.293709,1.0000
TG00010176,T00041,QSO,0.26897918,2.314857,1.7000
TG00010177,T00041,QSO,0.16613150,1.208424,1.7000
TG00010178,T00041,QSO,0.28182769,1.252737,1.7000
TG00010179,T00041,QSO,0.13998543,2.606996,1.7000
TG00010180,T00041,QSO,0.26972952,2.297722,1.7000
TG00010181,T00041,QSO,0.14185230,2.717605,1.7000
TG00010182,T00041,QSO,0.27392823,3.094576,1.7000
TG00010183,T00041,QSO,0.09357984,2.110877,1.7000
TG00010184,T00041,QSO,0.17314243,1.902763,1.7000
TG00010185,T00041,QSO,0.09418096,1.069314,1.7000
TG00010186,T00041,QSO,0.08653152,1.433709,1.7000
TG00010187,T00041,QSO,0.11078681,2.714887,1.7000
TG00010188,T00041,QSO,0.16654308,2.747465,1.7000
TG00010189,T00041,QSO,0.11860295,1.773233,1.7000
TG00010190,T00041,QSO,0.31030956,2.715224,1.7000
TG00010191,T00041,QSO,0.17724036,2.634123,1.7000
TG00010192,T00041,BGS,0.96463246,0.392727,0.4500
TG00010193,T00041,BGS,1.08224558,0.179731,0.4500
TG00010194,T00041,BGS,0.55427864,0.152235,0.4500
TG00010195,T00041,BGS,1.30823662,0.191085,0.4500
TG00010196,T00041,BGS,1.12032773,0.265983,0.4500
TG00010197,T00041,BGS,1.08001529,0.057753,0.4500
TG00010198,T00041,BGS,1.48192470,0.250278,0.4500
TG00010199,T00041,BGS,1.23945401,0.336120,0.4500
TG00010200,T00041,BGS,1.01040218,0.303066,0.4500
TG00010201,T00041,BGS,1.19974356,0.323068,0.4500
TG00010202,T00041,BGS,1.17935781,0.427029,0.4500
TG00010203,T00041,BGS,1.30220796,0.159437,0.4500
TG00010204,T00041,BGS,1.11345979,0.360710,0.4500
TG00010205,T00041,BGS,1.02343181,0.257275,0.4500
TG00010206,T00041,BGS,0.81641685,0.306957,0.4500
TG00010207,T00041,BGS,1.23759838,0.089905,0.4500
TG00010208,T00041,BGS,1.65067079,0.237601,0.4500
TG00010209,T00041,BGS,1.22307032,0.123398,0.4500
TG00010210,T00041,BGS,2.17129854,0.268472,0.4500
TG00010211,T00041,BGS,1.10028120,0.279634,0.4500
TG00010212,T00041,BGS,1.18859997,0.219231,0.4500
TG00010213,T00041,BGS,1.20364326,0.102659,0.4500
TG00010214,T00041,BGS,0.88288798,0.301605,0.4500
TG00010215,T00041,BGS,1.48897557,0.103996,0.4500
TG00010216,T00041,BGS,1.04489244,0.277874,0.4500
TG00010217,T00041,BGS,1.38212610,0.155370,0.4500
TG00010218,T00041,BGS,1.35611504,0.304500,0.4500
TG00010219,T00041,BGS,0.95005348,0.298526,0.4500
TG00010220,T00041,BGS,1.12250426,0.305665,0.4500
TG00010221,T00041,BGS,0.90345737,0.186917,0.4500
TG00010222,T00041,BGS,1.31843670,0.097474,0.4500
TG00010223,T00041,BGS,0.82988706,0.245013,0.4500
TG00010224,T00041,BGS,1.47875489,0.172381,0.4500
TG00010225,T00041,BGS,2.73238387,0.080172,0.4500
TG00010226,T00041,BGS,1.46537812,0.248755,0.4500
TG00010227,T00041,BGS,1.17188704,0.286869,0.4500
TG00010228,T00041,BGS,1.09580289,0.310607,0.4500
TG00010229,T00041,BGS,1.83888769,0.127259,0.4500
TG00010230,T00041,BGS,0.95777967,0.196707,0.4500
TG00010231,T00041,BGS,1.34832837,0.366719,0.4500
TG00010232,T00041,BGS,1.01195159,0.293496,0.4500
TG00010233,T00041,BGS,1.00857075,0.280884,0.4500
TG00010234,T00041,BGS,0.92682473,0.313231,0.4500
TG00010235,T00041,BGS,1.22362676,0.194390,0.4500
TG00010236,T00041,BGS,1.76887935,0.301907,0.4500
TG00010237,T00041,BGS,0.88612841,0.135883,0.4500
TG00010238,T00041,BGS,0.99047714,0.301016,0.4500
TG00010239,T00041,BGS,1.66078571,0.271009,0.4500
TG00010240,T00041,BGS,1.14409283,0.318759,0.4500
TG00010241,T00042,LRG,0.28380562,0.636039,1.0000
TG00010242,T00042,LRG,0.47339992,0.701522,1.0000
TG00010243,T00042,LRG,0.21594589,0.812329,1.0000
TG00010244,T00042,LRG,0.29132536,0.755710,1.0000
TG00010245,T00042,LRG,0.33484812,1.041504,1.0000
TG00010246,T00042,LRG,0.52219036,0.342020,1.0000
TG00010247,T00042,LRG,0.16672315,0.489125,1.0000
TG00010248,T00042,LRG,0.39668820,0.784098,1.0000
TG00010249,T00042,LRG,0.65286751,0.666031,1.0000
TG00010250,T00042,LRG,0.25766615,0.732238,1.0000
TG00010251,T00042,LRG,0.37353860,0.657989,1.0000
TG00010252,T00042,LRG,0.44415330,0.656003,1.0000
TG00010253,T00042,LRG,0.31781315,0.933968,1.0000
TG00010254,T00042,LRG,0.59108988,0.805475,1.0000
TG00010255,T00042,LRG,0.46938818,0.661040,1.0000
TG00010256,T00042,LRG,0.20246763,0.694643,1.0000
TG00010257,T00042,LRG,0.31312660,0.790698,1.0000
TG00010258,T00042,LRG,0.37184446,1.139788,1.0000
TG00010259,T00042,LRG,0.37619080,0.764576,1.0000
TG00010260,T00042,LRG,0.28852857,0.558593,1.0000
TG00010261,T00042,LRG,0.38672064,0.481149,1.0000
TG00010262,T00042,LRG,0.40683629,0.515306,1.0000
TG00010263,T00042,LRG,0.31976921,0.666134,1.0000
TG00010264,T00042,LRG,0.35327376,0.384451,1.0000
TG00010265,T00042,LRG,0.40883252,0.446976,1.0000
TG00010266,T00042,LRG,0.39754587,0.485059,1.0000
TG00010267,T00042,LRG,0.34922294,0.615412,1.0000
TG00010268,T00042,LRG,0.29645268,0.623566,1.0000
TG00010269,T00042,LRG,0.37399225,0.705065,1.0000
TG00010270,T00042,LRG,0.22621777,0.838923,1.0000
TG00010271,T00042,LRG,0.26322492,0.160235,1.0000
TG00010272,T00042,LRG,0.53259142,0.609907,1.0000
TG00010273,T00042,LRG,0.21904728,0.620344,1.0000
TG00010274,T00042,LRG,0.35352233,0.799231,1.0000
TG00010275,T00042,LRG,0.54067708,0.836564,1.0000
TG00010276,T00042,LRG,0.58175242,0.909621,1.0000
TG00010277,T00042,LRG,0.24010594,1.121271,1.0000
TG00010278,T00042,LRG,0.71487704,0.542354,1.0000
TG00010279,T00042,LRG,0.21835256,0.754824,1.0000
TG00010280,T00042,LRG,0.32839549,0.990088,1.0000
TG00010281,T00042,ELG,0.62071778,1.435160,1.0000
TG00010282,T00042,ELG,0.86410112,1.357518,1.0000
TG00010283,T00042,ELG,0.72553703,1.258371,1.0000
TG00010284,T00042,ELG,0.26957212,0.992737,1.0000
TG00010285,T00042,ELG,0.47096322,0.652969,1.0000
TG00010286,T00042,ELG,0.28943023,1.478104,1.0000
TG00010287,T00042,ELG,0.37203841,0.980077,1.0000
TG00010288,T00042,ELG,0.40976455,1.327251,1.0000
TG00010289,T00042,ELG,1.01923012,1.385709,1.0000
TG00010290,T00042,ELG,0.48603831,1.373143,1.0000
TG00010291,T00042,ELG,0.61566853,0.890333,1.0000
TG00010292,T00042,ELG,0.36315056,1.083124,1.0000
TG00010293,T00042,ELG,0.58373650,1.585078,1.0000
TG00010294,T00042,ELG,0.47404336,0.835787,1.0000
TG00010295,T00042,ELG,0.36858604,1.334345,1.0000
TG00010296,T00042,ELG,0.45082015,1.154526,1.0000
TG00010297,T00042,ELG,0.37796620,1.274992,1.0000
TG00010298,T00042,ELG,0.66115296,0.864440,1.0000
TG00010299,T00042,ELG,0.48487819,0.688744,1.0000
TG00010300,T00042,ELG,0.73784824,0.970376,1.0000
TG00010301,T00042,ELG,1.33313487,1.110403,1.0000
TG00010302,T00042,ELG,0.46565155,1.513529,1.0000
TG00010303,T00042,ELG,0.73897919,0.961160,1.0000
TG00010304,T00042,ELG,0.67898573,1.045097,1.0000
TG00010305,T00042,ELG,0.27139190,0.622613,1.0000
TG00010306,T00042,ELG,0.38419406,0.805669,1.0000
TG00010307,T00042,ELG,0.99164946,1.084080,1.0000
TG00010308,T00042,ELG,0.48563675,0.995147,1.0000
TG00010309,T00042,ELG,0.41046956,1.116143,1.0000
TG00010310,T00042,ELG,0.61017838,0.828109,1.0000
TG00010311,T00042,ELG,0.36248222,0.619888,1.0000
TG00010312,T00042,ELG,0.67771640,0.763179,1.0000
TG00010313,T00042,ELG,0.35277328,0.948508,1.0000
TG00010314,T00042,ELG,1.04063775,1.050794,1.0000
TG00010315,T00042,ELG,0.40203878,1.394352,1.0000
TG00010316,T00042,ELG,0.32082195,1.053493,1.0000
TG00010317,T00042,ELG,0.82220380,0.491370,1.0000
TG00010318,T00042,ELG,0.37965874,1.083602,1.0000
TG00010319,T00042,ELG,0.85578459,1.675133,1.0000
TG00010320,T00042,ELG,0.67040089,1.436896,1.0000
TG00010321,T00042,ELG,1.02053858,1.026572,1.0000
TG00010322,T00042,ELG,0.76142193,0.668686,1.0000
TG00010323,T00042,ELG,0.56611799,1.001111,1.0000
TG00010324,T00042,ELG,0.46228053,1.085892,1.0000
TG00010325,T00042,ELG,0.46805991,1.322744,1.0000
TG00010326,T00042,ELG,0.65854670,1.338179,1.0000
TG00010327,T00042,ELG,0.37653843,1.356848,1.0000
TG00010328,T00042,ELG,0.54188175,1.315285,1.0000
TG00010329,T00042,ELG,1.30676992,1.004041,1.0000
TG00010330,T00042,ELG,0.76638085,1.427442,1.0000
TG00010331,T00042,ELG,1.39919113,1.225903,1.0000
TG00010332,T00042,ELG,0.42410426,1.022867,1.0000
TG00010333,T00042,ELG,0.67048781,1.178276,1.0000
TG00010334,T00042,ELG,0.50369887,0.975666,1.0000
TG00010335,T00042,ELG,0.31859532,1.579686,1.0000
TG00010336,T00042,ELG,0.36993167,0.910566,1.0000
TG00010337,T00042,ELG,0.38353292,0.903477,1.0000
TG00010338,T00042,ELG,0.55949886,0.735563,1.0000
TG00010339,T00042,ELG,0.18239680,0.917048,1.0000
TG00010340,T00042,ELG,0.35046805,0.780565,1.0000
TG00010341,T00042,ELG,0.43606127,1.122289,1.0000
TG00010342,T00042,ELG,0.71031336,1.498143,1.0000
TG00010343,T00042,ELG,0.55630136,1.661424,1.0000
TG00010344,T00042,ELG,0.95659434,0.745817,1.0000
TG00010345,T00042,ELG,0.46173991,1.254234,1.0000
TG00010346,T00042,ELG,0.96301573,1.017285,1.0000
TG00010347,T00042,ELG,0.43134274,1.533286,1.0000
TG00010348,T00042,ELG,0.49327949,1.351261,1.0000
TG00010349,T00042,ELG,0.49899792,0.208988,1.0000
TG00010350,T00042,ELG,0.43094419,1.160934,1.0000
TG00010351,T00042,ELG,0.57339023,0.813802,1.0000
TG00010352,T00042,ELG,0.67934275,1.080864,1.0000
TG00010353,T00042,ELG,0.62610247,1.221811,1.0000
TG00010354,T00042,ELG,0.39205354,1.063466,1.0000
TG00010355,T00042,ELG,0.69259023,0.759381,1.0000
TG00010356,T00042,ELG,1.10685838,1.609965,1.0000
TG00010357,T00042,ELG,0.40731632,0.438359,1.0000
TG00010358,T00042,ELG,0.86018254,1.066666,1.0000
TG00010359,T00042,ELG,0.38293840,0.897821,1.0000
TG00010360,T00042,ELG,0.56718637,1.053165,1.0000
TG00010361,T00042,ELG,0.91963544,1.078039,1.0000
TG00010362,T00042,ELG,0.38275617,0.935140,1.0000
TG00010363,T00042,ELG,0.61498221,0.967927,1.0000
TG00010364,T00042,ELG,0.44300748,1.049436,1.0000
TG00010365,T00042,ELG,0.41170922,1.727798,1.0000
TG00010366,T00042,ELG,0.43687144,1.298076,1.0000
TG00010367,T00042,ELG,0.47503964,1.189584,1.0000
TG00010368,T00042,ELG,0.19338306,0.759256,1.0000
TG00010369,T00042,ELG,0.69195572,1.163117,1.0000
TG00010370,T00042,ELG,0.30538243,1.377950,1.0000
TG00010371,T00042,ELG,0.71047601,1.131353,1.0000
TG00010372,T00042,ELG,0.65824420,1.101292,1.0000
TG00010373,T00042,ELG,0.36757025,1.280496,1.0000
TG00010374,T00042,QSO,0.17389781,2.607913,1.7000
TG00010375,T00042,QSO,0.47807667,1.875104,1.7000
TG00010376,T00042,QSO,0.29736177,0.437200,1.7000
TG00010377,T00042,QSO,0.14890755,1.849757,1.7000
TG00010378,T00042,QSO,0.22676854,2.694929,1.7000
TG00010379,T00042,QSO,0.06347264,1.510728,1.7000
TG00010380,T00042,QSO,0.36742050,2.143058,1.7000
TG00010381,T00042,QSO,0.11791450,1.646087,1.7000
TG00010382,T00042,QSO,0.06804830,1.228770,1.7000
TG00010383,T00042,QSO,0.13118190,1.848594,1.7000
TG00010384,T00042,QSO,0.14490812,2.586154,1.7000
TG00010385,T00042,QSO,0.18995405,1.721003,1.7000
TG00010386,T00042,QSO,0.16015259,1.678038,1.7000
TG00010387,T00042,QSO,0.15141386,1.840107,1.7000
TG00010388,T00042,QSO,0.47395896,2.434289,1.7000
TG00010389,T00042,QSO,0.20419497,1.635142,1.7000
TG00010390,T00042,QSO,0.26376352,2.040805,1.7000
TG00010391,T00042,QSO,0.08425886,1.648099,1.7000
TG00010392,T00042,QSO,0.08758964,1.337056,1.7000
TG00010393,T00042,QSO,0.11811497,1.905201,1.7000
TG00010394,T00042,QSO,0.06729108,2.651534,1.7000
TG00010395,T00042,QSO,0.07735572,1.993726,1.7000
TG00010396,T00042,QSO,0.21664056,3.359940,1.7000
TG00010397,T00042,BGS,0.73678842,0.211055,0.4500
TG00010398,T00042,BGS,1.58429577,0.113702,0.4500
TG00010399,T00042,BGS,0.94130542,0.311143,0.4500
TG00010400,T00042,BGS,1.71742688,0.342431,0.4500
TG00010401,T00042,BGS,1.27343729,0.175380,0.4500
TG00010402,T00042,BGS,1.41533571,0.231192,0.4500
TG00010403,T00042,BGS,1.04100620,0.267777,0.4500
TG00010404,T00042,BGS,0.92888962,0.067779,0.4500
TG00010405,T00042,BGS,1.26590601,0.176014,0.4500
TG00010406,T00042,BGS,1.24568648,0.120106,0.4500
TG00010407,T00042,BGS,0.75867048,0.203078,0.4500
TG00010408,T00042,BGS,1.52524836,0.290233,0.4500
TG00010409,T00042,BGS,1.49246305,0.220617,0.4500
TG00010410,T00042,BGS,1.90204141,0.185476,0.4500
TG00010411,T00042,BGS,1.45716552,0.057995,0.4500
TG00010412,T00042,BGS,1.14491770,0.143475,0.4500
TG00010413,T00042,BGS,1.35313298,0.125988,0.4500
TG00010414,T00042,BGS,1.90482130,0.240494,0.4500
TG00010415,T00042,BGS,1.43733474,0.252148,0.4500
TG00010416,T00042,BGS,1.22871829,0.172850,0.4500
TG00010417,T00042,BGS,1.41288979,0.333151,0.4500
TG00010418,T00042,BGS,1.19024355,0.236578,0.4500
TG00010419,T00042,BGS,0.93817446,0.086183,0.4500
TG00010420,T00042,BGS,1.56132163,0.216592,0.4500
TG00010421,T00042,BGS,1.35943198,0.338069,0.4500
TG00010422,T00042,BGS,1.55254032,0.331873,0.4500
TG00010423,T00042,BGS,2.32756867,0.382893,0.4500
TG00010424,T00042,BGS,1.08284918,0.158666,0.4500
TG00010425,T00042,BGS,1.37900798,0.142864,0.4500
TG00010426,T00042,BGS,1.56262636,0.197454,0.4500
TG00010427,T00042,BGS,1.88506767,0.150487,0.4500
TG00010428,T00042,BGS,0.92306540,0.244935,0.4500
TG00010429,T00042,BGS,1.50468545,0.054520,0.4500
TG00010430,T00042,BGS,0.89274137,0.069149,0.4500
TG00010431,T00042,BGS,1.56444884,0.159614,0.4500
TG00010432,T00042,BGS,1.20065750,0.132980,0.4500
TG00010433,T00042,BGS,1.38107423,0.294095,0.4500
TG00010434,T00042,BGS,1.53668500,0.148635,0.4500
TG00010435,T00042,BGS,1.24931114,0.133133,0.4500
TG00010436,T00042,BGS,1.00576669,0.112665,0.4500
TG00010437,T00042,BGS,1.24103430,0.193231,0.4500
TG00010438,T00042,BGS,1.38375310,0.387340,0.4500
TG00010439,T00042,BGS,1.28031585,0.181477,0.4500
TG00010440,T00042,BGS,1.44794547,0.098829,0.4500
TG00010441,T00042,BGS,2.03270858,0.133914,0.4500
TG00010442,T00042,BGS,1.50981055,0.000000,0.4500
TG00010443,T00042,BGS,1.00850416,0.296566,0.4500
TG00010444,T00042,BGS,1.10177994,0.197806,0.4500
TG00010445,T00042,BGS,0.91116200,0.322192,0.4500
TG00010446,T00042,BGS,1.25584654,0.279313,0.4500
TG00010447,T00042,BGS,0.81410524,0.199418,0.4500
TG00010448,T00042,BGS,0.72183861,0.184136,0.4500
TG00010449,T00042,BGS,1.01447125,0.117274,0.4500
TG00010450,T00042,BGS,2.08070484,0.275552,0.4500
TG00010451,T00042,BGS,1.36354930,0.231040,0.4500
TG00010452,T00042,BGS,1.48684085,0.169259,0.4500
TG00010453,T00042,BGS,1.49785109,0.288289,0.4500
TG00010454,T00042,BGS,2.21262433,0.226345,0.4500
TG00010455,T00042,BGS,1.10358377,0.249166,0.4500
TG00010456,T00042,BGS,1.08742467,0.153775,0.4500
TG00010457,T00042,BGS,1.58935910,0.333225,0.4500
TG00010458,T00042,BGS,1.08873277,0.419573,0.4500
TG00010459,T00042,BGS,0.89841110,0.213948,0.4500
TG00010460,T00042,BGS,1.02338256,0.159876,0.4500
TG00010461,T00042,BGS,1.06441197,0.466450,0.4500
TG00010462,T00042,BGS,0.75568836,0.015010,0.4500
TG00010463,T00042,BGS,1.02410287,0.136428,0.4500
TG00010464,T00042,BGS,0.73369148,0.254884,0.4500
TG00010465,T00042,BGS,1.20550593,0.253617,0.4500
TG00010466,T00042,BGS,0.91889634,0.173928,0.4500
TG00010467,T00042,BGS,0.58998020,0.234625,0.4500
TG00010468,T00042,BGS,1.20116123,0.209992,0.4500
TG00010469,T00042,BGS,1.37551881,0.172447,0.4500
TG00010470,T00042,BGS,1.29893178,0.061458,0.4500
TG00010471,T00043,LRG,0.35137271,0.769083,1.0000
TG00010472,T00043,LRG,0.66896250,0.850599,1.0000
TG00010473,T00043,LRG,0.34857533,0.518636,1.0000
TG00010474,T00043,LRG,0.24977321,0.828597,1.0000
TG00010475,T00043,LRG,0.31276037,0.421387,1.0000
TG00010476,T00043,LRG,0.30394953,0.633733,1.0000
TG00010477,T00043,LRG,0.35132429,0.931381,1.0000
TG00010478,T00043,LRG,0.30846702,0.204091,1.0000
TG00010479,T00043,LRG,0.30132926,0.599718,1.0000
TG00010480,T00043,LRG,0.54255214,0.505884,1.0000
TG00010481,T00043,LRG,0.29431400,0.678008,1.0000
TG00010482,T00043,LRG,0.26540623,0.750346,1.0000
TG00010483,T00043,LRG,0.37063542,1.052725,1.0000
TG00010484,T00043,LRG,0.26391662,0.872811,1.0000
TG00010485,T00043,LRG,0.35614253,0.848432,1.0000
TG00010486,T00043,LRG,0.37889049,0.572748,1.0000
TG00010487,T00043,LRG,0.28351351,0.308153,1.0000
TG00010488,T00043,LRG,0.33608338,0.839951,1.0000
TG00010489,T00043,LRG,0.34576243,0.714344,1.0000
TG00010490,T00043,LRG,0.31959100,0.667289,1.0000
TG00010491,T00043,LRG,0.45528321,0.806682,1.0000
TG00010492,T00043,LRG,0.25304795,0.749290,1.0000
TG00010493,T00043,LRG,0.29727108,0.760139,1.0000
TG00010494,T00043,LRG,0.30615000,0.706406,1.0000
TG00010495,T00043,LRG,0.54873502,0.469617,1.0000
TG00010496,T00043,LRG,0.21240604,0.896814,1.0000
TG00010497,T00043,LRG,0.16441350,0.799717,1.0000
TG00010498,T00043,LRG,0.35451487,0.995437,1.0000
TG00010499,T00043,LRG,0.31725135,0.939867,1.0000
TG00010500,T00043,LRG,0.23582047,0.621062,1.0000
TG00010501,T00043,LRG,0.49908884,0.754686,1.0000
TG00010502,T00043,LRG,0.31980330,0.693417,1.0000
TG00010503,T00043,LRG,0.34629158,0.716138,1.0000
TG00010504,T00043,LRG,0.41457495,0.504508,1.0000
TG00010505,T00043,LRG,0.40367916,0.843506,1.0000
TG00010506,T00043,LRG,0.38213154,0.566745,1.0000
TG00010507,T00043,LRG,0.39877698,0.677943,1.0000
TG00010508,T00043,LRG,0.41360058,0.769062,1.0000
TG00010509,T00043,LRG,0.38588885,0.559424,1.0000
TG00010510,T00043,LRG,0.31486421,1.061140,1.0000
TG00010511,T00043,LRG,0.54439285,0.807390,1.0000
TG00010512,T00043,LRG,0.16199666,0.798980,1.0000
TG00010513,T00043,LRG,0.23923618,0.679326,1.0000
TG00010514,T00043,LRG,0.30985076,0.621365,1.0000
TG00010515,T00043,LRG,0.58921612,0.722992,1.0000
TG00010516,T00043,LRG,0.39571718,0.776734,1.0000
TG00010517,T00043,LRG,0.44790831,0.840698,1.0000
TG00010518,T00043,LRG,0.46384302,0.513296,1.0000
TG00010519,T00043,LRG,0.22553051,0.543600,1.0000
TG00010520,T00043,LRG,0.43522914,0.830224,1.0000
TG00010521,T00043,LRG,0.30566702,0.678302,1.0000
TG00010522,T00043,LRG,0.27217608,0.799361,1.0000
TG00010523,T00043,LRG,0.43434419,0.695636,1.0000
TG00010524,T00043,LRG,0.35345836,0.667942,1.0000
TG00010525,T00043,LRG,0.39117867,0.748308,1.0000
TG00010526,T00043,LRG,0.26896345,0.181913,1.0000
TG00010527,T00043,LRG,0.31385921,0.711028,1.0000
TG00010528,T00043,LRG,0.35418736,0.090645,1.0000
TG00010529,T00043,LRG,0.24946542,0.978397,1.0000
TG00010530,T00043,LRG,0.29626096,0.752221,1.0000
TG00010531,T00043,LRG,0.20318148,0.717045,1.0000
TG00010532,T00043,LRG,0.33367395,0.664513,1.0000
TG00010533,T00043,LRG,0.62181996,0.679776,1.0000
TG00010534,T00043,LRG,0.42764118,0.730530,1.0000
TG00010535,T00043,LRG,0.37144366,0.799753,1.0000
TG00010536,T00043,LRG,0.37872345,1.051611,1.0000
TG00010537,T00043,LRG,0.35978958,0.811621,1.0000
TG00010538,T00043,LRG,0.30992760,0.705135,1.0000
TG00010539,T00043,LRG,0.32534605,0.617812,1.0000
TG00010540,T00043,LRG,0.38043893,0.699476,1.0000
TG00010541,T00043,LRG,0.30066403,0.637586,1.0000
TG00010542,T00043,LRG,0.26244373,0.345438,1.0000
TG00010543,T00043,LRG,0.21555571,0.775733,1.0000
TG00010544,T00043,LRG,0.33691453,0.722768,1.0000
TG00010545,T00043,ELG,0.74972352,1.042168,1.0000
TG00010546,T00043,ELG,0.56494185,1.360696,1.0000
TG00010547,T00043,ELG,0.45055067,1.228547,1.0000
TG00010548,T00043,ELG,0.50557113,0.995032,1.0000
TG00010549,T00043,ELG,0.54808238,0.905205,1.0000
TG00010550,T00043,ELG,0.88072236,1.042863,1.0000
TG00010551,T00043,ELG,0.39023882,1.461382,1.0000
TG00010552,T00043,ELG,0.74597346,1.356813,1.0000
TG00010553,T00043,ELG,0.58243629,0.877343,1.0000
TG00010554,T00043,ELG,0.33442209,0.908990,1.0000
TG00010555,T00043,ELG,0.20318808,1.351990,1.0000
TG00010556,T00043,ELG,0.33054465,1.381240,1.0000
TG00010557,T00043,ELG,0.51297571,1.173040,1.0000
TG00010558,T00043,ELG,0.89232093,1.095722,1.0000
TG00010559,T00043,ELG,0.98342651,1.275770,1.0000
TG00010560,T00043,ELG,0.64360435,0.679053,1.0000
TG00010561,T00043,ELG,0.37375903,1.116306,1.0000
TG00010562,T00043,ELG,0.78561097,0.949448,1.0000
TG00010563,T00043,ELG,0.53500357,1.362504,1.0000
TG00010564,T00043,ELG,0.52962683,1.336262,1.0000
TG00010565,T00043,ELG,0.79261554,1.078515,1.0000
TG00010566,T00043,ELG,0.47062088,1.553103,1.0000
TG00010567,T00043,ELG,0.98041419,1.165433,1.0000
TG00010568,T00043,ELG,0.27926238,1.115344,1.0000
TG00010569,T00043,ELG,1.33341813,0.883518,1.0000
TG00010570,T00043,ELG,0.48005689,1.526874,1.0000
TG00010571,T00043,ELG,0.24584465,1.262534,1.0000
TG00010572,T00043,ELG,0.71831769,1.202487,1.0000
TG00010573,T00043,ELG,0.45524112,1.383863,1.0000
TG00010574,T00043,ELG,0.45877323,1.139821,1.0000
TG00010575,T00043,ELG,0.36816059,0.870399,1.0000
TG00010576,T00043,ELG,0.60357244,1.124865,1.0000
TG00010577,T00043,ELG,0.70784745,1.047137,1.0000
TG00010578,T00043,ELG,0.53139328,0.806880,1.0000
TG00010579,T00043,ELG,0.48695274,2.002076,1.0000
TG00010580,T00043,ELG,0.62208020,1.055134,1.0000
TG00010581,T00043,ELG,0.62317871,1.007649,1.0000
TG00010582,T00043,ELG,0.41724116,1.592169,1.0000
TG00010583,T00043,ELG,0.83495437,0.307223,1.0000
TG00010584,T00043,ELG,0.50952545,1.210998,1.0000
TG00010585,T00043,ELG,0.45289944,1.020915,1.0000
TG00010586,T00043,ELG,0.81762477,1.267207,1.0000
TG00010587,T00043,ELG,0.50723990,0.812880,1.0000
TG00010588,T00043,ELG,0.38676828,1.419276,1.0000
TG00010589,T00043,ELG,0.41994469,1.073877,1.0000
TG00010590,T00043,ELG,0.46783218,1.135265,1.0000
TG00010591,T00043,ELG,0.26182492,1.600524,1.0000
TG00010592,T00043,ELG,0.52401707,1.171594,1.0000
TG00010593,T00043,ELG,0.41682086,1.812981,1.0000
TG00010594,T00043,ELG,0.54071007,1.260550,1.0000
TG00010595,T00043,ELG,0.40960031,1.109660,1.0000
TG00010596,T00043,ELG,0.63158197,0.909830,1.0000
TG00010597,T00043,ELG,0.40701872,0.773496,1.0000
TG00010598,T00043,ELG,0.57538906,0.648130,1.0000
TG00010599,T00043,ELG,0.49002513,1.003750,1.0000
TG00010600,T00043,ELG,0.38034545,1.102814,1.0000
TG00010601,T00043,ELG,0.33433480,1.050629,1.0000
TG00010602,T00043,ELG,0.62360070,0.999335,1.0000
TG00010603,T00043,ELG,0.84235996,0.928756,1.0000
TG00010604,T00043,ELG,0.59125053,1.074734,1.0000
TG00010605,T00043,ELG,0.55092302,0.924163,1.0000
TG00010606,T00043,ELG,0.78463214,1.142443,1.0000
TG00010607,T00043,ELG,0.26746469,0.906871,1.0000
TG00010608,T00043,ELG,0.59939577,1.117872,1.0000
TG00010609,T00043,ELG,0.56266216,1.035896,1.0000
TG00010610,T00043,ELG,0.37859532,1.594451,1.0000
TG00010611,T00043,ELG,0.59338809,1.086864,1.0000
TG00010612,T00043,ELG,0.85705832,1.058651,1.0000
TG00010613,T00043,ELG,0.47749930,1.330217,1.0000
TG00010614,T00043,ELG,1.02080406,1.165831,1.0000
TG00010615,T00043,ELG,0.50338194,1.150474,1.0000
TG00010616,T00043,ELG,0.70731780,0.731954,1.0000
TG00010617,T00043,ELG,0.30313514,0.923550,1.0000
TG00010618,T00043,ELG,0.45635650,1.308364,1.0000
TG00010619,T00043,ELG,0.30044409,1.069123,1.0000
TG00010620,T00043,ELG,0.44325113,0.804759,1.0000
TG00010621,T00043,ELG,0.47235125,1.239399,1.0000
TG00010622,T00043,ELG,0.23030483,1.263875,1.0000
TG00010623,T00043,ELG,0.37666419,1.349262,1.0000
TG00010624,T00043,ELG,0.60633389,0.887201,1.0000
TG00010625,T00043,ELG,0.63309875,1.088825,1.0000
TG00010626,T00043,ELG,0.37004571,1.427732,1.0000
TG00010627,T00043,ELG,0.32674151,0.900958,1.0000
TG00010628,T00043,ELG,1.21249131,1.361836,1.0000
TG00010629,T00043,ELG,0.64760768,0.931832,1.0000
TG00010630,T00043,ELG,0.80747323,1.136363,1.0000
TG00010631,T00043,ELG,0.49428583,0.898478,1.0000
TG00010632,T00043,ELG,1.07740859,1.583304,1.0000
TG00010633,T00043,ELG,0.51807106,1.235171,1.0000
TG00010634,T00043,ELG,0.40381669,0.844829,1.0000
TG00010635,T00043,ELG,0.48464008,1.179049,1.0000
TG00010636,T00043,ELG,0.37273334,1.480398,1.0000
TG00010637,T00043,ELG,0.64927247,0.546479,1.0000
TG00010638,T00043,ELG,0.32800174,1.105204,1.0000
TG00010639,T00043,ELG,0.44495882,1.026222,1.0000
TG00010640,T00043,ELG,0.48602603,1.398187,1.0000
TG00010641,T00043,ELG,0.54507815,1.519141,1.0000
TG00010642,T00043,ELG,0.73610756,1.277531,1.0000
TG00010643,T00043,ELG,0.42183598,1.596223,1.0000
TG00010644,T00043,ELG,0.93802882,1.078865,1.0000
TG00010645,T00043,ELG,0.49104905,0.629748,1.0000
TG00010646,T00043,ELG,0.49474590,1.850881,1.0000
TG00010647,T00043,ELG,0.47903089,0.878487,1.0000
TG00010648,T00043,ELG,0.82317720,0.859376,1.0000
TG00010649,T00043,QSO,0.22179880,2.789527,1.7000
TG00010650,T00043,QSO,0.15488912,2.249979,1.7000
TG00010651,T00043,QSO,0.31436311,1.980642,1.7000
TG00010652,T00043,QSO,0.28658062,2.359335,1.7000
TG00010653,T00043,QSO,0.14104884,2.087791,1.7000
TG00010654,T00043,QSO,0.17282597,2.585614,1.7000
TG00010655,T00043,QSO,0.27915467,1.756668,1.7000
TG00010656,T00043,QSO,0.20028561,2.740089,1.7000
TG00010657,T00043,QSO,0.59096795,2.440336,1.7000
TG00010658,T00043,QSO,0.12054967,2.163033,1.7000
TG00010659,T00043,QSO,0.12495294,1.558854,1.7000
TG00010660,T00043,QSO,0.10257842,2.211315,1.7000
TG00010661,T00043,QSO,0.18629941,3.474333,1.7000
TG00010662,T00043,QSO,0.14945898,2.817860,1.7000
TG00010663,T00043,QSO,0.30374923,2.132505,1.7000
TG00010664,T00043,QSO,0.19683105,1.707863,1.7000
TG00010665,T00043,QSO,0.20469115,1.754692,1.7000
TG00010666,T00043,QSO,0.05531532,2.339723,1.7000
TG00010667,T00043,BGS,1.24723562,0.099556,0.4500
TG00010668,T00043,BGS,1.45852878,0.182409,0.4500
TG00010669,T00043,BGS,1.22054941,0.346209,0.4500
TG00010670,T00043,BGS,1.11424662,0.163508,0.4500
TG00010671,T00043,BGS,0.93022675,0.298798,0.4500
TG00010672,T00043,BGS,0.97345430,0.187213,0.4500
TG00010673,T00043,BGS,1.10973120,0.266912,0.4500
TG00010674,T00043,BGS,1.60476799,0.162622,0.4500
TG00010675,T00043,BGS,1.58229612,0.102773,0.4500
TG00010676,T00043,BGS,1.49235117,0.150999,0.4500
TG00010677,T00043,BGS,1.56318683,0.139661,0.4500
TG00010678,T00043,BGS,1.34913385,0.065771,0.4500
TG00010679,T00043,BGS,1.62338681,0.241743,0.4500
TG00010680,T00043,BGS,0.84843883,0.250372,0.4500
TG00010681,T00043,BGS,0.92148689,0.264479,0.4500
TG00010682,T00043,BGS,1.81123825,0.154138,0.4500
TG00010683,T00043,BGS,1.02884061,0.151132,0.4500
TG00010684,T00043,BGS,0.92362636,0.119666,0.4500
TG00010685,T00043,BGS,1.30053294,0.430534,0.4500
TG00010686,T00043,BGS,1.01710967,0.232338,0.4500
TG00010687,T00043,BGS,1.58383523,0.295892,0.4500
TG00010688,T00043,BGS,1.52086007,0.225086,0.4500
TG00010689,T00043,BGS,3.04284780,0.040122,0.4500
TG00010690,T00043,BGS,1.73725329,0.174228,0.4500
TG00010691,T00043,BGS,1.30677596,0.141709,0.4500
TG00010692,T00043,BGS,1.26720091,0.344103,0.4500
TG00010693,T00043,BGS,1.27434642,0.322197,0.4500
TG00010694,T00043,BGS,0.98417929,0.130340,0.4500
TG00010695,T00043,BGS,0.87029594,0.184763,0.4500
TG00010696,T00043,BGS,1.54136653,0.057582,0.4500
TG00010697,T00043,BGS,1.16929616,0.257333,0.4500
TG00010698,T00043,BGS,1.53896803,0.377548,0.4500
TG00010699,T00043,BGS,1.19915725,0.255532,0.4500
TG00010700,T00043,BGS,1.70573370,0.123319,0.4500
TG00010701,T00043,BGS,1.92011555,0.152679,0.4500
TG00010702,T00043,BGS,1.68878940,0.004609,0.4500
TG00010703,T00043,BGS,0.80865436,0.133463,0.4500
TG00010704,T00043,BGS,0.83417764,0.286369,0.4500
TG00010705,T00043,BGS,0.63668366,0.246764,0.4500
TG00010706,T00043,BGS,1.48490042,0.234308,0.4500
TG00010707,T00043,BGS,0.76938243,0.285036,0.4500
TG00010708,T00043,BGS,0.82046676,0.321231,0.4500
TG00010709,T00043,BGS,1.50381942,0.046976,0.4500
TG00010710,T00043,BGS,0.89339419,0.072145,0.4500
TG00010711,T00043,BGS,1.15943454,0.046834,0.4500
TG00010712,T00043,BGS,1.38514106,0.219201,0.4500
TG00010713,T00043,BGS,0.78912084,0.077073,0.4500
TG00010714,T00043,BGS,0.99298170,0.294745,0.4500
TG00010715,T00043,BGS,1.34244005,0.109838,0.4500
TG00010716,T00043,BGS,1.64370807,0.129037,0.4500
TG00010717,T00043,BGS,1.66106098,0.213779,0.4500
TG00010718,T00043,BGS,1.06844486,0.281407,0.4500
TG00010719,T00043,BGS,1.46903523,0.073256,0.4500
TG00010720,T00043,BGS,1.57131191,0.346289,0.4500
TG00010721,T00043,BGS,1.62237187,0.185001,0.4500
TG00010722,T00043,BGS,1.68830437,0.270458,0.4500
TG00010723,T00043,BGS,0.65939340,0.112962,0.4500
TG00010724,T00043,BGS,1.15662658,0.216340,0.4500
TG00010725,T00043,BGS,1.09056084,0.224437,0.4500
TG00010726,T00043,BGS,1.40379310,0.346905,0.4500
TG00010727,T00043,BGS,1.67986590,0.362134,0.4500
TG00010728,T00043,BGS,1.08558275,0.326989,0.4500
TG00010729,T00043,BGS,1.84655210,0.225530,0.4500
TG00010730,T00043,BGS,0.95963267,0.194575,0.4500
TG00010731,T00043,BGS,1.07058634,0.253909,0.4500
TG00010732,T00043,BGS,1.61050280,0.140814,0.4500
TG00010733,T00043,BGS,1.96904663,0.115325,0.4500
TG00010734,T00043,BGS,1.40829520,0.208799,0.4500
TG00010735,T00043,BGS,1.07945026,0.203863,0.4500
TG00010736,T00043,BGS,1.03946289,0.319568,0.4500
TG00010737,T00043,BGS,1.24382670,0.200034,0.4500
TG00010738,T00043,BGS,1.20581634,0.125673,0.4500
TG00010739,T00043,BGS,0.78534034,0.152331,0.4500
TG00010740,T00043,BGS,1.39403295,0.292979,0.4500
TG00010741,T00043,BGS,0.88599517,0.244199,0.4500
TG00010742,T00043,BGS,1.28213315,0.081142,0.4500
TG00010743,T00043,BGS,1.88625725,0.174114,0.4500
TG00010744,T00043,BGS,0.96107526,0.136258,0.4500
TG00010745,T00044,LRG,0.41762773,1.103758,1.0000
TG00010746,T00044,LRG,0.30363953,0.425419,1.0000
TG00010747,T00044,LRG,0.41379225,0.696477,1.0000
TG00010748,T00044,LRG,0.28428803,0.557624,1.0000
TG00010749,T00044,LRG,0.39902453,0.625570,1.0000
TG00010750,T00044,LRG,0.64469591,0.394194,1.0000
TG00010751,T00044,LRG,0.35970016,0.752961,1.0000
TG00010752,T00044,LRG,0.15338111,0.542427,1.0000
TG00010753,T00044,LRG,0.23426732,0.672914,1.0000
TG00010754,T00044,LRG,0.20073575,0.503561,1.0000
TG00010755,T00044,LRG,0.20523612,0.841197,1.0000
TG00010756,T00044,LRG,0.29189230,0.563878,1.0000
TG00010757,T00044,LRG,0.29030347,0.608165,1.0000
TG00010758,T00044,LRG,0.40971373,0.790029,1.0000
TG00010759,T00044,LRG,0.27492766,0.489524,1.0000
TG00010760,T00044,LRG,0.47612956,0.688445,1.0000
TG00010761,T00044,LRG,0.21192916,0.337212,1.0000
TG00010762,T00044,LRG,0.31051045,0.562213,1.0000
TG00010763,T00044,LRG,0.16293454,0.480031,1.0000
TG00010764,T00044,LRG,0.36335866,0.645275,1.0000
TG00010765,T00044,LRG,0.25284318,0.899327,1.0000
TG00010766,T00044,LRG,0.23176815,0.767002,1.0000
TG00010767,T00044,LRG,0.27787810,0.732463,1.0000
TG00010768,T00044,LRG,0.28154629,0.622014,1.0000
TG00010769,T00044,LRG,0.22781162,0.667593,1.0000
TG00010770,T00044,LRG,0.25845927,0.526595,1.0000
TG00010771,T00044,LRG,0.36423004,0.565007,1.0000
TG00010772,T00044,LRG,0.27358274,0.665017,1.0000
TG00010773,T00044,LRG,0.39240884,0.510549,1.0000
TG00010774,T00044,LRG,0.56251167,0.533715,1.0000
TG00010775,T00044,LRG,0.24295405,0.892225,1.0000
TG00010776,T00044,LRG,0.39785387,0.676798,1.0000
TG00010777,T00044,LRG,0.31488358,0.911087,1.0000
TG00010778,T00044,LRG,0.32755354,0.876621,1.0000
TG00010779,T00044,LRG,0.39995141,0.488122,1.0000
TG00010780,T00044,LRG,0.28019079,0.549623,1.0000
TG00010781,T00044,LRG,0.42751648,0.434686,1.0000
TG00010782,T00044,LRG,0.53696604,0.851329,1.0000
TG00010783,T00044,LRG,0.26974398,0.557598,1.0000
TG00010784,T00044,LRG,0.33041158,0.482677,1.0000
TG00010785,T00044,LRG,0.51248795,1.325670,1.0000
TG00010786,T00044,LRG,0.35270149,0.922262,1.0000
TG00010787,T00044,ELG,0.46419308,0.409981,1.0000
TG00010788,T00044,ELG,0.89934093,1.124035,1.0000
TG00010789,T00044,ELG,0.52865178,0.723400,1.0000
TG00010790,T00044,ELG,0.34419804,0.788260,1.0000
TG00010791,T00044,ELG,0.39244147,1.510985,1.0000
TG00010792,T00044,ELG,1.00082469,1.061629,1.0000
TG00010793,T00044,ELG,0.50477297,0.992492,1.0000
TG00010794,T00044,ELG,0.39506662,1.111820,1.0000
TG00010795,T00044,ELG,0.41989455,1.463220,1.0000
TG00010796,T00044,ELG,1.34459019,1.575310,1.0000
TG00010797,T00044,ELG,0.98456513,1.186978,1.0000
TG00010798,T00044,ELG,0.47299436,1.168286,1.0000
TG00010799,T00044,ELG,0.29590465,0.664426,1.0000
TG00010800,T00044,ELG,0.85938145,1.416635,1.0000
TG00010801,T00044,ELG,0.41981026,1.857013,1.0000
TG00010802,T00044,ELG,0.67368028,0.636048,1.0000
TG00010803,T00044,ELG,0.43494495,0.929328,1.0000
TG00010804,T00044,ELG,1.02815774,1.072820,1.0000
TG00010805,T00044,ELG,0.73800891,0.747374,1.0000
TG00010806,T00044,ELG,0.75829835,0.830088,1.0000
TG00010807,T00044,ELG,0.41060076,0.804346,1.0000
TG00010808,T00044,ELG,0.50298540,1.430422,1.0000
TG00010809,T00044,ELG,0.80738175,1.244616,1.0000
TG00010810,T00044,ELG,0.22936317,0.721192,1.0000
TG00010811,T00044,ELG,0.37299044,0.661190,1.0000
TG00010812,T00044,ELG,0.55850234,1.366976,1.0000
TG00010813,T00044,ELG,0.41436688,0.930605,1.0000
TG00010814,T00044,ELG,0.45739496,1.151928,1.0000
TG00010815,T00044,ELG,0.62544533,0.586110,1.0000
TG00010816,T00044,ELG,0.66977830,1.324066,1.0000
TG00010817,T00044,ELG,0.58032464,0.891530,1.0000
TG00010818,T00044,ELG,0.80632400,1.363205,1.0000
TG00010819,T00044,ELG,0.41711578,1.145024,1.0000
TG00010820,T00044,ELG,0.48657659,1.672649,1.0000
TG00010821,T00044,ELG,1.00410382,1.135998,1.0000
TG00010822,T00044,ELG,0.46316141,1.212933,1.0000
TG00010823,T00044,ELG,0.31353702,0.801474,1.0000
TG00010824,T00044,ELG,0.35427530,1.211788,1.0000
TG00010825,T00044,ELG,1.08180592,1.340416,1.0000
TG00010826,T00044,ELG,0.49529057,0.965020,1.0000
TG00010827,T00044,ELG,0.76961170,0.816772,1.0000
TG00010828,T00044,ELG,0.52231423,0.779215,1.0000
TG00010829,T00044,ELG,0.43677773,0.399679,1.0000
TG00010830,T00044,ELG,0.61237176,0.972805,1.0000
TG00010831,T00044,ELG,0.49799969,0.793433,1.0000
TG00010832,T00044,ELG,0.49242125,1.477928,1.0000
TG00010833,T00044,ELG,0.49104969,0.926541,1.0000
TG00010834,T00044,ELG,0.73964421,1.110960,1.0000
TG00010835,T00044,ELG,0.47136523,0.973474,1.0000
TG00010836,T00044,ELG,1.10267123,1.567609,1.0000
TG00010837,T00044,ELG,0.55706022,1.356479,1.0000
TG00010838,T00044,ELG,1.34424326,0.936417,1.0000
TG00010839,T00044,ELG,0.28930175,1.207980,1.0000
TG00010840,T00044,ELG,0.32334795,0.905033,1.0000
TG00010841,T00044,ELG,0.33977280,1.115914,1.0000
TG00010842,T00044,ELG,0.43709586,1.286943,1.0000
TG00010843,T00044,ELG,0.63193819,1.427649,1.0000
TG00010844,T00044,ELG,0.45279482,1.143661,1.0000
TG00010845,T00044,ELG,1.15586133,0.956728,1.0000
TG00010846,T00044,ELG,0.47182477,1.361235,1.0000
TG00010847,T00044,ELG,0.47889099,1.059543,1.0000
TG00010848,T00044,ELG,0.62941432,0.971711,1.0000
TG00010849,T00044,ELG,0.35527235,1.229619,1.0000
TG00010850,T00044,ELG,0.56994132,1.557185,1.0000
TG00010851,T00044,ELG,1.02158619,0.603826,1.0000
TG00010852,T00044,ELG,0.61022585,1.142060,1.0000
TG00010853,T00044,ELG,0.57916273,1.568885,1.0000
TG00010854,T00044,ELG,0.62947670,1.285008,1.0000
TG00010855,T00044,ELG,0.56963702,0.936691,1.0000
TG00010856,T00044,ELG,0.37666735,1.339469,1.0000
TG00010857,T00044,ELG,0.84117885,1.303153,1.0000
TG00010858,T00044,ELG,0.40228375,1.695587,1.0000
TG00010859,T00044,ELG,0.48023309,1.193325,1.0000
TG00010860,T00044,ELG,0.37830148,1.382288,1.0000
TG00010861,T00044,ELG,0.86531018,0.265776,1.0000
TG00010862,T00044,ELG,0.87013558,0.977446,1.0000
TG00010863,T00044,ELG,0.40211202,0.986262,1.0000
TG00010864,T00044,ELG,0.35456841,1.534982,1.0000
TG00010865,T00044,ELG,0.72103003,1.002739,1.0000
TG00010866,T00044,ELG,0.60095779,0.937905,1.0000
TG00010867,T00044,ELG,0.64449211,1.267564,1.0000
TG00010868,T00044,ELG,0.30131113,0.781843,1.0000
TG00010869,T00044,ELG,1.38355333,0.725754,1.0000
TG00010870,T00044,ELG,0.36707108,1.226450,1.0000
TG00010871,T00044,ELG,0.57856955,0.758371,1.0000
TG00010872,T00044,ELG,0.63929131,1.387193,1.0000
TG00010873,T00044,ELG,0.38021579,1.761364,1.0000
TG00010874,T00044,ELG,0.45685466,1.462642,1.0000
TG00010875,T00044,ELG,0.56759299,1.173253,1.0000
TG00010876,T00044,ELG,0.77596407,0.689320,1.0000
TG00010877,T00044,ELG,0.74768417,0.873691,1.0000
TG00010878,T00044,ELG,0.56011896,1.315281,1.0000
TG00010879,T00044,ELG,0.58516041,0.667303,1.0000
TG00010880,T00044,ELG,0.44704870,1.099814,1.0000
TG00010881,T00044,ELG,0.58767391,0.777110,1.0000
TG00010882,T00044,ELG,0.96290718,0.518181,1.0000
TG00010883,T00044,ELG,0.97830373,1.599578,1.0000
TG00010884,T00044,ELG,0.44640509,0.866097,1.0000
TG00010885,T00044,ELG,0.37274670,1.451491,1.0000
TG00010886,T00044,ELG,1.01295360,1.079317,1.0000
TG00010887,T00044,ELG,0.47671570,0.787480,1.0000
TG00010888,T00044,ELG,0.79400027,1.095628,1.0000
TG00010889,T00044,ELG,0.51560017,1.266445,1.0000
TG00010890,T00044,ELG,0.59411315,1.086272,1.0000
TG00010891,T00044,ELG,0.87239977,1.084218,1.0000
TG00010892,T00044,ELG,0.52751746,1.123358,1.0000
TG00010893,T00044,ELG,0.41490359,1.355565,1.0000
TG00010894,T00044,ELG,0.53820504,1.049634,1.0000
TG00010895,T00044,ELG,0.40956790,1.212935,1.0000
TG00010896,T00044,ELG,0.52481097,0.663287,1.0000
TG00010897,T00044,ELG,0.31766262,1.014326,1.0000
TG00010898,T00044,ELG,0.40700654,1.290311,1.0000
TG00010899,T00044,ELG,0.65664443,1.171150,1.0000
TG00010900,T00044,ELG,0.66642656,1.299783,1.0000
TG00010901,T00044,ELG,0.52897032,1.319575,1.0000
TG00010902,T00044,ELG,0.35612343,1.125473,1.0000
TG00010903,T00044,QSO,0.09141664,2.353375,1.7000
TG00010904,T00044,QSO,0.05239421,1.571299,1.7000
TG00010905,T00044,QSO,0.18252751,1.259166,1.7000
TG00010906,T00044,QSO,0.51299641,1.991966,1.7000
TG00010907,T00044,QSO,0.11442211,1.723083,1.7000
TG00010908,T00044,QSO,0.09685243,1.777900,1.7000
TG00010909,T00044,QSO,0.09642337,1.449696,1.7000
TG00010910,T00044,QSO,0.13658200,2.995932,1.7000
TG00010911,T00044,QSO,0.17891214,1.467074,1.7000
TG00010912,T00044,QSO,0.06714689,1.237790,1.7000
TG00010913,T00044,QSO,0.08464437,1.371876,1.7000
TG00010914,T00044,QSO,0.10208917,1.629961,1.7000
TG00010915,T00044,QSO,0.17210784,0.947026,1.7000
TG00010916,T00044,QSO,0.12663218,3.109348,1.7000
TG00010917,T00044,QSO,0.11194541,3.907065,1.7000
TG00010918,T00044,BGS,2.11205239,0.213759,0.4500
TG00010919,T00044,BGS,1.32864228,0.141982,0.4500
TG00010920,T00044,BGS,1.43984791,0.144319,0.4500
TG00010921,T00044,BGS,1.19724015,0.160613,0.4500
TG00010922,T00044,BGS,1.20797560,0.228870,0.4500
TG00010923,T00044,BGS,0.81856478,0.264558,0.4500
TG00010924,T00044,BGS,1.15100944,0.159768,0.4500
TG00010925,T00044,BGS,1.63651046,0.176661,0.4500
TG00010926,T00044,BGS,1.03887455,0.255699,0.4500
TG00010927,T00044,BGS,1.10705908,0.187214,0.4500
TG00010928,T00044,BGS,2.31494021,0.107065,0.4500
TG00010929,T00044,BGS,1.45098712,0.209600,0.4500
TG00010930,T00044,BGS,1.30276819,0.103853,0.4500
TG00010931,T00044,BGS,1.73395016,0.168680,0.4500
TG00010932,T00044,BGS,2.08824996,0.146869,0.4500
TG00010933,T00044,BGS,1.27377937,0.296163,0.4500
TG00010934,T00044,BGS,1.25968218,0.160967,0.4500
TG00010935,T00044,BGS,0.78514471,0.330596,0.4500
TG00010936,T00044,BGS,1.05675653,0.222109,0.4500
TG00010937,T00044,BGS,0.80552151,0.130080,0.4500
TG00010938,T00044,BGS,0.90289239,0.223360,0.4500
TG00010939,T00044,BGS,1.26208582,0.084696,0.4500
TG00010940,T00044,BGS,1.08483677,0.117440,0.4500
TG00010941,T00044,BGS,1.04164707,0.248848,0.4500
TG00010942,T00044,BGS,1.08808819,0.249344,0.4500
TG00010943,T00044,BGS,1.94763746,0.241151,0.4500
TG00010944,T00044,BGS,1.09623412,0.313876,0.4500
TG00010945,T00044,BGS,1.14966670,0.187200,0.4500
TG00010946,T00044,BGS,1.10541358,0.217808,0.4500
TG00010947,T00044,BGS,1.13512581,0.027158,0.4500
TG00010948,T00044,BGS,1.60392122,0.193404,0.4500
TG00010949,T00044,BGS,1.31798461,0.100302,0.4500
TG00010950,T00044,BGS,1.17482446,0.171016,0.4500
TG00010951,T00044,BGS,1.69741951,0.133273,0.4500
TG00010952,T00044,BGS,0.81218424,0.102891,0.4500
TG00010953,T00044,BGS,1.07174729,0.215339,0.4500
TG00010954,T00044,BGS,0.99268993,0.169812,0.4500
TG00010955,T00044,BGS,1.51219063,0.252180,0.4500
TG00010956,T00044,BGS,1.22268113,0.246633,0.4500
TG00010957,T00044,BGS,0.68720530,0.233373,0.4500
TG00010958,T00044,BGS,1.55062809,0.185170,0.4500
TG00010959,T00044,BGS,1.78803989,0.078644,0.4500
TG00010960,T00044,BGS,1.48020169,0.192441,0.4500
TG00010961,T00044,BGS,1.26892825,0.282275,0.4500
TG00010962,T00044,BGS,0.99036628,0.208850,0.4500
TG00010963,T00044,BGS,1.26169852,0.167387,0.4500
TG00010964,T00044,BGS,2.11948674,0.223492,0.4500
TG00010965,T00044,BGS,1.45401735,0.069146,0.4500
TG00010966,T00044,BGS,1.06266297,0.319104,0.4500
TG00010967,T00044,BGS,0.85975936,0.112513,0.4500
TG00010968,T00044,BGS,1.19469411,0.237851,0.4500
TG00010969,T00044,BGS,1.28697290,0.134978,0.4500
TG00010970,T00044,BGS,1.67974415,0.188219,0.4500
TG00010971,T00044,BGS,1.29032990,0.145195,0.4500
TG00010972,T00044,BGS,1.60332523,0.282383,0.4500
TG00010973,T00044,BGS,1.29790161,0.207578,0.4500
TG00010974,T00044,BGS,0.77542478,0.155371,0.4500
TG00010975,T00044,BGS,1.09137159,0.232668,0.4500
TG00010976,T00044,BGS,1.50221457,0.190759,0.4500
TG00010977,T00044,BGS,1.30165035,0.131544,0.4500
TG00010978,T00044,BGS,1.26136745,0.183537,0.4500
TG00010979,T00044,BGS,1.52863127,0.195038,0.4500
TG00010980,T00044,BGS,1.20854831,0.222512,0.4500
TG00010981,T00044,BGS,2.58962184,0.137368,0.4500
TG00010982,T00044,BGS,1.15375100,0.242798,0.4500
TG00010983,T00044,BGS,1.33520874,0.082792,0.4500
TG00010984,T00045,LRG,0.43130481,0.863101,1.0000
TG00010985,T00045,LRG,0.38691235,1.031363,1.0000
TG00010986,T00045,LRG,0.25907673,0.573758,1.0000
TG00010987,T00045,LRG,0.43966632,0.389778,1.0000
TG00010988,T00045,LRG,0.43217630,0.995023,1.0000
TG00010989,T00045,LRG,0.53166001,0.722251,1.0000
TG00010990,T00045,LRG,0.52651887,0.522006,1.0000
TG00010991,T00045,LRG,0.22336857,0.841092,1.0000
TG00010992,T00045,LRG,0.60211156,0.303992,1.0000
TG00010993,T00045,LRG,0.35045910,1.091510,1.0000
TG00010994,T00045,LRG,0.39887077,0.878728,1.0000
TG00010995,T00045,LRG,0.39969166,0.929624,1.0000
TG00010996,T00045,LRG,0.67253241,0.867220,1.0000
TG00010997,T00045,LRG,0.34412641,0.724320,1.0000
TG00010998,T00045,LRG,0.30143266,0.508109,1.0000
TG00010999,T00045,LRG,0.60785875,0.361219,1.0000
TG00011000,T00045,LRG,0.38007950,0.898510,1.0000
TG00011001,T00045,LRG,0.40985774,0.784965,1.0000
TG00011002,T00045,LRG,0.18985520,0.822454,1.0000
TG00011003,T00045,LRG,0.40581270,1.004133,1.0000
TG00011004,T00045,LRG,0.59702212,0.675393,1.0000
TG00011005,T00045,LRG,0.41988672,1.027132,1.0000
TG00011006,T00045,LRG,0.18359807,0.682800,1.0000
TG00011007,T00045,LRG,0.39548981,0.768169,1.0000
TG00011008,T00045,LRG,0.37815168,0.561521,1.0000
TG00011009,T00045,LRG,0.55348432,0.842366,1.0000
TG00011010,T00045,LRG,0.25596017,0.468710,1.0000
TG00011011,T00045,LRG,0.37127505,0.655937,1.0000
TG00011012,T00045,LRG,0.94266791,0.755821,1.0000
TG00011013,T00045,LRG,0.32818808,0.966474,1.0000
TG00011014,T00045,LRG,0.49321242,1.206468,1.0000
TG00011015,T00045,LRG,0.51140518,0.975755,1.0000
TG00011016,T00045,LRG,0.51388738,0.777098,1.0000
TG00011017,T00045,LRG,0.38052314,0.717212,1.0000
TG00011018,T00045,LRG,0.16798533,0.715367,1.0000
TG00011019,T00045,LRG,0.24377121,0.766733,1.0000
TG00011020,T00045,LRG,0.36000483,0.870316,1.0000
TG00011021,T00045,LRG,0.35616387,1.085764,1.0000
TG00011022,T00045,LRG,0.30528343,1.192529,1.0000
TG00011023,T00045,LRG,0.86889779,0.747818,1.0000
TG00011024,T00045,LRG,0.27452869,0.841476,1.0000
TG00011025,T00045,LRG,0.19719170,0.648264,1.0000
TG00011026,T00045,LRG,0.56605526,0.667475,1.0000
TG00011027,T00045,LRG,0.42943608,0.629912,1.0000
TG00011028,T00045,LRG,0.55114154,0.647708,1.0000
TG00011029,T00045,LRG,0.37540304,0.918610,1.0000
TG00011030,T00045,LRG,0.45736429,0.349186,1.0000
TG00011031,T00045,LRG,0.35539174,0.676590,1.0000
TG00011032,T00045,LRG,0.31280020,0.974718,1.0000
TG00011033,T00045,LRG,0.61564397,0.810165,1.0000
TG00011034,T00045,LRG,0.27011771,1.008982,1.0000
TG00011035,T00045,LRG,0.24625484,0.824541,1.0000
TG00011036,T00045,LRG,0.52854013,0.524335,1.0000
TG00011037,T00045,LRG,0.33440964,0.794823,1.0000
TG00011038,T00045,LRG,0.46511780,0.818019,1.0000
TG00011039,T00045,ELG,0.35675471,1.038443,1.0000
TG00011040,T00045,ELG,0.45632859,1.102592,1.0000
TG00011041,T00045,ELG,0.87453636,0.828564,1.0000
TG00011042,T00045,ELG,0.55878702,1.116451,1.0000
TG00011043,T00045,ELG,0.53059863,1.343019,1.0000
TG00011044,T00045,ELG,0.32716945,1.238523,1.0000
TG00011045,T00045,ELG,0.49840971,1.212636,1.0000
TG00011046,T00045,ELG,0.69980462,1.480811,1.0000
TG00011047,T00045,ELG,0.86199095,0.802224,1.0000
TG00011048,T00045,ELG,0.66814704,1.179378,1.0000
TG00011049,T00045,ELG,0.64904619,0.977537,1.0000
TG00011050,T00045,ELG,0.44491362,1.341485,1.0000
TG00011051,T00045,ELG,0.70483699,0.836160,1.0000
TG00011052,T00045,ELG,0.74776108,1.253940,1.0000
TG00011053,T00045,ELG,0.48454299,1.001488,1.0000
TG00011054,T00045,ELG,0.48515829,1.181280,1.0000
TG00011055,T00045,ELG,0.64217812,1.168035,1.0000
TG00011056,T00045,ELG,0.61162124,1.181412,1.0000
TG00011057,T00045,ELG,0.61547499,1.534468,1.0000
TG00011058,T00045,ELG,0.42034051,1.042785,1.0000
TG00011059,T00045,ELG,0.76022235,1.489047,1.0000
TG00011060,T00045,ELG,0.81305526,0.948221,1.0000
TG00011061,T00045,ELG,0.90852569,0.787664,1.0000
TG00011062,T00045,ELG,0.30160110,1.566299,1.0000
TG00011063,T00045,ELG,0.29616832,0.953112,1.0000
TG00011064,T00045,ELG,0.66450373,1.335899,1.0000
TG00011065,T00045,ELG,0.48239154,1.169120,1.0000
TG00011066,T00045,ELG,0.39422380,0.962501,1.0000
TG00011067,T00045,ELG,0.65602863,1.430880,1.0000
TG00011068,T00045,ELG,0.43996630,0.468769,1.0000
TG00011069,T00045,ELG,0.19889370,0.976764,1.0000
TG00011070,T00045,ELG,0.72338793,1.691639,1.0000
TG00011071,T00045,ELG,0.63006759,1.328155,1.0000
TG00011072,T00045,ELG,0.59273876,0.852221,1.0000
TG00011073,T00045,ELG,0.64279875,0.735441,1.0000
TG00011074,T00045,ELG,0.55197379,1.050654,1.0000
TG00011075,T00045,ELG,0.64929998,0.925856,1.0000
TG00011076,T00045,ELG,0.84346217,1.248238,1.0000
TG00011077,T00045,ELG,0.67690868,0.495293,1.0000
TG00011078,T00045,ELG,0.48450559,1.403468,1.0000
TG00011079,T00045,ELG,0.64094106,1.158850,1.0000
TG00011080,T00045,ELG,0.33438155,0.988659,1.0000
TG00011081,T00045,ELG,1.43885823,1.548581,1.0000
TG00011082,T00045,ELG,0.25054153,1.002481,1.0000
TG00011083,T00045,ELG,0.73472296,0.842841,1.0000
TG00011084,T00045,ELG,0.43655920,1.367393,1.0000
TG00011085,T00045,ELG,1.47599015,0.831223,1.0000
TG00011086,T00045,ELG,0.96637754,0.833170,1.0000
TG00011087,T00045,ELG,1.07212385,1.254588,1.0000
TG00011088,T00045,ELG,0.53412389,1.114297,1.0000
TG00011089,T00045,ELG,0.40532826,1.054589,1.0000
TG00011090,T00045,ELG,0.34878988,0.689154,1.0000
TG00011091,T00045,ELG,0.78639418,1.416997,1.0000
TG00011092,T00045,ELG,0.29434856,1.035240,1.0000
TG00011093,T00045,ELG,0.60711330,1.119921,1.0000
TG00011094,T00045,ELG,0.53148845,1.473814,1.0000
TG00011095,T00045,ELG,0.31151430,0.794037,1.0000
TG00011096,T00045,ELG,0.35392820,0.689904,1.0000
TG00011097,T00045,ELG,0.59297103,1.022554,1.0000
TG00011098,T00045,ELG,0.27595157,0.835762,1.0000
TG00011099,T00045,ELG,1.14523172,1.437018,1.0000
TG00011100,T00045,ELG,0.39221231,1.201020,1.0000
TG00011101,T00045,ELG,0.51637861,1.281483,1.0000
TG00011102,T00045,ELG,0.20053727,0.725291,1.0000
TG00011103,T00045,ELG,0.71088692,1.302125,1.0000
TG00011104,T00045,ELG,0.60542699,1.677330,1.0000
TG00011105,T00045,ELG,0.76656157,0.665423,1.0000
TG00011106,T00045,ELG,0.66870961,1.082351,1.0000
TG00011107,T00045,ELG,0.89020045,0.836085,1.0000
TG00011108,T00045,ELG,0.53610393,1.461771,1.0000
TG00011109,T00045,ELG,0.63271876,1.377345,1.0000
TG00011110,T00045,ELG,0.73324327,1.390021,1.0000
TG00011111,T00045,ELG,0.47098441,0.648783,1.0000
TG00011112,T00045,ELG,0.37565564,0.923486,1.0000
TG00011113,T00045,ELG,0.20597671,0.472670,1.0000
TG00011114,T00045,ELG,0.46648860,0.894855,1.0000
TG00011115,T00045,ELG,1.10745100,1.373257,1.0000
TG00011116,T00045,ELG,0.57973091,1.636291,1.0000
TG00011117,T00045,ELG,0.94930637,1.363791,1.0000
TG00011118,T00045,ELG,0.80920791,0.681703,1.0000
TG00011119,T00045,ELG,0.56510608,1.554584,1.0000
TG00011120,T00045,ELG,1.02710501,0.868597,1.0000
TG00011121,T00045,ELG,0.38773496,0.792626,1.0000
TG00011122,T00045,ELG,0.55430601,0.718518,1.0000
TG00011123,T00045,ELG,0.64545666,1.676299,1.0000
TG00011124,T00045,ELG,1.21833560,1.415685,1.0000
TG00011125,T00045,ELG,0.75110223,1.316227,1.0000
TG00011126,T00045,ELG,0.96115893,0.851734,1.0000
TG00011127,T00045,ELG,0.51893310,1.015348,1.0000
TG00011128,T00045,ELG,0.50261890,0.907445,1.0000
TG00011129,T00045,ELG,0.47973565,1.447854,1.0000
TG00011130,T00045,ELG,0.68592223,1.109704,1.0000
TG00011131,T00045,ELG,0.37297494,1.224696,1.0000
TG00011132,T00045,ELG,0.89723314,0.403496,1.0000
TG00011133,T00045,ELG,0.71769670,0.739997,1.0000
TG00011134,T00045,ELG,0.65978217,1.285376,1.0000
TG00011135,T00045,ELG,0.49832021,1.215915,1.0000
TG00011136,T00045,ELG,0.78385941,1.642699,1.0000
TG00011137,T00045,ELG,0.83365455,1.660536,1.0000
TG00011138,T00045,ELG,0.46827994,0.990410,1.0000
TG00011139,T00045,ELG,0.43663762,1.136313,1.0000
TG00011140,T00045,ELG,0.29154695,1.281262,1.0000
TG00011141,T00045,ELG,0.28522349,0.645168,1.0000
TG00011142,T00045,ELG,0.47932770,1.297381,1.0000
TG00011143,T00045,ELG,0.35038366,1.268237,1.0000
TG00011144,T00045,ELG,0.50534669,1.117041,1.0000
TG00011145,T00045,ELG,0.58191536,1.524566,1.0000
TG00011146,T00045,ELG,0.50303238,1.392510,1.0000
TG00011147,T00045,ELG,0.44238390,1.274615,1.0000
TG00011148,T00045,ELG,0.45008815,1.029032,1.0000
TG00011149,T00045,ELG,0.57665126,0.731936,1.0000
TG00011150,T00045,ELG,0.56725551,0.962782,1.0000
TG00011151,T00045,ELG,0.67575685,1.264668,1.0000
TG00011152,T00045,ELG,0.52025404,1.121559,1.0000
TG00011153,T00045,QSO,0.18269960,3.022379,1.7000
TG00011154,T00045,QSO,0.13291645,2.872515,1.7000
TG00011155,T00045,QSO,0.12007007,2.326615,1.7000
TG00011156,T00045,QSO,0.17250864,1.535745,1.7000
TG00011157,T00045,QSO,0.23051420,2.632745,1.7000
TG00011158,T00045,QSO,0.36500350,1.577489,1.7000
TG00011159,T00045,QSO,0.23512866,2.568771,1.7000
TG00011160,T00045,QSO,0.32831706,1.871649,1.7000
TG00011161,T00045,QSO,0.28228285,3.064364,1.7000
TG00011162,T00045,QSO,0.13514073,2.937126,1.7000
TG00011163,T00045,QSO,0.22938425,3.278107,1.7000
TG00011164,T00045,QSO,0.29901976,3.114965,1.7000
TG00011165,T00045,QSO,0.27616700,2.321537,1.7000
TG00011166,T00045,QSO,0.41316992,1.723050,1.7000
TG00011167,T00045,QSO,0.17331094,2.924127,1.7000
TG00011168,T00045,QSO,0.29453817,2.007611,1.7000
TG00011169,T00045,QSO,0.18036256,2.216483,1.7000
TG00011170,T00045,BGS,0.72265755,0.141419,0.4500
TG00011171,T00045,BGS,1.40518866,0.217826,0.4500
TG00011172,T00045,BGS,1.06360649,0.251206,0.4500
TG00011173,T00045,BGS,0.95693877,0.282222,0.4500
TG00011174,T00045,BGS,1.92480303,0.364561,0.4500
TG00011175,T00045,BGS,0.93408480,0.295523,0.4500
TG00011176,T00045,BGS,1.69300899,0.234132,0.4500
TG00011177,T00045,BGS,1.51161124,0.380985,0.4500
TG00011178,T00045,BGS,0.92247082,0.100539,0.4500
TG00011179,T00045,BGS,0.92492281,0.288902,0.4500
TG00011180,T00045,BGS,0.93426907,0.156908,0.4500
TG00011181,T00045,BGS,0.62747512,0.121053,0.4500
TG00011182,T00045,BGS,1.24157497,0.134463,0.4500
TG00011183,T00045,BGS,1.19050096,0.108074,0.4500
TG00011184,T00045,BGS,1.16588085,0.338360,0.4500
TG00011185,T00045,BGS,1.36699612,0.234836,0.4500
TG00011186,T00045,BGS,1.05092380,0.312919,0.4500
TG00011187,T00045,BGS,1.09017531,0.056169,0.4500
TG00011188,T00045,BGS,1.01307123,0.383068,0.4500
TG00011189,T00045,BGS,1.81718000,0.200309,0.4500
TG00011190,T00045,BGS,1.65439808,0.246581,0.4500
TG00011191,T00045,BGS,1.70450340,0.200654,0.4500
TG00011192,T00045,BGS,0.68158790,0.263888,0.4500
TG00011193,T00045,BGS,0.90846143,0.068372,0.4500
TG00011194,T00045,BGS,0.80368462,0.182663,0.4500
TG00011195,T00045,BGS,1.63933762,0.150433,0.4500
TG00011196,T00045,BGS,1.37514292,0.283409,0.4500
TG00011197,T00045,BGS,0.73593058,0.291950,0.4500
TG00011198,T00045,BGS,1.35917791,0.258201,0.4500
TG00011199,T00045,BGS,0.98252143,0.072394,0.4500
TG00011200,T00045,BGS,0.70689376,0.196956,0.4500
TG00011201,T00045,BGS,1.96404876,0.084645,0.4500
TG00011202,T00045,BGS,1.18653181,0.208749,0.4500
TG00011203,T00045,BGS,1.33856269,0.164834,0.4500
TG00011204,T00045,BGS,1.16359480,0.298764,0.4500
TG00011205,T00045,BGS,0.58524291,0.152121,0.4500
TG00011206,T00045,BGS,1.56249121,0.426005,0.4500
TG00011207,T00045,BGS,0.98546265,0.176325,0.4500
TG00011208,T00045,BGS,1.30977088,0.194947,0.4500
TG00011209,T00045,BGS,0.97177505,0.176989,0.4500
TG00011210,T00045,BGS,1.59564919,0.135835,0.4500
TG00011211,T00045,BGS,0.94595032,0.161797,0.4500
TG00011212,T00045,BGS,1.54774217,0.207350,0.4500
TG00011213,T00045,BGS,1.94060907,0.349972,0.4500
TG00011214,T00045,BGS,1.05938409,0.147004,0.4500
TG00011215,T00045,BGS,1.14557838,0.302671,0.4500
TG00011216,T00045,BGS,1.11708263,0.307371,0.4500
TG00011217,T00045,BGS,0.88955577,0.412041,0.4500
TG00011218,T00045,BGS,0.89758149,0.216187,0.4500
TG00011219,T00045,BGS,1.87832068,0.215054,0.4500
TG00011220,T00045,BGS,0.95383553,0.381716,0.4500
TG00011221,T00045,BGS,1.21886739,0.205695,0.4500
TG00011222,T00045,BGS,0.99881085,0.318946,0.4500
TG00011223,T00045,BGS,1.07857522,0.082673,0.4500
TG00011224,T00045,BGS,1.01102839,0.253252,0.4500
TG00011225,T00045,BGS,1.67953237,0.236784,0.4500
TG00011226,T00045,BGS,1.49656474,0.147042,0.4500
TG00011227,T00045,BGS,1.37953600,0.224129,0.4500
TG00011228,T00045,BGS,1.24935215,0.100324,0.4500
TG00011229,T00045,BGS,0.99091091,0.169014,0.4500
TG00011230,T00045,BGS,1.48317714,0.151378,0.4500
TG00011231,T00045,BGS,1.12121604,0.147344,0.4500
TG00011232,T00045,BGS,1.60794478,0.147636,0.4500
TG00011233,T00045,BGS,1.85858962,0.263481,0.4500
TG00011234,T00045,BGS,0.52600329,0.329702,0.4500
TG00011235,T00045,BGS,2.07974182,0.130182,0.4500
TG00011236,T00045,BGS,1.57599659,0.246212,0.4500
TG00011237,T00045,BGS,1.79335535,0.248967,0.4500
TG00011238,T00045,BGS,1.10852250,0.275600,0.4500
TG00011239,T00045,BGS,2.29692383,0.268346,0.4500
TG00011240,T00045,BGS,0.95170901,0.131981,0.4500
TG00011241,T00045,BGS,0.94549692,0.349165,0.4500
TG00011242,T00045,BGS,1.07594613,0.074348,0.4500
TG00011243,T00045,BGS,2.03205353,0.086889,0.4500
TG00011244,T00045,BGS,1.39488259,0.276544,0.4500
TG00011245,T00045,BGS,1.33909467,0.354727,0.4500
TG00011246,T00045,BGS,1.34128342,0.306240,0.4500
TG00011247,T00045,BGS,1.60285033,0.110560,0.4500
TG00011248,T00045,BGS,0.89135310,0.161042,0.4500
TG00011249,T00045,BGS,1.16128830,0.167591,0.4500
TG00011250,T00045,BGS,2.18361676,0.152164,0.4500
TG00011251,T00045,BGS,1.50049002,0.083940,0.4500
TG00011252,T00045,BGS,1.28276220,0.266855,0.4500
TG00011253,T00045,BGS,2.49698626,0.333171,0.4500
TG00011254,T00045,BGS,1.35661587,0.161392,0.4500
TG00011255,T00045,BGS,0.93277584,0.202157,0.4500
TG00011256,T00045,BGS,2.03883648,0.221808,0.4500
TG00011257,T00045,BGS,2.68519807,0.247690,0.4500
TG00011258,T00045,BGS,0.88883104,0.042036,0.4500
TG00011259,T00045,BGS,1.33578041,0.234872,0.4500
TG00011260,T00045,BGS,1.45646786,0.258313,0.4500
TG00011261,T00046,LRG,0.18615653,0.649775,1.0000
TG00011262,T00046,LRG,0.27822943,0.740594,1.0000
TG00011263,T00046,LRG,0.33628916,0.815331,1.0000
TG00011264,T00046,LRG,0.30804526,0.574526,1.0000
TG00011265,T00046,LRG,0.26239072,0.648728,1.0000
TG00011266,T00046,LRG,0.48700831,0.579041,1.0000
TG00011267,T00046,LRG,0.45030922,0.958243,1.0000
TG00011268,T00046,LRG,0.58702412,0.386221,1.0000
TG00011269,T00046,LRG,0.35024153,0.707287,1.0000
TG00011270,T00046,LRG,0.61841624,0.984871,1.0000
TG00011271,T00046,LRG,0.22874034,0.297914,1.0000
TG00011272,T00046,LRG,0.24301167,0.816011,1.0000
TG00011273,T00046,LRG,0.24639199,0.652547,1.0000
TG00011274,T00046,LRG,0.36625762,0.917050,1.0000
TG00011275,T00046,LRG,0.41003876,0.638601,1.0000
TG00011276,T00046,LRG,0.45222550,0.790872,1.0000
TG00011277,T00046,LRG,0.48748340,0.736188,1.0000
TG00011278,T00046,LRG,0.45977923,0.966910,1.0000
TG00011279,T00046,LRG,0.38751148,0.790219,1.0000
TG00011280,T00046,LRG,0.38635829,0.753779,1.0000
TG00011281,T00046,LRG,0.39869385,0.761429,1.0000
TG00011282,T00046,LRG,0.53941067,0.766691,1.0000
TG00011283,T00046,LRG,0.35326259,0.986680,1.0000
TG00011284,T00046,LRG,0.45089074,0.850141,1.0000
TG00011285,T00046,LRG,0.41623799,0.693144,1.0000
TG00011286,T00046,LRG,0.35742254,0.321145,1.0000
TG00011287,T00046,LRG,0.48895111,0.933880,1.0000
TG00011288,T00046,LRG,0.38037183,0.647041,1.0000
TG00011289,T00046,LRG,0.27395643,0.898223,1.0000
TG00011290,T00046,LRG,0.90984404,0.602308,1.0000
TG00011291,T00046,LRG,0.39937402,0.659086,1.0000
TG00011292,T00046,LRG,0.47297057,0.875163,1.0000
TG00011293,T00046,LRG,0.13251379,0.608770,1.0000
TG00011294,T00046,LRG,0.28721857,0.305173,1.0000
TG00011295,T00046,LRG,0.40023781,0.625355,1.0000
TG00011296,T00046,LRG,0.54062447,0.646887,1.0000
TG00011297,T00046,LRG,0.12852088,0.643588,1.0000
TG00011298,T00046,LRG,0.37548540,0.828094,1.0000
TG00011299,T00046,LRG,0.54420241,0.704570,1.0000
TG00011300,T00046,LRG,0.54601004,0.620661,1.0000
TG00011301,T00046,LRG,0.36089537,0.884093,1.0000
TG00011302,T00046,LRG,0.26263030,0.692222,1.0000
TG00011303,T00046,LRG,0.44324545,0.742248,1.0000
TG00011304,T00046,LRG,0.34673930,0.657952,1.0000
TG00011305,T00046,LRG,0.57563076,0.701233,1.0000
TG00011306,T00046,LRG,0.32934858,0.554180,1.0000
TG00011307,T00046,LRG,0.55406548,0.723594,1.0000
TG00011308,T00046,LRG,0.52257192,0.486437,1.0000
TG00011309,T00046,LRG,0.28437313,0.542250,1.0000
TG00011310,T00046,LRG,0.31483471,0.556659,1.0000
TG00011311,T00046,LRG,0.35468012,0.626927,1.0000
TG00011312,T00046,LRG,0.41220865,0.998268,1.0000
TG00011313,T00046,LRG,0.44868095,0.893546,1.0000
TG00011314,T00046,LRG,0.55714630,1.288049,1.0000
TG00011315,T00046,ELG,0.70815781,1.099014,1.0000
TG00011316,T00046,ELG,0.36369547,1.037357,1.0000
TG00011317,T00046,ELG,0.50306415,1.460833,1.0000
TG00011318,T00046,ELG,0.96987520,1.071347,1.0000
TG00011319,T00046,ELG,0.73999249,1.312715,1.0000
TG00011320,T00046,ELG,0.91512608,0.872678,1.0000
TG00011321,T00046,ELG,0.49379428,1.274231,1.0000
TG00011322,T00046,ELG,0.76264766,1.223041,1.0000
TG00011323,T00046,ELG,0.62506099,1.389245,1.0000
TG00011324,T00046,ELG,0.28684224,1.679389,1.0000
TG00011325,T00046,ELG,0.64316028,1.114871,1.0000
TG00011326,T00046,ELG,1.52097168,1.270100,1.0000
TG00011327,T00046,ELG,0.86371272,0.774540,1.0000
TG00011328,T00046,ELG,0.54733281,0.259074,1.0000
TG00011329,T00046,ELG,0.61573576,0.645594,1.0000
TG00011330,T00046,ELG,0.36123179,1.596861,1.0000
TG00011331,T00046,ELG,0.56508757,1.267331,1.0000
TG00011332,T00046,ELG,0.31112439,1.121238,1.0000
TG00011333,T00046,ELG,0.68833673,1.293371,1.0000
TG00011334,T00046,ELG,0.71337962,1.431793,1.0000
TG00011335,T00046,ELG,1.13747536,1.031423,1.0000
TG00011336,T00046,ELG,0.49620710,0.988933,1.0000
TG00011337,T00046,ELG,0.43595360,1.174719,1.0000
TG00011338,T00046,ELG,0.47805262,0.713148,1.0000
TG00011339,T00046,ELG,0.32648581,1.400163,1.0000
TG00011340,T00046,ELG,0.43981437,1.361889,1.0000
TG00011341,T00046,ELG,0.29438787,1.231399,1.0000
TG00011342,T00046,ELG,0.48568489,1.077953,1.0000
TG00011343,T00046,ELG,0.58476813,0.940032,1.0000
TG00011344,T00046,ELG,1.02961357,0.668805,1.0000
TG00011345,T00046,ELG,0.32815201,1.128905,1.0000
TG00011346,T00046,ELG,1.09082922,0.958145,1.0000
TG00011347,T00046,ELG,0.80311814,0.824600,1.0000
TG00011348,T00046,ELG,0.46041906,1.027806,1.0000
TG00011349,T00046,ELG,1.26461179,1.310659,1.0000
TG00011350,T00046,ELG,0.66857947,0.718462,1.0000
TG00011351,T00046,ELG,0.73564230,1.408446,1.0000
TG00011352,T00046,ELG,0.30709102,0.877155,1.0000
TG00011353,T00046,ELG,0.46241229,1.129589,1.0000
TG00011354,T00046,ELG,0.23293295,1.142953,1.0000
TG00011355,T00046,ELG,0.44673562,0.806083,1.0000
TG00011356,T00046,ELG,0.70116188,1.224436,1.0000
TG00011357,T00046,ELG,0.36090998,0.959474,1.0000
TG00011358,T00046,ELG,0.71770029,1.003103,1.0000
TG00011359,T00046,ELG,0.27634036,1.286295,1.0000
TG00011360,T00046,ELG,0.63033299,0.823017,1.0000
TG00011361,T00046,ELG,0.69669429,0.912703,1.0000
TG00011362,T00046,ELG,0.72466149,0.947621,1.0000
TG00011363,T00046,ELG,0.51114161,1.379469,1.0000
TG00011364,T00046,ELG,0.65283653,0.862277,1.0000
TG00011365,T00046,ELG,0.41085271,0.862302,1.0000
TG00011366,T00046,ELG,0.37341430,0.291468,1.0000
TG00011367,T00046,ELG,0.63156514,1.410870,1.0000
TG00011368,T00046,ELG,0.95904285,1.030501,1.0000
TG00011369,T00046,ELG,0.54327119,0.948308,1.0000
TG00011370,T00046,ELG,0.51140793,1.322306,1.0000
TG00011371,T00046,ELG,0.64749397,0.907378,1.0000
TG00011372,T00046,ELG,1.01806567,1.082124,1.0000
TG00011373,T00046,ELG,0.75296190,0.898007,1.0000
TG00011374,T00046,ELG,0.35579658,0.708827,1.0000
TG00011375,T00046,ELG,0.30694945,1.709652,1.0000
TG00011376,T00046,ELG,0.64269592,1.350063,1.0000
TG00011377,T00046,ELG,0.35182285,1.187342,1.0000
TG00011378,T00046,ELG,0.45687190,0.953390,1.0000
TG00011379,T00046,ELG,0.47021192,1.332139,1.0000
TG00011380,T00046,ELG,0.32888896,1.445741,1.0000
TG00011381,T00046,ELG,0.52366025,1.655813,1.0000
TG00011382,T00046,ELG,0.74877601,0.918344,1.0000
TG00011383,T00046,ELG,0.48836287,0.694492,1.0000
TG00011384,T00046,ELG,0.52941867,0.944981,1.0000
TG00011385,T00046,ELG,0.48292543,0.888602,1.0000
TG00011386,T00046,ELG,0.73351018,1.243013,1.0000
TG00011387,T00046,ELG,0.67261763,1.570290,1.0000
TG00011388,T00046,ELG,0.40471103,0.506307,1.0000
TG00011389,T00046,ELG,0.61869245,0.815751,1.0000
TG00011390,T00046,ELG,0.62816758,0.906842,1.0000
TG00011391,T00046,ELG,0.76137814,1.414172,1.0000
TG00011392,T00046,ELG,0.52443054,1.593748,1.0000
TG00011393,T00046,ELG,0.28793620,1.134471,1.0000
TG00011394,T00046,ELG,0.92674889,1.038619,1.0000
TG00011395,T00046,ELG,0.31416984,1.543087,1.0000
TG00011396,T00046,ELG,0.53497699,1.473586,1.0000
TG00011397,T00046,ELG,0.65065524,1.116063,1.0000
TG00011398,T00046,ELG,1.00869071,1.293555,1.0000
TG00011399,T00046,ELG,0.78739862,1.007568,1.0000
TG00011400,T00046,ELG,0.16886110,1.194673,1.0000
TG00011401,T00046,ELG,0.80248776,1.202016,1.0000
TG00011402,T00046,QSO,0.17350216,2.470135,1.7000
TG00011403,T00046,QSO,0.16044968,1.524720,1.7000
TG00011404,T00046,QSO,0.21849685,1.577205,1.7000
TG00011405,T00046,QSO,0.08381886,1.964955,1.7000
TG00011406,T00046,QSO,0.51615447,1.868430,1.7000
TG00011407,T00046,QSO,0.18628270,1.433473,1.7000
TG00011408,T00046,QSO,0.21291409,2.078268,1.7000
TG00011409,T00046,QSO,0.22963679,3.301742,1.7000
TG00011410,T00046,QSO,0.14985594,2.306503,1.7000
TG00011411,T00046,QSO,0.12396939,3.407053,1.7000
TG00011412,T00046,QSO,0.16075694,1.766556,1.7000
TG00011413,T00046,QSO,0.07852022,2.134067,1.7000
TG00011414,T00046,QSO,0.11010562,1.309741,1.7000
TG00011415,T00046,QSO,0.10443939,2.711237,1.7000
TG00011416,T00046,QSO,0.15699281,1.666471,1.7000
TG00011417,T00046,QSO,0.20632979,2.680592,1.7000
TG00011418,T00046,QSO,0.12174960,2.225131,1.7000
TG00011419,T00046,QSO,0.22644545,2.217822,1.7000
TG00011420,T00046,BGS,1.06090028,0.261759,0.4500
TG00011421,T00046,BGS,1.06198019,0.125812,0.4500
TG00011422,T00046,BGS,0.58668992,0.266945,0.4500
TG00011423,T00046,BGS,1.61827234,0.157867,0.4500
TG00011424,T00046,BGS,1.32515034,0.205928,0.4500
TG00011425,T00046,BGS,1.45873312,0.261927,0.4500
TG00011426,T00046,BGS,2.78463954,0.141307,0.4500
TG00011427,T00046,BGS,0.85969453,0.219915,0.4500
TG00011428,T00046,BGS,1.46012360,0.246485,0.4500
TG00011429,T00046,BGS,2.03733067,0.090326,0.4500
TG00011430,T00046,BGS,1.48594120,0.292667,0.4500
TG00011431,T00046,BGS,1.11499573,0.232919,0.4500
TG00011432,T00046,BGS,1.23837780,0.284083,0.4500
TG00011433,T00046,BGS,1.55360881,0.285799,0.4500
TG00011434,T00046,BGS,1.38407081,0.339520,0.4500
TG00011435,T00046,BGS,1.09198308,0.031443,0.4500
TG00011436,T00046,BGS,1.57483105,0.224087,0.4500
TG00011437,T00046,BGS,1.11942290,0.209884,0.4500
TG00011438,T00046,BGS,1.37607517,0.168405,0.4500
TG00011439,T00046,BGS,1.44007673,0.262908,0.4500
TG00011440,T00046,BGS,1.46935183,0.109601,0.4500
TG00011441,T00046,BGS,0.97567927,0.313587,0.4500
TG00011442,T00046,BGS,1.17763717,0.284839,0.4500
TG00011443,T00046,BGS,1.78923430,0.060511,0.4500
TG00011444,T00046,BGS,0.89288718,0.247685,0.4500
TG00011445,T00046,BGS,1.41704173,0.345878,0.4500
TG00011446,T00046,BGS,1.12621317,0.296298,0.4500
TG00011447,T00046,BGS,0.81136294,0.303824,0.4500
TG00011448,T00046,BGS,1.72634354,0.146321,0.4500
TG00011449,T00046,BGS,1.18996176,0.219997,0.4500
TG00011450,T00046,BGS,1.17183953,0.292209,0.4500
TG00011451,T00046,BGS,1.27275172,0.073095,0.4500
TG00011452,T00046,BGS,1.32646208,0.226737,0.4500
TG00011453,T00046,BGS,1.39547301,0.168690,0.4500
TG00011454,T00046,BGS,1.50963913,0.418662,0.4500
TG00011455,T00046,BGS,0.99892573,0.242661,0.4500
TG00011456,T00046,BGS,1.63678741,0.264393,0.4500
TG00011457,T00046,BGS,1.29457859,0.239782,0.4500
TG00011458,T00046,BGS,1.27498867,0.421516,0.4500
TG00011459,T00046,BGS,0.80810908,0.229997,0.4500
TG00011460,T00046,BGS,1.41273278,0.192234,0.4500
TG00011461,T00046,BGS,1.20651406,0.316093,0.4500
TG00011462,T00046,BGS,1.10765963,0.232624,0.4500
TG00011463,T00046,BGS,1.52093557,0.208350,0.4500
TG00011464,T00046,BGS,1.26853738,0.063172,0.4500
TG00011465,T00046,BGS,1.13359857,0.209478,0.4500
TG00011466,T00046,BGS,1.25098104,0.141042,0.4500
TG00011467,T00046,BGS,2.14654245,0.183950,0.4500
TG00011468,T00046,BGS,0.81707445,0.089020,0.4500
TG00011469,T00046,BGS,1.59582544,0.188142,0.4500
TG00011470,T00046,BGS,1.54677050,0.324627,0.4500
TG00011471,T00046,BGS,1.46931364,0.152970,0.4500
TG00011472,T00046,BGS,1.30732790,0.155015,0.4500
TG00011473,T00046,BGS,1.03565390,0.391342,0.4500
TG00011474,T00046,BGS,1.50619892,0.232971,0.4500
TG00011475,T00046,BGS,1.26290504,0.174058,0.4500
TG00011476,T00046,BGS,0.84911680,0.352939,0.4500
TG00011477,T00046,BGS,0.96132142,0.120567,0.4500
TG00011478,T00046,BGS,1.42597066,0.000000,0.4500
TG00011479,T00046,BGS,1.55331507,0.421752,0.4500
TG00011480,T00046,BGS,1.23728803,0.129811,0.4500
TG00011481,T00046,BGS,1.58590494,0.329382,0.4500
TG00011482,T00046,BGS,1.19237298,0.224819,0.4500
TG00011483,T00046,BGS,1.90360177,0.297492,0.4500
TG00011484,T00046,BGS,0.75014489,0.119393,0.4500
TG00011485,T00046,BGS,0.98614675,0.191672,0.4500
TG00011486,T00046,BGS,1.61087678,0.304723,0.4500
TG00011487,T00046,BGS,3.07630516,0.231108,0.4500
TG00011488,T00046,BGS,0.87709471,0.220129,0.4500
TG00011489,T00047,LRG,0.64097189,0.757376,1.0000
TG00011490,T00047,LRG,0.25058354,0.348343,1.0000
TG00011491,T00047,LRG,0.30938749,0.747679,1.0000
TG00011492,T00047,LRG,0.46301733,0.464911,1.0000
TG00011493,T00047,LRG,0.35245600,0.825566,1.0000
TG00011494,T00047,LRG,0.39881807,0.585098,1.0000
TG00011495,T00047,LRG,0.27008529,1.024934,1.0000
TG00011496,T00047,LRG,0.25771070,0.710566,1.0000
TG00011497,T00047,LRG,0.35761613,0.768003,1.0000
TG00011498,T00047,LRG,0.37740098,0.493254,1.0000
TG00011499,T00047,LRG,0.35754128,0.895054,1.0000
TG00011500,T00047,LRG,0.39840806,0.801267,1.0000
TG00011501,T00047,LRG,0.33473838,0.484291,1.0000
TG00011502,T00047,LRG,0.51519512,0.885925,1.0000
TG00011503,T00047,LRG,0.41299268,0.593524,1.0000
TG00011504,T00047,LRG,0.26164788,0.794839,1.0000
TG00011505,T00047,LRG,0.39240116,0.486219,1.0000
TG00011506,T00047,LRG,0.13478666,0.939356,1.0000
TG00011507,T00047,LRG,0.34987823,0.623328,1.0000
TG00011508,T00047,LRG,0.16855903,0.796518,1.0000
TG00011509,T00047,LRG,0.40023910,0.804911,1.0000
TG00011510,T00047,LRG,0.33694623,0.459631,1.0000
TG00011511,T00047,LRG,0.32607951,0.678210,1.0000
TG00011512,T00047,LRG,0.27609209,0.680994,1.0000
TG00011513,T00047,LRG,0.36542457,0.508193,1.0000
TG00011514,T00047,LRG,0.37182219,0.525805,1.0000
TG00011515,T00047,LRG,0.35167259,0.768408,1.0000
TG00011516,T00047,LRG,0.29886388,0.600482,1.0000
TG00011517,T00047,LRG,0.27798279,0.602086,1.0000
TG00011518,T00047,LRG,0.45680200,0.762203,1.0000
TG00011519,T00047,LRG,0.35112908,0.956427,1.0000
TG00011520,T00047,LRG,0.22835157,0.771136,1.0000
TG00011521,T00047,LRG,0.24028569,0.665629,1.0000
TG00011522,T00047,LRG,0.45033423,0.816303,1.0000
TG00011523,T00047,LRG,0.19327988,0.542656,1.0000
TG00011524,T00047,LRG,0.41427360,0.840760,1.0000
TG00011525,T00047,LRG,0.21517412,0.492021,1.0000
TG00011526,T00047,LRG,0.37529423,0.589874,1.0000
TG00011527,T00047,LRG,0.54088313,0.790765,1.0000
TG00011528,T00047,LRG,0.24758558,1.025999,1.0000
TG00011529,T00047,LRG,0.31201080,0.663494,1.0000
TG00011530,T00047,LRG,0.29940257,0.608125,1.0000
TG00011531,T00047,LRG,0.36488019,0.813012,1.0000
TG00011532,T00047,LRG,0.42942170,0.605493,1.0000
TG00011533,T00047,LRG,0.23080628,0.808763,1.0000
TG00011534,T00047,LRG,0.28158660,0.786527,1.0000
TG00011535,T00047,LRG,0.40120455,0.830400,1.0000
TG00011536,T00047,LRG,0.35407662,0.864854,1.0000
TG00011537,T00047,LRG,0.32050384,0.654954,1.0000
TG00011538,T00047,LRG,0.40529002,0.607974,1.0000
TG00011539,T00047,LRG,0.26875517,0.510027,1.0000
TG00011540,T00047,LRG,0.74589116,0.802205,1.0000
TG00011541,T00047,LRG,0.36610728,0.874917,1.0000
TG00011542,T00047,LRG,0.41379291,0.644432,1.0000
TG00011543,T00047,LRG,0.60863891,0.602181,1.0000
TG00011544,T00047,LRG,0.26213192,0.859327,1.0000
TG00011545,T00047,LRG,0.49234151,0.501050,1.0000
TG00011546,T00047,LRG,0.87299931,0.701831,1.0000
TG00011547,T00047,LRG,0.30115641,0.763782,1.0000
TG00011548,T00047,LRG,0.34013249,0.691631,1.0000
TG00011549,T00047,LRG,0.35122501,1.097812,1.0000
TG00011550,T00047,LRG,0.33414097,0.827115,1.0000
TG00011551,T00047,LRG,0.45780614,0.482417,1.0000
TG00011552,T00047,LRG,0.48088506,0.599452,1.0000
TG00011553,T00047,LRG,0.32170611,0.826409,1.0000
TG00011554,T00047,LRG,0.36754262,0.656945,1.0000
TG00011555,T00047,LRG,0.25140298,0.683390,1.0000
TG00011556,T00047,LRG,0.31442616,0.570687,1.0000
TG00011557,T00047,LRG,0.38466219,0.684794,1.0000
TG00011558,T00047,LRG,0.33296149,1.041189,1.0000
TG00011559,T00047,LRG,0.47406911,0.456417,1.0000
TG00011560,T00047,LRG,0.93504965,0.502880,1.0000
TG00011561,T00047,LRG,0.27100511,0.661885,1.0000
TG00011562,T00047,LRG,0.21985554,0.743817,1.0000
TG00011563,T00047,LRG,0.36507199,0.644391,1.0000
TG00011564,T00047,LRG,0.23791209,0.790360,1.0000
TG00011565,T00047,LRG,0.31870615,0.465300,1.0000
TG00011566,T00047,LRG,0.21556691,0.297030,1.0000
TG00011567,T00047,LRG,0.21369350,0.909791,1.0000
TG00011568,T00047,LRG,0.72456391,0.649512,1.0000
TG00011569,T00047,LRG,0.32454532,0.661458,1.0000
TG00011570,T00047,LRG,0.29648635,0.941919,1.0000
TG00011571,T00047,LRG,0.56671291,0.846793,1.0000
TG00011572,T00047,ELG,0.44725969,1.491478,1.0000
TG00011573,T00047,ELG,0.69185882,1.134766,1.0000
TG00011574,T00047,ELG,0.91181466,0.957439,1.0000
TG00011575,T00047,ELG,0.47225227,1.675133,1.0000
TG00011576,T00047,ELG,0.50458290,1.333321,1.0000
TG00011577,T00047,ELG,0.59117623,1.124259,1.0000
TG00011578,T00047,ELG,0.38837605,0.842819,1.0000
TG00011579,T00047,ELG,0.29391626,0.907053,1.0000
TG00011580,T00047,ELG,0.77350529,1.477475,1.0000
TG00011581,T00047,ELG,0.89019144,1.159069,1.0000
TG00011582,T00047,ELG,0.87791008,0.987161,1.0000
TG00011583,T00047,ELG,0.39289664,0.383752,1.0000
TG00011584,T00047,ELG,0.36176160,1.534427,1.0000
TG00011585,T00047,ELG,0.53990287,1.543258,1.0000
TG00011586,T00047,ELG,0.82014185,1.002996,1.0000
TG00011587,T00047,ELG,0.82402468,1.312696,1.0000
TG00011588,T00047,ELG,0.85471505,0.815714,1.0000
TG00011589,T00047,ELG,0.42099864,0.536724,1.0000
TG00011590,T00047,ELG,0.72297640,1.187258,1.0000
TG00011591,T00047,ELG,0.56832612,1.231602,1.0000
TG00011592,T00047,ELG,0.67915872,1.088460,1.0000
TG00011593,T00047,ELG,0.81019014,0.762968,1.0000
TG00011594,T00047,ELG,0.86813570,0.715352,1.0000
TG00011595,T00047,ELG,0.57846583,1.510517,1.0000
TG00011596,T00047,ELG,0.86494175,1.247275,1.0000
TG00011597,T00047,ELG,0.24979566,1.323976,1.0000
TG00011598,T00047,ELG,0.61781042,1.263093,1.0000
TG00011599,T00047,ELG,0.43335661,1.091912,1.0000
TG00011600,T00047,ELG,0.63644203,1.278931,1.0000
TG00011601,T00047,ELG,0.53507876,0.856738,1.0000
TG00011602,T00047,ELG,0.74965479,1.322190,1.0000
TG00011603,T00047,ELG,0.92015366,1.475293,1.0000
TG00011604,T00047,ELG,0.51636931,1.330685,1.0000
TG00011605,T00047,ELG,0.89452079,1.362828,1.0000
TG00011606,T00047,ELG,1.23488527,0.871103,1.0000
TG00011607,T00047,ELG,0.95822351,1.266649,1.0000
TG00011608,T00047,ELG,0.53955763,1.221753,1.0000
TG00011609,T00047,ELG,0.41687235,1.211573,1.0000
TG00011610,T00047,ELG,0.42483484,0.767058,1.0000
TG00011611,T00047,ELG,0.27177311,1.201328,1.0000
TG00011612,T00047,ELG,0.89363810,0.615346,1.0000
TG00011613,T00047,ELG,0.52454117,0.850419,1.0000
TG00011614,T00047,ELG,0.44609129,1.008615,1.0000
TG00011615,T00047,ELG,0.45314137,0.912606,1.0000
TG00011616,T00047,ELG,0.34158418,0.707158,1.0000
TG00011617,T00047,ELG,0.58794857,0.781737,1.0000
TG00011618,T00047,ELG,0.53881662,1.177890,1.0000
TG00011619,T00047,ELG,0.76657398,1.141340,1.0000
TG00011620,T00047,ELG,0.40491161,1.269613,1.0000
TG00011621,T00047,ELG,1.11840188,0.567286,1.0000
TG00011622,T00047,ELG,0.28238379,0.851029,1.0000
TG00011623,T00047,ELG,0.52064074,0.855252,1.0000
TG00011624,T00047,ELG,0.32048226,1.399242,1.0000
TG00011625,T00047,ELG,0.31868739,1.163447,1.0000
TG00011626,T00047,ELG,0.35235701,1.461823,1.0000
TG00011627,T00047,ELG,0.95377246,1.110194,1.0000
TG00011628,T00047,ELG,0.55530336,0.995965,1.0000
TG00011629,T00047,ELG,0.77371942,1.026860,1.0000
TG00011630,T00047,ELG,0.78022933,1.403235,1.0000
TG00011631,T00047,ELG,1.07166561,1.166315,1.0000
TG00011632,T00047,ELG,0.33406802,0.607845,1.0000
TG00011633,T00047,ELG,0.55738538,0.546143,1.0000
TG00011634,T00047,ELG,0.43329549,1.275866,1.0000
TG00011635,T00047,ELG,0.38028062,0.881405,1.0000
TG00011636,T00047,ELG,0.59904087,0.921939,1.0000
TG00011637,T00047,QSO,0.08913117,2.257340,1.7000
TG00011638,T00047,QSO,0.20126404,1.498858,1.7000
TG00011639,T00047,QSO,0.08321089,2.078397,1.7000
TG00011640,T00047,QSO,0.14601926,2.301920,1.7000
TG00011641,T00047,QSO,0.07802634,1.748387,1.7000
TG00011642,T00047,QSO,0.08686462,1.328096,1.7000
TG00011643,T00047,QSO,0.04564463,1.778283,1.7000
TG00011644,T00047,QSO,0.32330127,2.401446,1.7000
TG00011645,T00047,QSO,0.21524106,1.763396,1.7000
TG00011646,T00047,QSO,0.17595109,2.765796,1.7000
TG00011647,T00047,QSO,0.14933089,2.336650,1.7000
TG00011648,T00047,QSO,0.13480685,2.110610,1.7000
TG00011649,T00047,QSO,0.31011054,3.149180,1.7000
TG00011650,T00047,QSO,0.15859132,1.645976,1.7000
TG00011651,T00047,QSO,0.22583093,2.512293,1.7000
TG00011652,T00047,BGS,0.74151461,0.318328,0.4500
TG00011653,T00047,BGS,1.13651627,0.301037,0.4500
TG00011654,T00047,BGS,1.25182619,0.369277,0.4500
TG00011655,T00047,BGS,0.91332928,0.149071,0.4500
TG00011656,T00047,BGS,1.39851583,0.127531,0.4500
TG00011657,T00047,BGS,0.78918927,0.213714,0.4500
TG00011658,T00047,BGS,1.44119599,0.379073,0.4500
TG00011659,T00047,BGS,1.36815570,0.286386,0.4500
TG00011660,T00047,BGS,1.73391239,0.326670,0.4500
TG00011661,T00047,BGS,1.30700843,0.311589,0.4500
TG00011662,T00047,BGS,1.62459349,0.219200,0.4500
TG00011663,T00047,BGS,1.63004268,0.145078,0.4500
TG00011664,T00047,BGS,0.88440727,0.173200,0.4500
TG00011665,T00047,BGS,2.32126442,0.370576,0.4500
TG00011666,T00047,BGS,1.35217478,0.185924,0.4500
TG00011667,T00047,BGS,1.61641481,0.220246,0.4500
TG00011668,T00047,BGS,0.92593471,0.296581,0.4500
TG00011669,T00047,BGS,0.97760204,0.131982,0.4500
TG00011670,T00047,BGS,1.44230924,0.300328,0.4500
TG00011671,T00047,BGS,0.84101682,0.170973,0.4500
TG00011672,T00047,BGS,1.34467155,0.342742,0.4500
TG00011673,T00047,BGS,0.91131378,0.345101,0.4500
TG00011674,T00047,BGS,1.18729139,0.132216,0.4500
TG00011675,T00047,BGS,1.37755041,0.221514,0.4500
TG00011676,T00047,BGS,0.97121366,0.261880,0.4500
TG00011677,T00047,BGS,1.00309252,0.238243,0.4500
TG00011678,T00047,BGS,1.42682330,0.185230,0.4500
TG00011679,T00047,BGS,1.23524250,0.240530,0.4500
TG00011680,T00047,BGS,1.62966508,0.237862,0.4500
TG00011681,T00047,BGS,1.32913973,0.239569,0.4500
TG00011682,T00047,BGS,1.84305987,0.324778,0.4500
TG00011683,T00047,BGS,0.99005847,0.214468,0.4500
TG00011684,T00047,BGS,1.98358559,0.296375,0.4500
TG00011685,T00047,BGS,0.80094189,0.237958,0.4500
TG00011686,T00047,BGS,1.13513103,0.266745,0.4500
TG00011687,T00047,BGS,0.97294917,0.147289,0.4500
TG00011688,T00047,BGS,1.19434427,0.189907,0.4500
TG00011689,T00047,BGS,1.37951536,0.217639,0.4500
TG00011690,T00047,BGS,1.06584302,0.269956,0.4500
TG00011691,T00047,BGS,1.05512524,0.217966,0.4500
TG00011692,T00047,BGS,0.96120609,0.120233,0.4500
TG00011693,T00047,BGS,1.54866466,0.144589,0.4500
TG00011694,T00047,BGS,1.20730173,0.051864,0.4500
TG00011695,T00047,BGS,1.62193788,0.254871,0.4500
TG00011696,T00047,BGS,1.04981350,0.135131,0.4500
TG00011697,T00047,BGS,0.93992426,0.242289,0.4500
TG00011698,T00047,BGS,1.98897193,0.292509,0.4500
TG00011699,T00047,BGS,2.27433776,0.093212,0.4500
TG00011700,T00047,BGS,0.81436340,0.336471,0.4500
TG00011701,T00047,BGS,1.71506001,0.177201,0.4500
TG00011702,T00047,BGS,0.89580309,0.000000,0.4500
TG00011703,T00047,BGS,1.03051511,0.177308,0.4500
TG00011704,T00047,BGS,1.55868873,0.000000,0.4500
TG00011705,T00047,BGS,0.92796404,0.184178,0.4500
TG00011706,T00047,BGS,1.53463597,0.255940,0.4500
TG00011707,T00047,BGS,2.86753485,0.172922,0.4500
TG00011708,T00047,BGS,1.23535294,0.139987,0.4500
TG00011709,T00047,BGS,2.00130363,0.319104,0.4500
TG00011710,T00047,BGS,1.47050100,0.237340,0.4500
TG00011711,T00047,BGS,1.29181476,0.078191,0.4500
TG00011712,T00047,BGS,1.09195305,0.419870,0.4500
TG00011713,T00047,BGS,1.57887592,0.148232,0.4500
TG00011714,T00047,BGS,1.12283223,0.157429,0.4500
TG00011715,T00047,BGS,1.82556570,0.099417,0.4500
TG00011716,T00047,BGS,1.22417866,0.163659,0.4500
TG00011717,T00047,BGS,1.17770268,0.306189,0.4500
TG00011718,T00047,BGS,0.86709790,0.149195,0.4500
TG00011719,T00047,BGS,1.18184763,0.169519,0.4500
TG00011720,T00047,BGS,0.89779117,0.379933,0.4500
TG00011721,T00047,BGS,1.03722973,0.302014,0.4500
TG00011722,T00047,BGS,1.46584983,0.368855,0.4500
TG00011723,T00047,BGS,0.68497406,0.422817,0.4500
TG00011724,T00047,BGS,1.46124268,0.088823,0.4500
TG00011725,T00047,BGS,1.65021026,0.109179,0.4500
TG00011726,T00047,BGS,0.91925493,0.308552,0.4500
TG00011727,T00047,BGS,0.99768565,0.243510,0.4500
TG00011728,T00047,BGS,1.16103323,0.077182,0.4500
TG00011729,T00047,BGS,1.01930761,0.134977,0.4500
TG00011730,T00047,BGS,0.71987825,0.356377,0.4500
TG00011731,T00047,BGS,1.90731816,0.217228,0.4500
TG00011732,T00047,BGS,0.92568392,0.241717,0.4500
TG00011733,T00047,BGS,0.72920172,0.302525,0.4500
TG00011734,T00047,BGS,1.93399270,0.444794,0.4500
TG00011735,T00047,BGS,1.23113007,0.406499,0.4500
TG00011736,T00047,BGS,1.09600773,0.317244,0.4500
TG00011737,T00047,BGS,1.14522314,0.158961,0.4500
TG00011738,T00047,BGS,1.30159951,0.038603,0.4500
TG00011739,T00047,BGS,0.92971549,0.266936,0.4500
TG00011740,T00047,BGS,1.08985184,0.207545,0.4500
TG00011741,T00047,BGS,1.12552615,0.210583,0.4500
TG00011742,T00047,BGS,1.72371672,0.282796,0.4500
TG00011743,T00047,BGS,1.20136540,0.134027,0.4500
TG00011744,T00047,BGS,1.22917551,0.308225,0.4500
TG00011745,T00047,BGS,2.24742156,0.110772,0.4500
TG00011746,T00048,LRG,0.23516908,0.627922,1.0000
TG00011747,T00048,LRG,0.33476958,0.842948,1.0000
TG00011748,T00048,LRG,0.29239881,0.460993,1.0000
TG00011749,T00048,LRG,0.22217492,0.700250,1.0000
TG00011750,T00048,LRG,0.26158113,0.565111,1.0000
TG00011751,T00048,LRG,0.37150771,0.835576,1.0000
TG00011752,T00048,LRG,0.19797801,0.949813,1.0000
TG00011753,T00048,LRG,0.43415216,0.648043,1.0000
TG00011754,T00048,LRG,0.42318386,0.970649,1.0000
TG00011755,T00048,LRG,0.36183003,0.645986,1.0000
TG00011756,T00048,LRG,0.30680768,0.750268,1.0000
TG00011757,T00048,LRG,0.16249380,0.810184,1.0000
TG00011758,T00048,LRG,0.34611337,0.695830,1.0000
TG00011759,T00048,LRG,0.39958357,1.095726,1.0000
TG00011760,T00048,LRG,0.30348668,0.564509,1.0000
TG00011761,T00048,LRG,0.31286396,0.964153,1.0000
TG00011762,T00048,LRG,0.39362622,0.448912,1.0000
TG00011763,T00048,LRG,0.27292109,0.793838,1.0000
TG00011764,T00048,LRG,0.32185358,0.964625,1.0000
TG00011765,T00048,LRG,0.23073242,0.883440,1.0000
TG00011766,T00048,LRG,0.21905160,0.923978,1.0000
TG00011767,T00048,LRG,0.35896200,0.655543,1.0000
TG00011768,T00048,LRG,0.41352919,0.722013,1.0000
TG00011769,T00048,LRG,0.75060334,0.730114,1.0000
TG00011770,T00048,LRG,0.26878916,0.788065,1.0000
TG00011771,T00048,LRG,0.30943042,0.583201,1.0000
TG00011772,T00048,LRG,0.34898779,0.687739,1.0000
TG00011773,T00048,LRG,0.52594263,0.753222,1.0000
TG00011774,T00048,LRG,0.65104654,0.647736,1.0000
TG00011775,T00048,LRG,0.22030811,0.751519,1.0000
TG00011776,T00048,LRG,0.39114477,0.551630,1.0000
TG00011777,T00048,LRG,0.42013077,0.922584,1.0000
TG00011778,T00048,LRG,0.28742618,0.598203,1.0000
TG00011779,T00048,LRG,0.13754375,0.347095,1.0000
TG00011780,T00048,LRG,0.56203418,1.009026,1.0000
TG00011781,T00048,LRG,0.35060511,0.816857,1.0000
TG00011782,T00048,LRG,0.29511271,0.407936,1.0000
TG00011783,T00048,LRG,0.20024597,0.775936,1.0000
TG00011784,T00048,LRG,0.47214199,0.538277,1.0000
TG00011785,T00048,LRG,0.30682443,0.967059,1.0000
TG00011786,T00048,LRG,0.30205162,0.923962,1.0000
TG00011787,T00048,LRG,0.39407031,0.689597,1.0000
TG00011788,T00048,LRG,0.33592886,0.862060,1.0000
TG00011789,T00048,LRG,0.17076146,0.622837,1.0000
TG00011790,T00048,ELG,0.28420265,1.364222,1.0000
TG00011791,T00048,ELG,0.70478372,1.146952,1.0000
TG00011792,T00048,ELG,0.53220430,0.928497,1.0000
TG00011793,T00048,ELG,0.29598562,0.579295,1.0000
TG00011794,T00048,ELG,0.57443119,0.830730,1.0000
TG00011795,T00048,ELG,0.61679351,0.361219,1.0000
TG00011796,T00048,ELG,0.75320075,1.130907,1.0000
TG00011797,T00048,ELG,0.65225008,1.277161,1.0000
TG00011798,T00048,ELG,0.57689004,0.804582,1.0000
TG00011799,T00048,ELG,0.23242973,0.743132,1.0000
TG00011800,T00048,ELG,0.76741736,0.737819,1.0000
TG00011801,T00048,ELG,0.38210314,1.425249,1.0000
TG00011802,T00048,ELG,0.60527062,1.029567,1.0000
TG00011803,T00048,ELG,0.52479346,1.406344,1.0000
TG00011804,T00048,ELG,0.75050415,1.509492,1.0000
TG00011805,T00048,ELG,0.72476481,1.356279,1.0000
TG00011806,T00048,ELG,0.52266527,0.788791,1.0000
TG00011807,T00048,ELG,0.55990965,0.567166,1.0000
TG00011808,T00048,ELG,0.60244707,1.273589,1.0000
TG00011809,T00048,ELG,0.77328294,1.095846,1.0000
TG00011810,T00048,ELG,0.92718118,1.255607,1.0000
TG00011811,T00048,ELG,0.24590600,0.461747,1.0000
TG00011812,T00048,ELG,0.46860700,1.142589,1.0000
TG00011813,T00048,ELG,0.51993918,1.072359,1.0000
TG00011814,T00048,ELG,0.39350855,0.714372,1.0000
TG00011815,T00048,ELG,0.63907989,1.842308,1.0000
TG00011816,T00048,ELG,0.69167228,0.906788,1.0000
TG00011817,T00048,ELG,0.43170361,1.345780,1.0000
TG00011818,T00048,ELG,0.83522544,1.313795,1.0000
TG00011819,T00048,ELG,0.42027676,1.042232,1.0000
TG00011820,T00048,ELG,1.23157206,1.659159,1.0000
TG00011821,T00048,ELG,0.30037942,0.524544,1.0000
TG00011822,T00048,ELG,0.29122297,0.917357,1.0000
TG00011823,T00048,ELG,0.93562981,1.088805,1.0000
TG00011824,T00048,ELG,0.54549448,1.429740,1.0000
TG00011825,T00048,ELG,0.62128348,1.537754,1.0000
TG00011826,T00048,ELG,0.51671455,1.323684,1.0000
TG00011827,T00048,ELG,0.42006104,1.242153,1.0000
TG00011828,T00048,ELG,0.44386269,1.321710,1.0000
TG00011829,T00048,ELG,0.47516208,1.213338,1.0000
TG00011830,T00048,ELG,0.92784678,0.870958,1.0000
TG00011831,T00048,ELG,0.43451828,0.931353,1.0000
TG00011832,T00048,ELG,0.35239514,1.295334,1.0000
TG00011833,T00048,ELG,0.76343110,0.904453,1.0000
TG00011834,T00048,ELG,0.44387087,1.184936,1.0000
TG00011835,T00048,ELG,0.36673134,0.805146,1.0000
TG00011836,T00048,ELG,0.72345884,0.519116,1.0000
TG00011837,T00048,ELG,0.46490059,0.877614,1.0000
TG00011838,T00048,ELG,1.25412911,1.027475,1.0000
TG00011839,T00048,ELG,0.76065133,1.341057,1.0000
TG00011840,T00048,ELG,0.34152407,1.378409,1.0000
TG00011841,T00048,ELG,0.61196657,1.100197,1.0000
TG00011842,T00048,ELG,0.46803495,1.083493,1.0000
TG00011843,T00048,ELG,1.79771080,1.538625,1.0000
TG00011844,T00048,ELG,0.34436921,0.873736,1.0000
TG00011845,T00048,ELG,0.50754259,0.825991,1.0000
TG00011846,T00048,ELG,0.47156966,0.643941,1.0000
TG00011847,T00048,ELG,0.49317625,1.696737,1.0000
TG00011848,T00048,ELG,0.53868800,0.996766,1.0000
TG00011849,T00048,ELG,0.54468445,0.905858,1.0000
TG00011850,T00048,ELG,0.33626451,1.094917,1.0000
TG00011851,T00048,ELG,0.27550045,0.923964,1.0000
TG00011852,T00048,ELG,0.83840515,0.936091,1.0000
TG00011853,T00048,ELG,0.51938369,1.479941,1.0000
TG00011854,T00048,ELG,0.57853030,1.103650,1.0000
TG00011855,T00048,ELG,0.52786080,1.149023,1.0000
TG00011856,T00048,ELG,0.50676117,1.264237,1.0000
TG00011857,T00048,ELG,0.70663251,1.021856,1.0000
TG00011858,T00048,ELG,0.96049901,0.965266,1.0000
TG00011859,T00048,ELG,0.56517224,1.110598,1.0000
TG00011860,T00048,ELG,0.42671988,1.639768,1.0000
TG00011861,T00048,ELG,0.24202058,0.819769,1.0000
TG00011862,T00048,ELG,0.75506393,1.373983,1.0000
TG00011863,T00048,ELG,0.59713845,1.257633,1.0000
TG00011864,T00048,ELG,0.41200064,0.865997,1.0000
TG00011865,T00048,ELG,1.03577111,0.828985,1.0000
TG00011866,T00048,ELG,0.57670570,1.009839,1.0000
TG00011867,T00048,ELG,0.71684700,1.020723,1.0000
TG00011868,T00048,ELG,0.46730052,0.852251,1.0000
TG00011869,T00048,ELG,0.88315062,1.149319,1.0000
TG00011870,T00048,ELG,0.14944018,1.320257,1.0000
TG00011871,T00048,ELG,1.22022694,1.181194,1.0000
TG00011872,T00048,ELG,0.43832487,1.098995,1.0000
TG00011873,T00048,ELG,0.85007374,0.737831,1.0000
TG00011874,T00048,ELG,0.63296710,0.996312,1.0000
TG00011875,T00048,ELG,0.50277999,1.203569,1.0000
TG00011876,T00048,ELG,0.83285454,1.186835,1.0000
TG00011877,T00048,ELG,0.68959455,1.177083,1.0000
TG00011878,T00048,QSO,0.47115557,1.907571,1.7000
TG00011879,T00048,QSO,0.12715810,3.121175,1.7000
TG00011880,T00048,QSO,0.27595722,2.535955,1.7000
TG00011881,T00048,QSO,0.05586070,1.579527,1.7000
TG00011882,T00048,QSO,0.09443904,2.614616,1.7000
TG00011883,T00048,QSO,0.20058037,2.041885,1.7000
TG00011884,T00048,QSO,0.15767636,1.319096,1.7000
TG00011885,T00048,QSO,0.13430189,2.181828,1.7000
TG00011886,T00048,QSO,0.14280224,3.669143,1.7000
TG00011887,T00048,QSO,0.20230664,2.275961,1.7000
TG00011888,T00048,QSO,0.28109327,2.201907,1.7000
TG00011889,T00048,BGS,1.20807821,0.346106,0.4500
TG00011890,T00048,BGS,1.32400590,0.297545,0.4500
TG00011891,T00048,BGS,1.32330092,0.208125,0.4500
TG00011892,T00048,BGS,1.46362193,0.283273,0.4500
TG00011893,T00048,BGS,2.41635954,0.158296,0.4500
TG00011894,T00048,BGS,1.77676326,0.017085,0.4500
TG00011895,T00048,BGS,0.88350921,0.136675,0.4500
TG00011896,T00048,BGS,1.63859738,0.271514,0.4500
TG00011897,T00048,BGS,1.38099446,0.235713,0.4500
TG00011898,T00048,BGS,1.71452447,0.251419,0.4500
TG00011899,T00048,BGS,1.09087734,0.309754,0.4500
TG00011900,T00048,BGS,0.97241276,0.208694,0.4500
TG00011901,T00048,BGS,0.72245208,0.141507,0.4500
TG00011902,T00048,BGS,0.80571091,0.192763,0.4500
TG00011903,T00048,BGS,0.86577264,0.237359,0.4500
TG00011904,T00048,BGS,1.12208661,0.154039,0.4500
TG00011905,T00048,BGS,1.52427963,0.202596,0.4500
TG00011906,T00048,BGS,0.86927338,0.142276,0.4500
TG00011907,T00048,BGS,1.91051289,0.316297,0.4500
TG00011908,T00048,BGS,0.91273008,0.220748,0.4500
TG00011909,T00048,BGS,1.10997584,0.249477,0.4500
TG00011910,T00048,BGS,1.37428020,0.196837,0.4500
TG00011911,T00048,BGS,1.41196564,0.320623,0.4500
TG00011912,T00048,BGS,1.47613871,0.290773,0.4500
TG00011913,T00048,BGS,1.43480418,0.434233,0.4500
TG00011914,T00048,BGS,1.66041358,0.208596,0.4500
TG00011915,T00048,BGS,1.10300529,0.197027,0.4500
TG00011916,T00048,BGS,0.79163421,0.199740,0.4500
TG00011917,T00048,BGS,1.55955424,0.139460,0.4500
TG00011918,T00048,BGS,2.61273468,0.326555,0.4500
TG00011919,T00048,BGS,1.00670684,0.217029,0.4500
TG00011920,T00048,BGS,0.74590622,0.369341,0.4500
TG00011921,T00048,BGS,1.49064440,0.205021,0.4500
TG00011922,T00048,BGS,0.96351785,0.248312,0.4500
TG00011923,T00048,BGS,2.12361406,0.215358,0.4500
TG00011924,T00048,BGS,0.93096847,0.235500,0.4500
TG00011925,T00048,BGS,1.77897435,0.160406,0.4500
TG00011926,T00048,BGS,1.08435406,0.275099,0.4500
TG00011927,T00048,BGS,1.81060610,0.315949,0.4500
TG00011928,T00048,BGS,1.07637708,0.156105,0.4500
TG00011929,T00048,BGS,2.52328190,0.196998,0.4500
TG00011930,T00048,BGS,0.99004304,0.338373,0.4500
TG00011931,T00048,BGS,0.79469750,0.353440,0.4500
TG00011932,T00048,BGS,1.35066291,0.131546,0.4500
TG00011933,T00048,BGS,2.05059817,0.229121,0.4500
TG00011934,T00048,BGS,1.20342102,0.396978,0.4500
TG00011935,T00048,BGS,0.88739506,0.234416,0.4500
TG00011936,T00048,BGS,1.53605165,0.151279,0.4500
TG00011937,T00048,BGS,1.88889252,0.411569,0.4500
TG00011938,T00048,BGS,1.37818999,0.321462,0.4500
TG00011939,T00048,BGS,0.78529559,0.210238,0.4500
TG00011940,T00048,BGS,1.08174202,0.141410,0.4500
TG00011941,T00048,BGS,0.91119932,0.247217,0.4500
TG00011942,T00048,BGS,1.32599172,0.301434,0.4500
TG00011943,T00048,BGS,1.37880438,0.400418,0.4500
TG00011944,T00048,BGS,0.90423464,0.183333,0.4500
TG00011945,T00048,BGS,1.06420881,0.052409,0.4500
TG00011946,T00048,BGS,1.07608969,0.124972,0.4500
TG00011947,T00048,BGS,1.72676986,0.131354,0.4500
TG00011948,T00048,BGS,0.65248553,0.297338,0.4500
TG00011949,T00048,BGS,2.20311628,0.445604,0.4500
TG00011950,T00048,BGS,0.98430735,0.125984,0.4500
TG00011951,T00048,BGS,1.84343667,0.317061,0.4500
TG00011952,T00048,BGS,1.20409818,0.236755,0.4500
TG00011953,T00048,BGS,0.81046366,0.273954,0.4500
TG00011954,T00048,BGS,1.20460589,0.154043,0.4500
TG00011955,T00048,BGS,1.24106823,0.109333,0.4500
TG00011956,T00048,BGS,1.34449490,0.241444,0.4500
TG00011957,T00048,BGS,1.40587196,0.139976,0.4500
TG00011958,T00048,BGS,1.23356086,0.279811,0.4500
TG00011959,T00049,LRG,0.24144513,0.828903,1.0000
TG00011960,T00049,LRG,0.35678662,0.835365,1.0000
TG00011961,T00049,LRG,0.26497806,1.046262,1.0000
TG00011962,T00049,LRG,0.55134477,0.876686,1.0000
TG00011963,T00049,LRG,0.52225108,0.973096,1.0000
TG00011964,T00049,LRG,0.35578553,0.535862,1.0000
TG00011965,T00049,LRG,0.47618331,0.600531,1.0000
TG00011966,T00049,LRG,0.47475797,0.789654,1.0000
TG00011967,T00049,LRG,0.34228896,0.606090,1.0000
TG00011968,T00049,LRG,0.32774766,0.809767,1.0000
TG00011969,T00049,LRG,0.27297754,0.646241,1.0000
TG00011970,T00049,LRG,0.27524151,0.578591,1.0000
TG00011971,T00049,LRG,0.25411839,0.961397,1.0000
TG00011972,T00049,LRG,0.42984568,0.610972,1.0000
TG00011973,T00049,LRG,0.35762316,0.696761,1.0000
TG00011974,T00049,LRG,0.41567474,0.778030,1.0000
TG00011975,T00049,LRG,0.27725183,0.783099,1.0000
TG00011976,T00049,LRG,0.37566490,0.568509,1.0000
TG00011977,T00049,LRG,0.18414361,0.630421,1.0000
TG00011978,T00049,LRG,0.76611683,0.642501,1.0000
TG00011979,T00049,LRG,0.22084289,0.831316,1.0000
TG00011980,T00049,LRG,0.39418744,0.782249,1.0000
TG00011981,T00049,LRG,0.30731265,0.559502,1.0000
TG00011982,T00049,LRG,0.28941582,0.877070,1.0000
TG00011983,T00049,LRG,0.39111999,0.810667,1.0000
TG00011984,T00049,LRG,0.31169487,0.629708,1.0000
TG00011985,T00049,LRG,0.19383312,0.803496,1.0000
TG00011986,T00049,LRG,0.45212372,0.495614,1.0000
TG00011987,T00049,LRG,0.20062609,0.636169,1.0000
TG00011988,T00049,LRG,0.30787916,0.588509,1.0000
TG00011989,T00049,LRG,0.67881486,0.696306,1.0000
TG00011990,T00049,LRG,0.46803499,0.710225,1.0000
TG00011991,T00049,LRG,0.44696953,0.958114,1.0000
TG00011992,T00049,LRG,0.42198574,0.560438,1.0000
TG00011993,T00049,LRG,0.48164174,0.702182,1.0000
TG00011994,T00049,LRG,0.37102425,0.975022,1.0000
TG00011995,T00049,LRG,0.52984855,0.466199,1.0000
TG00011996,T00049,LRG,0.21126926,0.903634,1.0000
TG00011997,T00049,LRG,0.39683366,0.398848,1.0000
TG00011998,T00049,LRG,0.27529748,0.819601,1.0000
TG00011999,T00049,LRG,0.39856713,0.670832,1.0000
TG00012000,T00049,LRG,0.31172604,0.677156,1.0000
TG00012001,T00049,LRG,0.25721091,0.875624,1.0000
TG00012002,T00049,LRG,0.14795385,1.079760,1.0000
TG00012003,T00049,LRG,0.33632956,0.814124,1.0000
TG00012004,T00049,LRG,0.41899799,0.818137,1.0000
TG00012005,T00049,LRG,0.39681602,0.980767,1.0000
TG00012006,T00049,LRG,0.45629333,0.433091,1.0000
TG00012007,T00049,ELG,0.54508906,0.802728,1.0000
TG00012008,T00049,ELG,0.36441273,0.919325,1.0000
TG00012009,T00049,ELG,0.81124074,1.429618,1.0000
TG00012010,T00049,ELG,0.47880681,0.905683,1.0000
TG00012011,T00049,ELG,1.05123695,1.774472,1.0000
TG00012012,T00049,ELG,0.37699639,1.205194,1.0000
TG00012013,T00049,ELG,0.47326455,0.855527,1.0000
TG00012014,T00049,ELG,0.47211354,1.673682,1.0000
TG00012015,T00049,ELG,0.27487672,1.066174,1.0000
TG00012016,T00049,ELG,0.17894772,1.080094,1.0000
TG00012017,T00049,ELG,0.28721595,1.184036,1.0000
TG00012018,T00049,ELG,0.71062421,1.126580,1.0000
TG00012019,T00049,ELG,0.58541611,0.860998,1.0000
TG00012020,T00049,ELG,0.60027563,1.297751,1.0000
TG00012021,T00049,ELG,0.52078834,0.710055,1.0000
TG00012022,T00049,ELG,0.81635520,0.781131,1.0000
TG00012023,T00049,ELG,0.30297265,1.249491,1.0000
TG00012024,T00049,ELG,0.48586211,0.951461,1.0000
TG00012025,T00049,ELG,0.37592925,0.693194,1.0000
TG00012026,T00049,ELG,0.49409766,1.026782,1.0000
TG00012027,T00049,ELG,0.57679514,0.866710,1.0000
TG00012028,T00049,ELG,0.30341721,1.154172,1.0000
TG00012029,T00049,ELG,0.37252305,1.277714,1.0000
TG00012030,T00049,ELG,0.39129962,0.870297,1.0000
TG00012031,T00049,ELG,0.32549156,0.922650,1.0000
TG00012032,T00049,ELG,0.84569498,0.605278,1.0000
TG00012033,T00049,ELG,0.39865185,1.011162,1.0000
TG00012034,T00049,ELG,1.24186639,1.128918,1.0000
TG00012035,T00049,ELG,0.42492128,0.961839,1.0000
TG00012036,T00049,ELG,0.67524272,0.969224,1.0000
TG00012037,T00049,ELG,0.73759608,1.660239,1.0000
TG00012038,T00049,ELG,0.45847713,1.349309,1.0000
TG00012039,T00049,ELG,0.58955060,0.944613,1.0000
TG00012040,T00049,ELG,0.67001673,0.945931,1.0000
TG00012041,T00049,ELG,0.36328897,1.630721,1.0000
TG00012042,T00049,ELG,0.29167598,1.456597,1.0000
TG00012043,T00049,ELG,0.58506228,1.224883,1.0000
TG00012044,T00049,ELG,0.24945634,1.947864,1.0000
TG00012045,T00049,ELG,0.89133450,1.452434,1.0000
TG00012046,T00049,ELG,0.51172277,1.421430,1.0000
TG00012047,T00049,ELG,0.40908232,0.722669,1.0000
TG00012048,T00049,ELG,0.48328396,1.117603,1.0000
TG00012049,T00049,ELG,0.57686528,0.921654,1.0000
TG00012050,T00049,ELG,0.87455690,1.114509,1.0000
TG00012051,T00049,ELG,0.21648287,1.087282,1.0000
TG00012052,T00049,ELG,0.65435699,0.916846,1.0000
TG00012053,T00049,ELG,0.72450349,0.851653,1.0000
TG00012054,T00049,ELG,0.43172619,1.249542,1.0000
TG00012055,T00049,ELG,0.48607377,1.497829,1.0000
TG00012056,T00049,ELG,0.29615382,1.296722,1.0000
TG00012057,T00049,ELG,0.36191922,1.144609,1.0000
TG00012058,T00049,ELG,0.26764740,1.244698,1.0000
TG00012059,T00049,ELG,0.62171457,1.455213,1.0000
TG00012060,T00049,ELG,0.80151134,1.342296,1.0000
TG00012061,T00049,ELG,0.47947078,0.875153,1.0000
TG00012062,T00049,ELG,0.57820955,1.228113,1.0000
TG00012063,T00049,ELG,0.69485606,1.083169,1.0000
TG00012064,T00049,ELG,0.62145072,1.056745,1.0000
TG00012065,T00049,ELG,0.61854882,0.830035,1.0000
TG00012066,T00049,ELG,0.33614611,1.153571,1.0000
TG00012067,T00049,ELG,0.37444981,0.909810,1.0000
TG00012068,T00049,ELG,1.23296088,0.848646,1.0000
TG00012069,T00049,ELG,1.07340242,1.298112,1.0000
TG00012070,T00049,ELG,0.40095377,0.945207,1.0000
TG00012071,T00049,ELG,0.47433500,0.814002,1.0000
TG00012072,T00049,ELG,0.29082355,0.978929,1.0000
TG00012073,T00049,ELG,1.32320694,1.138323,1.0000
TG00012074,T00049,ELG,0.32284508,1.060396,1.0000
TG00012075,T00049,ELG,0.73358254,1.120001,1.0000
TG00012076,T00049,ELG,0.85167766,0.642360,1.0000
TG00012077,T00049,ELG,0.34975208,0.956357,1.0000
TG00012078,T00049,ELG,1.03125246,0.946984,1.0000
TG00012079,T00049,ELG,0.63018638,1.302202,1.0000
TG00012080,T00049,ELG,0.78617421,0.996243,1.0000
TG00012081,T00049,ELG,0.80444334,0.674831,1.0000
TG00012082,T00049,ELG,0.59139432,1.165540,1.0000
TG00012083,T00049,ELG,0.66982211,1.202806,1.0000
TG00012084,T00049,ELG,0.57248394,0.939205,1.0000
TG00012085,T00049,ELG,0.49612834,1.480382,1.0000
TG00012086,T00049,ELG,0.41577446,0.892646,1.0000
TG00012087,T00049,ELG,0.74351842,0.970984,1.0000
TG00012088,T00049,ELG,0.98508838,0.899542,1.0000
TG00012089,T00049,ELG,0.60518408,1.221717,1.0000
TG00012090,T00049,ELG,0.59740882,0.954743,1.0000
TG00012091,T00049,ELG,0.24839140,1.086050,1.0000
TG00012092,T00049,ELG,0.71133580,0.895824,1.0000
TG00012093,T00049,ELG,0.48946367,1.460199,1.0000
TG00012094,T00049,ELG,0.46208322,1.060218,1.0000
TG00012095,T00049,ELG,0.48675820,0.752031,1.0000
TG00012096,T00049,ELG,0.64179412,1.201013,1.0000
TG00012097,T00049,QSO,0.25814092,2.156081,1.7000
TG00012098,T00049,QSO,0.36814565,3.409123,1.7000
TG00012099,T00049,QSO,0.13733465,1.785597,1.7000
TG00012100,T00049,QSO,0.18699008,2.309440,1.7000
TG00012101,T00049,QSO,0.09190343,2.359420,1.7000
TG00012102,T00049,QSO,0.12282178,1.580842,1.7000
TG00012103,T00049,QSO,0.28112785,2.790528,1.7000
TG00012104,T00049,QSO,0.11192463,3.173817,1.7000
TG00012105,T00049,QSO,0.21535833,1.969280,1.7000
TG00012106,T00049,QSO,0.17385938,3.953176,1.7000
TG00012107,T00049,QSO,0.22874642,1.641173,1.7000
TG00012108,T00049,QSO,0.17593501,1.803195,1.7000
TG00012109,T00049,QSO,0.06593183,2.408159,1.7000
TG00012110,T00049,QSO,0.25064429,1.310541,1.7000
TG00012111,T00049,QSO,0.14182065,1.431172,1.7000
TG00012112,T00049,QSO,0.08669163,2.371455,1.7000
TG00012113,T00049,QSO,0.33888233,2.201883,1.7000
TG00012114,T00049,QSO,0.12022549,1.334516,1.7000
TG00012115,T00049,BGS,1.34264989,0.170932,0.4500
TG00012116,T00049,BGS,1.43458562,0.228283,0.4500
TG00012117,T00049,BGS,1.21256360,0.108317,0.4500
TG00012118,T00049,BGS,1.48990007,0.237680,0.4500
TG00012119,T00049,BGS,1.43450313,0.233799,0.4500
TG00012120,T00049,BGS,1.07649761,0.429748,0.4500
TG00012121,T00049,BGS,1.04433405,0.262360,0.4500
TG00012122,T00049,BGS,1.04922934,0.330496,0.4500
TG00012123,T00049,BGS,0.96650602,0.323915,0.4500
TG00012124,T00049,BGS,1.62146601,0.000000,0.4500
TG00012125,T00049,BGS,1.30353530,0.285113,0.4500
TG00012126,T00049,BGS,1.23975192,0.264307,0.4500
TG00012127,T00049,BGS,1.37030583,0.141021,0.4500
TG00012128,T00049,BGS,0.85216642,0.336159,0.4500
TG00012129,T00049,BGS,0.82650242,0.213220,0.4500
TG00012130,T00049,BGS,1.52803762,0.227944,0.4500
TG00012131,T00049,BGS,1.17701364,0.074110,0.4500
TG00012132,T00049,BGS,1.12546646,0.335679,0.4500
TG00012133,T00049,BGS,1.57235241,0.395597,0.4500
TG00012134,T00049,BGS,0.91609457,0.286300,0.4500
TG00012135,T00049,BGS,1.34144698,0.299623,0.4500
TG00012136,T00049,BGS,0.91760422,0.167540,0.4500
TG00012137,T00049,BGS,1.45849245,0.298904,0.4500
TG00012138,T00049,BGS,1.10394864,0.362123,0.4500
TG00012139,T00049,BGS,1.83631651,0.082319,0.4500
TG00012140,T00049,BGS,1.19366133,0.308312,0.4500
TG00012141,T00049,BGS,0.96865183,0.289185,0.4500
TG00012142,T00049,BGS,1.23849324,0.156044,0.4500
TG00012143,T00049,BGS,1.05390895,0.218529,0.4500
TG00012144,T00049,BGS,1.48527713,0.294106,0.4500
TG00012145,T00049,BGS,0.90613439,0.199246,0.4500
TG00012146,T00049,BGS,1.50620085,0.330816,0.4500
TG00012147,T00049,BGS,1.54780701,0.285879,0.4500
TG00012148,T00049,BGS,1.75176010,0.248255,0.4500
TG00012149,T00049,BGS,1.01554959,0.110459,0.4500
TG00012150,T00049,BGS,1.12760456,0.148363,0.4500
TG00012151,T00049,BGS,1.09941958,0.051839,0.4500
TG00012152,T00049,BGS,0.67040123,0.344060,0.4500
TG00012153,T00049,BGS,1.52757781,0.305153,0.4500
TG00012154,T00049,BGS,1.66856468,0.224499,0.4500
TG00012155,T00049,BGS,1.42904394,0.467937,0.4500
TG00012156,T00049,BGS,1.02325508,0.401808,0.4500
TG00012157,T00049,BGS,1.68566256,0.202767,0.4500
TG00012158,T00049,BGS,1.49038269,0.272939,0.4500
TG00012159,T00049,BGS,1.03849927,0.362175,0.4500
TG00012160,T00049,BGS,1.05378429,0.382572,0.4500
TG00012161,T00049,BGS,1.48205427,0.095315,0.4500
TG00012162,T00049,BGS,1.03760980,0.247883,0.4500
TG00012163,T00049,BGS,1.16700065,0.194046,0.4500
TG00012164,T00049,BGS,1.20450234,0.198311,0.4500
TG00012165,T00049,BGS,0.62827170,0.286632,0.4500
TG00012166,T00049,BGS,0.99443678,0.198692,0.4500
TG00012167,T00049,BGS,1.04559083,0.122815,0.4500
TG00012168,T00049,BGS,1.70226503,0.367646,0.4500
TG00012169,T00049,BGS,2.39496907,0.146515,0.4500
TG00012170,T00049,BGS,1.64723089,0.274477,0.4500
TG00012171,T00049,BGS,0.78493138,0.194402,0.4500
TG00012172,T00049,BGS,2.02523630,0.068492,0.4500
TG00012173,T00049,BGS,1.00588982,0.193490,0.4500
TG00012174,T00049,BGS,0.82563376,0.212698,0.4500
TG00012175,T00049,BGS,1.53220949,0.293515,0.4500
TG00012176,T00049,BGS,1.30498248,0.066625,0.4500
TG00012177,T00049,BGS,1.23571554,0.194425,0.4500
TG00012178,T00049,BGS,0.84500515,0.227927,0.4500
TG00012179,T00049,BGS,1.22596462,0.364612,0.4500
TG00012180,T00049,BGS,1.07705578,0.272137,0.4500
TG00012181,T00049,BGS,1.20140681,0.250977,0.4500
TG00012182,T00049,BGS,1.32163297,0.106583,0.4500
TG00012183,T00049,BGS,0.89231264,0.123547,0.4500
TG00012184,T00049,BGS,1.46834093,0.240097,0.4500
TG00012185,T00049,BGS,1.31527851,0.158484,0.4500
TG00012186,T00049,BGS,0.93951193,0.294101,0.4500
TG00012187,T00050,LRG,0.21491955,1.184905,1.0000
TG00012188,T00050,LRG,0.17340866,0.567117,1.0000
TG00012189,T00050,LRG,0.37065008,0.690801,1.0000
TG00012190,T00050,LRG,0.40238792,0.521779,1.0000
TG00012191,T00050,LRG,0.45300681,0.839793,1.0000
TG00012192,T00050,LRG,0.30708089,0.846549,1.0000
TG00012193,T00050,LRG,0.50413816,0.675651,1.0000
TG00012194,T00050,LRG,0.25876739,0.576662,1.0000
TG00012195,T00050,LRG,0.30980935,0.667778,1.0000
TG00012196,T00050,LRG,0.19899716,0.835799,1.0000
TG00012197,T00050,LRG,0.27069320,0.752595,1.0000
TG00012198,T00050,LRG,0.30005530,1.008436,1.0000
TG00012199,T00050,LRG,0.62544457,0.509265,1.0000
TG00012200,T00050,LRG,0.33046827,0.558561,1.0000
TG00012201,T00050,LRG,0.39116758,0.573959,1.0000
TG00012202,T00050,LRG,0.42265411,0.732970,1.0000
TG00012203,T00050,LRG,0.47065996,0.921380,1.0000
TG00012204,T00050,LRG,0.53169205,0.325909,1.0000
TG00012205,T00050,LRG,0.25410943,0.758164,1.0000
TG00012206,T00050,LRG,0.35293069,0.968354,1.0000
TG00012207,T00050,LRG,0.29655262,0.742899,1.0000
TG00012208,T00050,LRG,0.34964901,0.592803,1.0000
TG00012209,T00050,LRG,0.49724495,0.617388,1.0000
TG00012210,T00050,LRG,0.31928359,0.718769,1.0000
TG00012211,T00050,LRG,0.31340036,0.660225,1.0000
TG00012212,T00050,LRG,0.47949765,0.382512,1.0000
TG00012213,T00050,LRG,0.23948214,0.633258,1.0000
TG00012214,T00050,LRG,0.39775173,0.773017,1.0000
TG00012215,T00050,LRG,0.28106751,0.312307,1.0000
TG00012216,T00050,LRG,0.39209329,0.605470,1.0000
TG00012217,T00050,LRG,0.34683530,0.867504,1.0000
TG00012218,T00050,LRG,0.30891982,0.622010,1.0000
TG00012219,T00050,LRG,0.38812033,0.991154,1.0000
TG00012220,T00050,LRG,0.28494521,1.077036,1.0000
TG00012221,T00050,LRG,0.46380682,0.691052,1.0000
TG00012222,T00050,LRG,0.34909504,0.629722,1.0000
TG00012223,T00050,LRG,0.34652548,0.788628,1.0000
TG00012224,T00050,LRG,0.36127502,0.788241,1.0000
TG00012225,T00050,LRG,0.24210797,0.509049,1.0000
TG00012226,T00050,LRG,0.31675398,0.781059,1.0000
TG00012227,T00050,LRG,0.21713191,0.464689,1.0000
TG00012228,T00050,LRG,0.17431449,0.646899,1.0000
TG00012229,T00050,LRG,0.66433172,0.528968,1.0000
TG00012230,T00050,LRG,0.43681093,0.962928,1.0000
TG00012231,T00050,LRG,0.72782846,0.304899,1.0000
TG00012232,T00050,LRG,0.32043868,0.929278,1.0000
TG00012233,T00050,LRG,0.23404796,0.520685,1.0000
TG00012234,T00050,LRG,0.33973052,0.746055,1.0000
TG00012235,T00050,LRG,0.46679072,0.717357,1.0000
TG00012236,T00050,LRG,0.34280538,0.753667,1.0000
TG00012237,T00050,LRG,0.30170947,0.610496,1.0000
TG00012238,T00050,LRG,0.28960237,0.799953,1.0000
TG00012239,T00050,LRG,0.32764780,1.087134,1.0000
TG00012240,T00050,LRG,0.35079938,0.591676,1.0000
TG00012241,T00050,LRG,0.40274417,0.426861,1.0000
TG00012242,T00050,LRG,0.58497239,0.758480,1.0000
TG00012243,T00050,LRG,0.27686835,0.859841,1.0000
TG00012244,T00050,LRG,0.38789952,0.769123,1.0000
TG00012245,T00050,LRG,0.47100265,0.821902,1.0000
TG00012246,T00050,LRG,0.12808631,0.401669,1.0000
TG00012247,T00050,LRG,0.42625780,0.677299,1.0000
TG00012248,T00050,LRG,0.31445428,0.620392,1.0000
TG00012249,T00050,LRG,0.54358822,0.671340,1.0000
TG00012250,T00050,LRG,0.43420132,0.585304,1.0000
TG00012251,T00050,LRG,0.28100635,0.786005,1.0000
TG00012252,T00050,LRG,0.32620621,0.735892,1.0000
TG00012253,T00050,LRG,0.27502700,0.841714,1.0000
TG00012254,T00050,LRG,0.40285871,0.884972,1.0000
TG00012255,T00050,LRG,0.46809644,0.613831,1.0000
TG00012256,T00050,LRG,0.27784386,0.570124,1.0000
TG00012257,T00050,LRG,0.23763665,0.885706,1.0000
TG00012258,T00050,LRG,0.41283326,0.709206,1.0000
TG00012259,T00050,LRG,0.24390037,0.739014,1.0000
TG00012260,T00050,LRG,0.30987169,0.677827,1.0000
TG00012261,T00050,LRG,0.37829451,0.886595,1.0000
TG00012262,T00050,LRG,0.33274613,0.663196,1.0000
TG00012263,T00050,LRG,0.35200162,0.548391,1.0000
TG00012264,T00050,LRG,0.50850176,0.696413,1.0000
TG00012265,T00050,LRG,0.51245583,0.294442,1.0000
TG00012266,T00050,LRG,0.37932085,0.624935,1.0000
TG00012267,T00050,ELG,0.47937068,1.263025,1.0000
TG00012268,T00050,ELG,0.23797015,0.807467,1.0000
TG00012269,T00050,ELG,0.69997792,1.217155,1.0000
TG00012270,T00050,ELG,1.26781504,0.968867,1.0000
TG00012271,T00050,ELG,0.43210578,1.592999,1.0000
TG00012272,T00050,ELG,0.68135478,1.322737,1.0000
TG00012273,T00050,ELG,0.44801995,1.091781,1.0000
TG00012274,T00050,ELG,0.62552268,1.474237,1.0000
TG00012275,T00050,ELG,1.15737831,0.780290,1.0000
TG00012276,T00050,ELG,0.50556846,1.345179,1.0000
TG00012277,T00050,ELG,1.09888117,0.723582,1.0000
TG00012278,T00050,ELG,0.49769585,0.837073,1.0000
TG00012279,T00050,ELG,0.34945600,1.223794,1.0000
TG00012280,T00050,ELG,0.56367970,1.051043,1.0000
TG00012281,T00050,ELG,0.72713677,1.247799,1.0000
TG00012282,T00050,ELG,1.06088595,1.270012,1.0000
TG00012283,T00050,ELG,0.42667046,0.970575,1.0000
TG00012284,T00050,ELG,0.55801876,0.760864,1.0000
TG00012285,T00050,ELG,0.63711296,1.028976,1.0000
TG00012286,T00050,ELG,0.35359352,1.198680,1.0000
TG00012287,T00050,ELG,1.14208110,1.382047,1.0000
TG00012288,T00050,ELG,1.23855963,1.115794,1.0000
TG00012289,T00050,ELG,0.40852165,1.199266,1.0000
TG00012290,T00050,ELG,0.30303936,1.349477,1.0000
TG00012291,T00050,ELG,0.69855632,1.260318,1.0000
TG00012292,T00050,ELG,0.42784138,1.499092,1.0000
TG00012293,T00050,ELG,0.49739639,1.111109,1.0000
TG00012294,T00050,ELG,0.53928268,1.669699,1.0000
TG00012295,T00050,ELG,0.40206663,1.335138,1.0000
TG00012296,T00050,ELG,0.52115424,1.376096,1.0000
TG00012297,T00050,ELG,0.51965823,1.366030,1.0000
TG00012298,T00050,ELG,1.48891707,0.965705,1.0000
TG00012299,T00050,ELG,0.56566641,1.300134,1.0000
TG00012300,T00050,ELG,0.70572575,1.263966,1.0000
TG00012301,T00050,ELG,0.57445003,0.937145,1.0000
TG00012302,T00050,ELG,0.91972229,1.170122,1.0000
TG00012303,T00050,ELG,0.61608998,1.081619,1.0000
TG00012304,T00050,ELG,0.69452562,0.795721,1.0000
TG00012305,T00050,ELG,0.77374177,0.981320,1.0000
TG00012306,T00050,ELG,0.99834806,1.485866,1.0000
TG00012307,T00050,ELG,0.47767923,1.103989,1.0000
TG00012308,T00050,ELG,0.68747893,1.257128,1.0000
TG00012309,T00050,ELG,0.80509156,1.368981,1.0000
TG00012310,T00050,ELG,0.67038174,0.740209,1.0000
TG00012311,T00050,ELG,0.62028468,1.195944,1.0000
TG00012312,T00050,ELG,0.66997835,0.849991,1.0000
TG00012313,T00050,ELG,0.89195716,1.512386,1.0000
TG00012314,T00050,ELG,1.27042739,1.566178,1.0000
TG00012315,T00050,ELG,1.04905591,1.078469,1.0000
TG00012316,T00050,ELG,0.35922013,1.126101,1.0000
TG00012317,T00050,ELG,0.68662363,1.208129,1.0000
TG00012318,T00050,ELG,0.64209898,0.684391,1.0000
TG00012319,T00050,ELG,0.87799289,0.850969,1.0000
TG00012320,T00050,ELG,0.50973311,0.830864,1.0000
TG00012321,T00050,ELG,0.49064639,0.928402,1.0000
TG00012322,T00050,ELG,0.32702391,1.463045,1.0000
TG00012323,T00050,ELG,0.39356052,1.332593,1.0000
TG00012324,T00050,ELG,0.52757264,1.014329,1.0000
TG00012325,T00050,ELG,0.65512759,0.961534,1.0000
TG00012326,T00050,ELG,0.51766866,1.080395,1.0000
TG00012327,T00050,ELG,0.50426526,0.548005,1.0000
TG00012328,T00050,ELG,0.42466845,0.998906,1.0000
TG00012329,T00050,ELG,0.99336536,1.134679,1.0000
TG00012330,T00050,ELG,0.20590070,0.936369,1.0000
TG00012331,T00050,ELG,0.50660105,1.136311,1.0000
TG00012332,T00050,ELG,0.42078344,1.303033,1.0000
TG00012333,T00050,ELG,1.19744702,0.392405,1.0000
TG00012334,T00050,ELG,0.80412021,1.100275,1.0000
TG00012335,T00050,ELG,0.36505148,0.837532,1.0000
TG00012336,T00050,ELG,0.36601707,0.876018,1.0000
TG00012337,T00050,ELG,1.02206749,1.415912,1.0000
TG00012338,T00050,ELG,0.64062593,0.673553,1.0000
TG00012339,T00050,ELG,0.48834356,0.809199,1.0000
TG00012340,T00050,ELG,0.80153721,1.520339,1.0000
TG00012341,T00050,ELG,0.43156774,0.946961,1.0000
TG00012342,T00050,ELG,0.42664793,1.113712,1.0000
TG00012343,T00050,ELG,0.53289627,1.225476,1.0000
TG00012344,T00050,ELG,0.64449352,0.885609,1.0000
TG00012345,T00050,ELG,0.97587251,1.282117,1.0000
TG00012346,T00050,ELG,0.91409621,1.106356,1.0000
TG00012347,T00050,ELG,0.43978869,0.878238,1.0000
TG00012348,T00050,ELG,0.61607498,0.440430,1.0000
TG00012349,T00050,ELG,0.68572206,1.017108,1.0000
TG00012350,T00050,ELG,0.68351458,1.148971,1.0000
TG00012351,T00050,ELG,0.42177626,1.200682,1.0000
TG00012352,T00050,ELG,0.66990863,1.096032,1.0000
TG00012353,T00050,ELG,0.31528207,1.583440,1.0000
TG00012354,T00050,ELG,0.57406887,0.904036,1.0000
TG00012355,T00050,ELG,0.44184812,1.190781,1.0000
TG00012356,T00050,ELG,0.36780348,0.547581,1.0000
TG00012357,T00050,ELG,0.88588767,0.978863,1.0000
TG00012358,T00050,QSO,0.25790954,2.791046,1.7000
TG00012359,T00050,QSO,0.09236021,3.110070,1.7000
TG00012360,T00050,QSO,0.23213669,1.281686,1.7000
TG00012361,T00050,QSO,0.36479517,1.728755,1.7000
TG00012362,T00050,QSO,0.11268121,2.473213,1.7000
TG00012363,T00050,QSO,0.22972790,1.922205,1.7000
TG00012364,T00050,QSO,0.19156128,1.478600,1.7000
TG00012365,T00050,QSO,0.25638970,1.089151,1.7000
TG00012366,T00050,QSO,0.24338455,0.631322,1.7000
TG00012367,T00050,QSO,0.11884043,2.219004,1.7000
TG00012368,T00050,QSO,0.23296524,1.963028,1.7000
TG00012369,T00050,QSO,0.20979388,2.047076,1.7000
TG00012370,T00050,QSO,0.10447825,2.362477,1.7000
TG00012371,T00050,QSO,0.31410963,1.865097,1.7000
TG00012372,T00050,QSO,0.04748926,2.044815,1.7000
TG00012373,T00050,QSO,0.16988335,2.417489,1.7000
TG00012374,T00050,QSO,0.11909754,2.571278,1.7000
TG00012375,T00050,QSO,0.14975327,2.638063,1.7000
TG00012376,T00050,QSO,0.18282264,2.326286,1.7000
TG00012377,T00050,QSO,0.14178554,2.040415,1.7000
TG00012378,T00050,QSO,0.08711484,2.626095,1.7000
TG00012379,T00050,BGS,1.30057732,0.194621,0.4500
TG00012380,T00050,BGS,1.31293206,0.312529,0.4500
TG00012381,T00050,BGS,1.73200653,0.273560,0.4500
TG00012382,T00050,BGS,1.04146335,0.145691,0.4500
TG00012383,T00050,BGS,0.95279909,0.323617,0.4500
TG00012384,T00050,BGS,1.64423995,0.216014,0.4500
TG00012385,T00050,BGS,1.28410739,0.087219,0.4500
TG00012386,T00050,BGS,1.70991224,0.221352,0.4500
TG00012387,T00050,BGS,1.68343700,0.189896,0.4500
TG00012388,T00050,BGS,0.61749960,0.294165,0.4500
TG00012389,T00050,BGS,1.49298660,0.239071,0.4500
TG00012390,T00050,BGS,1.11061632,0.267613,0.4500
TG00012391,T00050,BGS,1.10409767,0.331037,0.4500
TG00012392,T00050,BGS,1.15366590,0.204525,0.4500
TG00012393,T00050,BGS,2.13354619,0.192213,0.4500
TG00012394,T00050,BGS,1.52642130,0.186881,0.4500
TG00012395,T00050,BGS,0.88618285,0.251654,0.4500
TG00012396,T00050,BGS,2.00426569,0.352503,0.4500
TG00012397,T00050,BGS,1.40557501,0.313258,0.4500
TG00012398,T00050,BGS,1.01996681,0.365428,0.4500
TG00012399,T00050,BGS,1.31576652,0.276306,0.4500
TG00012400,T00050,BGS,1.67966432,0.281281,0.4500
TG00012401,T00050,BGS,1.38412940,0.219786,0.4500
TG00012402,T00050,BGS,0.86433004,0.224884,0.4500
TG00012403,T00050,BGS,1.60816494,0.295717,0.4500
TG00012404,T00050,BGS,1.25146958,0.184235,0.4500
TG00012405,T00050,BGS,1.05850219,0.255402,0.4500
TG00012406,T00050,BGS,1.13671358,0.243959,0.4500
TG00012407,T00050,BGS,1.45030447,0.421282,0.4500
TG00012408,T00050,BGS,1.40571801,0.304169,0.4500
TG00012409,T00050,BGS,1.40893327,0.168577,0.4500
TG00012410,T00050,BGS,1.22392523,0.260842,0.4500
TG00012411,T00050,BGS,0.90090915,0.247893,0.4500
TG00012412,T00050,BGS,1.00369209,0.252336,0.4500
TG00012413,T00050,BGS,0.62593087,0.331055,0.4500
TG00012414,T00050,BGS,1.30960486,0.217746,0.4500
TG00012415,T00050,BGS,0.85605510,0.268786,0.4500
TG00012416,T00050,BGS,1.33667246,0.400277,0.4500
TG00012417,T00050,BGS,2.51714042,0.457246,0.4500
TG00012418,T00050,BGS,1.17824252,0.170620,0.4500
TG00012419,T00050,BGS,1.05369042,0.146244,0.4500
TG00012420,T00050,BGS,0.99855056,0.236613,0.4500
TG00012421,T00050,BGS,1.17906523,0.343940,0.4500
TG00012422,T00050,BGS,1.77816338,0.156786,0.4500
TG00012423,T00050,BGS,0.99357398,0.171055,0.4500
TG00012424,T00050,BGS,1.78430549,0.265431,0.4500
TG00012425,T00051,LRG,0.28160065,0.630301,1.0000
TG00012426,T00051,LRG,0.51634283,0.419291,1.0000
TG00012427,T00051,LRG,0.33595929,0.869617,1.0000
TG00012428,T00051,LRG,0.42323989,0.819238,1.0000
TG00012429,T00051,LRG,0.19070108,0.667534,1.0000
TG00012430,T00051,LRG,0.57254118,0.861076,1.0000
TG00012431,T00051,LRG,0.23376780,0.926960,1.0000
TG00012432,T00051,LRG,0.64419456,1.184246,1.0000
TG00012433,T00051,LRG,0.29425949,0.710693,1.0000
TG00012434,T00051,LRG,0.25564781,0.705314,1.0000
TG00012435,T00051,LRG,0.42717601,0.784203,1.0000
TG00012436,T00051,LRG,0.61917202,0.668672,1.0000
TG00012437,T00051,LRG,0.34949197,0.731103,1.0000
TG00012438,T00051,LRG,0.25697933,0.640784,1.0000
TG00012439,T00051,LRG,0.14142669,0.632258,1.0000
TG00012440,T00051,LRG,0.53121225,0.655908,1.0000
TG00012441,T00051,LRG,0.34376778,0.460591,1.0000
TG00012442,T00051,LRG,0.34220970,0.377667,1.0000
TG00012443,T00051,LRG,0.35078973,0.746005,1.0000
TG00012444,T00051,LRG,0.36608245,0.890450,1.0000
TG00012445,T00051,LRG,0.36391996,0.462027,1.0000
TG00012446,T00051,LRG,0.28206740,0.798495,1.0000
TG00012447,T00051,LRG,0.37689581,0.249098,1.0000
TG00012448,T00051,LRG,0.34478432,0.883500,1.0000
TG00012449,T00051,LRG,0.68805734,0.763490,1.0000
TG00012450,T00051,LRG,0.32063969,0.662295,1.0000
TG00012451,T00051,LRG,0.32752992,1.049071,1.0000
TG00012452,T00051,LRG,0.31931580,0.995254,1.0000
TG00012453,T00051,LRG,0.35964575,0.506373,1.0000
TG00012454,T00051,LRG,0.29472384,0.657256,1.0000
TG00012455,T00051,LRG,0.38820791,0.395184,1.0000
TG00012456,T00051,LRG,0.31326790,0.743772,1.0000
TG00012457,T00051,LRG,0.24013511,0.854867,1.0000
TG00012458,T00051,LRG,0.40372184,0.913732,1.0000
TG00012459,T00051,LRG,0.17094399,0.733814,1.0000
TG00012460,T00051,LRG,0.48644867,0.893773,1.0000
TG00012461,T00051,LRG,0.39159026,0.968444,1.0000
TG00012462,T00051,LRG,0.52080477,0.521267,1.0000
TG00012463,T00051,LRG,0.27054797,0.385403,1.0000
TG00012464,T00051,LRG,0.42689401,0.350320,1.0000
TG00012465,T00051,LRG,0.29713462,0.799500,1.0000
TG00012466,T00051,LRG,0.81998364,0.477901,1.0000
TG00012467,T00051,LRG,0.37720892,0.489354,1.0000
TG00012468,T00051,LRG,0.35452890,0.851476,1.0000
TG00012469,T00051,LRG,0.25424652,0.526013,1.0000
TG00012470,T00051,LRG,0.37053049,0.561338,1.0000
TG00012471,T00051,LRG,0.29703542,0.549159,1.0000
TG00012472,T00051,LRG,0.56320855,0.589536,1.0000
TG00012473,T00051,LRG,0.51156965,0.834901,1.0000
TG00012474,T00051,LRG,0.39133288,0.451563,1.0000
TG00012475,T00051,LRG,0.35785603,0.845896,1.0000
TG00012476,T00051,LRG,0.24665408,0.790015,1.0000
TG00012477,T00051,LRG,0.18294642,0.504653,1.0000
TG00012478,T00051,LRG,0.22953845,0.601158,1.0000
TG00012479,T00051,LRG,0.23598160,0.430920,1.0000
TG00012480,T00051,LRG,0.43039499,0.980218,1.0000
TG00012481,T00051,LRG,0.15875684,0.546988,1.0000
TG00012482,T00051,LRG,0.40014647,1.038438,1.0000
TG00012483,T00051,LRG,0.33550930,0.538075,1.0000
TG00012484,T00051,LRG,0.44168742,0.714257,1.0000
TG00012485,T00051,ELG,0.69913830,0.770074,1.0000
TG00012486,T00051,ELG,0.59148877,1.198144,1.0000
TG00012487,T00051,ELG,0.54447731,1.714635,1.0000
TG00012488,T00051,ELG,0.38668693,0.820845,1.0000
TG00012489,T00051,ELG,0.31547379,0.973485,1.0000
TG00012490,T00051,ELG,0.35879063,1.123332,1.0000
TG00012491,T00051,ELG,0.69772303,1.379886,1.0000
TG00012492,T00051,ELG,0.57743609,1.213785,1.0000
TG00012493,T00051,ELG,0.23777993,1.422332,1.0000
TG00012494,T00051,ELG,0.47636277,1.151666,1.0000
TG00012495,T00051,ELG,0.62518067,1.218583,1.0000
TG00012496,T00051,ELG,0.90024869,1.435872,1.0000
TG00012497,T00051,ELG,0.29866107,0.855961,1.0000
TG00012498,T00051,ELG,0.70856673,1.126758,1.0000
TG00012499,T00051,ELG,0.54859174,0.956564,1.0000
TG00012500,T00051,ELG,0.45739865,1.092047,1.0000
TG00012501,T00051,ELG,0.37702785,1.327791,1.0000
TG00012502,T00051,ELG,0.35170043,1.315441,1.0000
TG00012503,T00051,ELG,0.28072354,1.207410,1.0000
TG00012504,T00051,ELG,0.59973690,1.131032,1.0000
TG00012505,T00051,ELG,0.57328370,0.896847,1.0000
TG00012506,T00051,ELG,0.78221058,1.394059,1.0000
TG00012507,T00051,ELG,0.52875239,0.580354,1.0000
TG00012508,T00051,ELG,0.64566737,0.702071,1.0000
TG00012509,T00051,ELG,0.55520544,1.394519,1.0000
TG00012510,T00051,ELG,0.56649137,0.835139,1.0000
TG00012511,T00051,ELG,0.49342842,0.964821,1.0000
TG00012512,T00051,ELG,0.76358694,1.069798,1.0000
TG00012513,T00051,ELG,0.67965100,1.240754,1.0000
TG00012514,T00051,ELG,0.54514422,1.220138,1.0000
TG00012515,T00051,ELG,0.64895220,1.167868,1.0000
TG00012516,T00051,ELG,0.94850390,0.916450,1.0000
TG00012517,T00051,ELG,0.86392903,0.852659,1.0000
TG00012518,T00051,ELG,0.50716623,1.391592,1.0000
TG00012519,T00051,ELG,0.35037347,1.572159,1.0000
TG00012520,T00051,ELG,0.50356639,0.408735,1.0000
TG00012521,T00051,ELG,0.70618254,0.843034,1.0000
TG00012522,T00051,ELG,0.77493971,1.062891,1.0000
TG00012523,T00051,ELG,0.42345349,1.312545,1.0000
TG00012524,T00051,ELG,0.31433348,1.195104,1.0000
TG00012525,T00051,ELG,0.44392999,0.626751,1.0000
TG00012526,T00051,ELG,0.83774625,1.698765,1.0000
TG00012527,T00051,ELG,0.28615529,1.238384,1.0000
TG00012528,T00051,ELG,0.77551332,0.831608,1.0000
TG00012529,T00051,ELG,1.36043773,0.844696,1.0000
TG00012530,T00051,ELG,0.62534439,0.901817,1.0000
TG00012531,T00051,ELG,0.48273258,1.413579,1.0000
TG00012532,T00051,ELG,0.45181354,0.960615,1.0000
TG00012533,T00051,ELG,0.54845883,1.206243,1.0000
TG00012534,T00051,ELG,0.45936868,1.416953,1.0000
TG00012535,T00051,ELG,1.00728061,1.115543,1.0000
TG00012536,T00051,ELG,0.75771192,1.188503,1.0000
TG00012537,T00051,ELG,0.61091805,0.952541,1.0000
TG00012538,T00051,ELG,0.19809977,1.448199,1.0000
TG00012539,T00051,ELG,0.36248722,1.474833,1.0000
TG00012540,T00051,ELG,0.59882521,1.346546,1.0000
TG00012541,T00051,ELG,0.40404771,0.964844,1.0000
TG00012542,T00051,ELG,0.40642294,0.895546,1.0000
TG00012543,T00051,ELG,0.51697098,1.170179,1.0000
TG00012544,T00051,ELG,0.72199525,1.290334,1.0000
TG00012545,T00051,ELG,0.36000750,1.039921,1.0000
TG00012546,T00051,ELG,0.50037767,0.660420,1.0000
TG00012547,T00051,ELG,0.73162436,0.911501,1.0000
TG00012548,T00051,ELG,0.35607003,1.565054,1.0000
TG00012549,T00051,ELG,0.60393712,1.262467,1.0000
TG00012550,T00051,ELG,0.34576109,1.028554,1.0000
TG00012551,T00051,ELG,0.50655082,0.948594,1.0000
TG00012552,T00051,ELG,0.51104579,1.338419,1.0000
TG00012553,T00051,ELG,0.27424909,1.359743,1.0000
TG00012554,T00051,ELG,0.26346553,0.911593,1.0000
TG00012555,T00051,ELG,0.86801644,0.927967,1.0000
TG00012556,T00051,ELG,0.59937120,0.689946,1.0000
TG00012557,T00051,ELG,0.44370171,1.351765,1.0000
TG00012558,T00051,ELG,0.33544206,0.708016,1.0000
TG00012559,T00051,ELG,0.39339464,0.562293,1.0000
TG00012560,T00051,ELG,0.55668600,0.200245,1.0000
TG00012561,T00051,ELG,0.56258261,1.347078,1.0000
TG00012562,T00051,ELG,0.43153037,0.936720,1.0000
TG00012563,T00051,ELG,0.34914455,1.229878,1.0000
TG00012564,T00051,ELG,0.38879538,0.605020,1.0000
TG00012565,T00051,ELG,0.61389963,1.401823,1.0000
TG00012566,T00051,ELG,0.87705531,1.882727,1.0000
TG00012567,T00051,ELG,0.87825256,1.037756,1.0000
TG00012568,T00051,ELG,0.46888085,1.302279,1.0000
TG00012569,T00051,ELG,0.66289292,0.856367,1.0000
TG00012570,T00051,ELG,0.55025139,0.603284,1.0000
TG00012571,T00051,ELG,0.81294793,1.448902,1.0000
TG00012572,T00051,ELG,1.01654176,1.295851,1.0000
TG00012573,T00051,ELG,0.77403890,1.229801,1.0000
TG00012574,T00051,ELG,0.38088924,0.939094,1.0000
TG00012575,T00051,ELG,0.51246252,1.107026,1.0000
TG00012576,T00051,ELG,0.85834621,1.517520,1.0000
TG00012577,T00051,ELG,1.04391357,0.945845,1.0000
TG00012578,T00051,ELG,0.55717280,0.949134,1.0000
TG00012579,T00051,ELG,0.37240185,0.278307,1.0000
TG00012580,T00051,ELG,0.53998361,1.701851,1.0000
TG00012581,T00051,ELG,0.44068170,0.910455,1.0000
TG00012582,T00051,ELG,0.98214393,0.877269,1.0000
TG00012583,T00051,ELG,0.54023681,1.283314,1.0000
TG00012584,T00051,ELG,0.85751820,1.222122,1.0000
TG00012585,T00051,ELG,0.31157131,1.235996,1.0000
TG00012586,T00051,ELG,0.84912247,0.799074,1.0000
TG00012587,T00051,ELG,0.60169593,1.020854,1.0000
TG00012588,T00051,ELG,0.81304631,0.837702,1.0000
TG00012589,T00051,ELG,1.46802304,0.951184,1.0000
TG00012590,T00051,ELG,0.38253587,1.156811,1.0000
TG00012591,T00051,ELG,0.92658208,1.259439,1.0000
TG00012592,T00051,ELG,0.69380993,1.057754,1.0000
TG00012593,T00051,ELG,1.20013527,1.121674,1.0000
TG00012594,T00051,ELG,0.31885774,1.593640,1.0000
TG00012595,T00051,ELG,0.72351465,1.555472,1.0000
TG00012596,T00051,ELG,0.36067711,1.322937,1.0000
TG00012597,T00051,QSO,0.15065324,2.595173,1.7000
TG00012598,T00051,QSO,0.17128198,2.073991,1.7000
TG00012599,T00051,QSO,0.11305986,1.459730,1.7000
TG00012600,T00051,QSO,0.20893200,2.025246,1.7000
TG00012601,T00051,QSO,0.22800311,2.821587,1.7000
TG00012602,T00051,QSO,0.25148889,2.324828,1.7000
TG00012603,T00051,QSO,0.13965886,3.976678,1.7000
TG00012604,T00051,QSO,0.21000170,1.683149,1.7000
TG00012605,T00051,QSO,0.13421219,1.035283,1.7000
TG00012606,T00051,QSO,0.12947538,2.222150,1.7000
TG00012607,T00051,QSO,0.25628637,2.132673,1.7000
TG00012608,T00051,QSO,0.14332307,1.933944,1.7000
TG00012609,T00051,QSO,0.36917354,1.991147,1.7000
TG00012610,T00051,QSO,0.22867337,2.066826,1.7000
TG00012611,T00051,QSO,0.33063973,2.070823,1.7000
TG00012612,T00051,QSO,0.15752760,1.752740,1.7000
TG00012613,T00051,BGS,0.94372261,0.196165,0.4500
TG00012614,T00051,BGS,1.17807478,0.185414,0.4500
TG00012615,T00051,BGS,1.27989709,0.347305,0.4500
TG00012616,T00051,BGS,1.12737022,0.279485,0.4500
TG00012617,T00051,BGS,1.07065814,0.149647,0.4500
TG00012618,T00051,BGS,1.72634880,0.357634,0.4500
TG00012619,T00051,BGS,1.08972426,0.244448,0.4500
TG00012620,T00051,BGS,1.52064674,0.224203,0.4500
TG00012621,T00051,BGS,0.83294613,0.194100,0.4500
TG00012622,T00051,BGS,1.41939971,0.110995,0.4500
TG00012623,T00051,BGS,1.42591142,0.266358,0.4500
TG00012624,T00051,BGS,1.36919534,0.220059,0.4500
TG00012625,T00051,BGS,1.07135252,0.373104,0.4500
TG00012626,T00051,BGS,1.98264801,0.121235,0.4500
TG00012627,T00051,BGS,0.99412246,0.305333,0.4500
TG00012628,T00051,BGS,1.24492170,0.243091,0.4500
TG00012629,T00051,BGS,1.60604875,0.269903,0.4500
TG00012630,T00051,BGS,0.97754026,0.198784,0.4500
TG00012631,T00051,BGS,1.70097253,0.270150,0.4500
TG00012632,T00051,BGS,2.04198728,0.395877,0.4500
TG00012633,T00051,BGS,1.19839811,0.115313,0.4500
TG00012634,T00051,BGS,1.20711546,0.193967,0.4500
TG00012635,T00051,BGS,1.50140296,0.316687,0.4500
TG00012636,T00051,BGS,1.82553980,0.363228,0.4500
TG00012637,T00051,BGS,1.35875760,0.188556,0.4500
TG00012638,T00051,BGS,0.75030670,0.000000,0.4500
TG00012639,T00051,BGS,0.85234777,0.293579,0.4500
TG00012640,T00051,BGS,1.58155495,0.155236,0.4500
TG00012641,T00051,BGS,1.05266419,0.468358,0.4500
TG00012642,T00051,BGS,0.99935082,0.155177,0.4500
TG00012643,T00051,BGS,1.43475595,0.287026,0.4500
TG00012644,T00051,BGS,2.14267841,0.278806,0.4500
TG00012645,T00051,BGS,0.94717341,0.172226,0.4500
TG00012646,T00051,BGS,1.66483425,0.157771,0.4500
TG00012647,T00051,BGS,1.07936484,0.353442,0.4500
TG00012648,T00051,BGS,0.94340462,0.101891,0.4500
TG00012649,T00051,BGS,1.38977890,0.140654,0.4500
TG00012650,T00051,BGS,1.12304420,0.226668,0.4500
TG00012651,T00051,BGS,1.72022737,0.018569,0.4500
TG00012652,T00051,BGS,1.01667489,0.228714,0.4500
TG00012653,T00051,BGS,0.62549635,0.177805,0.4500
TG00012654,T00051,BGS,1.21943040,0.324706,0.4500
TG00012655,T00051,BGS,1.03589189,0.332052,0.4500
TG00012656,T00051,BGS,2.04065978,0.137749,0.4500
TG00012657,T00051,BGS,1.27585022,0.272490,0.4500
TG00012658,T00051,BGS,1.63497567,0.154780,0.4500
TG00012659,T00051,BGS,1.33891671,0.224252,0.4500
TG00012660,T00051,BGS,1.07806220,0.205625,0.4500
TG00012661,T00051,BGS,0.89523193,0.276941,0.4500
TG00012662,T00051,BGS,1.26065800,0.348522,0.4500
TG00012663,T00051,BGS,1.11890488,0.150638,0.4500
TG00012664,T00051,BGS,1.22452863,0.097733,0.4500
TG00012665,T00051,BGS,1.16529897,0.168251,0.4500
TG00012666,T00051,BGS,1.47598944,0.304342,0.4500
TG00012667,T00051,BGS,1.34786988,0.175931,0.4500
TG00012668,T00051,BGS,1.64437177,0.159831,0.4500
TG00012669,T00051,BGS,1.89690667,0.217424,0.4500
TG00012670,T00051,BGS,1.08880866,0.132430,0.4500
TG00012671,T00051,BGS,1.53136539,0.155598,0.4500
TG00012672,T00051,BGS,1.90420334,0.097948,0.4500
TG00012673,T00051,BGS,1.14587370,0.141758,0.4500
TG00012674,T00051,BGS,0.72096152,0.269553,0.4500
TG00012675,T00051,BGS,1.11015743,0.169126,0.4500
TG00012676,T00051,BGS,1.04512548,0.427370,0.4500
TG00012677,T00051,BGS,0.75972787,0.183704,0.4500
TG00012678,T00051,BGS,1.42889936,0.221838,0.4500
TG00012679,T00051,BGS,1.69219253,0.286213,0.4500
TG00012680,T00051,BGS,1.72095709,0.339460,0.4500
TG00012681,T00052,LRG,0.26183112,0.528482,1.0000
TG00012682,T00052,LRG,0.20440492,0.772360,1.0000
TG00012683,T00052,LRG,0.37551911,0.776728,1.0000
TG00012684,T00052,LRG,0.20312199,0.413932,1.0000
TG00012685,T00052,LRG,0.49552898,0.619535,1.0000
TG00012686,T00052,LRG,0.37658415,0.519013,1.0000
TG00012687,T00052,LRG,0.27326482,0.679406,1.0000
TG00012688,T00052,LRG,0.30396362,1.102150,1.0000
TG00012689,T00052,LRG,0.74759792,0.480891,1.0000
TG00012690,T00052,LRG,0.49429805,0.388791,1.0000
TG00012691,T00052,LRG,0.25274531,0.795685,1.0000
TG00012692,T00052,LRG,0.24547064,0.663777,1.0000
TG00012693,T00052,LRG,0.32144072,0.637303,1.0000
TG00012694,T00052,LRG,0.57750204,0.330065,1.0000
TG00012695,T00052,LRG,0.41941200,0.399390,1.0000
TG00012696,T00052,LRG,0.38386516,0.858645,1.0000
TG00012697,T00052,LRG,0.39500509,0.852668,1.0000
TG00012698,T00052,LRG,0.45734181,0.892996,1.0000
TG00012699,T00052,LRG,0.34672738,0.692461,1.0000
TG00012700,T00052,LRG,0.45981805,0.738076,1.0000
TG00012701,T00052,LRG,0.30486574,0.668973,1.0000
TG00012702,T00052,LRG,0.24743779,0.825874,1.0000
TG00012703,T00052,LRG,0.39756450,0.664363,1.0000
TG00012704,T00052,LRG,0.46778510,0.458460,1.0000
TG00012705,T00052,LRG,0.29107133,1.052705,1.0000
TG00012706,T00052,LRG,0.44120951,0.646619,1.0000
TG00012707,T00052,LRG,0.37982450,0.308529,1.0000
TG00012708,T00052,LRG,0.47537954,0.911288,1.0000
TG00012709,T00052,LRG,0.20839970,0.879948,1.0000
TG00012710,T00052,LRG,0.36934717,0.600115,1.0000
TG00012711,T00052,LRG,0.41041885,0.987866,1.0000
TG00012712,T00052,LRG,0.19370516,0.948025,1.0000
TG00012713,T00052,LRG,0.81908846,0.776992,1.0000
TG00012714,T00052,LRG,0.38179359,0.762612,1.0000
TG00012715,T00052,LRG,0.21810669,0.744585,1.0000
TG00012716,T00052,LRG,0.30833975,1.036372,1.0000
TG00012717,T00052,LRG,0.30021661,0.707603,1.0000
TG00012718,T00052,LRG,0.23199629,0.669806,1.0000
TG00012719,T00052,LRG,0.42545051,1.074946,1.0000
TG00012720,T00052,LRG,0.39772775,0.809385,1.0000
TG00012721,T00052,LRG,0.62075291,0.951514,1.0000
TG00012722,T00052,LRG,0.42473562,0.692667,1.0000
TG00012723,T00052,LRG,0.21649708,0.812379,1.0000
TG00012724,T00052,LRG,0.38359565,0.863506,1.0000
TG00012725,T00052,LRG,0.29920648,0.855827,1.0000
TG00012726,T00052,LRG,0.29040715,0.951922,1.0000
TG00012727,T00052,LRG,0.38045759,0.857293,1.0000
TG00012728,T00052,LRG,0.32219107,0.472269,1.0000
TG00012729,T00052,LRG,0.28982201,0.658578,1.0000
TG00012730,T00052,LRG,0.33313634,0.343502,1.0000
TG00012731,T00052,LRG,0.37090480,0.736198,1.0000
TG00012732,T00052,LRG,0.16863956,0.674956,1.0000
TG00012733,T00052,LRG,0.23741966,0.298950,1.0000
TG00012734,T00052,LRG,0.40448902,0.745213,1.0000
TG00012735,T00052,LRG,0.16998900,0.634017,1.0000
TG00012736,T00052,LRG,0.26894498,0.473733,1.0000
TG00012737,T00052,ELG,0.86296981,0.808347,1.0000
TG00012738,T00052,ELG,0.46098908,0.987193,1.0000
TG00012739,T00052,ELG,1.09505129,0.554450,1.0000
TG00012740,T00052,ELG,0.31413220,1.252782,1.0000
TG00012741,T00052,ELG,0.70616319,0.876003,1.0000
TG00012742,T00052,ELG,0.48401950,1.001949,1.0000
TG00012743,T00052,ELG,0.88314696,1.061821,1.0000
TG00012744,T00052,ELG,0.26656960,0.753121,1.0000
TG00012745,T00052,ELG,1.02160592,0.885809,1.0000
TG00012746,T00052,ELG,0.41177123,0.845099,1.0000
TG00012747,T00052,ELG,0.73769820,1.067160,1.0000
TG00012748,T00052,ELG,0.61621930,1.317908,1.0000
TG00012749,T00052,ELG,0.72721475,1.385939,1.0000
TG00012750,T00052,ELG,0.52186174,0.874889,1.0000
TG00012751,T00052,ELG,1.10662116,1.574693,1.0000
TG00012752,T00052,ELG,0.66305323,1.144957,1.0000
TG00012753,T00052,ELG,0.74156555,0.946409,1.0000
TG00012754,T00052,ELG,0.83271749,0.975494,1.0000
TG00012755,T00052,ELG,0.63742721,0.733324,1.0000
TG00012756,T00052,ELG,0.41907677,1.085499,1.0000
TG00012757,T00052,ELG,0.50948885,0.773493,1.0000
TG00012758,T00052,ELG,0.73756231,1.355688,1.0000
TG00012759,T00052,ELG,0.37030074,0.843457,1.0000
TG00012760,T00052,ELG,0.60877285,1.166906,1.0000
TG00012761,T00052,ELG,0.41452863,0.880935,1.0000
TG00012762,T00052,ELG,0.70686285,1.055964,1.0000
TG00012763,T00052,ELG,0.69079026,0.473872,1.0000
TG00012764,T00052,ELG,0.41681997,1.592498,1.0000
TG00012765,T00052,ELG,0.85622486,1.088244,1.0000
TG00012766,T00052,ELG,0.66318379,1.295586,1.0000
TG00012767,T00052,ELG,0.54507573,0.969308,1.0000
TG00012768,T00052,ELG,0.53288919,0.946715,1.0000
TG00012769,T00052,ELG,0.52195223,1.246886,1.0000
TG00012770,T00052,ELG,0.31124006,1.027672,1.0000
TG00012771,T00052,ELG,0.75189195,1.074150,1.0000
TG00012772,T00052,ELG,0.60955296,0.735054,1.0000
TG00012773,T00052,ELG,0.85789904,1.275550,1.0000
TG00012774,T00052,ELG,0.60194483,0.866793,1.0000
TG00012775,T00052,ELG,0.40260102,0.835788,1.0000
TG00012776,T00052,ELG,0.24921495,0.895013,1.0000
TG00012777,T00052,ELG,0.43414321,0.848057,1.0000
TG00012778,T00052,ELG,0.34133090,1.520794,1.0000
TG00012779,T00052,ELG,0.33553978,1.330403,1.0000
TG00012780,T00052,ELG,0.50133945,1.189594,1.0000
TG00012781,T00052,ELG,0.85300322,1.541302,1.0000
TG00012782,T00052,ELG,0.43549319,1.285703,1.0000
TG00012783,T00052,ELG,0.65474601,1.148536,1.0000
TG00012784,T00052,ELG,0.47308808,1.225578,1.0000
TG00012785,T00052,ELG,0.92913577,1.655323,1.0000
TG00012786,T00052,ELG,0.33193007,1.351609,1.0000
TG00012787,T00052,ELG,0.45702865,0.900185,1.0000
TG00012788,T00052,ELG,0.28007127,1.426063,1.0000
TG00012789,T00052,ELG,0.84709630,1.134407,1.0000
TG00012790,T00052,ELG,0.73377266,0.768608,1.0000
TG00012791,T00052,ELG,0.45986672,0.834242,1.0000
TG00012792,T00052,ELG,1.25458363,1.448251,1.0000
TG00012793,T00052,ELG,0.50048047,0.952280,1.0000
TG00012794,T00052,ELG,0.55078046,0.611997,1.0000
TG00012795,T00052,ELG,0.87700021,1.241695,1.0000
TG00012796,T00052,ELG,0.68346537,0.733740,1.0000
TG00012797,T00052,ELG,0.80042456,1.294834,1.0000
TG00012798,T00052,ELG,0.68108668,1.144219,1.0000
TG00012799,T00052,ELG,0.95800295,1.336443,1.0000
TG00012800,T00052,ELG,0.70455618,0.835412,1.0000
TG00012801,T00052,ELG,0.35060979,0.992788,1.0000
TG00012802,T00052,ELG,0.49401392,0.923465,1.0000
TG00012803,T00052,ELG,0.40630602,1.353689,1.0000
TG00012804,T00052,ELG,0.48934325,1.074717,1.0000
TG00012805,T00052,ELG,0.52986723,1.161701,1.0000
TG00012806,T00052,ELG,0.63101072,0.999690,1.0000
TG00012807,T00052,ELG,0.92794565,0.853439,1.0000
TG00012808,T00052,ELG,0.80288465,0.971149,1.0000
TG00012809,T00052,ELG,0.54352191,0.946070,1.0000
TG00012810,T00052,ELG,1.09348502,1.380639,1.0000
TG00012811,T00052,ELG,0.59068658,1.135952,1.0000
TG00012812,T00052,ELG,0.28448849,1.189696,1.0000
TG00012813,T00052,ELG,0.54578306,1.324314,1.0000
TG00012814,T00052,ELG,0.55356519,0.945933,1.0000
TG00012815,T00052,ELG,2.49437915,1.674045,1.0000
TG00012816,T00052,ELG,0.30627994,1.091266,1.0000
TG00012817,T00052,ELG,0.28184125,1.131356,1.0000
TG00012818,T00052,ELG,0.25463035,1.186093,1.0000
TG00012819,T00052,ELG,0.46619357,0.881759,1.0000
TG00012820,T00052,ELG,0.50889259,1.758834,1.0000
TG00012821,T00052,ELG,0.62058653,1.221717,1.0000
TG00012822,T00052,ELG,0.72300618,1.110300,1.0000
TG00012823,T00052,ELG,0.63646060,0.559612,1.0000
TG00012824,T00052,ELG,0.72544152,1.354840,1.0000
TG00012825,T00052,ELG,0.49290544,1.072034,1.0000
TG00012826,T00052,ELG,0.37826601,0.848605,1.0000
TG00012827,T00052,ELG,1.22937229,1.004956,1.0000
TG00012828,T00052,ELG,0.63620019,1.125477,1.0000
TG00012829,T00052,ELG,0.44164641,0.864062,1.0000
TG00012830,T00052,ELG,0.52579737,1.121595,1.0000
TG00012831,T00052,ELG,0.41696801,1.330482,1.0000
TG00012832,T00052,ELG,1.99657953,1.768021,1.0000
TG00012833,T00052,ELG,0.61152646,1.268591,1.0000
TG00012834,T00052,ELG,0.44210984,0.798165,1.0000
TG00012835,T00052,ELG,0.35244674,1.038716,1.0000
TG00012836,T00052,ELG,0.60954982,0.978590,1.0000
TG00012837,T00052,ELG,0.67292879,1.115060,1.0000
TG00012838,T00052,ELG,0.82990753,0.736796,1.0000
TG00012839,T00052,ELG,0.64369888,0.817597,1.0000
TG00012840,T00052,ELG,0.41377713,0.890132,1.0000
TG00012841,T00052,ELG,0.26714290,1.140757,1.0000
TG00012842,T00052,ELG,0.49107375,0.805246,1.0000
TG00012843,T00052,ELG,0.41585809,1.800811,1.0000
TG00012844,T00052,ELG,0.61676876,1.548171,1.0000
TG00012845,T00052,QSO,0.14724026,1.875218,1.7000
TG00012846,T00052,QSO,0.07747865,2.491917,1.7000
TG00012847,T00052,QSO,0.25496658,1.511268,1.7000
TG00012848,T00052,QSO,0.14993309,2.682248,1.7000
TG00012849,T00052,QSO,0.22660986,2.442217,1.7000
TG00012850,T00052,QSO,0.07335819,1.377609,1.7000
TG00012851,T00052,QSO,0.43518765,2.202182,1.7000
TG00012852,T00052,QSO,0.28798263,2.137625,1.7000
TG00012853,T00052,QSO,0.09623406,2.791992,1.7000
TG00012854,T00052,QSO,0.07435843,3.238282,1.7000
TG00012855,T00052,QSO,0.11841533,2.784145,1.7000
TG00012856,T00052,QSO,0.34332898,1.263480,1.7000
TG00012857,T00052,QSO,0.29482199,3.007672,1.7000
TG00012858,T00052,QSO,0.17419501,1.061128,1.7000
TG00012859,T00052,QSO,0.10598675,2.072027,1.7000
TG00012860,T00052,QSO,0.10181515,1.677388,1.7000
TG00012861,T00052,QSO,0.05860112,3.181088,1.7000
TG00012862,T00052,QSO,0.17505222,2.695778,1.7000
TG00012863,T00052,QSO,0.18218473,2.593927,1.7000
TG00012864,T00052,BGS,1.43663727,0.260049,0.4500
TG00012865,T00052,BGS,0.98366958,0.259012,0.4500
TG00012866,T00052,BGS,0.81940444,0.287824,0.4500
TG00012867,T00052,BGS,1.18567681,0.337742,0.4500
TG00012868,T00052,BGS,1.75001893,0.076987,0.4500
TG00012869,T00052,BGS,1.46881048,0.138438,0.4500
TG00012870,T00052,BGS,1.84621179,0.190879,0.4500
TG00012871,T00052,BGS,0.94722979,0.301824,0.4500
TG00012872,T00052,BGS,1.06307956,0.230121,0.4500
TG00012873,T00052,BGS,0.90002957,0.298261,0.4500
TG00012874,T00052,BGS,1.01033339,0.168951,0.4500
TG00012875,T00052,BGS,0.83017780,0.253823,0.4500
TG00012876,T00052,BGS,1.50269288,0.214325,0.4500
TG00012877,T00052,BGS,1.17578810,0.378366,0.4500
TG00012878,T00052,BGS,1.27698666,0.166195,0.4500
TG00012879,T00052,BGS,1.72853005,0.211787,0.4500
TG00012880,T00052,BGS,0.83725828,0.435394,0.4500
TG00012881,T00052,BGS,1.38159061,0.188480,0.4500
TG00012882,T00052,BGS,0.90403524,0.239285,0.4500
TG00012883,T00052,BGS,1.51263895,0.120461,0.4500
TG00012884,T00052,BGS,1.04007282,0.333159,0.4500
TG00012885,T00052,BGS,0.96222047,0.239269,0.4500
TG00012886,T00052,BGS,1.57963100,0.144199,0.4500
TG00012887,T00052,BGS,1.60978264,0.191130,0.4500
TG00012888,T00052,BGS,0.95622814,0.312730,0.4500
TG00012889,T00052,BGS,0.76199538,0.218674,0.4500
TG00012890,T00052,BGS,1.29026432,0.342772,0.4500
TG00012891,T00052,BGS,0.96172824,0.186986,0.4500
TG00012892,T00052,BGS,0.57362873,0.289550,0.4500
TG00012893,T00052,BGS,1.24770048,0.166818,0.4500
TG00012894,T00052,BGS,1.04891540,0.199387,0.4500
TG00012895,T00052,BGS,2.05672704,0.140516,0.4500
TG00012896,T00052,BGS,1.40115290,0.176497,0.4500
TG00012897,T00052,BGS,1.53269647,0.320818,0.4500
TG00012898,T00052,BGS,1.54291307,0.382196,0.4500
TG00012899,T00052,BGS,1.18268052,0.285702,0.4500
TG00012900,T00052,BGS,1.46583262,0.081232,0.4500
TG00012901,T00052,BGS,0.51395822,0.272248,0.4500
TG00012902,T00052,BGS,1.87980948,0.215521,0.4500
TG00012903,T00052,BGS,2.28745438,0.087903,0.4500
TG00012904,T00052,BGS,1.32411417,0.221201,0.4500
TG00012905,T00052,BGS,0.89556211,0.173339,0.4500
TG00012906,T00052,BGS,1.39397295,0.353753,0.4500
TG00012907,T00052,BGS,0.75414098,0.309924,0.4500
TG00012908,T00052,BGS,1.77512988,0.241332,0.4500
TG00012909,T00052,BGS,1.15020822,0.334267,0.4500
TG00012910,T00052,BGS,1.66917796,0.244326,0.4500
TG00012911,T00052,BGS,1.45231922,0.053696,0.4500
TG00012912,T00052,BGS,1.49642442,0.179276,0.4500
TG00012913,T00052,BGS,1.01648218,0.337192,0.4500
TG00012914,T00052,BGS,1.31147309,0.229517,0.4500
TG00012915,T00052,BGS,0.65385331,0.053945,0.4500
TG00012916,T00052,BGS,1.48429058,0.321515,0.4500
TG00012917,T00052,BGS,2.14251544,0.073727,0.4500
TG00012918,T00052,BGS,2.22273179,0.200896,0.4500
TG00012919,T00053,LRG,0.24969969,0.716966,1.0000
TG00012920,T00053,LRG,0.52943122,0.764898,1.0000
TG00012921,T00053,LRG,0.44150727,0.895231,1.0000
TG00012922,T00053,LRG,0.26965946,1.093914,1.0000
TG00012923,T00053,LRG,0.38764224,0.457729,1.0000
TG00012924,T00053,LRG,0.29572464,0.768301,1.0000
TG00012925,T00053,LRG,0.34133705,0.709513,1.0000
TG00012926,T00053,LRG,0.58681287,0.894534,1.0000
TG00012927,T00053,LRG,0.23896167,0.867998,1.0000
TG00012928,T00053,LRG,0.28759512,0.801714,1.0000
TG00012929,T00053,LRG,0.23291301,0.866168,1.0000
TG00012930,T00053,LRG,0.39532095,0.744737,1.0000
TG00012931,T00053,LRG,0.47270026,0.481872,1.0000
TG00012932,T00053,LRG,0.22346910,0.349704,1.0000
TG00012933,T00053,LRG,0.34395554,0.697455,1.0000
TG00012934,T00053,LRG,0.28877125,0.660127,1.0000
TG00012935,T00053,LRG,0.31713174,0.484250,1.0000
TG00012936,T00053,LRG,0.35962399,0.883892,1.0000
TG00012937,T00053,LRG,0.29478104,0.638153,1.0000
TG00012938,T00053,LRG,0.32774778,0.625712,1.0000
TG00012939,T00053,LRG,0.23528318,0.928043,1.0000
TG00012940,T00053,LRG,0.35109927,0.838582,1.0000
TG00012941,T00053,LRG,0.23330202,0.662874,1.0000
TG00012942,T00053,LRG,0.49401038,0.395436,1.0000
TG00012943,T00053,LRG,0.34824920,0.544505,1.0000
TG00012944,T00053,LRG,0.23779708,0.841990,1.0000
TG00012945,T00053,LRG,0.54319181,0.784167,1.0000
TG00012946,T00053,LRG,0.27410359,0.685908,1.0000
TG00012947,T00053,LRG,0.33322817,0.638183,1.0000
TG00012948,T00053,LRG,0.62257651,1.053087,1.0000
TG00012949,T00053,LRG,0.33385791,0.922134,1.0000
TG00012950,T00053,LRG,0.50553466,0.836862,1.0000
TG00012951,T00053,LRG,0.27193967,1.036911,1.0000
TG00012952,T00053,LRG,0.31043935,0.767959,1.0000
TG00012953,T00053,LRG,0.30111061,0.503048,1.0000
TG00012954,T00053,LRG,0.43858024,0.754366,1.0000
TG00012955,T00053,LRG,0.36071550,0.578471,1.0000
TG00012956,T00053,LRG,0.43278006,0.850690,1.0000
TG00012957,T00053,LRG,0.39702250,0.659230,1.0000
TG00012958,T00053,LRG,0.33681148,0.215715,1.0000
TG00012959,T00053,LRG,0.18001950,0.804446,1.0000
TG00012960,T00053,LRG,0.35716823,0.188767,1.0000
TG00012961,T00053,LRG,0.43011857,0.777088,1.0000
TG00012962,T00053,LRG,0.28950335,0.872332,1.0000
TG00012963,T00053,LRG,1.25737710,0.900984,1.0000
TG00012964,T00053,LRG,0.48719330,0.858288,1.0000
TG00012965,T00053,LRG,0.83723014,0.644687,1.0000
TG00012966,T00053,LRG,0.20568898,0.577191,1.0000
TG00012967,T00053,LRG,0.24122013,0.612722,1.0000
TG00012968,T00053,LRG,0.71673985,0.568767,1.0000
TG00012969,T00053,LRG,0.31176105,0.773973,1.0000
TG00012970,T00053,LRG,0.36978812,0.626733,1.0000
TG00012971,T00053,LRG,0.26296474,0.547008,1.0000
TG00012972,T00053,LRG,0.17159741,0.550753,1.0000
TG00012973,T00053,LRG,0.41618438,0.564434,1.0000
TG00012974,T00053,LRG,0.26998239,0.667889,1.0000
TG00012975,T00053,LRG,0.36836885,0.901047,1.0000
TG00012976,T00053,ELG,0.71843647,0.914755,1.0000
TG00012977,T00053,ELG,0.29448639,0.713561,1.0000
TG00012978,T00053,ELG,0.57317415,1.251533,1.0000
TG00012979,T00053,ELG,0.42285990,1.157003,1.0000
TG00012980,T00053,ELG,0.36963273,1.551651,1.0000
TG00012981,T00053,ELG,0.26302684,1.506283,1.0000
TG00012982,T00053,ELG,0.59810340,1.114206,1.0000
TG00012983,T00053,ELG,0.43939637,1.094863,1.0000
TG00012984,T00053,ELG,0.41287181,1.194484,1.0000
TG00012985,T00053,ELG,0.83439920,1.277297,1.0000
TG00012986,T00053,ELG,0.46279870,0.937820,1.0000
TG00012987,T00053,ELG,0.42801909,0.721691,1.0000
TG00012988,T00053,ELG,0.29942527,0.891226,1.0000
TG00012989,T00053,ELG,0.50868410,1.483579,1.0000
TG00012990,T00053,ELG,0.90758438,1.158159,1.0000
TG00012991,T00053,ELG,0.57765586,0.898247,1.0000
TG00012992,T00053,ELG,0.62626234,1.282234,1.0000
TG00012993,T00053,ELG,0.40201616,1.083104,1.0000
TG00012994,T00053,ELG,1.01622916,1.379381,1.0000
TG00012995,T00053,ELG,0.35423149,1.123661,1.0000
TG00012996,T00053,ELG,0.45820970,1.433030,1.0000
TG00012997,T00053,ELG,0.82024598,1.101081,1.0000
TG00012998,T00053,ELG,0.73100436,1.802642,1.0000
TG00012999,T00053,ELG,0.34153214,1.259253,1.0000
TG00013000,T00053,ELG,0.67152655,1.136797,1.0000
TG00013001,T00053,ELG,0.95510103,1.367878,1.0000
TG00013002,T00053,ELG,0.59905994,0.715444,1.0000
TG00013003,T00053,ELG,1.15495118,1.417040,1.0000
TG00013004,T00053,ELG,0.80981381,0.614323,1.0000
TG00013005,T00053,ELG,0.46078942,1.099551,1.0000
TG00013006,T00053,ELG,0.77770490,0.962658,1.0000
TG00013007,T00053,ELG,0.60432583,1.030278,1.0000
TG00013008,T00053,ELG,0.40205716,0.725325,1.0000
TG00013009,T00053,ELG,0.47186239,1.134668,1.0000
TG00013010,T00053,ELG,0.89478639,0.866890,1.0000
TG00013011,T00053,ELG,0.36662132,1.227334,1.0000
TG00013012,T00053,ELG,0.50529376,1.462058,1.0000
TG00013013,T00053,ELG,0.60038580,0.784958,1.0000
TG00013014,T00053,ELG,0.65169400,0.898038,1.0000
TG00013015,T00053,ELG,0.38803044,0.964054,1.0000
TG00013016,T00053,ELG,0.28330630,1.192810,1.0000
TG00013017,T00053,ELG,0.78353448,1.073479,1.0000
TG00013018,T00053,ELG,0.41134528,1.358222,1.0000
TG00013019,T00053,ELG,0.85074055,0.695078,1.0000
TG00013020,T00053,ELG,0.46053492,1.245788,1.0000
TG00013021,T00053,ELG,0.44656356,0.869935,1.0000
TG00013022,T00053,ELG,0.29536241,1.063490,1.0000
TG00013023,T00053,ELG,0.69067414,1.282197,1.0000
TG00013024,T00053,ELG,0.69428098,1.513025,1.0000
TG00013025,T00053,ELG,0.40177282,1.001249,1.0000
TG00013026,T00053,ELG,0.39693253,0.922708,1.0000
TG00013027,T00053,ELG,0.57535261,0.652720,1.0000
TG00013028,T00053,ELG,0.42257565,0.360375,1.0000
TG00013029,T00053,ELG,0.34027754,1.145372,1.0000
TG00013030,T00053,ELG,0.49013452,1.170174,1.0000
TG00013031,T00053,ELG,0.42455679,0.504133,1.0000
TG00013032,T00053,ELG,0.47189733,1.132416,1.0000
TG00013033,T00053,ELG,0.41417929,0.917762,1.0000
TG00013034,T00053,ELG,0.74609345,1.111756,1.0000
TG00013035,T00053,ELG,0.48031964,1.375067,1.0000
TG00013036,T00053,ELG,0.85784216,1.291450,1.0000
TG00013037,T00053,ELG,0.43492385,1.116052,1.0000
TG00013038,T00053,ELG,0.40766822,0.718894,1.0000
TG00013039,T00053,ELG,0.37076226,1.226662,1.0000
TG00013040,T00053,ELG,0.49908718,0.774183,1.0000
TG00013041,T00053,ELG,0.61646588,1.240340,1.0000
TG00013042,T00053,ELG,0.68220474,1.345727,1.0000
TG00013043,T00053,ELG,0.62554793,1.490288,1.0000
TG00013044,T00053,ELG,0.40535343,0.837548,1.0000
TG00013045,T00053,ELG,0.63021415,1.474265,1.0000
TG00013046,T00053,ELG,0.23829136,0.743186,1.0000
TG00013047,T00053,ELG,0.32023846,1.199481,1.0000
TG00013048,T00053,ELG,0.83411243,1.049479,1.0000
TG00013049,T00053,ELG,0.50823165,1.175231,1.0000
TG00013050,T00053,ELG,0.35653054,0.841765,1.0000
TG00013051,T00053,ELG,0.32465597,0.758442,1.0000
TG00013052,T00053,ELG,0.37884533,1.113418,1.0000
TG00013053,T00053,ELG,0.53101420,0.961872,1.0000
TG00013054,T00053,ELG,0.73218368,1.186879,1.0000
TG00013055,T00053,ELG,0.41712630,1.039440,1.0000
TG00013056,T00053,ELG,0.81542686,1.036771,1.0000
TG00013057,T00053,ELG,0.60307923,1.057131,1.0000
TG00013058,T00053,ELG,0.46988580,1.425647,1.0000
TG00013059,T00053,ELG,0.44790696,1.267480,1.0000
TG00013060,T00053,ELG,0.59086010,1.378754,1.0000
TG00013061,T00053,ELG,0.40991953,1.018353,1.0000
TG00013062,T00053,ELG,0.50196328,1.317721,1.0000
TG00013063,T00053,ELG,0.53172803,1.226339,1.0000
TG00013064,T00053,ELG,0.51217548,0.909508,1.0000
TG00013065,T00053,ELG,0.96487367,1.127626,1.0000
TG00013066,T00053,ELG,0.23950256,1.097928,1.0000
TG00013067,T00053,ELG,0.58986486,1.340394,1.0000
TG00013068,T00053,ELG,0.30551824,1.124722,1.0000
TG00013069,T00053,ELG,0.61892011,1.785338,1.0000
TG00013070,T00053,ELG,0.23842778,1.342186,1.0000
TG00013071,T00053,ELG,0.63059783,1.272753,1.0000
TG00013072,T00053,ELG,0.38815898,1.164293,1.0000
TG00013073,T00053,ELG,0.72270101,0.939569,1.0000
TG00013074,T00053,ELG,0.76933749,1.383768,1.0000
TG00013075,T00053,ELG,1.03865896,1.297045,1.0000
TG00013076,T00053,ELG,0.72210245,0.957904,1.0000
TG00013077,T00053,ELG,0.81737770,1.282548,1.0000
TG00013078,T00053,ELG,0.77922534,0.679568,1.0000
TG00013079,T00053,ELG,0.72965548,0.827129,1.0000
TG00013080,T00053,ELG,0.60387793,0.763372,1.0000
TG00013081,T00053,ELG,0.33384517,1.433982,1.0000
TG00013082,T00053,ELG,0.78501928,0.582411,1.0000
TG00013083,T00053,ELG,0.55698743,1.719030,1.0000
TG00013084,T00053,ELG,0.44942144,1.263509,1.0000
TG00013085,T00053,ELG,0.77598011,0.704580,1.0000
TG00013086,T00053,ELG,0.27891899,0.930351,1.0000
TG00013087,T00053,ELG,0.73903189,1.008625,1.0000
TG00013088,T00053,ELG,0.66932301,1.409197,1.0000
TG00013089,T00053,ELG,0.43039468,1.229783,1.0000
TG00013090,T00053,QSO,0.39781303,1.870878,1.7000
TG00013091,T00053,QSO,0.12601845,2.788508,1.7000
TG00013092,T00053,QSO,0.25938465,2.536827,1.7000
TG00013093,T00053,QSO,0.23334167,1.379216,1.7000
TG00013094,T00053,QSO,0.32328048,2.296093,1.7000
TG00013095,T00053,QSO,0.30699560,2.292109,1.7000
TG00013096,T00053,QSO,0.30848539,2.424363,1.7000
TG00013097,T00053,QSO,0.19608316,0.813304,1.7000
TG00013098,T00053,QSO,0.19254779,2.669929,1.7000
TG00013099,T00053,QSO,0.11675898,2.034849,1.7000
TG00013100,T00053,QSO,0.07187695,2.442298,1.7000
TG00013101,T00053,QSO,0.23381497,2.117411,1.7000
TG00013102,T00053,QSO,0.09889206,2.022496,1.7000
TG00013103,T00053,QSO,0.17082745,2.838725,1.7000
TG00013104,T00053,QSO,0.13936827,2.482208,1.7000
TG00013105,T00053,QSO,0.06797483,1.036343,1.7000
TG00013106,T00053,QSO,0.29254370,2.633016,1.7000
TG00013107,T00053,QSO,0.13811109,0.830117,1.7000
TG00013108,T00053,QSO,0.15640942,2.204445,1.7000
TG00013109,T00053,QSO,0.14201109,2.203499,1.7000
TG00013110,T00053,QSO,0.28877148,1.393588,1.7000
TG00013111,T00053,BGS,1.32170116,0.179062,0.4500
TG00013112,T00053,BGS,1.21911758,0.264088,0.4500
TG00013113,T00053,BGS,1.47550353,0.216220,0.4500
TG00013114,T00053,BGS,2.15064807,0.367376,0.4500
TG00013115,T00053,BGS,0.95026665,0.313471,0.4500
TG00013116,T00053,BGS,1.25599177,0.280073,0.4500
TG00013117,T00053,BGS,0.79324062,0.231547,0.4500
TG00013118,T00053,BGS,1.10042245,0.198089,0.4500
TG00013119,T00053,BGS,0.84770778,0.329228,0.4500
TG00013120,T00053,BGS,1.83962584,0.230425,0.4500
TG00013121,T00053,BGS,1.20726157,0.211714,0.4500
TG00013122,T00053,BGS,1.17557785,0.182479,0.4500
TG00013123,T00053,BGS,0.69210546,0.085988,0.4500
TG00013124,T00053,BGS,2.06227443,0.418007,0.4500
TG00013125,T00053,BGS,0.80987678,0.134092,0.4500
TG00013126,T00053,BGS,1.40064047,0.209830,0.4500
TG00013127,T00053,BGS,1.47471867,0.194978,0.4500
TG00013128,T00053,BGS,1.03119948,0.264655,0.4500
TG00013129,T00053,BGS,0.81925343,0.302411,0.4500
TG00013130,T00053,BGS,1.17012453,0.111366,0.4500
TG00013131,T00053,BGS,0.66880810,0.443663,0.4500
TG00013132,T00053,BGS,1.34883735,0.188962,0.4500
TG00013133,T00053,BGS,1.14507986,0.167601,0.4500
TG00013134,T00053,BGS,1.29698038,0.289492,0.4500
TG00013135,T00053,BGS,0.78803978,0.364352,0.4500
TG00013136,T00053,BGS,1.51102768,0.318797,0.4500
TG00013137,T00053,BGS,1.07942670,0.393810,0.4500
TG00013138,T00053,BGS,0.97544660,0.227435,0.4500
TG00013139,T00053,BGS,1.51697721,0.393170,0.4500
TG00013140,T00053,BGS,1.40401676,0.180706,0.4500
TG00013141,T00053,BGS,1.53777799,0.208469,0.4500
TG00013142,T00053,BGS,0.80983341,0.214518,0.4500
TG00013143,T00053,BGS,1.31462046,0.120800,0.4500
TG00013144,T00053,BGS,1.05921738,0.305063,0.4500
TG00013145,T00053,BGS,0.90446471,0.227297,0.4500
TG00013146,T00053,BGS,1.38154553,0.000000,0.4500
TG00013147,T00053,BGS,1.59209502,0.181893,0.4500
TG00013148,T00053,BGS,1.91764413,0.105211,0.4500
TG00013149,T00053,BGS,1.90991404,0.211475,0.4500
TG00013150,T00053,BGS,2.26501555,0.123856,0.4500
TG00013151,T00053,BGS,1.36800561,0.246151,0.4500
TG00013152,T00053,BGS,1.32641791,0.395358,0.4500
TG00013153,T00053,BGS,1.34289738,0.231378,0.4500
TG00013154,T00053,BGS,1.10587048,0.175492,0.4500
TG00013155,T00053,BGS,1.16318608,0.273941,0.4500
TG00013156,T00053,BGS,0.69918680,0.213761,0.4500
TG00013157,T00053,BGS,1.36648978,0.283274,0.4500
TG00013158,T00053,BGS,1.39645140,0.284492,0.4500
TG00013159,T00053,BGS,1.30610975,0.244144,0.4500
TG00013160,T00053,BGS,1.05424225,0.206252,0.4500
TG00013161,T00053,BGS,1.34961308,0.279987,0.4500
TG00013162,T00053,BGS,1.44195668,0.270184,0.4500
TG00013163,T00053,BGS,1.56264618,0.210390,0.4500
TG00013164,T00053,BGS,1.36072624,0.280256,0.4500
TG00013165,T00053,BGS,1.36891561,0.096136,0.4500
TG00013166,T00053,BGS,1.56152957,0.308828,0.4500
TG00013167,T00053,BGS,1.26602839,0.217207,0.4500
TG00013168,T00053,BGS,1.88757247,0.200718,0.4500
TG00013169,T00053,BGS,1.72042251,0.178247,0.4500
TG00013170,T00053,BGS,1.13407494,0.186850,0.4500
TG00013171,T00053,BGS,1.31738897,0.319678,0.4500
TG00013172,T00053,BGS,1.00687322,0.000000,0.4500
TG00013173,T00053,BGS,1.67087991,0.190491,0.4500
TG00013174,T00053,BGS,1.55723388,0.316369,0.4500
TG00013175,T00053,BGS,1.44730184,0.082371,0.4500
TG00013176,T00053,BGS,1.41804690,0.186580,0.4500
TG00013177,T00053,BGS,1.39790531,0.287612,0.4500
TG00013178,T00053,BGS,2.13914025,0.242122,0.4500
TG00013179,T00053,BGS,1.36461340,0.107836,0.4500
TG00013180,T00053,BGS,1.37466566,0.184333,0.4500
TG00013181,T00053,BGS,1.13174350,0.165502,0.4500
TG00013182,T00053,BGS,1.41722153,0.222956,0.4500
TG00013183,T00053,BGS,0.85837857,0.257023,0.4500
TG00013184,T00053,BGS,1.21221651,0.227774,0.4500
TG00013185,T00053,BGS,1.46158107,0.243120,0.4500
TG00013186,T00053,BGS,1.73492170,0.150485,0.4500
TG00013187,T00053,BGS,0.73012628,0.118326,0.4500
TG00013188,T00053,BGS,0.60857125,0.389794,0.4500
TG00013189,T00053,BGS,1.42196357,0.396069,0.4500
TG00013190,T00053,BGS,1.30158326,0.335767,0.4500
TG00013191,T00053,BGS,1.14922359,0.239318,0.4500
TG00013192,T00053,BGS,0.87578755,0.089420,0.4500
TG00013193,T00053,BGS,1.92427816,0.241196,0.4500
TG00013194,T00053,BGS,0.89972048,0.199112,0.4500
TG00013195,T00053,BGS,0.83469257,0.208313,0.4500
TG00013196,T00053,BGS,1.14163051,0.167306,0.4500
TG00013197,T00053,BGS,1.24910877,0.207382,0.4500
TG00013198,T00053,BGS,1.62967098,0.426889,0.4500
TG00013199,T00054,LRG,0.50911675,0.744098,1.0000
TG00013200,T00054,LRG,0.35780214,0.534383,1.0000
TG00013201,T00054,LRG,0.24515851,0.710001,1.0000
TG00013202,T00054,LRG,0.30339396,0.906978,1.0000
TG00013203,T00054,LRG,0.50641125,0.758357,1.0000
TG00013204,T00054,LRG,0.36727906,0.346994,1.0000
TG00013205,T00054,LRG,0.54883415,0.688364,1.0000
TG00013206,T00054,LRG,0.47367805,0.642105,1.0000
TG00013207,T00054,LRG,0.56874934,1.010926,1.0000
TG00013208,T00054,LRG,0.19553732,0.376620,1.0000
TG00013209,T00054,LRG,0.21757213,0.640538,1.0000
TG00013210,T00054,LRG,0.38862273,0.891037,1.0000
TG00013211,T00054,LRG,0.22253771,0.742005,1.0000
TG00013212,T00054,LRG,0.23893083,1.191061,1.0000
TG00013213,T00054,LRG,0.23933395,0.359371,1.0000
TG00013214,T00054,LRG,0.45669793,0.730657,1.0000
TG00013215,T00054,LRG,0.27642525,0.713840,1.0000
TG00013216,T00054,LRG,0.20221282,0.464205,1.0000
TG00013217,T00054,LRG,0.47270472,1.031182,1.0000
TG00013218,T00054,LRG,0.45106124,1.081178,1.0000
TG00013219,T00054,LRG,0.32515581,0.833251,1.0000
TG00013220,T00054,LRG,0.44367575,0.616165,1.0000
TG00013221,T00054,LRG,0.35138714,0.282341,1.0000
TG00013222,T00054,LRG,0.32676068,0.434095,1.0000
TG00013223,T00054,LRG,0.26066829,0.648549,1.0000
TG00013224,T00054,LRG,0.23019108,0.606599,1.0000
TG00013225,T00054,LRG,0.23007172,0.692803,1.0000
TG00013226,T00054,LRG,0.18166755,0.929460,1.0000
TG00013227,T00054,LRG,0.29965400,0.772662,1.0000
TG00013228,T00054,LRG,0.52773100,0.855452,1.0000
TG00013229,T00054,LRG,0.61593315,0.720227,1.0000
TG00013230,T00054,LRG,0.27680433,0.667448,1.0000
TG00013231,T00054,LRG,0.25143220,0.908251,1.0000
TG00013232,T00054,LRG,0.35735399,1.099323,1.0000
TG00013233,T00054,LRG,0.38034985,0.640847,1.0000
TG00013234,T00054,LRG,0.35932720,0.885115,1.0000
TG00013235,T00054,LRG,0.60770716,1.157183,1.0000
TG00013236,T00054,LRG,0.18286799,0.826546,1.0000
TG00013237,T00054,LRG,0.27928965,0.644375,1.0000
TG00013238,T00054,LRG,0.41120740,0.404254,1.0000
TG00013239,T00054,LRG,0.21456908,0.888772,1.0000
TG00013240,T00054,LRG,0.49518366,0.595065,1.0000
TG00013241,T00054,LRG,0.34998271,0.662886,1.0000
TG00013242,T00054,LRG,0.27003284,0.884390,1.0000
TG00013243,T00054,LRG,0.37550998,0.699170,1.0000
TG00013244,T00054,LRG,0.38288691,0.722012,1.0000
TG00013245,T00054,LRG,0.35712189,0.645167,1.0000
TG00013246,T00054,LRG,0.32435161,0.807178,1.0000
TG00013247,T00054,LRG,0.32646553,0.592462,1.0000
TG00013248,T00054,LRG,0.43947593,0.609689,1.0000
TG00013249,T00054,LRG,0.40584931,0.960004,1.0000
TG00013250,T00054,LRG,0.39813071,0.920346,1.0000
TG00013251,T00054,LRG,0.36881616,0.890476,1.0000
TG00013252,T00054,LRG,0.19538399,0.592416,1.0000
TG00013253,T00054,LRG,0.33220852,0.808815,1.0000
TG00013254,T00054,LRG,0.19952112,0.590613,1.0000
TG00013255,T00054,LRG,0.46789308,0.603163,1.0000
TG00013256,T00054,LRG,0.24318934,0.729194,1.0000
TG00013257,T00054,LRG,0.38616145,1.158360,1.0000
TG00013258,T00054,LRG,0.33736099,0.819832,1.0000
TG00013259,T00054,LRG,0.46198577,0.990997,1.0000
TG00013260,T00054,LRG,0.54690173,0.552545,1.0000
TG00013261,T00054,LRG,0.25708632,0.811018,1.0000
TG00013262,T00054,LRG,0.27842385,0.621141,1.0000
TG00013263,T00054,LRG,0.59526412,0.725300,1.0000
TG00013264,T00054,ELG,0.50014377,0.866086,1.0000
TG00013265,T00054,ELG,0.29875610,0.880626,1.0000
TG00013266,T00054,ELG,0.83849560,1.350476,1.0000
TG00013267,T00054,ELG,0.83472890,1.139070,1.0000
TG00013268,T00054,ELG,0.99233429,0.648009,1.0000
TG00013269,T00054,ELG,0.61375030,0.740111,1.0000
TG00013270,T00054,ELG,0.95246336,1.017012,1.0000
TG00013271,T00054,ELG,0.66865675,1.055489,1.0000
TG00013272,T00054,ELG,0.49276500,1.019827,1.0000
TG00013273,T00054,ELG,0.57705690,1.032017,1.0000
TG00013274,T00054,ELG,0.38320000,1.332312,1.0000
TG00013275,T00054,ELG,0.36493685,0.887926,1.0000
TG00013276,T00054,ELG,0.57284581,0.554729,1.0000
TG00013277,T00054,ELG,0.43117961,0.911555,1.0000
TG00013278,T00054,ELG,0.27915296,1.255884,1.0000
TG00013279,T00054,ELG,0.48730950,1.548114,1.0000
TG00013280,T00054,ELG,0.37828715,1.045109,1.0000
TG00013281,T00054,ELG,0.38909204,1.357945,1.0000
TG00013282,T00054,ELG,0.74240914,0.891176,1.0000
TG00013283,T00054,ELG,0.71625828,1.029675,1.0000
TG00013284,T00054,ELG,0.46999929,1.505553,1.0000
TG00013285,T00054,ELG,0.89809073,1.674931,1.0000
TG00013286,T00054,ELG,1.09327223,1.107038,1.0000
TG00013287,T00054,ELG,1.66672194,1.234763,1.0000
TG00013288,T00054,ELG,0.63564324,1.500559,1.0000
TG00013289,T00054,ELG,0.52952007,1.537420,1.0000
TG00013290,T00054,ELG,0.52762328,1.458485,1.0000
TG00013291,T00054,ELG,0.64800871,1.162288,1.0000
TG00013292,T00054,ELG,0.58587091,0.756716,1.0000
TG00013293,T00054,ELG,0.67636663,1.185566,1.0000
TG00013294,T00054,ELG,0.64986021,1.641844,1.0000
TG00013295,T00054,ELG,0.33397890,1.069349,1.0000
TG00013296,T00054,ELG,0.46730505,1.350399,1.0000
TG00013297,T00054,ELG,0.62964645,0.627561,1.0000
TG00013298,T00054,ELG,0.65941507,1.090009,1.0000
TG00013299,T00054,ELG,0.36469828,0.967556,1.0000
TG00013300,T00054,ELG,0.30071553,1.106753,1.0000
TG00013301,T00054,ELG,0.41116673,1.636324,1.0000
TG00013302,T00054,ELG,0.27675379,1.089224,1.0000
TG00013303,T00054,ELG,0.57929029,1.066595,1.0000
TG00013304,T00054,ELG,0.69159112,0.925234,1.0000
TG00013305,T00054,ELG,0.33703370,0.781021,1.0000
TG00013306,T00054,ELG,0.87190630,0.975382,1.0000
TG00013307,T00054,ELG,0.36849498,0.987570,1.0000
TG00013308,T00054,ELG,0.64245244,1.090802,1.0000
TG00013309,T00054,ELG,0.74279652,1.425808,1.0000
TG00013310,T00054,ELG,0.47845575,1.078907,1.0000
TG00013311,T00054,ELG,0.85203436,1.389717,1.0000
TG00013312,T00054,ELG,0.59113742,0.913130,1.0000
TG00013313,T00054,ELG,0.41012304,1.301504,1.0000
TG00013314,T00054,ELG,0.32871912,1.237259,1.0000
TG00013315,T00054,ELG,0.97110911,0.811961,1.0000
TG00013316,T00054,ELG,0.51818121,1.673591,1.0000
TG00013317,T00054,ELG,0.92433068,1.332352,1.0000
TG00013318,T00054,ELG,1.12603187,0.581380,1.0000
TG00013319,T00054,ELG,0.53873629,1.153470,1.0000
TG00013320,T00054,ELG,0.40978220,0.821308,1.0000
TG00013321,T00054,ELG,0.51575443,0.889287,1.0000
TG00013322,T00054,ELG,0.83595325,0.831375,1.0000
TG00013323,T00054,ELG,0.48541945,1.202996,1.0000
TG00013324,T00054,ELG,0.96175931,1.164762,1.0000
TG00013325,T00054,ELG,0.21927483,0.626035,1.0000
TG00013326,T00054,ELG,0.64763020,0.409076,1.0000
TG00013327,T00054,ELG,0.63597884,1.076555,1.0000
TG00013328,T00054,ELG,0.52924213,1.413533,1.0000
TG00013329,T00054,ELG,0.72108629,1.240975,1.0000
TG00013330,T00054,ELG,0.50609667,0.701033,1.0000
TG00013331,T00054,ELG,0.58175199,1.036160,1.0000
TG00013332,T00054,ELG,0.44012610,1.010762,1.0000
TG00013333,T00054,ELG,0.68538290,1.455315,1.0000
TG00013334,T00054,ELG,0.57292666,1.352894,1.0000
TG00013335,T00054,ELG,0.50017364,0.785372,1.0000
TG00013336,T00054,ELG,0.40760446,1.565203,1.0000
TG00013337,T00054,ELG,0.45847930,1.027878,1.0000
TG00013338,T00054,ELG,0.61069224,1.058879,1.0000
TG00013339,T00054,ELG,1.02065372,0.956808,1.0000
TG00013340,T00054,ELG,0.81864508,0.669914,1.0000
TG00013341,T00054,ELG,0.59797478,0.498192,1.0000
TG00013342,T00054,ELG,0.82068612,1.192280,1.0000
TG00013343,T00054,ELG,0.46561920,1.540608,1.0000
TG00013344,T00054,ELG,0.98896982,0.916484,1.0000
TG00013345,T00054,ELG,0.46064867,0.609228,1.0000
TG00013346,T00054,ELG,0.34891738,1.200532,1.0000
TG00013347,T00054,ELG,0.60319346,1.950089,1.0000
TG00013348,T00054,ELG,0.42991556,0.875409,1.0000
TG00013349,T00054,ELG,0.25139587,1.114661,1.0000
TG00013350,T00054,ELG,0.84270763,1.077285,1.0000
TG00013351,T00054,ELG,1.07786296,0.838560,1.0000
TG00013352,T00054,ELG,0.58442916,1.387229,1.0000
TG00013353,T00054,ELG,0.43652269,0.988698,1.0000
TG00013354,T00054,ELG,0.46049488,1.141331,1.0000
TG00013355,T00054,ELG,1.17116882,1.407030,1.0000
TG00013356,T00054,ELG,0.61426741,0.704205,1.0000
TG00013357,T00054,ELG,0.34327161,1.530789,1.0000
TG00013358,T00054,ELG,0.47508795,0.696363,1.0000
TG00013359,T00054,ELG,0.46661910,0.819302,1.0000
TG00013360,T00054,ELG,0.67795696,0.925456,1.0000
TG00013361,T00054,ELG,0.32253746,0.786978,1.0000
TG00013362,T00054,ELG,0.61079177,0.751202,1.0000
TG00013363,T00054,ELG,0.57210760,0.890078,1.0000
TG00013364,T00054,ELG,0.60131546,1.034856,1.0000
TG00013365,T00054,ELG,0.69470924,0.846901,1.0000
TG00013366,T00054,ELG,0.51948124,1.258838,1.0000
TG00013367,T00054,ELG,0.35346240,1.050345,1.0000
TG00013368,T00054,ELG,0.26679952,0.940076,1.0000
TG00013369,T00054,ELG,0.48282621,0.952393,1.0000
TG00013370,T00054,ELG,0.43632257,1.135370,1.0000
TG00013371,T00054,ELG,0.40378288,1.189686,1.0000
TG00013372,T00054,ELG,0.48480453,0.727912,1.0000
TG00013373,T00054,ELG,0.53172412,1.346089,1.0000
TG00013374,T00054,ELG,0.79308183,1.355447,1.0000
TG00013375,T00054,ELG,0.40781476,1.098401,1.0000
TG00013376,T00054,ELG,0.36141458,1.082396,1.0000
TG00013377,T00054,ELG,0.38694106,1.006213,1.0000
TG00013378,T00054,ELG,1.42573302,1.373514,1.0000
TG00013379,T00054,ELG,0.75554644,0.392000,1.0000
TG00013380,T00054,ELG,0.94025096,0.752214,1.0000
TG00013381,T00054,ELG,0.73445493,1.083933,1.0000
TG00013382,T00054,ELG,1.52619529,0.616396,1.0000
TG00013383,T00054,ELG,0.32820406,1.027636,1.0000
TG00013384,T00054,ELG,0.69089134,1.319214,1.0000
TG00013385,T00054,ELG,1.05802297,1.216950,1.0000
TG00013386,T00054,ELG,0.82872805,1.077871,1.0000
TG00013387,T00054,ELG,0.87791434,0.746651,1.0000
TG00013388,T00054,ELG,1.03371757,1.207509,1.0000
TG00013389,T00054,ELG,0.24713151,1.481419,1.0000
TG00013390,T00054,ELG,0.65126722,1.687421,1.0000
TG00013391,T00054,ELG,0.59119315,0.717111,1.0000
TG00013392,T00054,ELG,0.48853105,0.561508,1.0000
TG00013393,T00054,ELG,0.35371688,1.014974,1.0000
TG00013394,T00054,ELG,0.67671607,0.925346,1.0000
TG00013395,T00054,QSO,0.11588601,2.550265,1.7000
TG00013396,T00054,QSO,0.23924541,1.970427,1.7000
TG00013397,T00054,QSO,0.37229655,2.039005,1.7000
TG00013398,T00054,QSO,0.10946008,3.065641,1.7000
TG00013399,T00054,QSO,0.18773626,2.397794,1.7000
TG00013400,T00054,QSO,0.27937664,2.260617,1.7000
TG00013401,T00054,QSO,0.06290021,2.192964,1.7000
TG00013402,T00054,QSO,0.09909358,3.404623,1.7000
TG00013403,T00054,QSO,0.10389498,2.177804,1.7000
TG00013404,T00054,QSO,0.14096654,1.372430,1.7000
TG00013405,T00054,QSO,0.06030159,2.103644,1.7000
TG00013406,T00054,QSO,0.20313694,2.786948,1.7000
TG00013407,T00054,QSO,0.18459918,2.277583,1.7000
TG00013408,T00054,BGS,1.33080554,0.150877,0.4500
TG00013409,T00054,BGS,1.38011733,0.245710,0.4500
TG00013410,T00054,BGS,0.85740695,0.239761,0.4500
TG00013411,T00054,BGS,1.03800632,0.423673,0.4500
TG00013412,T00054,BGS,1.31092592,0.218896,0.4500
TG00013413,T00054,BGS,1.01517131,0.355202,0.4500
TG00013414,T00054,BGS,2.11385306,0.268646,0.4500
TG00013415,T00054,BGS,2.04113032,0.260519,0.4500
TG00013416,T00054,BGS,1.34496060,0.189933,0.4500
TG00013417,T00054,BGS,2.40216232,0.267794,0.4500
TG00013418,T00054,BGS,1.94078955,0.176668,0.4500
TG00013419,T00054,BGS,1.59818246,0.168595,0.4500
TG00013420,T00054,BGS,0.87109921,0.198735,0.4500
TG00013421,T00054,BGS,1.05757460,0.090794,0.4500
TG00013422,T00054,BGS,1.66701508,0.252061,0.4500
TG00013423,T00054,BGS,1.53080466,0.247433,0.4500
TG00013424,T00054,BGS,1.58984608,0.137887,0.4500
TG00013425,T00054,BGS,1.25356456,0.287337,0.4500
TG00013426,T00054,BGS,1.22216785,0.161328,0.4500
TG00013427,T00054,BGS,1.75344031,0.228964,0.4500
TG00013428,T00054,BGS,0.72098317,0.437538,0.4500
TG00013429,T00054,BGS,0.95917125,0.067748,0.4500
TG00013430,T00054,BGS,1.96808532,0.272700,0.4500
TG00013431,T00054,BGS,1.25195111,0.150984,0.4500
TG00013432,T00054,BGS,1.92453203,0.156803,0.4500
TG00013433,T00054,BGS,0.69101688,0.175094,0.4500
TG00013434,T00054,BGS,1.36877277,0.203616,0.4500
TG00013435,T00054,BGS,1.00478573,0.089090,0.4500
TG00013436,T00054,BGS,1.71838145,0.308269,0.4500
TG00013437,T00054,BGS,0.85614316,0.222076,0.4500
TG00013438,T00054,BGS,0.95855387,0.123976,0.4500
TG00013439,T00054,BGS,1.30016195,0.357821,0.4500
TG00013440,T00054,BGS,2.71944257,0.251175,0.4500
TG00013441,T00054,BGS,1.78656411,0.247097,0.4500
TG00013442,T00054,BGS,1.23121577,0.235396,0.4500
TG00013443,T00054,BGS,2.63063037,0.326361,0.4500
TG00013444,T00054,BGS,1.18697969,0.287517,0.4500
TG00013445,T00054,BGS,1.14192126,0.118620,0.4500
TG00013446,T00054,BGS,0.85278472,0.182571,0.4500
TG00013447,T00054,BGS,1.34878749,0.255216,0.4500
TG00013448,T00054,BGS,1.46876531,0.193113,0.4500
TG00013449,T00054,BGS,1.86178484,0.263080,0.4500
TG00013450,T00054,BGS,1.65698710,0.257417,0.4500
TG00013451,T00054,BGS,0.91865745,0.125162,0.4500
TG00013452,T00054,BGS,1.30221353,0.346219,0.4500
TG00013453,T00054,BGS,0.86547896,0.043154,0.4500
TG00013454,T00054,BGS,1.15805668,0.182680,0.4500
TG00013455,T00054,BGS,1.51807710,0.134511,0.4500
TG00013456,T00054,BGS,1.90581112,0.208632,0.4500
TG00013457,T00054,BGS,0.89067629,0.162899,0.4500
TG00013458,T00054,BGS,1.33646700,0.348306,0.4500
TG00013459,T00054,BGS,1.00359164,0.265605,0.4500
TG00013460,T00054,BGS,1.33632470,0.236043,0.4500
TG00013461,T00054,BGS,0.81722039,0.314185,0.4500
TG00013462,T00054,BGS,0.98618604,0.076075,0.4500
TG00013463,T00054,BGS,1.51009527,0.128874,0.4500
TG00013464,T00054,BGS,1.40802638,0.283315,0.4500
TG00013465,T00054,BGS,1.68681876,0.148080,0.4500
TG00013466,T00054,BGS,1.09226147,0.246915,0.4500
TG00013467,T00054,BGS,1.07354449,0.266283,0.4500
TG00013468,T00054,BGS,0.99583060,0.046338,0.4500
TG00013469,T00054,BGS,1.76829474,0.193751,0.4500
TG00013470,T00054,BGS,1.11320223,0.087469,0.4500
TG00013471,T00054,BGS,1.01218454,0.264132,0.4500
TG00013472,T00054,BGS,1.32437659,0.146772,0.4500
TG00013473,T00054,BGS,0.85970733,0.216316,0.4500
TG00013474,T00054,BGS,2.26808847,0.205749,0.4500
TG00013475,T00054,BGS,1.26692472,0.296959,0.4500
TG00013476,T00054,BGS,2.85799924,0.076700,0.4500
TG00013477,T00054,BGS,1.30195864,0.249381,0.4500
TG00013478,T00054,BGS,0.99265112,0.129379,0.4500
TG00013479,T00054,BGS,1.84765824,0.228561,0.4500
TG00013480,T00054,BGS,0.81347635,0.193974,0.4500
TG00013481,T00054,BGS,1.20883479,0.072420,0.4500
TG00013482,T00054,BGS,1.80358884,0.136732,0.4500
TG00013483,T00054,BGS,1.29200701,0.076251,0.4500
TG00013484,T00054,BGS,0.83258779,0.355920,0.4500
TG00013485,T00054,BGS,0.86180190,0.333792,0.4500
TG00013486,T00054,BGS,0.83417042,0.250521,0.4500
TG00013487,T00054,BGS,2.12060123,0.243298,0.4500
TG00013488,T00054,BGS,1.70642739,0.023556,0.4500
TG00013489,T00054,BGS,1.27245059,0.268359,0.4500
TG00013490,T00054,BGS,0.98465216,0.173145,0.4500
TG00013491,T00054,BGS,1.18001023,0.111190,0.4500
TG00013492,T00055,LRG,0.32184690,0.516464,1.0000
TG00013493,T00055,LRG,0.40489006,0.520406,1.0000
TG00013494,T00055,LRG,0.28215504,0.956830,1.0000
TG00013495,T00055,LRG,0.52966101,0.614339,1.0000
TG00013496,T00055,LRG,0.43728242,0.739915,1.0000
TG00013497,T00055,LRG,0.41061155,0.874507,1.0000
TG00013498,T00055,LRG,0.80106338,0.628174,1.0000
TG00013499,T00055,LRG,0.35185463,0.500653,1.0000
TG00013500,T00055,LRG,0.18621565,0.733240,1.0000
TG00013501,T00055,LRG,0.33832495,0.565950,1.0000
TG00013502,T00055,LRG,0.44098130,0.648616,1.0000
TG00013503,T00055,LRG,0.47674390,0.858266,1.0000
TG00013504,T00055,LRG,0.52002144,0.340766,1.0000
TG00013505,T00055,LRG,0.45424589,0.863038,1.0000
TG00013506,T00055,LRG,0.52958935,0.572521,1.0000
TG00013507,T00055,LRG,0.20397199,0.489663,1.0000
TG00013508,T00055,LRG,0.15855701,0.387734,1.0000
TG00013509,T00055,LRG,0.50265398,0.668646,1.0000
TG00013510,T00055,LRG,0.39133168,0.852446,1.0000
TG00013511,T00055,LRG,0.34032417,0.853855,1.0000
TG00013512,T00055,LRG,0.23982613,0.546025,1.0000
TG00013513,T00055,LRG,0.16516465,1.006867,1.0000
TG00013514,T00055,LRG,0.39048087,1.066139,1.0000
TG00013515,T00055,LRG,0.76332092,0.997715,1.0000
TG00013516,T00055,LRG,0.47257999,0.758992,1.0000
TG00013517,T00055,LRG,0.60223523,0.841927,1.0000
TG00013518,T00055,LRG,0.23562639,0.458151,1.0000
TG00013519,T00055,LRG,0.28522909,0.665803,1.0000
TG00013520,T00055,LRG,0.43515314,0.905983,1.0000
TG00013521,T00055,LRG,0.21673495,0.555679,1.0000
TG00013522,T00055,LRG,0.35183045,0.611169,1.0000
TG00013523,T00055,LRG,0.25962605,0.438461,1.0000
TG00013524,T00055,LRG,0.32745211,0.615732,1.0000
TG00013525,T00055,LRG,0.45479780,0.374772,1.0000
TG00013526,T00055,LRG,0.27661762,0.821411,1.0000
TG00013527,T00055,LRG,0.87441929,0.768553,1.0000
TG00013528,T00055,LRG,0.19703703,0.832850,1.0000
TG00013529,T00055,LRG,0.23015627,0.705033,1.0000
TG00013530,T00055,LRG,0.34070830,0.786876,1.0000
TG00013531,T00055,LRG,0.27431195,0.526860,1.0000
TG00013532,T00055,LRG,0.30695098,0.396562,1.0000
TG00013533,T00055,LRG,0.48846028,1.036181,1.0000
TG00013534,T00055,LRG,0.27508177,0.722960,1.0000
TG00013535,T00055,LRG,0.36878644,0.519478,1.0000
TG00013536,T00055,LRG,0.25297669,0.610675,1.0000
TG00013537,T00055,LRG,0.37831542,0.403306,1.0000
TG00013538,T00055,LRG,0.28428308,0.656093,1.0000
TG00013539,T00055,LRG,0.27380699,0.738022,1.0000
TG00013540,T00055,LRG,0.20159920,0.602580,1.0000
TG00013541,T00055,LRG,0.53357745,0.657468,1.0000
TG00013542,T00055,LRG,0.58101073,0.686294,1.0000
TG00013543,T00055,LRG,0.48290295,0.598365,1.0000
TG00013544,T00055,LRG,0.41852295,0.757211,1.0000
TG00013545,T00055,LRG,0.20960437,0.959615,1.0000
TG00013546,T00055,LRG,0.36864295,1.059899,1.0000
TG00013547,T00055,LRG,0.17370054,0.680647,1.0000
TG00013548,T00055,LRG,0.41390158,0.478056,1.0000
TG00013549,T00055,LRG,0.46630392,0.954230,1.0000
TG00013550,T00055,ELG,0.56383488,0.704087,1.0000
TG00013551,T00055,ELG,0.48448760,1.275484,1.0000
TG00013552,T00055,ELG,0.31097273,1.077041,1.0000
TG00013553,T00055,ELG,0.64419270,0.899334,1.0000
TG00013554,T00055,ELG,0.31777927,1.799272,1.0000
TG00013555,T00055,ELG,0.37834185,1.563717,1.0000
TG00013556,T00055,ELG,0.81011671,0.892864,1.0000
TG00013557,T00055,ELG,0.47701670,1.179812,1.0000
TG00013558,T00055,ELG,0.67072580,1.434125,1.0000
TG00013559,T00055,ELG,0.31357167,1.259827,1.0000
TG00013560,T00055,ELG,0.43911345,1.506727,1.0000
TG00013561,T00055,ELG,0.37044415,0.915180,1.0000
TG00013562,T00055,ELG,0.37280004,1.141019,1.0000
TG00013563,T00055,ELG,1.12228661,0.857124,1.0000
TG00013564,T00055,ELG,0.58931107,1.641224,1.0000
TG00013565,T00055,ELG,0.74913389,1.271463,1.0000
TG00013566,T00055,ELG,0.64009967,1.102368,1.0000
TG00013567,T00055,ELG,0.54228252,1.248769,1.0000
TG00013568,T00055,ELG,0.38596972,1.400567,1.0000
TG00013569,T00055,ELG,0.60025976,1.012048,1.0000
TG00013570,T00055,ELG,0.59588086,1.457545,1.0000
TG00013571,T00055,ELG,0.47543704,1.925100,1.0000
TG00013572,T00055,ELG,0.75087026,0.865895,1.0000
TG00013573,T00055,ELG,0.40525946,0.808509,1.0000
TG00013574,T00055,ELG,0.47952258,1.459604,1.0000
TG00013575,T00055,ELG,0.29358841,0.653253,1.0000
TG00013576,T00055,ELG,0.60318830,1.359700,1.0000
TG00013577,T00055,ELG,0.36413937,0.953966,1.0000
TG00013578,T00055,ELG,0.39440012,0.943996,1.0000
TG00013579,T00055,ELG,0.76236191,1.033554,1.0000
TG00013580,T00055,ELG,0.38547188,1.124422,1.0000
TG00013581,T00055,ELG,0.37638904,1.229777,1.0000
TG00013582,T00055,ELG,0.38717555,1.371580,1.0000
TG00013583,T00055,ELG,0.38999263,0.987942,1.0000
TG00013584,T00055,ELG,0.43458766,0.876853,1.0000
TG00013585,T00055,ELG,0.95906577,1.166424,1.0000
TG00013586,T00055,ELG,1.24860051,1.077666,1.0000
TG00013587,T00055,ELG,0.71021070,1.200408,1.0000
TG00013588,T00055,ELG,0.91681300,1.299070,1.0000
TG00013589,T00055,ELG,1.30083240,1.107779,1.0000
TG00013590,T00055,ELG,0.81896940,0.875754,1.0000
TG00013591,T00055,ELG,0.71774116,1.309781,1.0000
TG00013592,T00055,ELG,0.39407893,0.435786,1.0000
TG00013593,T00055,ELG,0.69089653,1.216917,1.0000
TG00013594,T00055,ELG,0.70893316,0.901351,1.0000
TG00013595,T00055,ELG,1.20651779,0.925090,1.0000
TG00013596,T00055,ELG,0.54877864,0.752990,1.0000
TG00013597,T00055,ELG,0.74466032,0.721854,1.0000
TG00013598,T00055,ELG,0.51164925,0.863958,1.0000
TG00013599,T00055,ELG,0.71227057,1.340355,1.0000
TG00013600,T00055,ELG,0.50365530,1.270827,1.0000
TG00013601,T00055,ELG,0.48152513,1.501550,1.0000
TG00013602,T00055,ELG,0.43583484,1.353263,1.0000
TG00013603,T00055,ELG,0.51677573,0.675919,1.0000
TG00013604,T00055,ELG,0.43481138,1.368873,1.0000
TG00013605,T00055,ELG,0.46847794,0.919711,1.0000
TG00013606,T00055,ELG,0.32760182,1.443378,1.0000
TG00013607,T00055,ELG,0.59640817,1.105061,1.0000
TG00013608,T00055,ELG,0.34732605,0.880996,1.0000
TG00013609,T00055,ELG,0.73526365,1.117948,1.0000
TG00013610,T00055,ELG,0.83554733,0.777961,1.0000
TG00013611,T00055,ELG,0.26422052,1.151960,1.0000
TG00013612,T00055,ELG,0.56451845,1.337817,1.0000
TG00013613,T00055,ELG,0.56061341,0.655820,1.0000
TG00013614,T00055,ELG,0.47684475,1.284567,1.0000
TG00013615,T00055,ELG,0.99053560,1.188046,1.0000
TG00013616,T00055,ELG,0.46196604,1.112713,1.0000
TG00013617,T00055,ELG,0.87441363,0.974205,1.0000
TG00013618,T00055,ELG,0.56542723,1.442855,1.0000
TG00013619,T00055,ELG,0.84570349,1.056909,1.0000
TG00013620,T00055,ELG,0.34829686,1.599504,1.0000
TG00013621,T00055,ELG,0.83182829,0.990657,1.0000
TG00013622,T00055,ELG,0.62183560,1.265120,1.0000
TG00013623,T00055,ELG,0.25558220,1.210002,1.0000
TG00013624,T00055,ELG,0.58342043,0.715592,1.0000
TG00013625,T00055,ELG,0.60716750,0.813411,1.0000
TG00013626,T00055,ELG,0.27182398,1.075617,1.0000
TG00013627,T00055,ELG,0.41813249,1.787492,1.0000
TG00013628,T00055,QSO,0.13754179,1.890353,1.7000
TG00013629,T00055,QSO,0.25732870,2.241447,1.7000
TG00013630,T00055,QSO,0.25230089,0.836031,1.7000
TG00013631,T00055,QSO,0.13850432,2.058606,1.7000
TG00013632,T00055,QSO,0.27386066,1.914590,1.7000
TG00013633,T00055,QSO,0.13981754,1.805060,1.7000
TG00013634,T00055,QSO,0.16506217,2.002487,1.7000
TG00013635,T00055,QSO,0.10105955,2.377586,1.7000
TG00013636,T00055,QSO,0.14992320,2.055828,1.7000
TG00013637,T00055,QSO,0.09257015,2.070436,1.7000
TG00013638,T00055,QSO,0.16679466,2.753661,1.7000
TG00013639,T00055,QSO,0.20184138,2.180094,1.7000
TG00013640,T00055,QSO,0.06992113,1.952133,1.7000
TG00013641,T00055,QSO,0.30274868,1.725789,1.7000
TG00013642,T00055,QSO,0.21881619,1.039106,1.7000
TG00013643,T00055,QSO,0.12301547,1.043270,1.7000
TG00013644,T00055,QSO,0.29995134,2.819151,1.7000
TG00013645,T00055,QSO,0.18596404,1.930428,1.7000
TG00013646,T00055,BGS,0.59179244,0.285839,0.4500
TG00013647,T00055,BGS,1.71379502,0.225355,0.4500
TG00013648,T00055,BGS,1.52538314,0.142654,0.4500
TG00013649,T00055,BGS,1.63482487,0.034657,0.4500
TG00013650,T00055,BGS,0.94864156,0.386701,0.4500
TG00013651,T00055,BGS,0.74022930,0.337403,0.4500
TG00013652,T00055,BGS,1.10989337,0.225035,0.4500
TG00013653,T00055,BGS,1.30968923,0.189312,0.4500
TG00013654,T00055,BGS,0.85198017,0.184761,0.4500
TG00013655,T00055,BGS,1.79419553,0.249526,0.4500
TG00013656,T00055,BGS,1.71963096,0.151378,0.4500
TG00013657,T00055,BGS,1.15154734,0.447479,0.4500
TG00013658,T00055,BGS,0.93947775,0.059114,0.4500
TG00013659,T00055,BGS,1.14367217,0.261525,0.4500
TG00013660,T00055,BGS,2.06446601,0.048611,0.4500
TG00013661,T00055,BGS,0.96498779,0.137533,0.4500
TG00013662,T00055,BGS,1.32457056,0.244583,0.4500
TG00013663,T00055,BGS,0.95975945,0.273369,0.4500
TG00013664,T00055,BGS,2.01007379,0.326957,0.4500
TG00013665,T00055,BGS,1.64656855,0.214827,0.4500
TG00013666,T00055,BGS,1.36648825,0.251432,0.4500
TG00013667,T00055,BGS,1.02001689,0.074367,0.4500
TG00013668,T00055,BGS,1.57502606,0.305367,0.4500
TG00013669,T00055,BGS,1.47683432,0.204208,0.4500
TG00013670,T00055,BGS,1.59552682,0.157816,0.4500
TG00013671,T00055,BGS,1.59042682,0.400906,0.4500
TG00013672,T00055,BGS,2.40111495,0.387424,0.4500
TG00013673,T00055,BGS,0.70977038,0.150211,0.4500
TG00013674,T00055,BGS,1.77949232,0.160771,0.4500
TG00013675,T00055,BGS,1.30547597,0.330851,0.4500
TG00013676,T00055,BGS,1.19226083,0.239954,0.4500
TG00013677,T00055,BGS,1.46707567,0.250353,0.4500
TG00013678,T00055,BGS,1.07923562,0.173741,0.4500
TG00013679,T00055,BGS,1.70569040,0.210430,0.4500
TG00013680,T00055,BGS,1.35984256,0.318235,0.4500
TG00013681,T00055,BGS,2.25785921,0.116104,0.4500
TG00013682,T00055,BGS,1.44693754,0.338455,0.4500
TG00013683,T00055,BGS,1.54599503,0.071716,0.4500
TG00013684,T00055,BGS,1.34261721,0.199872,0.4500
TG00013685,T00055,BGS,0.87174639,0.313804,0.4500
TG00013686,T00055,BGS,1.90202557,0.272197,0.4500
TG00013687,T00055,BGS,1.47090320,0.238954,0.4500
TG00013688,T00055,BGS,1.34771228,0.388423,0.4500
TG00013689,T00055,BGS,0.99455892,0.106034,0.4500
TG00013690,T00055,BGS,1.04608341,0.127566,0.4500
TG00013691,T00055,BGS,1.54631085,0.297650,0.4500
TG00013692,T00055,BGS,0.66247680,0.209730,0.4500
TG00013693,T00055,BGS,0.95107700,0.304308,0.4500
TG00013694,T00055,BGS,1.55274786,0.311564,0.4500
TG00013695,T00055,BGS,1.51256564,0.306430,0.4500
TG00013696,T00055,BGS,1.25853033,0.139872,0.4500
TG00013697,T00055,BGS,0.68674925,0.139263,0.4500
TG00013698,T00055,BGS,1.69259223,0.261208,0.4500
TG00013699,T00055,BGS,1.03783191,0.333709,0.4500
TG00013700,T00055,BGS,1.14779227,0.237831,0.4500
TG00013701,T00055,BGS,1.47459427,0.158111,0.4500
TG00013702,T00055,BGS,1.23066928,0.345581,0.4500
TG00013703,T00055,BGS,1.08091721,0.342059,0.4500
TG00013704,T00055,BGS,1.36667340,0.184993,0.4500
TG00013705,T00055,BGS,1.33093388,0.246273,0.4500
TG00013706,T00055,BGS,1.78794252,0.105163,0.4500
TG00013707,T00055,BGS,1.00430852,0.210848,0.4500
TG00013708,T00056,LRG,0.29688584,1.066471,1.0000
TG00013709,T00056,LRG,0.82348792,0.631896,1.0000
TG00013710,T00056,LRG,0.17183397,0.927673,1.0000
TG00013711,T00056,LRG,0.21204829,0.654872,1.0000
TG00013712,T00056,LRG,0.26693311,0.489388,1.0000
TG00013713,T00056,LRG,0.30207034,0.760117,1.0000
TG00013714,T00056,LRG,0.33889501,0.491136,1.0000
TG00013715,T00056,LRG,0.27886128,0.828593,1.0000
TG00013716,T00056,LRG,0.39725346,0.720275,1.0000
TG00013717,T00056,LRG,0.53286452,0.680785,1.0000
TG00013718,T00056,LRG,0.41611232,0.543427,1.0000
TG00013719,T00056,LRG,0.28806903,0.775008,1.0000
TG00013720,T00056,LRG,0.40283743,0.370251,1.0000
TG00013721,T00056,LRG,0.30868407,0.809015,1.0000
TG00013722,T00056,LRG,0.44795628,0.775396,1.0000
TG00013723,T00056,LRG,0.36819826,0.319570,1.0000
TG00013724,T00056,LRG,0.37387231,0.650410,1.0000
TG00013725,T00056,LRG,0.30685125,0.644480,1.0000
TG00013726,T00056,LRG,0.29736505,0.812868,1.0000
TG00013727,T00056,LRG,0.34150555,0.741323,1.0000
TG00013728,T00056,LRG,0.21210741,0.747340,1.0000
TG00013729,T00056,LRG,0.55139228,0.528106,1.0000
TG00013730,T00056,LRG,0.22224158,0.611806,1.0000
TG00013731,T00056,LRG,0.44748458,0.396266,1.0000
TG00013732,T00056,LRG,0.44623261,0.739784,1.0000
TG00013733,T00056,LRG,0.30524040,0.469251,1.0000
TG00013734,T00056,LRG,0.26550342,0.603132,1.0000
TG00013735,T00056,LRG,0.36754263,0.663706,1.0000
TG00013736,T00056,LRG,0.68429157,0.820916,1.0000
TG00013737,T00056,LRG,0.40144351,0.657219,1.0000
TG00013738,T00056,LRG,0.25202961,0.871018,1.0000
TG00013739,T00056,LRG,0.25258708,0.682307,1.0000
TG00013740,T00056,LRG,0.33845317,0.926784,1.0000
TG00013741,T00056,LRG,0.50852282,0.715938,1.0000
TG00013742,T00056,LRG,0.30537284,1.006197,1.0000
TG00013743,T00056,LRG,0.58223391,0.831444,1.0000
TG00013744,T00056,LRG,0.45331963,0.957323,1.0000
TG00013745,T00056,LRG,0.30745590,0.562586,1.0000
TG00013746,T00056,LRG,0.43996256,0.594607,1.0000
TG00013747,T00056,LRG,0.38678432,0.777056,1.0000
TG00013748,T00056,LRG,0.34076277,0.873124,1.0000
TG00013749,T00056,LRG,0.53547352,0.696724,1.0000
TG00013750,T00056,LRG,0.31364849,0.424843,1.0000
TG00013751,T00056,LRG,0.35803295,0.204857,1.0000
TG00013752,T00056,LRG,0.34041061,0.577683,1.0000
TG00013753,T00056,LRG,0.29693356,0.529672,1.0000
TG00013754,T00056,LRG,0.35427552,0.772636,1.0000
TG00013755,T00056,LRG,0.24278159,0.523542,1.0000
TG00013756,T00056,LRG,0.50885458,0.801365,1.0000
TG00013757,T00056,LRG,0.90807012,0.559998,1.0000
TG00013758,T00056,LRG,0.32439892,0.868660,1.0000
TG00013759,T00056,LRG,0.50509586,0.728998,1.0000
TG00013760,T00056,LRG,0.33263881,0.923650,1.0000
TG00013761,T00056,LRG,0.25209381,0.809115,1.0000
TG00013762,T00056,LRG,0.61284705,0.510488,1.0000
TG00013763,T00056,ELG,0.96401062,0.441469,1.0000
TG00013764,T00056,ELG,0.46576021,1.096527,1.0000
TG00013765,T00056,ELG,0.62381833,0.676998,1.0000
TG00013766,T00056,ELG,1.10822036,1.247381,1.0000
TG00013767,T00056,ELG,0.37396186,1.540113,1.0000
TG00013768,T00056,ELG,0.73267839,0.834359,1.0000
TG00013769,T00056,ELG,0.38939756,0.925646,1.0000
TG00013770,T00056,ELG,1.30803438,1.333192,1.0000
TG00013771,T00056,ELG,0.42780962,0.976106,1.0000
TG00013772,T00056,ELG,0.36997111,1.253645,1.0000
TG00013773,T00056,ELG,0.98731873,0.882419,1.0000
TG00013774,T00056,ELG,0.37216228,1.164434,1.0000
TG00013775,T00056,ELG,0.41214935,1.382024,1.0000
TG00013776,T00056,ELG,0.22886755,0.463318,1.0000
TG00013777,T00056,ELG,0.36736369,1.413537,1.0000
TG00013778,T00056,ELG,0.57528083,1.089755,1.0000
TG00013779,T00056,ELG,0.45120557,0.691578,1.0000
TG00013780,T00056,ELG,0.58718544,0.859979,1.0000
TG00013781,T00056,ELG,1.12823182,0.441098,1.0000
TG00013782,T00056,ELG,0.49452763,0.888005,1.0000
TG00013783,T00056,ELG,1.04183364,1.347964,1.0000
TG00013784,T00056,ELG,0.45954057,0.934609,1.0000
TG00013785,T00056,ELG,0.63006792,1.224780,1.0000
TG00013786,T00056,ELG,0.51915401,1.223006,1.0000
TG00013787,T00056,ELG,0.73989709,1.043857,1.0000
TG00013788,T00056,ELG,1.43008870,0.911147,1.0000
TG00013789,T00056,ELG,0.51488461,0.903017,1.0000
TG00013790,T00056,ELG,0.90043857,0.266682,1.0000
TG00013791,T00056,ELG,0.82705982,1.308909,1.0000
TG00013792,T00056,ELG,1.02876370,1.026480,1.0000
TG00013793,T00056,ELG,0.59916470,1.335819,1.0000
TG00013794,T00056,ELG,0.39450825,1.246650,1.0000
TG00013795,T00056,ELG,0.83451030,0.944409,1.0000
TG00013796,T00056,ELG,0.62640344,1.101724,1.0000
TG00013797,T00056,ELG,0.41076883,1.083034,1.0000
TG00013798,T00056,ELG,0.56435702,1.161334,1.0000
TG00013799,T00056,ELG,0.24317063,1.536953,1.0000
TG00013800,T00056,ELG,0.66080276,0.993813,1.0000
TG00013801,T00056,ELG,0.57785237,1.606383,1.0000
TG00013802,T00056,ELG,0.38634919,1.334393,1.0000
TG00013803,T00056,ELG,0.62251962,1.539937,1.0000
TG00013804,T00056,ELG,0.57586356,1.346872,1.0000
TG00013805,T00056,ELG,0.61360960,1.202724,1.0000
TG00013806,T00056,ELG,0.77993997,1.624661,1.0000
TG00013807,T00056,ELG,0.37369590,1.202784,1.0000
TG00013808,T00056,ELG,0.69854251,1.234258,1.0000
TG00013809,T00056,ELG,0.71638695,1.006063,1.0000
TG00013810,T00056,ELG,0.62062844,1.098710,1.0000
TG00013811,T00056,ELG,0.55975158,1.678215,1.0000
TG00013812,T00056,ELG,0.24376141,1.237936,1.0000
TG00013813,T00056,ELG,0.59384040,0.929121,1.0000
TG00013814,T00056,ELG,0.22725405,1.412303,1.0000
TG00013815,T00056,ELG,0.45244886,1.234723,1.0000
TG00013816,T00056,ELG,0.51336944,0.986689,1.0000
TG00013817,T00056,ELG,0.57599278,1.125179,1.0000
TG00013818,T00056,ELG,0.83067846,0.853102,1.0000
TG00013819,T00056,ELG,0.28453150,1.607781,1.0000
TG00013820,T00056,ELG,1.19847848,1.505782,1.0000
TG00013821,T00056,ELG,0.69713840,1.216883,1.0000
TG00013822,T00056,ELG,0.78544746,1.529314,1.0000
TG00013823,T00056,ELG,0.34428951,1.536987,1.0000
TG00013824,T00056,ELG,0.68928748,0.785567,1.0000
TG00013825,T00056,ELG,0.21630006,1.122113,1.0000
TG00013826,T00056,ELG,0.26458979,1.385380,1.0000
TG00013827,T00056,ELG,0.38958697,0.749939,1.0000
TG00013828,T00056,ELG,1.81550990,1.263549,1.0000
TG00013829,T00056,ELG,0.51590654,0.110140,1.0000
TG00013830,T00056,ELG,0.33714144,0.819013,1.0000
TG00013831,T00056,ELG,0.40512939,1.418151,1.0000
TG00013832,T00056,ELG,0.40732873,1.037620,1.0000
TG00013833,T00056,ELG,0.71561424,0.989659,1.0000
TG00013834,T00056,ELG,0.31982120,1.272736,1.0000
TG00013835,T00056,ELG,0.40051912,0.704990,1.0000
TG00013836,T00056,ELG,0.83410464,1.204271,1.0000
TG00013837,T00056,ELG,1.52743830,0.954661,1.0000
TG00013838,T00056,ELG,0.66674312,1.079482,1.0000
TG00013839,T00056,ELG,0.21106558,1.188003,1.0000
TG00013840,T00056,ELG,0.61920080,1.277861,1.0000
TG00013841,T00056,ELG,0.74710641,1.267674,1.0000
TG00013842,T00056,ELG,0.36318746,1.168022,1.0000
TG00013843,T00056,ELG,0.62839450,1.565904,1.0000
TG00013844,T00056,ELG,0.55876379,1.062646,1.0000
TG00013845,T00056,ELG,0.63492723,1.045785,1.0000
TG00013846,T00056,ELG,0.33731371,0.983361,1.0000
TG00013847,T00056,ELG,0.28589474,1.113936,1.0000
TG00013848,T00056,ELG,0.72136938,1.622915,1.0000
TG00013849,T00056,ELG,0.75040711,1.066175,1.0000
TG00013850,T00056,ELG,0.61302384,1.259692,1.0000
TG00013851,T00056,ELG,0.48377654,1.079236,1.0000
TG00013852,T00056,ELG,0.44606101,1.371685,1.0000
TG00013853,T00056,ELG,0.43969433,1.069035,1.0000
TG00013854,T00056,ELG,0.48615664,1.053183,1.0000
TG00013855,T00056,ELG,0.59768351,0.563601,1.0000
TG00013856,T00056,ELG,0.80632113,0.708642,1.0000
TG00013857,T00056,ELG,0.46280671,1.159926,1.0000
TG00013858,T00056,ELG,0.70477033,1.249292,1.0000
TG00013859,T00056,ELG,0.67604037,1.404610,1.0000
TG00013860,T00056,QSO,0.19130817,1.554742,1.7000
TG00013861,T00056,QSO,0.23883284,2.885690,1.7000
TG00013862,T00056,QSO,0.12350456,1.519995,1.7000
TG00013863,T00056,QSO,0.16286511,2.318793,1.7000
TG00013864,T00056,QSO,0.17489105,1.911050,1.7000
TG00013865,T00056,QSO,0.19770385,1.853362,1.7000
TG00013866,T00056,QSO,0.11537563,2.316878,1.7000
TG00013867,T00056,QSO,0.15756647,2.185587,1.7000
TG00013868,T00056,QSO,0.23424433,3.203970,1.7000
TG00013869,T00056,QSO,0.21498294,2.379424,1.7000
TG00013870,T00056,QSO,0.17528330,2.274726,1.7000
TG00013871,T00056,QSO,0.10852227,2.252690,1.7000
TG00013872,T00056,QSO,0.13220161,2.665581,1.7000
TG00013873,T00056,QSO,0.16945167,2.755223,1.7000
TG00013874,T00056,QSO,0.13682363,2.388934,1.7000
TG00013875,T00056,QSO,0.17512806,1.208215,1.7000
TG00013876,T00056,QSO,0.25598113,1.719755,1.7000
TG00013877,T00056,QSO,0.07874689,2.857493,1.7000
TG00013878,T00056,QSO,0.15362322,1.445460,1.7000
TG00013879,T00056,QSO,0.06177043,2.586380,1.7000
TG00013880,T00056,QSO,0.12411994,1.795346,1.7000
TG00013881,T00056,BGS,1.26992998,0.223036,0.4500
TG00013882,T00056,BGS,1.40429235,0.118445,0.4500
TG00013883,T00056,BGS,1.65056022,0.044893,0.4500
TG00013884,T00056,BGS,1.08622470,0.261688,0.4500
TG00013885,T00056,BGS,1.70175659,0.149611,0.4500
TG00013886,T00056,BGS,0.99389079,0.245564,0.4500
TG00013887,T00056,BGS,1.15327744,0.215872,0.4500
TG00013888,T00056,BGS,1.00071667,0.319248,0.4500
TG00013889,T00056,BGS,1.52980404,0.204649,0.4500
TG00013890,T00056,BGS,2.96317407,0.076480,0.4500
TG00013891,T00056,BGS,2.20010872,0.249230,0.4500
TG00013892,T00056,BGS,1.04997687,0.083476,0.4500
TG00013893,T00056,BGS,1.49001275,0.316278,0.4500
TG00013894,T00056,BGS,0.85511536,0.268740,0.4500
TG00013895,T00056,BGS,1.31302537,0.254097,0.4500
TG00013896,T00056,BGS,1.42450963,0.210964,0.4500
TG00013897,T00056,BGS,1.40410585,0.191463,0.4500
TG00013898,T00056,BGS,0.86291510,0.272294,0.4500
TG00013899,T00056,BGS,0.90832340,0.112581,0.4500
TG00013900,T00056,BGS,1.10390427,0.211574,0.4500
TG00013901,T00056,BGS,1.31317267,0.314737,0.4500
TG00013902,T00056,BGS,2.30407255,0.131931,0.4500
TG00013903,T00056,BGS,0.78607768,0.309562,0.4500
TG00013904,T00056,BGS,1.10742111,0.149289,0.4500
TG00013905,T00056,BGS,2.12029472,0.017667,0.4500
TG00013906,T00056,BGS,2.62903282,0.164690,0.4500
TG00013907,T00056,BGS,1.31643946,0.110622,0.4500
TG00013908,T00056,BGS,1.12877348,0.187249,0.4500
TG00013909,T00056,BGS,0.88543167,0.212375,0.4500
TG00013910,T00056,BGS,1.33901918,0.120368,0.4500
TG00013911,T00056,BGS,1.87400907,0.368543,0.4500
TG00013912,T00056,BGS,0.89930701,0.161656,0.4500
TG00013913,T00056,BGS,2.24796831,0.167231,0.4500
TG00013914,T00056,BGS,1.15306038,0.520128,0.4500
TG00013915,T00056,BGS,0.91246713,0.179888,0.4500
TG00013916,T00056,BGS,1.23986666,0.118422,0.4500
TG00013917,T00056,BGS,2.04764609,0.206157,0.4500
TG00013918,T00056,BGS,0.98385936,0.207922,0.4500
TG00013919,T00056,BGS,1.16891570,0.264258,0.4500
TG00013920,T00056,BGS,1.34253818,0.091549,0.4500
TG00013921,T00056,BGS,0.88099311,0.337885,0.4500
TG00013922,T00056,BGS,2.02932247,0.136650,0.4500
TG00013923,T00056,BGS,0.77925778,0.207096,0.4500
TG00013924,T00056,BGS,1.37191044,0.216131,0.4500
TG00013925,T00056,BGS,1.12967694,0.274821,0.4500
TG00013926,T00056,BGS,0.72128926,0.189191,0.4500
TG00013927,T00056,BGS,0.81110073,0.159537,0.4500
TG00013928,T00056,BGS,1.78714979,0.150590,0.4500
TG00013929,T00056,BGS,1.08984876,0.272541,0.4500
TG00013930,T00056,BGS,1.12014439,0.217784,0.4500
TG00013931,T00056,BGS,1.46203684,0.138635,0.4500
TG00013932,T00056,BGS,2.13686632,0.203794,0.4500
TG00013933,T00056,BGS,1.11144202,0.154560,0.4500
TG00013934,T00056,BGS,1.26373877,0.346677,0.4500
TG00013935,T00056,BGS,2.00434741,0.205833,0.4500
TG00013936,T00056,BGS,1.25691065,0.138140,0.4500
TG00013937,T00056,BGS,1.39287111,0.110193,0.4500
TG00013938,T00056,BGS,1.72523420,0.214924,0.4500
TG00013939,T00056,BGS,1.41257490,0.313942,0.4500
TG00013940,T00056,BGS,1.15861086,0.205011,0.4500
TG00013941,T00056,BGS,2.76570031,0.290564,0.4500
TG00013942,T00056,BGS,1.42881092,0.186759,0.4500
TG00013943,T00056,BGS,1.48087781,0.128720,0.4500
TG00013944,T00056,BGS,0.85370705,0.000000,0.4500
TG00013945,T00056,BGS,1.31841103,0.156806,0.4500
TG00013946,T00056,BGS,1.04262736,0.219543,0.4500
TG00013947,T00056,BGS,1.78023696,0.358736,0.4500
TG00013948,T00056,BGS,2.35561264,0.163700,0.4500
TG00013949,T00056,BGS,1.45028958,0.351545,0.4500
TG00013950,T00056,BGS,1.76379377,0.248111,0.4500
TG00013951,T00056,BGS,1.47898977,0.206625,0.4500
TG00013952,T00056,BGS,1.31620714,0.061740,0.4500
TG00013953,T00056,BGS,1.20307644,0.270338,0.4500
TG00013954,T00056,BGS,1.20543825,0.252941,0.4500
TG00013955,T00056,BGS,1.27835152,0.292730,0.4500
TG00013956,T00056,BGS,1.70281195,0.170759,0.4500
TG00013957,T00056,BGS,0.81909523,0.342789,0.4500
TG00013958,T00056,BGS,1.05632441,0.259111,0.4500
TG00013959,T00057,LRG,0.32870163,0.352293,1.0000
TG00013960,T00057,LRG,0.52884987,0.776887,1.0000
TG00013961,T00057,LRG,0.15774729,1.089017,1.0000
TG00013962,T00057,LRG,0.21629159,0.461510,1.0000
TG00013963,T00057,LRG,0.62223783,0.945982,1.0000
TG00013964,T00057,LRG,0.32877409,0.942878,1.0000
TG00013965,T00057,LRG,0.41636567,0.664741,1.0000
TG00013966,T00057,LRG,0.45425323,0.448295,1.0000
TG00013967,T00057,LRG,0.24123668,0.759380,1.0000
TG00013968,T00057,LRG,0.38642133,1.129498,1.0000
TG00013969,T00057,LRG,0.49162484,0.851566,1.0000
TG00013970,T00057,LRG,0.36219936,0.965104,1.0000
TG00013971,T00057,LRG,0.54919812,0.452836,1.0000
TG00013972,T00057,LRG,0.26661422,0.778966,1.0000
TG00013973,T00057,LRG,0.26553653,0.540964,1.0000
TG00013974,T00057,LRG,0.32628508,0.733413,1.0000
TG00013975,T00057,LRG,0.36187972,0.662779,1.0000
TG00013976,T00057,LRG,0.49466262,0.690710,1.0000
TG00013977,T00057,LRG,0.35191800,0.922159,1.0000
TG00013978,T00057,LRG,0.42102032,1.112585,1.0000
TG00013979,T00057,LRG,0.34120620,0.481402,1.0000
TG00013980,T00057,LRG,0.24625750,0.774196,1.0000
TG00013981,T00057,LRG,0.40668786,0.853950,1.0000
TG00013982,T00057,LRG,0.66257801,0.825327,1.0000
TG00013983,T00057,LRG,0.30413157,0.528791,1.0000
TG00013984,T00057,LRG,0.25527165,0.973152,1.0000
TG00013985,T00057,LRG,0.25532998,1.111195,1.0000
TG00013986,T00057,LRG,0.21158074,0.821180,1.0000
TG00013987,T00057,LRG,0.36129319,0.349852,1.0000
TG00013988,T00057,LRG,0.48825184,0.591142,1.0000
TG00013989,T00057,LRG,0.60645135,0.861055,1.0000
TG00013990,T00057,LRG,0.90037210,0.493955,1.0000
TG00013991,T00057,LRG,0.21007999,0.324233,1.0000
TG00013992,T00057,LRG,0.40809432,0.735007,1.0000
TG00013993,T00057,LRG,0.24747236,0.692843,1.0000
TG00013994,T00057,LRG,0.36152451,0.728163,1.0000
TG00013995,T00057,LRG,0.33925903,0.467941,1.0000
TG00013996,T00057,LRG,0.27017203,0.893059,1.0000
TG00013997,T00057,LRG,0.24329737,0.947793,1.0000
TG00013998,T00057,LRG,0.23348262,0.624506,1.0000
TG00013999,T00057,LRG,0.45510880,0.832292,1.0000
TG00014000,T00057,LRG,0.33577761,0.796199,1.0000
TG00014001,T00057,LRG,0.55306913,0.489447,1.0000
TG00014002,T00057,LRG,0.59594451,0.750719,1.0000
TG00014003,T00057,LRG,0.45302600,0.748123,1.0000
TG00014004,T00057,LRG,0.22729289,0.990345,1.0000
TG00014005,T00057,LRG,0.33988192,0.462372,1.0000
TG00014006,T00057,LRG,0.42759817,0.874998,1.0000
TG00014007,T00057,LRG,0.29711693,0.873722,1.0000
TG00014008,T00057,ELG,0.60851387,0.888552,1.0000
TG00014009,T00057,ELG,0.80344084,0.693024,1.0000
TG00014010,T00057,ELG,1.20944346,1.248473,1.0000
TG00014011,T00057,ELG,0.54539500,1.061276,1.0000
TG00014012,T00057,ELG,0.50925135,1.035892,1.0000
TG00014013,T00057,ELG,0.69088132,1.439270,1.0000
TG00014014,T00057,ELG,0.50537567,1.285546,1.0000
TG00014015,T00057,ELG,0.51955061,0.841177,1.0000
TG00014016,T00057,ELG,0.49167240,1.384703,1.0000
TG00014017,T00057,ELG,0.24602345,1.601323,1.0000
TG00014018,T00057,ELG,0.84860442,0.552680,1.0000
TG00014019,T00057,ELG,0.67217963,1.072806,1.0000
TG00014020,T00057,ELG,0.48089443,1.021662,1.0000
TG00014021,T00057,ELG,0.40081306,1.332907,1.0000
TG00014022,T00057,ELG,0.73354569,0.793900,1.0000
TG00014023,T00057,ELG,0.50588457,0.967588,1.0000
TG00014024,T00057,ELG,0.47058118,0.638169,1.0000
TG00014025,T00057,ELG,0.83870916,1.187198,1.0000
TG00014026,T00057,ELG,0.55145815,1.064502,1.0000
TG00014027,T00057,ELG,0.72212153,1.252493,1.0000
TG00014028,T00057,ELG,0.69590263,1.035899,1.0000
TG00014029,T00057,ELG,0.53051598,1.277717,1.0000
TG00014030,T00057,ELG,0.49842210,1.051718,1.0000
TG00014031,T00057,ELG,0.58490469,0.976299,1.0000
TG00014032,T00057,ELG,0.90548615,0.635702,1.0000
TG00014033,T00057,ELG,0.48919878,0.819360,1.0000
TG00014034,T00057,ELG,0.75038827,0.950421,1.0000
TG00014035,T00057,ELG,0.83354975,1.546039,1.0000
TG00014036,T00057,ELG,0.74076541,1.742486,1.0000
TG00014037,T00057,ELG,0.89414762,0.851598,1.0000
TG00014038,T00057,ELG,0.26101912,1.081514,1.0000
TG00014039,T00057,ELG,0.54364114,1.054653,1.0000
TG00014040,T00057,ELG,0.41720276,1.098935,1.0000
TG00014041,T00057,ELG,0.41228274,0.723643,1.0000
TG00014042,T00057,ELG,0.47562627,1.091695,1.0000
TG00014043,T00057,ELG,0.42127247,1.026056,1.0000
TG00014044,T00057,ELG,0.48286032,0.702919,1.0000
TG00014045,T00057,ELG,0.82855276,0.629045,1.0000
TG00014046,T00057,ELG,0.44821620,0.990927,1.0000
TG00014047,T00057,ELG,0.75351677,1.641683,1.0000
TG00014048,T00057,ELG,0.37336825,1.482079,1.0000
TG00014049,T00057,ELG,0.73408657,1.254840,1.0000
TG00014050,T00057,ELG,0.26258114,0.466694,1.0000
TG00014051,T00057,ELG,0.62296209,0.607520,1.0000
TG00014052,T00057,ELG,0.49053139,1.303338,1.0000
TG00014053,T00057,ELG,0.49974063,1.487039,1.0000
TG00014054,T00057,ELG,0.20716234,0.864126,1.0000
TG00014055,T00057,ELG,0.64361341,1.475800,1.0000
TG00014056,T00057,ELG,0.23713963,0.462907,1.0000
TG00014057,T00057,ELG,0.52410639,1.196927,1.0000
TG00014058,T00057,ELG,0.25730951,1.253063,1.0000
TG00014059,T00057,ELG,0.45770738,0.953221,1.0000
TG00014060,T00057,ELG,0.60402967,1.440507,1.0000
TG00014061,T00057,ELG,0.95396004,1.300668,1.0000
TG00014062,T00057,ELG,0.47976839,1.078294,1.0000
TG00014063,T00057,ELG,0.54126872,1.343509,1.0000
TG00014064,T00057,ELG,0.61726719,0.910201,1.0000
TG00014065,T00057,ELG,0.29091431,1.090451,1.0000
TG00014066,T00057,ELG,0.36354843,1.171884,1.0000
TG00014067,T00057,ELG,0.53410163,1.229209,1.0000
TG00014068,T00057,ELG,1.01124101,1.144019,1.0000
TG00014069,T00057,ELG,1.17366934,1.481952,1.0000
TG00014070,T00057,ELG,0.60146661,1.234229,1.0000
TG00014071,T00057,ELG,0.53800714,1.300774,1.0000
TG00014072,T00057,ELG,0.83337033,0.892897,1.0000
TG00014073,T00057,ELG,0.53171718,1.344792,1.0000
TG00014074,T00057,ELG,0.56631186,1.504729,1.0000
TG00014075,T00057,ELG,0.57475732,1.116820,1.0000
TG00014076,T00057,ELG,2.01752428,1.033250,1.0000
TG00014077,T00057,ELG,0.48761346,0.745577,1.0000
TG00014078,T00057,ELG,0.39778215,1.028050,1.0000
TG00014079,T00057,ELG,0.69664281,1.157995,1.0000
TG00014080,T00057,ELG,0.55884712,1.051487,1.0000
TG00014081,T00057,ELG,1.71556952,1.261355,1.0000
TG00014082,T00057,ELG,0.51671999,1.325050,1.0000
TG00014083,T00057,ELG,0.66802308,0.735452,1.0000
TG00014084,T00057,ELG,0.28992089,1.130371,1.0000
TG00014085,T00057,ELG,0.70117220,1.312928,1.0000
TG00014086,T00057,ELG,1.03483712,1.078707,1.0000
TG00014087,T00057,ELG,0.81076462,1.369552,1.0000
TG00014088,T00057,ELG,0.53002753,1.411290,1.0000
TG00014089,T00057,ELG,0.34518430,0.998854,1.0000
TG00014090,T00057,ELG,0.42923057,1.425616,1.0000
TG00014091,T00057,ELG,0.29772042,1.137476,1.0000
TG00014092,T00057,ELG,0.72351343,0.812979,1.0000
TG00014093,T00057,ELG,0.34479032,1.433020,1.0000
TG00014094,T00057,ELG,0.78259711,1.333825,1.0000
TG00014095,T00057,ELG,0.71428224,0.975971,1.0000
TG00014096,T00057,ELG,0.28911622,1.275067,1.0000
TG00014097,T00057,ELG,0.87018632,1.101724,1.0000
TG00014098,T00057,ELG,0.70769669,0.935539,1.0000
TG00014099,T00057,ELG,0.38983018,1.299385,1.0000
TG00014100,T00057,ELG,0.69202949,1.160380,1.0000
TG00014101,T00057,ELG,0.67695147,0.752701,1.0000
TG00014102,T00057,ELG,0.42705292,1.087563,1.0000
TG00014103,T00057,ELG,0.46568023,1.071156,1.0000
TG00014104,T00057,ELG,0.60600692,1.104161,1.0000
TG00014105,T00057,ELG,0.63022020,0.746555,1.0000
TG00014106,T00057,ELG,1.43536416,1.428282,1.0000
TG00014107,T00057,ELG,0.40970711,1.318170,1.0000
TG00014108,T00057,ELG,0.42795406,0.956763,1.0000
TG00014109,T00057,ELG,0.55922251,1.702979,1.0000
TG00014110,T00057,ELG,0.70877568,1.217668,1.0000
TG00014111,T00057,ELG,0.68067155,1.014656,1.0000
TG00014112,T00057,ELG,0.32789928,0.709946,1.0000
TG00014113,T00057,ELG,0.36035132,1.265178,1.0000
TG00014114,T00057,ELG,0.69624363,1.488920,1.0000
TG00014115,T00057,ELG,0.39576616,1.613846,1.0000
TG00014116,T00057,ELG,0.57289809,1.363926,1.0000
TG00014117,T00057,ELG,0.42958325,0.992552,1.0000
TG00014118,T00057,ELG,0.52900309,1.113138,1.0000
TG00014119,T00057,ELG,0.79386086,1.456534,1.0000
TG00014120,T00057,ELG,0.45411867,1.005800,1.0000
TG00014121,T00057,ELG,0.46464842,0.776433,1.0000
TG00014122,T00057,ELG,0.50808784,1.316947,1.0000
TG00014123,T00057,ELG,0.51622018,1.372209,1.0000
TG00014124,T00057,ELG,0.51371677,1.399856,1.0000
TG00014125,T00057,ELG,0.44086839,1.487025,1.0000
TG00014126,T00057,ELG,0.56332874,1.094678,1.0000
TG00014127,T00057,ELG,0.54793067,0.901688,1.0000
TG00014128,T00057,ELG,1.40468299,0.682552,1.0000
TG00014129,T00057,ELG,0.30449640,1.226329,1.0000
TG00014130,T00057,ELG,0.62257726,0.629300,1.0000
TG00014131,T00057,ELG,0.52026264,1.421596,1.0000
TG00014132,T00057,ELG,0.41910567,1.460100,1.0000
TG00014133,T00057,ELG,0.42196271,1.063889,1.0000
TG00014134,T00057,ELG,1.63901421,1.259621,1.0000
TG00014135,T00057,ELG,0.51493754,0.877027,1.0000
TG00014136,T00057,ELG,0.30314372,0.721711,1.0000
TG00014137,T00057,ELG,0.46839056,1.694138,1.0000
TG00014138,T00057,ELG,0.68562621,0.906326,1.0000
TG00014139,T00057,ELG,1.02870318,1.259927,1.0000
TG00014140,T00057,ELG,0.38050543,0.945593,1.0000
TG00014141,T00057,ELG,0.38152106,1.146404,1.0000
TG00014142,T00057,ELG,0.42558062,1.487371,1.0000
TG00014143,T00057,ELG,0.47457253,1.598434,1.0000
TG00014144,T00057,ELG,0.99608474,1.101014,1.0000
TG00014145,T00057,ELG,0.79875270,0.812682,1.0000
TG00014146,T00057,ELG,0.76131730,1.023691,1.0000
TG00014147,T00057,ELG,0.73493927,0.955671,1.0000
TG00014148,T00057,ELG,0.61020095,1.194803,1.0000
TG00014149,T00057,ELG,0.46379705,1.228959,1.0000
TG00014150,T00057,ELG,0.80753145,1.201416,1.0000
TG00014151,T00057,ELG,0.30903288,0.775748,1.0000
TG00014152,T00057,ELG,0.36290834,1.268702,1.0000
TG00014153,T00057,ELG,0.79001723,1.755883,1.0000
TG00014154,T00057,ELG,0.68489947,0.651456,1.0000
TG00014155,T00057,ELG,0.74150205,0.997271,1.0000
TG00014156,T00057,ELG,0.82410484,1.032737,1.0000
TG00014157,T00057,ELG,0.69845569,0.848616,1.0000
TG00014158,T00057,QSO,0.15746183,1.030477,1.7000
TG00014159,T00057,QSO,0.07343057,1.791936,1.7000
TG00014160,T00057,QSO,0.79001870,2.077188,1.7000
TG00014161,T00057,QSO,0.08494501,1.953695,1.7000
TG00014162,T00057,QSO,0.10274739,2.885330,1.7000
TG00014163,T00057,QSO,0.25038916,2.055839,1.7000
TG00014164,T00057,QSO,0.30739634,3.255651,1.7000
TG00014165,T00057,QSO,0.17281024,1.583979,1.7000
TG00014166,T00057,QSO,0.18675691,2.211580,1.7000
TG00014167,T00057,QSO,0.10293321,3.219285,1.7000
TG00014168,T00057,QSO,0.16152747,1.488528,1.7000
TG00014169,T00057,QSO,0.06709884,2.132127,1.7000
TG00014170,T00057,QSO,0.26287409,1.949944,1.7000
TG00014171,T00057,QSO,0.18868366,1.934942,1.7000
TG00014172,T00057,BGS,1.27184673,0.214340,0.4500
TG00014173,T00057,BGS,1.57729523,0.293233,0.4500
TG00014174,T00057,BGS,1.26837102,0.140481,0.4500
TG00014175,T00057,BGS,1.51958652,0.102531,0.4500
TG00014176,T00057,BGS,1.46768627,0.249367,0.4500
TG00014177,T00057,BGS,1.25960012,0.140946,0.4500
TG00014178,T00057,BGS,1.33215994,0.231893,0.4500
TG00014179,T00057,BGS,1.87611314,0.221881,0.4500
TG00014180,T00057,BGS,1.33331347,0.157878,0.4500
TG00014181,T00057,BGS,1.65234173,0.257324,0.4500
TG00014182,T00057,BGS,1.08162360,0.336446,0.4500
TG00014183,T00057,BGS,1.85820300,0.324874,0.4500
TG00014184,T00057,BGS,1.00832398,0.214922,0.4500
TG00014185,T00057,BGS,1.02492763,0.236605,0.4500
TG00014186,T00057,BGS,0.76992303,0.271849,0.4500
TG00014187,T00057,BGS,1.37301008,0.095755,0.4500
TG00014188,T00057,BGS,0.99554755,0.244143,0.4500
TG00014189,T00057,BGS,2.51236640,0.159315,0.4500
TG00014190,T00057,BGS,1.01463175,0.295173,0.4500
TG00014191,T00057,BGS,1.15462092,0.053295,0.4500
TG00014192,T00057,BGS,0.71617685,0.174999,0.4500
TG00014193,T00057,BGS,1.05889702,0.150992,0.4500
TG00014194,T00057,BGS,1.39588176,0.410405,0.4500
TG00014195,T00057,BGS,0.87979221,0.225279,0.4500
TG00014196,T00057,BGS,1.01001026,0.062191,0.4500
TG00014197,T00057,BGS,2.57162894,0.255982,0.4500
TG00014198,T00057,BGS,1.44570116,0.271867,0.4500
TG00014199,T00057,BGS,0.87368541,0.386182,0.4500
TG00014200,T00057,BGS,0.93509052,0.182443,0.4500
TG00014201,T00057,BGS,1.19196963,0.390066,0.4500
TG00014202,T00057,BGS,1.44711794,0.220752,0.4500
TG00014203,T00057,BGS,1.21765589,0.187072,0.4500
TG00014204,T00057,BGS,0.85793217,0.156480,0.4500
TG00014205,T00057,BGS,1.66341653,0.085950,0.4500
TG00014206,T00057,BGS,1.66470256,0.251761,0.4500
TG00014207,T00057,BGS,1.66318455,0.158337,0.4500
TG00014208,T00057,BGS,0.91339267,0.165925,0.4500
TG00014209,T00057,BGS,0.61441879,0.271000,0.4500
TG00014210,T00057,BGS,0.85826572,0.208791,0.4500
TG00014211,T00057,BGS,1.91174502,0.163885,0.4500
TG00014212,T00057,BGS,0.99165735,0.239693,0.4500
TG00014213,T00057,BGS,0.50824498,0.204443,0.4500
TG00014214,T00057,BGS,1.85540527,0.241114,0.4500
TG00014215,T00057,BGS,1.13253899,0.256704,0.4500
TG00014216,T00057,BGS,1.74259712,0.251955,0.4500
TG00014217,T00057,BGS,1.22384392,0.209354,0.4500
TG00014218,T00057,BGS,1.24725029,0.192776,0.4500
TG00014219,T00057,BGS,1.13726542,0.120648,0.4500
TG00014220,T00057,BGS,1.73135035,0.296011,0.4500
TG00014221,T00057,BGS,2.02668875,0.059800,0.4500
TG00014222,T00057,BGS,1.74948779,0.148216,0.4500
TG00014223,T00057,BGS,0.68810323,0.232671,0.4500
TG00014224,T00057,BGS,1.62195849,0.186842,0.4500
TG00014225,T00057,BGS,0.66718883,0.256747,0.4500
TG00014226,T00057,BGS,1.64071057,0.185544,0.4500
TG00014227,T00057,BGS,1.11747834,0.211013,0.4500
TG00014228,T00057,BGS,1.61346895,0.334873,0.4500
TG00014229,T00057,BGS,1.57263310,0.182437,0.4500
TG00014230,T00057,BGS,0.63847159,0.267965,0.4500
TG00014231,T00058,LRG,0.34580674,1.022898,1.0000
TG00014232,T00058,LRG,0.36708697,0.759133,1.0000
TG00014233,T00058,LRG,0.25312722,0.568640,1.0000
TG00014234,T00058,LRG,0.34868996,0.856379,1.0000
TG00014235,T00058,LRG,0.19620957,0.488279,1.0000
TG00014236,T00058,LRG,0.24302307,0.856878,1.0000
TG00014237,T00058,LRG,0.28675408,0.714713,1.0000
TG00014238,T00058,LRG,0.70311948,0.610229,1.0000
TG00014239,T00058,LRG,0.22107718,0.900167,1.0000
TG00014240,T00058,LRG,0.28053292,0.572230,1.0000
TG00014241,T00058,LRG,0.26856903,0.827875,1.0000
TG00014242,T00058,LRG,0.16288535,0.883581,1.0000
TG00014243,T00058,LRG,0.39552316,0.841705,1.0000
TG00014244,T00058,LRG,0.30579296,0.686732,1.0000
TG00014245,T00058,LRG,0.43847669,0.300178,1.0000
TG00014246,T00058,LRG,0.48037814,0.776921,1.0000
TG00014247,T00058,LRG,0.39654356,0.744406,1.0000
TG00014248,T00058,LRG,0.40118307,0.577355,1.0000
TG00014249,T00058,LRG,0.43265388,0.906752,1.0000
TG00014250,T00058,LRG,0.42254258,0.454569,1.0000
TG00014251,T00058,LRG,0.45712063,0.667295,1.0000
TG00014252,T00058,LRG,0.27420645,0.859332,1.0000
TG00014253,T00058,LRG,0.25349124,0.578669,1.0000
TG00014254,T00058,LRG,0.34740596,1.023581,1.0000
TG00014255,T00058,LRG,0.41594714,0.732723,1.0000
TG00014256,T00058,LRG,0.33307748,0.514065,1.0000
TG00014257,T00058,LRG,0.31587102,0.628836,1.0000
TG00014258,T00058,LRG,0.29527373,1.037630,1.0000
TG00014259,T00058,LRG,0.17354185,1.007876,1.0000
TG00014260,T00058,LRG,0.39752754,0.392200,1.0000
TG00014261,T00058,LRG,0.29289641,0.608809,1.0000
TG00014262,T00058,LRG,0.25664265,0.691802,1.0000
TG00014263,T00058,LRG,0.20283006,0.867827,1.0000
TG00014264,T00058,LRG,0.44875050,0.553555,1.0000
TG00014265,T00058,LRG,0.40604381,0.789571,1.0000
TG00014266,T00058,LRG,0.26345549,0.803767,1.0000
TG00014267,T00058,LRG,0.26491616,1.018694,1.0000
TG00014268,T00058,LRG,0.45872005,0.697283,1.0000
TG00014269,T00058,LRG,0.60236366,0.752568,1.0000
TG00014270,T00058,LRG,0.33800287,0.634958,1.0000
TG00014271,T00058,LRG,0.35001528,0.810702,1.0000
TG00014272,T00058,LRG,0.42715394,0.469695,1.0000
TG00014273,T00058,LRG,0.32767297,0.620227,1.0000
TG00014274,T00058,LRG,0.61567273,0.707324,1.0000
TG00014275,T00058,LRG,0.54057075,0.917259,1.0000
TG00014276,T00058,LRG,0.23777738,0.709260,1.0000
TG00014277,T00058,LRG,0.25056582,0.918896,1.0000
TG00014278,T00058,LRG,0.36640542,0.674946,1.0000
TG00014279,T00058,LRG,0.38755183,0.858748,1.0000
TG00014280,T00058,LRG,0.28774092,0.901392,1.0000
TG00014281,T00058,LRG,0.72404166,0.741101,1.0000
TG00014282,T00058,LRG,0.29411799,0.992041,1.0000
TG00014283,T00058,LRG,0.23107290,0.756994,1.0000
TG00014284,T00058,LRG,0.44329354,0.595938,1.0000
TG00014285,T00058,LRG,0.46002749,0.350408,1.0000
TG00014286,T00058,LRG,0.26822825,0.916286,1.0000
TG00014287,T00058,LRG,0.32414833,0.760263,1.0000
TG00014288,T00058,LRG,0.16031755,1.067157,1.0000
TG00014289,T00058,LRG,0.37428830,0.581970,1.0000
TG00014290,T00058,LRG,0.40444092,0.694479,1.0000
TG00014291,T00058,LRG,0.25399358,0.883410,1.0000
TG00014292,T00058,LRG,0.22461441,0.716101,1.0000
TG00014293,T00058,LRG,0.39990046,1.058300,1.0000
TG00014294,T00058,LRG,0.41342757,0.936480,1.0000
TG00014295,T00058,LRG,0.32261771,0.957011,1.0000
TG00014296,T00058,LRG,0.29332719,0.519493,1.0000
TG00014297,T00058,LRG,0.35447715,0.506418,1.0000
TG00014298,T00058,LRG,0.55351070,0.442091,1.0000
TG00014299,T00058,LRG,0.30765804,0.788345,1.0000
TG00014300,T00058,LRG,0.41696734,0.695621,1.0000
TG00014301,T00058,LRG,0.37817032,0.363416,1.0000
TG00014302,T00058,LRG,0.32726370,0.812725,1.0000
TG00014303,T00058,LRG,0.30961847,0.620347,1.0000
TG00014304,T00058,LRG,0.35961265,0.769414,1.0000
TG00014305,T00058,LRG,0.49311517,0.736170,1.0000
TG00014306,T00058,ELG,0.71766391,1.106190,1.0000
TG00014307,T00058,ELG,0.16726864,1.092687,1.0000
TG00014308,T00058,ELG,0.81654119,1.095042,1.0000
TG00014309,T00058,ELG,1.01606573,0.841104,1.0000
TG00014310,T00058,ELG,0.47820395,0.792422,1.0000
TG00014311,T00058,ELG,1.26001016,1.169943,1.0000
TG00014312,T00058,ELG,0.40395545,1.000850,1.0000
TG00014313,T00058,ELG,0.77402403,1.200857,1.0000
TG00014314,T00058,ELG,0.47526259,0.945672,1.0000
TG00014315,T00058,ELG,0.62166953,1.014661,1.0000
TG00014316,T00058,ELG,0.61691282,0.874842,1.0000
TG00014317,T00058,ELG,0.95841273,1.446698,1.0000
TG00014318,T00058,ELG,0.72850520,0.286237,1.0000
TG00014319,T00058,ELG,1.08641152,0.990725,1.0000
TG00014320,T00058,ELG,0.35252117,1.191909,1.0000
TG00014321,T00058,ELG,0.99020043,0.994273,1.0000
TG00014322,T00058,ELG,0.77049272,0.946104,1.0000
TG00014323,T00058,ELG,0.53498555,0.964737,1.0000
TG00014324,T00058,ELG,0.68115567,1.213764,1.0000
TG00014325,T00058,ELG,0.58472753,0.686100,1.0000
TG00014326,T00058,ELG,0.29571450,1.253118,1.0000
TG00014327,T00058,ELG,0.75538846,0.865246,1.0000
TG00014328,T00058,ELG,0.25876453,1.586081,1.0000
TG00014329,T00058,ELG,0.60472703,0.907022,1.0000
TG00014330,T00058,ELG,0.58716915,0.989537,1.0000
TG00014331,T00058,ELG,0.46895088,1.341571,1.0000
TG00014332,T00058,ELG,0.88075685,1.085263,1.0000
TG00014333,T00058,ELG,0.24796726,1.205234,1.0000
TG00014334,T00058,ELG,0.39457735,1.534922,1.0000
TG00014335,T00058,ELG,1.20472386,0.840334,1.0000
TG00014336,T00058,ELG,0.53874107,0.841879,1.0000
TG00014337,T00058,ELG,0.27131292,1.402435,1.0000
TG00014338,T00058,ELG,0.45138477,1.152172,1.0000
TG00014339,T00058,ELG,0.80098686,1.212825,1.0000
TG00014340,T00058,ELG,0.67272133,1.062228,1.0000
TG00014341,T00058,ELG,0.74833964,1.818753,1.0000
TG00014342,T00058,ELG,0.63162239,1.244676,1.0000
TG00014343,T00058,ELG,0.72203779,1.379011,1.0000
TG00014344,T00058,ELG,1.08307979,0.593037,1.0000
TG00014345,T00058,ELG,0.54871606,1.472455,1.0000
TG00014346,T00058,ELG,0.35640870,0.944427,1.0000
TG00014347,T00058,ELG,0.65703793,0.829509,1.0000
TG00014348,T00058,ELG,0.48637773,1.086053,1.0000
TG00014349,T00058,ELG,0.45182803,1.193551,1.0000
TG00014350,T00058,ELG,0.36601136,1.301250,1.0000
TG00014351,T00058,ELG,0.30411130,1.166394,1.0000
TG00014352,T00058,ELG,0.49877484,1.093944,1.0000
TG00014353,T00058,ELG,0.92273380,1.054263,1.0000
TG00014354,T00058,ELG,0.68257349,0.787859,1.0000
TG00014355,T00058,ELG,0.49190397,0.941044,1.0000
TG00014356,T00058,ELG,0.38755901,0.907569,1.0000
TG00014357,T00058,ELG,0.88796882,0.944113,1.0000
TG00014358,T00058,ELG,0.53470571,1.024084,1.0000
TG00014359,T00058,ELG,0.57421253,0.156747,1.0000
TG00014360,T00058,ELG,0.35013770,1.445741,1.0000
TG00014361,T00058,ELG,0.29998381,1.013384,1.0000
TG00014362,T00058,ELG,0.60364330,1.121521,1.0000
TG00014363,T00058,ELG,0.92478759,0.620964,1.0000
TG00014364,T00058,ELG,0.24021008,1.173616,1.0000
TG00014365,T00058,ELG,0.34527598,0.705870,1.0000
TG00014366,T00058,ELG,0.42382668,1.037871,1.0000
TG00014367,T00058,ELG,0.81338244,1.283549,1.0000
TG00014368,T00058,ELG,0.49466847,1.077387,1.0000
TG00014369,T00058,ELG,0.72760039,0.811742,1.0000
TG00014370,T00058,ELG,0.52230485,1.135976,1.0000
TG00014371,T00058,ELG,0.31317048,0.829403,1.0000
TG00014372,T00058,ELG,0.39379763,1.794194,1.0000
TG00014373,T00058,ELG,0.43583477,1.177759,1.0000
TG00014374,T00058,ELG,0.54110149,1.330688,1.0000
TG00014375,T00058,ELG,0.46593480,1.839723,1.0000
TG00014376,T00058,ELG,0.69885550,1.178006,1.0000
TG00014377,T00058,ELG,0.32778508,1.279076,1.0000
TG00014378,T00058,ELG,0.64704091,1.062383,1.0000
TG00014379,T00058,ELG,0.58119529,1.107916,1.0000
TG00014380,T00058,ELG,0.51407265,1.253352,1.0000
TG00014381,T00058,ELG,0.29112649,0.842952,1.0000
TG00014382,T00058,ELG,0.43834877,1.186620,1.0000
TG00014383,T00058,ELG,0.48708446,1.242495,1.0000
TG00014384,T00058,ELG,0.33397346,1.125943,1.0000
TG00014385,T00058,ELG,0.42003198,1.228700,1.0000
TG00014386,T00058,ELG,0.63186710,1.434549,1.0000
TG00014387,T00058,ELG,0.68694577,1.340779,1.0000
TG00014388,T00058,ELG,0.36516259,1.111617,1.0000
TG00014389,T00058,ELG,0.30838143,0.842489,1.0000
TG00014390,T00058,ELG,0.84075101,1.004153,1.0000
TG00014391,T00058,ELG,0.17402029,1.345514,1.0000
TG00014392,T00058,ELG,0.29758972,1.169014,1.0000
TG00014393,T00058,ELG,0.86561009,1.177841,1.0000
TG00014394,T00058,ELG,0.47243752,1.449014,1.0000
TG00014395,T00058,ELG,0.31059432,1.477423,1.0000
TG00014396,T00058,ELG,0.32551858,1.403465,1.0000
TG00014397,T00058,ELG,0.89023155,0.776842,1.0000
TG00014398,T00058,QSO,0.28811895,2.507166,1.7000
TG00014399,T00058,QSO,0.10652369,3.041850,1.7000
TG00014400,T00058,QSO,0.13184704,3.239742,1.7000
TG00014401,T00058,QSO,0.25137329,2.379453,1.7000
TG00014402,T00058,QSO,0.16933968,2.376423,1.7000
TG00014403,T00058,QSO,0.16596379,2.756481,1.7000
TG00014404,T00058,QSO,0.28681226,2.039131,1.7000
TG00014405,T00058,QSO,0.20181650,2.035421,1.7000
TG00014406,T00058,QSO,0.09931711,1.764376,1.7000
TG00014407,T00058,QSO,0.06376970,1.958329,1.7000
TG00014408,T00058,QSO,0.20412696,1.911856,1.7000
TG00014409,T00058,QSO,0.28721307,2.619675,1.7000
TG00014410,T00058,QSO,0.24700877,1.479489,1.7000
TG00014411,T00058,QSO,0.36059870,1.895685,1.7000
TG00014412,T00058,QSO,0.11977611,2.984490,1.7000
TG00014413,T00058,QSO,0.17419264,1.839909,1.7000
TG00014414,T00058,QSO,0.32901794,1.600279,1.7000
TG00014415,T00058,QSO,0.24013723,0.763123,1.7000
TG00014416,T00058,QSO,0.14009836,1.767522,1.7000
TG00014417,T00058,QSO,0.12902200,2.919580,1.7000
TG00014418,T00058,BGS,0.90136768,0.215399,0.4500
TG00014419,T00058,BGS,1.06737875,0.291192,0.4500
TG00014420,T00058,BGS,1.42382998,0.460813,0.4500
TG00014421,T00058,BGS,1.26683444,0.100262,0.4500
TG00014422,T00058,BGS,1.71121228,0.106788,0.4500
TG00014423,T00058,BGS,2.47238385,0.270807,0.4500
TG00014424,T00058,BGS,1.55913748,0.194061,0.4500
TG00014425,T00058,BGS,1.89801444,0.245313,0.4500
TG00014426,T00058,BGS,1.15690006,0.216597,0.4500
TG00014427,T00058,BGS,1.38654276,0.286422,0.4500
TG00014428,T00058,BGS,1.21414108,0.296561,0.4500
TG00014429,T00058,BGS,1.73916383,0.342787,0.4500
TG00014430,T00058,BGS,1.15977830,0.132444,0.4500
TG00014431,T00058,BGS,1.00000065,0.204948,0.4500
TG00014432,T00058,BGS,0.77301193,0.300318,0.4500
TG00014433,T00058,BGS,0.83077840,0.134627,0.4500
TG00014434,T00058,BGS,0.98163871,0.355242,0.4500
TG00014435,T00058,BGS,1.19060729,0.280059,0.4500
TG00014436,T00058,BGS,0.75037116,0.295230,0.4500
TG00014437,T00058,BGS,1.40890195,0.201260,0.4500
TG00014438,T00058,BGS,1.62961697,0.230896,0.4500
TG00014439,T00058,BGS,1.59055673,0.147684,0.4500
TG00014440,T00058,BGS,1.87980717,0.103510,0.4500
TG00014441,T00058,BGS,2.32569671,0.280629,0.4500
TG00014442,T00058,BGS,0.87881063,0.012285,0.4500
TG00014443,T00058,BGS,0.94242270,0.168130,0.4500
TG00014444,T00058,BGS,1.79504113,0.170200,0.4500
TG00014445,T00058,BGS,0.89835283,0.327509,0.4500
TG00014446,T00058,BGS,1.03737340,0.211243,0.4500
TG00014447,T00058,BGS,1.03650131,0.281252,0.4500
TG00014448,T00058,BGS,1.06591550,0.146666,0.4500
TG00014449,T00058,BGS,1.09621702,0.121557,0.4500
TG00014450,T00058,BGS,1.86805116,0.232001,0.4500
TG00014451,T00058,BGS,0.96692857,0.224066,0.4500
TG00014452,T00058,BGS,0.72949574,0.124316,0.4500
TG00014453,T00058,BGS,1.41297489,0.165479,0.4500
TG00014454,T00058,BGS,1.17462980,0.261554,0.4500
TG00014455,T00058,BGS,0.96341999,0.250071,0.4500
TG00014456,T00058,BGS,1.04078372,0.261876,0.4500
TG00014457,T00058,BGS,0.69860685,0.328892,0.4500
TG00014458,T00058,BGS,1.06810315,0.117790,0.4500
TG00014459,T00058,BGS,1.71352013,0.297571,0.4500
TG00014460,T00058,BGS,0.99690409,0.093337,0.4500
TG00014461,T00058,BGS,1.10553781,0.168350,0.4500
TG00014462,T00058,BGS,0.77062857,0.236875,0.4500
TG00014463,T00058,BGS,1.95329459,0.293700,0.4500
TG00014464,T00058,BGS,1.38406711,0.161012,0.4500
TG00014465,T00058,BGS,1.38158367,0.090999,0.4500
TG00014466,T00058,BGS,0.91019207,0.235880,0.4500
TG00014467,T00058,BGS,1.69910659,0.246147,0.4500
TG00014468,T00058,BGS,1.79318968,0.192018,0.4500
TG00014469,T00058,BGS,1.15231900,0.158029,0.4500
TG00014470,T00058,BGS,1.33617344,0.267055,0.4500
TG00014471,T00058,BGS,1.47571646,0.124720,0.4500
TG00014472,T00058,BGS,0.94070657,0.115666,0.4500
TG00014473,T00058,BGS,1.54000909,0.311351,0.4500
TG00014474,T00058,BGS,1.53154650,0.260381,0.4500
TG00014475,T00058,BGS,1.19348688,0.241421,0.4500
TG00014476,T00058,BGS,0.95406324,0.335599,0.4500
TG00014477,T00058,BGS,1.58089497,0.202387,0.4500
TG00014478,T00058,BGS,1.09051497,0.385724,0.4500
TG00014479,T00058,BGS,1.12796229,0.367915,0.4500
TG00014480,T00058,BGS,1.17000136,0.166621,0.4500
TG00014481,T00058,BGS,1.06158764,0.411117,0.4500
TG00014482,T00058,BGS,1.02039878,0.206378,0.4500
TG00014483,T00058,BGS,1.27337211,0.148802,0.4500
TG00014484,T00058,BGS,1.01821075,0.150113,0.4500
TG00014485,T00058,BGS,1.15591837,0.056944,0.4500
TG00014486,T00058,BGS,1.18300156,0.207203,0.4500
TG00014487,T00058,BGS,1.60658791,0.075097,0.4500
TG00014488,T00058,BGS,1.43660829,0.163500,0.4500
TG00014489,T00058,BGS,1.35410814,0.349884,0.4500
TG00014490,T00059,LRG,0.18750588,0.865598,1.0000
TG00014491,T00059,LRG,0.33828628,0.509679,1.0000
TG00014492,T00059,LRG,0.33017884,0.651023,1.0000
TG00014493,T00059,LRG,0.25931307,0.960934,1.0000
TG00014494,T00059,LRG,0.40864932,0.425908,1.0000
TG00014495,T00059,LRG,0.31170854,1.051179,1.0000
TG00014496,T00059,LRG,0.59929040,0.797026,1.0000
TG00014497,T00059,LRG,0.48442044,0.673572,1.0000
TG00014498,T00059,LRG,0.13788602,1.088105,1.0000
TG00014499,T00059,LRG,0.32056515,0.820577,1.0000
TG00014500,T00059,LRG,0.21372096,0.359998,1.0000
TG00014501,T00059,LRG,0.73798629,0.756734,1.0000
TG00014502,T00059,LRG,0.26916816,0.693301,1.0000
TG00014503,T00059,LRG,0.31576724,0.611448,1.0000
TG00014504,T00059,LRG,0.43747961,0.822719,1.0000
TG00014505,T00059,LRG,0.50216733,0.824976,1.0000
TG00014506,T00059,LRG,0.83767589,0.938384,1.0000
TG00014507,T00059,LRG,0.22432007,0.651196,1.0000
TG00014508,T00059,LRG,0.44235451,0.958512,1.0000
TG00014509,T00059,LRG,0.39467847,0.701355,1.0000
TG00014510,T00059,LRG,0.46409996,0.480041,1.0000
TG00014511,T00059,LRG,0.19696221,0.925707,1.0000
TG00014512,T00059,LRG,0.50025173,0.611095,1.0000
TG00014513,T00059,LRG,0.46493154,0.734088,1.0000
TG00014514,T00059,LRG,0.57546271,0.884429,1.0000
TG00014515,T00059,LRG,0.37493734,0.759031,1.0000
TG00014516,T00059,LRG,0.21680753,0.726023,1.0000
TG00014517,T00059,LRG,0.49180424,0.669105,1.0000
TG00014518,T00059,LRG,0.47398992,0.761103,1.0000
TG00014519,T00059,LRG,0.48134989,0.736171,1.0000
TG00014520,T00059,LRG,0.51202010,1.157070,1.0000
TG00014521,T00059,LRG,0.38671930,0.784631,1.0000
TG00014522,T00059,LRG,0.63415030,0.691092,1.0000
TG00014523,T00059,LRG,0.51562270,0.769377,1.0000
TG00014524,T00059,LRG,0.48166407,0.813786,1.0000
TG00014525,T00059,LRG,0.40823020,1.276096,1.0000
TG00014526,T00059,LRG,0.45606954,0.698471,1.0000
TG00014527,T00059,LRG,0.33512594,1.126401,1.0000
TG00014528,T00059,ELG,0.48352934,1.306097,1.0000
TG00014529,T00059,ELG,0.66288349,1.210720,1.0000
TG00014530,T00059,ELG,0.87767226,1.109494,1.0000
TG00014531,T00059,ELG,0.41656415,1.001128,1.0000
TG00014532,T00059,ELG,0.34450556,0.777034,1.0000
TG00014533,T00059,ELG,0.90336476,0.580257,1.0000
TG00014534,T00059,ELG,0.82087947,0.849927,1.0000
TG00014535,T00059,ELG,0.49942177,1.415212,1.0000
TG00014536,T00059,ELG,0.53855778,0.514651,1.0000
TG00014537,T00059,ELG,0.49025514,1.526435,1.0000
TG00014538,T00059,ELG,0.88806376,1.182628,1.0000
TG00014539,T00059,ELG,0.54147027,0.759344,1.0000
TG00014540,T00059,ELG,0.40555971,1.299279,1.0000
TG00014541,T00059,ELG,0.35317096,0.819065,1.0000
TG00014542,T00059,ELG,0.38610170,1.229935,1.0000
TG00014543,T00059,ELG,0.48369856,1.200925,1.0000
TG00014544,T00059,ELG,0.60753425,1.310237,1.0000
TG00014545,T00059,ELG,0.63122658,1.350308,1.0000
TG00014546,T00059,ELG,0.24820597,1.465092,1.0000
TG00014547,T00059,ELG,0.37848808,1.410923,1.0000
TG00014548,T00059,ELG,0.67890089,0.708781,1.0000
TG00014549,T00059,ELG,0.36868737,1.140119,1.0000
TG00014550,T00059,ELG,1.13073559,0.937939,1.0000
TG00014551,T00059,ELG,1.03687151,1.425338,1.0000
TG00014552,T00059,ELG,0.42161627,1.782658,1.0000
TG00014553,T00059,ELG,0.41493158,1.192210,1.0000
TG00014554,T00059,ELG,0.41703331,0.631731,1.0000
TG00014555,T00059,ELG,0.35957061,0.653535,1.0000
TG00014556,T00059,ELG,0.80068523,0.727255,1.0000
TG00014557,T00059,ELG,0.40905131,1.224866,1.0000
TG00014558,T00059,ELG,0.96113116,1.226668,1.0000
TG00014559,T00059,ELG,0.32333561,0.916282,1.0000
TG00014560,T00059,ELG,0.52221878,1.210226,1.0000
TG00014561,T00059,ELG,0.75920977,0.889738,1.0000
TG00014562,T00059,ELG,0.60888662,0.655952,1.0000
TG00014563,T00059,ELG,0.67357446,0.674221,1.0000
TG00014564,T00059,ELG,0.57178881,0.675011,1.0000
TG00014565,T00059,ELG,0.58810785,1.318238,1.0000
TG00014566,T00059,ELG,0.46730411,1.184858,1.0000
TG00014567,T00059,ELG,0.71887542,0.873818,1.0000
TG00014568,T00059,ELG,0.35487355,1.333942,1.0000
TG00014569,T00059,ELG,0.53720486,1.187353,1.0000
TG00014570,T00059,ELG,0.38155176,1.733786,1.0000
TG00014571,T00059,ELG,0.54959252,1.368287,1.0000
TG00014572,T00059,ELG,0.39399048,1.425140,1.0000
TG00014573,T00059,ELG,0.72830831,1.169138,1.0000
TG00014574,T00059,ELG,0.59084195,1.297958,1.0000
TG00014575,T00059,ELG,0.51548825,0.882137,1.0000
TG00014576,T00059,ELG,0.85438709,1.188148,1.0000
TG00014577,T00059,ELG,0.53802952,0.798302,1.0000
TG00014578,T00059,ELG,0.71277476,1.087627,1.0000
TG00014579,T00059,ELG,0.52841935,1.585876,1.0000
TG00014580,T00059,ELG,0.39036183,1.036551,1.0000
TG00014581,T00059,ELG,0.40174745,0.457991,1.0000
TG00014582,T00059,ELG,0.41136615,0.823541,1.0000
TG00014583,T00059,ELG,0.57813203,1.091026,1.0000
TG00014584,T00059,ELG,0.60256233,1.181220,1.0000
TG00014585,T00059,ELG,0.62994830,1.243154,1.0000
TG00014586,T00059,ELG,0.46323570,1.043428,1.0000
TG00014587,T00059,ELG,0.47140385,1.389622,1.0000
TG00014588,T00059,ELG,0.35963203,1.166816,1.0000
TG00014589,T00059,ELG,0.30839660,0.551554,1.0000
TG00014590,T00059,ELG,0.58198046,1.640923,1.0000
TG00014591,T00059,ELG,0.58941716,0.965531,1.0000
TG00014592,T00059,ELG,0.56252916,1.231337,1.0000
TG00014593,T00059,ELG,0.52287811,0.997439,1.0000
TG00014594,T00059,ELG,0.78704583,0.713150,1.0000
TG00014595,T00059,ELG,0.70701662,0.553175,1.0000
TG00014596,T00059,ELG,0.33573224,1.127828,1.0000
TG00014597,T00059,ELG,0.77264234,1.039850,1.0000
TG00014598,T00059,ELG,0.61276397,1.230347,1.0000
TG00014599,T00059,ELG,0.38130182,0.609093,1.0000
TG00014600,T00059,ELG,0.95053957,1.069400,1.0000
TG00014601,T00059,ELG,0.53738130,1.168247,1.0000
TG00014602,T00059,ELG,0.37782961,1.539072,1.0000
TG00014603,T00059,ELG,0.72808154,1.318686,1.0000
TG00014604,T00059,ELG,0.97613737,1.299380,1.0000
TG00014605,T00059,ELG,0.44914515,0.941237,1.0000
TG00014606,T00059,ELG,0.44268681,1.079950,1.0000
TG00014607,T00059,ELG,0.45913714,1.003670,1.0000
TG00014608,T00059,ELG,0.43086404,0.797031,1.0000
TG00014609,T00059,ELG,0.53972509,1.045545,1.0000
TG00014610,T00059,ELG,0.45161215,1.186411,1.0000
TG00014611,T00059,ELG,0.51854046,0.748199,1.0000
TG00014612,T00059,ELG,0.46091132,1.103328,1.0000
TG00014613,T00059,ELG,0.60031556,1.204568,1.0000
TG00014614,T00059,ELG,0.36066273,0.521610,1.0000
TG00014615,T00059,ELG,0.52282102,1.182480,1.0000
TG00014616,T00059,ELG,0.76171180,1.198079,1.0000
TG00014617,T00059,ELG,0.48543258,0.692847,1.0000
TG00014618,T00059,ELG,0.95838241,1.730641,1.0000
TG00014619,T00059,ELG,0.34545214,0.859336,1.0000
TG00014620,T00059,ELG,0.39468486,0.931819,1.0000
TG00014621,T00059,ELG,0.61941155,1.367564,1.0000
TG00014622,T00059,ELG,0.48796397,1.056645,1.0000
TG00014623,T00059,ELG,0.80607931,1.237657,1.0000
TG00014624,T00059,ELG,0.45241605,1.127365,1.0000
TG00014625,T00059,ELG,0.33714992,1.057043,1.0000
TG00014626,T00059,ELG,0.26682251,1.286334,1.0000
TG00014627,T00059,ELG,0.45992459,0.719826,1.0000
TG00014628,T00059,ELG,0.66181683,1.395738,1.0000
TG00014629,T00059,ELG,0.87017353,1.241533,1.0000
TG00014630,T00059,QSO,0.17552011,2.761119,1.7000
TG00014631,T00059,QSO,0.21102303,2.368315,1.7000
TG00014632,T00059,QSO,0.13588124,1.766870,1.7000
TG00014633,T00059,QSO,0.21713074,2.187585,1.7000
TG00014634,T00059,QSO,0.15821464,2.032618,1.7000
TG00014635,T00059,QSO,0.15593741,1.527697,1.7000
TG00014636,T00059,QSO,0.09221985,2.683287,1.7000
TG00014637,T00059,QSO,0.33966154,2.867516,1.7000
TG00014638,T00059,QSO,0.16689768,2.077953,1.7000
TG00014639,T00059,QSO,0.18527972,2.076869,1.7000
TG00014640,T00059,QSO,0.08870159,1.457437,1.7000
TG00014641,T00059,QSO,0.20518231,1.443628,1.7000
TG00014642,T00059,QSO,0.14344604,2.256526,1.7000
TG00014643,T00059,QSO,0.26328366,1.751893,1.7000
TG00014644,T00059,QSO,0.09145126,2.179329,1.7000
TG00014645,T00059,QSO,0.19136230,2.230204,1.7000
TG00014646,T00059,QSO,0.15920738,1.971687,1.7000
TG00014647,T00059,QSO,0.25621001,3.208666,1.7000
TG00014648,T00059,QSO,0.14455642,1.237913,1.7000
TG00014649,T00059,QSO,0.26244457,2.531415,1.7000
TG00014650,T00059,QSO,0.18228085,1.718869,1.7000
TG00014651,T00059,QSO,0.22967564,1.913083,1.7000
TG00014652,T00059,BGS,1.18218794,0.308192,0.4500
TG00014653,T00059,BGS,1.20287964,0.243651,0.4500
TG00014654,T00059,BGS,1.32151823,0.250951,0.4500
TG00014655,T00059,BGS,0.83450836,0.278335,0.4500
TG00014656,T00059,BGS,0.91654188,0.157939,0.4500
TG00014657,T00059,BGS,1.42188991,0.080766,0.4500
TG00014658,T00059,BGS,0.88701217,0.275057,0.4500
TG00014659,T00059,BGS,1.06732057,0.253143,0.4500
TG00014660,T00059,BGS,0.81284483,0.326584,0.4500
TG00014661,T00059,BGS,1.34840886,0.105946,0.4500
TG00014662,T00059,BGS,1.29043993,0.170588,0.4500
TG00014663,T00059,BGS,1.30611290,0.313722,0.4500
TG00014664,T00059,BGS,0.82650371,0.152303,0.4500
TG00014665,T00059,BGS,1.45499061,0.259606,0.4500
TG00014666,T00059,BGS,1.06701226,0.201733,0.4500
TG00014667,T00059,BGS,1.31126796,0.229605,0.4500
TG00014668,T00059,BGS,1.78661066,0.200347,0.4500
TG00014669,T00059,BGS,1.26953976,0.053046,0.4500
TG00014670,T00059,BGS,1.44889219,0.000000,0.4500
TG00014671,T00059,BGS,1.49984361,0.080134,0.4500
TG00014672,T00059,BGS,1.52351441,0.323136,0.4500
TG00014673,T00059,BGS,1.04229323,0.238068,0.4500
TG00014674,T00059,BGS,1.30073559,0.182366,0.4500
TG00014675,T00059,BGS,1.07605692,0.260559,0.4500
TG00014676,T00059,BGS,1.48174098,0.206328,0.4500
TG00014677,T00059,BGS,1.29067254,0.278465,0.4500
TG00014678,T00059,BGS,1.74809648,0.254224,0.4500
TG00014679,T00059,BGS,0.87286561,0.160362,0.4500
TG00014680,T00059,BGS,2.45840323,0.147134,0.4500
TG00014681,T00059,BGS,1.34723216,0.341607,0.4500
TG00014682,T00059,BGS,1.13931959,0.235627,0.4500
TG00014683,T00059,BGS,1.76042237,0.170076,0.4500
TG00014684,T00059,BGS,1.67116801,0.000000,0.4500
TG00014685,T00059,BGS,1.22418397,0.207489,0.4500
TG00014686,T00059,BGS,1.51939056,0.200239,0.4500
TG00014687,T00059,BGS,1.45969953,0.186687,0.4500
TG00014688,T00059,BGS,1.39585686,0.292227,0.4500
TG00014689,T00059,BGS,1.40895865,0.273704,0.4500
TG00014690,T00059,BGS,0.75098341,0.427590,0.4500
TG00014691,T00059,BGS,0.88001390,0.217432,0.4500
TG00014692,T00059,BGS,2.35864455,0.191879,0.4500
TG00014693,T00059,BGS,0.96864183,0.159899,0.4500
TG00014694,T00059,BGS,1.26810883,0.293031,0.4500
TG00014695,T00059,BGS,0.98582226,0.206623,0.4500
TG00014696,T00059,BGS,1.32488763,0.179877,0.4500
TG00014697,T00059,BGS,1.65134677,0.249992,0.4500
TG00014698,T00059,BGS,0.73095560,0.228220,0.4500
TG00014699,T00059,BGS,0.80120414,0.381414,0.4500
TG00014700,T00059,BGS,0.75914209,0.172482,0.4500
TG00014701,T00059,BGS,1.47005652,0.214348,0.4500
TG00014702,T00059,BGS,0.91954462,0.395259,0.4500
TG00014703,T00059,BGS,1.65562284,0.190230,0.4500
TG00014704,T00059,BGS,1.78829853,0.320595,0.4500
TG00014705,T00059,BGS,1.71904529,0.105099,0.4500
TG00014706,T00059,BGS,1.56894567,0.193111,0.4500
TG00014707,T00059,BGS,0.85871184,0.187302,0.4500
TG00014708,T00059,BGS,1.00638410,0.286261,0.4500
TG00014709,T00059,BGS,1.72299889,0.254642,0.4500
TG00014710,T00059,BGS,1.54859831,0.204674,0.4500
TG00014711,T00059,BGS,1.99341076,0.135931,0.4500
TG00014712,T00060,LRG,0.64155815,0.558566,1.0000
TG00014713,T00060,LRG,0.38437481,0.832193,1.0000
TG00014714,T00060,LRG,0.55262434,0.946741,1.0000
TG00014715,T00060,LRG,0.27813276,1.094552,1.0000
TG00014716,T00060,LRG,0.44473595,0.396406,1.0000
TG00014717,T00060,LRG,0.60593450,0.741186,1.0000
TG00014718,T00060,LRG,0.15377591,0.663787,1.0000
TG00014719,T00060,LRG,0.20596350,0.794890,1.0000
TG00014720,T00060,LRG,0.38039477,0.414522,1.0000
TG00014721,T00060,LRG,0.25084563,0.665133,1.0000
TG00014722,T00060,LRG,0.29367712,0.733926,1.0000
TG00014723,T00060,LRG,0.36469126,0.680065,1.0000
TG00014724,T00060,LRG,0.35486656,0.546155,1.0000
TG00014725,T00060,LRG,0.28927715,0.875414,1.0000
TG00014726,T00060,LRG,0.47103210,0.737031,1.0000
TG00014727,T00060,LRG,0.39681099,0.791684,1.0000
TG00014728,T00060,LRG,0.26634157,0.820454,1.0000
TG00014729,T00060,LRG,0.35533364,0.696208,1.0000
TG00014730,T00060,LRG,0.25311798,0.683578,1.0000
TG00014731,T00060,LRG,0.23746164,0.937536,1.0000
TG00014732,T00060,LRG,0.43486955,0.621433,1.0000
TG00014733,T00060,LRG,0.26212765,0.757103,1.0000
TG00014734,T00060,LRG,0.39353277,0.571456,1.0000
TG00014735,T00060,LRG,0.37010168,0.587848,1.0000
TG00014736,T00060,LRG,0.24506221,0.505157,1.0000
TG00014737,T00060,LRG,0.31976339,0.856223,1.0000
TG00014738,T00060,LRG,0.56521664,0.663802,1.0000
TG00014739,T00060,LRG,0.29336970,0.317136,1.0000
TG00014740,T00060,LRG,0.47839630,0.583593,1.0000
TG00014741,T00060,LRG,0.42609689,0.348986,1.0000
TG00014742,T00060,LRG,0.20295454,0.638231,1.0000
TG00014743,T00060,LRG,0.21070789,0.720688,1.0000
TG00014744,T00060,LRG,0.59878496,0.716625,1.0000
TG00014745,T00060,LRG,0.63905567,0.487916,1.0000
TG00014746,T00060,LRG,0.24027642,0.790324,1.0000
TG00014747,T00060,LRG,0.37932160,0.882580,1.0000
TG00014748,T00060,LRG,0.41040332,0.555214,1.0000
TG00014749,T00060,LRG,0.22931426,0.411413,1.0000
TG00014750,T00060,LRG,0.48255888,0.783650,1.0000
TG00014751,T00060,LRG,0.19495861,0.659978,1.0000
TG00014752,T00060,LRG,0.44061008,0.343961,1.0000
TG00014753,T00060,LRG,0.27188603,0.701529,1.0000
TG00014754,T00060,LRG,0.18449734,0.709843,1.0000
TG00014755,T00060,LRG,0.33683823,0.978025,1.0000
TG00014756,T00060,LRG,0.53796122,1.042819,1.0000
TG00014757,T00060,LRG,0.26268307,0.352063,1.0000
TG00014758,T00060,LRG,0.26916606,0.615043,1.0000
TG00014759,T00060,LRG,0.30148771,0.451592,1.0000
TG00014760,T00060,LRG,0.37881968,0.729052,1.0000
TG00014761,T00060,LRG,0.33789347,0.829146,1.0000
TG00014762,T00060,LRG,0.18333576,0.769069,1.0000
TG00014763,T00060,LRG,0.34776067,0.626916,1.0000
TG00014764,T00060,LRG,0.26800322,0.589163,1.0000
TG00014765,T00060,LRG,0.23374964,0.960269,1.0000
TG00014766,T00060,LRG,0.39388518,0.540588,1.0000
TG00014767,T00060,LRG,0.66002051,0.988979,1.0000
TG00014768,T00060,LRG,0.22861627,0.727534,1.0000
TG00014769,T00060,LRG,0.53193618,0.986866,1.0000
TG00014770,T00060,LRG,0.39865324,0.576209,1.0000
TG00014771,T00060,LRG,0.43096796,0.867044,1.0000
TG00014772,T00060,LRG,0.53821234,0.813679,1.0000
TG00014773,T00060,LRG,0.22030287,0.808902,1.0000
TG00014774,T00060,LRG,0.40446443,0.606655,1.0000
TG00014775,T00060,LRG,0.20044752,0.683032,1.0000
TG00014776,T00060,LRG,0.20364023,0.842067,1.0000
TG00014777,T00060,LRG,0.17339496,0.494006,1.0000
TG00014778,T00060,LRG,0.68239819,0.727842,1.0000
TG00014779,T00060,LRG,0.28641254,0.599401,1.0000
TG00014780,T00060,ELG,0.53587468,0.761380,1.0000
TG00014781,T00060,ELG,0.71772943,1.228869,1.0000
TG00014782,T00060,ELG,0.40224357,0.830932,1.0000
TG00014783,T00060,ELG,0.37435595,1.044490,1.0000
TG00014784,T00060,ELG,0.71712282,1.061710,1.0000
TG00014785,T00060,ELG,0.68897256,0.886025,1.0000
TG00014786,T00060,ELG,1.26491346,1.031618,1.0000
TG00014787,T00060,ELG,0.48088184,1.186806,1.0000
TG00014788,T00060,ELG,0.69127996,0.828452,1.0000
TG00014789,T00060,ELG,0.62984550,1.122384,1.0000
TG00014790,T00060,ELG,0.65463281,1.177294,1.0000
TG00014791,T00060,ELG,0.64964024,1.155319,1.0000
TG00014792,T00060,ELG,0.67629576,0.928702,1.0000
TG00014793,T00060,ELG,0.85888178,1.149859,1.0000
TG00014794,T00060,ELG,0.72004328,0.602713,1.0000
TG00014795,T00060,ELG,1.00916514,1.384938,1.0000
TG00014796,T00060,ELG,0.48844135,1.516110,1.0000
TG00014797,T00060,ELG,0.63360240,0.856622,1.0000
TG00014798,T00060,ELG,0.34958391,1.601746,1.0000
TG00014799,T00060,ELG,0.42559672,0.932239,1.0000
TG00014800,T00060,ELG,0.40766625,0.632225,1.0000
TG00014801,T00060,ELG,0.45284935,1.069936,1.0000
TG00014802,T00060,ELG,0.57936703,1.473217,1.0000
TG00014803,T00060,ELG,0.36896664,0.854419,1.0000
TG00014804,T00060,ELG,0.52236681,1.025635,1.0000
TG00014805,T00060,ELG,0.58880359,1.045340,1.0000
TG00014806,T00060,ELG,0.41684618,0.962573,1.0000
TG00014807,T00060,ELG,1.13985939,1.400477,1.0000
TG00014808,T00060,ELG,0.30627406,0.830222,1.0000
TG00014809,T00060,ELG,0.62965193,1.354009,1.0000
TG00014810,T00060,ELG,0.34607718,1.090059,1.0000
TG00014811,T00060,ELG,0.51423551,1.877640,1.0000
TG00014812,T00060,ELG,0.72014768,1.049339,1.0000
TG00014813,T00060,ELG,0.56384851,1.127166,1.0000
TG00014814,T00060,ELG,0.68648941,0.662025,1.0000
TG00014815,T00060,ELG,0.64324942,1.031537,1.0000
TG00014816,T00060,ELG,0.96092650,1.026491,1.0000
TG00014817,T00060,ELG,0.32713287,0.766367,1.0000
TG00014818,T00060,ELG,0.77273209,1.063572,1.0000
TG00014819,T00060,ELG,0.33303738,1.651849,1.0000
TG00014820,T00060,ELG,0.68971378,1.046118,1.0000
TG00014821,T00060,ELG,0.66431012,1.262269,1.0000
TG00014822,T00060,ELG,0.27828890,0.532323,1.0000
TG00014823,T00060,ELG,0.52906883,1.026870,1.0000
TG00014824,T00060,ELG,0.78088083,1.447282,1.0000
TG00014825,T00060,ELG,0.61167186,0.998017,1.0000
TG00014826,T00060,ELG,0.69314767,1.057502,1.0000
TG00014827,T00060,ELG,0.46444135,1.024038,1.0000
TG00014828,T00060,ELG,0.75745582,1.618205,1.0000
TG00014829,T00060,ELG,0.45990601,1.286655,1.0000
TG00014830,T00060,ELG,0.36033288,0.627607,1.0000
TG00014831,T00060,ELG,1.03892384,1.036921,1.0000
TG00014832,T00060,ELG,1.43997128,1.032633,1.0000
TG00014833,T00060,ELG,1.12468280,1.147606,1.0000
TG00014834,T00060,ELG,0.70400778,1.598079,1.0000
TG00014835,T00060,ELG,0.69163619,0.788497,1.0000
TG00014836,T00060,ELG,0.42417061,0.614948,1.0000
TG00014837,T00060,ELG,0.32163869,1.077711,1.0000
TG00014838,T00060,ELG,0.57995521,0.876913,1.0000
TG00014839,T00060,ELG,0.61765249,0.652095,1.0000
TG00014840,T00060,ELG,0.38564732,1.404509,1.0000
TG00014841,T00060,ELG,0.93510716,1.014390,1.0000
TG00014842,T00060,ELG,0.62933637,1.019665,1.0000
TG00014843,T00060,ELG,0.26789218,1.932991,1.0000
TG00014844,T00060,ELG,0.66851101,0.988166,1.0000
TG00014845,T00060,ELG,0.36426340,1.335174,1.0000
TG00014846,T00060,ELG,0.57202579,1.422742,1.0000
TG00014847,T00060,ELG,0.62812593,1.072374,1.0000
TG00014848,T00060,ELG,0.44716821,1.008516,1.0000
TG00014849,T00060,ELG,0.43033904,0.752159,1.0000
TG00014850,T00060,ELG,0.39608890,0.569555,1.0000
TG00014851,T00060,ELG,0.37709162,0.890028,1.0000
TG00014852,T00060,ELG,0.90685369,1.119879,1.0000
TG00014853,T00060,ELG,0.40876092,1.194835,1.0000
TG00014854,T00060,ELG,0.48622813,1.284364,1.0000
TG00014855,T00060,ELG,0.51268918,0.504969,1.0000
TG00014856,T00060,ELG,0.74604191,0.907407,1.0000
TG00014857,T00060,ELG,0.34551313,0.445406,1.0000
TG00014858,T00060,ELG,1.14042407,0.801692,1.0000
TG00014859,T00060,ELG,0.59270885,1.409932,1.0000
TG00014860,T00060,ELG,0.75679043,1.462623,1.0000
TG00014861,T00060,ELG,0.63512502,1.105879,1.0000
TG00014862,T00060,ELG,1.00926663,1.200460,1.0000
TG00014863,T00060,ELG,0.30283856,1.086691,1.0000
TG00014864,T00060,ELG,0.50258374,1.237578,1.0000
TG00014865,T00060,ELG,0.60430411,1.469155,1.0000
TG00014866,T00060,ELG,0.42334911,1.012935,1.0000
TG00014867,T00060,ELG,0.46638936,1.143779,1.0000
TG00014868,T00060,ELG,0.70493703,0.714819,1.0000
TG00014869,T00060,ELG,0.69240750,0.973558,1.0000
TG00014870,T00060,ELG,0.47846788,1.361398,1.0000
TG00014871,T00060,ELG,0.46959599,1.527783,1.0000
TG00014872,T00060,ELG,0.63571725,1.063451,1.0000
TG00014873,T00060,ELG,0.91559018,1.159153,1.0000
TG00014874,T00060,ELG,0.55586336,0.930172,1.0000
TG00014875,T00060,ELG,0.85361263,1.190136,1.0000
TG00014876,T00060,ELG,0.53313854,1.373365,1.0000
TG00014877,T00060,ELG,0.65900512,0.995856,1.0000
TG00014878,T00060,ELG,0.52750850,1.130857,1.0000
TG00014879,T00060,ELG,0.61199570,1.208733,1.0000
TG00014880,T00060,ELG,1.59815069,1.258357,1.0000
TG00014881,T00060,ELG,0.30132524,0.988219,1.0000
TG00014882,T00060,QSO,0.34757767,1.810412,1.7000
TG00014883,T00060,QSO,0.20656012,2.276585,1.7000
TG00014884,T00060,QSO,0.13636991,2.246852,1.7000
TG00014885,T00060,QSO,0.11657392,2.481721,1.7000
TG00014886,T00060,QSO,0.24346995,1.468617,1.7000
TG00014887,T00060,QSO,0.14646459,3.135403,1.7000
TG00014888,T00060,QSO,0.22552576,2.176837,1.7000
TG00014889,T00060,QSO,0.22298370,4.393375,1.7000
TG00014890,T00060,QSO,0.23297771,1.683223,1.7000
TG00014891,T00060,QSO,0.26750487,2.263082,1.7000
TG00014892,T00060,QSO,0.18419707,2.218562,1.7000
TG00014893,T00060,QSO,0.22775509,1.705096,1.7000
TG00014894,T00060,QSO,0.20670867,1.401654,1.7000
TG00014895,T00060,QSO,0.17183954,2.163440,1.7000
TG00014896,T00060,QSO,0.18940230,1.013853,1.7000
TG00014897,T00060,QSO,0.22576078,2.299818,1.7000
TG00014898,T00060,QSO,0.11053070,0.739983,1.7000
TG00014899,T00060,BGS,1.09927456,0.166249,0.4500
TG00014900,T00060,BGS,1.59921187,0.209624,0.4500
TG00014901,T00060,BGS,1.22373346,0.292417,0.4500
TG00014902,T00060,BGS,1.14449444,0.295819,0.4500
TG00014903,T00060,BGS,1.41786115,0.240348,0.4500
TG00014904,T00060,BGS,1.56978914,0.064919,0.4500
TG00014905,T00060,BGS,0.86386273,0.134329,0.4500
TG00014906,T00060,BGS,1.11683105,0.137321,0.4500
TG00014907,T00060,BGS,1.80066793,0.306733,0.4500
TG00014908,T00060,BGS,1.79534516,0.056125,0.4500
TG00014909,T00060,BGS,1.96756109,0.204610,0.4500
TG00014910,T00060,BGS,0.56654801,0.341368,0.4500
TG00014911,T00060,BGS,1.68359876,0.180766,0.4500
TG00014912,T00060,BGS,1.08578793,0.242198,0.4500
TG00014913,T00060,BGS,0.90743365,0.209421,0.4500
TG00014914,T00060,BGS,0.96300622,0.282609,0.4500
TG00014915,T00060,BGS,0.69548159,0.271320,0.4500
TG00014916,T00060,BGS,1.07659218,0.052272,0.4500
TG00014917,T00060,BGS,2.02102506,0.201097,0.4500
TG00014918,T00060,BGS,1.43764790,0.293562,0.4500
TG00014919,T00060,BGS,1.61433428,0.257707,0.4500
TG00014920,T00060,BGS,0.85691850,0.239324,0.4500
TG00014921,T00060,BGS,1.06992772,0.272248,0.4500
TG00014922,T00060,BGS,1.01367519,0.042625,0.4500
TG00014923,T00060,BGS,1.39293746,0.245591,0.4500
TG00014924,T00060,BGS,0.95267855,0.245045,0.4500
TG00014925,T00060,BGS,1.09359570,0.164750,0.4500
TG00014926,T00060,BGS,1.24168080,0.141873,0.4500
TG00014927,T00060,BGS,0.86098061,0.230652,0.4500
TG00014928,T00060,BGS,1.14256656,0.312115,0.4500
TG00014929,T00060,BGS,0.74664969,0.228741,0.4500
TG00014930,T00060,BGS,1.72614908,0.239267,0.4500
TG00014931,T00060,BGS,0.90034283,0.258154,0.4500
TG00014932,T00060,BGS,1.43686985,0.165386,0.4500
TG00014933,T00060,BGS,1.72484326,0.239028,0.4500
TG00014934,T00060,BGS,1.45373745,0.167204,0.4500
TG00014935,T00060,BGS,1.51664220,0.235272,0.4500
TG00014936,T00060,BGS,1.24110613,0.210030,0.4500
TG00014937,T00060,BGS,1.53325837,0.241149,0.4500
TG00014938,T00060,BGS,0.85601852,0.092757,0.4500
TG00014939,T00060,BGS,0.56220253,0.349723,0.4500
TG00014940,T00060,BGS,1.96125796,0.258268,0.4500
TG00014941,T00060,BGS,1.26911462,0.050159,0.4500
TG00014942,T00060,BGS,1.20477491,0.100835,0.4500
TG00014943,T00060,BGS,1.50325561,0.194468,0.4500
TG00014944,T00060,BGS,0.99905759,0.270326,0.4500
TG00014945,T00060,BGS,2.54792731,0.129764,0.4500
TG00014946,T00060,BGS,2.07191790,0.126086,0.4500
TG00014947,T00060,BGS,1.45587103,0.330225,0.4500
TG00014948,T00060,BGS,1.46243486,0.329943,0.4500
TG00014949,T00060,BGS,1.14388023,0.205553,0.4500
TG00014950,T00060,BGS,1.32513846,0.311702,0.4500
TG00014951,T00060,BGS,1.25948482,0.274492,0.4500
TG00014952,T00060,BGS,1.24382895,0.035208,0.4500
TG00014953,T00060,BGS,2.25248654,0.209798,0.4500
TG00014954,T00060,BGS,2.19583851,0.423258,0.4500
TG00014955,T00060,BGS,1.86124920,0.220913,0.4500
TG00014956,T00060,BGS,1.03236633,0.489477,0.4500
TG00014957,T00060,BGS,1.00338504,0.353012,0.4500
TG00014958,T00060,BGS,1.35445447,0.212058,0.4500
TG00014959,T00060,BGS,1.17419326,0.250782,0.4500
TG00014960,T00060,BGS,1.06833254,0.120256,0.4500
TG00014961,T00060,BGS,0.80926531,0.183502,0.4500
TG00014962,T00060,BGS,1.64646347,0.121141,0.4500
TG00014963,T00060,BGS,1.14515901,0.217342,0.4500
TG00014964,T00060,BGS,1.74011256,0.228300,0.4500
TG00014965,T00060,BGS,0.86423802,0.237680,0.4500
TG00014966,T00060,BGS,0.77755140,0.365574,0.4500
TG00014967,T00060,BGS,1.75536889,0.101656,0.4500
TG00014968,T00060,BGS,0.60527880,0.235669,0.4500
TG00014969,T00060,BGS,2.20486932,0.269314,0.4500
TG00014970,T00060,BGS,0.94240821,0.264762,0.4500
TG00014971,T00061,LRG,0.33049605,0.780434,1.0000
TG00014972,T00061,LRG,0.42262667,0.426897,1.0000
TG00014973,T00061,LRG,0.22971300,0.761972,1.0000
TG00014974,T00061,LRG,0.44903990,0.832428,1.0000
TG00014975,T00061,LRG,0.35163624,0.764517,1.0000
TG00014976,T00061,LRG,0.80370158,1.105884,1.0000
TG00014977,T00061,LRG,0.23271389,0.923351,1.0000
TG00014978,T00061,LRG,0.52389847,0.904292,1.0000
TG00014979,T00061,LRG,0.20860025,0.697039,1.0000
TG00014980,T00061,LRG,0.74013774,0.681393,1.0000
TG00014981,T00061,LRG,0.41656927,0.588456,1.0000
TG00014982,T00061,LRG,0.53848691,0.841837,1.0000
TG00014983,T00061,LRG,0.28592259,0.687755,1.0000
TG00014984,T00061,LRG,0.16841548,0.944606,1.0000
TG00014985,T00061,LRG,0.83053547,1.190982,1.0000
TG00014986,T00061,LRG,0.28954640,0.945157,1.0000
TG00014987,T00061,LRG,0.41654050,0.325034,1.0000
TG00014988,T00061,LRG,0.31264296,0.884520,1.0000
TG00014989,T00061,LRG,0.29555947,0.669140,1.0000
TG00014990,T00061,LRG,0.35645545,0.804395,1.0000
TG00014991,T00061,LRG,0.22849795,0.746158,1.0000
TG00014992,T00061,LRG,0.22482384,0.799371,1.0000
TG00014993,T00061,LRG,0.31249629,0.779253,1.0000
TG00014994,T00061,LRG,0.60333283,0.483746,1.0000
TG00014995,T00061,LRG,0.30569040,0.718089,1.0000
TG00014996,T00061,LRG,0.17935260,0.729952,1.0000
TG00014997,T00061,LRG,0.47949720,0.858035,1.0000
TG00014998,T00061,LRG,0.32656498,1.082530,1.0000
TG00014999,T00061,LRG,0.34867094,0.617659,1.0000
TG00015000,T00061,LRG,0.30260627,0.416563,1.0000
TG00015001,T00061,LRG,0.43159860,0.921944,1.0000
TG00015002,T00061,LRG,0.25950494,0.553197,1.0000
TG00015003,T00061,LRG,0.26803047,0.874450,1.0000
TG00015004,T00061,LRG,0.43323698,0.936926,1.0000
TG00015005,T00061,LRG,0.26260195,0.774953,1.0000
TG00015006,T00061,LRG,0.27974621,0.901654,1.0000
TG00015007,T00061,LRG,0.38729372,0.730158,1.0000
TG00015008,T00061,LRG,0.39298748,0.573933,1.0000
TG00015009,T00061,LRG,0.31311942,0.728101,1.0000
TG00015010,T00061,LRG,0.33185367,0.348014,1.0000
TG00015011,T00061,LRG,0.31014116,0.665303,1.0000
TG00015012,T00061,LRG,0.16582172,0.684644,1.0000
TG00015013,T00061,LRG,0.48814367,0.502474,1.0000
TG00015014,T00061,LRG,0.41397640,0.590514,1.0000
TG00015015,T00061,LRG,0.31282734,0.701666,1.0000
TG00015016,T00061,LRG,0.25120024,0.571545,1.0000
TG00015017,T00061,LRG,0.44353054,0.682614,1.0000
TG00015018,T00061,LRG,0.46461502,0.488135,1.0000
TG00015019,T00061,LRG,0.74614038,0.730948,1.0000
TG00015020,T00061,LRG,0.34382135,0.678201,1.0000
TG00015021,T00061,LRG,0.28415780,0.571115,1.0000
TG00015022,T00061,LRG,0.32469210,0.792720,1.0000
TG00015023,T00061,LRG,0.60420611,0.796034,1.0000
TG00015024,T00061,LRG,0.45201618,0.809534,1.0000
TG00015025,T00061,LRG,0.71603556,0.493859,1.0000
TG00015026,T00061,LRG,0.26426158,1.121169,1.0000
TG00015027,T00061,LRG,0.34976348,0.674681,1.0000
TG00015028,T00061,LRG,0.78969759,0.700655,1.0000
TG00015029,T00061,LRG,0.22786227,0.916532,1.0000
TG00015030,T00061,ELG,0.25644338,1.079960,1.0000
TG00015031,T00061,ELG,0.42941828,1.273928,1.0000
TG00015032,T00061,ELG,0.55279976,1.544632,1.0000
TG00015033,T00061,ELG,0.46262599,1.149270,1.0000
TG00015034,T00061,ELG,0.25917775,0.920416,1.0000
TG00015035,T00061,ELG,0.60981767,0.683109,1.0000
TG00015036,T00061,ELG,0.40351419,1.049546,1.0000
TG00015037,T00061,ELG,0.31826067,0.744386,1.0000
TG00015038,T00061,ELG,0.74077842,1.104375,1.0000
TG00015039,T00061,ELG,0.24290920,1.016865,1.0000
TG00015040,T00061,ELG,0.35819021,1.220801,1.0000
TG00015041,T00061,ELG,0.38752604,1.084476,1.0000
TG00015042,T00061,ELG,0.55421980,1.246010,1.0000
TG00015043,T00061,ELG,0.25314701,1.228168,1.0000
TG00015044,T00061,ELG,0.25968294,1.094188,1.0000
TG00015045,T00061,ELG,0.65641976,1.147892,1.0000
TG00015046,T00061,ELG,0.49647587,1.029261,1.0000
TG00015047,T00061,ELG,0.56643900,0.913329,1.0000
TG00015048,T00061,ELG,1.52322582,1.165231,1.0000
TG00015049,T00061,ELG,0.32880744,1.487631,1.0000
TG00015050,T00061,ELG,0.58739323,1.481385,1.0000
TG00015051,T00061,ELG,0.48511848,0.867768,1.0000
TG00015052,T00061,ELG,0.75795896,0.831621,1.0000
TG00015053,T00061,ELG,0.24591558,1.006267,1.0000
TG00015054,T00061,ELG,0.57169388,1.287401,1.0000
TG00015055,T00061,ELG,0.80585932,1.060863,1.0000
TG00015056,T00061,ELG,0.51023381,0.763672,1.0000
TG00015057,T00061,ELG,0.72286045,1.245854,1.0000
TG00015058,T00061,ELG,0.26749934,0.381371,1.0000
TG00015059,T00061,ELG,0.23614922,1.118419,1.0000
TG00015060,T00061,ELG,0.46354972,1.337288,1.0000
TG00015061,T00061,ELG,0.35635504,1.114245,1.0000
TG00015062,T00061,ELG,0.56188226,1.999549,1.0000
TG00015063,T00061,ELG,0.45643036,1.110679,1.0000
TG00015064,T00061,ELG,0.41012490,1.104257,1.0000
TG00015065,T00061,ELG,0.43300791,0.964006,1.0000
TG00015066,T00061,ELG,1.04300913,0.974422,1.0000
TG00015067,T00061,ELG,0.90281896,1.023386,1.0000
TG00015068,T00061,ELG,0.38605392,1.270587,1.0000
TG00015069,T00061,ELG,0.37546271,1.375639,1.0000
TG00015070,T00061,ELG,0.32021682,0.678875,1.0000
TG00015071,T00061,ELG,0.49639723,0.936564,1.0000
TG00015072,T00061,ELG,0.97130278,1.368715,1.0000
TG00015073,T00061,ELG,0.27981984,0.932596,1.0000
TG00015074,T00061,ELG,0.59895624,1.825415,1.0000
TG00015075,T00061,ELG,0.44888556,0.966228,1.0000
TG00015076,T00061,ELG,0.51621364,1.327614,1.0000
TG00015077,T00061,ELG,0.60318548,1.090012,1.0000
TG00015078,T00061,ELG,0.46212850,1.902776,1.0000
TG00015079,T00061,ELG,0.70185578,1.130466,1.0000
TG00015080,T00061,ELG,0.74922521,1.031883,1.0000
TG00015081,T00061,ELG,0.64780328,1.807458,1.0000
TG00015082,T00061,ELG,0.72066077,0.847883,1.0000
TG00015083,T00061,ELG,0.34894590,0.873990,1.0000
TG00015084,T00061,ELG,0.92527588,0.940461,1.0000
TG00015085,T00061,ELG,1.43806655,1.438050,1.0000
TG00015086,T00061,ELG,0.75457305,1.204613,1.0000
TG00015087,T00061,ELG,0.74342564,0.870728,1.0000
TG00015088,T00061,ELG,0.27865148,0.838589,1.0000
TG00015089,T00061,ELG,0.51635281,0.873873,1.0000
TG00015090,T00061,ELG,1.32599360,1.388063,1.0000
TG00015091,T00061,ELG,0.60738999,1.165107,1.0000
TG00015092,T00061,ELG,0.49051337,1.559765,1.0000
TG00015093,T00061,ELG,0.56263474,1.269668,1.0000
TG00015094,T00061,ELG,0.67367521,0.696099,1.0000
TG00015095,T00061,ELG,0.55220614,1.325231,1.0000
TG00015096,T00061,ELG,0.53201886,0.632084,1.0000
TG00015097,T00061,ELG,0.45645038,1.673571,1.0000
TG00015098,T00061,ELG,0.46024579,1.358286,1.0000
TG00015099,T00061,ELG,0.73401509,0.777212,1.0000
TG00015100,T00061,ELG,0.40415076,1.263361,1.0000
TG00015101,T00061,ELG,0.50280759,1.175121,1.0000
TG00015102,T00061,ELG,0.41142410,0.632383,1.0000
TG00015103,T00061,ELG,0.74626274,1.295693,1.0000
TG00015104,T00061,ELG,0.66421158,0.867518,1.0000
TG00015105,T00061,ELG,0.39111240,1.415698,1.0000
TG00015106,T00061,ELG,0.27344931,1.592879,1.0000
TG00015107,T00061,ELG,0.25922362,0.860384,1.0000
TG00015108,T00061,ELG,0.51141287,1.183168,1.0000
TG00015109,T00061,ELG,0.58694053,0.983152,1.0000
TG00015110,T00061,ELG,0.79479631,1.127558,1.0000
TG00015111,T00061,ELG,0.62511767,0.932671,1.0000
TG00015112,T00061,ELG,0.38971521,1.052854,1.0000
TG00015113,T00061,ELG,0.60932867,0.787234,1.0000
TG00015114,T00061,ELG,0.35415559,1.049397,1.0000
TG00015115,T00061,ELG,0.58747305,1.141889,1.0000
TG00015116,T00061,ELG,0.26961119,1.032253,1.0000
TG00015117,T00061,ELG,0.82157596,1.341867,1.0000
TG00015118,T00061,ELG,0.17693255,1.235026,1.0000
TG00015119,T00061,ELG,0.28369973,1.049859,1.0000
TG00015120,T00061,ELG,0.46242874,1.455878,1.0000
TG00015121,T00061,ELG,0.49905499,1.062079,1.0000
TG00015122,T00061,ELG,0.98866921,0.419367,1.0000
TG00015123,T00061,ELG,0.52086617,1.106645,1.0000
TG00015124,T00061,ELG,0.63778277,1.613661,1.0000
TG00015125,T00061,ELG,0.44308396,1.441928,1.0000
TG00015126,T00061,ELG,0.37634968,1.204772,1.0000
TG00015127,T00061,ELG,1.20611620,1.095766,1.0000
TG00015128,T00061,ELG,0.63460663,0.677767,1.0000
TG00015129,T00061,ELG,0.39982902,1.093144,1.0000
TG00015130,T00061,QSO,0.11993019,1.712731,1.7000
TG00015131,T00061,QSO,0.43781666,2.433320,1.7000
TG00015132,T00061,QSO,0.08738055,2.280710,1.7000
TG00015133,T00061,QSO,0.11617106,2.452769,1.7000
TG00015134,T00061,QSO,0.08604736,2.334412,1.7000
TG00015135,T00061,QSO,0.14699540,3.253471,1.7000
TG00015136,T00061,QSO,0.24638678,2.712781,1.7000
TG00015137,T00061,QSO,0.12365386,1.027760,1.7000
TG00015138,T00061,QSO,0.23593394,2.159929,1.7000
TG00015139,T00061,QSO,0.13203269,2.836584,1.7000
TG00015140,T00061,QSO,0.12106215,1.912848,1.7000
TG00015141,T00061,QSO,0.31776125,2.476549,1.7000
TG00015142,T00061,QSO,0.12551934,3.052144,1.7000
TG00015143,T00061,QSO,0.13158213,1.646756,1.7000
TG00015144,T00061,QSO,0.11904005,1.968120,1.7000
TG00015145,T00061,BGS,1.42568226,0.222498,0.4500
TG00015146,T00061,BGS,1.83649471,0.408289,0.4500
TG00015147,T00061,BGS,1.55391737,0.143590,0.4500
TG00015148,T00061,BGS,1.44734729,0.152477,0.4500
TG00015149,T00061,BGS,1.38768369,0.181918,0.4500
TG00015150,T00061,BGS,0.81825800,0.300305,0.4500
TG00015151,T00061,BGS,1.23231732,0.292977,0.4500
TG00015152,T00061,BGS,1.32755436,0.134298,0.4500
TG00015153,T00061,BGS,1.30983286,0.215668,0.4500
TG00015154,T00061,BGS,1.36564313,0.071708,0.4500
TG00015155,T00061,BGS,1.00103363,0.260802,0.4500
TG00015156,T00061,BGS,1.14057889,0.292940,0.4500
TG00015157,T00061,BGS,0.84772913,0.262069,0.4500
TG00015158,T00061,BGS,1.40926569,0.350450,0.4500
TG00015159,T00061,BGS,1.15987165,0.000000,0.4500
TG00015160,T00061,BGS,1.21785624,0.046002,0.4500
TG00015161,T00061,BGS,1.74298126,0.261795,0.4500
TG00015162,T00061,BGS,1.78521635,0.408564,0.4500
TG00015163,T00061,BGS,1.32581289,0.122793,0.4500
TG00015164,T00061,BGS,1.01446965,0.279529,0.4500
TG00015165,T00061,BGS,0.72429085,0.274120,0.4500
TG00015166,T00061,BGS,1.14352947,0.299461,0.4500
TG00015167,T00061,BGS,1.30240082,0.282644,0.4500
TG00015168,T00061,BGS,0.82837310,0.211169,0.4500
TG00015169,T00061,BGS,0.97110309,0.273836,0.4500
TG00015170,T00061,BGS,1.63717184,0.000000,0.4500
TG00015171,T00061,BGS,1.44566190,0.384064,0.4500
TG00015172,T00061,BGS,2.14109158,0.404399,0.4500
TG00015173,T00061,BGS,2.07341770,0.166160,0.4500
TG00015174,T00061,BGS,0.68634598,0.175888,0.4500
TG00015175,T00061,BGS,0.91124498,0.244396,0.4500
TG00015176,T00061,BGS,1.25624339,0.042022,0.4500
TG00015177,T00061,BGS,1.55862999,0.272113,0.4500
TG00015178,T00061,BGS,1.26278289,0.286531,0.4500
TG00015179,T00061,BGS,1.31621340,0.029378,0.4500
TG00015180,T00061,BGS,1.41775817,0.262263,0.4500
TG00015181,T00061,BGS,0.92984916,0.247372,0.4500
TG00015182,T00061,BGS,1.09943901,0.176866,0.4500
TG00015183,T00061,BGS,1.08320837,0.085545,0.4500
TG00015184,T00061,BGS,1.13736702,0.337985,0.4500
TG00015185,T00061,BGS,1.51743923,0.370179,0.4500
TG00015186,T00061,BGS,1.79338584,0.187665,0.4500
TG00015187,T00061,BGS,0.75906135,0.199876,0.4500
TG00015188,T00061,BGS,1.17001737,0.283288,0.4500
TG00015189,T00061,BGS,0.77505685,0.290452,0.4500
TG00015190,T00061,BGS,0.83256283,0.207911,0.4500
TG00015191,T00061,BGS,1.81031459,0.160558,0.4500
TG00015192,T00061,BGS,0.70998296,0.326517,0.4500
TG00015193,T00061,BGS,1.11842327,0.274930,0.4500
TG00015194,T00061,BGS,1.68883509,0.362477,0.4500
TG00015195,T00061,BGS,1.16971076,0.166344,0.4500
TG00015196,T00061,BGS,1.41195446,0.269484,0.4500
TG00015197,T00061,BGS,1.19335396,0.113381,0.4500
TG00015198,T00061,BGS,2.07822151,0.260799,0.4500
TG00015199,T00061,BGS,1.33894281,0.376184,0.4500
TG00015200,T00061,BGS,1.61340957,0.409092,0.4500
TG00015201,T00061,BGS,1.42405466,0.235715,0.4500
TG00015202,T00061,BGS,1.10125674,0.343185,0.4500
TG00015203,T00061,BGS,0.83712968,0.233235,0.4500
TG00015204,T00061,BGS,0.87853401,0.237961,0.4500
TG00015205,T00061,BGS,0.73431670,0.206780,0.4500
TG00015206,T00061,BGS,2.18987093,0.242501,0.4500
TG00015207,T00061,BGS,2.30024991,0.164116,0.4500
TG00015208,T00061,BGS,1.35935102,0.351815,0.4500
TG00015209,T00061,BGS,1.60510902,0.230936,0.4500
TG00015210,T00061,BGS,1.68146190,0.184842,0.4500
TG00015211,T00061,BGS,1.14459218,0.266907,0.4500
TG00015212,T00061,BGS,1.52745136,0.295965,0.4500
TG00015213,T00061,BGS,1.12074058,0.307717,0.4500
TG00015214,T00061,BGS,1.13530198,0.258421,0.4500
TG00015215,T00061,BGS,1.36874597,0.172197,0.4500
TG00015216,T00061,BGS,1.84545323,0.194331,0.4500
TG00015217,T00061,BGS,1.01626554,0.245882,0.4500
TG00015218,T00061,BGS,0.94285222,0.313824,0.4500
TG00015219,T00061,BGS,1.26246087,0.367128,0.4500
TG00015220,T00061,BGS,0.95027437,0.120466,0.4500
TG00015221,T00061,BGS,1.54448500,0.263968,0.4500
TG00015222,T00061,BGS,1.01296949,0.314423,0.4500
TG00015223,T00061,BGS,1.73509934,0.279212,0.4500
TG00015224,T00061,BGS,2.54751578,0.188618,0.4500
TG00015225,T00061,BGS,1.57974957,0.248083,0.4500
TG00015226,T00061,BGS,0.61666550,0.251101,0.4500
TG00015227,T00061,BGS,1.29573501,0.300773,0.4500
TG00015228,T00061,BGS,0.45232007,0.213794,0.4500
TG00015229,T00061,BGS,0.88516457,0.144944,0.4500
TG00015230,T00061,BGS,2.49351543,0.209059,0.4500
TG00015231,T00061,BGS,1.45642648,0.180594,0.4500
TG00015232,T00061,BGS,1.46650288,0.253505,0.4500
TG00015233,T00061,BGS,2.28343279,0.159613,0.4500
TG00015234,T00061,BGS,1.24243662,0.145575,0.4500
TG00015235,T00061,BGS,1.18636432,0.193451,0.4500
TG00015236,T00061,BGS,0.71371250,0.113523,0.4500
TG00015237,T00061,BGS,0.95273057,0.171192,0.4500
TG00015238,T00062,LRG,0.36101935,0.703250,1.0000
TG00015239,T00062,LRG,0.36583438,0.930668,1.0000
TG00015240,T00062,LRG,0.39618345,0.906784,1.0000
TG00015241,T00062,LRG,0.44921902,0.716083,1.0000
TG00015242,T00062,LRG,0.33360030,0.688197,1.0000
TG00015243,T00062,LRG,0.21678280,0.830597,1.0000
TG00015244,T00062,LRG,0.27631662,0.851076,1.0000
TG00015245,T00062,LRG,0.45437253,0.744459,1.0000
TG00015246,T00062,LRG,0.33335895,0.728515,1.0000
TG00015247,T00062,LRG,0.34316059,0.681365,1.0000
TG00015248,T00062,LRG,0.30325565,0.637666,1.0000
TG00015249,T00062,LRG,0.32433779,0.544929,1.0000
TG00015250,T00062,LRG,0.41323624,0.632988,1.0000
TG00015251,T00062,LRG,0.76889916,0.639214,1.0000
TG00015252,T00062,LRG,0.37545077,0.571172,1.0000
TG00015253,T00062,LRG,0.56111218,0.740281,1.0000
TG00015254,T00062,LRG,0.29230444,1.013892,1.0000
TG00015255,T00062,LRG,0.40830155,0.663136,1.0000
TG00015256,T00062,LRG,0.22132917,0.904237,1.0000
TG00015257,T00062,LRG,0.45278937,0.752301,1.0000
TG00015258,T00062,LRG,0.31117813,0.780103,1.0000
TG00015259,T00062,LRG,0.36526718,0.812566,1.0000
TG00015260,T00062,LRG,0.40981693,0.762425,1.0000
TG00015261,T00062,LRG,0.35632716,0.948125,1.0000
TG00015262,T00062,LRG,0.49729305,0.758400,1.0000
TG00015263,T00062,LRG,0.29649761,0.384488,1.0000
TG00015264,T00062,LRG,0.23088762,0.643004,1.0000
TG00015265,T00062,LRG,0.44469654,0.736414,1.0000
TG00015266,T00062,LRG,0.37716375,0.512332,1.0000
TG00015267,T00062,LRG,0.27984945,0.541565,1.0000
TG00015268,T00062,LRG,0.31620234,0.559277,1.0000
TG00015269,T00062,LRG,0.39993561,0.736636,1.0000
TG00015270,T00062,LRG,0.21659400,0.636394,1.0000
TG00015271,T00062,LRG,0.39906913,0.809271,1.0000
TG00015272,T00062,LRG,0.56420496,0.556359,1.0000
TG00015273,T00062,LRG,0.39574332,0.696610,1.0000
TG00015274,T00062,LRG,0.47070648,0.631202,1.0000
TG00015275,T00062,LRG,0.31230319,0.460446,1.0000
TG00015276,T00062,LRG,0.19414029,1.067576,1.0000
TG00015277,T00062,LRG,0.34952870,0.649379,1.0000
TG00015278,T00062,LRG,0.33521911,0.517243,1.0000
TG00015279,T00062,LRG,0.34590146,0.681291,1.0000
TG00015280,T00062,LRG,0.23940346,1.080915,1.0000
TG00015281,T00062,LRG,0.55955608,0.900673,1.0000
TG00015282,T00062,LRG,0.28836842,0.840562,1.0000
TG00015283,T00062,LRG,0.42112685,0.866894,1.0000
TG00015284,T00062,LRG,0.36828337,0.911519,1.0000
TG00015285,T00062,LRG,0.28231316,0.724205,1.0000
TG00015286,T00062,LRG,0.18266218,0.329838,1.0000
TG00015287,T00062,LRG,0.43924494,0.664854,1.0000
TG00015288,T00062,LRG,0.48841905,0.764376,1.0000
TG00015289,T00062,LRG,0.57673472,0.784672,1.0000
TG00015290,T00062,LRG,0.54692775,0.623691,1.0000
TG00015291,T00062,LRG,0.26979308,0.453716,1.0000
TG00015292,T00062,LRG,0.12145792,0.819324,1.0000
TG00015293,T00062,LRG,0.20344380,0.749012,1.0000
TG00015294,T00062,LRG,0.64280535,0.770435,1.0000
TG00015295,T00062,LRG,0.14172731,0.557073,1.0000
TG00015296,T00062,LRG,0.32119408,0.712257,1.0000
TG00015297,T00062,LRG,0.46117489,0.663646,1.0000
TG00015298,T00062,ELG,0.35622307,0.997175,1.0000
TG00015299,T00062,ELG,0.64889740,1.050038,1.0000
TG00015300,T00062,ELG,0.52874685,1.237612,1.0000
TG00015301,T00062,ELG,0.68449824,0.904813,1.0000
TG00015302,T00062,ELG,0.44304742,1.378673,1.0000
TG00015303,T00062,ELG,1.04802337,0.655987,1.0000
TG00015304,T00062,ELG,0.42753796,1.457187,1.0000
TG00015305,T00062,ELG,0.23100522,1.225686,1.0000
TG00015306,T00062,ELG,1.48358871,0.935238,1.0000
TG00015307,T00062,ELG,0.65501007,1.398185,1.0000
TG00015308,T00062,ELG,0.41328011,1.805201,1.0000
TG00015309,T00062,ELG,0.84693114,0.636463,1.0000
TG00015310,T00062,ELG,0.61398668,1.514461,1.0000
TG00015311,T00062,ELG,0.54360713,0.814415,1.0000
TG00015312,T00062,ELG,0.85212727,0.971567,1.0000
TG00015313,T00062,ELG,0.49621416,1.400634,1.0000
TG00015314,T00062,ELG,0.37621228,0.607932,1.0000
TG00015315,T00062,ELG,0.83867439,1.230163,1.0000
TG00015316,T00062,ELG,0.61282439,1.085464,1.0000
TG00015317,T00062,ELG,0.51189013,1.048061,1.0000
TG00015318,T00062,ELG,0.68167428,0.946943,1.0000
TG00015319,T00062,ELG,0.40681868,1.171495,1.0000
TG00015320,T00062,ELG,0.38383019,1.432286,1.0000
TG00015321,T00062,ELG,0.75108443,1.154827,1.0000
TG00015322,T00062,ELG,0.56260220,0.741880,1.0000
TG00015323,T00062,ELG,1.44636457,0.868997,1.0000
TG00015324,T00062,ELG,0.23776404,0.786852,1.0000
TG00015325,T00062,ELG,0.78504122,1.178593,1.0000
TG00015326,T00062,ELG,0.42566337,0.481656,1.0000
TG00015327,T00062,ELG,0.92352519,1.054797,1.0000
TG00015328,T00062,ELG,0.33296249,1.182545,1.0000
TG00015329,T00062,ELG,0.68015890,0.795469,1.0000
TG00015330,T00062,ELG,0.56285113,1.102265,1.0000
TG00015331,T00062,ELG,0.70303967,1.575649,1.0000
TG00015332,T00062,ELG,0.46321104,1.149961,1.0000
TG00015333,T00062,ELG,0.70404845,1.672658,1.0000
TG00015334,T00062,ELG,0.50536047,1.056873,1.0000
TG00015335,T00062,ELG,0.35823841,1.391158,1.0000
TG00015336,T00062,ELG,0.53106528,1.122490,1.0000
TG00015337,T00062,ELG,0.43994061,1.487825,1.0000
TG00015338,T00062,ELG,1.06612432,0.671486,1.0000
TG00015339,T00062,ELG,0.57682120,0.853671,1.0000
TG00015340,T00062,ELG,0.67480259,0.671986,1.0000
TG00015341,T00062,ELG,0.52435525,1.043287,1.0000
TG00015342,T00062,ELG,0.76008756,1.522777,1.0000
TG00015343,T00062,ELG,1.13613680,1.462228,1.0000
TG00015344,T00062,ELG,0.35752680,1.277401,1.0000
TG00015345,T00062,ELG,1.31410328,0.613702,1.0000
TG00015346,T00062,ELG,0.61864446,0.912965,1.0000
TG00015347,T00062,ELG,0.48710218,1.439327,1.0000
TG00015348,T00062,ELG,0.67286344,0.943281,1.0000
TG00015349,T00062,ELG,0.57376216,1.031322,1.0000
TG00015350,T00062,ELG,0.58119113,0.878435,1.0000
TG00015351,T00062,ELG,0.69448070,1.096189,1.0000
TG00015352,T00062,ELG,0.31335439,0.712491,1.0000
TG00015353,T00062,ELG,0.28146126,0.637961,1.0000
TG00015354,T00062,ELG,0.32819679,1.276217,1.0000
TG00015355,T00062,ELG,0.87431090,1.247998,1.0000
TG00015356,T00062,ELG,0.41288312,1.253794,1.0000
TG00015357,T00062,ELG,0.71478943,1.078398,1.0000
TG00015358,T00062,ELG,0.90208216,0.644388,1.0000
TG00015359,T00062,ELG,0.39109162,1.257259,1.0000
TG00015360,T00062,ELG,1.19348165,0.873792,1.0000
TG00015361,T00062,ELG,0.41728049,1.274374,1.0000
TG00015362,T00062,ELG,1.05859854,1.263173,1.0000
TG00015363,T00062,ELG,0.26169607,0.909035,1.0000
TG00015364,T00062,ELG,0.62954099,1.008737,1.0000
TG00015365,T00062,ELG,0.64157094,1.187497,1.0000
TG00015366,T00062,ELG,0.73711381,1.156144,1.0000
TG00015367,T00062,ELG,0.58307431,1.200513,1.0000
TG00015368,T00062,ELG,0.71384067,1.104580,1.0000
TG00015369,T00062,ELG,0.44423194,1.433478,1.0000
TG00015370,T00062,ELG,1.01966702,1.408834,1.0000
TG00015371,T00062,ELG,0.59497790,1.197422,1.0000
TG00015372,T00062,ELG,0.31791485,1.089479,1.0000
TG00015373,T00062,ELG,0.37490847,1.171611,1.0000
TG00015374,T00062,ELG,0.51499136,1.068698,1.0000
TG00015375,T00062,ELG,1.13993061,1.472053,1.0000
TG00015376,T00062,ELG,0.59078813,1.207177,1.0000
TG00015377,T00062,ELG,0.67946386,0.640516,1.0000
TG00015378,T00062,ELG,0.64266436,1.261350,1.0000
TG00015379,T00062,ELG,0.38872494,0.745643,1.0000
TG00015380,T00062,ELG,0.50591198,0.797553,1.0000
TG00015381,T00062,ELG,0.41363357,0.858568,1.0000
TG00015382,T00062,ELG,0.66590482,1.030936,1.0000
TG00015383,T00062,ELG,0.47358030,0.945326,1.0000
TG00015384,T00062,ELG,0.44901595,0.975951,1.0000
TG00015385,T00062,ELG,1.01547131,0.905051,1.0000
TG00015386,T00062,ELG,0.48812164,0.552354,1.0000
TG00015387,T00062,ELG,0.86742322,0.796846,1.0000
TG00015388,T00062,QSO,0.14754253,3.649430,1.7000
TG00015389,T00062,QSO,0.27041663,1.850750,1.7000
TG00015390,T00062,QSO,0.14173044,3.325261,1.7000
TG00015391,T00062,QSO,0.20425970,1.407897,1.7000
TG00015392,T00062,QSO,0.10851636,1.736581,1.7000
TG00015393,T00062,QSO,0.17629036,3.277574,1.7000
TG00015394,T00062,QSO,0.12653864,2.188906,1.7000
TG00015395,T00062,QSO,0.10074133,1.955705,1.7000
TG00015396,T00062,QSO,0.15581839,1.569448,1.7000
TG00015397,T00062,QSO,0.21343160,2.352671,1.7000
TG00015398,T00062,BGS,2.00358464,0.260840,0.4500
TG00015399,T00062,BGS,0.90233544,0.105792,0.4500
TG00015400,T00062,BGS,1.89579602,0.272837,0.4500
TG00015401,T00062,BGS,1.59088319,0.239877,0.4500
TG00015402,T00062,BGS,2.20913315,0.110182,0.4500
TG00015403,T00062,BGS,1.46048759,0.213119,0.4500
TG00015404,T00062,BGS,1.67603698,0.400255,0.4500
TG00015405,T00062,BGS,1.49837958,0.287549,0.4500
TG00015406,T00062,BGS,0.91742630,0.371751,0.4500
TG00015407,T00062,BGS,1.22574971,0.453445,0.4500
TG00015408,T00062,BGS,1.32215579,0.112584,0.4500
TG00015409,T00062,BGS,1.56057190,0.129521,0.4500
TG00015410,T00062,BGS,0.90101624,0.089113,0.4500
TG00015411,T00062,BGS,1.37558141,0.187130,0.4500
TG00015412,T00062,BGS,1.04814335,0.220266,0.4500
TG00015413,T00062,BGS,1.14755803,0.264111,0.4500
TG00015414,T00062,BGS,1.24709818,0.244287,0.4500
TG00015415,T00062,BGS,1.23567991,0.425634,0.4500
TG00015416,T00062,BGS,1.96353663,0.175916,0.4500
TG00015417,T00062,BGS,1.17027102,0.290524,0.4500
TG00015418,T00062,BGS,0.69719831,0.266196,0.4500
TG00015419,T00062,BGS,1.21325649,0.315146,0.4500
TG00015420,T00062,BGS,1.06761213,0.259530,0.4500
TG00015421,T00062,BGS,0.65727872,0.259788,0.4500
TG00015422,T00062,BGS,1.33223704,0.350449,0.4500
TG00015423,T00062,BGS,1.31298689,0.216495,0.4500
TG00015424,T00062,BGS,1.35698594,0.304639,0.4500
TG00015425,T00062,BGS,1.56548733,0.454140,0.4500
TG00015426,T00062,BGS,0.69064779,0.323823,0.4500
TG00015427,T00062,BGS,1.14043127,0.268431,0.4500
TG00015428,T00062,BGS,1.08885793,0.203966,0.4500
TG00015429,T00062,BGS,0.59184465,0.241284,0.4500
TG00015430,T00062,BGS,1.12179009,0.178699,0.4500
TG00015431,T00062,BGS,1.38804619,0.308068,0.4500
TG00015432,T00062,BGS,1.24985913,0.181488,0.4500
TG00015433,T00062,BGS,0.93587887,0.285171,0.4500
TG00015434,T00062,BGS,0.94051258,0.199581,0.4500
TG00015435,T00062,BGS,1.01928835,0.192646,0.4500
TG00015436,T00062,BGS,1.03382953,0.345836,0.4500
TG00015437,T00062,BGS,1.67327615,0.277577,0.4500
TG00015438,T00062,BGS,1.47365573,0.204506,0.4500
TG00015439,T00062,BGS,1.34032437,0.216884,0.4500
TG00015440,T00062,BGS,1.60034216,0.145076,0.4500
TG00015441,T00062,BGS,1.24650868,0.220815,0.4500
TG00015442,T00062,BGS,0.97668841,0.290139,0.4500
TG00015443,T00062,BGS,0.96986137,0.245421,0.4500
TG00015444,T00062,BGS,1.33790753,0.277886,0.4500
TG00015445,T00062,BGS,0.86092433,0.144070,0.4500
TG00015446,T00062,BGS,1.01864412,0.200575,0.4500
TG00015447,T00062,BGS,1.22716187,0.176034,0.4500
TG00015448,T00062,BGS,0.99429936,0.119297,0.4500
TG00015449,T00062,BGS,0.98566421,0.127330,0.4500
TG00015450,T00062,BGS,1.45118582,0.366289,0.4500
TG00015451,T00062,BGS,1.63769576,0.196261,0.4500
TG00015452,T00062,BGS,1.57402071,0.289192,0.4500
TG00015453,T00062,BGS,0.67002615,0.164351,0.4500
TG00015454,T00062,BGS,1.36264756,0.274736,0.4500
TG00015455,T00062,BGS,1.48078194,0.166032,0.4500
TG00015456,T00062,BGS,1.39762589,0.330777,0.4500
TG00015457,T00062,BGS,0.96304298,0.240735,0.4500
TG00015458,T00062,BGS,1.17376668,0.073359,0.4500
TG00015459,T00062,BGS,1.57911310,0.236946,0.4500
TG00015460,T00062,BGS,0.98404775,0.164499,0.4500
TG00015461,T00062,BGS,1.52433834,0.362347,0.4500
TG00015462,T00062,BGS,1.26923703,0.122100,0.4500
TG00015463,T00062,BGS,1.22106451,0.124896,0.4500
TG00015464,T00062,BGS,1.16451098,0.276188,0.4500
TG00015465,T00062,BGS,1.10287093,0.250549,0.4500
TG00015466,T00062,BGS,1.29842550,0.217168,0.4500
TG00015467,T00062,BGS,1.42505285,0.323712,0.4500
TG00015468,T00062,BGS,1.30882231,0.380430,0.4500
TG00015469,T00062,BGS,1.00796896,0.326895,0.4500
TG00015470,T00062,BGS,1.16008832,0.211546,0.4500
TG00015471,T00062,BGS,1.31812583,0.193938,0.4500
TG00015472,T00062,BGS,2.09737657,0.203412,0.4500
TG00015473,T00062,BGS,1.20536666,0.304964,0.4500
TG00015474,T00062,BGS,1.48462636,0.210367,0.4500
TG00015475,T00062,BGS,1.01442033,0.311849,0.4500
TG00015476,T00062,BGS,0.71106425,0.340079,0.4500
TG00015477,T00062,BGS,1.26475824,0.103150,0.4500
TG00015478,T00062,BGS,1.04663172,0.312834,0.4500
TG00015479,T00062,BGS,1.42868981,0.134843,0.4500
TG00015480,T00062,BGS,1.03123869,0.146310,0.4500
TG00015481,T00062,BGS,0.76466416,0.306615,0.4500
TG00015482,T00062,BGS,2.28057569,0.118430,0.4500
TG00015483,T00062,BGS,2.83169958,0.186255,0.4500
TG00015484,T00063,LRG,0.25571025,0.481998,1.0000
TG00015485,T00063,LRG,0.52545527,0.833607,1.0000
TG00015486,T00063,LRG,0.25348596,0.984598,1.0000
TG00015487,T00063,LRG,0.19493735,0.901501,1.0000
TG00015488,T00063,LRG,0.59145004,0.722340,1.0000
TG00015489,T00063,LRG,0.43809198,0.893416,1.0000
TG00015490,T00063,LRG,0.43197577,0.986789,1.0000
TG00015491,T00063,LRG,0.53125878,0.766731,1.0000
TG00015492,T00063,LRG,0.30581695,0.765414,1.0000
TG00015493,T00063,LRG,0.54158563,0.945341,1.0000
TG00015494,T00063,LRG,0.68592466,0.657366,1.0000
TG00015495,T00063,LRG,0.29676944,0.670502,1.0000
TG00015496,T00063,LRG,0.58810596,0.674540,1.0000
TG00015497,T00063,LRG,0.59450397,0.764718,1.0000
TG00015498,T00063,LRG,0.35414950,0.927936,1.0000
TG00015499,T00063,LRG,0.28150708,1.044564,1.0000
TG00015500,T00063,LRG,0.31255207,0.648271,1.0000
TG00015501,T00063,LRG,0.59489975,0.590749,1.0000
TG00015502,T00063,LRG,0.15044564,1.044482,1.0000
TG00015503,T00063,LRG,0.44738206,0.647969,1.0000
TG00015504,T00063,LRG,0.19769250,0.440664,1.0000
TG00015505,T00063,LRG,0.49132276,1.147830,1.0000
TG00015506,T00063,LRG,0.41777223,0.634901,1.0000
TG00015507,T00063,LRG,0.42645414,0.585958,1.0000
TG00015508,T00063,LRG,0.36413593,0.866428,1.0000
TG00015509,T00063,LRG,0.39844750,1.018871,1.0000
TG00015510,T00063,LRG,0.61116629,0.946853,1.0000
TG00015511,T00063,LRG,0.20912336,0.633389,1.0000
TG00015512,T00063,LRG,0.53416093,0.897048,1.0000
TG00015513,T00063,LRG,0.49574904,0.551683,1.0000
TG00015514,T00063,LRG,0.28378982,0.504642,1.0000
TG00015515,T00063,LRG,0.29217809,0.758787,1.0000
TG00015516,T00063,LRG,0.19652071,0.467033,1.0000
TG00015517,T00063,LRG,0.58507219,1.018401,1.0000
TG00015518,T00063,LRG,0.21891115,0.705547,1.0000
TG00015519,T00063,LRG,0.31369083,0.763250,1.0000
TG00015520,T00063,LRG,0.40957461,0.986963,1.0000
TG00015521,T00063,LRG,0.43841063,0.749407,1.0000
TG00015522,T00063,LRG,0.49108858,0.721401,1.0000
TG00015523,T00063,LRG,0.41565679,0.501174,1.0000
TG00015524,T00063,LRG,0.33192633,0.955105,1.0000
TG00015525,T00063,LRG,0.21255518,0.988226,1.0000
TG00015526,T00063,LRG,0.36983930,0.625519,1.0000
TG00015527,T00063,LRG,0.43486000,1.101711,1.0000
TG00015528,T00063,LRG,0.28710883,0.808544,1.0000
TG00015529,T00063,LRG,0.27855599,0.843702,1.0000
TG00015530,T00063,LRG,0.37832616,0.767855,1.0000
TG00015531,T00063,LRG,0.41811942,0.543359,1.0000
TG00015532,T00063,LRG,0.30388961,0.643240,1.0000
TG00015533,T00063,LRG,0.41426371,0.856522,1.0000
TG00015534,T00063,LRG,0.34794739,0.965336,1.0000
TG00015535,T00063,LRG,0.33075865,0.530301,1.0000
TG00015536,T00063,LRG,0.27112284,0.561834,1.0000
TG00015537,T00063,LRG,0.20008778,0.700011,1.0000
TG00015538,T00063,LRG,0.25614048,0.245829,1.0000
TG00015539,T00063,LRG,0.43680211,0.537517,1.0000
TG00015540,T00063,LRG,0.33510554,0.553733,1.0000
TG00015541,T00063,LRG,0.30894088,0.770826,1.0000
TG00015542,T00063,LRG,0.38150168,0.849041,1.0000
TG00015543,T00063,LRG,0.23568814,0.414509,1.0000
TG00015544,T00063,LRG,0.25925625,0.874513,1.0000
TG00015545,T00063,LRG,0.27319716,0.781831,1.0000
TG00015546,T00063,LRG,0.36268454,0.934998,1.0000
TG00015547,T00063,LRG,0.47253316,0.931190,1.0000
TG00015548,T00063,LRG,0.53217628,0.530458,1.0000
TG00015549,T00063,LRG,0.26431233,0.540387,1.0000
TG00015550,T00063,ELG,0.72244919,0.885811,1.0000
TG00015551,T00063,ELG,0.53908408,0.797189,1.0000
TG00015552,T00063,ELG,0.39672333,1.042230,1.0000
TG00015553,T00063,ELG,0.26099813,0.929663,1.0000
TG00015554,T00063,ELG,0.52855482,0.484931,1.0000
TG00015555,T00063,ELG,0.90665402,1.504227,1.0000
TG00015556,T00063,ELG,0.78693448,1.543217,1.0000
TG00015557,T00063,ELG,0.51582687,0.595995,1.0000
TG00015558,T00063,ELG,0.87055825,0.838629,1.0000
TG00015559,T00063,ELG,0.49512195,1.405914,1.0000
TG00015560,T00063,ELG,0.41739598,1.665065,1.0000
TG00015561,T00063,ELG,0.50014934,1.057240,1.0000
TG00015562,T00063,ELG,0.72613225,1.305741,1.0000
TG00015563,T00063,ELG,0.85576988,0.984891,1.0000
TG00015564,T00063,ELG,0.21710797,1.287694,1.0000
TG00015565,T00063,ELG,0.47476493,1.083971,1.0000
TG00015566,T00063,ELG,0.37419313,1.068665,1.0000
TG00015567,T00063,ELG,0.95876878,0.925875,1.0000
TG00015568,T00063,ELG,0.57949910,1.274728,1.0000
TG00015569,T00063,ELG,0.49477350,0.848961,1.0000
TG00015570,T00063,ELG,1.08795483,1.035101,1.0000
TG00015571,T00063,ELG,0.44870180,1.542049,1.0000
TG00015572,T00063,ELG,0.58893040,1.383564,1.0000
TG00015573,T00063,ELG,1.05104438,1.054207,1.0000
TG00015574,T00063,ELG,0.87374528,1.148562,1.0000
TG00015575,T00063,ELG,0.60941054,0.590839,1.0000
TG00015576,T00063,ELG,0.78965874,0.751664,1.0000
TG00015577,T00063,ELG,0.70595046,1.504302,1.0000
TG00015578,T00063,ELG,0.96509520,0.728034,1.0000
TG00015579,T00063,ELG,0.46220956,1.018831,1.0000
TG00015580,T00063,ELG,0.91186737,0.969376,1.0000
TG00015581,T00063,ELG,0.55206514,1.452816,1.0000
TG00015582,T00063,ELG,0.31030490,1.103989,1.0000
TG00015583,T00063,ELG,0.29819537,0.816787,1.0000
TG00015584,T00063,ELG,0.85656318,1.415866,1.0000
TG00015585,T00063,ELG,0.55592263,0.835203,1.0000
TG00015586,T00063,ELG,1.02020764,0.885326,1.0000
TG00015587,T00063,ELG,0.58907428,1.023971,1.0000
TG00015588,T00063,ELG,0.35426167,1.567741,1.0000
TG00015589,T00063,ELG,0.75045784,1.426195,1.0000
TG00015590,T00063,ELG,0.53032116,1.060188,1.0000
TG00015591,T00063,ELG,0.32740699,1.178125,1.0000
TG00015592,T00063,ELG,0.55460795,0.909249,1.0000
TG00015593,T00063,ELG,0.37739900,1.041261,1.0000
TG00015594,T00063,ELG,0.25275784,1.258952,1.0000
TG00015595,T00063,ELG,0.86678700,1.505624,1.0000
TG00015596,T00063,ELG,0.60566897,0.756710,1.0000
TG00015597,T00063,ELG,0.83485532,1.073049,1.0000
TG00015598,T00063,ELG,0.89063160,0.513793,1.0000
TG00015599,T00063,ELG,0.40039654,1.643251,1.0000
TG00015600,T00063,ELG,0.52631881,0.781364,1.0000
TG00015601,T00063,ELG,0.58615046,0.749888,1.0000
TG00015602,T00063,ELG,0.65913536,1.313575,1.0000
TG00015603,T00063,ELG,0.38825144,1.243589,1.0000
TG00015604,T00063,ELG,0.82520098,1.094911,1.0000
TG00015605,T00063,ELG,0.69997974,1.219305,1.0000
TG00015606,T00063,ELG,0.40321795,1.460942,1.0000
TG00015607,T00063,ELG,0.76058136,1.722361,1.0000
TG00015608,T00063,ELG,0.64090499,0.861254,1.0000
TG00015609,T00063,ELG,0.43965556,0.927616,1.0000
TG00015610,T00063,ELG,0.27988100,1.191940,1.0000
TG00015611,T00063,ELG,0.69796771,1.379274,1.0000
TG00015612,T00063,ELG,1.46932891,1.163567,1.0000
TG00015613,T00063,ELG,0.50111447,1.122483,1.0000
TG00015614,T00063,ELG,0.38116836,1.188369,1.0000
TG00015615,T00063,ELG,0.71677277,1.353749,1.0000
TG00015616,T00063,ELG,0.45007525,1.155206,1.0000
TG00015617,T00063,ELG,0.58517122,0.932582,1.0000
TG00015618,T00063,ELG,1.07045427,0.719028,1.0000
TG00015619,T00063,ELG,0.83215531,1.135491,1.0000
TG00015620,T00063,ELG,0.73539269,1.476598,1.0000
TG00015621,T00063,ELG,0.31667097,0.931010,1.0000
TG00015622,T00063,ELG,0.44083253,1.046093,1.0000
TG00015623,T00063,ELG,0.47253493,0.460236,1.0000
TG00015624,T00063,ELG,0.51874739,1.295103,1.0000
TG00015625,T00063,ELG,0.33027548,1.547542,1.0000
TG00015626,T00063,ELG,0.54164577,1.087150,1.0000
TG00015627,T00063,ELG,0.77630733,1.280693,1.0000
TG00015628,T00063,ELG,0.48844765,1.144983,1.0000
TG00015629,T00063,ELG,0.52477754,1.243659,1.0000
TG00015630,T00063,ELG,0.60197621,0.890101,1.0000
TG00015631,T00063,ELG,0.63419888,0.926045,1.0000
TG00015632,T00063,ELG,0.94112715,1.276713,1.0000
TG00015633,T00063,ELG,0.89578920,1.503293,1.0000
TG00015634,T00063,ELG,0.77309365,0.776737,1.0000
TG00015635,T00063,ELG,0.57497299,1.461443,1.0000
TG00015636,T00063,ELG,0.53337864,1.281989,1.0000
TG00015637,T00063,ELG,0.46939888,1.389867,1.0000
TG00015638,T00063,ELG,0.60041692,1.417083,1.0000
TG00015639,T00063,ELG,0.58663393,0.882671,1.0000
TG00015640,T00063,ELG,0.67619503,0.932622,1.0000
TG00015641,T00063,ELG,0.50789648,0.977995,1.0000
TG00015642,T00063,ELG,0.46014272,1.748687,1.0000
TG00015643,T00063,QSO,0.09344961,2.150224,1.7000
TG00015644,T00063,QSO,0.22069454,1.840559,1.7000
TG00015645,T00063,QSO,0.15642615,2.995798,1.7000
TG00015646,T00063,QSO,0.30229920,3.374551,1.7000
TG00015647,T00063,QSO,0.10458747,1.812392,1.7000
TG00015648,T00063,QSO,0.13311686,1.399720,1.7000
TG00015649,T00063,QSO,0.44952638,2.457695,1.7000
TG00015650,T00063,QSO,0.18513506,1.591363,1.7000
TG00015651,T00063,QSO,0.30109335,1.535626,1.7000
TG00015652,T00063,QSO,0.36174491,2.105682,1.7000
TG00015653,T00063,QSO,0.27899937,1.675149,1.7000
TG00015654,T00063,QSO,0.11840608,1.395077,1.7000
TG00015655,T00063,QSO,0.34905858,2.707995,1.7000
TG00015656,T00063,QSO,0.18599967,1.906331,1.7000
TG00015657,T00063,QSO,0.19228964,3.247487,1.7000
TG00015658,T00063,QSO,0.16778652,1.683111,1.7000
TG00015659,T00063,BGS,1.57574496,0.156238,0.4500
TG00015660,T00063,BGS,1.83083570,0.298287,0.4500
TG00015661,T00063,BGS,1.51052309,0.062569,0.4500
TG00015662,T00063,BGS,1.49577783,0.192530,0.4500
TG00015663,T00063,BGS,1.89135389,0.154375,0.4500
TG00015664,T00063,BGS,0.87018153,0.154363,0.4500
TG00015665,T00063,BGS,1.44116588,0.092117,0.4500
TG00015666,T00063,BGS,1.12107621,0.106071,0.4500
TG00015667,T00063,BGS,1.12910217,0.103870,0.4500
TG00015668,T00063,BGS,1.84642180,0.029127,0.4500
TG00015669,T00063,BGS,1.03844911,0.241290,0.4500
TG00015670,T00063,BGS,1.50083211,0.189717,0.4500
TG00015671,T00063,BGS,0.82665165,0.206255,0.4500
TG00015672,T00063,BGS,1.61187255,0.307129,0.4500
TG00015673,T00063,BGS,1.44909077,0.231002,0.4500
TG00015674,T00063,BGS,1.31044552,0.159143,0.4500
TG00015675,T00063,BGS,1.40003961,0.297468,0.4500
TG00015676,T00063,BGS,1.34515685,0.365214,0.4500
TG00015677,T00063,BGS,0.86411940,0.315872,0.4500
TG00015678,T00063,BGS,0.96545897,0.350362,0.4500
TG00015679,T00063,BGS,1.38671896,0.128163,0.4500
TG00015680,T00063,BGS,1.68183117,0.224999,0.4500
TG00015681,T00063,BGS,1.22626395,0.242525,0.4500
TG00015682,T00063,BGS,1.54363336,0.008000,0.4500
TG00015683,T00063,BGS,1.19738531,0.240798,0.4500
TG00015684,T00063,BGS,0.96987088,0.231509,0.4500
TG00015685,T00063,BGS,0.86004749,0.153338,0.4500
TG00015686,T00063,BGS,1.20786890,0.102773,0.4500
TG00015687,T00063,BGS,1.76896798,0.208716,0.4500
TG00015688,T00063,BGS,0.96237261,0.204905,0.4500
TG00015689,T00063,BGS,1.51164063,0.196438,0.4500
TG00015690,T00063,BGS,1.32542797,0.137358,0.4500
TG00015691,T00063,BGS,0.93898027,0.172921,0.4500
TG00015692,T00063,BGS,1.44912954,0.301442,0.4500
TG00015693,T00063,BGS,0.88230990,0.144181,0.4500
TG00015694,T00063,BGS,1.61103217,0.192463,0.4500
TG00015695,T00063,BGS,1.62647641,0.176363,0.4500
TG00015696,T00063,BGS,1.16266588,0.169167,0.4500
TG00015697,T00063,BGS,1.41943067,0.173191,0.4500
TG00015698,T00063,BGS,0.98976748,0.088929,0.4500
TG00015699,T00063,BGS,1.80152041,0.339889,0.4500
TG00015700,T00063,BGS,1.76286246,0.222053,0.4500
TG00015701,T00063,BGS,1.77556741,0.331997,0.4500
TG00015702,T00063,BGS,0.81646354,0.295181,0.4500
TG00015703,T00063,BGS,1.26976081,0.150079,0.4500
TG00015704,T00063,BGS,1.05983104,0.323619,0.4500
TG00015705,T00063,BGS,1.19436895,0.295245,0.4500
TG00015706,T00063,BGS,2.03474336,0.139795,0.4500
TG00015707,T00063,BGS,1.08077988,0.181323,0.4500
TG00015708,T00063,BGS,2.13643996,0.285281,0.4500
TG00015709,T00063,BGS,1.45011266,0.180274,0.4500
TG00015710,T00063,BGS,1.24034408,0.216470,0.4500
TG00015711,T00063,BGS,0.78551517,0.205997,0.4500
TG00015712,T00063,BGS,1.28914795,0.162843,0.4500
TG00015713,T00063,BGS,1.83903800,0.259633,0.4500
TG00015714,T00063,BGS,1.27149270,0.326745,0.4500
TG00015715,T00063,BGS,1.15687488,0.245952,0.4500
TG00015716,T00063,BGS,0.92625195,0.125269,0.4500
TG00015717,T00063,BGS,0.93518497,0.203029,0.4500
TG00015718,T00063,BGS,1.61319353,0.121647,0.4500
TG00015719,T00063,BGS,1.45087429,0.305533,0.4500
TG00015720,T00063,BGS,1.07687408,0.122722,0.4500
TG00015721,T00063,BGS,1.53353610,0.244668,0.4500
TG00015722,T00063,BGS,1.38691976,0.289760,0.4500
TG00015723,T00063,BGS,1.09514605,0.259233,0.4500
TG00015724,T00063,BGS,1.33401105,0.264784,0.4500
TG00015725,T00063,BGS,1.92264676,0.191972,0.4500
TG00015726,T00063,BGS,1.44428246,0.164151,0.4500
TG00015727,T00064,LRG,0.30484926,0.843373,1.0000
TG00015728,T00064,LRG,0.29610620,0.351377,1.0000
TG00015729,T00064,LRG,0.70860126,0.226430,1.0000
TG00015730,T00064,LRG,0.23004238,0.695939,1.0000
TG00015731,T00064,LRG,0.21744292,0.472641,1.0000
TG00015732,T00064,LRG,0.39297686,0.777268,1.0000
TG00015733,T00064,LRG,0.31988507,0.459048,1.0000
TG00015734,T00064,LRG,0.39691807,0.872525,1.0000
TG00015735,T00064,LRG,0.42409675,0.877218,1.0000
TG00015736,T00064,LRG,0.20552268,0.687936,1.0000
TG00015737,T00064,LRG,0.23189575,0.820909,1.0000
TG00015738,T00064,LRG,0.34393700,1.006684,1.0000
TG00015739,T00064,LRG,0.26705715,0.814474,1.0000
TG00015740,T00064,LRG,0.42825571,0.266702,1.0000
TG00015741,T00064,LRG,0.36521302,0.682544,1.0000
TG00015742,T00064,LRG,0.25674696,0.701690,1.0000
TG00015743,T00064,LRG,0.56822782,0.577280,1.0000
TG00015744,T00064,LRG,0.32030116,0.527723,1.0000
TG00015745,T00064,LRG,0.50893734,0.725550,1.0000
TG00015746,T00064,LRG,0.21034155,0.500542,1.0000
TG00015747,T00064,LRG,0.32457485,0.712136,1.0000
TG00015748,T00064,LRG,0.43934402,0.625314,1.0000
TG00015749,T00064,LRG,0.30839054,0.578539,1.0000
TG00015750,T00064,LRG,0.18181386,0.730828,1.0000
TG00015751,T00064,LRG,0.14504805,0.424327,1.0000
TG00015752,T00064,LRG,0.51074455,0.564475,1.0000
TG00015753,T00064,LRG,0.18436460,0.596498,1.0000
TG00015754,T00064,LRG,0.33624511,0.586103,1.0000
TG00015755,T00064,LRG,0.32417732,0.721473,1.0000
TG00015756,T00064,LRG,0.24708397,0.517550,1.0000
TG00015757,T00064,LRG,0.27106021,0.577920,1.0000
TG00015758,T00064,LRG,0.29124074,0.864135,1.0000
TG00015759,T00064,LRG,0.20586780,0.683291,1.0000
TG00015760,T00064,LRG,0.34805089,0.771476,1.0000
TG00015761,T00064,LRG,0.21256463,0.743305,1.0000
TG00015762,T00064,LRG,0.57325758,0.643686,1.0000
TG00015763,T00064,LRG,0.31351612,0.492702,1.0000
TG00015764,T00064,LRG,0.43365314,0.593811,1.0000
TG00015765,T00064,LRG,0.23596108,0.235758,1.0000
TG00015766,T00064,LRG,0.26132892,0.470911,1.0000
TG00015767,T00064,LRG,0.33599808,0.931369,1.0000
TG00015768,T00064,LRG,0.30434723,0.778575,1.0000
TG00015769,T00064,LRG,0.33925693,0.640404,1.0000
TG00015770,T00064,LRG,0.36638867,0.665424,1.0000
TG00015771,T00064,LRG,0.39907623,0.785471,1.0000
TG00015772,T00064,LRG,0.67716703,0.679687,1.0000
TG00015773,T00064,LRG,0.35921795,0.623098,1.0000
TG00015774,T00064,LRG,0.29565935,0.259402,1.0000
TG00015775,T00064,LRG,0.49346259,0.684548,1.0000
TG00015776,T00064,LRG,0.46758907,0.713890,1.0000
TG00015777,T00064,LRG,0.25319501,0.795521,1.0000
TG00015778,T00064,LRG,0.34680757,0.489225,1.0000
TG00015779,T00064,LRG,0.20426271,0.819093,1.0000
TG00015780,T00064,LRG,0.25952885,0.830809,1.0000
TG00015781,T00064,LRG,0.37203997,0.978013,1.0000
TG00015782,T00064,LRG,0.27818220,0.320725,1.0000
TG00015783,T00064,LRG,0.30344773,0.886586,1.0000
TG00015784,T00064,LRG,0.29211317,0.411675,1.0000
TG00015785,T00064,LRG,0.36342408,0.524635,1.0000
TG00015786,T00064,LRG,0.46049883,0.636561,1.0000
TG00015787,T00064,LRG,0.72211224,0.716919,1.0000
TG00015788,T00064,LRG,0.34320240,0.778263,1.0000
TG00015789,T00064,LRG,0.73641478,0.354168,1.0000
TG00015790,T00064,LRG,0.35890328,0.732475,1.0000
TG00015791,T00064,LRG,0.19526321,0.885002,1.0000
TG00015792,T00064,LRG,0.46212046,0.442110,1.0000
TG00015793,T00064,LRG,0.30002699,0.898369,1.0000
TG00015794,T00064,LRG,0.29101038,0.839536,1.0000
TG00015795,T00064,LRG,0.40514026,0.735339,1.0000
TG00015796,T00064,LRG,0.24162174,0.658328,1.0000
TG00015797,T00064,LRG,0.31097814,0.788346,1.0000
TG00015798,T00064,LRG,0.74345793,0.775421,1.0000
TG00015799,T00064,LRG,0.31930185,0.527589,1.0000
TG00015800,T00064,LRG,0.26338573,0.601019,1.0000
TG00015801,T00064,LRG,0.26813010,0.569331,1.0000
TG00015802,T00064,ELG,0.79958721,0.913841,1.0000
TG00015803,T00064,ELG,0.46790963,0.826967,1.0000
TG00015804,T00064,ELG,0.72460034,1.750759,1.0000
TG00015805,T00064,ELG,1.28644135,0.261931,1.0000
TG00015806,T00064,ELG,0.38898675,0.740833,1.0000
TG00015807,T00064,ELG,0.74607336,1.292717,1.0000
TG00015808,T00064,ELG,0.37307902,1.196842,1.0000
TG00015809,T00064,ELG,0.40587409,0.742142,1.0000
TG00015810,T00064,ELG,0.60606388,0.614908,1.0000
TG00015811,T00064,ELG,0.87727604,1.286296,1.0000
TG00015812,T00064,ELG,0.38402144,0.674487,1.0000
TG00015813,T00064,ELG,0.43583469,1.467065,1.0000
TG00015814,T00064,ELG,0.51481937,1.287455,1.0000
TG00015815,T00064,ELG,0.46958158,1.161547,1.0000
TG00015816,T00064,ELG,0.49120614,1.007279,1.0000
TG00015817,T00064,ELG,0.39488046,0.721186,1.0000
TG00015818,T00064,ELG,0.80988648,0.836057,1.0000
TG00015819,T00064,ELG,0.34392110,1.047365,1.0000
TG00015820,T00064,ELG,1.31458680,0.653600,1.0000
TG00015821,T00064,ELG,0.94493701,1.237731,1.0000
TG00015822,T00064,ELG,0.59066445,1.151306,1.0000
TG00015823,T00064,ELG,0.49833793,1.351842,1.0000
TG00015824,T00064,ELG,0.61370181,1.449443,1.0000
TG00015825,T00064,ELG,0.59416104,1.422695,1.0000
TG00015826,T00064,ELG,0.45407124,0.708452,1.0000
TG00015827,T00064,ELG,0.41810856,1.162938,1.0000
TG00015828,T00064,ELG,0.43602878,0.977800,1.0000
TG00015829,T00064,ELG,1.37484048,0.986228,1.0000
TG00015830,T00064,ELG,1.08471743,1.003501,1.0000
TG00015831,T00064,ELG,0.50195405,0.972827,1.0000
TG00015832,T00064,ELG,0.50587044,1.610563,1.0000
TG00015833,T00064,ELG,0.72406755,0.785594,1.0000
TG00015834,T00064,ELG,1.10299202,1.625496,1.0000
TG00015835,T00064,ELG,0.21442859,0.961815,1.0000
TG00015836,T00064,ELG,0.64770849,1.082845,1.0000
TG00015837,T00064,ELG,0.36701745,1.156113,1.0000
TG00015838,T00064,ELG,0.46860563,1.712234,1.0000
TG00015839,T00064,ELG,0.42531777,0.995509,1.0000
TG00015840,T00064,ELG,0.49219592,1.221146,1.0000
TG00015841,T00064,ELG,0.69903672,1.155510,1.0000
TG00015842,T00064,ELG,0.74043677,1.285121,1.0000
TG00015843,T00064,ELG,1.14637726,1.363903,1.0000
TG00015844,T00064,ELG,0.45868643,1.389862,1.0000
TG00015845,T00064,ELG,0.83169631,1.248430,1.0000
TG00015846,T00064,ELG,0.59529605,1.368087,1.0000
TG00015847,T00064,ELG,0.56530128,1.320286,1.0000
TG00015848,T00064,ELG,0.51490682,1.347825,1.0000
TG00015849,T00064,ELG,0.68539495,1.542105,1.0000
TG00015850,T00064,ELG,0.68590020,0.956121,1.0000
TG00015851,T00064,ELG,0.84208122,1.568597,1.0000
TG00015852,T00064,ELG,0.58694583,0.921196,1.0000
TG00015853,T00064,ELG,0.38844760,1.218887,1.0000
TG00015854,T00064,ELG,0.50923046,0.980605,1.0000
TG00015855,T00064,ELG,0.31837534,0.964295,1.0000
TG00015856,T00064,ELG,0.71929846,1.237143,1.0000
TG00015857,T00064,ELG,0.38661620,1.524126,1.0000
TG00015858,T00064,ELG,0.68985540,1.425392,1.0000
TG00015859,T00064,ELG,1.01900035,1.066149,1.0000
TG00015860,T00064,ELG,1.27293273,1.420983,1.0000
TG00015861,T00064,ELG,0.38821619,1.297894,1.0000
TG00015862,T00064,ELG,0.41515330,1.240778,1.0000
TG00015863,T00064,ELG,0.55202762,1.432634,1.0000
TG00015864,T00064,ELG,0.67488228,1.169686,1.0000
TG00015865,T00064,ELG,0.50804991,1.491023,1.0000
TG00015866,T00064,ELG,0.57463975,1.075892,1.0000
TG00015867,T00064,ELG,0.46063663,0.754169,1.0000
TG00015868,T00064,ELG,0.68538288,0.667387,1.0000
TG00015869,T00064,ELG,0.81176467,0.985011,1.0000
TG00015870,T00064,ELG,1.00162301,1.106259,1.0000
TG00015871,T00064,ELG,0.43062249,1.289206,1.0000
TG00015872,T00064,ELG,0.46594844,0.594600,1.0000
TG00015873,T00064,ELG,0.39643012,1.023183,1.0000
TG00015874,T00064,ELG,0.65694636,0.938334,1.0000
TG00015875,T00064,ELG,0.47878457,1.047050,1.0000
TG00015876,T00064,ELG,0.60098853,0.678584,1.0000
TG00015877,T00064,ELG,0.84591712,1.084699,1.0000
TG00015878,T00064,ELG,0.29750221,1.194030,1.0000
TG00015879,T00064,ELG,0.61380270,1.030188,1.0000
TG00015880,T00064,ELG,0.60496669,1.095547,1.0000
TG00015881,T00064,ELG,1.18879299,0.818722,1.0000
TG00015882,T00064,ELG,0.28325260,0.974198,1.0000
TG00015883,T00064,ELG,0.58342863,1.333362,1.0000
TG00015884,T00064,ELG,0.52921566,1.341621,1.0000
TG00015885,T00064,ELG,0.59030124,1.246326,1.0000
TG00015886,T00064,ELG,0.41180059,1.319324,1.0000
TG00015887,T00064,ELG,0.41625091,1.118961,1.0000
TG00015888,T00064,ELG,0.58936226,1.503578,1.0000
TG00015889,T00064,ELG,0.62263016,0.787164,1.0000
TG00015890,T00064,ELG,0.58015849,1.061587,1.0000
TG00015891,T00064,ELG,0.39776019,1.295671,1.0000
TG00015892,T00064,ELG,0.32525306,1.269953,1.0000
TG00015893,T00064,ELG,0.40703723,1.817324,1.0000
TG00015894,T00064,ELG,0.40741967,1.095008,1.0000
TG00015895,T00064,ELG,0.50276629,1.084354,1.0000
TG00015896,T00064,ELG,0.27703742,1.390982,1.0000
TG00015897,T00064,QSO,0.25644555,2.280601,1.7000
TG00015898,T00064,QSO,0.24435507,3.103567,1.7000
TG00015899,T00064,QSO,0.29519612,1.020443,1.7000
TG00015900,T00064,QSO,0.45137024,1.844335,1.7000
TG00015901,T00064,QSO,0.19267077,2.798412,1.7000
TG00015902,T00064,QSO,0.14544859,2.769756,1.7000
TG00015903,T00064,QSO,0.19836214,1.306007,1.7000
TG00015904,T00064,QSO,0.29334202,2.056664,1.7000
TG00015905,T00064,QSO,0.07854552,3.339568,1.7000
TG00015906,T00064,QSO,0.19011903,1.285129,1.7000
TG00015907,T00064,QSO,0.13750024,2.743993,1.7000
TG00015908,T00064,QSO,0.10291716,1.748321,1.7000
TG00015909,T00064,QSO,0.24232486,2.924558,1.7000
TG00015910,T00064,QSO,0.20719607,1.760490,1.7000
TG00015911,T00064,QSO,0.17375880,2.422261,1.7000
TG00015912,T00064,QSO,0.14396605,2.016967,1.7000
TG00015913,T00064,QSO,0.29774152,2.944065,1.7000
TG00015914,T00064,QSO,0.15758981,2.168051,1.7000
TG00015915,T00064,QSO,0.34109244,2.476055,1.7000
TG00015916,T00064,QSO,0.12747730,2.096440,1.7000
TG00015917,T00064,BGS,2.44957635,0.125017,0.4500
TG00015918,T00064,BGS,1.24954501,0.162866,0.4500
TG00015919,T00064,BGS,1.11075413,0.197741,0.4500
TG00015920,T00064,BGS,1.13751660,0.119035,0.4500
TG00015921,T00064,BGS,1.06577270,0.247943,0.4500
TG00015922,T00064,BGS,1.37404522,0.177130,0.4500
TG00015923,T00064,BGS,0.96502609,0.357658,0.4500
TG00015924,T00064,BGS,1.95417782,0.199163,0.4500
TG00015925,T00064,BGS,1.68775705,0.272586,0.4500
TG00015926,T00064,BGS,1.04853544,0.102258,0.4500
TG00015927,T00064,BGS,1.45406580,0.301457,0.4500
TG00015928,T00064,BGS,0.98371610,0.128776,0.4500
TG00015929,T00064,BGS,1.00781473,0.101979,0.4500
TG00015930,T00064,BGS,1.14791438,0.234028,0.4500
TG00015931,T00064,BGS,1.63848440,0.277516,0.4500
TG00015932,T00064,BGS,1.49913428,0.159921,0.4500
TG00015933,T00064,BGS,0.98443770,0.252983,0.4500
TG00015934,T00064,BGS,1.11464385,0.442453,0.4500
TG00015935,T00064,BGS,1.83320418,0.123289,0.4500
TG00015936,T00064,BGS,0.92270397,0.114870,0.4500
TG00015937,T00064,BGS,2.02979526,0.242308,0.4500
TG00015938,T00064,BGS,1.23134358,0.207886,0.4500
TG00015939,T00064,BGS,1.34593663,0.143016,0.4500
TG00015940,T00064,BGS,1.73150234,0.164414,0.4500
TG00015941,T00064,BGS,1.56186590,0.196018,0.4500
TG00015942,T00064,BGS,1.44991696,0.216739,0.4500
TG00015943,T00064,BGS,0.61023221,0.198959,0.4500
TG00015944,T00064,BGS,2.09353479,0.327597,0.4500
TG00015945,T00064,BGS,2.13217712,0.327475,0.4500
TG00015946,T00064,BGS,1.17604820,0.266544,0.4500
TG00015947,T00064,BGS,1.21136717,0.183876,0.4500
TG00015948,T00064,BGS,0.94247728,0.287814,0.4500
TG00015949,T00064,BGS,1.54564534,0.406177,0.4500
TG00015950,T00064,BGS,0.80535859,0.329161,0.4500
TG00015951,T00064,BGS,1.54614744,0.157905,0.4500
TG00015952,T00064,BGS,1.04069232,0.183628,0.4500
TG00015953,T00064,BGS,1.36392782,0.366092,0.4500
TG00015954,T00064,BGS,0.87449111,0.284959,0.4500
TG00015955,T00064,BGS,1.28913954,0.507739,0.4500
TG00015956,T00064,BGS,1.56622194,0.281766,0.4500
TG00015957,T00064,BGS,1.46439964,0.192606,0.4500
TG00015958,T00064,BGS,0.92524595,0.142074,0.4500
TG00015959,T00064,BGS,1.26400049,0.317589,0.4500
TG00015960,T00064,BGS,1.07570558,0.213909,0.4500
