slot_id,night_id,timestamp_utc,duration_seconds
N20261001-S001,N20261001,2026-10-02T00:00:00Z,900
N20261001-S002,N20261001,2026-10-02T00:15:00Z,900
N20261001-S003,N20261001,2026-10-02T00:30:00Z,900
N20261001-S004,N20261001,2026-10-02T00:45:00Z,900
N20261001-S005,N20261001,2026-10-02T01:00:00Z,900
N20261001-S006,N20261001,2026-10-02T01:15:00Z,900
N20261001-S007,N20261001,2026-10-02T01:30:00Z,900
N20261001-S008,N20261001,2026-10-02T01:45:00Z,900
N20261001-S009,N20261001,2026-10-02T02:00:00Z,900
N20261001-S010,N20261001,2026-10-02T02:15:00Z,900
N20261001-S011,N20261001,2026-10-02T02:30:00Z,900
N20261001-S012,N20261001,2026-10-02T02:45:00Z,900
N20261001-S013,N20261001,2026-10-02T03:00:00Z,900
N20261001-S014,N20261001,2026-10-02T03:15:00Z,900
N20261001-S015,N20261001,2026-10-02T03:30:00Z,900
N20261001-S016,N20261001,2026-10-02T03:45:00Z,900
N20261001-S017,N20261001,2026-10-02T04:00:00Z,900
N20261001-S018,N20261001,2026-10-02T04:15:00Z,900
N20261001-S019,N20261001,2026-10-02T04:30:00Z,900
N20261001-S020,N20261001,2026-10-02T04:45:00Z,900
N20261001-S021,N20261001,2026-10-02T05:00:00Z,900
N20261001-S022,N20261001,2026-10-02T05:15:00Z,900
N20261001-S023,N20261001,2026-10-02T05:30:00Z,900
N20261001-S024,N20261001,2026-10-02T05:45:00Z,900
N20261001-S025,N20261001,2026-10-02T06:00:00Z,900
N20261001-S026,N20261001,2026-10-02T06:15:00Z,900
N20261001-S027,N20261001,2026-10-02T06:30:00Z,900
N20261001-S028,N20261001,2026-10-02T06:45:00Z,900
N20261001-S029,N20261001,2026-10-02T07:00:00Z,900
N20261001-S030,N20261001,2026-10-02T07:15:00Z,900
N20261001-S031,N20261001,2026-10-02T07:30:00Z,900
N20261001-S032,N20261001,2026-10-02T07:45:00Z,900
N20261001-S033,N20261001,2026-10-02T08:00:00Z,900
N20261001-S034,N20261001,2026-10-02T08:15:00Z,900
N20261001-S035,N20261001,2026-10-02T08:30:00Z,900
N20261001-S036,N20261001,2026-10-02T08:45:00Z,900
N20261002-S001,N20261002,2026-10-03T00:00:00Z,900
N20261002-S002,N20261002,2026-10-03T00:15:00Z,900
N20261002-S003,N20261002,2026-10-03T00:30:00Z,900
N20261002-S004,N20261002,2026-10-03T00:45:00Z,900
N20261002-S005,N20261002,2026-10-03T01:00:00Z,900
N20261002-S006,N20261002,2026-10-03T01:15:00Z,900
N20261002-S007,N20261002,2026-10-03T01:30:00Z,900
N20261002-S008,N20261002,2026-10-03T01:45:00Z,900
N20261002-S009,N20261002,2026-10-03T02:00:00Z,900
N20261002-S010,N20261002,2026-10-03T02:15:00Z,900
N20261002-S011,N20261002,2026-10-03T02:30:00Z,900
N20261002-S012,N20261002,2026-10-03T02:45:00Z,900
N20261002-S013,N20261002,2026-10-03T03:00:00Z,900
N20261002-S014,N20261002,2026-10-03T03:15:00Z,900
N20261002-S015,N20261002,2026-10-03T03:30:00Z,900
N20261002-S016,N20261002,2026-10-03T03:45:00Z,900
N20261002-S017,N20261002,2026-10-03T04:00:00Z,900
N20261002-S018,N20261002,2026-10-03T04:15:00Z,900
N20261002-S019,N20261002,2026-10-03T04:30:00Z,900
N20261002-S020,N20261002,2026-10-03T04:45:00Z,900
N20261002-S021,N20261002,2026-10-03T05:00:00Z,900
N20261002-S022,N20261002,2026-10-03T05:15:00Z,900
N20261002-S023,N20261002,2026-10-03T05:30:00Z,900
N20261002-S024,N20261002,2026-10-03T05:45:00Z,900
N20261002-S025,N20261002,2026-10-03T06:00:00Z,900
N20261002-S026,N20261002,2026-10-03T06:15:00Z,900
N20261002-S027,N20261002,2026-10-03T06:30:00Z,900
N20261002-S028,N20261002,2026-10-03T06:45:00Z,900
N20261002-S029,N20261002,2026-10-03T07:00:00Z,900
N20261002-S030,N20261002,2026-10-03T07:15:00Z,900
N20261002-S031,N20261002,2026-10-03T07:30:00Z,900
N20261002-S032,N20261002,2026-10-03T07:45:00Z,900
N20261002-S033,N20261002,2026-10-03T08:00:00Z,900
N20261002-S034,N20261002,2026-10-03T08:15:00Z,900
N20261002-S035,N20261002,2026-10-03T08:30:00Z,900
N20261002-S036,N20261002,2026-10-03T08:45:00Z,900
N20261003-S001,N20261003,2026-10-04T00:00:00Z,900
N20261003-S002,N20261003,2026-10-04T00:15:00Z,900
N20261003-S003,N20261003,2026-10-04T00:30:00Z,900
N20261003-S004,N20261003,2026-10-04T00:45:00Z,900
N20261003-S005,N20261003,2026-10-04T01:00:00Z,900
N20261003-S006,N20261003,2026-10-04T01:15:00Z,900
N20261003-S007,N20261003,2026-10-04T01:30:00Z,900
N20261003-S008,N20261003,2026-10-04T01:45:00Z,900
N20261003-S009,N20261003,2026-10-04T02:00:00Z,900
N20261003-S010,N20261003,2026-10-04T02:15:00Z,900
N20261003-S011,N20261003,2026-10-04T02:30:00Z,900
N20261003-S012,N20261003,2026-10-04T02:45:00Z,900
N20261003-S013,N20261003,2026-10-04T03:00:00Z,900
N20261003-S014,N20261003,2026-10-04T03:15:00Z,900
N20261003-S015,N20261003,2026-10-04T03:30:00Z,900
N20261003-S016,N20261003,2026-10-04T03:45:00Z,900
N20261003-S017,N20261003,2026-10-04T04:00:00Z,900
N20261003-S018,N20261003,2026-10-04T04:15:00Z,900
N20261003-S019,N20261003,2026-10-04T04:30:00Z,900
N20261003-S020,N20261003,2026-10-04T04:45:00Z,900
N20261003-S021,N20261003,2026-10-04T05:00:00Z,900
N20261003-S022,N20261003,2026-10-04T05:15:00Z,900
N20261003-S023,N20261003,2026-10-04T05:30:00Z,900
N20261003-S024,N20261003,2026-10-04T05:45:00Z,900
N20261003-S025,N20261003,2026-10-04T06:00:00Z,900
N20261003-S026,N20261003,2026-10-04T06:15:00Z,900
N20261003-S027,N20261003,2026-10-04T06:30:00Z,900
N20261003-S028,N20261003,2026-10-04T06:45:00Z,900
N20261003-S029,N20261003,2026-10-04T07:00:00Z,900
N20261003-S030,N20261003,2026-10-04T07:15:00Z,900
N20261003-S031,N20261003,2026-10-04T07:30:00Z,900
N20261003-S032,N20261003,2026-10-04T07:45:00Z,900
N20261003-S033,N20261003,2026-10-04T08:00:00Z,900
N20261003-S034,N20261003,2026-10-04T08:15:00Z,900
N20261003-S035,N20261003,2026-10-04T08:30:00Z,900
N20261003-S036,N20261003,2026-10-04T08:45:00Z,900
N20261004-S001,N20261004,2026-10-05T00:00:00Z,900
N20261004-S002,N20261004,2026-10-05T00:15:00Z,900
N20261004-S003,N20261004,2026-10-05T00:30:00Z,900
N20261004-S004,N20261004,2026-10-05T00:45:00Z,900
N20261004-S005,N20261004,2026-10-05T01:00:00Z,900
N20261004-S006,N20261004,2026-10-05T01:15:00Z,900
N20261004-S007,N20261004,2026-10-05T01:30:00Z,900
N20261004-S008,N20261004,2026-10-05T01:45:00Z,900
N20261004-S009,N20261004,2026-10-05T02:00:00Z,900
N20261004-S010,N20261004,2026-10-05T02:15:00Z,900
N20261004-S011,N20261004,2026-10-05T02:30:00Z,900
N20261004-S012,N20261004,2026-10-05T02:45:00Z,900
N20261004-S013,N20261004,2026-10-05T03:00:00Z,900
N20261004-S014,N20261004,2026-10-05T03:15:00Z,900
N20261004-S015,N20261004,2026-10-05T03:30:00Z,900
N20261004-S016,N20261004,2026-10-05T03:45:00Z,900
N20261004-S017,N20261004,2026-10-05T04:00:00Z,900
N20261004-S018,N20261004,2026-10-05T04:15:00Z,900
N20261004-S019,N20261004,2026-10-05T04:30:00Z,900
N20261004-S020,N20261004,2026-10-05T04:45:00Z,900
N20261004-S021,N20261004,2026-10-05T05:00:00Z,900
N20261004-S022,N20261004,2026-10-05T05:15:00Z,900
N20261004-S023,N20261004,2026-10-05T05:30:00Z,900
N20261004-S024,N20261004,2026-10-05T05:45:00Z,900
N20261004-S025,N20261004,2026-10-05T06:00:00Z,900
N20261004-S026,N20261004,2026-10-05T06:15:00Z,900
N20261004-S027,N20261004,2026-10-05T06:30:00Z,900
N20261004-S028,N20261004,2026-10-05T06:45:00Z,900
N20261004-S029,N20261004,2026-10-05T07:00:00Z,900
N20261004-S030,N20261004,2026-10-05T07:15:00Z,900
N20261004-S031,N20261004,2026-10-05T07:30:00Z,900
N20261004-S032,N20261004,2026-10-05T07:45:00Z,900
N20261004-S033,N20261004,2026-10-05T08:00:00Z,900
N20261004-S034,N20261004,2026-10-05T08:15:00Z,900
N20261004-S035,N20261004,2026-10-05T08:30:00Z,900
N20261004-S036,N20261004,2026-10-05T08:45:00Z,900
N20261005-S001,N20261005,2026-10-06T00:00:00Z,900
N20261005-S002,N20261005,2026-10-06T00:15:00Z,900
N20261005-S003,N20261005,2026-10-06T00:30:00Z,900
N20261005-S004,N20261005,2026-10-06T00:45:00Z,900
N20261005-S005,N20261005,2026-10-06T01:00:00Z,900
N20261005-S006,N20261005,2026-10-06T01:15:00Z,900
N20261005-S007,N20261005,2026-10-06T01:30:00Z,900
N20261005-S008,N20261005,2026-10-06T01:45:00Z,900
N20261005-S009,N20261005,2026-10-06T02:00:00Z,900
N20261005-S010,N20261005,2026-10-06T02:15:00Z,900
N20261005-S011,N20261005,2026-10-06T02:30:00Z,900
N20261005-S012,N20261005,2026-10-06T02:45:00Z,900
N20261005-S013,N20261005,2026-10-06T03:00:00Z,900
N20261005-S014,N20261005,2026-10-06T03:15:00Z,900
N20261005-S015,N20261005,2026-10-06T03:30:00Z,900
N20261005-S016,N20261005,2026-10-06T03:45:00Z,900
N20261005-S017,N20261005,2026-10-06T04:00:00Z,900
N20261005-S018,N20261005,2026-10-06T04:15:00Z,900
N20261005-S019,N20261005,2026-10-06T04:30:00Z,900
N20261005-S020,N20261005,2026-10-06T04:45:00Z,900
N20261005-S021,N20261005,2026-10-06T05:00:00Z,900
N20261005-S022,N20261005,2026-10-06T05:15:00Z,900
N20261005-S023,N20261005,2026-10-06T05:30:00Z,900
N20261005-S024,N20261005,2026-10-06T05:45:00Z,900
N20261005-S025,N20261005,2026-10-06T06:00:00Z,900
N20261005-S026,N20261005,2026-10-06T06:15:00Z,900
N20261005-S027,N20261005,2026-10-06T06:30:00Z,900
N20261005-S028,N20261005,2026-10-06T06:45:00Z,900
N20261005-S029,N20261005,2026-10-06T07:00:00Z,900
N20261005-S030,N20261005,2026-10-06T07:15:00Z,900
N20261005-S031,N20261005,2026-10-06T07:30:00Z,900
N20261005-S032,N20261005,2026-10-06T07:45:00Z,900
N20261005-S033,N20261005,2026-10-06T08:00:00Z,900
N20261005-S034,N20261005,2026-10-06T08:15:00Z,900
N20261005-S035,N20261005,2026-10-06T08:30:00Z,900
N20261006-S001,N20261006,2026-10-07T00:15:00Z,900
N20261006-S002,N20261006,2026-10-07T00:30:00Z,900
N20261006-S003,N20261006,2026-10-07T00:45:00Z,900
N20261006-S004,N20261006,2026-10-07T01:00:00Z,900
N20261006-S005,N20261006,2026-10-07T01:15:00Z,900
N20261006-S006,N20261006,2026-10-07T01:30:00Z,900
N20261006-S007,N20261006,2026-10-07T01:45:00Z,900
N20261006-S008,N20261006,2026-10-07T02:00:00Z,900
N20261006-S009,N20261006,2026-10-07T02:15:00Z,900
N20261006-S010,N20261006,2026-10-07T02:30:00Z,900
N20261006-S011,N20261006,2026-10-07T02:45:00Z,900
N20261006-S012,N20261006,2026-10-07T03:00:00Z,900
N20261006-S013,N20261006,2026-10-07T03:15:00Z,900
N20261006-S014,N20261006,2026-10-07T03:30:00Z,900
N20261006-S015,N20261006,2026-10-07T03:45:00Z,900
N20261006-S016,N20261006,2026-10-07T04:00:00Z,900
N20261006-S017,N20261006,2026-10-07T04:15:00Z,900
N20261006-S018,N20261006,2026-10-07T04:30:00Z,900
N20261006-S019,N20261006,2026-10-07T04:45:00Z,900
N20261006-S020,N20261006,2026-10-07T05:00:00Z,900
N20261006-S021,N20261006,2026-10-07T05:15:00Z,900
N20261006-S022,N20261006,2026-10-07T05:30:00Z,900
N20261006-S023,N20261006,2026-10-07T05:45:00Z,900
N20261006-S024,N20261006,2026-10-07T06:00:00Z,900
N20261006-S025,N20261006,2026-10-07T06:15:00Z,900
N20261006-S026,N20261006,2026-10-07T06:30:00Z,900
N20261006-S027,N20261006,2026-10-07T06:45:00Z,900
N20261006-S028,N20261006,2026-10-07T07:00:00Z,900
N20261006-S029,N20261006,2026-10-07T07:15:00Z,900
N20261006-S030,N20261006,2026-10-07T07:30:00Z,900
N20261006-S031,N20261006,2026-10-07T07:45:00Z,900
N20261006-S032,N20261006,2026-10-07T08:00:00Z,900
N20261006-S033,N20261006,2026-10-07T08:15:00Z,900
N20261006-S034,N20261006,2026-10-07T08:30:00Z,900
N20261007-S001,N20261007,2026-10-08T00:15:00Z,900
N20261007-S002,N20261007,2026-10-08T00:30:00Z,900
N20261007-S003,N20261007,2026-10-08T00:45:00Z,900
N20261007-S004,N20261007,2026-10-08T01:00:00Z,900
N20261007-S005,N20261007,2026-10-08T01:15:00Z,900
N20261007-S006,N20261007,2026-10-08T01:30:00Z,900
N20261007-S007,N20261007,2026-10-08T01:45:00Z,900
N20261007-S008,N20261007,2026-10-08T02:00:00Z,900
N20261007-S009,N20261007,2026-10-08T02:15:00Z,900
N20261007-S010,N20261007,2026-10-08T02:30:00Z,900
N20261007-S011,N20261007,2026-10-08T02:45:00Z,900
N20261007-S012,N20261007,2026-10-08T03:00:00Z,900
N20261007-S013,N20261007,2026-10-08T03:15:00Z,900
N20261007-S014,N20261007,2026-10-08T03:30:00Z,900
N20261007-S015,N20261007,2026-10-08T03:45:00Z,900
N20261007-S016,N20261007,2026-10-08T04:00:00Z,900
N20261007-S017,N20261007,2026-10-08T04:15:00Z,900
N20261007-S018,N20261007,2026-10-08T04:30:00Z,900
N20261007-S019,N20261007,2026-10-08T04:45:00Z,900
N20261007-S020,N20261007,2026-10-08T05:00:00Z,900
N20261007-S021,N20261007,2026-10-08T05:15:00Z,900
N20261007-S022,N20261007,2026-10-08T05:30:00Z,900
N20261007-S023,N20261007,2026-10-08T05:45:00Z,900
N20261007-S024,N20261007,2026-10-08T06:00:00Z,900
N20261007-S025,N20261007,2026-10-08T06:15:00Z,900
N20261007-S026,N20261007,2026-10-08T06:30:00Z,900
N20261007-S027,N20261007,2026-10-08T06:45:00Z,900
N20261007-S028,N20261007,2026-10-08T07:00:00Z,900
N20261007-S029,N20261007,2026-10-08T07:15:00Z,900
N20261007-S030,N20261007,2026-10-08T07:30:00Z,900
N20261007-S031,N20261007,2026-10-08T07:45:00Z,900
N20261007-S032,N20261007,2026-10-08T08:00:00Z,900
N20261007-S033,N20261007,2026-10-08T08:15:00Z,900
N20261007-S034,N20261007,2026-10-08T08:30:00Z,900
N20261008-S001,N20261008,2026-10-09T00:15:00Z,900
N20261008-S002,N20261008,2026-10-09T00:30:00Z,900
N20261008-S003,N20261008,2026-10-09T00:45:00Z,900
N20261008-S004,N20261008,2026-10-09T01:00:00Z,900
N20261008-S005,N20261008,2026-10-09T01:15:00Z,900
N20261008-S006,N20261008,2026-10-09T01:30:00Z,900
N20261008-S007,N20261008,2026-10-09T01:45:00Z,900
N20261008-S008,N20261008,2026-10-09T02:00:00Z,900
N20261008-S009,N20261008,2026-10-09T02:15:00Z,900
N20261008-S010,N20261008,2026-10-09T02:30:00Z,900
N20261008-S011,N20261008,2026-10-09T02:45:00Z,900
N20261008-S012,N20261008,2026-10-09T03:00:00Z,900
N20261008-S013,N20261008,2026-10-09T03:15:00Z,900
N20261008-S014,N20261008,2026-10-09T03:30:00Z,900
N20261008-S015,N20261008,2026-10-09T03:45:00Z,900
N20261008-S016,N20261008,2026-10-09T04:00:00Z,900
N20261008-S017,N20261008,2026-10-09T04:15:00Z,900
N20261008-S018,N20261008,2026-10-09T04:30:00Z,900
N20261008-S019,N20261008,2026-10-09T04:45:00Z,900
N20261008-S020,N20261008,2026-10-09T05:00:00Z,900
N20261008-S021,N20261008,2026-10-09T05:15:00Z,900
N20261008-S022,N20261008,2026-10-09T05:30:00Z,900
N20261008-S023,N20261008,2026-10-09T05:45:00Z,900
N20261008-S024,N20261008,2026-10-09T06:00:00Z,900
N20261008-S025,N20261008,2026-10-09T06:15:00Z,900
N20261008-S026,N20261008,2026-10-09T06:30:00Z,900
N20261008-S027,N20261008,2026-10-09T06:45:00Z,900
N20261008-S028,N20261008,2026-10-09T07:00:00Z,900
N20261008-S029,N20261008,2026-10-09T07:15:00Z,900
N20261008-S030,N20261008,2026-10-09T07:30:00Z,900
N20261008-S031,N20261008,2026-10-09T07:45:00Z,900
N20261008-S032,N20261008,2026-10-09T08:00:00Z,900
N20261008-S033,N20261008,2026-10-09T08:15:00Z,900
N20261008-S034,N20261008,2026-10-09T08:30:00Z,900
N20261009-S001,N20261009,2026-10-10T00:15:00Z,900
N20261009-S002,N20261009,2026-10-10T00:30:00Z,900
N20261009-S003,N20261009,2026-10-10T00:45:00Z,900
N20261009-S004,N20261009,2026-10-10T01:00:00Z,900
N20261009-S005,N20261009,2026-10-10T01:15:00Z,900
N20261009-S006,N20261009,2026-10-10T01:30:00Z,900
N20261009-S007,N20261009,2026-10-10T01:45:00Z,900
N20261009-S008,N20261009,2026-10-10T02:00:00Z,900
N20261009-S009,N20261009,2026-10-10T02:15:00Z,900
N20261009-S010,N20261009,2026-10-10T02:30:00Z,900
N20261009-S011,N20261009,2026-10-10T02:45:00Z,900
N20261009-S012,N20261009,2026-10-10T03:00:00Z,900
N20261009-S013,N20261009,2026-10-10T03:15:00Z,900
N20261009-S014,N20261009,2026-10-10T03:30:00Z,900
N20261009-S015,N20261009,2026-10-10T03:45:00Z,900
N20261009-S016,N20261009,2026-10-10T04:00:00Z,900
N20261009-S017,N20261009,2026-10-10T04:15:00Z,900
N20261009-S018,N20261009,2026-10-10T04:30:00Z,900
N20261009-S019,N20261009,2026-10-10T04:45:00Z,900
N20261009-S020,N20261009,2026-10-10T05:00:00Z,900
N20261009-S021,N20261009,2026-10-10T05:15:00Z,900
N20261009-S022,N20261009,2026-10-10T05:30:00Z,900
N20261009-S023,N20261009,2026-10-10T05:45:00Z,900
N20261009-S024,N20261009,2026-10-10T06:00:00Z,900
N20261009-S025,N20261009,2026-10-10T06:15:00Z,900
N20261009-S026,N20261009,2026-10-10T06:30:00Z,900
N20261009-S027,N20261009,2026-10-10T06:45:00Z,900
N20261009-S028,N20261009,2026-10-10T07:00:00Z,900
N20261009-S029,N20261009,2026-10-10T07:15:00Z,900
N20261009-S030,N20261009,2026-10-10T07:30:00Z,900
N20261009-S031,N20261009,2026-10-10T07:45:00Z,900
N20261009-S032,N20261009,2026-10-10T08:00:00Z,900
N20261009-S033,N20261009,2026-10-10T08:15:00Z,900
N20261009-S034,N20261009,2026-10-10T08:30:00Z,900
N20261010-S001,N20261010,2026-10-11T00:15:00Z,900
N20261010-S002,N20261010,2026-10-11T00:30:00Z,900
N20261010-S003,N20261010,2026-10-11T00:45:00Z,900
N20261010-S004,N20261010,2026-10-11T01:00:00Z,900
N20261010-S005,N20261010,2026-10-11T01:15:00Z,900
N20261010-S006,N20261010,2026-10-11T01:30:00Z,900
N20261010-S007,N20261010,2026-10-11T01:45:00Z,900
N20261010-S008,N20261010,2026-10-11T02:00:00Z,900
N20261010-S009,N20261010,2026-10-11T02:15:00Z,900
N20261010-S010,N20261010,2026-10-11T02:30:00Z,900
N20261010-S011,N20261010,2026-10-11T02:45:00Z,900
N20261010-S012,N20261010,2026-10-11T03:00:00Z,900
N20261010-S013,N20261010,2026-10-11T03:15:00Z,900
N20261010-S014,N20261010,2026-10-11T03:30:00Z,900
N20261010-S015,N20261010,2026-10-11T03:45:00Z,900
N20261010-S016,N20261010,2026-10-11T04:00:00Z,900
N20261010-S017,N20261010,2026-10-11T04:15:00Z,900
N20261010-S018,N20261010,2026-10-11T04:30:00Z,900
N20261010-S019,N20261010,2026-10-11T04:45:00Z,900
N20261010-S020,N20261010,2026-10-11T05:00:00Z,900
N20261010-S021,N20261010,2026-10-11T05:15:00Z,900
N20261010-S022,N20261010,2026-10-11T05:30:00Z,900
N20261010-S023,N20261010,2026-10-11T05:45:00Z,900
N20261010-S024,N20261010,2026-10-11T06:00:00Z,900
N20261010-S025,N20261010,2026-10-11T06:15:00Z,900
N20261010-S026,N20261010,2026-10-11T06:30:00Z,900
N20261010-S027,N20261010,2026-10-11T06:45:00Z,900
N20261010-S028,N20261010,2026-10-11T07:00:00Z,900
N20261010-S029,N20261010,2026-10-11T07:15:00Z,900
N20261010-S030,N20261010,2026-10-11T07:30:00Z,900
N20261010-S031,N20261010,2026-10-11T07:45:00Z,900
N20261010-S032,N20261010,2026-10-11T08:00:00Z,900
N20261010-S033,N20261010,2026-10-11T08:15:00Z,900
N20261010-S034,N20261010,2026-10-11T08:30:00Z,900
N20261011-S001,N20261011,2026-10-12T00:15:00Z,900
N20261011-S002,N20261011,2026-10-12T00:30:00Z,900
N20261011-S003,N20261011,2026-10-12T00:45:00Z,900
N20261011-S004,N20261011,2026-10-12T01:00:00Z,900
N20261011-S005,N20261011,2026-10-12T01:15:00Z,900
N20261011-S006,N20261011,2026-10-12T01:30:00Z,900
N20261011-S007,N20261011,2026-10-12T01:45:00Z,900
N20261011-S008,N20261011,2026-10-12T02:00:00Z,900
N20261011-S009,N20261011,2026-10-12T02:15:00Z,900
N20261011-S010,N20261011,2026-10-12T02:30:00Z,900
N20261011-S011,N20261011,2026-10-12T02:45:00Z,900
N20261011-S012,N20261011,2026-10-12T03:00:00Z,900
N20261011-S013,N20261011,2026-10-12T03:15:00Z,900
N20261011-S014,N20261011,2026-10-12T03:30:00Z,900
N20261011-S015,N20261011,2026-10-12T03:45:00Z,900
N20261011-S016,N20261011,2026-10-12T04:00:00Z,900
N20261011-S017,N20261011,2026-10-12T04:15:00Z,900
N20261011-S018,N20261011,2026-10-12T04:30:00Z,900
N20261011-S019,N20261011,2026-10-12T04:45:00Z,900
N20261011-S020,N20261011,2026-10-12T05:00:00Z,900
N20261011-S021,N20261011,2026-10-12T05:15:00Z,900
N20261011-S022,N20261011,2026-10-12T05:30:00Z,900
N20261011-S023,N20261011,2026-10-12T05:45:00Z,900
N20261011-S024,N20261011,2026-10-12T06:00:00Z,900
N20261011-S025,N20261011,2026-10-12T06:15:00Z,900
N20261011-S026,N20261011,2026-10-12T06:30:00Z,900
N20261011-S027,N20261011,2026-10-12T06:45:00Z,900
N20261011-S028,N20261011,2026-10-12T07:00:00Z,900
N20261011-S029,N20261011,2026-10-12T07:15:00Z,900
N20261011-S030,N20261011,2026-10-12T07:30:00Z,900
N20261011-S031,N20261011,2026-10-12T07:45:00Z,900
N20261011-S032,N20261011,2026-10-12T08:00:00Z,900
N20261011-S033,N20261011,2026-10-12T08:15:00Z,900
N20261011-S034,N20261011,2026-10-12T08:30:00Z,900
N20261012-S001,N20261012,2026-10-13T00:15:00Z,900
N20261012-S002,N20261012,2026-10-13T00:30:00Z,900
N20261012-S003,N20261012,2026-10-13T00:45:00Z,900
N20261012-S004,N20261012,2026-10-13T01:00:00Z,900
N20261012-S005,N20261012,2026-10-13T01:15:00Z,900
N20261012-S006,N20261012,2026-10-13T01:30:00Z,900
N20261012-S007,N20261012,2026-10-13T01:45:00Z,900
N20261012-S008,N20261012,2026-10-13T02:00:00Z,900
N20261012-S009,N20261012,2026-10-13T02:15:00Z,900
N20261012-S010,N20261012,2026-10-13T02:30:00Z,900
N20261012-S011,N20261012,2026-10-13T02:45:00Z,900
N20261012-S012,N20261012,2026-10-13T03:00:00Z,900
N20261012-S013,N20261012,2026-10-13T03:15:00Z,900
N20261012-S014,N20261012,2026-10-13T03:30:00Z,900
N20261012-S015,N20261012,2026-10-13T03:45:00Z,900
N20261012-S016,N20261012,2026-10-13T04:00:00Z,900
N20261012-S017,N20261012,2026-10-13T04:15:00Z,900
N20261012-S018,N20261012,2026-10-13T04:30:00Z,900
N20261012-S019,N20261012,2026-10-13T04:45:00Z,900
N20261012-S020,N20261012,2026-10-13T05:00:00Z,900
N20261012-S021,N20261012,2026-10-13T05:15:00Z,900
N20261012-S022,N20261012,2026-10-13T05:30:00Z,900
N20261012-S023,N20261012,2026-10-13T05:45:00Z,900
N20261012-S024,N20261012,2026-10-13T06:00:00Z,900
N20261012-S025,N20261012,2026-10-13T06:15:00Z,900
N20261012-S026,N20261012,2026-10-13T06:30:00Z,900
N20261012-S027,N20261012,2026-10-13T06:45:00Z,900
N20261012-S028,N20261012,2026-10-13T07:00:00Z,900
N20261012-S029,N20261012,2026-10-13T07:15:00Z,900
N20261012-S030,N20261012,2026-10-13T07:30:00Z,900
N20261012-S031,N20261012,2026-10-13T07:45:00Z,900
N20261012-S032,N20261012,2026-10-13T08:00:00Z,900
N20261012-S033,N20261012,2026-10-13T08:15:00Z,900
N20261012-S034,N20261012,2026-10-13T08:30:00Z,900
N20261013-S001,N20261013,2026-10-14T00:15:00Z,900
N20261013-S002,N20261013,2026-10-14T00:30:00Z,900
N20261013-S003,N20261013,2026-10-14T00:45:00Z,900
N20261013-S004,N20261013,2026-10-14T01:00:00Z,900
N20261013-S005,N20261013,2026-10-14T01:15:00Z,900
N20261013-S006,N20261013,2026-10-14T01:30:00Z,900
N20261013-S007,N20261013,2026-10-14T01:45:00Z,900
N20261013-S008,N20261013,2026-10-14T02:00:00Z,900
N20261013-S009,N20261013,2026-10-14T02:15:00Z,900
N20261013-S010,N20261013,2026-10-14T02:30:00Z,900
N20261013-S011,N20261013,2026-10-14T02:45:00Z,900
N20261013-S012,N20261013,2026-10-14T03:00:00Z,900
N20261013-S013,N20261013,2026-10-14T03:15:00Z,900
N20261013-S014,N20261013,2026-10-14T03:30:00Z,900
N20261013-S015,N20261013,2026-10-14T03:45:00Z,900
N20261013-S016,N20261013,2026-10-14T04:00:00Z,900
N20261013-S017,N20261013,2026-10-14T04:15:00Z,900
N20261013-S018,N20261013,2026-10-14T04:30:00Z,900
N20261013-S019,N20261013,2026-10-14T04:45:00Z,900
N20261013-S020,N20261013,2026-10-14T05:00:00Z,900
N20261013-S021,N20261013,2026-10-14T05:15:00Z,900
N20261013-S022,N20261013,2026-10-14T05:30:00Z,900
N20261013-S023,N20261013,2026-10-14T05:45:00Z,900
N20261013-S024,N20261013,2026-10-14T06:00:00Z,900
N20261013-S025,N20261013,2026-10-14T06:15:00Z,900
N20261013-S026,N20261013,2026-10-14T06:30:00Z,900
N20261013-S027,N20261013,2026-10-14T06:45:00Z,900
N20261013-S028,N20261013,2026-10-14T07:00:00Z,900
N20261013-S029,N20261013,2026-10-14T07:15:00Z,900
N20261013-S030,N20261013,2026-10-14T07:30:00Z,900
N20261013-S031,N20261013,2026-10-14T07:45:00Z,900
N20261013-S032,N20261013,2026-10-14T08:00:00Z,900
N20261013-S033,N20261013,2026-10-14T08:15:00Z,900
N20261013-S034,N20261013,2026-10-14T08:30:00Z,900
N20261014-S001,N20261014,2026-10-15T00:15:00Z,900
N20261014-S002,N20261014,2026-10-15T00:30:00Z,900
N20261014-S003,N20261014,2026-10-15T00:45:00Z,900
N20261014-S004,N20261014,2026-10-15T01:00:00Z,900
N20261014-S005,N20261014,2026-10-15T01:15:00Z,900
N20261014-S006,N20261014,2026-10-15T01:30:00Z,900
N20261014-S007,N20261014,2026-10-15T01:45:00Z,900
N20261014-S008,N20261014,2026-10-15T02:00:00Z,900
N20261014-S009,N20261014,2026-10-15T02:15:00Z,900
N20261014-S010,N20261014,2026-10-15T02:30:00Z,900
N20261014-S011,N20261014,2026-10-15T02:45:00Z,900
N20261014-S012,N20261014,2026-10-15T03:00:00Z,900
N20261014-S013,N20261014,2026-10-15T03:15:00Z,900
N20261014-S014,N20261014,2026-10-15T03:30:00Z,900
N20261014-S015,N20261014,2026-10-15T03:45:00Z,900
N20261014-S016,N20261014,2026-10-15T04:00:00Z,900
N20261014-S017,N20261014,2026-10-15T04:15:00Z,900
N20261014-S018,N20261014,2026-10-15T04:30:00Z,900
N20261014-S019,N20261014,2026-10-15T04:45:00Z,900
N20261014-S020,N20261014,2026-10-15T05:00:00Z,900
N20261014-S021,N20261014,2026-10-15T05:15:00Z,900
N20261014-S022,N20261014,2026-10-15T05:30:00Z,900
N20261014-S023,N20261014,2026-10-15T05:45:00Z,900
N20261014-S024,N20261014,2026-10-15T06:00:00Z,900
N20261014-S025,N20261014,2026-10-15T06:15:00Z,900
N20261014-S026,N20261014,2026-10-15T06:30:00Z,900
N20261014-S027,N20261014,2026-10-15T06:45:00Z,900
N20261014-S028,N20261014,2026-10-15T07:00:00Z,900
N20261014-S029,N20261014,2026-10-15T07:15:00Z,900
N20261014-S030,N20261014,2026-10-15T07:30:00Z,900
N20261014-S031,N20261014,2026-10-15T07:45:00Z,900
N20261014-S032,N20261014,2026-10-15T08:00:00Z,900
N20261014-S033,N20261014,2026-10-15T08:15:00Z,900
N20261014-S034,N20261014,2026-10-15T08:30:00Z,900
N20261015-S001,N20261015,2026-10-16T00:15:00Z,900
N20261015-S002,N20261015,2026-10-16T00:30:00Z,900
N20261015-S003,N20261015,2026-10-16T00:45:00Z,900
N20261015-S004,N20261015,2026-10-16T01:00:00Z,900
N20261015-S005,N20261015,2026-10-16T01:15:00Z,900
N20261015-S006,N20261015,2026-10-16T01:30:00Z,900
N20261015-S007,N20261015,2026-10-16T01:45:00Z,900
N20261015-S008,N20261015,2026-10-16T02:00:00Z,900
N20261015-S009,N20261015,2026-10-16T02:15:00Z,900
N20261015-S010,N20261015,2026-10-16T02:30:00Z,900
N20261015-S011,N20261015,2026-10-16T02:45:00Z,900
N20261015-S012,N20261015,2026-10-16T03:00:00Z,900
N20261015-S013,N20261015,2026-10-16T03:15:00Z,900
N20261015-S014,N20261015,2026-10-16T03:30:00Z,900
N20261015-S015,N20261015,2026-10-16T03:45:00Z,900
N20261015-S016,N20261015,2026-10-16T04:00:00Z,900
N20261015-S017,N20261015,2026-10-16T04:15:00Z,900
N20261015-S018,N20261015,2026-10-16T04:30:00Z,900
N20261015-S019,N20261015,2026-10-16T04:45:00Z,900
N20261015-S020,N20261015,2026-10-16T05:00:00Z,900
N20261015-S021,N20261015,2026-10-16T05:15:00Z,900
N20261015-S022,N20261015,2026-10-16T05:30:00Z,900
N20261015-S023,N20261015,2026-10-16T05:45:00Z,900
N20261015-S024,N20261015,2026-10-16T06:00:00Z,900
N20261015-S025,N20261015,2026-10-16T06:15:00Z,900
N20261015-S026,N20261015,2026-10-16T06:30:00Z,900
N20261015-S027,N20261015,2026-10-16T06:45:00Z,900
N20261015-S028,N20261015,2026-10-16T07:00:00Z,900
N20261015-S029,N20261015,2026-10-16T07:15:00Z,900
N20261015-S030,N20261015,2026-10-16T07:30:00Z,900
N20261015-S031,N20261015,2026-10-16T07:45:00Z,900
N20261015-S032,N20261015,2026-10-16T08:00:00Z,900
N20261015-S033,N20261015,2026-10-16T08:15:00Z,900
N20261015-S034,N20261015,2026-10-16T08:30:00Z,900
N20261016-S001,N20261016,2026-10-17T00:15:00Z,900
N20261016-S002,N20261016,2026-10-17T00:30:00Z,900
N20261016-S003,N20261016,2026-10-17T00:45:00Z,900
N20261016-S004,N20261016,2026-10-17T01:00:00Z,900
N20261016-S005,N20261016,2026-10-17T01:15:00Z,900
N20261016-S006,N20261016,2026-10-17T01:30:00Z,900
N20261016-S007,N20261016,2026-10-17T01:45:00Z,900
N20261016-S008,N20261016,2026-10-17T02:00:00Z,900
N20261016-S009,N20261016,2026-10-17T02:15:00Z,900
N20261016-S010,N20261016,2026-10-17T02:30:00Z,900
N20261016-S011,N20261016,2026-10-17T02:45:00Z,900
N20261016-S012,N20261016,2026-10-17T03:00:00Z,900
N20261016-S013,N20261016,2026-10-17T03:15:00Z,900
N20261016-S014,N20261016,2026-10-17T03:30:00Z,900
N20261016-S015,N20261016,2026-10-17T03:45:00Z,900
N20261016-S016,N20261016,2026-10-17T04:00:00Z,900
N20261016-S017,N20261016,2026-10-17T04:15:00Z,900
N20261016-S018,N20261016,2026-10-17T04:30:00Z,900
N20261016-S019,N20261016,2026-10-17T04:45:00Z,900
N20261016-S020,N20261016,2026-10-17T05:00:00Z,900
N20261016-S021,N20261016,2026-10-17T05:15:00Z,900
N20261016-S022,N20261016,2026-10-17T05:30:00Z,900
N20261016-S023,N20261016,2026-10-17T05:45:00Z,900
N20261016-S024,N20261016,2026-10-17T06:00:00Z,900
N20261016-S025,N20261016,2026-10-17T06:15:00Z,900
N20261016-S026,N20261016,2026-10-17T06:30:00Z,900
N20261016-S027,N20261016,2026-10-17T06:45:00Z,900
N20261016-S028,N20261016,2026-10-17T07:00:00Z,900
N20261016-S029,N20261016,2026-10-17T07:15:00Z,900
N20261016-S030,N20261016,2026-10-17T07:30:00Z,900
N20261016-S031,N20261016,2026-10-17T07:45:00Z,900
N20261016-S032,N20261016,2026-10-17T08:00:00Z,900
N20261016-S033,N20261016,2026-10-17T08:15:00Z,900
N20261016-S034,N20261016,2026-10-17T08:30:00Z,900
N20261017-S001,N20261017,2026-10-18T00:15:00Z,900
N20261017-S002,N20261017,2026-10-18T00:30:00Z,900
N20261017-S003,N20261017,2026-10-18T00:45:00Z,900
N20261017-S004,N20261017,2026-10-18T01:00:00Z,900
N20261017-S005,N20261017,2026-10-18T01:15:00Z,900
N20261017-S006,N20261017,2026-10-18T01:30:00Z,900
N20261017-S007,N20261017,2026-10-18T01:45:00Z,900
N20261017-S008,N20261017,2026-10-18T02:00:00Z,900
N20261017-S009,N20261017,2026-10-18T02:15:00Z,900
N20261017-S010,N20261017,2026-10-18T02:30:00Z,900
N20261017-S011,N20261017,2026-10-18T02:45:00Z,900
N20261017-S012,N20261017,2026-10-18T03:00:00Z,900
N20261017-S013,N20261017,2026-10-18T03:15:00Z,900
N20261017-S014,N20261017,2026-10-18T03:30:00Z,900
N20261017-S015,N20261017,2026-10-18T03:45:00Z,900
N20261017-S016,N20261017,2026-10-18T04:00:00Z,900
N20261017-S017,N20261017,2026-10-18T04:15:00Z,900
N20261017-S018,N20261017,2026-10-18T04:30:00Z,900
N20261017-S019,N20261017,2026-10-18T04:45:00Z,900
N20261017-S020,N20261017,2026-10-18T05:00:00Z,900
N20261017-S021,N20261017,2026-10-18T05:15:00Z,900
N20261017-S022,N20261017,2026-10-18T05:30:00Z,900
N20261017-S023,N20261017,2026-10-18T05:45:00Z,900
N20261017-S024,N20261017,2026-10-18T06:00:00Z,900
N20261017-S025,N20261017,2026-10-18T06:15:00Z,900
N20261017-S026,N20261017,2026-10-18T06:30:00Z,900
N20261017-S027,N20261017,2026-10-18T06:45:00Z,900
N20261017-S028,N20261017,2026-10-18T07:00:00Z,900
N20261017-S029,N20261017,2026-10-18T07:15:00Z,900
N20261017-S030,N20261017,2026-10-18T07:30:00Z,900
N20261017-S031,N20261017,2026-10-18T07:45:00Z,900
N20261017-S032,N20261017,2026-10-18T08:00:00Z,900
N20261017-S033,N20261017,2026-10-18T08:15:00Z,900
N20261017-S034,N20261017,2026-10-18T08:30:00Z,900
N20261018-S001,N20261018,2026-10-19T00:15:00Z,900
N20261018-S002,N20261018,2026-10-19T00:30:00Z,900
N20261018-S003,N20261018,2026-10-19T00:45:00Z,900
N20261018-S004,N20261018,2026-10-19T01:00:00Z,900
N20261018-S005,N20261018,2026-10-19T01:15:00Z,900
N20261018-S006,N20261018,2026-10-19T01:30:00Z,900
N20261018-S007,N20261018,2026-10-19T01:45:00Z,900
N20261018-S008,N20261018,2026-10-19T02:00:00Z,900
N20261018-S009,N20261018,2026-10-19T02:15:00Z,900
N20261018-S010,N20261018,2026-10-19T02:30:00Z,900
N20261018-S011,N20261018,2026-10-19T02:45:00Z,900
N20261018-S012,N20261018,2026-10-19T03:00:00Z,900
N20261018-S013,N20261018,2026-10-19T03:15:00Z,900
N20261018-S014,N20261018,2026-10-19T03:30:00Z,900
N20261018-S015,N20261018,2026-10-19T03:45:00Z,900
N20261018-S016,N20261018,2026-10-19T04:00:00Z,900
N20261018-S017,N20261018,2026-10-19T04:15:00Z,900
N20261018-S018,N20261018,2026-10-19T04:30:00Z,900
N20261018-S019,N20261018,2026-10-19T04:45:00Z,900
N20261018-S020,N20261018,2026-10-19T05:00:00Z,900
N20261018-S021,N20261018,2026-10-19T05:15:00Z,900
N20261018-S022,N20261018,2026-10-19T05:30:00Z,900
N20261018-S023,N20261018,2026-10-19T05:45:00Z,900
N20261018-S024,N20261018,2026-10-19T06:00:00Z,900
N20261018-S025,N20261018,2026-10-19T06:15:00Z,900
N20261018-S026,N20261018,2026-10-19T06:30:00Z,900
N20261018-S027,N20261018,2026-10-19T06:45:00Z,900
N20261018-S028,N20261018,2026-10-19T07:00:00Z,900
N20261018-S029,N20261018,2026-10-19T07:15:00Z,900
N20261018-S030,N20261018,2026-10-19T07:30:00Z,900
N20261018-S031,N20261018,2026-10-19T07:45:00Z,900
N20261018-S032,N20261018,2026-10-19T08:00:00Z,900
N20261018-S033,N20261018,2026-10-19T08:15:00Z,900
N20261018-S034,N20261018,2026-10-19T08:30:00Z,900
N20261019-S001,N20261019,2026-10-20T00:15:00Z,900
N20261019-S002,N20261019,2026-10-20T00:30:00Z,900
N20261019-S003,N20261019,2026-10-20T00:45:00Z,900
N20261019-S004,N20261019,2026-10-20T01:00:00Z,900
N20261019-S005,N20261019,2026-10-20T01:15:00Z,900
N20261019-S006,N20261019,2026-10-20T01:30:00Z,900
N20261019-S007,N20261019,2026-10-20T01:45:00Z,900
N20261019-S008,N20261019,2026-10-20T02:00:00Z,900
N20261019-S009,N20261019,2026-10-20T02:15:00Z,900
N20261019-S010,N20261019,2026-10-20T02:30:00Z,900
N20261019-S011,N20261019,2026-10-20T02:45:00Z,900
N20261019-S012,N20261019,2026-10-20T03:00:00Z,900
N20261019-S013,N20261019,2026-10-20T03:15:00Z,900
N20261019-S014,N20261019,2026-10-20T03:30:00Z,900
N20261019-S015,N20261019,2026-10-20T03:45:00Z,900
N20261019-S016,N20261019,2026-10-20T04:00:00Z,900
N20261019-S017,N20261019,2026-10-20T04:15:00Z,900
N20261019-S018,N20261019,2026-10-20T04:30:00Z,900
N20261019-S019,N20261019,2026-10-20T04:45:00Z,900
N20261019-S020,N20261019,2026-10-20T05:00:00Z,900
N20261019-S021,N20261019,2026-10-20T05:15:00Z,900
N20261019-S022,N20261019,2026-10-20T05:30:00Z,900
N20261019-S023,N20261019,2026-10-20T05:45:00Z,900
N20261019-S024,N20261019,2026-10-20T06:00:00Z,900
N20261019-S025,N20261019,2026-10-20T06:15:00Z,900
N20261019-S026,N20261019,2026-10-20T06:30:00Z,900
N20261019-S027,N20261019,2026-10-20T06:45:00Z,900
N20261019-S028,N20261019,2026-10-20T07:00:00Z,900
N20261019-S029,N20261019,2026-10-20T07:15:00Z,900
N20261019-S030,N20261019,2026-10-20T07:30:00Z,900
N20261019-S031,N20261019,2026-10-20T07:45:00Z,900
N20261019-S032,N20261019,2026-10-20T08:00:00Z,900
N20261019-S033,N20261019,2026-10-20T08:15:00Z,900
N20261020-S001,N20261020,2026-10-21T00:15:00Z,900
N20261020-S002,N20261020,2026-10-21T00:30:00Z,900
N20261020-S003,N20261020,2026-10-21T00:45:00Z,900
N20261020-S004,N20261020,2026-10-21T01:00:00Z,900
N20261020-S005,N20261020,2026-10-21T01:15:00Z,900
N20261020-S006,N20261020,2026-10-21T01:30:00Z,900
N20261020-S007,N20261020,2026-10-21T01:45:00Z,900
N20261020-S008,N20261020,2026-10-21T02:00:00Z,900
N20261020-S009,N20261020,2026-10-21T02:15:00Z,900
N20261020-S010,N20261020,2026-10-21T02:30:00Z,900
N20261020-S011,N20261020,2026-10-21T02:45:00Z,900
N20261020-S012,N20261020,2026-10-21T03:00:00Z,900
N20261020-S013,N20261020,2026-10-21T03:15:00Z,900
N20261020-S014,N20261020,2026-10-21T03:30:00Z,900
N20261020-S015,N20261020,2026-10-21T03:45:00Z,900
N20261020-S016,N20261020,2026-10-21T04:00:00Z,900
N20261020-S017,N20261020,2026-10-21T04:15:00Z,900
N20261020-S018,N20261020,2026-10-21T04:30:00Z,900
N20261020-S019,N20261020,2026-10-21T04:45:00Z,900
N20261020-S020,N20261020,2026-10-21T05:00:00Z,900
N20261020-S021,N20261020,2026-10-21T05:15:00Z,900
N20261020-S022,N20261020,2026-10-21T05:30:00Z,900
N20261020-S023,N20261020,2026-10-21T05:45:00Z,900
N20261020-S024,N20261020,2026-10-21T06:00:00Z,900
N20261020-S025,N20261020,2026-10-21T06:15:00Z,900
N20261020-S026,N20261020,2026-10-21T06:30:00Z,900
N20261020-S027,N20261020,2026-10-21T06:45:00Z,900
N20261020-S028,N20261020,2026-10-21T07:00:00Z,900
N20261020-S029,N20261020,2026-10-21T07:15:00Z,900
N20261020-S030,N20261020,2026-10-21T07:30:00Z,900
N20261020-S031,N20261020,2026-10-21T07:45:00Z,900
N20261020-S032,N20261020,2026-10-21T08:00:00Z,900
N20261020-S033,N20261020,2026-10-21T08:15:00Z,900
N20261021-S001,N20261021,2026-10-22T00:15:00Z,900
N20261021-S002,N20261021,2026-10-22T00:30:00Z,900
N20261021-S003,N20261021,2026-10-22T00:45:00Z,900
N20261021-S004,N20261021,2026-10-22T01:00:00Z,900
N20261021-S005,N20261021,2026-10-22T01:15:00Z,900
N20261021-S006,N20261021,2026-10-22T01:30:00Z,900
N20261021-S007,N20261021,2026-10-22T01:45:00Z,900
N20261021-S008,N20261021,2026-10-22T02:00:00Z,900
N20261021-S009,N20261021,2026-10-22T02:15:00Z,900
N20261021-S010,N20261021,2026-10-22T02:30:00Z,900
N20261021-S011,N20261021,2026-10-22T02:45:00Z,900
N20261021-S012,N20261021,2026-10-22T03:00:00Z,900
N20261021-S013,N20261021,2026-10-22T03:15:00Z,900
N20261021-S014,N20261021,2026-10-22T03:30:00Z,900
N20261021-S015,N20261021,2026-10-22T03:45:00Z,900
N20261021-S016,N20261021,2026-10-22T04:00:00Z,900
N20261021-S017,N20261021,2026-10-22T04:15:00Z,900
N20261021-S018,N20261021,2026-10-22T04:30:00Z,900
N20261021-S019,N20261021,2026-10-22T04:45:00Z,900
N20261021-S020,N20261021,2026-10-22T05:00:00Z,900
N20261021-S021,N20261021,2026-10-22T05:15:00Z,900
N20261021-S022,N20261021,2026-10-22T05:30:00Z,900
N20261021-S023,N20261021,2026-10-22T05:45:00Z,900
N20261021-S024,N20261021,2026-10-22T06:00:00Z,900
N20261021-S025,N20261021,2026-10-22T06:15:00Z,900
N20261021-S026,N20261021,2026-10-22T06:30:00Z,900
N20261021-S027,N20261021,2026-10-22T06:45:00Z,900
N20261021-S028,N20261021,2026-10-22T07:00:00Z,900
N20261021-S029,N20261021,2026-10-22T07:15:00Z,900
N20261021-S030,N20261021,2026-10-22T07:30:00Z,900
N20261021-S031,N20261021,2026-10-22T07:45:00Z,900
N20261021-S032,N20261021,2026-10-22T08:00:00Z,900
N20261021-S033,N20261021,2026-10-22T08:15:00Z,900
N20261022-S001,N20261022,2026-10-23T00:15:00Z,900
N20261022-S002,N20261022,2026-10-23T00:30:00Z,900
N20261022-S003,N20261022,2026-10-23T00:45:00Z,900
N20261022-S004,N20261022,2026-10-23T01:00:00Z,900
N20261022-S005,N20261022,2026-10-23T01:15:00Z,900
N20261022-S006,N20261022,2026-10-23T01:30:00Z,900
N20261022-S007,N20261022,2026-10-23T01:45:00Z,900
N20261022-S008,N20261022,2026-10-23T02:00:00Z,900
N20261022-S009,N20261022,2026-10-23T02:15:00Z,900
N20261022-S010,N20261022,2026-10-23T02:30:00Z,900
N20261022-S011,N20261022,2026-10-23T02:45:00Z,900
N20261022-S012,N20261022,2026-10-23T03:00:00Z,900
N20261022-S013,N20261022,2026-10-23T03:15:00Z,900
N20261022-S014,N20261022,2026-10-23T03:30:00Z,900
N20261022-S015,N20261022,2026-10-23T03:45:00Z,900
N20261022-S016,N20261022,2026-10-23T04:00:00Z,900
N20261022-S017,N20261022,2026-10-23T04:15:00Z,900
N20261022-S018,N20261022,2026-10-23T04:30:00Z,900
N20261022-S019,N20261022,2026-10-23T04:45:00Z,900
N20261022-S020,N20261022,2026-10-23T05:00:00Z,900
N20261022-S021,N20261022,2026-10-23T05:15:00Z,900
N20261022-S022,N20261022,2026-10-23T05:30:00Z,900
N20261022-S023,N20261022,2026-10-23T05:45:00Z,900
N20261022-S024,N20261022,2026-10-23T06:00:00Z,900
N20261022-S025,N20261022,2026-10-23T06:15:00Z,900
N20261022-S026,N20261022,2026-10-23T06:30:00Z,900
N20261022-S027,N20261022,2026-10-23T06:45:00Z,900
N20261022-S028,N20261022,2026-10-23T07:00:00Z,900
N20261022-S029,N20261022,2026-10-23T07:15:00Z,900
N20261022-S030,N20261022,2026-10-23T07:30:00Z,900
N20261022-S031,N20261022,2026-10-23T07:45:00Z,900
N20261022-S032,N20261022,2026-10-23T08:00:00Z,900
N20261022-S033,N20261022,2026-10-23T08:15:00Z,900
N20261023-S001,N20261023,2026-10-24T00:15:00Z,900
N20261023-S002,N20261023,2026-10-24T00:30:00Z,900
N20261023-S003,N20261023,2026-10-24T00:45:00Z,900
N20261023-S004,N20261023,2026-10-24T01:00:00Z,900
N20261023-S005,N20261023,2026-10-24T01:15:00Z,900
N20261023-S006,N20261023,2026-10-24T01:30:00Z,900
N20261023-S007,N20261023,2026-10-24T01:45:00Z,900
N20261023-S008,N20261023,2026-10-24T02:00:00Z,900
N20261023-S009,N20261023,2026-10-24T02:15:00Z,900
N20261023-S010,N20261023,2026-10-24T02:30:00Z,900
N20261023-S011,N20261023,2026-10-24T02:45:00Z,900
N20261023-S012,N20261023,2026-10-24T03:00:00Z,900
N20261023-S013,N20261023,2026-10-24T03:15:00Z,900
N20261023-S014,N20261023,2026-10-24T03:30:00Z,900
N20261023-S015,N20261023,2026-10-24T03:45:00Z,900
N20261023-S016,N20261023,2026-10-24T04:00:00Z,900
N20261023-S017,N20261023,2026-10-24T04:15:00Z,900
N20261023-S018,N20261023,2026-10-24T04:30:00Z,900
N20261023-S019,N20261023,2026-10-24T04:45:00Z,900
N20261023-S020,N20261023,2026-10-24T05:00:00Z,900
N20261023-S021,N20261023,2026-10-24T05:15:00Z,900
N20261023-S022,N20261023,2026-10-24T05:30:00Z,900
N20261023-S023,N20261023,2026-10-24T05:45:00Z,900
N20261023-S024,N20261023,2026-10-24T06:00:00Z,900
N20261023-S025,N20261023,2026-10-24T06:15:00Z,900
N20261023-S026,N20261023,2026-10-24T06:30:00Z,900
N20261023-S027,N20261023,2026-10-24T06:45:00Z,900
N20261023-S028,N20261023,2026-10-24T07:00:00Z,900
N20261023-S029,N20261023,2026-10-24T07:15:00Z,900
N20261023-S030,N20261023,2026-10-24T07:30:00Z,900
N20261023-S031,N20261023,2026-10-24T07:45:00Z,900
N20261023-S032,N20261023,2026-10-24T08:00:00Z,900
N20261023-S033,N20261023,2026-10-24T08:15:00Z,900
N20261024-S001,N20261024,2026-10-25T00:15:00Z,900
N20261024-S002,N20261024,2026-10-25T00:30:00Z,900
N20261024-S003,N20261024,2026-10-25T00:45:00Z,900
N20261024-S004,N20261024,2026-10-25T01:00:00Z,900
N20261024-S005,N20261024,2026-10-25T01:15:00Z,900
N20261024-S006,N20261024,2026-10-25T01:30:00Z,900
N20261024-S007,N20261024,2026-10-25T01:45:00Z,900
N20261024-S008,N20261024,2026-10-25T02:00:00Z,900
N20261024-S009,N20261024,2026-10-25T02:15:00Z,900
N20261024-S010,N20261024,2026-10-25T02:30:00Z,900
N20261024-S011,N20261024,2026-10-25T02:45:00Z,900
N20261024-S012,N20261024,2026-10-25T03:00:00Z,900
N20261024-S013,N20261024,2026-10-25T03:15:00Z,900
N20261024-S014,N20261024,2026-10-25T03:30:00Z,900
N20261024-S015,N20261024,2026-10-25T03:45:00Z,900
N20261024-S016,N20261024,2026-10-25T04:00:00Z,900
N20261024-S017,N20261024,2026-10-25T04:15:00Z,900
N20261024-S018,N20261024,2026-10-25T04:30:00Z,900
N20261024-S019,N20261024,2026-10-25T04:45:00Z,900
N20261024-S020,N20261024,2026-10-25T05:00:00Z,900
N20261024-S021,N20261024,2026-10-25T05:15:00Z,900
N20261024-S022,N20261024,2026-10-25T05:30:00Z,900
N20261024-S023,N20261024,2026-10-25T05:45:00Z,900
N20261024-S024,N20261024,2026-10-25T06:00:00Z,900
N20261024-S025,N20261024,2026-10-25T06:15:00Z,900
N20261024-S026,N20261024,2026-10-25T06:30:00Z,900
N20261024-S027,N20261024,2026-10-25T06:45:00Z,900
N20261024-S028,N20261024,2026-10-25T07:00:00Z,900
N20261024-S029,N20261024,2026-10-25T07:15:00Z,900
N20261024-S030,N20261024,2026-10-25T07:30:00Z,900
N20261024-S031,N20261024,2026-10-25T07:45:00Z,900
N20261024-S032,N20261024,2026-10-25T08:00:00Z,900
N20261024-S033,N20261024,2026-10-25T08:15:00Z,900
N20261025-S001,N20261025,2026-10-26T00:15:00Z,900
N20261025-S002,N20261025,2026-10-26T00:30:00Z,900
N20261025-S003,N20261025,2026-10-26T00:45:00Z,900
N20261025-S004,N20261025,2026-10-26T01:00:00Z,900
N20261025-S005,N20261025,2026-10-26T01:15:00Z,900
N20261025-S006,N20261025,2026-10-26T01:30:00Z,900
N20261025-S007,N20261025,2026-10-26T01:45:00Z,900
N20261025-S008,N20261025,2026-10-26T02:00:00Z,900
N20261025-S009,N20261025,2026-10-26T02:15:00Z,900
N20261025-S010,N20261025,2026-10-26T02:30:00Z,900
N20261025-S011,N20261025,2026-10-26T02:45:00Z,900
N20261025-S012,N20261025,2026-10-26T03:00:00Z,900
N20261025-S013,N20261025,2026-10-26T03:15:00Z,900
N20261025-S014,N20261025,2026-10-26T03:30:00Z,900
N20261025-S015,N20261025,2026-10-26T03:45:00Z,900
N20261025-S016,N20261025,2026-10-26T04:00:00Z,900
N20261025-S017,N20261025,2026-10-26T04:15:00Z,900
N20261025-S018,N20261025,2026-10-26T04:30:00Z,900
N20261025-S019,N20261025,2026-10-26T04:45:00Z,900
N20261025-S020,N20261025,2026-10-26T05:00:00Z,900
N20261025-S021,N20261025,2026-10-26T05:15:00Z,900
N20261025-S022,N20261025,2026-10-26T05:30:00Z,900
N20261025-S023,N20261025,2026-10-26T05:45:00Z,900
N20261025-S024,N20261025,2026-10-26T06:00:00Z,900
N20261025-S025,N20261025,2026-10-26T06:15:00Z,900
N20261025-S026,N20261025,2026-10-26T06:30:00Z,900
N20261025-S027,N20261025,2026-10-26T06:45:00Z,900
N20261025-S028,N20261025,2026-10-26T07:00:00Z,900
N20261025-S029,N20261025,2026-10-26T07:15:00Z,900
N20261025-S030,N20261025,2026-10-26T07:30:00Z,900
N20261025-S031,N20261025,2026-10-26T07:45:00Z,900
N20261025-S032,N20261025,2026-10-26T08:00:00Z,900
N20261025-S033,N20261025,2026-10-26T08:15:00Z,900
N20261026-S001,N20261026,2026-10-27T00:15:00Z,900
N20261026-S002,N20261026,2026-10-27T00:30:00Z,900
N20261026-S003,N20261026,2026-10-27T00:45:00Z,900
N20261026-S004,N20261026,2026-10-27T01:00:00Z,900
N20261026-S005,N20261026,2026-10-27T01:15:00Z,900
N20261026-S006,N20261026,2026-10-27T01:30:00Z,900
N20261026-S007,N20261026,2026-10-27T01:45:00Z,900
N20261026-S008,N20261026,2026-10-27T02:00:00Z,900
N20261026-S009,N20261026,2026-10-27T02:15:00Z,900
N20261026-S010,N20261026,2026-10-27T02:30:00Z,900
N20261026-S011,N20261026,2026-10-27T02:45:00Z,900
N20261026-S012,N20261026,2026-10-27T03:00:00Z,900
N20261026-S013,N20261026,2026-10-27T03:15:00Z,900
N20261026-S014,N20261026,2026-10-27T03:30:00Z,900
N20261026-S015,N20261026,2026-10-27T03:45:00Z,900
N20261026-S016,N20261026,2026-10-27T04:00:00Z,900
N20261026-S017,N20261026,2026-10-27T04:15:00Z,900
N20261026-S018,N20261026,2026-10-27T04:30:00Z,900
N20261026-S019,N20261026,2026-10-27T04:45:00Z,900
N20261026-S020,N20261026,2026-10-27T05:00:00Z,900
N20261026-S021,N20261026,2026-10-27T05:15:00Z,900
N20261026-S022,N20261026,2026-10-27T05:30:00Z,900
N20261026-S023,N20261026,2026-10-27T05:45:00Z,900
N20261026-S024,N20261026,2026-10-27T06:00:00Z,900
N20261026-S025,N20261026,2026-10-27T06:15:00Z,900
N20261026-S026,N20261026,2026-10-27T06:30:00Z,900
N20261026-S027,N20261026,2026-10-27T06:45:00Z,900
N20261026-S028,N20261026,2026-10-27T07:00:00Z,900
N20261026-S029,N20261026,2026-10-27T07:15:00Z,900
N20261026-S030,N20261026,2026-10-27T07:30:00Z,900
N20261026-S031,N20261026,2026-10-27T07:45:00Z,900
N20261026-S032,N20261026,2026-10-27T08:00:00Z,900
N20261026-S033,N20261026,2026-10-27T08:15:00Z,900
N20261027-S001,N20261027,2026-10-28T00:15:00Z,900
N20261027-S002,N20261027,2026-10-28T00:30:00Z,900
N20261027-S003,N20261027,2026-10-28T00:45:00Z,900
N20261027-S004,N20261027,2026-10-28T01:00:00Z,900
N20261027-S005,N20261027,2026-10-28T01:15:00Z,900
N20261027-S006,N20261027,2026-10-28T01:30:00Z,900
N20261027-S007,N20261027,2026-10-28T01:45:00Z,900
N20261027-S008,N20261027,2026-10-28T02:00:00Z,900
N20261027-S009,N20261027,2026-10-28T02:15:00Z,900
N20261027-S010,N20261027,2026-10-28T02:30:00Z,900
N20261027-S011,N20261027,2026-10-28T02:45:00Z,900
N20261027-S012,N20261027,2026-10-28T03:00:00Z,900
N20261027-S013,N20261027,2026-10-28T03:15:00Z,900
N20261027-S014,N20261027,2026-10-28T03:30:00Z,900
N20261027-S015,N20261027,2026-10-28T03:45:00Z,900
N20261027-S016,N20261027,2026-10-28T04:00:00Z,900
N20261027-S017,N20261027,2026-10-28T04:15:00Z,900
N20261027-S018,N20261027,2026-10-28T04:30:00Z,900
N20261027-S019,N20261027,2026-10-28T04:45:00Z,900
N20261027-S020,N20261027,2026-10-28T05:00:00Z,900
N20261027-S021,N20261027,2026-10-28T05:15:00Z,900
N20261027-S022,N20261027,2026-10-28T05:30:00Z,900
N20261027-S023,N20261027,2026-10-28T05:45:00Z,900
N20261027-S024,N20261027,2026-10-28T06:00:00Z,900
N20261027-S025,N20261027,2026-10-28T06:15:00Z,900
N20261027-S026,N20261027,2026-10-28T06:30:00Z,900
N20261027-S027,N20261027,2026-10-28T06:45:00Z,900
N20261027-S028,N20261027,2026-10-28T07:00:00Z,900
N20261027-S029,N20261027,2026-10-28T07:15:00Z,900
N20261027-S030,N20261027,2026-10-28T07:30:00Z,900
N20261027-S031,N20261027,2026-10-28T07:45:00Z,900
N20261027-S032,N20261027,2026-10-28T08:00:00Z,900
N20261027-S033,N20261027,2026-10-28T08:15:00Z,900
N20261028-S001,N20261028,2026-10-29T00:15:00Z,900
N20261028-S002,N20261028,2026-10-29T00:30:00Z,900
N20261028-S003,N20261028,2026-10-29T00:45:00Z,900
N20261028-S004,N20261028,2026-10-29T01:00:00Z,900
N20261028-S005,N20261028,2026-10-29T01:15:00Z,900
N20261028-S006,N20261028,2026-10-29T01:30:00Z,900
N20261028-S007,N20261028,2026-10-29T01:45:00Z,900
N20261028-S008,N20261028,2026-10-29T02:00:00Z,900
N20261028-S009,N20261028,2026-10-29T02:15:00Z,900
N20261028-S010,N20261028,2026-10-29T02:30:00Z,900
N20261028-S011,N20261028,2026-10-29T02:45:00Z,900
N20261028-S012,N20261028,2026-10-29T03:00:00Z,900
N20261028-S013,N20261028,2026-10-29T03:15:00Z,900
N20261028-S014,N20261028,2026-10-29T03:30:00Z,900
N20261028-S015,N20261028,2026-10-29T03:45:00Z,900
N20261028-S016,N20261028,2026-10-29T04:00:00Z,900
N20261028-S017,N20261028,2026-10-29T04:15:00Z,900
N20261028-S018,N20261028,2026-10-29T04:30:00Z,900
N20261028-S019,N20261028,2026-10-29T04:45:00Z,900
N20261028-S020,N20261028,2026-10-29T05:00:00Z,900
N20261028-S021,N20261028,2026-10-29T05:15:00Z,900
N20261028-S022,N20261028,2026-10-29T05:30:00Z,900
N20261028-S023,N20261028,2026-10-29T05:45:00Z,900
N20261028-S024,N20261028,2026-10-29T06:00:00Z,900
N20261028-S025,N20261028,2026-10-29T06:15:00Z,900
N20261028-S026,N20261028,2026-10-29T06:30:00Z,900
N20261028-S027,N20261028,2026-10-29T06:45:00Z,900
N20261028-S028,N20261028,2026-10-29T07:00:00Z,900
N20261028-S029,N20261028,2026-10-29T07:15:00Z,900
N20261028-S030,N20261028,2026-10-29T07:30:00Z,900
N20261028-S031,N20261028,2026-10-29T07:45:00Z,900
N20261028-S032,N20261028,2026-10-29T08:00:00Z,900
N20261028-S033,N20261028,2026-10-29T08:15:00Z,900
N20261029-S001,N20261029,2026-10-30T00:30:00Z,900
N20261029-S002,N20261029,2026-10-30T00:45:00Z,900
N20261029-S003,N20261029,2026-10-30T01:00:00Z,900
N20261029-S004,N20261029,2026-10-30T01:15:00Z,900
N20261029-S005,N20261029,2026-10-30T01:30:00Z,900
N20261029-S006,N20261029,2026-10-30T01:45:00Z,900
N20261029-S007,N20261029,2026-10-30T02:00:00Z,900
N20261029-S008,N20261029,2026-10-30T02:15:00Z,900
N20261029-S009,N20261029,2026-10-30T02:30:00Z,900
N20261029-S010,N20261029,2026-10-30T02:45:00Z,900
N20261029-S011,N20261029,2026-10-30T03:00:00Z,900
N20261029-S012,N20261029,2026-10-30T03:15:00Z,900
N20261029-S013,N20261029,2026-10-30T03:30:00Z,900
N20261029-S014,N20261029,2026-10-30T03:45:00Z,900
N20261029-S015,N20261029,2026-10-30T04:00:00Z,900
N20261029-S016,N20261029,2026-10-30T04:15:00Z,900
N20261029-S017,N20261029,2026-10-30T04:30:00Z,900
N20261029-S018,N20261029,2026-10-30T04:45:00Z,900
N20261029-S019,N20261029,2026-10-30T05:00:00Z,900
N20261029-S020,N20261029,2026-10-30T05:15:00Z,900
N20261029-S021,N20261029,2026-10-30T05:30:00Z,900
N20261029-S022,N20261029,2026-10-30T05:45:00Z,900
N20261029-S023,N20261029,2026-10-30T06:00:00Z,900
N20261029-S024,N20261029,2026-10-30T06:15:00Z,900
N20261029-S025,N20261029,2026-10-30T06:30:00Z,900
N20261029-S026,N20261029,2026-10-30T06:45:00Z,900
N20261029-S027,N20261029,2026-10-30T07:00:00Z,900
N20261029-S028,N20261029,2026-10-30T07:15:00Z,900
N20261029-S029,N20261029,2026-10-30T07:30:00Z,900
N20261029-S030,N20261029,2026-10-30T07:45:00Z,900
N20261029-S031,N20261029,2026-10-30T08:00:00Z,900
N20261029-S032,N20261029,2026-10-30T08:15:00Z,900
N20261030-S001,N20261030,2026-10-31T00:30:00Z,900
N20261030-S002,N20261030,2026-10-31T00:45:00Z,900
N20261030-S003,N20261030,2026-10-31T01:00:00Z,900
N20261030-S004,N20261030,2026-10-31T01:15:00Z,900
N20261030-S005,N20261030,2026-10-31T01:30:00Z,900
N20261030-S006,N20261030,2026-10-31T01:45:00Z,900
N20261030-S007,N20261030,2026-10-31T02:00:00Z,900
N20261030-S008,N20261030,2026-10-31T02:15:00Z,900
N20261030-S009,N20261030,2026-10-31T02:30:00Z,900
N20261030-S010,N20261030,2026-10-31T02:45:00Z,900
N20261030-S011,N20261030,2026-10-31T03:00:00Z,900
N20261030-S012,N20261030,2026-10-31T03:15:00Z,900
N20261030-S013,N20261030,2026-10-31T03:30:00Z,900
N20261030-S014,N20261030,2026-10-31T03:45:00Z,900
N20261030-S015,N20261030,2026-10-31T04:00:00Z,900
N20261030-S016,N20261030,2026-10-31T04:15:00Z,900
N20261030-S017,N20261030,2026-10-31T04:30:00Z,900
N20261030-S018,N20261030,2026-10-31T04:45:00Z,900
N20261030-S019,N20261030,2026-10-31T05:00:00Z,900
N20261030-S020,N20261030,2026-10-31T05:15:00Z,900
N20261030-S021,N20261030,2026-10-31T05:30:00Z,900
N20261030-S022,N20261030,2026-10-31T05:45:00Z,900
N20261030-S023,N20261030,2026-10-31T06:00:00Z,900
N20261030-S024,N20261030,2026-10-31T06:15:00Z,900
N20261030-S025,N20261030,2026-10-31T06:30:00Z,900
N20261030-S026,N20261030,2026-10-31T06:45:00Z,900
N20261030-S027,N20261030,2026-10-31T07:00:00Z,900
N20261030-S028,N20261030,2026-10-31T07:15:00Z,900
N20261030-S029,N20261030,2026-10-31T07:30:00Z,900
N20261030-S030,N20261030,2026-10-31T07:45:00Z,900
N20261030-S031,N20261030,2026-10-31T08:00:00Z,900
N20261030-S032,N20261030,2026-10-31T08:15:00Z,900
N20261031-S001,N20261031,2026-11-01T00:30:00Z,900
N20261031-S002,N20261031,2026-11-01T00:45:00Z,900
N20261031-S003,N20261031,2026-11-01T01:00:00Z,900
N20261031-S004,N20261031,2026-11-01T01:15:00Z,900
N20261031-S005,N20261031,2026-11-01T01:30:00Z,900
N20261031-S006,N20261031,2026-11-01T01:45:00Z,900
N20261031-S007,N20261031,2026-11-01T02:00:00Z,900
N20261031-S008,N20261031,2026-11-01T02:15:00Z,900
N20261031-S009,N20261031,2026-11-01T02:30:00Z,900
N20261031-S010,N20261031,2026-11-01T02:45:00Z,900
N20261031-S011,N20261031,2026-11-01T03:00:00Z,900
N20261031-S012,N20261031,2026-11-01T03:15:00Z,900
N20261031-S013,N20261031,2026-11-01T03:30:00Z,900
N20261031-S014,N20261031,2026-11-01T03:45:00Z,900
N20261031-S015,N20261031,2026-11-01T04:00:00Z,900
N20261031-S016,N20261031,2026-11-01T04:15:00Z,900
N20261031-S017,N20261031,2026-11-01T04:30:00Z,900
N20261031-S018,N20261031,2026-11-01T04:45:00Z,900
N20261031-S019,N20261031,2026-11-01T05:00:00Z,900
N20261031-S020,N20261031,2026-11-01T05:15:00Z,900
N20261031-S021,N20261031,2026-11-01T05:30:00Z,900
N20261031-S022,N20261031,2026-11-01T05:45:00Z,900
N20261031-S023,N20261031,2026-11-01T06:00:00Z,900
N20261031-S024,N20261031,2026-11-01T06:15:00Z,900
N20261031-S025,N20261031,2026-11-01T06:30:00Z,900
N20261031-S026,N20261031,2026-11-01T06:45:00Z,900
N20261031-S027,N20261031,2026-11-01T07:00:00Z,900
N20261031-S028,N20261031,2026-11-01T07:15:00Z,900
N20261031-S029,N20261031,2026-11-01T07:30:00Z,900
N20261031-S030,N20261031,2026-11-01T07:45:00Z,900
N20261031-S031,N20261031,2026-11-01T08:00:00Z,900
N20261031-S032,N20261031,2026-11-01T08:15:00Z,900
N20261101-S001,N20261101,2026-11-02T00:30:00Z,900
N20261101-S002,N20261101,2026-11-02T00:45:00Z,900
N20261101-S003,N20261101,2026-11-02T01:00:00Z,900
N20261101-S004,N20261101,2026-11-02T01:15:00Z,900
N20261101-S005,N20261101,2026-11-02T01:30:00Z,900
N20261101-S006,N20261101,2026-11-02T01:45:00Z,900
N20261101-S007,N20261101,2026-11-02T02:00:00Z,900
N20261101-S008,N20261101,2026-11-02T02:15:00Z,900
N20261101-S009,N20261101,2026-11-02T02:30:00Z,900
N20261101-S010,N20261101,2026-11-02T02:45:00Z,900
N20261101-S011,N20261101,2026-11-02T03:00:00Z,900
N20261101-S012,N20261101,2026-11-02T03:15:00Z,900
N20261101-S013,N20261101,2026-11-02T03:30:00Z,900
N20261101-S014,N20261101,2026-11-02T03:45:00Z,900
N20261101-S015,N20261101,2026-11-02T04:00:00Z,900
N20261101-S016,N20261101,2026-11-02T04:15:00Z,900
N20261101-S017,N20261101,2026-11-02T04:30:00Z,900
N20261101-S018,N20261101,2026-11-02T04:45:00Z,900
N20261101-S019,N20261101,2026-11-02T05:00:00Z,900
N20261101-S020,N20261101,2026-11-02T05:15:00Z,900
N20261101-S021,N20261101,2026-11-02T05:30:00Z,900
N20261101-S022,N20261101,2026-11-02T05:45:00Z,900
N20261101-S023,N20261101,2026-11-02T06:00:00Z,900
N20261101-S024,N20261101,2026-11-02T06:15:00Z,900
N20261101-S025,N20261101,2026-11-02T06:30:00Z,900
N20261101-S026,N20261101,2026-11-02T06:45:00Z,900
N20261101-S027,N20261101,2026-11-02T07:00:00Z,900
N20261101-S028,N20261101,2026-11-02T07:15:00Z,900
N20261101-S029,N20261101,2026-11-02T07:30:00Z,900
N20261101-S030,N20261101,2026-11-02T07:45:00Z,900
N20261101-S031,N20261101,2026-11-02T08:00:00Z,900
N20261101-S032,N20261101,2026-11-02T08:15:00Z,900
N20261102-S001,N20261102,2026-11-03T00:30:00Z,900
N20261102-S002,N20261102,2026-11-03T00:45:00Z,900
N20261102-S003,N20261102,2026-11-03T01:00:00Z,900
N20261102-S004,N20261102,2026-11-03T01:15:00Z,900
N20261102-S005,N20261102,2026-11-03T01:30:00Z,900
N20261102-S006,N20261102,2026-11-03T01:45:00Z,900
N20261102-S007,N20261102,2026-11-03T02:00:00Z,900
N20261102-S008,N20261102,2026-11-03T02:15:00Z,900
N20261102-S009,N20261102,2026-11-03T02:30:00Z,900
N20261102-S010,N20261102,2026-11-03T02:45:00Z,900
N20261102-S011,N20261102,2026-11-03T03:00:00Z,900
N20261102-S012,N20261102,2026-11-03T03:15:00Z,900
N20261102-S013,N20261102,2026-11-03T03:30:00Z,900
N20261102-S014,N20261102,2026-11-03T03:45:00Z,900
N20261102-S015,N20261102,2026-11-03T04:00:00Z,900
N20261102-S016,N20261102,2026-11-03T04:15:00Z,900
N20261102-S017,N20261102,2026-11-03T04:30:00Z,900
N20261102-S018,N20261102,2026-11-03T04:45:00Z,900
N20261102-S019,N20261102,2026-11-03T05:00:00Z,900
N20261102-S020,N20261102,2026-11-03T05:15:00Z,900
N20261102-S021,N20261102,2026-11-03T05:30:00Z,900
N20261102-S022,N20261102,2026-11-03T05:45:00Z,900
N20261102-S023,N20261102,2026-11-03T06:00:00Z,900
N20261102-S024,N20261102,2026-11-03T06:15:00Z,900
N20261102-S025,N20261102,2026-11-03T06:30:00Z,900
N20261102-S026,N20261102,2026-11-03T06:45:00Z,900
N20261102-S027,N20261102,2026-11-03T07:00:00Z,900
N20261102-S028,N20261102,2026-11-03T07:15:00Z,900
N20261102-S029,N20261102,2026-11-03T07:30:00Z,900
N20261102-S030,N20261102,2026-11-03T07:45:00Z,900
N20261102-S031,N20261102,2026-11-03T08:00:00Z,900
N20261102-S032,N20261102,2026-11-03T08:15:00Z,900
N20261103-S001,N20261103,2026-11-04T00:30:00Z,900
N20261103-S002,N20261103,2026-11-04T00:45:00Z,900
N20261103-S003,N20261103,2026-11-04T01:00:00Z,900
N20261103-S004,N20261103,2026-11-04T01:15:00Z,900
N20261103-S005,N20261103,2026-11-04T01:30:00Z,900
N20261103-S006,N20261103,2026-11-04T01:45:00Z,900
N20261103-S007,N20261103,2026-11-04T02:00:00Z,900
N20261103-S008,N20261103,2026-11-04T02:15:00Z,900
N20261103-S009,N20261103,2026-11-04T02:30:00Z,900
N20261103-S010,N20261103,2026-11-04T02:45:00Z,900
N20261103-S011,N20261103,2026-11-04T03:00:00Z,900
N20261103-S012,N20261103,2026-11-04T03:15:00Z,900
N20261103-S013,N20261103,2026-11-04T03:30:00Z,900
N20261103-S014,N20261103,2026-11-04T03:45:00Z,900
N20261103-S015,N20261103,2026-11-04T04:00:00Z,900
N20261103-S016,N20261103,2026-11-04T04:15:00Z,900
N20261103-S017,N20261103,2026-11-04T04:30:00Z,900
N20261103-S018,N20261103,2026-11-04T04:45:00Z,900
N20261103-S019,N20261103,2026-11-04T05:00:00Z,900
N20261103-S020,N20261103,2026-11-04T05:15:00Z,900
N20261103-S021,N20261103,2026-11-04T05:30:00Z,900
N20261103-S022,N20261103,2026-11-04T05:45:00Z,900
N20261103-S023,N20261103,2026-11-04T06:00:00Z,900
N20261103-S024,N20261103,2026-11-04T06:15:00Z,900
N20261103-S025,N20261103,2026-11-04T06:30:00Z,900
N20261103-S026,N20261103,2026-11-04T06:45:00Z,900
N20261103-S027,N20261103,2026-11-04T07:00:00Z,900
N20261103-S028,N20261103,2026-11-04T07:15:00Z,900
N20261103-S029,N20261103,2026-11-04T07:30:00Z,900
N20261103-S030,N20261103,2026-11-04T07:45:00Z,900
N20261103-S031,N20261103,2026-11-04T08:00:00Z,900
N20261103-S032,N20261103,2026-11-04T08:15:00Z,900
N20261104-S001,N20261104,2026-11-05T00:30:00Z,900
N20261104-S002,N20261104,2026-11-05T00:45:00Z,900
N20261104-S003,N20261104,2026-11-05T01:00:00Z,900
N20261104-S004,N20261104,2026-11-05T01:15:00Z,900
N20261104-S005,N20261104,2026-11-05T01:30:00Z,900
N20261104-S006,N20261104,2026-11-05T01:45:00Z,900
N20261104-S007,N20261104,2026-11-05T02:00:00Z,900
N20261104-S008,N20261104,2026-11-05T02:15:00Z,900
N20261104-S009,N20261104,2026-11-05T02:30:00Z,900
N20261104-S010,N20261104,2026-11-05T02:45:00Z,900
N20261104-S011,N20261104,2026-11-05T03:00:00Z,900
N20261104-S012,N20261104,2026-11-05T03:15:00Z,900
N20261104-S013,N20261104,2026-11-05T03:30:00Z,900
N20261104-S014,N20261104,2026-11-05T03:45:00Z,900
N20261104-S015,N20261104,2026-11-05T04:00:00Z,900
N20261104-S016,N20261104,2026-11-05T04:15:00Z,900
N20261104-S017,N20261104,2026-11-05T04:30:00Z,900
N20261104-S018,N20261104,2026-11-05T04:45:00Z,900
N20261104-S019,N20261104,2026-11-05T05:00:00Z,900
N20261104-S020,N20261104,2026-11-05T05:15:00Z,900
N20261104-S021,N20261104,2026-11-05T05:30:00Z,900
N20261104-S022,N20261104,2026-11-05T05:45:00Z,900
N20261104-S023,N20261104,2026-11-05T06:00:00Z,900
N20261104-S024,N20261104,2026-11-05T06:15:00Z,900
N20261104-S025,N20261104,2026-11-05T06:30:00Z,900
N20261104-S026,N20261104,2026-11-05T06:45:00Z,900
N20261104-S027,N20261104,2026-11-05T07:00:00Z,900
N20261104-S028,N20261104,2026-11-05T07:15:00Z,900
N20261104-S029,N20261104,2026-11-05T07:30:00Z,900
N20261104-S030,N20261104,2026-11-05T07:45:00Z,900
N20261104-S031,N20261104,2026-11-05T08:00:00Z,900
N20261105-S001,N20261105,2026-11-06T00:30:00Z,900
N20261105-S002,N20261105,2026-11-06T00:45:00Z,900
N20261105-S003,N20261105,2026-11-06T01:00:00Z,900
N20261105-S004,N20261105,2026-11-06T01:15:00Z,900
N20261105-S005,N20261105,2026-11-06T01:30:00Z,900
N20261105-S006,N20261105,2026-11-06T01:45:00Z,900
N20261105-S007,N20261105,2026-11-06T02:00:00Z,900
N20261105-S008,N20261105,2026-11-06T02:15:00Z,900
N20261105-S009,N20261105,2026-11-06T02:30:00Z,900
N20261105-S010,N20261105,2026-11-06T02:45:00Z,900
N20261105-S011,N20261105,2026-11-06T03:00:00Z,900
N20261105-S012,N20261105,2026-11-06T03:15:00Z,900
N20261105-S013,N20261105,2026-11-06T03:30:00Z,900
N20261105-S014,N20261105,2026-11-06T03:45:00Z,900
N20261105-S015,N20261105,2026-11-06T04:00:00Z,900
N20261105-S016,N20261105,2026-11-06T04:15:00Z,900
N20261105-S017,N20261105,2026-11-06T04:30:00Z,900
N20261105-S018,N20261105,2026-11-06T04:45:00Z,900
N20261105-S019,N20261105,2026-11-06T05:00:00Z,900
N20261105-S020,N20261105,2026-11-06T05:15:00Z,900
N20261105-S021,N20261105,2026-11-06T05:30:00Z,900
N20261105-S022,N20261105,2026-11-06T05:45:00Z,900
N20261105-S023,N20261105,2026-11-06T06:00:00Z,900
N20261105-S024,N20261105,2026-11-06T06:15:00Z,900
N20261105-S025,N20261105,2026-11-06T06:30:00Z,900
N20261105-S026,N20261105,2026-11-06T06:45:00Z,900
N20261105-S027,N20261105,2026-11-06T07:00:00Z,900
N20261105-S028,N20261105,2026-11-06T07:15:00Z,900
N20261105-S029,N20261105,2026-11-06T07:30:00Z,900
N20261105-S030,N20261105,2026-11-06T07:45:00Z,900
N20261105-S031,N20261105,2026-11-06T08:00:00Z,900
N20261106-S001,N20261106,2026-11-07T00:30:00Z,900
N20261106-S002,N20261106,2026-11-07T00:45:00Z,900
N20261106-S003,N20261106,2026-11-07T01:00:00Z,900
N20261106-S004,N20261106,2026-11-07T01:15:00Z,900
N20261106-S005,N20261106,2026-11-07T01:30:00Z,900
N20261106-S006,N20261106,2026-11-07T01:45:00Z,900
N20261106-S007,N20261106,2026-11-07T02:00:00Z,900
N20261106-S008,N20261106,2026-11-07T02:15:00Z,900
N20261106-S009,N20261106,2026-11-07T02:30:00Z,900
N20261106-S010,N20261106,2026-11-07T02:45:00Z,900
N20261106-S011,N20261106,2026-11-07T03:00:00Z,900
N20261106-S012,N20261106,2026-11-07T03:15:00Z,900
N20261106-S013,N20261106,2026-11-07T03:30:00Z,900
N20261106-S014,N20261106,2026-11-07T03:45:00Z,900
N20261106-S015,N20261106,2026-11-07T04:00:00Z,900
N20261106-S016,N20261106,2026-11-07T04:15:00Z,900
N20261106-S017,N20261106,2026-11-07T04:30:00Z,900
N20261106-S018,N20261106,2026-11-07T04:45:00Z,900
N20261106-S019,N20261106,2026-11-07T05:00:00Z,900
N20261106-S020,N20261106,2026-11-07T05:15:00Z,900
N20261106-S021,N20261106,2026-11-07T05:30:00Z,900
N20261106-S022,N20261106,2026-11-07T05:45:00Z,900
N20261106-S023,N20261106,2026-11-07T06:00:00Z,900
N20261106-S024,N20261106,2026-11-07T06:15:00Z,900
N20261106-S025,N20261106,2026-11-07T06:30:00Z,900
N20261106-S026,N20261106,2026-11-07T06:45:00Z,900
N20261106-S027,N20261106,2026-11-07T07:00:00Z,900
N20261106-S028,N20261106,2026-11-07T07:15:00Z,900
N20261106-S029,N20261106,2026-11-07T07:30:00Z,900
N20261106-S030,N20261106,2026-11-07T07:45:00Z,900
N20261106-S031,N20261106,2026-11-07T08:00:00Z,900
N20261107-S001,N20261107,2026-11-08T00:30:00Z,900
N20261107-S002,N20261107,2026-11-08T00:45:00Z,900
N20261107-S003,N20261107,2026-11-08T01:00:00Z,900
N20261107-S004,N20261107,2026-11-08T01:15:00Z,900
N20261107-S005,N20261107,2026-11-08T01:30:00Z,900
N20261107-S006,N20261107,2026-11-08T01:45:00Z,900
N20261107-S007,N20261107,2026-11-08T02:00:00Z,900
N20261107-S008,N20261107,2026-11-08T02:15:00Z,900
N20261107-S009,N20261107,2026-11-08T02:30:00Z,900
N20261107-S010,N20261107,2026-11-08T02:45:00Z,900
N20261107-S011,N20261107,2026-11-08T03:00:00Z,900
N20261107-S012,N20261107,2026-11-08T03:15:00Z,900
N20261107-S013,N20261107,2026-11-08T03:30:00Z,900
N20261107-S014,N20261107,2026-11-08T03:45:00Z,900
N20261107-S015,N20261107,2026-11-08T04:00:00Z,900
N20261107-S016,N20261107,2026-11-08T04:15:00Z,900
N20261107-S017,N20261107,2026-11-08T04:30:00Z,900
N20261107-S018,N20261107,2026-11-08T04:45:00Z,900
N20261107-S019,N20261107,2026-11-08T05:00:00Z,900
N20261107-S020,N20261107,2026-11-08T05:15:00Z,900
N20261107-S021,N20261107,2026-11-08T05:30:00Z,900
N20261107-S022,N20261107,2026-11-08T05:45:00Z,900
N20261107-S023,N20261107,2026-11-08T06:00:00Z,900
N20261107-S024,N20261107,2026-11-08T06:15:00Z,900
N20261107-S025,N20261107,2026-11-08T06:30:00Z,900
N20261107-S026,N20261107,2026-11-08T06:45:00Z,900
N20261107-S027,N20261107,2026-11-08T07:00:00Z,900
N20261107-S028,N20261107,2026-11-08T07:15:00Z,900
N20261107-S029,N20261107,2026-11-08T07:30:00Z,900
N20261107-S030,N20261107,2026-11-08T07:45:00Z,900
N20261107-S031,N20261107,2026-11-08T08:00:00Z,900
N20261108-S001,N20261108,2026-11-09T00:30:00Z,900
N20261108-S002,N20261108,2026-11-09T00:45:00Z,900
N20261108-S003,N20261108,2026-11-09T01:00:00Z,900
N20261108-S004,N20261108,2026-11-09T01:15:00Z,900
N20261108-S005,N20261108,2026-11-09T01:30:00Z,900
N20261108-S006,N20261108,2026-11-09T01:45:00Z,900
N20261108-S007,N20261108,2026-11-09T02:00:00Z,900
N20261108-S008,N20261108,2026-11-09T02:15:00Z,900
N20261108-S009,N20261108,2026-11-09T02:30:00Z,900
N20261108-S010,N20261108,2026-11-09T02:45:00Z,900
N20261108-S011,N20261108,2026-11-09T03:00:00Z,900
N20261108-S012,N20261108,2026-11-09T03:15:00Z,900
N20261108-S013,N20261108,2026-11-09T03:30:00Z,900
N20261108-S014,N20261108,2026-11-09T03:45:00Z,900
N20261108-S015,N20261108,2026-11-09T04:00:00Z,900
N20261108-S016,N20261108,2026-11-09T04:15:00Z,900
N20261108-S017,N20261108,2026-11-09T04:30:00Z,900
N20261108-S018,N20261108,2026-11-09T04:45:00Z,900
N20261108-S019,N20261108,2026-11-09T05:00:00Z,900
N20261108-S020,N20261108,2026-11-09T05:15:00Z,900
N20261108-S021,N20261108,2026-11-09T05:30:00Z,900
N20261108-S022,N20261108,2026-11-09T05:45:00Z,900
N20261108-S023,N20261108,2026-11-09T06:00:00Z,900
N20261108-S024,N20261108,2026-11-09T06:15:00Z,900
N20261108-S025,N20261108,2026-11-09T06:30:00Z,900
N20261108-S026,N20261108,2026-11-09T06:45:00Z,900
N20261108-S027,N20261108,2026-11-09T07:00:00Z,900
N20261108-S028,N20261108,2026-11-09T07:15:00Z,900
N20261108-S029,N20261108,2026-11-09T07:30:00Z,900
N20261108-S030,N20261108,2026-11-09T07:45:00Z,900
N20261108-S031,N20261108,2026-11-09T08:00:00Z,900
N20261109-S001,N20261109,2026-11-10T00:30:00Z,900
N20261109-S002,N20261109,2026-11-10T00:45:00Z,900
N20261109-S003,N20261109,2026-11-10T01:00:00Z,900
N20261109-S004,N20261109,2026-11-10T01:15:00Z,900
N20261109-S005,N20261109,2026-11-10T01:30:00Z,900
N20261109-S006,N20261109,2026-11-10T01:45:00Z,900
N20261109-S007,N20261109,2026-11-10T02:00:00Z,900
N20261109-S008,N20261109,2026-11-10T02:15:00Z,900
N20261109-S009,N20261109,2026-11-10T02:30:00Z,900
N20261109-S010,N20261109,2026-11-10T02:45:00Z,900
N20261109-S011,N20261109,2026-11-10T03:00:00Z,900
N20261109-S012,N20261109,2026-11-10T03:15:00Z,900
N20261109-S013,N20261109,2026-11-10T03:30:00Z,900
N20261109-S014,N20261109,2026-11-10T03:45:00Z,900
N20261109-S015,N20261109,2026-11-10T04:00:00Z,900
N20261109-S016,N20261109,2026-11-10T04:15:00Z,900
N20261109-S017,N20261109,2026-11-10T04:30:00Z,900
N20261109-S018,N20261109,2026-11-10T04:45:00Z,900
N20261109-S019,N20261109,2026-11-10T05:00:00Z,900
N20261109-S020,N20261109,2026-11-10T05:15:00Z,900
N20261109-S021,N20261109,2026-11-10T05:30:00Z,900
N20261109-S022,N20261109,2026-11-10T05:45:00Z,900
N20261109-S023,N20261109,2026-11-10T06:00:00Z,900
N20261109-S024,N20261109,2026-11-10T06:15:00Z,900
N20261109-S025,N20261109,2026-11-10T06:30:00Z,900
N20261109-S026,N20261109,2026-11-10T06:45:00Z,900
N20261109-S027,N20261109,2026-11-10T07:00:00Z,900
N20261109-S028,N20261109,2026-11-10T07:15:00Z,900
N20261109-S029,N20261109,2026-11-10T07:30:00Z,900
N20261109-S030,N20261109,2026-11-10T07:45:00Z,900
N20261109-S031,N20261109,2026-11-10T08:00:00Z,900
N20261110-S001,N20261110,2026-11-11T00:30:00Z,900
N20261110-S002,N20261110,2026-11-11T00:45:00Z,900
N20261110-S003,N20261110,2026-11-11T01:00:00Z,900
N20261110-S004,N20261110,2026-11-11T01:15:00Z,900
N20261110-S005,N20261110,2026-11-11T01:30:00Z,900
N20261110-S006,N20261110,2026-11-11T01:45:00Z,900
N20261110-S007,N20261110,2026-11-11T02:00:00Z,900
N20261110-S008,N20261110,2026-11-11T02:15:00Z,900
N20261110-S009,N20261110,2026-11-11T02:30:00Z,900
N20261110-S010,N20261110,2026-11-11T02:45:00Z,900
N20261110-S011,N20261110,2026-11-11T03:00:00Z,900
N20261110-S012,N20261110,2026-11-11T03:15:00Z,900
N20261110-S013,N20261110,2026-11-11T03:30:00Z,900
N20261110-S014,N20261110,2026-11-11T03:45:00Z,900
N20261110-S015,N20261110,2026-11-11T04:00:00Z,900
N20261110-S016,N20261110,2026-11-11T04:15:00Z,900
N20261110-S017,N20261110,2026-11-11T04:30:00Z,900
N20261110-S018,N20261110,2026-11-11T04:45:00Z,900
N20261110-S019,N20261110,2026-11-11T05:00:00Z,900
N20261110-S020,N20261110,2026-11-11T05:15:00Z,900
N20261110-S021,N20261110,2026-11-11T05:30:00Z,900
N20261110-S022,N20261110,2026-11-11T05:45:00Z,900
N20261110-S023,N20261110,2026-11-11T06:00:00Z,900
N20261110-S024,N20261110,2026-11-11T06:15:00Z,900
N20261110-S025,N20261110,2026-11-11T06:30:00Z,900
N20261110-S026,N20261110,2026-11-11T06:45:00Z,900
N20261110-S027,N20261110,2026-11-11T07:00:00Z,900
N20261110-S028,N20261110,2026-11-11T07:15:00Z,900
N20261110-S029,N20261110,2026-11-11T07:30:00Z,900
N20261110-S030,N20261110,2026-11-11T07:45:00Z,900
N20261110-S031,N20261110,2026-11-11T08:00:00Z,900
N20261111-S001,N20261111,2026-11-12T00:30:00Z,900
N20261111-S002,N20261111,2026-11-12T00:45:00Z,900
N20261111-S003,N20261111,2026-11-12T01:00:00Z,900
N20261111-S004,N20261111,2026-11-12T01:15:00Z,900
N20261111-S005,N20261111,2026-11-12T01:30:00Z,900
N20261111-S006,N20261111,2026-11-12T01:45:00Z,900
N20261111-S007,N20261111,2026-11-12T02:00:00Z,900
N20261111-S008,N20261111,2026-11-12T02:15:00Z,900
N20261111-S009,N20261111,2026-11-12T02:30:00Z,900
N20261111-S010,N20261111,2026-11-12T02:45:00Z,900
N20261111-S011,N20261111,2026-11-12T03:00:00Z,900
N20261111-S012,N20261111,2026-11-12T03:15:00Z,900
N20261111-S013,N20261111,2026-11-12T03:30:00Z,900
N20261111-S014,N20261111,2026-11-12T03:45:00Z,900
N20261111-S015,N20261111,2026-11-12T04:00:00Z,900
N20261111-S016,N20261111,2026-11-12T04:15:00Z,900
N20261111-S017,N20261111,2026-11-12T04:30:00Z,900
N20261111-S018,N20261111,2026-11-12T04:45:00Z,900
N20261111-S019,N20261111,2026-11-12T05:00:00Z,900
N20261111-S020,N20261111,2026-11-12T05:15:00Z,900
N20261111-S021,N20261111,2026-11-12T05:30:00Z,900
N20261111-S022,N20261111,2026-11-12T05:45:00Z,900
N20261111-S023,N20261111,2026-11-12T06:00:00Z,900
N20261111-S024,N20261111,2026-11-12T06:15:00Z,900
N20261111-S025,N20261111,2026-11-12T06:30:00Z,900
N20261111-S026,N20261111,2026-11-12T06:45:00Z,900
N20261111-S027,N20261111,2026-11-12T07:00:00Z,900
N20261111-S028,N20261111,2026-11-12T07:15:00Z,900
N20261111-S029,N20261111,2026-11-12T07:30:00Z,900
N20261111-S030,N20261111,2026-11-12T07:45:00Z,900
N20261111-S031,N20261111,2026-11-12T08:00:00Z,900
N20261112-S001,N20261112,2026-11-13T00:30:00Z,900
N20261112-S002,N20261112,2026-11-13T00:45:00Z,900
N20261112-S003,N20261112,2026-11-13T01:00:00Z,900
N20261112-S004,N20261112,2026-11-13T01:15:00Z,900
N20261112-S005,N20261112,2026-11-13T01:30:00Z,900
N20261112-S006,N20261112,2026-11-13T01:45:00Z,900
N20261112-S007,N20261112,2026-11-13T02:00:00Z,900
N20261112-S008,N20261112,2026-11-13T02:15:00Z,900
N20261112-S009,N20261112,2026-11-13T02:30:00Z,900
N20261112-S010,N20261112,2026-11-13T02:45:00Z,900
N20261112-S011,N20261112,2026-11-13T03:00:00Z,900
N20261112-S012,N20261112,2026-11-13T03:15:00Z,900
N20261112-S013,N20261112,2026-11-13T03:30:00Z,900
N20261112-S014,N20261112,2026-11-13T03:45:00Z,900
N20261112-S015,N20261112,2026-11-13T04:00:00Z,900
N20261112-S016,N20261112,2026-11-13T04:15:00Z,900
N20261112-S017,N20261112,2026-11-13T04:30:00Z,900
N20261112-S018,N20261112,2026-11-13T04:45:00Z,900
N20261112-S019,N20261112,2026-11-13T05:00:00Z,900
N20261112-S020,N20261112,2026-11-13T05:15:00Z,900
N20261112-S021,N20261112,2026-11-13T05:30:00Z,900
N20261112-S022,N20261112,2026-11-13T05:45:00Z,900
N20261112-S023,N20261112,2026-11-13T06:00:00Z,900
N20261112-S024,N20261112,2026-11-13T06:15:00Z,900
N20261112-S025,N20261112,2026-11-13T06:30:00Z,900
N20261112-S026,N20261112,2026-11-13T06:45:00Z,900
N20261112-S027,N20261112,2026-11-13T07:00:00Z,900
N20261112-S028,N20261112,2026-11-13T07:15:00Z,900
N20261112-S029,N20261112,2026-11-13T07:30:00Z,900
N20261112-S030,N20261112,2026-11-13T07:45:00Z,900
N20261112-S031,N20261112,2026-11-13T08:00:00Z,900
N20261113-S001,N20261113,2026-11-14T00:30:00Z,900
N20261113-S002,N20261113,2026-11-14T00:45:00Z,900
N20261113-S003,N20261113,2026-11-14T01:00:00Z,900
N20261113-S004,N20261113,2026-11-14T01:15:00Z,900
N20261113-S005,N20261113,2026-11-14T01:30:00Z,900
N20261113-S006,N20261113,2026-11-14T01:45:00Z,900
N20261113-S007,N20261113,2026-11-14T02:00:00Z,900
N20261113-S008,N20261113,2026-11-14T02:15:00Z,900
N20261113-S009,N20261113,2026-11-14T02:30:00Z,900
N20261113-S010,N20261113,2026-11-14T02:45:00Z,900
N20261113-S011,N20261113,2026-11-14T03:00:00Z,900
N20261113-S012,N20261113,2026-11-14T03:15:00Z,900
N20261113-S013,N20261113,2026-11-14T03:30:00Z,900
N20261113-S014,N20261113,2026-11-14T03:45:00Z,900
N20261113-S015,N20261113,2026-11-14T04:00:00Z,900
N20261113-S016,N20261113,2026-11-14T04:15:00Z,900
N20261113-S017,N20261113,2026-11-14T04:30:00Z,900
N20261113-S018,N20261113,2026-11-14T04:45:00Z,900
N20261113-S019,N20261113,2026-11-14T05:00:00Z,900
N20261113-S020,N20261113,2026-11-14T05:15:00Z,900
N20261113-S021,N20261113,2026-11-14T05:30:00Z,900
N20261113-S022,N20261113,2026-11-14T05:45:00Z,900
N20261113-S023,N20261113,2026-11-14T06:00:00Z,900
N20261113-S024,N20261113,2026-11-14T06:15:00Z,900
N20261113-S025,N20261113,2026-11-14T06:30:00Z,900
N20261113-S026,N20261113,2026-11-14T06:45:00Z,900
N20261113-S027,N20261113,2026-11-14T07:00:00Z,900
N20261113-S028,N20261113,2026-11-14T07:15:00Z,900
N20261113-S029,N20261113,2026-11-14T07:30:00Z,900
N20261113-S030,N20261113,2026-11-14T07:45:00Z,900
N20261113-S031,N20261113,2026-11-14T08:00:00Z,900
N20261114-S001,N20261114,2026-11-15T00:30:00Z,900
N20261114-S002,N20261114,2026-11-15T00:45:00Z,900
N20261114-S003,N20261114,2026-11-15T01:00:00Z,900
N20261114-S004,N20261114,2026-11-15T01:15:00Z,900
N20261114-S005,N20261114,2026-11-15T01:30:00Z,900
N20261114-S006,N20261114,2026-11-15T01:45:00Z,900
N20261114-S007,N20261114,2026-11-15T02:00:00Z,900
N20261114-S008,N20261114,2026-11-15T02:15:00Z,900
N20261114-S009,N20261114,2026-11-15T02:30:00Z,900
N20261114-S010,N20261114,2026-11-15T02:45:00Z,900
N20261114-S011,N20261114,2026-11-15T03:00:00Z,900
N20261114-S012,N20261114,2026-11-15T03:15:00Z,900
N20261114-S013,N20261114,2026-11-15T03:30:00Z,900
N20261114-S014,N20261114,2026-11-15T03:45:00Z,900
N20261114-S015,N20261114,2026-11-15T04:00:00Z,900
N20261114-S016,N20261114,2026-11-15T04:15:00Z,900
N20261114-S017,N20261114,2026-11-15T04:30:00Z,900
N20261114-S018,N20261114,2026-11-15T04:45:00Z,900
N20261114-S019,N20261114,2026-11-15T05:00:00Z,900
N20261114-S020,N20261114,2026-11-15T05:15:00Z,900
N20261114-S021,N20261114,2026-11-15T05:30:00Z,900
N20261114-S022,N20261114,2026-11-15T05:45:00Z,900
N20261114-S023,N20261114,2026-11-15T06:00:00Z,900
N20261114-S024,N20261114,2026-11-15T06:15:00Z,900
N20261114-S025,N20261114,2026-11-15T06:30:00Z,900
N20261114-S026,N20261114,2026-11-15T06:45:00Z,900
N20261114-S027,N20261114,2026-11-15T07:00:00Z,900
N20261114-S028,N20261114,2026-11-15T07:15:00Z,900
N20261114-S029,N20261114,2026-11-15T07:30:00Z,900
N20261114-S030,N20261114,2026-11-15T07:45:00Z,900
N20261114-S031,N20261114,2026-11-15T08:00:00Z,900
N20261115-S001,N20261115,2026-11-16T00:30:00Z,900
N20261115-S002,N20261115,2026-11-16T00:45:00Z,900
N20261115-S003,N20261115,2026-11-16T01:00:00Z,900
N20261115-S004,N20261115,2026-11-16T01:15:00Z,900
N20261115-S005,N20261115,2026-11-16T01:30:00Z,900
N20261115-S006,N20261115,2026-11-16T01:45:00Z,900
N20261115-S007,N20261115,2026-11-16T02:00:00Z,900
N20261115-S008,N20261115,2026-11-16T02:15:00Z,900
N20261115-S009,N20261115,2026-11-16T02:30:00Z,900
N20261115-S010,N20261115,2026-11-16T02:45:00Z,900
N20261115-S011,N20261115,2026-11-16T03:00:00Z,900
N20261115-S012,N20261115,2026-11-16T03:15:00Z,900
N20261115-S013,N20261115,2026-11-16T03:30:00Z,900
N20261115-S014,N20261115,2026-11-16T03:45:00Z,900
N20261115-S015,N20261115,2026-11-16T04:00:00Z,900
N20261115-S016,N20261115,2026-11-16T04:15:00Z,900
N20261115-S017,N20261115,2026-11-16T04:30:00Z,900
N20261115-S018,N20261115,2026-11-16T04:45:00Z,900
N20261115-S019,N20261115,2026-11-16T05:00:00Z,900
N20261115-S020,N20261115,2026-11-16T05:15:00Z,900
N20261115-S021,N20261115,2026-11-16T05:30:00Z,900
N20261115-S022,N20261115,2026-11-16T05:45:00Z,900
N20261115-S023,N20261115,2026-11-16T06:00:00Z,900
N20261115-S024,N20261115,2026-11-16T06:15:00Z,900
N20261115-S025,N20261115,2026-11-16T06:30:00Z,900
N20261115-S026,N20261115,2026-11-16T06:45:00Z,900
N20261115-S027,N20261115,2026-11-16T07:00:00Z,900
N20261115-S028,N20261115,2026-11-16T07:15:00Z,900
N20261115-S029,N20261115,2026-11-16T07:30:00Z,900
N20261115-S030,N20261115,2026-11-16T07:45:00Z,900
N20261115-S031,N20261115,2026-11-16T08:00:00Z,900
N20261116-S001,N20261116,2026-11-17T00:45:00Z,900
N20261116-S002,N20261116,2026-11-17T01:00:00Z,900
N20261116-S003,N20261116,2026-11-17T01:15:00Z,900
N20261116-S004,N20261116,2026-11-17T01:30:00Z,900
N20261116-S005,N20261116,2026-11-17T01:45:00Z,900
N20261116-S006,N20261116,2026-11-17T02:00:00Z,900
N20261116-S007,N20261116,2026-11-17T02:15:00Z,900
N20261116-S008,N20261116,2026-11-17T02:30:00Z,900
N20261116-S009,N20261116,2026-11-17T02:45:00Z,900
N20261116-S010,N20261116,2026-11-17T03:00:00Z,900
N20261116-S011,N20261116,2026-11-17T03:15:00Z,900
N20261116-S012,N20261116,2026-11-17T03:30:00Z,900
N20261116-S013,N20261116,2026-11-17T03:45:00Z,900
N20261116-S014,N20261116,2026-11-17T04:00:00Z,900
N20261116-S015,N20261116,2026-11-17T04:15:00Z,900
N20261116-S016,N20261116,2026-11-17T04:30:00Z,900
N20261116-S017,N20261116,2026-11-17T04:45:00Z,900
N20261116-S018,N20261116,2026-11-17T05:00:00Z,900
N20261116-S019,N20261116,2026-11-17T05:15:00Z,900
N20261116-S020,N20261116,2026-11-17T05:30:00Z,900
N20261116-S021,N20261116,2026-11-17T05:45:00Z,900
N20261116-S022,N20261116,2026-11-17T06:00:00Z,900
N20261116-S023,N20261116,2026-11-17T06:15:00Z,900
N20261116-S024,N20261116,2026-11-17T06:30:00Z,900
N20261116-S025,N20261116,2026-11-17T06:45:00Z,900
N20261116-S026,N20261116,2026-11-17T07:00:00Z,900
N20261116-S027,N20261116,2026-11-17T07:15:00Z,900
N20261116-S028,N20261116,2026-11-17T07:30:00Z,900
N20261116-S029,N20261116,2026-11-17T07:45:00Z,900
N20261116-S030,N20261116,2026-11-17T08:00:00Z,900
N20261117-S001,N20261117,2026-11-18T00:45:00Z,900
N20261117-S002,N20261117,2026-11-18T01:00:00Z,900
N20261117-S003,N20261117,2026-11-18T01:15:00Z,900
N20261117-S004,N20261117,2026-11-18T01:30:00Z,900
N20261117-S005,N20261117,2026-11-18T01:45:00Z,900
N20261117-S006,N20261117,2026-11-18T02:00:00Z,900
N20261117-S007,N20261117,2026-11-18T02:15:00Z,900
N20261117-S008,N20261117,2026-11-18T02:30:00Z,900
N20261117-S009,N20261117,2026-11-18T02:45:00Z,900
N20261117-S010,N20261117,2026-11-18T03:00:00Z,900
N20261117-S011,N20261117,2026-11-18T03:15:00Z,900
N20261117-S012,N20261117,2026-11-18T03:30:00Z,900
N20261117-S013,N20261117,2026-11-18T03:45:00Z,900
N20261117-S014,N20261117,2026-11-18T04:00:00Z,900
N20261117-S015,N20261117,2026-11-18T04:15:00Z,900
N20261117-S016,N20261117,2026-11-18T04:30:00Z,900
N20261117-S017,N20261117,2026-11-18T04:45:00Z,900
N20261117-S018,N20261117,2026-11-18T05:00:00Z,900
N20261117-S019,N20261117,2026-11-18T05:15:00Z,900
N20261117-S020,N20261117,2026-11-18T05:30:00Z,900
N20261117-S021,N20261117,2026-11-18T05:45:00Z,900
N20261117-S022,N20261117,2026-11-18T06:00:00Z,900
N20261117-S023,N20261117,2026-11-18T06:15:00Z,900
N20261117-S024,N20261117,2026-11-18T06:30:00Z,900
N20261117-S025,N20261117,2026-11-18T06:45:00Z,900
N20261117-S026,N20261117,2026-11-18T07:00:00Z,900
N20261117-S027,N20261117,2026-11-18T07:15:00Z,900
N20261117-S028,N20261117,2026-11-18T07:30:00Z,900
N20261117-S029,N20261117,2026-11-18T07:45:00Z,900
N20261117-S030,N20261117,2026-11-18T08:00:00Z,900
N20261118-S001,N20261118,2026-11-19T00:45:00Z,900
N20261118-S002,N20261118,2026-11-19T01:00:00Z,900
N20261118-S003,N20261118,2026-11-19T01:15:00Z,900
N20261118-S004,N20261118,2026-11-19T01:30:00Z,900
N20261118-S005,N20261118,2026-11-19T01:45:00Z,900
N20261118-S006,N20261118,2026-11-19T02:00:00Z,900
N20261118-S007,N20261118,2026-11-19T02:15:00Z,900
N20261118-S008,N20261118,2026-11-19T02:30:00Z,900
N20261118-S009,N20261118,2026-11-19T02:45:00Z,900
N20261118-S010,N20261118,2026-11-19T03:00:00Z,900
N20261118-S011,N20261118,2026-11-19T03:15:00Z,900
N20261118-S012,N20261118,2026-11-19T03:30:00Z,900
N20261118-S013,N20261118,2026-11-19T03:45:00Z,900
N20261118-S014,N20261118,2026-11-19T04:00:00Z,900
N20261118-S015,N20261118,2026-11-19T04:15:00Z,900
N20261118-S016,N20261118,2026-11-19T04:30:00Z,900
N20261118-S017,N20261118,2026-11-19T04:45:00Z,900
N20261118-S018,N20261118,2026-11-19T05:00:00Z,900
N20261118-S019,N20261118,2026-11-19T05:15:00Z,900
N20261118-S020,N20261118,2026-11-19T05:30:00Z,900
N20261118-S021,N20261118,2026-11-19T05:45:00Z,900
N20261118-S022,N20261118,2026-11-19T06:00:00Z,900
N20261118-S023,N20261118,2026-11-19T06:15:00Z,900
N20261118-S024,N20261118,2026-11-19T06:30:00Z,900
N20261118-S025,N20261118,2026-11-19T06:45:00Z,900
N20261118-S026,N20261118,2026-11-19T07:00:00Z,900
N20261118-S027,N20261118,2026-11-19T07:15:00Z,900
N20261118-S028,N20261118,2026-11-19T07:30:00Z,900
N20261118-S029,N20261118,2026-11-19T07:45:00Z,900
N20261118-S030,N20261118,2026-11-19T08:00:00Z,900
N20261119-S001,N20261119,2026-11-20T00:45:00Z,900
N20261119-S002,N20261119,2026-11-20T01:00:00Z,900
N20261119-S003,N20261119,2026-11-20T01:15:00Z,900
N20261119-S004,N20261119,2026-11-20T01:30:00Z,900
N20261119-S005,N20261119,2026-11-20T01:45:00Z,900
N20261119-S006,N20261119,2026-11-20T02:00:00Z,900
N20261119-S007,N20261119,2026-11-20T02:15:00Z,900
N20261119-S008,N20261119,2026-11-20T02:30:00Z,900
N20261119-S009,N20261119,2026-11-20T02:45:00Z,900
N20261119-S010,N20261119,2026-11-20T03:00:00Z,900
N20261119-S011,N20261119,2026-11-20T03:15:00Z,900
N20261119-S012,N20261119,2026-11-20T03:30:00Z,900
N20261119-S013,N20261119,2026-11-20T03:45:00Z,900
N20261119-S014,N20261119,2026-11-20T04:00:00Z,900
N20261119-S015,N20261119,2026-11-20T04:15:00Z,900
N20261119-S016,N20261119,2026-11-20T04:30:00Z,900
N20261119-S017,N20261119,2026-11-20T04:45:00Z,900
N20261119-S018,N20261119,2026-11-20T05:00:00Z,900
N20261119-S019,N20261119,2026-11-20T05:15:00Z,900
N20261119-S020,N20261119,2026-11-20T05:30:00Z,900
N20261119-S021,N20261119,2026-11-20T05:45:00Z,900
N20261119-S022,N20261119,2026-11-20T06:00:00Z,900
N20261119-S023,N20261119,2026-11-20T06:15:00Z,900
N20261119-S024,N20261119,2026-11-20T06:30:00Z,900
N20261119-S025,N20261119,2026-11-20T06:45:00Z,900
N20261119-S026,N20261119,2026-11-20T07:00:00Z,900
N20261119-S027,N20261119,2026-11-20T07:15:00Z,900
N20261119-S028,N20261119,2026-11-20T07:30:00Z,900
N20261119-S029,N20261119,2026-11-20T07:45:00Z,900
N20261119-S030,N20261119,2026-11-20T08:00:00Z,900
N20261120-S001,N20261120,2026-11-21T00:45:00Z,900
N20261120-S002,N20261120,2026-11-21T01:00:00Z,900
N20261120-S003,N20261120,2026-11-21T01:15:00Z,900
N20261120-S004,N20261120,2026-11-21T01:30:00Z,900
N20261120-S005,N20261120,2026-11-21T01:45:00Z,900
N20261120-S006,N20261120,2026-11-21T02:00:00Z,900
N20261120-S007,N20261120,2026-11-21T02:15:00Z,900
N20261120-S008,N20261120,2026-11-21T02:30:00Z,900
N20261120-S009,N20261120,2026-11-21T02:45:00Z,900
N20261120-S010,N20261120,2026-11-21T03:00:00Z,900
N20261120-S011,N20261120,2026-11-21T03:15:00Z,900
N20261120-S012,N20261120,2026-11-21T03:30:00Z,900
N20261120-S013,N20261120,2026-11-21T03:45:00Z,900
N20261120-S014,N20261120,2026-11-21T04:00:00Z,900
N20261120-S015,N20261120,2026-11-21T04:15:00Z,900
N20261120-S016,N20261120,2026-11-21T04:30:00Z,900
N20261120-S017,N20261120,2026-11-21T04:45:00Z,900
N20261120-S018,N20261120,2026-11-21T05:00:00Z,900
N20261120-S019,N20261120,2026-11-21T05:15:00Z,900
N20261120-S020,N20261120,2026-11-21T05:30:00Z,900
N20261120-S021,N20261120,2026-11-21T05:45:00Z,900
N20261120-S022,N20261120,2026-11-21T06:00:00Z,900
N20261120-S023,N20261120,2026-11-21T06:15:00Z,900
N20261120-S024,N20261120,2026-11-21T06:30:00Z,900
N20261120-S025,N20261120,2026-11-21T06:45:00Z,900
N20261120-S026,N20261120,2026-11-21T07:00:00Z,900
N20261120-S027,N20261120,2026-11-21T07:15:00Z,900
N20261120-S028,N20261120,2026-11-21T07:30:00Z,900
N20261120-S029,N20261120,2026-11-21T07:45:00Z,900
N20261120-S030,N20261120,2026-11-21T08:00:00Z,900
N20261121-S001,N20261121,2026-11-22T00:45:00Z,900
N20261121-S002,N20261121,2026-11-22T01:00:00Z,900
N20261121-S003,N20261121,2026-11-22T01:15:00Z,900
N20261121-S004,N20261121,2026-11-22T01:30:00Z,900
N20261121-S005,N20261121,2026-11-22T01:45:00Z,900
N20261121-S006,N20261121,2026-11-22T02:00:00Z,900
N20261121-S007,N20261121,2026-11-22T02:15:00Z,900
N20261121-S008,N20261121,2026-11-22T02:30:00Z,900
N20261121-S009,N20261121,2026-11-22T02:45:00Z,900
N20261121-S010,N20261121,2026-11-22T03:00:00Z,900
N20261121-S011,N20261121,2026-11-22T03:15:00Z,900
N20261121-S012,N20261121,2026-11-22T03:30:00Z,900
N20261121-S013,N20261121,2026-11-22T03:45:00Z,900
N20261121-S014,N20261121,2026-11-22T04:00:00Z,900
N20261121-S015,N20261121,2026-11-22T04:15:00Z,900
N20261121-S016,N20261121,2026-11-22T04:30:00Z,900
N20261121-S017,N20261121,2026-11-22T04:45:00Z,900
N20261121-S018,N20261121,2026-11-22T05:00:00Z,900
N20261121-S019,N20261121,2026-11-22T05:15:00Z,900
N20261121-S020,N20261121,2026-11-22T05:30:00Z,900
N20261121-S021,N20261121,2026-11-22T05:45:00Z,900
N20261121-S022,N20261121,2026-11-22T06:00:00Z,900
N20261121-S023,N20261121,2026-11-22T06:15:00Z,900
N20261121-S024,N20261121,2026-11-22T06:30:00Z,900
N20261121-S025,N20261121,2026-11-22T06:45:00Z,900
N20261121-S026,N20261121,2026-11-22T07:00:00Z,900
N20261121-S027,N20261121,2026-11-22T07:15:00Z,900
N20261121-S028,N20261121,2026-11-22T07:30:00Z,900
N20261121-S029,N20261121,2026-11-22T07:45:00Z,900
N20261121-S030,N20261121,2026-11-22T08:00:00Z,900
N20261122-S001,N20261122,2026-11-23T00:45:00Z,900
N20261122-S002,N20261122,2026-11-23T01:00:00Z,900
N20261122-S003,N20261122,2026-11-23T01:15:00Z,900
N20261122-S004,N20261122,2026-11-23T01:30:00Z,900
N20261122-S005,N20261122,2026-11-23T01:45:00Z,900
N20261122-S006,N20261122,2026-11-23T02:00:00Z,900
N20261122-S007,N20261122,2026-11-23T02:15:00Z,900
N20261122-S008,N20261122,2026-11-23T02:30:00Z,900
N20261122-S009,N20261122,2026-11-23T02:45:00Z,900
N20261122-S010,N20261122,2026-11-23T03:00:00Z,900
N20261122-S011,N20261122,2026-11-23T03:15:00Z,900
N20261122-S012,N20261122,2026-11-23T03:30:00Z,900
N20261122-S013,N20261122,2026-11-23T03:45:00Z,900
N20261122-S014,N20261122,2026-11-23T04:00:00Z,900
N20261122-S015,N20261122,2026-11-23T04:15:00Z,900
N20261122-S016,N20261122,2026-11-23T04:30:00Z,900
N20261122-S017,N20261122,2026-11-23T04:45:00Z,900
N20261122-S018,N20261122,2026-11-23T05:00:00Z,900
N20261122-S019,N20261122,2026-11-23T05:15:00Z,900
N20261122-S020,N20261122,2026-11-23T05:30:00Z,900
N20261122-S021,N20261122,2026-11-23T05:45:00Z,900
N20261122-S022,N20261122,2026-11-23T06:00:00Z,900
N20261122-S023,N20261122,2026-11-23T06:15:00Z,900
N20261122-S024,N20261122,2026-11-23T06:30:00Z,900
N20261122-S025,N20261122,2026-11-23T06:45:00Z,900
N20261122-S026,N20261122,2026-11-23T07:00:00Z,900
N20261122-S027,N20261122,2026-11-23T07:15:00Z,900
N20261122-S028,N20261122,2026-11-23T07:30:00Z,900
N20261122-S029,N20261122,2026-11-23T07:45:00Z,900
N20261122-S030,N20261122,2026-11-23T08:00:00Z,900
N20261123-S001,N20261123,2026-11-24T00:45:00Z,900
N20261123-S002,N20261123,2026-11-24T01:00:00Z,900
N20261123-S003,N20261123,2026-11-24T01:15:00Z,900
N20261123-S004,N20261123,2026-11-24T01:30:00Z,900
N20261123-S005,N20261123,2026-11-24T01:45:00Z,900
N20261123-S006,N20261123,2026-11-24T02:00:00Z,900
N20261123-S007,N20261123,2026-11-24T02:15:00Z,900
N20261123-S008,N20261123,2026-11-24T02:30:00Z,900
N20261123-S009,N20261123,2026-11-24T02:45:00Z,900
N20261123-S010,N20261123,2026-11-24T03:00:00Z,900
N20261123-S011,N20261123,2026-11-24T03:15:00Z,900
N20261123-S012,N20261123,2026-11-24T03:30:00Z,900
N20261123-S013,N20261123,2026-11-24T03:45:00Z,900
N20261123-S014,N20261123,2026-11-24T04:00:00Z,900
N20261123-S015,N20261123,2026-11-24T04:15:00Z,900
N20261123-S016,N20261123,2026-11-24T04:30:00Z,900
N20261123-S017,N20261123,2026-11-24T04:45:00Z,900
N20261123-S018,N20261123,2026-11-24T05:00:00Z,900
N20261123-S019,N20261123,2026-11-24T05:15:00Z,900
N20261123-S020,N20261123,2026-11-24T05:30:00Z,900
N20261123-S021,N20261123,2026-11-24T05:45:00Z,900
N20261123-S022,N20261123,2026-11-24T06:00:00Z,900
N20261123-S023,N20261123,2026-11-24T06:15:00Z,900
N20261123-S024,N20261123,2026-11-24T06:30:00Z,900
N20261123-S025,N20261123,2026-11-24T06:45:00Z,900
N20261123-S026,N20261123,2026-11-24T07:00:00Z,900
N20261123-S027,N20261123,2026-11-24T07:15:00Z,900
N20261123-S028,N20261123,2026-11-24T07:30:00Z,900
N20261123-S029,N20261123,2026-11-24T07:45:00Z,900
N20261123-S030,N20261123,2026-11-24T08:00:00Z,900
N20261124-S001,N20261124,2026-11-25T00:45:00Z,900
N20261124-S002,N20261124,2026-11-25T01:00:00Z,900
N20261124-S003,N20261124,2026-11-25T01:15:00Z,900
N20261124-S004,N20261124,2026-11-25T01:30:00Z,900
N20261124-S005,N20261124,2026-11-25T01:45:00Z,900
N20261124-S006,N20261124,2026-11-25T02:00:00Z,900
N20261124-S007,N20261124,2026-11-25T02:15:00Z,900
N20261124-S008,N20261124,2026-11-25T02:30:00Z,900
N20261124-S009,N20261124,2026-11-25T02:45:00Z,900
N20261124-S010,N20261124,2026-11-25T03:00:00Z,900
N20261124-S011,N20261124,2026-11-25T03:15:00Z,900
N20261124-S012,N20261124,2026-11-25T03:30:00Z,900
N20261124-S013,N20261124,2026-11-25T03:45:00Z,900
N20261124-S014,N20261124,2026-11-25T04:00:00Z,900
N20261124-S015,N20261124,2026-11-25T04:15:00Z,900
N20261124-S016,N20261124,2026-11-25T04:30:00Z,900
N20261124-S017,N20261124,2026-11-25T04:45:00Z,900
N20261124-S018,N20261124,2026-11-25T05:00:00Z,900
N20261124-S019,N20261124,2026-11-25T05:15:00Z,900
N20261124-S020,N20261124,2026-11-25T05:30:00Z,900
N20261124-S021,N20261124,2026-11-25T05:45:00Z,900
N20261124-S022,N20261124,2026-11-25T06:00:00Z,900
N20261124-S023,N20261124,2026-11-25T06:15:00Z,900
N20261124-S024,N20261124,2026-11-25T06:30:00Z,900
N20261124-S025,N20261124,2026-11-25T06:45:00Z,900
N20261124-S026,N20261124,2026-11-25T07:00:00Z,900
N20261124-S027,N20261124,2026-11-25T07:15:00Z,900
N20261124-S028,N20261124,2026-11-25T07:30:00Z,900
N20261124-S029,N20261124,2026-11-25T07:45:00Z,900
N20261124-S030,N20261124,2026-11-25T08:00:00Z,900
N20261125-S001,N20261125,2026-11-26T00:45:00Z,900
N20261125-S002,N20261125,2026-11-26T01:00:00Z,900
N20261125-S003,N20261125,2026-11-26T01:15:00Z,900
N20261125-S004,N20261125,2026-11-26T01:30:00Z,900
N20261125-S005,N20261125,2026-11-26T01:45:00Z,900
N20261125-S006,N20261125,2026-11-26T02:00:00Z,900
N20261125-S007,N20261125,2026-11-26T02:15:00Z,900
N20261125-S008,N20261125,2026-11-26T02:30:00Z,900
N20261125-S009,N20261125,2026-11-26T02:45:00Z,900
N20261125-S010,N20261125,2026-11-26T03:00:00Z,900
N20261125-S011,N20261125,2026-11-26T03:15:00Z,900
N20261125-S012,N20261125,2026-11-26T03:30:00Z,900
N20261125-S013,N20261125,2026-11-26T03:45:00Z,900
N20261125-S014,N20261125,2026-11-26T04:00:00Z,900
N20261125-S015,N20261125,2026-11-26T04:15:00Z,900
N20261125-S016,N20261125,2026-11-26T04:30:00Z,900
N20261125-S017,N20261125,2026-11-26T04:45:00Z,900
N20261125-S018,N20261125,2026-11-26T05:00:00Z,900
N20261125-S019,N20261125,2026-11-26T05:15:00Z,900
N20261125-S020,N20261125,2026-11-26T05:30:00Z,900
N20261125-S021,N20261125,2026-11-26T05:45:00Z,900
N20261125-S022,N20261125,2026-11-26T06:00:00Z,900
N20261125-S023,N20261125,2026-11-26T06:15:00Z,900
N20261125-S024,N20261125,2026-11-26T06:30:00Z,900
N20261125-S025,N20261125,2026-11-26T06:45:00Z,900
N20261125-S026,N20261125,2026-11-26T07:00:00Z,900
N20261125-S027,N20261125,2026-11-26T07:15:00Z,900
N20261125-S028,N20261125,2026-11-26T07:30:00Z,900
N20261125-S029,N20261125,2026-11-26T07:45:00Z,900
N20261125-S030,N20261125,2026-11-26T08:00:00Z,900
N20261126-S001,N20261126,2026-11-27T00:45:00Z,900
N20261126-S002,N20261126,2026-11-27T01:00:00Z,900
N20261126-S003,N20261126,2026-11-27T01:15:00Z,900
N20261126-S004,N20261126,2026-11-27T01:30:00Z,900
N20261126-S005,N20261126,2026-11-27T01:45:00Z,900
N20261126-S006,N20261126,2026-11-27T02:00:00Z,900
N20261126-S007,N20261126,2026-11-27T02:15:00Z,900
N20261126-S008,N20261126,2026-11-27T02:30:00Z,900
N20261126-S009,N20261126,2026-11-27T02:45:00Z,900
N20261126-S010,N20261126,2026-11-27T03:00:00Z,900
N20261126-S011,N20261126,2026-11-27T03:15:00Z,900
N20261126-S012,N20261126,2026-11-27T03:30:00Z,900
N20261126-S013,N20261126,2026-11-27T03:45:00Z,900
N20261126-S014,N20261126,2026-11-27T04:00:00Z,900
N20261126-S015,N20261126,2026-11-27T04:15:00Z,900
N20261126-S016,N20261126,2026-11-27T04:30:00Z,900
N20261126-S017,N20261126,2026-11-27T04:45:00Z,900
N20261126-S018,N20261126,2026-11-27T05:00:00Z,900
N20261126-S019,N20261126,2026-11-27T05:15:00Z,900
N20261126-S020,N20261126,2026-11-27T05:30:00Z,900
N20261126-S021,N20261126,2026-11-27T05:45:00Z,900
N20261126-S022,N20261126,2026-11-27T06:00:00Z,900
N20261126-S023,N20261126,2026-11-27T06:15:00Z,900
N20261126-S024,N20261126,2026-11-27T06:30:00Z,900
N20261126-S025,N20261126,2026-11-27T06:45:00Z,900
N20261126-S026,N20261126,2026-11-27T07:00:00Z,900
N20261126-S027,N20261126,2026-11-27T07:15:00Z,900
N20261126-S028,N20261126,2026-11-27T07:30:00Z,900
N20261126-S029,N20261126,2026-11-27T07:45:00Z,900
N20261126-S030,N20261126,2026-11-27T08:00:00Z,900
N20261127-S001,N20261127,2026-11-28T00:45:00Z,900
N20261127-S002,N20261127,2026-11-28T01:00:00Z,900
N20261127-S003,N20261127,2026-11-28T01:15:00Z,900
N20261127-S004,N20261127,2026-11-28T01:30:00Z,900
N20261127-S005,N20261127,2026-11-28T01:45:00Z,900
N20261127-S006,N20261127,2026-11-28T02:00:00Z,900
N20261127-S007,N20261127,2026-11-28T02:15:00Z,900
N20261127-S008,N20261127,2026-11-28T02:30:00Z,900
N20261127-S009,N20261127,2026-11-28T02:45:00Z,900
N20261127-S010,N20261127,2026-11-28T03:00:00Z,900
N20261127-S011,N20261127,2026-11-28T03:15:00Z,900
N20261127-S012,N20261127,2026-11-28T03:30:00Z,900
N20261127-S013,N20261127,2026-11-28T03:45:00Z,900
N20261127-S014,N20261127,2026-11-28T04:00:00Z,900
N20261127-S015,N20261127,2026-11-28T04:15:00Z,900
N20261127-S016,N20261127,2026-11-28T04:30:00Z,900
N20261127-S017,N20261127,2026-11-28T04:45:00Z,900
N20261127-S018,N20261127,2026-11-28T05:00:00Z,900
N20261127-S019,N20261127,2026-11-28T05:15:00Z,900
N20261127-S020,N20261127,2026-11-28T05:30:00Z,900
N20261127-S021,N20261127,2026-11-28T05:45:00Z,900
N20261127-S022,N20261127,2026-11-28T06:00:00Z,900
N20261127-S023,N20261127,2026-11-28T06:15:00Z,900
N20261127-S024,N20261127,2026-11-28T06:30:00Z,900
N20261127-S025,N20261127,2026-11-28T06:45:00Z,900
N20261127-S026,N20261127,2026-11-28T07:00:00Z,900
N20261127-S027,N20261127,2026-11-28T07:15:00Z,900
N20261127-S028,N20261127,2026-11-28T07:30:00Z,900
N20261127-S029,N20261127,2026-11-28T07:45:00Z,900
N20261127-S030,N20261127,2026-11-28T08:00:00Z,900
N20261128-S001,N20261128,2026-11-29T00:45:00Z,900
N20261128-S002,N20261128,2026-11-29T01:00:00Z,900
N20261128-S003,N20261128,2026-11-29T01:15:00Z,900
N20261128-S004,N20261128,2026-11-29T01:30:00Z,900
N20261128-S005,N20261128,2026-11-29T01:45:00Z,900
N20261128-S006,N20261128,2026-11-29T02:00:00Z,900
N20261128-S007,N20261128,2026-11-29T02:15:00Z,900
N20261128-S008,N20261128,2026-11-29T02:30:00Z,900
N20261128-S009,N20261128,2026-11-29T02:45:00Z,900
N20261128-S010,N20261128,2026-11-29T03:00:00Z,900
N20261128-S011,N20261128,2026-11-29T03:15:00Z,900
N20261128-S012,N20261128,2026-11-29T03:30:00Z,900
N20261128-S013,N20261128,2026-11-29T03:45:00Z,900
N20261128-S014,N20261128,2026-11-29T04:00:00Z,900
N20261128-S015,N20261128,2026-11-29T04:15:00Z,900
N20261128-S016,N20261128,2026-11-29T04:30:00Z,900
N20261128-S017,N20261128,2026-11-29T04:45:00Z,900
N20261128-S018,N20261128,2026-11-29T05:00:00Z,900
N20261128-S019,N20261128,2026-11-29T05:15:00Z,900
N20261128-S020,N20261128,2026-11-29T05:30:00Z,900
N20261128-S021,N20261128,2026-11-29T05:45:00Z,900
N20261128-S022,N20261128,2026-11-29T06:00:00Z,900
N20261128-S023,N20261128,2026-11-29T06:15:00Z,900
N20261128-S024,N20261128,2026-11-29T06:30:00Z,900
N20261128-S025,N20261128,2026-11-29T06:45:00Z,900
N20261128-S026,N20261128,2026-11-29T07:00:00Z,900
N20261128-S027,N20261128,2026-11-29T07:15:00Z,900
N20261128-S028,N20261128,2026-11-29T07:30:00Z,900
N20261128-S029,N20261128,2026-11-29T07:45:00Z,900
N20261128-S030,N20261128,2026-11-29T08:00:00Z,900
N20261129-S001,N20261129,2026-11-30T00:45:00Z,900
N20261129-S002,N20261129,2026-11-30T01:00:00Z,900
N20261129-S003,N20261129,2026-11-30T01:15:00Z,900
N20261129-S004,N20261129,2026-11-30T01:30:00Z,900
N20261129-S005,N20261129,2026-11-30T01:45:00Z,900
N20261129-S006,N20261129,2026-11-30T02:00:00Z,900
N20261129-S007,N20261129,2026-11-30T02:15:00Z,900
N20261129-S008,N20261129,2026-11-30T02:30:00Z,900
N20261129-S009,N20261129,2026-11-30T02:45:00Z,900
N20261129-S010,N20261129,2026-11-30T03:00:00Z,900
N20261129-S011,N20261129,2026-11-30T03:15:00Z,900
N20261129-S012,N20261129,2026-11-30T03:30:00Z,900
N20261129-S013,N20261129,2026-11-30T03:45:00Z,900
N20261129-S014,N20261129,2026-11-30T04:00:00Z,900
N20261129-S015,N20261129,2026-11-30T04:15:00Z,900
N20261129-S016,N20261129,2026-11-30T04:30:00Z,900
N20261129-S017,N20261129,2026-11-30T04:45:00Z,900
N20261129-S018,N20261129,2026-11-30T05:00:00Z,900
N20261129-S019,N20261129,2026-11-30T05:15:00Z,900
N20261129-S020,N20261129,2026-11-30T05:30:00Z,900
N20261129-S021,N20261129,2026-11-30T05:45:00Z,900
N20261129-S022,N20261129,2026-11-30T06:00:00Z,900
N20261129-S023,N20261129,2026-11-30T06:15:00Z,900
N20261129-S024,N20261129,2026-11-30T06:30:00Z,900
N20261129-S025,N20261129,2026-11-30T06:45:00Z,900
N20261129-S026,N20261129,2026-11-30T07:00:00Z,900
N20261129-S027,N20261129,2026-11-30T07:15:00Z,900
N20261129-S028,N20261129,2026-11-30T07:30:00Z,900
N20261129-S029,N20261129,2026-11-30T07:45:00Z,900
N20261129-S030,N20261129,2026-11-30T08:00:00Z,900
N20261130-S001,N20261130,2026-12-01T00:45:00Z,900
N20261130-S002,N20261130,2026-12-01T01:00:00Z,900
N20261130-S003,N20261130,2026-12-01T01:15:00Z,900
N20261130-S004,N20261130,2026-12-01T01:30:00Z,900
N20261130-S005,N20261130,2026-12-01T01:45:00Z,900
N20261130-S006,N20261130,2026-12-01T02:00:00Z,900
N20261130-S007,N20261130,2026-12-01T02:15:00Z,900
N20261130-S008,N20261130,2026-12-01T02:30:00Z,900
N20261130-S009,N20261130,2026-12-01T02:45:00Z,900
N20261130-S010,N20261130,2026-12-01T03:00:00Z,900
N20261130-S011,N20261130,2026-12-01T03:15:00Z,900
N20261130-S012,N20261130,2026-12-01T03:30:00Z,900
N20261130-S013,N20261130,2026-12-01T03:45:00Z,900
N20261130-S014,N20261130,2026-12-01T04:00:00Z,900
N20261130-S015,N20261130,2026-12-01T04:15:00Z,900
N20261130-S016,N20261130,2026-12-01T04:30:00Z,900
N20261130-S017,N20261130,2026-12-01T04:45:00Z,900
N20261130-S018,N20261130,2026-12-01T05:00:00Z,900
N20261130-S019,N20261130,2026-12-01T05:15:00Z,900
N20261130-S020,N20261130,2026-12-01T05:30:00Z,900
N20261130-S021,N20261130,2026-12-01T05:45:00Z,900
N20261130-S022,N20261130,2026-12-01T06:00:00Z,900
N20261130-S023,N20261130,2026-12-01T06:15:00Z,900
N20261130-S024,N20261130,2026-12-01T06:30:00Z,900
N20261130-S025,N20261130,2026-12-01T06:45:00Z,900
N20261130-S026,N20261130,2026-12-01T07:00:00Z,900
N20261130-S027,N20261130,2026-12-01T07:15:00Z,900
N20261130-S028,N20261130,2026-12-01T07:30:00Z,900
N20261130-S029,N20261130,2026-12-01T07:45:00Z,900
N20261130-S030,N20261130,2026-12-01T08:00:00Z,900
N20261201-S001,N20261201,2026-12-02T00:45:00Z,900
N20261201-S002,N20261201,2026-12-02T01:00:00Z,900
N20261201-S003,N20261201,2026-12-02T01:15:00Z,900
N20261201-S004,N20261201,2026-12-02T01:30:00Z,900
N20261201-S005,N20261201,2026-12-02T01:45:00Z,900
N20261201-S006,N20261201,2026-12-02T02:00:00Z,900
N20261201-S007,N20261201,2026-12-02T02:15:00Z,900
N20261201-S008,N20261201,2026-12-02T02:30:00Z,900
N20261201-S009,N20261201,2026-12-02T02:45:00Z,900
N20261201-S010,N20261201,2026-12-02T03:00:00Z,900
N20261201-S011,N20261201,2026-12-02T03:15:00Z,900
N20261201-S012,N20261201,2026-12-02T03:30:00Z,900
N20261201-S013,N20261201,2026-12-02T03:45:00Z,900
N20261201-S014,N20261201,2026-12-02T04:00:00Z,900
N20261201-S015,N20261201,2026-12-02T04:15:00Z,900
N20261201-S016,N20261201,2026-12-02T04:30:00Z,900
N20261201-S017,N20261201,2026-12-02T04:45:00Z,900
N20261201-S018,N20261201,2026-12-02T05:00:00Z,900
N20261201-S019,N20261201,2026-12-02T05:15:00Z,900
N20261201-S020,N20261201,2026-12-02T05:30:00Z,900
N20261201-S021,N20261201,2026-12-02T05:45:00Z,900
N20261201-S022,N20261201,2026-12-02T06:00:00Z,900
N20261201-S023,N20261201,2026-12-02T06:15:00Z,900
N20261201-S024,N20261201,2026-12-02T06:30:00Z,900
N20261201-S025,N20261201,2026-12-02T06:45:00Z,900
N20261201-S026,N20261201,2026-12-02T07:00:00Z,900
N20261201-S027,N20261201,2026-12-02T07:15:00Z,900
N20261201-S028,N20261201,2026-12-02T07:30:00Z,900
N20261201-S029,N20261201,2026-12-02T07:45:00Z,900
N20261201-S030,N20261201,2026-12-02T08:00:00Z,900
N20261202-S001,N20261202,2026-12-03T01:00:00Z,900
N20261202-S002,N20261202,2026-12-03T01:15:00Z,900
N20261202-S003,N20261202,2026-12-03T01:30:00Z,900
N20261202-S004,N20261202,2026-12-03T01:45:00Z,900
N20261202-S005,N20261202,2026-12-03T02:00:00Z,900
N20261202-S006,N20261202,2026-12-03T02:15:00Z,900
N20261202-S007,N20261202,2026-12-03T02:30:00Z,900
N20261202-S008,N20261202,2026-12-03T02:45:00Z,900
N20261202-S009,N20261202,2026-12-03T03:00:00Z,900
N20261202-S010,N20261202,2026-12-03T03:15:00Z,900
N20261202-S011,N20261202,2026-12-03T03:30:00Z,900
N20261202-S012,N20261202,2026-12-03T03:45:00Z,900
N20261202-S013,N20261202,2026-12-03T04:00:00Z,900
N20261202-S014,N20261202,2026-12-03T04:15:00Z,900
N20261202-S015,N20261202,2026-12-03T04:30:00Z,900
N20261202-S016,N20261202,2026-12-03T04:45:00Z,900
N20261202-S017,N20261202,2026-12-03T05:00:00Z,900
N20261202-S018,N20261202,2026-12-03T05:15:00Z,900
N20261202-S019,N20261202,2026-12-03T05:30:00Z,900
N20261202-S020,N20261202,2026-12-03T05:45:00Z,900
N20261202-S021,N20261202,2026-12-03T06:00:00Z,900
N20261202-S022,N20261202,2026-12-03T06:15:00Z,900
N20261202-S023,N20261202,2026-12-03T06:30:00Z,900
N20261202-S024,N20261202,2026-12-03T06:45:00Z,900
N20261202-S025,N20261202,2026-12-03T07:00:00Z,900
N20261202-S026,N20261202,2026-12-03T07:15:00Z,900
N20261202-S027,N20261202,2026-12-03T07:30:00Z,900
N20261202-S028,N20261202,2026-12-03T07:45:00Z,900
N20261202-S029,N20261202,2026-12-03T08:00:00Z,900
N20261203-S001,N20261203,2026-12-04T01:00:00Z,900
N20261203-S002,N20261203,2026-12-04T01:15:00Z,900
N20261203-S003,N20261203,2026-12-04T01:30:00Z,900
N20261203-S004,N20261203,2026-12-04T01:45:00Z,900
N20261203-S005,N20261203,2026-12-04T02:00:00Z,900
N20261203-S006,N20261203,2026-12-04T02:15:00Z,900
N20261203-S007,N20261203,2026-12-04T02:30:00Z,900
N20261203-S008,N20261203,2026-12-04T02:45:00Z,900
N20261203-S009,N20261203,2026-12-04T03:00:00Z,900
N20261203-S010,N20261203,2026-12-04T03:15:00Z,900
N20261203-S011,N20261203,2026-12-04T03:30:00Z,900
N20261203-S012,N20261203,2026-12-04T03:45:00Z,900
N20261203-S013,N20261203,2026-12-04T04:00:00Z,900
N20261203-S014,N20261203,2026-12-04T04:15:00Z,900
N20261203-S015,N20261203,2026-12-04T04:30:00Z,900
N20261203-S016,N20261203,2026-12-04T04:45:00Z,900
N20261203-S017,N20261203,2026-12-04T05:00:00Z,900
N20261203-S018,N20261203,2026-12-04T05:15:00Z,900
N20261203-S019,N20261203,2026-12-04T05:30:00Z,900
N20261203-S020,N20261203,2026-12-04T05:45:00Z,900
N20261203-S021,N20261203,2026-12-04T06:00:00Z,900
N20261203-S022,N20261203,2026-12-04T06:15:00Z,900
N20261203-S023,N20261203,2026-12-04T06:30:00Z,900
N20261203-S024,N20261203,2026-12-04T06:45:00Z,900
N20261203-S025,N20261203,2026-12-04T07:00:00Z,900
N20261203-S026,N20261203,2026-12-04T07:15:00Z,900
N20261203-S027,N20261203,2026-12-04T07:30:00Z,900
N20261203-S028,N20261203,2026-12-04T07:45:00Z,900
N20261203-S029,N20261203,2026-12-04T08:00:00Z,900
N20261204-S001,N20261204,2026-12-05T01:00:00Z,900
N20261204-S002,N20261204,2026-12-05T01:15:00Z,900
N20261204-S003,N20261204,2026-12-05T01:30:00Z,900
N20261204-S004,N20261204,2026-12-05T01:45:00Z,900
N20261204-S005,N20261204,2026-12-05T02:00:00Z,900
N20261204-S006,N20261204,2026-12-05T02:15:00Z,900
N20261204-S007,N20261204,2026-12-05T02:30:00Z,900
N20261204-S008,N20261204,2026-12-05T02:45:00Z,900
N20261204-S009,N20261204,2026-12-05T03:00:00Z,900
N20261204-S010,N20261204,2026-12-05T03:15:00Z,900
N20261204-S011,N20261204,2026-12-05T03:30:00Z,900
N20261204-S012,N20261204,2026-12-05T03:45:00Z,900
N20261204-S013,N20261204,2026-12-05T04:00:00Z,900
N20261204-S014,N20261204,2026-12-05T04:15:00Z,900
N20261204-S015,N20261204,2026-12-05T04:30:00Z,900
N20261204-S016,N20261204,2026-12-05T04:45:00Z,900
N20261204-S017,N20261204,2026-12-05T05:00:00Z,900
N20261204-S018,N20261204,2026-12-05T05:15:00Z,900
N20261204-S019,N20261204,2026-12-05T05:30:00Z,900
N20261204-S020,N20261204,2026-12-05T05:45:00Z,900
N20261204-S021,N20261204,2026-12-05T06:00:00Z,900
N20261204-S022,N20261204,2026-12-05T06:15:00Z,900
N20261204-S023,N20261204,2026-12-05T06:30:00Z,900
N20261204-S024,N20261204,2026-12-05T06:45:00Z,900
N20261204-S025,N20261204,2026-12-05T07:00:00Z,900
N20261204-S026,N20261204,2026-12-05T07:15:00Z,900
N20261204-S027,N20261204,2026-12-05T07:30:00Z,900
N20261204-S028,N20261204,2026-12-05T07:45:00Z,900
N20261204-S029,N20261204,2026-12-05T08:00:00Z,900
N20261205-S001,N20261205,2026-12-06T01:00:00Z,900
N20261205-S002,N20261205,2026-12-06T01:15:00Z,900
N20261205-S003,N20261205,2026-12-06T01:30:00Z,900
N20261205-S004,N20261205,2026-12-06T01:45:00Z,900
N20261205-S005,N20261205,2026-12-06T02:00:00Z,900
N20261205-S006,N20261205,2026-12-06T02:15:00Z,900
N20261205-S007,N20261205,2026-12-06T02:30:00Z,900
N20261205-S008,N20261205,2026-12-06T02:45:00Z,900
N20261205-S009,N20261205,2026-12-06T03:00:00Z,900
N20261205-S010,N20261205,2026-12-06T03:15:00Z,900
N20261205-S011,N20261205,2026-12-06T03:30:00Z,900
N20261205-S012,N20261205,2026-12-06T03:45:00Z,900
N20261205-S013,N20261205,2026-12-06T04:00:00Z,900
N20261205-S014,N20261205,2026-12-06T04:15:00Z,900
N20261205-S015,N20261205,2026-12-06T04:30:00Z,900
N20261205-S016,N20261205,2026-12-06T04:45:00Z,900
N20261205-S017,N20261205,2026-12-06T05:00:00Z,900
N20261205-S018,N20261205,2026-12-06T05:15:00Z,900
N20261205-S019,N20261205,2026-12-06T05:30:00Z,900
N20261205-S020,N20261205,2026-12-06T05:45:00Z,900
N20261205-S021,N20261205,2026-12-06T06:00:00Z,900
N20261205-S022,N20261205,2026-12-06T06:15:00Z,900
N20261205-S023,N20261205,2026-12-06T06:30:00Z,900
N20261205-S024,N20261205,2026-12-06T06:45:00Z,900
N20261205-S025,N20261205,2026-12-06T07:00:00Z,900
N20261205-S026,N20261205,2026-12-06T07:15:00Z,900
N20261205-S027,N20261205,2026-12-06T07:30:00Z,900
N20261205-S028,N20261205,2026-12-06T07:45:00Z,900
N20261205-S029,N20261205,2026-12-06T08:00:00Z,900
N20261206-S001,N20261206,2026-12-07T01:00:00Z,900
N20261206-S002,N20261206,2026-12-07T01:15:00Z,900
N20261206-S003,N20261206,2026-12-07T01:30:00Z,900
N20261206-S004,N20261206,2026-12-07T01:45:00Z,900
N20261206-S005,N20261206,2026-12-07T02:00:00Z,900
N20261206-S006,N20261206,2026-12-07T02:15:00Z,900
N20261206-S007,N20261206,2026-12-07T02:30:00Z,900
N20261206-S008,N20261206,2026-12-07T02:45:00Z,900
N20261206-S009,N20261206,2026-12-07T03:00:00Z,900
N20261206-S010,N20261206,2026-12-07T03:15:00Z,900
N20261206-S011,N20261206,2026-12-07T03:30:00Z,900
N20261206-S012,N20261206,2026-12-07T03:45:00Z,900
N20261206-S013,N20261206,2026-12-07T04:00:00Z,900
N20261206-S014,N20261206,2026-12-07T04:15:00Z,900
N20261206-S015,N20261206,2026-12-07T04:30:00Z,900
N20261206-S016,N20261206,2026-12-07T04:45:00Z,900
N20261206-S017,N20261206,2026-12-07T05:00:00Z,900
N20261206-S018,N20261206,2026-12-07T05:15:00Z,900
N20261206-S019,N20261206,2026-12-07T05:30:00Z,900
N20261206-S020,N20261206,2026-12-07T05:45:00Z,900
N20261206-S021,N20261206,2026-12-07T06:00:00Z,900
N20261206-S022,N20261206,2026-12-07T06:15:00Z,900
N20261206-S023,N20261206,2026-12-07T06:30:00Z,900
N20261206-S024,N20261206,2026-12-07T06:45:00Z,900
N20261206-S025,N20261206,2026-12-07T07:00:00Z,900
N20261206-S026,N20261206,2026-12-07T07:15:00Z,900
N20261206-S027,N20261206,2026-12-07T07:30:00Z,900
N20261206-S028,N20261206,2026-12-07T07:45:00Z,900
N20261206-S029,N20261206,2026-12-07T08:00:00Z,900
N20261207-S001,N20261207,2026-12-08T01:00:00Z,900
N20261207-S002,N20261207,2026-12-08T01:15:00Z,900
N20261207-S003,N20261207,2026-12-08T01:30:00Z,900
N20261207-S004,N20261207,2026-12-08T01:45:00Z,900
N20261207-S005,N20261207,2026-12-08T02:00:00Z,900
N20261207-S006,N20261207,2026-12-08T02:15:00Z,900
N20261207-S007,N20261207,2026-12-08T02:30:00Z,900
N20261207-S008,N20261207,2026-12-08T02:45:00Z,900
N20261207-S009,N20261207,2026-12-08T03:00:00Z,900
N20261207-S010,N20261207,2026-12-08T03:15:00Z,900
N20261207-S011,N20261207,2026-12-08T03:30:00Z,900
N20261207-S012,N20261207,2026-12-08T03:45:00Z,900
N20261207-S013,N20261207,2026-12-08T04:00:00Z,900
N20261207-S014,N20261207,2026-12-08T04:15:00Z,900
N20261207-S015,N20261207,2026-12-08T04:30:00Z,900
N20261207-S016,N20261207,2026-12-08T04:45:00Z,900
N20261207-S017,N20261207,2026-12-08T05:00:00Z,900
N20261207-S018,N20261207,2026-12-08T05:15:00Z,900
N20261207-S019,N20261207,2026-12-08T05:30:00Z,900
N20261207-S020,N20261207,2026-12-08T05:45:00Z,900
N20261207-S021,N20261207,2026-12-08T06:00:00Z,900
N20261207-S022,N20261207,2026-12-08T06:15:00Z,900
N20261207-S023,N20261207,2026-12-08T06:30:00Z,900
N20261207-S024,N20261207,2026-12-08T06:45:00Z,900
N20261207-S025,N20261207,2026-12-08T07:00:00Z,900
N20261207-S026,N20261207,2026-12-08T07:15:00Z,900
N20261207-S027,N20261207,2026-12-08T07:30:00Z,900
N20261207-S028,N20261207,2026-12-08T07:45:00Z,900
N20261207-S029,N20261207,2026-12-08T08:00:00Z,900
N20261208-S001,N20261208,2026-12-09T01:00:00Z,900
N20261208-S002,N20261208,2026-12-09T01:15:00Z,900
N20261208-S003,N20261208,2026-12-09T01:30:00Z,900
N20261208-S004,N20261208,2026-12-09T01:45:00Z,900
N20261208-S005,N20261208,2026-12-09T02:00:00Z,900
N20261208-S006,N20261208,2026-12-09T02:15:00Z,900
N20261208-S007,N20261208,2026-12-09T02:30:00Z,900
N20261208-S008,N20261208,2026-12-09T02:45:00Z,900
N20261208-S009,N20261208,2026-12-09T03:00:00Z,900
N20261208-S010,N20261208,2026-12-09T03:15:00Z,900
N20261208-S011,N20261208,2026-12-09T03:30:00Z,900
N20261208-S012,N20261208,2026-12-09T03:45:00Z,900
N20261208-S013,N20261208,2026-12-09T04:00:00Z,900
N20261208-S014,N20261208,2026-12-09T04:15:00Z,900
N20261208-S015,N20261208,2026-12-09T04:30:00Z,900
N20261208-S016,N20261208,2026-12-09T04:45:00Z,900
N20261208-S017,N20261208,2026-12-09T05:00:00Z,900
N20261208-S018,N20261208,2026-12-09T05:15:00Z,900
N20261208-S019,N20261208,2026-12-09T05:30:00Z,900
N20261208-S020,N20261208,2026-12-09T05:45:00Z,900
N20261208-S021,N20261208,2026-12-09T06:00:00Z,900
N20261208-S022,N20261208,2026-12-09T06:15:00Z,900
N20261208-S023,N20261208,2026-12-09T06:30:00Z,900
N20261208-S024,N20261208,2026-12-09T06:45:00Z,900
N20261208-S025,N20261208,2026-12-09T07:00:00Z,900
N20261208-S026,N20261208,2026-12-09T07:15:00Z,900
N20261208-S027,N20261208,2026-12-09T07:30:00Z,900
N20261208-S028,N20261208,2026-12-09T07:45:00Z,900
N20261208-S029,N20261208,2026-12-09T08:00:00Z,900
N20261209-S001,N20261209,2026-12-10T01:00:00Z,900
N20261209-S002,N20261209,2026-12-10T01:15:00Z,900
N20261209-S003,N20261209,2026-12-10T01:30:00Z,900
N20261209-S004,N20261209,2026-12-10T01:45:00Z,900
N20261209-S005,N20261209,2026-12-10T02:00:00Z,900
N20261209-S006,N20261209,2026-12-10T02:15:00Z,900
N20261209-S007,N20261209,2026-12-10T02:30:00Z,900
N20261209-S008,N20261209,2026-12-10T02:45:00Z,900
N20261209-S009,N20261209,2026-12-10T03:00:00Z,900
N20261209-S010,N20261209,2026-12-10T03:15:00Z,900
N20261209-S011,N20261209,2026-12-10T03:30:00Z,900
N20261209-S012,N20261209,2026-12-10T03:45:00Z,900
N20261209-S013,N20261209,2026-12-10T04:00:00Z,900
N20261209-S014,N20261209,2026-12-10T04:15:00Z,900
N20261209-S015,N20261209,2026-12-10T04:30:00Z,900
N20261209-S016,N20261209,2026-12-10T04:45:00Z,900
N20261209-S017,N20261209,2026-12-10T05:00:00Z,900
N20261209-S018,N20261209,2026-12-10T05:15:00Z,900
N20261209-S019,N20261209,2026-12-10T05:30:00Z,900
N20261209-S020,N20261209,2026-12-10T05:45:00Z,900
N20261209-S021,N20261209,2026-12-10T06:00:00Z,900
N20261209-S022,N20261209,2026-12-10T06:15:00Z,900
N20261209-S023,N20261209,2026-12-10T06:30:00Z,900
N20261209-S024,N20261209,2026-12-10T06:45:00Z,900
N20261209-S025,N20261209,2026-12-10T07:00:00Z,900
N20261209-S026,N20261209,2026-12-10T07:15:00Z,900
N20261209-S027,N20261209,2026-12-10T07:30:00Z,900
N20261209-S028,N20261209,2026-12-10T07:45:00Z,900
N20261209-S029,N20261209,2026-12-10T08:00:00Z,900
N20261210-S001,N20261210,2026-12-11T01:00:00Z,900
N20261210-S002,N20261210,2026-12-11T01:15:00Z,900
N20261210-S003,N20261210,2026-12-11T01:30:00Z,900
N20261210-S004,N20261210,2026-12-11T01:45:00Z,900
N20261210-S005,N20261210,2026-12-11T02:00:00Z,900
N20261210-S006,N20261210,2026-12-11T02:15:00Z,900
N20261210-S007,N20261210,2026-12-11T02:30:00Z,900
N20261210-S008,N20261210,2026-12-11T02:45:00Z,900
N20261210-S009,N20261210,2026-12-11T03:00:00Z,900
N20261210-S010,N20261210,2026-12-11T03:15:00Z,900
N20261210-S011,N20261210,2026-12-11T03:30:00Z,900
N20261210-S012,N20261210,2026-12-11T03:45:00Z,900
N20261210-S013,N20261210,2026-12-11T04:00:00Z,900
N20261210-S014,N20261210,2026-12-11T04:15:00Z,900
N20261210-S015,N20261210,2026-12-11T04:30:00Z,900
N20261210-S016,N20261210,2026-12-11T04:45:00Z,900
N20261210-S017,N20261210,2026-12-11T05:00:00Z,900
N20261210-S018,N20261210,2026-12-11T05:15:00Z,900
N20261210-S019,N20261210,2026-12-11T05:30:00Z,900
N20261210-S020,N20261210,2026-12-11T05:45:00Z,900
N20261210-S021,N20261210,2026-12-11T06:00:00Z,900
N20261210-S022,N20261210,2026-12-11T06:15:00Z,900
N20261210-S023,N20261210,2026-12-11T06:30:00Z,900
N20261210-S024,N20261210,2026-12-11T06:45:00Z,900
N20261210-S025,N20261210,2026-12-11T07:00:00Z,900
N20261210-S026,N20261210,2026-12-11T07:15:00Z,900
N20261210-S027,N20261210,2026-12-11T07:30:00Z,900
N20261210-S028,N20261210,2026-12-11T07:45:00Z,900
N20261210-S029,N20261210,2026-12-11T08:00:00Z,900
N20261211-S001,N20261211,2026-12-12T01:00:00Z,900
N20261211-S002,N20261211,2026-12-12T01:15:00Z,900
N20261211-S003,N20261211,2026-12-12T01:30:00Z,900
N20261211-S004,N20261211,2026-12-12T01:45:00Z,900
N20261211-S005,N20261211,2026-12-12T02:00:00Z,900
N20261211-S006,N20261211,2026-12-12T02:15:00Z,900
N20261211-S007,N20261211,2026-12-12T02:30:00Z,900
N20261211-S008,N20261211,2026-12-12T02:45:00Z,900
N20261211-S009,N20261211,2026-12-12T03:00:00Z,900
N20261211-S010,N20261211,2026-12-12T03:15:00Z,900
N20261211-S011,N20261211,2026-12-12T03:30:00Z,900
N20261211-S012,N20261211,2026-12-12T03:45:00Z,900
N20261211-S013,N20261211,2026-12-12T04:00:00Z,900
N20261211-S014,N20261211,2026-12-12T04:15:00Z,900
N20261211-S015,N20261211,2026-12-12T04:30:00Z,900
N20261211-S016,N20261211,2026-12-12T04:45:00Z,900
N20261211-S017,N20261211,2026-12-12T05:00:00Z,900
N20261211-S018,N20261211,2026-12-12T05:15:00Z,900
N20261211-S019,N20261211,2026-12-12T05:30:00Z,900
N20261211-S020,N20261211,2026-12-12T05:45:00Z,900
N20261211-S021,N20261211,2026-12-12T06:00:00Z,900
N20261211-S022,N20261211,2026-12-12T06:15:00Z,900
N20261211-S023,N20261211,2026-12-12T06:30:00Z,900
N20261211-S024,N20261211,2026-12-12T06:45:00Z,900
N20261211-S025,N20261211,2026-12-12T07:00:00Z,900
N20261211-S026,N20261211,2026-12-12T07:15:00Z,900
N20261211-S027,N20261211,2026-12-12T07:30:00Z,900
N20261211-S028,N20261211,2026-12-12T07:45:00Z,900
N20261211-S029,N20261211,2026-12-12T08:00:00Z,900
N20261212-S001,N20261212,2026-12-13T01:00:00Z,900
N20261212-S002,N20261212,2026-12-13T01:15:00Z,900
N20261212-S003,N20261212,2026-12-13T01:30:00Z,900
N20261212-S004,N20261212,2026-12-13T01:45:00Z,900
N20261212-S005,N20261212,2026-12-13T02:00:00Z,900
N20261212-S006,N20261212,2026-12-13T02:15:00Z,900
N20261212-S007,N20261212,2026-12-13T02:30:00Z,900
N20261212-S008,N20261212,2026-12-13T02:45:00Z,900
N20261212-S009,N20261212,2026-12-13T03:00:00Z,900
N20261212-S010,N20261212,2026-12-13T03:15:00Z,900
N20261212-S011,N20261212,2026-12-13T03:30:00Z,900
N20261212-S012,N20261212,2026-12-13T03:45:00Z,900
N20261212-S013,N20261212,2026-12-13T04:00:00Z,900
N20261212-S014,N20261212,2026-12-13T04:15:00Z,900
N20261212-S015,N20261212,2026-12-13T04:30:00Z,900
N20261212-S016,N20261212,2026-12-13T04:45:00Z,900
N20261212-S017,N20261212,2026-12-13T05:00:00Z,900
N20261212-S018,N20261212,2026-12-13T05:15:00Z,900
N20261212-S019,N20261212,2026-12-13T05:30:00Z,900
N20261212-S020,N20261212,2026-12-13T05:45:00Z,900
N20261212-S021,N20261212,2026-12-13T06:00:00Z,900
N20261212-S022,N20261212,2026-12-13T06:15:00Z,900
N20261212-S023,N20261212,2026-12-13T06:30:00Z,900
N20261212-S024,N20261212,2026-12-13T06:45:00Z,900
N20261212-S025,N20261212,2026-12-13T07:00:00Z,900
N20261212-S026,N20261212,2026-12-13T07:15:00Z,900
N20261212-S027,N20261212,2026-12-13T07:30:00Z,900
N20261212-S028,N20261212,2026-12-13T07:45:00Z,900
N20261212-S029,N20261212,2026-12-13T08:00:00Z,900
N20261213-S001,N20261213,2026-12-14T01:00:00Z,900
N20261213-S002,N20261213,2026-12-14T01:15:00Z,900
N20261213-S003,N20261213,2026-12-14T01:30:00Z,900
N20261213-S004,N20261213,2026-12-14T01:45:00Z,900
N20261213-S005,N20261213,2026-12-14T02:00:00Z,900
N20261213-S006,N20261213,2026-12-14T02:15:00Z,900
N20261213-S007,N20261213,2026-12-14T02:30:00Z,900
N20261213-S008,N20261213,2026-12-14T02:45:00Z,900
N20261213-S009,N20261213,2026-12-14T03:00:00Z,900
N20261213-S010,N20261213,2026-12-14T03:15:00Z,900
N20261213-S011,N20261213,2026-12-14T03:30:00Z,900
N20261213-S012,N20261213,2026-12-14T03:45:00Z,900
N20261213-S013,N20261213,2026-12-14T04:00:00Z,900
N20261213-S014,N20261213,2026-12-14T04:15:00Z,900
N20261213-S015,N20261213,2026-12-14T04:30:00Z,900
N20261213-S016,N20261213,2026-12-14T04:45:00Z,900
N20261213-S017,N20261213,2026-12-14T05:00:00Z,900
N20261213-S018,N20261213,2026-12-14T05:15:00Z,900
N20261213-S019,N20261213,2026-12-14T05:30:00Z,900
N20261213-S020,N20261213,2026-12-14T05:45:00Z,900
N20261213-S021,N20261213,2026-12-14T06:00:00Z,900
N20261213-S022,N20261213,2026-12-14T06:15:00Z,900
N20261213-S023,N20261213,2026-12-14T06:30:00Z,900
N20261213-S024,N20261213,2026-12-14T06:45:00Z,900
N20261213-S025,N20261213,2026-12-14T07:00:00Z,900
N20261213-S026,N20261213,2026-12-14T07:15:00Z,900
N20261213-S027,N20261213,2026-12-14T07:30:00Z,900
N20261213-S028,N20261213,2026-12-14T07:45:00Z,900
N20261213-S029,N20261213,2026-12-14T08:00:00Z,900
N20261214-S001,N20261214,2026-12-15T01:00:00Z,900
N20261214-S002,N20261214,2026-12-15T01:15:00Z,900
N20261214-S003,N20261214,2026-12-15T01:30:00Z,900
N20261214-S004,N20261214,2026-12-15T01:45:00Z,900
N20261214-S005,N20261214,2026-12-15T02:00:00Z,900
N20261214-S006,N20261214,2026-12-15T02:15:00Z,900
N20261214-S007,N20261214,2026-12-15T02:30:00Z,900
N20261214-S008,N20261214,2026-12-15T02:45:00Z,900
N20261214-S009,N20261214,2026-12-15T03:00:00Z,900
N20261214-S010,N20261214,2026-12-15T03:15:00Z,900
N20261214-S011,N20261214,2026-12-15T03:30:00Z,900
N20261214-S012,N20261214,2026-12-15T03:45:00Z,900
N20261214-S013,N20261214,2026-12-15T04:00:00Z,900
N20261214-S014,N20261214,2026-12-15T04:15:00Z,900
N20261214-S015,N20261214,2026-12-15T04:30:00Z,900
N20261214-S016,N20261214,2026-12-15T04:45:00Z,900
N20261214-S017,N20261214,2026-12-15T05:00:00Z,900
N20261214-S018,N20261214,2026-12-15T05:15:00Z,900
N20261214-S019,N20261214,2026-12-15T05:30:00Z,900
N20261214-S020,N20261214,2026-12-15T05:45:00Z,900
N20261214-S021,N20261214,2026-12-15T06:00:00Z,900
N20261214-S022,N20261214,2026-12-15T06:15:00Z,900
N20261214-S023,N20261214,2026-12-15T06:30:00Z,900
N20261214-S024,N20261214,2026-12-15T06:45:00Z,900
N20261214-S025,N20261214,2026-12-15T07:00:00Z,900
N20261214-S026,N20261214,2026-12-15T07:15:00Z,900
N20261214-S027,N20261214,2026-12-15T07:30:00Z,900
N20261214-S028,N20261214,2026-12-15T07:45:00Z,900
N20261214-S029,N20261214,2026-12-15T08:00:00Z,900
N20261215-S001,N20261215,2026-12-16T01:00:00Z,900
N20261215-S002,N20261215,2026-12-16T01:15:00Z,900
N20261215-S003,N20261215,2026-12-16T01:30:00Z,900
N20261215-S004,N20261215,2026-12-16T01:45:00Z,900
N20261215-S005,N20261215,2026-12-16T02:00:00Z,900
N20261215-S006,N20261215,2026-12-16T02:15:00Z,900
N20261215-S007,N20261215,2026-12-16T02:30:00Z,900
N20261215-S008,N20261215,2026-12-16T02:45:00Z,900
N20261215-S009,N20261215,2026-12-16T03:00:00Z,900
N20261215-S010,N20261215,2026-12-16T03:15:00Z,900
N20261215-S011,N20261215,2026-12-16T03:30:00Z,900
N20261215-S012,N20261215,2026-12-16T03:45:00Z,900
N20261215-S013,N20261215,2026-12-16T04:00:00Z,900
N20261215-S014,N20261215,2026-12-16T04:15:00Z,900
N20261215-S015,N20261215,2026-12-16T04:30:00Z,900
N20261215-S016,N20261215,2026-12-16T04:45:00Z,900
N20261215-S017,N20261215,2026-12-16T05:00:00Z,900
N20261215-S018,N20261215,2026-12-16T05:15:00Z,900
N20261215-S019,N20261215,2026-12-16T05:30:00Z,900
N20261215-S020,N20261215,2026-12-16T05:45:00Z,900
N20261215-S021,N20261215,2026-12-16T06:00:00Z,900
N20261215-S022,N20261215,2026-12-16T06:15:00Z,900
N20261215-S023,N20261215,2026-12-16T06:30:00Z,900
N20261215-S024,N20261215,2026-12-16T06:45:00Z,900
N20261215-S025,N20261215,2026-12-16T07:00:00Z,900
N20261215-S026,N20261215,2026-12-16T07:15:00Z,900
N20261215-S027,N20261215,2026-12-16T07:30:00Z,900
N20261215-S028,N20261215,2026-12-16T07:45:00Z,900
N20261215-S029,N20261215,2026-12-16T08:00:00Z,900
N20261216-S001,N20261216,2026-12-17T01:00:00Z,900
N20261216-S002,N20261216,2026-12-17T01:15:00Z,900
N20261216-S003,N20261216,2026-12-17T01:30:00Z,900
N20261216-S004,N20261216,2026-12-17T01:45:00Z,900
N20261216-S005,N20261216,2026-12-17T02:00:00Z,900
N20261216-S006,N20261216,2026-12-17T02:15:00Z,900
N20261216-S007,N20261216,2026-12-17T02:30:00Z,900
N20261216-S008,N20261216,2026-12-17T02:45:00Z,900
N20261216-S009,N20261216,2026-12-17T03:00:00Z,900
N20261216-S010,N20261216,2026-12-17T03:15:00Z,900
N20261216-S011,N20261216,2026-12-17T03:30:00Z,900
N20261216-S012,N20261216,2026-12-17T03:45:00Z,900
N20261216-S013,N20261216,2026-12-17T04:00:00Z,900
N20261216-S014,N20261216,2026-12-17T04:15:00Z,900
N20261216-S015,N20261216,2026-12-17T04:30:00Z,900
N20261216-S016,N20261216,2026-12-17T04:45:00Z,900
N20261216-S017,N20261216,2026-12-17T05:00:00Z,900
N20261216-S018,N20261216,2026-12-17T05:15:00Z,900
N20261216-S019,N20261216,2026-12-17T05:30:00Z,900
N20261216-S020,N20261216,2026-12-17T05:45:00Z,900
N20261216-S021,N20261216,2026-12-17T06:00:00Z,900
N20261216-S022,N20261216,2026-12-17T06:15:00Z,900
N20261216-S023,N20261216,2026-12-17T06:30:00Z,900
N20261216-S024,N20261216,2026-12-17T06:45:00Z,900
N20261216-S025,N20261216,2026-12-17T07:00:00Z,900
N20261216-S026,N20261216,2026-12-17T07:15:00Z,900
N20261216-S027,N20261216,2026-12-17T07:30:00Z,900
N20261216-S028,N20261216,2026-12-17T07:45:00Z,900
N20261216-S029,N20261216,2026-12-17T08:00:00Z,900
N20261217-S001,N20261217,2026-12-18T01:00:00Z,900
N20261217-S002,N20261217,2026-12-18T01:15:00Z,900
N20261217-S003,N20261217,2026-12-18T01:30:00Z,900
N20261217-S004,N20261217,2026-12-18T01:45:00Z,900
N20261217-S005,N20261217,2026-12-18T02:00:00Z,900
N20261217-S006,N20261217,2026-12-18T02:15:00Z,900
N20261217-S007,N20261217,2026-12-18T02:30:00Z,900
N20261217-S008,N20261217,2026-12-18T02:45:00Z,900
N20261217-S009,N20261217,2026-12-18T03:00:00Z,900
N20261217-S010,N20261217,2026-12-18T03:15:00Z,900
N20261217-S011,N20261217,2026-12-18T03:30:00Z,900
N20261217-S012,N20261217,2026-12-18T03:45:00Z,900
N20261217-S013,N20261217,2026-12-18T04:00:00Z,900
N20261217-S014,N20261217,2026-12-18T04:15:00Z,900
N20261217-S015,N20261217,2026-12-18T04:30:00Z,900
N20261217-S016,N20261217,2026-12-18T04:45:00Z,900
N20261217-S017,N20261217,2026-12-18T05:00:00Z,900
N20261217-S018,N20261217,2026-12-18T05:15:00Z,900
N20261217-S019,N20261217,2026-12-18T05:30:00Z,900
N20261217-S020,N20261217,2026-12-18T05:45:00Z,900
N20261217-S021,N20261217,2026-12-18T06:00:00Z,900
N20261217-S022,N20261217,2026-12-18T06:15:00Z,900
N20261217-S023,N20261217,2026-12-18T06:30:00Z,900
N20261217-S024,N20261217,2026-12-18T06:45:00Z,900
N20261217-S025,N20261217,2026-12-18T07:00:00Z,900
N20261217-S026,N20261217,2026-12-18T07:15:00Z,900
N20261217-S027,N20261217,2026-12-18T07:30:00Z,900
N20261217-S028,N20261217,2026-12-18T07:45:00Z,900
N20261217-S029,N20261217,2026-12-18T08:00:00Z,900
N20261218-S001,N20261218,2026-12-19T01:00:00Z,900
N20261218-S002,N20261218,2026-12-19T01:15:00Z,900
N20261218-S003,N20261218,2026-12-19T01:30:00Z,900
N20261218-S004,N20261218,2026-12-19T01:45:00Z,900
N20261218-S005,N20261218,2026-12-19T02:00:00Z,900
N20261218-S006,N20261218,2026-12-19T02:15:00Z,900
N20261218-S007,N20261218,2026-12-19T02:30:00Z,900
N20261218-S008,N20261218,2026-12-19T02:45:00Z,900
N20261218-S009,N20261218,2026-12-19T03:00:00Z,900
N20261218-S010,N20261218,2026-12-19T03:15:00Z,900
N20261218-S011,N20261218,2026-12-19T03:30:00Z,900
N20261218-S012,N20261218,2026-12-19T03:45:00Z,900
N20261218-S013,N20261218,2026-12-19T04:00:00Z,900
N20261218-S014,N20261218,2026-12-19T04:15:00Z,900
N20261218-S015,N20261218,2026-12-19T04:30:00Z,900
N20261218-S016,N20261218,2026-12-19T04:45:00Z,900
N20261218-S017,N20261218,2026-12-19T05:00:00Z,900
N20261218-S018,N20261218,2026-12-19T05:15:00Z,900
N20261218-S019,N20261218,2026-12-19T05:30:00Z,900
N20261218-S020,N20261218,2026-12-19T05:45:00Z,900
N20261218-S021,N20261218,2026-12-19T06:00:00Z,900
N20261218-S022,N20261218,2026-12-19T06:15:00Z,900
N20261218-S023,N20261218,2026-12-19T06:30:00Z,900
N20261218-S024,N20261218,2026-12-19T06:45:00Z,900
N20261218-S025,N20261218,2026-12-19T07:00:00Z,900
N20261218-S026,N20261218,2026-12-19T07:15:00Z,900
N20261218-S027,N20261218,2026-12-19T07:30:00Z,900
N20261218-S028,N20261218,2026-12-19T07:45:00Z,900
N20261218-S029,N20261218,2026-12-19T08:00:00Z,900
N20261219-S001,N20261219,2026-12-20T01:00:00Z,900
N20261219-S002,N20261219,2026-12-20T01:15:00Z,900
N20261219-S003,N20261219,2026-12-20T01:30:00Z,900
N20261219-S004,N20261219,2026-12-20T01:45:00Z,900
N20261219-S005,N20261219,2026-12-20T02:00:00Z,900
N20261219-S006,N20261219,2026-12-20T02:15:00Z,900
N20261219-S007,N20261219,2026-12-20T02:30:00Z,900
N20261219-S008,N20261219,2026-12-20T02:45:00Z,900
N20261219-S009,N20261219,2026-12-20T03:00:00Z,900
N20261219-S010,N20261219,2026-12-20T03:15:00Z,900
N20261219-S011,N20261219,2026-12-20T03:30:00Z,900
N20261219-S012,N20261219,2026-12-20T03:45:00Z,900
N20261219-S013,N20261219,2026-12-20T04:00:00Z,900
N20261219-S014,N20261219,2026-12-20T04:15:00Z,900
N20261219-S015,N20261219,2026-12-20T04:30:00Z,900
N20261219-S016,N20261219,2026-12-20T04:45:00Z,900
N20261219-S017,N20261219,2026-12-20T05:00:00Z,900
N20261219-S018,N20261219,2026-12-20T05:15:00Z,900
N20261219-S019,N20261219,2026-12-20T05:30:00Z,900
N20261219-S020,N20261219,2026-12-20T05:45:00Z,900
N20261219-S021,N20261219,2026-12-20T06:00:00Z,900
N20261219-S022,N20261219,2026-12-20T06:15:00Z,900
N20261219-S023,N20261219,2026-12-20T06:30:00Z,900
N20261219-S024,N20261219,2026-12-20T06:45:00Z,900
N20261219-S025,N20261219,2026-12-20T07:00:00Z,900
N20261219-S026,N20261219,2026-12-20T07:15:00Z,900
N20261219-S027,N20261219,2026-12-20T07:30:00Z,900
N20261219-S028,N20261219,2026-12-20T07:45:00Z,900
N20261219-S029,N20261219,2026-12-20T08:00:00Z,900
N20261220-S001,N20261220,2026-12-21T01:00:00Z,900
N20261220-S002,N20261220,2026-12-21T01:15:00Z,900
N20261220-S003,N20261220,2026-12-21T01:30:00Z,900
N20261220-S004,N20261220,2026-12-21T01:45:00Z,900
N20261220-S005,N20261220,2026-12-21T02:00:00Z,900
N20261220-S006,N20261220,2026-12-21T02:15:00Z,900
N20261220-S007,N20261220,2026-12-21T02:30:00Z,900
N20261220-S008,N20261220,2026-12-21T02:45:00Z,900
N20261220-S009,N20261220,2026-12-21T03:00:00Z,900
N20261220-S010,N20261220,2026-12-21T03:15:00Z,900
N20261220-S011,N20261220,2026-12-21T03:30:00Z,900
N20261220-S012,N20261220,2026-12-21T03:45:00Z,900
N20261220-S013,N20261220,2026-12-21T04:00:00Z,900
N20261220-S014,N20261220,2026-12-21T04:15:00Z,900
N20261220-S015,N20261220,2026-12-21T04:30:00Z,900
N20261220-S016,N20261220,2026-12-21T04:45:00Z,900
N20261220-S017,N20261220,2026-12-21T05:00:00Z,900
N20261220-S018,N20261220,2026-12-21T05:15:00Z,900
N20261220-S019,N20261220,2026-12-21T05:30:00Z,900
N20261220-S020,N20261220,2026-12-21T05:45:00Z,900
N20261220-S021,N20261220,2026-12-21T06:00:00Z,900
N20261220-S022,N20261220,2026-12-21T06:15:00Z,900
N20261220-S023,N20261220,2026-12-21T06:30:00Z,900
N20261220-S024,N20261220,2026-12-21T06:45:00Z,900
N20261220-S025,N20261220,2026-12-21T07:00:00Z,900
N20261220-S026,N20261220,2026-12-21T07:15:00Z,900
N20261220-S027,N20261220,2026-12-21T07:30:00Z,900
N20261220-S028,N20261220,2026-12-21T07:45:00Z,900
N20261220-S029,N20261220,2026-12-21T08:00:00Z,900
N20261221-S001,N20261221,2026-12-22T01:00:00Z,900
N20261221-S002,N20261221,2026-12-22T01:15:00Z,900
N20261221-S003,N20261221,2026-12-22T01:30:00Z,900
N20261221-S004,N20261221,2026-12-22T01:45:00Z,900
N20261221-S005,N20261221,2026-12-22T02:00:00Z,900
N20261221-S006,N20261221,2026-12-22T02:15:00Z,900
N20261221-S007,N20261221,2026-12-22T02:30:00Z,900
N20261221-S008,N20261221,2026-12-22T02:45:00Z,900
N20261221-S009,N20261221,2026-12-22T03:00:00Z,900
N20261221-S010,N20261221,2026-12-22T03:15:00Z,900
N20261221-S011,N20261221,2026-12-22T03:30:00Z,900
N20261221-S012,N20261221,2026-12-22T03:45:00Z,900
N20261221-S013,N20261221,2026-12-22T04:00:00Z,900
N20261221-S014,N20261221,2026-12-22T04:15:00Z,900
N20261221-S015,N20261221,2026-12-22T04:30:00Z,900
N20261221-S016,N20261221,2026-12-22T04:45:00Z,900
N20261221-S017,N20261221,2026-12-22T05:00:00Z,900
N20261221-S018,N20261221,2026-12-22T05:15:00Z,900
N20261221-S019,N20261221,2026-12-22T05:30:00Z,900
N20261221-S020,N20261221,2026-12-22T05:45:00Z,900
N20261221-S021,N20261221,2026-12-22T06:00:00Z,900
N20261221-S022,N20261221,2026-12-22T06:15:00Z,900
N20261221-S023,N20261221,2026-12-22T06:30:00Z,900
N20261221-S024,N20261221,2026-12-22T06:45:00Z,900
N20261221-S025,N20261221,2026-12-22T07:00:00Z,900
N20261221-S026,N20261221,2026-12-22T07:15:00Z,900
N20261221-S027,N20261221,2026-12-22T07:30:00Z,900
N20261221-S028,N20261221,2026-12-22T07:45:00Z,900
N20261221-S029,N20261221,2026-12-22T08:00:00Z,900
N20261222-S001,N20261222,2026-12-23T01:00:00Z,900
N20261222-S002,N20261222,2026-12-23T01:15:00Z,900
N20261222-S003,N20261222,2026-12-23T01:30:00Z,900
N20261222-S004,N20261222,2026-12-23T01:45:00Z,900
N20261222-S005,N20261222,2026-12-23T02:00:00Z,900
N20261222-S006,N20261222,2026-12-23T02:15:00Z,900
N20261222-S007,N20261222,2026-12-23T02:30:00Z,900
N20261222-S008,N20261222,2026-12-23T02:45:00Z,900
N20261222-S009,N20261222,2026-12-23T03:00:00Z,900
N20261222-S010,N20261222,2026-12-23T03:15:00Z,900
N20261222-S011,N20261222,2026-12-23T03:30:00Z,900
N20261222-S012,N20261222,2026-12-23T03:45:00Z,900
N20261222-S013,N20261222,2026-12-23T04:00:00Z,900
N20261222-S014,N20261222,2026-12-23T04:15:00Z,900
N20261222-S015,N20261222,2026-12-23T04:30:00Z,900
N20261222-S016,N20261222,2026-12-23T04:45:00Z,900
N20261222-S017,N20261222,2026-12-23T05:00:00Z,900
N20261222-S018,N20261222,2026-12-23T05:15:00Z,900
N20261222-S019,N20261222,2026-12-23T05:30:00Z,900
N20261222-S020,N20261222,2026-12-23T05:45:00Z,900
N20261222-S021,N20261222,2026-12-23T06:00:00Z,900
N20261222-S022,N20261222,2026-12-23T06:15:00Z,900
N20261222-S023,N20261222,2026-12-23T06:30:00Z,900
N20261222-S024,N20261222,2026-12-23T06:45:00Z,900
N20261222-S025,N20261222,2026-12-23T07:00:00Z,900
N20261222-S026,N20261222,2026-12-23T07:15:00Z,900
N20261222-S027,N20261222,2026-12-23T07:30:00Z,900
N20261222-S028,N20261222,2026-12-23T07:45:00Z,900
N20261222-S029,N20261222,2026-12-23T08:00:00Z,900
N20261223-S001,N20261223,2026-12-24T01:00:00Z,900
N20261223-S002,N20261223,2026-12-24T01:15:00Z,900
N20261223-S003,N20261223,2026-12-24T01:30:00Z,900
N20261223-S004,N20261223,2026-12-24T01:45:00Z,900
N20261223-S005,N20261223,2026-12-24T02:00:00Z,900
N20261223-S006,N20261223,2026-12-24T02:15:00Z,900
N20261223-S007,N20261223,2026-12-24T02:30:00Z,900
N20261223-S008,N20261223,2026-12-24T02:45:00Z,900
N20261223-S009,N20261223,2026-12-24T03:00:00Z,900
N20261223-S010,N20261223,2026-12-24T03:15:00Z,900
N20261223-S011,N20261223,2026-12-24T03:30:00Z,900
N20261223-S012,N20261223,2026-12-24T03:45:00Z,900
N20261223-S013,N20261223,2026-12-24T04:00:00Z,900
N20261223-S014,N20261223,2026-12-24T04:15:00Z,900
N20261223-S015,N20261223,2026-12-24T04:30:00Z,900
N20261223-S016,N20261223,2026-12-24T04:45:00Z,900
N20261223-S017,N20261223,2026-12-24T05:00:00Z,900
N20261223-S018,N20261223,2026-12-24T05:15:00Z,900
N20261223-S019,N20261223,2026-12-24T05:30:00Z,900
N20261223-S020,N20261223,2026-12-24T05:45:00Z,900
N20261223-S021,N20261223,2026-12-24T06:00:00Z,900
N20261223-S022,N20261223,2026-12-24T06:15:00Z,900
N20261223-S023,N20261223,2026-12-24T06:30:00Z,900
N20261223-S024,N20261223,2026-12-24T06:45:00Z,900
N20261223-S025,N20261223,2026-12-24T07:00:00Z,900
N20261223-S026,N20261223,2026-12-24T07:15:00Z,900
N20261223-S027,N20261223,2026-12-24T07:30:00Z,900
N20261223-S028,N20261223,2026-12-24T07:45:00Z,900
N20261223-S029,N20261223,2026-12-24T08:00:00Z,900
N20261224-S001,N20261224,2026-12-25T01:15:00Z,900
N20261224-S002,N20261224,2026-12-25T01:30:00Z,900
N20261224-S003,N20261224,2026-12-25T01:45:00Z,900
N20261224-S004,N20261224,2026-12-25T02:00:00Z,900
N20261224-S005,N20261224,2026-12-25T02:15:00Z,900
N20261224-S006,N20261224,2026-12-25T02:30:00Z,900
N20261224-S007,N20261224,2026-12-25T02:45:00Z,900
N20261224-S008,N20261224,2026-12-25T03:00:00Z,900
N20261224-S009,N20261224,2026-12-25T03:15:00Z,900
N20261224-S010,N20261224,2026-12-25T03:30:00Z,900
N20261224-S011,N20261224,2026-12-25T03:45:00Z,900
N20261224-S012,N20261224,2026-12-25T04:00:00Z,900
N20261224-S013,N20261224,2026-12-25T04:15:00Z,900
N20261224-S014,N20261224,2026-12-25T04:30:00Z,900
N20261224-S015,N20261224,2026-12-25T04:45:00Z,900
N20261224-S016,N20261224,2026-12-25T05:00:00Z,900
N20261224-S017,N20261224,2026-12-25T05:15:00Z,900
N20261224-S018,N20261224,2026-12-25T05:30:00Z,900
N20261224-S019,N20261224,2026-12-25T05:45:00Z,900
N20261224-S020,N20261224,2026-12-25T06:00:00Z,900
N20261224-S021,N20261224,2026-12-25T06:15:00Z,900
N20261224-S022,N20261224,2026-12-25T06:30:00Z,900
N20261224-S023,N20261224,2026-12-25T06:45:00Z,900
N20261224-S024,N20261224,2026-12-25T07:00:00Z,900
N20261224-S025,N20261224,2026-12-25T07:15:00Z,900
N20261224-S026,N20261224,2026-12-25T07:30:00Z,900
N20261224-S027,N20261224,2026-12-25T07:45:00Z,900
N20261224-S028,N20261224,2026-12-25T08:00:00Z,900
N20261225-S001,N20261225,2026-12-26T01:15:00Z,900
N20261225-S002,N20261225,2026-12-26T01:30:00Z,900
N20261225-S003,N20261225,2026-12-26T01:45:00Z,900
N20261225-S004,N20261225,2026-12-26T02:00:00Z,900
N20261225-S005,N20261225,2026-12-26T02:15:00Z,900
N20261225-S006,N20261225,2026-12-26T02:30:00Z,900
N20261225-S007,N20261225,2026-12-26T02:45:00Z,900
N20261225-S008,N20261225,2026-12-26T03:00:00Z,900
N20261225-S009,N20261225,2026-12-26T03:15:00Z,900
N20261225-S010,N20261225,2026-12-26T03:30:00Z,900
N20261225-S011,N20261225,2026-12-26T03:45:00Z,900
N20261225-S012,N20261225,2026-12-26T04:00:00Z,900
N20261225-S013,N20261225,2026-12-26T04:15:00Z,900
N20261225-S014,N20261225,2026-12-26T04:30:00Z,900
N20261225-S015,N20261225,2026-12-26T04:45:00Z,900
N20261225-S016,N20261225,2026-12-26T05:00:00Z,900
N20261225-S017,N20261225,2026-12-26T05:15:00Z,900
N20261225-S018,N20261225,2026-12-26T05:30:00Z,900
N20261225-S019,N20261225,2026-12-26T05:45:00Z,900
N20261225-S020,N20261225,2026-12-26T06:00:00Z,900
N20261225-S021,N20261225,2026-12-26T06:15:00Z,900
N20261225-S022,N20261225,2026-12-26T06:30:00Z,900
N20261225-S023,N20261225,2026-12-26T06:45:00Z,900
N20261225-S024,N20261225,2026-12-26T07:00:00Z,900
N20261225-S025,N20261225,2026-12-26T07:15:00Z,900
N20261225-S026,N20261225,2026-12-26T07:30:00Z,900
N20261225-S027,N20261225,2026-12-26T07:45:00Z,900
N20261225-S028,N20261225,2026-12-26T08:00:00Z,900
N20261226-S001,N20261226,2026-12-27T01:15:00Z,900
N20261226-S002,N20261226,2026-12-27T01:30:00Z,900
N20261226-S003,N20261226,2026-12-27T01:45:00Z,900
N20261226-S004,N20261226,2026-12-27T02:00:00Z,900
N20261226-S005,N20261226,2026-12-27T02:15:00Z,900
N20261226-S006,N20261226,2026-12-27T02:30:00Z,900
N20261226-S007,N20261226,2026-12-27T02:45:00Z,900
N20261226-S008,N20261226,2026-12-27T03:00:00Z,900
N20261226-S009,N20261226,2026-12-27T03:15:00Z,900
N20261226-S010,N20261226,2026-12-27T03:30:00Z,900
N20261226-S011,N20261226,2026-12-27T03:45:00Z,900
N20261226-S012,N20261226,2026-12-27T04:00:00Z,900
N20261226-S013,N20261226,2026-12-27T04:15:00Z,900
N20261226-S014,N20261226,2026-12-27T04:30:00Z,900
N20261226-S015,N20261226,2026-12-27T04:45:00Z,900
N20261226-S016,N20261226,2026-12-27T05:00:00Z,900
N20261226-S017,N20261226,2026-12-27T05:15:00Z,900
N20261226-S018,N20261226,2026-12-27T05:30:00Z,900
N20261226-S019,N20261226,2026-12-27T05:45:00Z,900
N20261226-S020,N20261226,2026-12-27T06:00:00Z,900
N20261226-S021,N20261226,2026-12-27T06:15:00Z,900
N20261226-S022,N20261226,2026-12-27T06:30:00Z,900
N20261226-S023,N20261226,2026-12-27T06:45:00Z,900
N20261226-S024,N20261226,2026-12-27T07:00:00Z,900
N20261226-S025,N20261226,2026-12-27T07:15:00Z,900
N20261226-S026,N20261226,2026-12-27T07:30:00Z,900
N20261226-S027,N20261226,2026-12-27T07:45:00Z,900
N20261226-S028,N20261226,2026-12-27T08:00:00Z,900
N20261227-S001,N20261227,2026-12-28T01:15:00Z,900
N20261227-S002,N20261227,2026-12-28T01:30:00Z,900
N20261227-S003,N20261227,2026-12-28T01:45:00Z,900
N20261227-S004,N20261227,2026-12-28T02:00:00Z,900
N20261227-S005,N20261227,2026-12-28T02:15:00Z,900
N20261227-S006,N20261227,2026-12-28T02:30:00Z,900
N20261227-S007,N20261227,2026-12-28T02:45:00Z,900
N20261227-S008,N20261227,2026-12-28T03:00:00Z,900
N20261227-S009,N20261227,2026-12-28T03:15:00Z,900
N20261227-S010,N20261227,2026-12-28T03:30:00Z,900
N20261227-S011,N20261227,2026-12-28T03:45:00Z,900
N20261227-S012,N20261227,2026-12-28T04:00:00Z,900
N20261227-S013,N20261227,2026-12-28T04:15:00Z,900
N20261227-S014,N20261227,2026-12-28T04:30:00Z,900
N20261227-S015,N20261227,2026-12-28T04:45:00Z,900
N20261227-S016,N20261227,2026-12-28T05:00:00Z,900
N20261227-S017,N20261227,2026-12-28T05:15:00Z,900
N20261227-S018,N20261227,2026-12-28T05:30:00Z,900
N20261227-S019,N20261227,2026-12-28T05:45:00Z,900
N20261227-S020,N20261227,2026-12-28T06:00:00Z,900
N20261227-S021,N20261227,2026-12-28T06:15:00Z,900
N20261227-S022,N20261227,2026-12-28T06:30:00Z,900
N20261227-S023,N20261227,2026-12-28T06:45:00Z,900
N20261227-S024,N20261227,2026-12-28T07:00:00Z,900
N20261227-S025,N20261227,2026-12-28T07:15:00Z,900
N20261227-S026,N20261227,2026-12-28T07:30:00Z,900
N20261227-S027,N20261227,2026-12-28T07:45:00Z,900
N20261227-S028,N20261227,2026-12-28T08:00:00Z,900
N20261228-S001,N20261228,2026-12-29T01:15:00Z,900
N20261228-S002,N20261228,2026-12-29T01:30:00Z,900
N20261228-S003,N20261228,2026-12-29T01:45:00Z,900
N20261228-S004,N20261228,2026-12-29T02:00:00Z,900
N20261228-S005,N20261228,2026-12-29T02:15:00Z,900
N20261228-S006,N20261228,2026-12-29T02:30:00Z,900
N20261228-S007,N20261228,2026-12-29T02:45:00Z,900
N20261228-S008,N20261228,2026-12-29T03:00:00Z,900
N20261228-S009,N20261228,2026-12-29T03:15:00Z,900
N20261228-S010,N20261228,2026-12-29T03:30:00Z,900
N20261228-S011,N20261228,2026-12-29T03:45:00Z,900
N20261228-S012,N20261228,2026-12-29T04:00:00Z,900
N20261228-S013,N20261228,2026-12-29T04:15:00Z,900
N20261228-S014,N20261228,2026-12-29T04:30:00Z,900
N20261228-S015,N20261228,2026-12-29T04:45:00Z,900
N20261228-S016,N20261228,2026-12-29T05:00:00Z,900
N20261228-S017,N20261228,2026-12-29T05:15:00Z,900
N20261228-S018,N20261228,2026-12-29T05:30:00Z,900
N20261228-S019,N20261228,2026-12-29T05:45:00Z,900
N20261228-S020,N20261228,2026-12-29T06:00:00Z,900
N20261228-S021,N20261228,2026-12-29T06:15:00Z,900
N20261228-S022,N20261228,2026-12-29T06:30:00Z,900
N20261228-S023,N20261228,2026-12-29T06:45:00Z,900
N20261228-S024,N20261228,2026-12-29T07:00:00Z,900
N20261228-S025,N20261228,2026-12-29T07:15:00Z,900
N20261228-S026,N20261228,2026-12-29T07:30:00Z,900
N20261228-S027,N20261228,2026-12-29T07:45:00Z,900
N20261228-S028,N20261228,2026-12-29T08:00:00Z,900
N20261229-S001,N20261229,2026-12-30T01:15:00Z,900
N20261229-S002,N20261229,2026-12-30T01:30:00Z,900
N20261229-S003,N20261229,2026-12-30T01:45:00Z,900
N20261229-S004,N20261229,2026-12-30T02:00:00Z,900
N20261229-S005,N20261229,2026-12-30T02:15:00Z,900
N20261229-S006,N20261229,2026-12-30T02:30:00Z,900
N20261229-S007,N20261229,2026-12-30T02:45:00Z,900
N20261229-S008,N20261229,2026-12-30T03:00:00Z,900
N20261229-S009,N20261229,2026-12-30T03:15:00Z,900
N20261229-S010,N20261229,2026-12-30T03:30:00Z,900
N20261229-S011,N20261229,2026-12-30T03:45:00Z,900
N20261229-S012,N20261229,2026-12-30T04:00:00Z,900
N20261229-S013,N20261229,2026-12-30T04:15:00Z,900
N20261229-S014,N20261229,2026-12-30T04:30:00Z,900
N20261229-S015,N20261229,2026-12-30T04:45:00Z,900
N20261229-S016,N20261229,2026-12-30T05:00:00Z,900
N20261229-S017,N20261229,2026-12-30T05:15:00Z,900
N20261229-S018,N20261229,2026-12-30T05:30:00Z,900
N20261229-S019,N20261229,2026-12-30T05:45:00Z,900
N20261229-S020,N20261229,2026-12-30T06:00:00Z,900
N20261229-S021,N20261229,2026-12-30T06:15:00Z,900
N20261229-S022,N20261229,2026-12-30T06:30:00Z,900
N20261229-S023,N20261229,2026-12-30T06:45:00Z,900
N20261229-S024,N20261229,2026-12-30T07:00:00Z,900
N20261229-S025,N20261229,2026-12-30T07:15:00Z,900
N20261229-S026,N20261229,2026-12-30T07:30:00Z,900
N20261229-S027,N20261229,2026-12-30T07:45:00Z,900
N20261229-S028,N20261229,2026-12-30T08:00:00Z,900
N20261230-S001,N20261230,2026-12-31T01:15:00Z,900
N20261230-S002,N20261230,2026-12-31T01:30:00Z,900
N20261230-S003,N20261230,2026-12-31T01:45:00Z,900
N20261230-S004,N20261230,2026-12-31T02:00:00Z,900
N20261230-S005,N20261230,2026-12-31T02:15:00Z,900
N20261230-S006,N20261230,2026-12-31T02:30:00Z,900
N20261230-S007,N20261230,2026-12-31T02:45:00Z,900
N20261230-S008,N20261230,2026-12-31T03:00:00Z,900
N20261230-S009,N20261230,2026-12-31T03:15:00Z,900
N20261230-S010,N20261230,2026-12-31T03:30:00Z,900
N20261230-S011,N20261230,2026-12-31T03:45:00Z,900
N20261230-S012,N20261230,2026-12-31T04:00:00Z,900
N20261230-S013,N20261230,2026-12-31T04:15:00Z,900
N20261230-S014,N20261230,2026-12-31T04:30:00Z,900
N20261230-S015,N20261230,2026-12-31T04:45:00Z,900
N20261230-S016,N20261230,2026-12-31T05:00:00Z,900
N20261230-S017,N20261230,2026-12-31T05:15:00Z,900
N20261230-S018,N20261230,2026-12-31T05:30:00Z,900
N20261230-S019,N20261230,2026-12-31T05:45:00Z,900
N20261230-S020,N20261230,2026-12-31T06:00:00Z,900
N20261230-S021,N20261230,2026-12-31T06:15:00Z,900
N20261230-S022,N20261230,2026-12-31T06:30:00Z,900
N20261230-S023,N20261230,2026-12-31T06:45:00Z,900
N20261230-S024,N20261230,2026-12-31T07:00:00Z,900
N20261230-S025,N20261230,2026-12-31T07:15:00Z,900
N20261230-S026,N20261230,2026-12-31T07:30:00Z,900
N20261230-S027,N20261230,2026-12-31T07:45:00Z,900
N20261230-S028,N20261230,2026-12-31T08:00:00Z,900
N20261231-S001,N20261231,2027-01-01T01:15:00Z,900
N20261231-S002,N20261231,2027-01-01T01:30:00Z,900
N20261231-S003,N20261231,2027-01-01T01:45:00Z,900
N20261231-S004,N20261231,2027-01-01T02:00:00Z,900
N20261231-S005,N20261231,2027-01-01T02:15:00Z,900
N20261231-S006,N20261231,2027-01-01T02:30:00Z,900
N20261231-S007,N20261231,2027-01-01T02:45:00Z,900
N20261231-S008,N20261231,2027-01-01T03:00:00Z,900
N20261231-S009,N20261231,2027-01-01T03:15:00Z,900
N20261231-S010,N20261231,2027-01-01T03:30:00Z,900
N20261231-S011,N20261231,2027-01-01T03:45:00Z,900
N20261231-S012,N20261231,2027-01-01T04:00:00Z,900
N20261231-S013,N20261231,2027-01-01T04:15:00Z,900
N20261231-S014,N20261231,2027-01-01T04:30:00Z,900
N20261231-S015,N20261231,2027-01-01T04:45:00Z,900
N20261231-S016,N20261231,2027-01-01T05:00:00Z,900
N20261231-S017,N20261231,2027-01-01T05:15:00Z,900
N20261231-S018,N20261231,2027-01-01T05:30:00Z,900
N20261231-S019,N20261231,2027-01-01T05:45:00Z,900
N20261231-S020,N20261231,2027-01-01T06:00:00Z,900
N20261231-S021,N20261231,2027-01-01T06:15:00Z,900
N20261231-S022,N20261231,2027-01-01T06:30:00Z,900
N20261231-S023,N20261231,2027-01-01T06:45:00Z,900
N20261231-S024,N20261231,2027-01-01T07:00:00Z,900
N20261231-S025,N20261231,2027-01-01T07:15:00Z,900
N20261231-S026,N20261231,2027-01-01T07:30:00Z,900
N20261231-S027,N20261231,2027-01-01T07:45:00Z,900
N20261231-S028,N20261231,2027-01-01T08:00:00Z,900
N20270101-S001,N20270101,2027-01-02T01:15:00Z,900
N20270101-S002,N20270101,2027-01-02T01:30:00Z,900
N20270101-S003,N20270101,2027-01-02T01:45:00Z,900
N20270101-S004,N20270101,2027-01-02T02:00:00Z,900
N20270101-S005,N20270101,2027-01-02T02:15:00Z,900
N20270101-S006,N20270101,2027-01-02T02:30:00Z,900
N20270101-S007,N20270101,2027-01-02T02:45:00Z,900
N20270101-S008,N20270101,2027-01-02T03:00:00Z,900
N20270101-S009,N20270101,2027-01-02T03:15:00Z,900
N20270101-S010,N20270101,2027-01-02T03:30:00Z,900
N20270101-S011,N20270101,2027-01-02T03:45:00Z,900
N20270101-S012,N20270101,2027-01-02T04:00:00Z,900
N20270101-S013,N20270101,2027-01-02T04:15:00Z,900
N20270101-S014,N20270101,2027-01-02T04:30:00Z,900
N20270101-S015,N20270101,2027-01-02T04:45:00Z,900
N20270101-S016,N20270101,2027-01-02T05:00:00Z,900
N20270101-S017,N20270101,2027-01-02T05:15:00Z,900
N20270101-S018,N20270101,2027-01-02T05:30:00Z,900
N20270101-S019,N20270101,2027-01-02T05:45:00Z,900
N20270101-S020,N20270101,2027-01-02T06:00:00Z,900
N20270101-S021,N20270101,2027-01-02T06:15:00Z,900
N20270101-S022,N20270101,2027-01-02T06:30:00Z,900
N20270101-S023,N20270101,2027-01-02T06:45:00Z,900
N20270101-S024,N20270101,2027-01-02T07:00:00Z,900
N20270101-S025,N20270101,2027-01-02T07:15:00Z,900
N20270101-S026,N20270101,2027-01-02T07:30:00Z,900
N20270101-S027,N20270101,2027-01-02T07:45:00Z,900
N20270101-S028,N20270101,2027-01-02T08:00:00Z,900
N20270102-S001,N20270102,2027-01-03T01:15:00Z,900
N20270102-S002,N20270102,2027-01-03T01:30:00Z,900
N20270102-S003,N20270102,2027-01-03T01:45:00Z,900
N20270102-S004,N20270102,2027-01-03T02:00:00Z,900
N20270102-S005,N20270102,2027-01-03T02:15:00Z,900
N20270102-S006,N20270102,2027-01-03T02:30:00Z,900
N20270102-S007,N20270102,2027-01-03T02:45:00Z,900
N20270102-S008,N20270102,2027-01-03T03:00:00Z,900
N20270102-S009,N20270102,2027-01-03T03:15:00Z,900
N20270102-S010,N20270102,2027-01-03T03:30:00Z,900
N20270102-S011,N20270102,2027-01-03T03:45:00Z,900
N20270102-S012,N20270102,2027-01-03T04:00:00Z,900
N20270102-S013,N20270102,2027-01-03T04:15:00Z,900
N20270102-S014,N20270102,2027-01-03T04:30:00Z,900
N20270102-S015,N20270102,2027-01-03T04:45:00Z,900
N20270102-S016,N20270102,2027-01-03T05:00:00Z,900
N20270102-S017,N20270102,2027-01-03T05:15:00Z,900
N20270102-S018,N20270102,2027-01-03T05:30:00Z,900
N20270102-S019,N20270102,2027-01-03T05:45:00Z,900
N20270102-S020,N20270102,2027-01-03T06:00:00Z,900
N20270102-S021,N20270102,2027-01-03T06:15:00Z,900
N20270102-S022,N20270102,2027-01-03T06:30:00Z,900
N20270102-S023,N20270102,2027-01-03T06:45:00Z,900
N20270102-S024,N20270102,2027-01-03T07:00:00Z,900
N20270102-S025,N20270102,2027-01-03T07:15:00Z,900
N20270102-S026,N20270102,2027-01-03T07:30:00Z,900
N20270102-S027,N20270102,2027-01-03T07:45:00Z,900
N20270102-S028,N20270102,2027-01-03T08:00:00Z,900
N20270103-S001,N20270103,2027-01-04T01:15:00Z,900
N20270103-S002,N20270103,2027-01-04T01:30:00Z,900
N20270103-S003,N20270103,2027-01-04T01:45:00Z,900
N20270103-S004,N20270103,2027-01-04T02:00:00Z,900
N20270103-S005,N20270103,2027-01-04T02:15:00Z,900
N20270103-S006,N20270103,2027-01-04T02:30:00Z,900
N20270103-S007,N20270103,2027-01-04T02:45:00Z,900
N20270103-S008,N20270103,2027-01-04T03:00:00Z,900
N20270103-S009,N20270103,2027-01-04T03:15:00Z,900
N20270103-S010,N20270103,2027-01-04T03:30:00Z,900
N20270103-S011,N20270103,2027-01-04T03:45:00Z,900
N20270103-S012,N20270103,2027-01-04T04:00:00Z,900
N20270103-S013,N20270103,2027-01-04T04:15:00Z,900
N20270103-S014,N20270103,2027-01-04T04:30:00Z,900
N20270103-S015,N20270103,2027-01-04T04:45:00Z,900
N20270103-S016,N20270103,2027-01-04T05:00:00Z,900
N20270103-S017,N20270103,2027-01-04T05:15:00Z,900
N20270103-S018,N20270103,2027-01-04T05:30:00Z,900
N20270103-S019,N20270103,2027-01-04T05:45:00Z,900
N20270103-S020,N20270103,2027-01-04T06:00:00Z,900
N20270103-S021,N20270103,2027-01-04T06:15:00Z,900
N20270103-S022,N20270103,2027-01-04T06:30:00Z,900
N20270103-S023,N20270103,2027-01-04T06:45:00Z,900
N20270103-S024,N20270103,2027-01-04T07:00:00Z,900
N20270103-S025,N20270103,2027-01-04T07:15:00Z,900
N20270103-S026,N20270103,2027-01-04T07:30:00Z,900
N20270103-S027,N20270103,2027-01-04T07:45:00Z,900
N20270103-S028,N20270103,2027-01-04T08:00:00Z,900
N20270103-S029,N20270103,2027-01-04T08:15:00Z,900
N20270104-S001,N20270104,2027-01-05T01:15:00Z,900
N20270104-S002,N20270104,2027-01-05T01:30:00Z,900
N20270104-S003,N20270104,2027-01-05T01:45:00Z,900
N20270104-S004,N20270104,2027-01-05T02:00:00Z,900
N20270104-S005,N20270104,2027-01-05T02:15:00Z,900
N20270104-S006,N20270104,2027-01-05T02:30:00Z,900
N20270104-S007,N20270104,2027-01-05T02:45:00Z,900
N20270104-S008,N20270104,2027-01-05T03:00:00Z,900
N20270104-S009,N20270104,2027-01-05T03:15:00Z,900
N20270104-S010,N20270104,2027-01-05T03:30:00Z,900
N20270104-S011,N20270104,2027-01-05T03:45:00Z,900
N20270104-S012,N20270104,2027-01-05T04:00:00Z,900
N20270104-S013,N20270104,2027-01-05T04:15:00Z,900
N20270104-S014,N20270104,2027-01-05T04:30:00Z,900
N20270104-S015,N20270104,2027-01-05T04:45:00Z,900
N20270104-S016,N20270104,2027-01-05T05:00:00Z,900
N20270104-S017,N20270104,2027-01-05T05:15:00Z,900
N20270104-S018,N20270104,2027-01-05T05:30:00Z,900
N20270104-S019,N20270104,2027-01-05T05:45:00Z,900
N20270104-S020,N20270104,2027-01-05T06:00:00Z,900
N20270104-S021,N20270104,2027-01-05T06:15:00Z,900
N20270104-S022,N20270104,2027-01-05T06:30:00Z,900
N20270104-S023,N20270104,2027-01-05T06:45:00Z,900
N20270104-S024,N20270104,2027-01-05T07:00:00Z,900
N20270104-S025,N20270104,2027-01-05T07:15:00Z,900
N20270104-S026,N20270104,2027-01-05T07:30:00Z,900
N20270104-S027,N20270104,2027-01-05T07:45:00Z,900
N20270104-S028,N20270104,2027-01-05T08:00:00Z,900
N20270104-S029,N20270104,2027-01-05T08:15:00Z,900
N20270105-S001,N20270105,2027-01-06T01:15:00Z,900
N20270105-S002,N20270105,2027-01-06T01:30:00Z,900
N20270105-S003,N20270105,2027-01-06T01:45:00Z,900
N20270105-S004,N20270105,2027-01-06T02:00:00Z,900
N20270105-S005,N20270105,2027-01-06T02:15:00Z,900
N20270105-S006,N20270105,2027-01-06T02:30:00Z,900
N20270105-S007,N20270105,2027-01-06T02:45:00Z,900
N20270105-S008,N20270105,2027-01-06T03:00:00Z,900
N20270105-S009,N20270105,2027-01-06T03:15:00Z,900
N20270105-S010,N20270105,2027-01-06T03:30:00Z,900
N20270105-S011,N20270105,2027-01-06T03:45:00Z,900
N20270105-S012,N20270105,2027-01-06T04:00:00Z,900
N20270105-S013,N20270105,2027-01-06T04:15:00Z,900
N20270105-S014,N20270105,2027-01-06T04:30:00Z,900
N20270105-S015,N20270105,2027-01-06T04:45:00Z,900
N20270105-S016,N20270105,2027-01-06T05:00:00Z,900
N20270105-S017,N20270105,2027-01-06T05:15:00Z,900
N20270105-S018,N20270105,2027-01-06T05:30:00Z,900
N20270105-S019,N20270105,2027-01-06T05:45:00Z,900
N20270105-S020,N20270105,2027-01-06T06:00:00Z,900
N20270105-S021,N20270105,2027-01-06T06:15:00Z,900
N20270105-S022,N20270105,2027-01-06T06:30:00Z,900
N20270105-S023,N20270105,2027-01-06T06:45:00Z,900
N20270105-S024,N20270105,2027-01-06T07:00:00Z,900
N20270105-S025,N20270105,2027-01-06T07:15:00Z,900
N20270105-S026,N20270105,2027-01-06T07:30:00Z,900
N20270105-S027,N20270105,2027-01-06T07:45:00Z,900
N20270105-S028,N20270105,2027-01-06T08:00:00Z,900
N20270105-S029,N20270105,2027-01-06T08:15:00Z,900
N20270106-S001,N20270106,2027-01-07T01:15:00Z,900
N20270106-S002,N20270106,2027-01-07T01:30:00Z,900
N20270106-S003,N20270106,2027-01-07T01:45:00Z,900
N20270106-S004,N20270106,2027-01-07T02:00:00Z,900
N20270106-S005,N20270106,2027-01-07T02:15:00Z,900
N20270106-S006,N20270106,2027-01-07T02:30:00Z,900
N20270106-S007,N20270106,2027-01-07T02:45:00Z,900
N20270106-S008,N20270106,2027-01-07T03:00:00Z,900
N20270106-S009,N20270106,2027-01-07T03:15:00Z,900
N20270106-S010,N20270106,2027-01-07T03:30:00Z,900
N20270106-S011,N20270106,2027-01-07T03:45:00Z,900
N20270106-S012,N20270106,2027-01-07T04:00:00Z,900
N20270106-S013,N20270106,2027-01-07T04:15:00Z,900
N20270106-S014,N20270106,2027-01-07T04:30:00Z,900
N20270106-S015,N20270106,2027-01-07T04:45:00Z,900
N20270106-S016,N20270106,2027-01-07T05:00:00Z,900
N20270106-S017,N20270106,2027-01-07T05:15:00Z,900
N20270106-S018,N20270106,2027-01-07T05:30:00Z,900
N20270106-S019,N20270106,2027-01-07T05:45:00Z,900
N20270106-S020,N20270106,2027-01-07T06:00:00Z,900
N20270106-S021,N20270106,2027-01-07T06:15:00Z,900
N20270106-S022,N20270106,2027-01-07T06:30:00Z,900
N20270106-S023,N20270106,2027-01-07T06:45:00Z,900
N20270106-S024,N20270106,2027-01-07T07:00:00Z,900
N20270106-S025,N20270106,2027-01-07T07:15:00Z,900
N20270106-S026,N20270106,2027-01-07T07:30:00Z,900
N20270106-S027,N20270106,2027-01-07T07:45:00Z,900
N20270106-S028,N20270106,2027-01-07T08:00:00Z,900
N20270106-S029,N20270106,2027-01-07T08:15:00Z,900
N20270107-S001,N20270107,2027-01-08T01:15:00Z,900
N20270107-S002,N20270107,2027-01-08T01:30:00Z,900
N20270107-S003,N20270107,2027-01-08T01:45:00Z,900
N20270107-S004,N20270107,2027-01-08T02:00:00Z,900
N20270107-S005,N20270107,2027-01-08T02:15:00Z,900
N20270107-S006,N20270107,2027-01-08T02:30:00Z,900
N20270107-S007,N20270107,2027-01-08T02:45:00Z,900
N20270107-S008,N20270107,2027-01-08T03:00:00Z,900
N20270107-S009,N20270107,2027-01-08T03:15:00Z,900
N20270107-S010,N20270107,2027-01-08T03:30:00Z,900
N20270107-S011,N20270107,2027-01-08T03:45:00Z,900
N20270107-S012,N20270107,2027-01-08T04:00:00Z,900
N20270107-S013,N20270107,2027-01-08T04:15:00Z,900
N20270107-S014,N20270107,2027-01-08T04:30:00Z,900
N20270107-S015,N20270107,2027-01-08T04:45:00Z,900
N20270107-S016,N20270107,2027-01-08T05:00:00Z,900
N20270107-S017,N20270107,2027-01-08T05:15:00Z,900
N20270107-S018,N20270107,2027-01-08T05:30:00Z,900
N20270107-S019,N20270107,2027-01-08T05:45:00Z,900
N20270107-S020,N20270107,2027-01-08T06:00:00Z,900
N20270107-S021,N20270107,2027-01-08T06:15:00Z,900
N20270107-S022,N20270107,2027-01-08T06:30:00Z,900
N20270107-S023,N20270107,2027-01-08T06:45:00Z,900
N20270107-S024,N20270107,2027-01-08T07:00:00Z,900
N20270107-S025,N20270107,2027-01-08T07:15:00Z,900
N20270107-S026,N20270107,2027-01-08T07:30:00Z,900
N20270107-S027,N20270107,2027-01-08T07:45:00Z,900
N20270107-S028,N20270107,2027-01-08T08:00:00Z,900
N20270107-S029,N20270107,2027-01-08T08:15:00Z,900
N20270108-S001,N20270108,2027-01-09T01:15:00Z,900
N20270108-S002,N20270108,2027-01-09T01:30:00Z,900
N20270108-S003,N20270108,2027-01-09T01:45:00Z,900
N20270108-S004,N20270108,2027-01-09T02:00:00Z,900
N20270108-S005,N20270108,2027-01-09T02:15:00Z,900
N20270108-S006,N20270108,2027-01-09T02:30:00Z,900
N20270108-S007,N20270108,2027-01-09T02:45:00Z,900
N20270108-S008,N20270108,2027-01-09T03:00:00Z,900
N20270108-S009,N20270108,2027-01-09T03:15:00Z,900
N20270108-S010,N20270108,2027-01-09T03:30:00Z,900
N20270108-S011,N20270108,2027-01-09T03:45:00Z,900
N20270108-S012,N20270108,2027-01-09T04:00:00Z,900
N20270108-S013,N20270108,2027-01-09T04:15:00Z,900
N20270108-S014,N20270108,2027-01-09T04:30:00Z,900
N20270108-S015,N20270108,2027-01-09T04:45:00Z,900
N20270108-S016,N20270108,2027-01-09T05:00:00Z,900
N20270108-S017,N20270108,2027-01-09T05:15:00Z,900
N20270108-S018,N20270108,2027-01-09T05:30:00Z,900
N20270108-S019,N20270108,2027-01-09T05:45:00Z,900
N20270108-S020,N20270108,2027-01-09T06:00:00Z,900
N20270108-S021,N20270108,2027-01-09T06:15:00Z,900
N20270108-S022,N20270108,2027-01-09T06:30:00Z,900
N20270108-S023,N20270108,2027-01-09T06:45:00Z,900
N20270108-S024,N20270108,2027-01-09T07:00:00Z,900
N20270108-S025,N20270108,2027-01-09T07:15:00Z,900
N20270108-S026,N20270108,2027-01-09T07:30:00Z,900
N20270108-S027,N20270108,2027-01-09T07:45:00Z,900
N20270108-S028,N20270108,2027-01-09T08:00:00Z,900
N20270108-S029,N20270108,2027-01-09T08:15:00Z,900
N20270109-S001,N20270109,2027-01-10T01:15:00Z,900
N20270109-S002,N20270109,2027-01-10T01:30:00Z,900
N20270109-S003,N20270109,2027-01-10T01:45:00Z,900
N20270109-S004,N20270109,2027-01-10T02:00:00Z,900
N20270109-S005,N20270109,2027-01-10T02:15:00Z,900
N20270109-S006,N20270109,2027-01-10T02:30:00Z,900
N20270109-S007,N20270109,2027-01-10T02:45:00Z,900
N20270109-S008,N20270109,2027-01-10T03:00:00Z,900
N20270109-S009,N20270109,2027-01-10T03:15:00Z,900
N20270109-S010,N20270109,2027-01-10T03:30:00Z,900
N20270109-S011,N20270109,2027-01-10T03:45:00Z,900
N20270109-S012,N20270109,2027-01-10T04:00:00Z,900
N20270109-S013,N20270109,2027-01-10T04:15:00Z,900
N20270109-S014,N20270109,2027-01-10T04:30:00Z,900
N20270109-S015,N20270109,2027-01-10T04:45:00Z,900
N20270109-S016,N20270109,2027-01-10T05:00:00Z,900
N20270109-S017,N20270109,2027-01-10T05:15:00Z,900
N20270109-S018,N20270109,2027-01-10T05:30:00Z,900
N20270109-S019,N20270109,2027-01-10T05:45:00Z,900
N20270109-S020,N20270109,2027-01-10T06:00:00Z,900
N20270109-S021,N20270109,2027-01-10T06:15:00Z,900
N20270109-S022,N20270109,2027-01-10T06:30:00Z,900
N20270109-S023,N20270109,2027-01-10T06:45:00Z,900
N20270109-S024,N20270109,2027-01-10T07:00:00Z,900
N20270109-S025,N20270109,2027-01-10T07:15:00Z,900
N20270109-S026,N20270109,2027-01-10T07:30:00Z,900
N20270109-S027,N20270109,2027-01-10T07:45:00Z,900
N20270109-S028,N20270109,2027-01-10T08:00:00Z,900
N20270109-S029,N20270109,2027-01-10T08:15:00Z,900
N20270110-S001,N20270110,2027-01-11T01:15:00Z,900
N20270110-S002,N20270110,2027-01-11T01:30:00Z,900
N20270110-S003,N20270110,2027-01-11T01:45:00Z,900
N20270110-S004,N20270110,2027-01-11T02:00:00Z,900
N20270110-S005,N20270110,2027-01-11T02:15:00Z,900
N20270110-S006,N20270110,2027-01-11T02:30:00Z,900
N20270110-S007,N20270110,2027-01-11T02:45:00Z,900
N20270110-S008,N20270110,2027-01-11T03:00:00Z,900
N20270110-S009,N20270110,2027-01-11T03:15:00Z,900
N20270110-S010,N20270110,2027-01-11T03:30:00Z,900
N20270110-S011,N20270110,2027-01-11T03:45:00Z,900
N20270110-S012,N20270110,2027-01-11T04:00:00Z,900
N20270110-S013,N20270110,2027-01-11T04:15:00Z,900
N20270110-S014,N20270110,2027-01-11T04:30:00Z,900
N20270110-S015,N20270110,2027-01-11T04:45:00Z,900
N20270110-S016,N20270110,2027-01-11T05:00:00Z,900
N20270110-S017,N20270110,2027-01-11T05:15:00Z,900
N20270110-S018,N20270110,2027-01-11T05:30:00Z,900
N20270110-S019,N20270110,2027-01-11T05:45:00Z,900
N20270110-S020,N20270110,2027-01-11T06:00:00Z,900
N20270110-S021,N20270110,2027-01-11T06:15:00Z,900
N20270110-S022,N20270110,2027-01-11T06:30:00Z,900
N20270110-S023,N20270110,2027-01-11T06:45:00Z,900
N20270110-S024,N20270110,2027-01-11T07:00:00Z,900
N20270110-S025,N20270110,2027-01-11T07:15:00Z,900
N20270110-S026,N20270110,2027-01-11T07:30:00Z,900
N20270110-S027,N20270110,2027-01-11T07:45:00Z,900
N20270110-S028,N20270110,2027-01-11T08:00:00Z,900
N20270110-S029,N20270110,2027-01-11T08:15:00Z,900
N20270111-S001,N20270111,2027-01-12T01:15:00Z,900
N20270111-S002,N20270111,2027-01-12T01:30:00Z,900
N20270111-S003,N20270111,2027-01-12T01:45:00Z,900
N20270111-S004,N20270111,2027-01-12T02:00:00Z,900
N20270111-S005,N20270111,2027-01-12T02:15:00Z,900
N20270111-S006,N20270111,2027-01-12T02:30:00Z,900
N20270111-S007,N20270111,2027-01-12T02:45:00Z,900
N20270111-S008,N20270111,2027-01-12T03:00:00Z,900
N20270111-S009,N20270111,2027-01-12T03:15:00Z,900
N20270111-S010,N20270111,2027-01-12T03:30:00Z,900
N20270111-S011,N20270111,2027-01-12T03:45:00Z,900
N20270111-S012,N20270111,2027-01-12T04:00:00Z,900
N20270111-S013,N20270111,2027-01-12T04:15:00Z,900
N20270111-S014,N20270111,2027-01-12T04:30:00Z,900
N20270111-S015,N20270111,2027-01-12T04:45:00Z,900
N20270111-S016,N20270111,2027-01-12T05:00:00Z,900
N20270111-S017,N20270111,2027-01-12T05:15:00Z,900
N20270111-S018,N20270111,2027-01-12T05:30:00Z,900
N20270111-S019,N20270111,2027-01-12T05:45:00Z,900
N20270111-S020,N20270111,2027-01-12T06:00:00Z,900
N20270111-S021,N20270111,2027-01-12T06:15:00Z,900
N20270111-S022,N20270111,2027-01-12T06:30:00Z,900
N20270111-S023,N20270111,2027-01-12T06:45:00Z,900
N20270111-S024,N20270111,2027-01-12T07:00:00Z,900
N20270111-S025,N20270111,2027-01-12T07:15:00Z,900
N20270111-S026,N20270111,2027-01-12T07:30:00Z,900
N20270111-S027,N20270111,2027-01-12T07:45:00Z,900
N20270111-S028,N20270111,2027-01-12T08:00:00Z,900
N20270111-S029,N20270111,2027-01-12T08:15:00Z,900
N20270112-S001,N20270112,2027-01-13T01:15:00Z,900
N20270112-S002,N20270112,2027-01-13T01:30:00Z,900
N20270112-S003,N20270112,2027-01-13T01:45:00Z,900
N20270112-S004,N20270112,2027-01-13T02:00:00Z,900
N20270112-S005,N20270112,2027-01-13T02:15:00Z,900
N20270112-S006,N20270112,2027-01-13T02:30:00Z,900
N20270112-S007,N20270112,2027-01-13T02:45:00Z,900
N20270112-S008,N20270112,2027-01-13T03:00:00Z,900
N20270112-S009,N20270112,2027-01-13T03:15:00Z,900
N20270112-S010,N20270112,2027-01-13T03:30:00Z,900
N20270112-S011,N20270112,2027-01-13T03:45:00Z,900
N20270112-S012,N20270112,2027-01-13T04:00:00Z,900
N20270112-S013,N20270112,2027-01-13T04:15:00Z,900
N20270112-S014,N20270112,2027-01-13T04:30:00Z,900
N20270112-S015,N20270112,2027-01-13T04:45:00Z,900
N20270112-S016,N20270112,2027-01-13T05:00:00Z,900
N20270112-S017,N20270112,2027-01-13T05:15:00Z,900
N20270112-S018,N20270112,2027-01-13T05:30:00Z,900
N20270112-S019,N20270112,2027-01-13T05:45:00Z,900
N20270112-S020,N20270112,2027-01-13T06:00:00Z,900
N20270112-S021,N20270112,2027-01-13T06:15:00Z,900
N20270112-S022,N20270112,2027-01-13T06:30:00Z,900
N20270112-S023,N20270112,2027-01-13T06:45:00Z,900
N20270112-S024,N20270112,2027-01-13T07:00:00Z,900
N20270112-S025,N20270112,2027-01-13T07:15:00Z,900
N20270112-S026,N20270112,2027-01-13T07:30:00Z,900
N20270112-S027,N20270112,2027-01-13T07:45:00Z,900
N20270112-S028,N20270112,2027-01-13T08:00:00Z,900
N20270112-S029,N20270112,2027-01-13T08:15:00Z,900
N20270113-S001,N20270113,2027-01-14T01:15:00Z,900
N20270113-S002,N20270113,2027-01-14T01:30:00Z,900
N20270113-S003,N20270113,2027-01-14T01:45:00Z,900
N20270113-S004,N20270113,2027-01-14T02:00:00Z,900
N20270113-S005,N20270113,2027-01-14T02:15:00Z,900
N20270113-S006,N20270113,2027-01-14T02:30:00Z,900
N20270113-S007,N20270113,2027-01-14T02:45:00Z,900
N20270113-S008,N20270113,2027-01-14T03:00:00Z,900
N20270113-S009,N20270113,2027-01-14T03:15:00Z,900
N20270113-S010,N20270113,2027-01-14T03:30:00Z,900
N20270113-S011,N20270113,2027-01-14T03:45:00Z,900
N20270113-S012,N20270113,2027-01-14T04:00:00Z,900
N20270113-S013,N20270113,2027-01-14T04:15:00Z,900
N20270113-S014,N20270113,2027-01-14T04:30:00Z,900
N20270113-S015,N20270113,2027-01-14T04:45:00Z,900
N20270113-S016,N20270113,2027-01-14T05:00:00Z,900
N20270113-S017,N20270113,2027-01-14T05:15:00Z,900
N20270113-S018,N20270113,2027-01-14T05:30:00Z,900
N20270113-S019,N20270113,2027-01-14T05:45:00Z,900
N20270113-S020,N20270113,2027-01-14T06:00:00Z,900
N20270113-S021,N20270113,2027-01-14T06:15:00Z,900
N20270113-S022,N20270113,2027-01-14T06:30:00Z,900
N20270113-S023,N20270113,2027-01-14T06:45:00Z,900
N20270113-S024,N20270113,2027-01-14T07:00:00Z,900
N20270113-S025,N20270113,2027-01-14T07:15:00Z,900
N20270113-S026,N20270113,2027-01-14T07:30:00Z,900
N20270113-S027,N20270113,2027-01-14T07:45:00Z,900
N20270113-S028,N20270113,2027-01-14T08:00:00Z,900
N20270113-S029,N20270113,2027-01-14T08:15:00Z,900
N20270114-S001,N20270114,2027-01-15T01:15:00Z,900
N20270114-S002,N20270114,2027-01-15T01:30:00Z,900
N20270114-S003,N20270114,2027-01-15T01:45:00Z,900
N20270114-S004,N20270114,2027-01-15T02:00:00Z,900
N20270114-S005,N20270114,2027-01-15T02:15:00Z,900
N20270114-S006,N20270114,2027-01-15T02:30:00Z,900
N20270114-S007,N20270114,2027-01-15T02:45:00Z,900
N20270114-S008,N20270114,2027-01-15T03:00:00Z,900
N20270114-S009,N20270114,2027-01-15T03:15:00Z,900
N20270114-S010,N20270114,2027-01-15T03:30:00Z,900
N20270114-S011,N20270114,2027-01-15T03:45:00Z,900
N20270114-S012,N20270114,2027-01-15T04:00:00Z,900
N20270114-S013,N20270114,2027-01-15T04:15:00Z,900
N20270114-S014,N20270114,2027-01-15T04:30:00Z,900
N20270114-S015,N20270114,2027-01-15T04:45:00Z,900
N20270114-S016,N20270114,2027-01-15T05:00:00Z,900
N20270114-S017,N20270114,2027-01-15T05:15:00Z,900
N20270114-S018,N20270114,2027-01-15T05:30:00Z,900
N20270114-S019,N20270114,2027-01-15T05:45:00Z,900
N20270114-S020,N20270114,2027-01-15T06:00:00Z,900
N20270114-S021,N20270114,2027-01-15T06:15:00Z,900
N20270114-S022,N20270114,2027-01-15T06:30:00Z,900
N20270114-S023,N20270114,2027-01-15T06:45:00Z,900
N20270114-S024,N20270114,2027-01-15T07:00:00Z,900
N20270114-S025,N20270114,2027-01-15T07:15:00Z,900
N20270114-S026,N20270114,2027-01-15T07:30:00Z,900
N20270114-S027,N20270114,2027-01-15T07:45:00Z,900
N20270114-S028,N20270114,2027-01-15T08:00:00Z,900
N20270114-S029,N20270114,2027-01-15T08:15:00Z,900
N20270115-S001,N20270115,2027-01-16T01:15:00Z,900
N20270115-S002,N20270115,2027-01-16T01:30:00Z,900
N20270115-S003,N20270115,2027-01-16T01:45:00Z,900
N20270115-S004,N20270115,2027-01-16T02:00:00Z,900
N20270115-S005,N20270115,2027-01-16T02:15:00Z,900
N20270115-S006,N20270115,2027-01-16T02:30:00Z,900
N20270115-S007,N20270115,2027-01-16T02:45:00Z,900
N20270115-S008,N20270115,2027-01-16T03:00:00Z,900
N20270115-S009,N20270115,2027-01-16T03:15:00Z,900
N20270115-S010,N20270115,2027-01-16T03:30:00Z,900
N20270115-S011,N20270115,2027-01-16T03:45:00Z,900
N20270115-S012,N20270115,2027-01-16T04:00:00Z,900
N20270115-S013,N20270115,2027-01-16T04:15:00Z,900
N20270115-S014,N20270115,2027-01-16T04:30:00Z,900
N20270115-S015,N20270115,2027-01-16T04:45:00Z,900
N20270115-S016,N20270115,2027-01-16T05:00:00Z,900
N20270115-S017,N20270115,2027-01-16T05:15:00Z,900
N20270115-S018,N20270115,2027-01-16T05:30:00Z,900
N20270115-S019,N20270115,2027-01-16T05:45:00Z,900
N20270115-S020,N20270115,2027-01-16T06:00:00Z,900
N20270115-S021,N20270115,2027-01-16T06:15:00Z,900
N20270115-S022,N20270115,2027-01-16T06:30:00Z,900
N20270115-S023,N20270115,2027-01-16T06:45:00Z,900
N20270115-S024,N20270115,2027-01-16T07:00:00Z,900
N20270115-S025,N20270115,2027-01-16T07:15:00Z,900
N20270115-S026,N20270115,2027-01-16T07:30:00Z,900
N20270115-S027,N20270115,2027-01-16T07:45:00Z,900
N20270115-S028,N20270115,2027-01-16T08:00:00Z,900
N20270115-S029,N20270115,2027-01-16T08:15:00Z,900
N20270116-S001,N20270116,2027-01-17T01:15:00Z,900
N20270116-S002,N20270116,2027-01-17T01:30:00Z,900
N20270116-S003,N20270116,2027-01-17T01:45:00Z,900
N20270116-S004,N20270116,2027-01-17T02:00:00Z,900
N20270116-S005,N20270116,2027-01-17T02:15:00Z,900
N20270116-S006,N20270116,2027-01-17T02:30:00Z,900
N20270116-S007,N20270116,2027-01-17T02:45:00Z,900
N20270116-S008,N20270116,2027-01-17T03:00:00Z,900
N20270116-S009,N20270116,2027-01-17T03:15:00Z,900
N20270116-S010,N20270116,2027-01-17T03:30:00Z,900
N20270116-S011,N20270116,2027-01-17T03:45:00Z,900
N20270116-S012,N20270116,2027-01-17T04:00:00Z,900
N20270116-S013,N20270116,2027-01-17T04:15:00Z,900
N20270116-S014,N20270116,2027-01-17T04:30:00Z,900
N20270116-S015,N20270116,2027-01-17T04:45:00Z,900
N20270116-S016,N20270116,2027-01-17T05:00:00Z,900
N20270116-S017,N20270116,2027-01-17T05:15:00Z,900
N20270116-S018,N20270116,2027-01-17T05:30:00Z,900
N20270116-S019,N20270116,2027-01-17T05:45:00Z,900
N20270116-S020,N20270116,2027-01-17T06:00:00Z,900
N20270116-S021,N20270116,2027-01-17T06:15:00Z,900
N20270116-S022,N20270116,2027-01-17T06:30:00Z,900
N20270116-S023,N20270116,2027-01-17T06:45:00Z,900
N20270116-S024,N20270116,2027-01-17T07:00:00Z,900
N20270116-S025,N20270116,2027-01-17T07:15:00Z,900
N20270116-S026,N20270116,2027-01-17T07:30:00Z,900
N20270116-S027,N20270116,2027-01-17T07:45:00Z,900
N20270116-S028,N20270116,2027-01-17T08:00:00Z,900
N20270116-S029,N20270116,2027-01-17T08:15:00Z,900
N20270117-S001,N20270117,2027-01-18T01:15:00Z,900
N20270117-S002,N20270117,2027-01-18T01:30:00Z,900
N20270117-S003,N20270117,2027-01-18T01:45:00Z,900
N20270117-S004,N20270117,2027-01-18T02:00:00Z,900
N20270117-S005,N20270117,2027-01-18T02:15:00Z,900
N20270117-S006,N20270117,2027-01-18T02:30:00Z,900
N20270117-S007,N20270117,2027-01-18T02:45:00Z,900
N20270117-S008,N20270117,2027-01-18T03:00:00Z,900
N20270117-S009,N20270117,2027-01-18T03:15:00Z,900
N20270117-S010,N20270117,2027-01-18T03:30:00Z,900
N20270117-S011,N20270117,2027-01-18T03:45:00Z,900
N20270117-S012,N20270117,2027-01-18T04:00:00Z,900
N20270117-S013,N20270117,2027-01-18T04:15:00Z,900
N20270117-S014,N20270117,2027-01-18T04:30:00Z,900
N20270117-S015,N20270117,2027-01-18T04:45:00Z,900
N20270117-S016,N20270117,2027-01-18T05:00:00Z,900
N20270117-S017,N20270117,2027-01-18T05:15:00Z,900
N20270117-S018,N20270117,2027-01-18T05:30:00Z,900
N20270117-S019,N20270117,2027-01-18T05:45:00Z,900
N20270117-S020,N20270117,2027-01-18T06:00:00Z,900
N20270117-S021,N20270117,2027-01-18T06:15:00Z,900
N20270117-S022,N20270117,2027-01-18T06:30:00Z,900
N20270117-S023,N20270117,2027-01-18T06:45:00Z,900
N20270117-S024,N20270117,2027-01-18T07:00:00Z,900
N20270117-S025,N20270117,2027-01-18T07:15:00Z,900
N20270117-S026,N20270117,2027-01-18T07:30:00Z,900
N20270117-S027,N20270117,2027-01-18T07:45:00Z,900
N20270117-S028,N20270117,2027-01-18T08:00:00Z,900
N20270117-S029,N20270117,2027-01-18T08:15:00Z,900
N20270118-S001,N20270118,2027-01-19T01:15:00Z,900
N20270118-S002,N20270118,2027-01-19T01:30:00Z,900
N20270118-S003,N20270118,2027-01-19T01:45:00Z,900
N20270118-S004,N20270118,2027-01-19T02:00:00Z,900
N20270118-S005,N20270118,2027-01-19T02:15:00Z,900
N20270118-S006,N20270118,2027-01-19T02:30:00Z,900
N20270118-S007,N20270118,2027-01-19T02:45:00Z,900
N20270118-S008,N20270118,2027-01-19T03:00:00Z,900
N20270118-S009,N20270118,2027-01-19T03:15:00Z,900
N20270118-S010,N20270118,2027-01-19T03:30:00Z,900
N20270118-S011,N20270118,2027-01-19T03:45:00Z,900
N20270118-S012,N20270118,2027-01-19T04:00:00Z,900
N20270118-S013,N20270118,2027-01-19T04:15:00Z,900
N20270118-S014,N20270118,2027-01-19T04:30:00Z,900
N20270118-S015,N20270118,2027-01-19T04:45:00Z,900
N20270118-S016,N20270118,2027-01-19T05:00:00Z,900
N20270118-S017,N20270118,2027-01-19T05:15:00Z,900
N20270118-S018,N20270118,2027-01-19T05:30:00Z,900
N20270118-S019,N20270118,2027-01-19T05:45:00Z,900
N20270118-S020,N20270118,2027-01-19T06:00:00Z,900
N20270118-S021,N20270118,2027-01-19T06:15:00Z,900
N20270118-S022,N20270118,2027-01-19T06:30:00Z,900
N20270118-S023,N20270118,2027-01-19T06:45:00Z,900
N20270118-S024,N20270118,2027-01-19T07:00:00Z,900
N20270118-S025,N20270118,2027-01-19T07:15:00Z,900
N20270118-S026,N20270118,2027-01-19T07:30:00Z,900
N20270118-S027,N20270118,2027-01-19T07:45:00Z,900
N20270118-S028,N20270118,2027-01-19T08:00:00Z,900
N20270118-S029,N20270118,2027-01-19T08:15:00Z,900
N20270119-S001,N20270119,2027-01-20T01:15:00Z,900
N20270119-S002,N20270119,2027-01-20T01:30:00Z,900
N20270119-S003,N20270119,2027-01-20T01:45:00Z,900
N20270119-S004,N20270119,2027-01-20T02:00:00Z,900
N20270119-S005,N20270119,2027-01-20T02:15:00Z,900
N20270119-S006,N20270119,2027-01-20T02:30:00Z,900
N20270119-S007,N20270119,2027-01-20T02:45:00Z,900
N20270119-S008,N20270119,2027-01-20T03:00:00Z,900
N20270119-S009,N20270119,2027-01-20T03:15:00Z,900
N20270119-S010,N20270119,2027-01-20T03:30:00Z,900
N20270119-S011,N20270119,2027-01-20T03:45:00Z,900
N20270119-S012,N20270119,2027-01-20T04:00:00Z,900
N20270119-S013,N20270119,2027-01-20T04:15:00Z,900
N20270119-S014,N20270119,2027-01-20T04:30:00Z,900
N20270119-S015,N20270119,2027-01-20T04:45:00Z,900
N20270119-S016,N20270119,2027-01-20T05:00:00Z,900
N20270119-S017,N20270119,2027-01-20T05:15:00Z,900
N20270119-S018,N20270119,2027-01-20T05:30:00Z,900
N20270119-S019,N20270119,2027-01-20T05:45:00Z,900
N20270119-S020,N20270119,2027-01-20T06:00:00Z,900
N20270119-S021,N20270119,2027-01-20T06:15:00Z,900
N20270119-S022,N20270119,2027-01-20T06:30:00Z,900
N20270119-S023,N20270119,2027-01-20T06:45:00Z,900
N20270119-S024,N20270119,2027-01-20T07:00:00Z,900
N20270119-S025,N20270119,2027-01-20T07:15:00Z,900
N20270119-S026,N20270119,2027-01-20T07:30:00Z,900
N20270119-S027,N20270119,2027-01-20T07:45:00Z,900
N20270119-S028,N20270119,2027-01-20T08:00:00Z,900
N20270119-S029,N20270119,2027-01-20T08:15:00Z,900
N20270120-S001,N20270120,2027-01-21T01:15:00Z,900
N20270120-S002,N20270120,2027-01-21T01:30:00Z,900
N20270120-S003,N20270120,2027-01-21T01:45:00Z,900
N20270120-S004,N20270120,2027-01-21T02:00:00Z,900
N20270120-S005,N20270120,2027-01-21T02:15:00Z,900
N20270120-S006,N20270120,2027-01-21T02:30:00Z,900
N20270120-S007,N20270120,2027-01-21T02:45:00Z,900
N20270120-S008,N20270120,2027-01-21T03:00:00Z,900
N20270120-S009,N20270120,2027-01-21T03:15:00Z,900
N20270120-S010,N20270120,2027-01-21T03:30:00Z,900
N20270120-S011,N20270120,2027-01-21T03:45:00Z,900
N20270120-S012,N20270120,2027-01-21T04:00:00Z,900
N20270120-S013,N20270120,2027-01-21T04:15:00Z,900
N20270120-S014,N20270120,2027-01-21T04:30:00Z,900
N20270120-S015,N20270120,2027-01-21T04:45:00Z,900
N20270120-S016,N20270120,2027-01-21T05:00:00Z,900
N20270120-S017,N20270120,2027-01-21T05:15:00Z,900
N20270120-S018,N20270120,2027-01-21T05:30:00Z,900
N20270120-S019,N20270120,2027-01-21T05:45:00Z,900
N20270120-S020,N20270120,2027-01-21T06:00:00Z,900
N20270120-S021,N20270120,2027-01-21T06:15:00Z,900
N20270120-S022,N20270120,2027-01-21T06:30:00Z,900
N20270120-S023,N20270120,2027-01-21T06:45:00Z,900
N20270120-S024,N20270120,2027-01-21T07:00:00Z,900
N20270120-S025,N20270120,2027-01-21T07:15:00Z,900
N20270120-S026,N20270120,2027-01-21T07:30:00Z,900
N20270120-S027,N20270120,2027-01-21T07:45:00Z,900
N20270120-S028,N20270120,2027-01-21T08:00:00Z,900
N20270120-S029,N20270120,2027-01-21T08:15:00Z,900
N20270120-S030,N20270120,2027-01-21T08:30:00Z,900
N20270121-S001,N20270121,2027-01-22T01:00:00Z,900
N20270121-S002,N20270121,2027-01-22T01:15:00Z,900
N20270121-S003,N20270121,2027-01-22T01:30:00Z,900
N20270121-S004,N20270121,2027-01-22T01:45:00Z,900
N20270121-S005,N20270121,2027-01-22T02:00:00Z,900
N20270121-S006,N20270121,2027-01-22T02:15:00Z,900
N20270121-S007,N20270121,2027-01-22T02:30:00Z,900
N20270121-S008,N20270121,2027-01-22T02:45:00Z,900
N20270121-S009,N20270121,2027-01-22T03:00:00Z,900
N20270121-S010,N20270121,2027-01-22T03:15:00Z,900
N20270121-S011,N20270121,2027-01-22T03:30:00Z,900
N20270121-S012,N20270121,2027-01-22T03:45:00Z,900
N20270121-S013,N20270121,2027-01-22T04:00:00Z,900
N20270121-S014,N20270121,2027-01-22T04:15:00Z,900
N20270121-S015,N20270121,2027-01-22T04:30:00Z,900
N20270121-S016,N20270121,2027-01-22T04:45:00Z,900
N20270121-S017,N20270121,2027-01-22T05:00:00Z,900
N20270121-S018,N20270121,2027-01-22T05:15:00Z,900
N20270121-S019,N20270121,2027-01-22T05:30:00Z,900
N20270121-S020,N20270121,2027-01-22T05:45:00Z,900
N20270121-S021,N20270121,2027-01-22T06:00:00Z,900
N20270121-S022,N20270121,2027-01-22T06:15:00Z,900
N20270121-S023,N20270121,2027-01-22T06:30:00Z,900
N20270121-S024,N20270121,2027-01-22T06:45:00Z,900
N20270121-S025,N20270121,2027-01-22T07:00:00Z,900
N20270121-S026,N20270121,2027-01-22T07:15:00Z,900
N20270121-S027,N20270121,2027-01-22T07:30:00Z,900
N20270121-S028,N20270121,2027-01-22T07:45:00Z,900
N20270121-S029,N20270121,2027-01-22T08:00:00Z,900
N20270121-S030,N20270121,2027-01-22T08:15:00Z,900
N20270121-S031,N20270121,2027-01-22T08:30:00Z,900
N20270122-S001,N20270122,2027-01-23T01:00:00Z,900
N20270122-S002,N20270122,2027-01-23T01:15:00Z,900
N20270122-S003,N20270122,2027-01-23T01:30:00Z,900
N20270122-S004,N20270122,2027-01-23T01:45:00Z,900
N20270122-S005,N20270122,2027-01-23T02:00:00Z,900
N20270122-S006,N20270122,2027-01-23T02:15:00Z,900
N20270122-S007,N20270122,2027-01-23T02:30:00Z,900
N20270122-S008,N20270122,2027-01-23T02:45:00Z,900
N20270122-S009,N20270122,2027-01-23T03:00:00Z,900
N20270122-S010,N20270122,2027-01-23T03:15:00Z,900
N20270122-S011,N20270122,2027-01-23T03:30:00Z,900
N20270122-S012,N20270122,2027-01-23T03:45:00Z,900
N20270122-S013,N20270122,2027-01-23T04:00:00Z,900
N20270122-S014,N20270122,2027-01-23T04:15:00Z,900
N20270122-S015,N20270122,2027-01-23T04:30:00Z,900
N20270122-S016,N20270122,2027-01-23T04:45:00Z,900
N20270122-S017,N20270122,2027-01-23T05:00:00Z,900
N20270122-S018,N20270122,2027-01-23T05:15:00Z,900
N20270122-S019,N20270122,2027-01-23T05:30:00Z,900
N20270122-S020,N20270122,2027-01-23T05:45:00Z,900
N20270122-S021,N20270122,2027-01-23T06:00:00Z,900
N20270122-S022,N20270122,2027-01-23T06:15:00Z,900
N20270122-S023,N20270122,2027-01-23T06:30:00Z,900
N20270122-S024,N20270122,2027-01-23T06:45:00Z,900
N20270122-S025,N20270122,2027-01-23T07:00:00Z,900
N20270122-S026,N20270122,2027-01-23T07:15:00Z,900
N20270122-S027,N20270122,2027-01-23T07:30:00Z,900
N20270122-S028,N20270122,2027-01-23T07:45:00Z,900
N20270122-S029,N20270122,2027-01-23T08:00:00Z,900
N20270122-S030,N20270122,2027-01-23T08:15:00Z,900
N20270122-S031,N20270122,2027-01-23T08:30:00Z,900
N20270123-S001,N20270123,2027-01-24T01:00:00Z,900
N20270123-S002,N20270123,2027-01-24T01:15:00Z,900
N20270123-S003,N20270123,2027-01-24T01:30:00Z,900
N20270123-S004,N20270123,2027-01-24T01:45:00Z,900
N20270123-S005,N20270123,2027-01-24T02:00:00Z,900
N20270123-S006,N20270123,2027-01-24T02:15:00Z,900
N20270123-S007,N20270123,2027-01-24T02:30:00Z,900
N20270123-S008,N20270123,2027-01-24T02:45:00Z,900
N20270123-S009,N20270123,2027-01-24T03:00:00Z,900
N20270123-S010,N20270123,2027-01-24T03:15:00Z,900
N20270123-S011,N20270123,2027-01-24T03:30:00Z,900
N20270123-S012,N20270123,2027-01-24T03:45:00Z,900
N20270123-S013,N20270123,2027-01-24T04:00:00Z,900
N20270123-S014,N20270123,2027-01-24T04:15:00Z,900
N20270123-S015,N20270123,2027-01-24T04:30:00Z,900
N20270123-S016,N20270123,2027-01-24T04:45:00Z,900
N20270123-S017,N20270123,2027-01-24T05:00:00Z,900
N20270123-S018,N20270123,2027-01-24T05:15:00Z,900
N20270123-S019,N20270123,2027-01-24T05:30:00Z,900
N20270123-S020,N20270123,2027-01-24T05:45:00Z,900
N20270123-S021,N20270123,2027-01-24T06:00:00Z,900
N20270123-S022,N20270123,2027-01-24T06:15:00Z,900
N20270123-S023,N20270123,2027-01-24T06:30:00Z,900
N20270123-S024,N20270123,2027-01-24T06:45:00Z,900
N20270123-S025,N20270123,2027-01-24T07:00:00Z,900
N20270123-S026,N20270123,2027-01-24T07:15:00Z,900
N20270123-S027,N20270123,2027-01-24T07:30:00Z,900
N20270123-S028,N20270123,2027-01-24T07:45:00Z,900
N20270123-S029,N20270123,2027-01-24T08:00:00Z,900
N20270123-S030,N20270123,2027-01-24T08:15:00Z,900
N20270123-S031,N20270123,2027-01-24T08:30:00Z,900
N20270124-S001,N20270124,2027-01-25T01:00:00Z,900
N20270124-S002,N20270124,2027-01-25T01:15:00Z,900
N20270124-S003,N20270124,2027-01-25T01:30:00Z,900
N20270124-S004,N20270124,2027-01-25T01:45:00Z,900
N20270124-S005,N20270124,2027-01-25T02:00:00Z,900
N20270124-S006,N20270124,2027-01-25T02:15:00Z,900
N20270124-S007,N20270124,2027-01-25T02:30:00Z,900
N20270124-S008,N20270124,2027-01-25T02:45:00Z,900
N20270124-S009,N20270124,2027-01-25T03:00:00Z,900
N20270124-S010,N20270124,2027-01-25T03:15:00Z,900
N20270124-S011,N20270124,2027-01-25T03:30:00Z,900
N20270124-S012,N20270124,2027-01-25T03:45:00Z,900
N20270124-S013,N20270124,2027-01-25T04:00:00Z,900
N20270124-S014,N20270124,2027-01-25T04:15:00Z,900
N20270124-S015,N20270124,2027-01-25T04:30:00Z,900
N20270124-S016,N20270124,2027-01-25T04:45:00Z,900
N20270124-S017,N20270124,2027-01-25T05:00:00Z,900
N20270124-S018,N20270124,2027-01-25T05:15:00Z,900
N20270124-S019,N20270124,2027-01-25T05:30:00Z,900
N20270124-S020,N20270124,2027-01-25T05:45:00Z,900
N20270124-S021,N20270124,2027-01-25T06:00:00Z,900
N20270124-S022,N20270124,2027-01-25T06:15:00Z,900
N20270124-S023,N20270124,2027-01-25T06:30:00Z,900
N20270124-S024,N20270124,2027-01-25T06:45:00Z,900
N20270124-S025,N20270124,2027-01-25T07:00:00Z,900
N20270124-S026,N20270124,2027-01-25T07:15:00Z,900
N20270124-S027,N20270124,2027-01-25T07:30:00Z,900
N20270124-S028,N20270124,2027-01-25T07:45:00Z,900
N20270124-S029,N20270124,2027-01-25T08:00:00Z,900
N20270124-S030,N20270124,2027-01-25T08:15:00Z,900
N20270124-S031,N20270124,2027-01-25T08:30:00Z,900
N20270125-S001,N20270125,2027-01-26T01:00:00Z,900
N20270125-S002,N20270125,2027-01-26T01:15:00Z,900
N20270125-S003,N20270125,2027-01-26T01:30:00Z,900
N20270125-S004,N20270125,2027-01-26T01:45:00Z,900
N20270125-S005,N20270125,2027-01-26T02:00:00Z,900
N20270125-S006,N20270125,2027-01-26T02:15:00Z,900
N20270125-S007,N20270125,2027-01-26T02:30:00Z,900
N20270125-S008,N20270125,2027-01-26T02:45:00Z,900
N20270125-S009,N20270125,2027-01-26T03:00:00Z,900
N20270125-S010,N20270125,2027-01-26T03:15:00Z,900
N20270125-S011,N20270125,2027-01-26T03:30:00Z,900
N20270125-S012,N20270125,2027-01-26T03:45:00Z,900
N20270125-S013,N20270125,2027-01-26T04:00:00Z,900
N20270125-S014,N20270125,2027-01-26T04:15:00Z,900
N20270125-S015,N20270125,2027-01-26T04:30:00Z,900
N20270125-S016,N20270125,2027-01-26T04:45:00Z,900
N20270125-S017,N20270125,2027-01-26T05:00:00Z,900
N20270125-S018,N20270125,2027-01-26T05:15:00Z,900
N20270125-S019,N20270125,2027-01-26T05:30:00Z,900
N20270125-S020,N20270125,2027-01-26T05:45:00Z,900
N20270125-S021,N20270125,2027-01-26T06:00:00Z,900
N20270125-S022,N20270125,2027-01-26T06:15:00Z,900
N20270125-S023,N20270125,2027-01-26T06:30:00Z,900
N20270125-S024,N20270125,2027-01-26T06:45:00Z,900
N20270125-S025,N20270125,2027-01-26T07:00:00Z,900
N20270125-S026,N20270125,2027-01-26T07:15:00Z,900
N20270125-S027,N20270125,2027-01-26T07:30:00Z,900
N20270125-S028,N20270125,2027-01-26T07:45:00Z,900
N20270125-S029,N20270125,2027-01-26T08:00:00Z,900
N20270125-S030,N20270125,2027-01-26T08:15:00Z,900
N20270125-S031,N20270125,2027-01-26T08:30:00Z,900
N20270126-S001,N20270126,2027-01-27T01:00:00Z,900
N20270126-S002,N20270126,2027-01-27T01:15:00Z,900
N20270126-S003,N20270126,2027-01-27T01:30:00Z,900
N20270126-S004,N20270126,2027-01-27T01:45:00Z,900
N20270126-S005,N20270126,2027-01-27T02:00:00Z,900
N20270126-S006,N20270126,2027-01-27T02:15:00Z,900
N20270126-S007,N20270126,2027-01-27T02:30:00Z,900
N20270126-S008,N20270126,2027-01-27T02:45:00Z,900
N20270126-S009,N20270126,2027-01-27T03:00:00Z,900
N20270126-S010,N20270126,2027-01-27T03:15:00Z,900
N20270126-S011,N20270126,2027-01-27T03:30:00Z,900
N20270126-S012,N20270126,2027-01-27T03:45:00Z,900
N20270126-S013,N20270126,2027-01-27T04:00:00Z,900
N20270126-S014,N20270126,2027-01-27T04:15:00Z,900
N20270126-S015,N20270126,2027-01-27T04:30:00Z,900
N20270126-S016,N20270126,2027-01-27T04:45:00Z,900
N20270126-S017,N20270126,2027-01-27T05:00:00Z,900
N20270126-S018,N20270126,2027-01-27T05:15:00Z,900
N20270126-S019,N20270126,2027-01-27T05:30:00Z,900
N20270126-S020,N20270126,2027-01-27T05:45:00Z,900
N20270126-S021,N20270126,2027-01-27T06:00:00Z,900
N20270126-S022,N20270126,2027-01-27T06:15:00Z,900
N20270126-S023,N20270126,2027-01-27T06:30:00Z,900
N20270126-S024,N20270126,2027-01-27T06:45:00Z,900
N20270126-S025,N20270126,2027-01-27T07:00:00Z,900
N20270126-S026,N20270126,2027-01-27T07:15:00Z,900
N20270126-S027,N20270126,2027-01-27T07:30:00Z,900
N20270126-S028,N20270126,2027-01-27T07:45:00Z,900
N20270126-S029,N20270126,2027-01-27T08:00:00Z,900
N20270126-S030,N20270126,2027-01-27T08:15:00Z,900
N20270126-S031,N20270126,2027-01-27T08:30:00Z,900
N20270127-S001,N20270127,2027-01-28T01:00:00Z,900
N20270127-S002,N20270127,2027-01-28T01:15:00Z,900
N20270127-S003,N20270127,2027-01-28T01:30:00Z,900
N20270127-S004,N20270127,2027-01-28T01:45:00Z,900
N20270127-S005,N20270127,2027-01-28T02:00:00Z,900
N20270127-S006,N20270127,2027-01-28T02:15:00Z,900
N20270127-S007,N20270127,2027-01-28T02:30:00Z,900
N20270127-S008,N20270127,2027-01-28T02:45:00Z,900
N20270127-S009,N20270127,2027-01-28T03:00:00Z,900
N20270127-S010,N20270127,2027-01-28T03:15:00Z,900
N20270127-S011,N20270127,2027-01-28T03:30:00Z,900
N20270127-S012,N20270127,2027-01-28T03:45:00Z,900
N20270127-S013,N20270127,2027-01-28T04:00:00Z,900
N20270127-S014,N20270127,2027-01-28T04:15:00Z,900
N20270127-S015,N20270127,2027-01-28T04:30:00Z,900
N20270127-S016,N20270127,2027-01-28T04:45:00Z,900
N20270127-S017,N20270127,2027-01-28T05:00:00Z,900
N20270127-S018,N20270127,2027-01-28T05:15:00Z,900
N20270127-S019,N20270127,2027-01-28T05:30:00Z,900
N20270127-S020,N20270127,2027-01-28T05:45:00Z,900
N20270127-S021,N20270127,2027-01-28T06:00:00Z,900
N20270127-S022,N20270127,2027-01-28T06:15:00Z,900
N20270127-S023,N20270127,2027-01-28T06:30:00Z,900
N20270127-S024,N20270127,2027-01-28T06:45:00Z,900
N20270127-S025,N20270127,2027-01-28T07:00:00Z,900
N20270127-S026,N20270127,2027-01-28T07:15:00Z,900
N20270127-S027,N20270127,2027-01-28T07:30:00Z,900
N20270127-S028,N20270127,2027-01-28T07:45:00Z,900
N20270127-S029,N20270127,2027-01-28T08:00:00Z,900
N20270127-S030,N20270127,2027-01-28T08:15:00Z,900
N20270127-S031,N20270127,2027-01-28T08:30:00Z,900
N20270128-S001,N20270128,2027-01-29T01:00:00Z,900
N20270128-S002,N20270128,2027-01-29T01:15:00Z,900
N20270128-S003,N20270128,2027-01-29T01:30:00Z,900
N20270128-S004,N20270128,2027-01-29T01:45:00Z,900
N20270128-S005,N20270128,2027-01-29T02:00:00Z,900
N20270128-S006,N20270128,2027-01-29T02:15:00Z,900
N20270128-S007,N20270128,2027-01-29T02:30:00Z,900
N20270128-S008,N20270128,2027-01-29T02:45:00Z,900
N20270128-S009,N20270128,2027-01-29T03:00:00Z,900
N20270128-S010,N20270128,2027-01-29T03:15:00Z,900
N20270128-S011,N20270128,2027-01-29T03:30:00Z,900
N20270128-S012,N20270128,2027-01-29T03:45:00Z,900
N20270128-S013,N20270128,2027-01-29T04:00:00Z,900
N20270128-S014,N20270128,2027-01-29T04:15:00Z,900
N20270128-S015,N20270128,2027-01-29T04:30:00Z,900
N20270128-S016,N20270128,2027-01-29T04:45:00Z,900
N20270128-S017,N20270128,2027-01-29T05:00:00Z,900
N20270128-S018,N20270128,2027-01-29T05:15:00Z,900
N20270128-S019,N20270128,2027-01-29T05:30:00Z,900
N20270128-S020,N20270128,2027-01-29T05:45:00Z,900
N20270128-S021,N20270128,2027-01-29T06:00:00Z,900
N20270128-S022,N20270128,2027-01-29T06:15:00Z,900
N20270128-S023,N20270128,2027-01-29T06:30:00Z,900
N20270128-S024,N20270128,2027-01-29T06:45:00Z,900
N20270128-S025,N20270128,2027-01-29T07:00:00Z,900
N20270128-S026,N20270128,2027-01-29T07:15:00Z,900
N20270128-S027,N20270128,2027-01-29T07:30:00Z,900
N20270128-S028,N20270128,2027-01-29T07:45:00Z,900
N20270128-S029,N20270128,2027-01-29T08:00:00Z,900
N20270128-S030,N20270128,2027-01-29T08:15:00Z,900
N20270128-S031,N20270128,2027-01-29T08:30:00Z,900
N20270129-S001,N20270129,2027-01-30T01:00:00Z,900
N20270129-S002,N20270129,2027-01-30T01:15:00Z,900
N20270129-S003,N20270129,2027-01-30T01:30:00Z,900
N20270129-S004,N20270129,2027-01-30T01:45:00Z,900
N20270129-S005,N20270129,2027-01-30T02:00:00Z,900
N20270129-S006,N20270129,2027-01-30T02:15:00Z,900
N20270129-S007,N20270129,2027-01-30T02:30:00Z,900
N20270129-S008,N20270129,2027-01-30T02:45:00Z,900
N20270129-S009,N20270129,2027-01-30T03:00:00Z,900
N20270129-S010,N20270129,2027-01-30T03:15:00Z,900
N20270129-S011,N20270129,2027-01-30T03:30:00Z,900
N20270129-S012,N20270129,2027-01-30T03:45:00Z,900
N20270129-S013,N20270129,2027-01-30T04:00:00Z,900
N20270129-S014,N20270129,2027-01-30T04:15:00Z,900
N20270129-S015,N20270129,2027-01-30T04:30:00Z,900
N20270129-S016,N20270129,2027-01-30T04:45:00Z,900
N20270129-S017,N20270129,2027-01-30T05:00:00Z,900
N20270129-S018,N20270129,2027-01-30T05:15:00Z,900
N20270129-S019,N20270129,2027-01-30T05:30:00Z,900
N20270129-S020,N20270129,2027-01-30T05:45:00Z,900
N20270129-S021,N20270129,2027-01-30T06:00:00Z,900
N20270129-S022,N20270129,2027-01-30T06:15:00Z,900
N20270129-S023,N20270129,2027-01-30T06:30:00Z,900
N20270129-S024,N20270129,2027-01-30T06:45:00Z,900
N20270129-S025,N20270129,2027-01-30T07:00:00Z,900
N20270129-S026,N20270129,2027-01-30T07:15:00Z,900
N20270129-S027,N20270129,2027-01-30T07:30:00Z,900
N20270129-S028,N20270129,2027-01-30T07:45:00Z,900
N20270129-S029,N20270129,2027-01-30T08:00:00Z,900
N20270129-S030,N20270129,2027-01-30T08:15:00Z,900
N20270129-S031,N20270129,2027-01-30T08:30:00Z,900
N20270130-S001,N20270130,2027-01-31T01:00:00Z,900
N20270130-S002,N20270130,2027-01-31T01:15:00Z,900
N20270130-S003,N20270130,2027-01-31T01:30:00Z,900
N20270130-S004,N20270130,2027-01-31T01:45:00Z,900
N20270130-S005,N20270130,2027-01-31T02:00:00Z,900
N20270130-S006,N20270130,2027-01-31T02:15:00Z,900
N20270130-S007,N20270130,2027-01-31T02:30:00Z,900
N20270130-S008,N20270130,2027-01-31T02:45:00Z,900
N20270130-S009,N20270130,2027-01-31T03:00:00Z,900
N20270130-S010,N20270130,2027-01-31T03:15:00Z,900
N20270130-S011,N20270130,2027-01-31T03:30:00Z,900
N20270130-S012,N20270130,2027-01-31T03:45:00Z,900
N20270130-S013,N20270130,2027-01-31T04:00:00Z,900
N20270130-S014,N20270130,2027-01-31T04:15:00Z,900
N20270130-S015,N20270130,2027-01-31T04:30:00Z,900
N20270130-S016,N20270130,2027-01-31T04:45:00Z,900
N20270130-S017,N20270130,2027-01-31T05:00:00Z,900
N20270130-S018,N20270130,2027-01-31T05:15:00Z,900
N20270130-S019,N20270130,2027-01-31T05:30:00Z,900
N20270130-S020,N20270130,2027-01-31T05:45:00Z,900
N20270130-S021,N20270130,2027-01-31T06:00:00Z,900
N20270130-S022,N20270130,2027-01-31T06:15:00Z,900
N20270130-S023,N20270130,2027-01-31T06:30:00Z,900
N20270130-S024,N20270130,2027-01-31T06:45:00Z,900
N20270130-S025,N20270130,2027-01-31T07:00:00Z,900
N20270130-S026,N20270130,2027-01-31T07:15:00Z,900
N20270130-S027,N20270130,2027-01-31T07:30:00Z,900
N20270130-S028,N20270130,2027-01-31T07:45:00Z,900
N20270130-S029,N20270130,2027-01-31T08:00:00Z,900
N20270130-S030,N20270130,2027-01-31T08:15:00Z,900
N20270130-S031,N20270130,2027-01-31T08:30:00Z,900
N20270131-S001,N20270131,2027-02-01T01:00:00Z,900
N20270131-S002,N20270131,2027-02-01T01:15:00Z,900
N20270131-S003,N20270131,2027-02-01T01:30:00Z,900
N20270131-S004,N20270131,2027-02-01T01:45:00Z,900
N20270131-S005,N20270131,2027-02-01T02:00:00Z,900
N20270131-S006,N20270131,2027-02-01T02:15:00Z,900
N20270131-S007,N20270131,2027-02-01T02:30:00Z,900
N20270131-S008,N20270131,2027-02-01T02:45:00Z,900
N20270131-S009,N20270131,2027-02-01T03:00:00Z,900
N20270131-S010,N20270131,2027-02-01T03:15:00Z,900
N20270131-S011,N20270131,2027-02-01T03:30:00Z,900
N20270131-S012,N20270131,2027-02-01T03:45:00Z,900
N20270131-S013,N20270131,2027-02-01T04:00:00Z,900
N20270131-S014,N20270131,2027-02-01T04:15:00Z,900
N20270131-S015,N20270131,2027-02-01T04:30:00Z,900
N20270131-S016,N20270131,2027-02-01T04:45:00Z,900
N20270131-S017,N20270131,2027-02-01T05:00:00Z,900
N20270131-S018,N20270131,2027-02-01T05:15:00Z,900
N20270131-S019,N20270131,2027-02-01T05:30:00Z,900
N20270131-S020,N20270131,2027-02-01T05:45:00Z,900
N20270131-S021,N20270131,2027-02-01T06:00:00Z,900
N20270131-S022,N20270131,2027-02-01T06:15:00Z,900
N20270131-S023,N20270131,2027-02-01T06:30:00Z,900
N20270131-S024,N20270131,2027-02-01T06:45:00Z,900
N20270131-S025,N20270131,2027-02-01T07:00:00Z,900
N20270131-S026,N20270131,2027-02-01T07:15:00Z,900
N20270131-S027,N20270131,2027-02-01T07:30:00Z,900
N20270131-S028,N20270131,2027-02-01T07:45:00Z,900
N20270131-S029,N20270131,2027-02-01T08:00:00Z,900
N20270131-S030,N20270131,2027-02-01T08:15:00Z,900
N20270131-S031,N20270131,2027-02-01T08:30:00Z,900
