slot_id,night_id,timestamp_utc,duration_seconds,is_observable,seeing_arcsec,transparency,sky_quality,instrument_efficiency
N20261001-S001,N20261001,2026-10-02T00:00:00Z,900,true,1.085722,0.851346,1.063779,0.941275
N20261001-S002,N20261001,2026-10-02T00:15:00Z,900,true,1.037964,0.862269,1.061173,0.905313
N20261001-S003,N20261001,2026-10-02T00:30:00Z,900,true,1.091498,0.870139,1.044351,0.956431
N20261001-S004,N20261001,2026-10-02T00:45:00Z,900,true,1.036686,0.888129,1.047587,0.929197
N20261001-S005,N20261001,2026-10-02T01:00:00Z,900,true,1.014408,0.860659,1.069038,0.957259
N20261001-S006,N20261001,2026-10-02T01:15:00Z,900,true,1.008015,0.861314,1.065192,0.923322
N20261001-S007,N20261001,2026-10-02T01:30:00Z,900,true,1.064233,0.835083,1.100479,0.963363
N20261001-S008,N20261001,2026-10-02T01:45:00Z,900,true,1.061834,0.822689,1.084728,0.976660
N20261001-S009,N20261001,2026-10-02T02:00:00Z,900,true,1.058348,0.834002,1.126061,0.909170
N20261001-S010,N20261001,2026-10-02T02:15:00Z,900,true,1.060971,0.845621,1.108029,0.937778
N20261001-S011,N20261001,2026-10-02T02:30:00Z,900,true,1.109993,0.849316,1.103121,0.989401
N20261001-S012,N20261001,2026-10-02T02:45:00Z,900,true,1.121662,0.850429,1.103709,0.916810
N20261001-S013,N20261001,2026-10-02T03:00:00Z,900,true,1.133102,0.873469,1.107366,0.983648
N20261001-S014,N20261001,2026-10-02T03:15:00Z,900,true,1.173035,0.862988,1.098608,0.967691
N20261001-S015,N20261001,2026-10-02T03:30:00Z,900,true,1.128444,0.858988,1.048901,0.964347
N20261001-S016,N20261001,2026-10-02T03:45:00Z,900,true,1.084546,0.882771,1.039743,0.922110
N20261001-S017,N20261001,2026-10-02T04:00:00Z,900,true,1.105168,0.872699,1.027804,0.930498
N20261001-S018,N20261001,2026-10-02T04:15:00Z,900,true,1.072142,0.857633,1.028914,0.904675
N20261001-S019,N20261001,2026-10-02T04:30:00Z,900,true,1.032193,0.843990,1.036595,0.946194
N20261001-S020,N20261001,2026-10-02T04:45:00Z,900,true,1.015333,0.867096,1.052196,0.955508
N20261001-S021,N20261001,2026-10-02T05:00:00Z,900,true,1.013291,0.843814,1.068063,0.957594
N20261001-S022,N20261001,2026-10-02T05:15:00Z,900,true,1.036603,0.818406,1.075251,0.999186
N20261001-S023,N20261001,2026-10-02T05:30:00Z,900,true,1.085559,0.823740,1.076495,0.929753
N20261001-S024,N20261001,2026-10-02T05:45:00Z,900,true,1.067051,0.822850,1.047707,0.984273
N20261001-S025,N20261001,2026-10-02T06:00:00Z,900,true,1.041910,0.836224,1.055462,0.971585
N20261001-S026,N20261001,2026-10-02T06:15:00Z,900,true,1.032288,0.847784,1.045514,0.954676
N20261001-S027,N20261001,2026-10-02T06:30:00Z,900,true,1.006413,0.854142,0.997478,0.931352
N20261001-S028,N20261001,2026-10-02T06:45:00Z,900,false,,,,
N20261001-S029,N20261001,2026-10-02T07:00:00Z,900,false,,,,
N20261001-S030,N20261001,2026-10-02T07:15:00Z,900,false,,,,
N20261001-S031,N20261001,2026-10-02T07:30:00Z,900,false,,,,
N20261001-S032,N20261001,2026-10-02T07:45:00Z,900,false,,,,
N20261001-S033,N20261001,2026-10-02T08:00:00Z,900,false,,,,
N20261001-S034,N20261001,2026-10-02T08:15:00Z,900,false,,,,
N20261001-S035,N20261001,2026-10-02T08:30:00Z,900,true,1.112247,0.833243,0.991257,0.961589
N20261001-S036,N20261001,2026-10-02T08:45:00Z,900,true,1.087611,0.820258,0.996545,0.989850
N20261002-S001,N20261002,2026-10-03T00:00:00Z,900,true,1.058916,0.829610,0.957388,0.945676
N20261002-S002,N20261002,2026-10-03T00:15:00Z,900,true,1.059019,0.824232,0.986427,0.975802
N20261002-S003,N20261002,2026-10-03T00:30:00Z,900,true,1.013524,0.820894,0.996222,0.906754
N20261002-S004,N20261002,2026-10-03T00:45:00Z,900,true,0.973644,0.815816,0.984509,0.954885
N20261002-S005,N20261002,2026-10-03T01:00:00Z,900,true,1.023406,0.831613,0.993296,0.982837
N20261002-S006,N20261002,2026-10-03T01:15:00Z,900,true,1.055308,0.837776,0.981293,0.952703
N20261002-S007,N20261002,2026-10-03T01:30:00Z,900,true,1.081600,0.832418,0.997193,0.995849
N20261002-S008,N20261002,2026-10-03T01:45:00Z,900,true,1.040806,0.804844,0.997967,0.933559
N20261002-S009,N20261002,2026-10-03T02:00:00Z,900,true,1.036163,0.828417,0.980688,0.924830
N20261002-S010,N20261002,2026-10-03T02:15:00Z,900,true,0.992234,0.833241,0.996354,0.987252
N20261002-S011,N20261002,2026-10-03T02:30:00Z,900,true,1.003713,0.848402,0.993169,0.940043
N20261002-S012,N20261002,2026-10-03T02:45:00Z,900,true,1.036365,0.858692,0.993528,0.929463
N20261002-S013,N20261002,2026-10-03T03:00:00Z,900,true,1.036979,0.835335,0.982935,0.986453
N20261002-S014,N20261002,2026-10-03T03:15:00Z,900,true,0.999374,0.817525,0.975978,0.986935
N20261002-S015,N20261002,2026-10-03T03:30:00Z,900,true,1.025665,0.803406,0.986921,0.960723
N20261002-S016,N20261002,2026-10-03T03:45:00Z,900,true,1.010046,0.801107,0.987283,0.953812
N20261002-S017,N20261002,2026-10-03T04:00:00Z,900,true,1.055213,0.815772,0.988920,0.921523
N20261002-S018,N20261002,2026-10-03T04:15:00Z,900,true,1.033517,0.811994,0.977195,0.955515
N20261002-S019,N20261002,2026-10-03T04:30:00Z,900,true,1.005702,0.819291,0.994672,0.966992
N20261002-S020,N20261002,2026-10-03T04:45:00Z,900,true,1.074645,0.815085,1.006244,0.972183
N20261002-S021,N20261002,2026-10-03T05:00:00Z,900,true,1.060162,0.816225,0.997022,0.926311
N20261002-S022,N20261002,2026-10-03T05:15:00Z,900,true,1.020503,0.804920,0.972006,0.971197
N20261002-S023,N20261002,2026-10-03T05:30:00Z,900,true,1.084192,0.818414,0.984658,0.989736
N20261002-S024,N20261002,2026-10-03T05:45:00Z,900,true,1.106214,0.819373,1.009665,0.940238
N20261002-S025,N20261002,2026-10-03T06:00:00Z,900,true,1.130821,0.824803,0.986386,0.941665
N20261002-S026,N20261002,2026-10-03T06:15:00Z,900,true,1.137720,0.819886,0.991312,0.927529
N20261002-S027,N20261002,2026-10-03T06:30:00Z,900,true,1.144842,0.807258,0.960870,0.904348
N20261002-S028,N20261002,2026-10-03T06:45:00Z,900,true,1.178738,0.817351,0.965846,0.923224
N20261002-S029,N20261002,2026-10-03T07:00:00Z,900,true,1.179133,0.826884,0.986493,0.909178
N20261002-S030,N20261002,2026-10-03T07:15:00Z,900,true,1.152401,0.845681,0.976868,0.978315
N20261002-S031,N20261002,2026-10-03T07:30:00Z,900,true,1.172984,0.843239,0.968410,0.906472
N20261002-S032,N20261002,2026-10-03T07:45:00Z,900,true,1.197813,0.843913,0.991307,0.927369
N20261002-S033,N20261002,2026-10-03T08:00:00Z,900,true,1.141412,0.853201,0.996081,0.941528
N20261002-S034,N20261002,2026-10-03T08:15:00Z,900,true,1.117055,0.848400,0.997531,0.999623
N20261002-S035,N20261002,2026-10-03T08:30:00Z,900,true,1.111142,0.851942,1.016100,0.994308
N20261002-S036,N20261002,2026-10-03T08:45:00Z,900,true,1.139448,0.851989,0.992255,0.947612
N20261003-S001,N20261003,2026-10-04T00:00:00Z,900,true,0.911630,0.802766,1.019085,0.978618
N20261003-S002,N20261003,2026-10-04T00:15:00Z,900,true,0.938907,0.795599,1.025533,0.955039
N20261003-S003,N20261003,2026-10-04T00:30:00Z,900,true,0.950412,0.793965,1.032281,0.968424
N20261003-S004,N20261003,2026-10-04T00:45:00Z,900,true,0.961274,0.814188,1.049443,0.983318
N20261003-S005,N20261003,2026-10-04T01:00:00Z,900,true,0.966977,0.831603,1.035543,0.909973
N20261003-S006,N20261003,2026-10-04T01:15:00Z,900,true,0.963708,0.833253,1.005799,0.975717
N20261003-S007,N20261003,2026-10-04T01:30:00Z,900,true,0.907100,0.845502,1.008239,0.987155
N20261003-S008,N20261003,2026-10-04T01:45:00Z,900,true,0.834316,0.849557,1.016717,0.902118
N20261003-S009,N20261003,2026-10-04T02:00:00Z,900,true,0.866117,0.830655,1.029401,0.946955
N20261003-S010,N20261003,2026-10-04T02:15:00Z,900,true,0.876369,0.845004,1.031955,0.951191
N20261003-S011,N20261003,2026-10-04T02:30:00Z,900,true,0.916401,0.826414,1.074755,0.966814
N20261003-S012,N20261003,2026-10-04T02:45:00Z,900,true,0.937989,0.839644,1.081132,0.918981
N20261003-S013,N20261003,2026-10-04T03:00:00Z,900,true,0.934081,0.823223,1.056505,0.936278
N20261003-S014,N20261003,2026-10-04T03:15:00Z,900,true,0.919210,0.818086,1.022591,0.954979
N20261003-S015,N20261003,2026-10-04T03:30:00Z,900,true,0.927343,0.824691,1.027483,0.948843
N20261003-S016,N20261003,2026-10-04T03:45:00Z,900,true,0.913236,0.817889,1.011448,0.910844
N20261003-S017,N20261003,2026-10-04T04:00:00Z,900,true,0.908991,0.819049,1.021755,0.998349
N20261003-S018,N20261003,2026-10-04T04:15:00Z,900,true,0.897453,0.831233,1.018358,0.922623
N20261003-S019,N20261003,2026-10-04T04:30:00Z,900,true,0.931009,0.825854,1.027259,0.927086
N20261003-S020,N20261003,2026-10-04T04:45:00Z,900,true,0.919152,0.825541,1.032782,0.932531
N20261003-S021,N20261003,2026-10-04T05:00:00Z,900,true,0.934125,0.812907,0.999023,0.949418
N20261003-S022,N20261003,2026-10-04T05:15:00Z,900,true,1.002239,0.817561,1.001733,0.943942
N20261003-S023,N20261003,2026-10-04T05:30:00Z,900,true,0.988385,0.822424,1.006344,0.939510
N20261003-S024,N20261003,2026-10-04T05:45:00Z,900,false,,,,
N20261003-S025,N20261003,2026-10-04T06:00:00Z,900,false,,,,
N20261003-S026,N20261003,2026-10-04T06:15:00Z,900,false,,,,
N20261003-S027,N20261003,2026-10-04T06:30:00Z,900,false,,,,
N20261003-S028,N20261003,2026-10-04T06:45:00Z,900,true,0.962400,0.775825,1.034937,0.949329
N20261003-S029,N20261003,2026-10-04T07:00:00Z,900,true,1.037519,0.785806,1.063775,0.965965
N20261003-S030,N20261003,2026-10-04T07:15:00Z,900,true,1.042501,0.794293,1.084675,0.912738
N20261003-S031,N20261003,2026-10-04T07:30:00Z,900,true,1.049002,0.811229,1.076450,0.982310
N20261003-S032,N20261003,2026-10-04T07:45:00Z,900,true,1.019480,0.801006,1.066725,0.947978
N20261003-S033,N20261003,2026-10-04T08:00:00Z,900,true,0.938236,0.783549,1.036036,0.985821
N20261003-S034,N20261003,2026-10-04T08:15:00Z,900,true,0.942516,0.783825,1.035219,0.996377
N20261003-S035,N20261003,2026-10-04T08:30:00Z,900,true,0.933098,0.817190,1.017614,0.962820
N20261003-S036,N20261003,2026-10-04T08:45:00Z,900,true,0.894423,0.831890,1.042344,0.909764
N20261004-S001,N20261004,2026-10-05T00:00:00Z,900,true,0.821180,0.804894,0.994183,0.952675
N20261004-S002,N20261004,2026-10-05T00:15:00Z,900,true,0.830997,0.791588,0.979081,0.977171
N20261004-S003,N20261004,2026-10-05T00:30:00Z,900,true,0.867630,0.814951,0.988526,0.910802
N20261004-S004,N20261004,2026-10-05T00:45:00Z,900,true,0.830371,0.809701,0.994174,0.912421
N20261004-S005,N20261004,2026-10-05T01:00:00Z,900,true,0.857387,0.823708,1.024338,0.903378
N20261004-S006,N20261004,2026-10-05T01:15:00Z,900,true,0.818695,0.809335,1.030048,0.987039
N20261004-S007,N20261004,2026-10-05T01:30:00Z,900,true,0.834828,0.803878,1.028054,0.990929
N20261004-S008,N20261004,2026-10-05T01:45:00Z,900,true,0.858780,0.793169,1.015741,0.908756
N20261004-S009,N20261004,2026-10-05T02:00:00Z,900,true,0.935211,0.804391,1.013425,0.932938
N20261004-S010,N20261004,2026-10-05T02:15:00Z,900,true,0.893739,0.787738,1.021253,0.992984
N20261004-S011,N20261004,2026-10-05T02:30:00Z,900,true,0.814975,0.783203,1.024270,0.992094
N20261004-S012,N20261004,2026-10-05T02:45:00Z,900,true,0.798890,0.789335,1.024159,0.963743
N20261004-S013,N20261004,2026-10-05T03:00:00Z,900,true,0.820592,0.792347,1.015984,0.995275
N20261004-S014,N20261004,2026-10-05T03:15:00Z,900,true,0.848790,0.798437,1.018128,0.934112
N20261004-S015,N20261004,2026-10-05T03:30:00Z,900,true,0.859236,0.810433,1.000408,0.959798
N20261004-S016,N20261004,2026-10-05T03:45:00Z,900,true,0.857555,0.812154,1.009833,0.987167
N20261004-S017,N20261004,2026-10-05T04:00:00Z,900,true,0.784750,0.814196,1.048787,0.952252
N20261004-S018,N20261004,2026-10-05T04:15:00Z,900,true,0.793621,0.813830,1.046494,0.908929
N20261004-S019,N20261004,2026-10-05T04:30:00Z,900,false,,,,
N20261004-S020,N20261004,2026-10-05T04:45:00Z,900,false,,,,
N20261004-S021,N20261004,2026-10-05T05:00:00Z,900,false,,,,
N20261004-S022,N20261004,2026-10-05T05:15:00Z,900,true,0.802715,0.809630,1.018972,0.951836
N20261004-S023,N20261004,2026-10-05T05:30:00Z,900,true,0.831105,0.815558,1.002744,0.993182
N20261004-S024,N20261004,2026-10-05T05:45:00Z,900,true,0.811017,0.828105,1.021378,0.986957
N20261004-S025,N20261004,2026-10-05T06:00:00Z,900,true,0.787800,0.831074,1.013421,0.929013
N20261004-S026,N20261004,2026-10-05T06:15:00Z,900,true,0.822190,0.825939,0.985853,0.947273
N20261004-S027,N20261004,2026-10-05T06:30:00Z,900,true,0.786580,0.804552,0.963498,0.980486
N20261004-S028,N20261004,2026-10-05T06:45:00Z,900,true,0.742524,0.806636,0.958969,0.908905
N20261004-S029,N20261004,2026-10-05T07:00:00Z,900,true,0.713894,0.808019,0.951571,0.998934
N20261004-S030,N20261004,2026-10-05T07:15:00Z,900,true,0.690779,0.794247,0.967561,0.926348
N20261004-S031,N20261004,2026-10-05T07:30:00Z,900,true,0.712198,0.812644,0.989662,0.904148
N20261004-S032,N20261004,2026-10-05T07:45:00Z,900,true,0.778291,0.797129,0.983621,0.941663
N20261004-S033,N20261004,2026-10-05T08:00:00Z,900,true,0.719327,0.800378,1.019373,0.978050
N20261004-S034,N20261004,2026-10-05T08:15:00Z,900,true,0.790912,0.805015,1.000119,0.989243
N20261004-S035,N20261004,2026-10-05T08:30:00Z,900,true,0.780621,0.798780,0.981949,0.917687
N20261004-S036,N20261004,2026-10-05T08:45:00Z,900,true,0.733566,0.801368,0.978256,0.961750
N20261005-S001,N20261005,2026-10-06T00:00:00Z,900,true,1.094520,0.738960,1.005608,0.974302
N20261005-S002,N20261005,2026-10-06T00:15:00Z,900,true,1.150384,0.727615,0.998123,0.953241
N20261005-S003,N20261005,2026-10-06T00:30:00Z,900,true,1.195046,0.736306,1.019401,0.953592
N20261005-S004,N20261005,2026-10-06T00:45:00Z,900,true,1.148814,0.732171,1.040073,0.903160
N20261005-S005,N20261005,2026-10-06T01:00:00Z,900,true,1.099166,0.732628,1.035048,0.952715
N20261005-S006,N20261005,2026-10-06T01:15:00Z,900,true,1.101112,0.746585,1.044889,0.985411
N20261005-S007,N20261005,2026-10-06T01:30:00Z,900,true,1.164483,0.750702,1.040403,0.969385
N20261005-S008,N20261005,2026-10-06T01:45:00Z,900,true,1.150555,0.759877,1.038266,0.950654
N20261005-S009,N20261005,2026-10-06T02:00:00Z,900,true,1.152368,0.771034,1.026133,0.995268
N20261005-S010,N20261005,2026-10-06T02:15:00Z,900,true,1.099523,0.766476,1.042662,0.934616
N20261005-S011,N20261005,2026-10-06T02:30:00Z,900,true,1.080168,0.772195,1.008517,0.986437
N20261005-S012,N20261005,2026-10-06T02:45:00Z,900,true,1.083719,0.769852,0.996367,0.914339
N20261005-S013,N20261005,2026-10-06T03:00:00Z,900,true,1.084545,0.754241,1.005881,0.949494
N20261005-S014,N20261005,2026-10-06T03:15:00Z,900,true,1.136715,0.739156,1.032486,0.979937
N20261005-S015,N20261005,2026-10-06T03:30:00Z,900,true,1.130670,0.737857,1.025258,0.938735
N20261005-S016,N20261005,2026-10-06T03:45:00Z,900,true,1.091631,0.733778,1.034635,0.910169
N20261005-S017,N20261005,2026-10-06T04:00:00Z,900,true,1.069158,0.718080,1.024386,0.975866
N20261005-S018,N20261005,2026-10-06T04:15:00Z,900,true,1.105621,0.726371,1.029479,0.958879
N20261005-S019,N20261005,2026-10-06T04:30:00Z,900,true,1.136618,0.722802,1.006438,0.950654
N20261005-S020,N20261005,2026-10-06T04:45:00Z,900,true,1.140675,0.724115,1.025922,0.922223
N20261005-S021,N20261005,2026-10-06T05:00:00Z,900,true,1.101703,0.709335,1.047938,0.920670
N20261005-S022,N20261005,2026-10-06T05:15:00Z,900,true,1.100524,0.709900,1.067628,0.942256
N20261005-S023,N20261005,2026-10-06T05:30:00Z,900,true,1.110659,0.710756,1.064532,0.960909
N20261005-S024,N20261005,2026-10-06T05:45:00Z,900,true,1.124593,0.724097,1.080610,0.958023
N20261005-S025,N20261005,2026-10-06T06:00:00Z,900,true,1.086391,0.737837,1.092028,0.935125
N20261005-S026,N20261005,2026-10-06T06:15:00Z,900,true,1.103021,0.726954,1.060090,0.908245
N20261005-S027,N20261005,2026-10-06T06:30:00Z,900,true,1.127242,0.736628,1.063956,0.990388
N20261005-S028,N20261005,2026-10-06T06:45:00Z,900,true,1.152277,0.734541,1.035287,0.930037
N20261005-S029,N20261005,2026-10-06T07:00:00Z,900,true,1.150922,0.726759,1.029280,0.986819
N20261005-S030,N20261005,2026-10-06T07:15:00Z,900,true,1.148187,0.727005,1.032452,0.966297
N20261005-S031,N20261005,2026-10-06T07:30:00Z,900,false,,,,
N20261005-S032,N20261005,2026-10-06T07:45:00Z,900,true,1.202265,0.738739,1.034234,0.982468
N20261005-S033,N20261005,2026-10-06T08:00:00Z,900,true,1.181343,0.744367,1.019486,0.926278
N20261005-S034,N20261005,2026-10-06T08:15:00Z,900,true,1.148586,0.741166,1.026480,0.994498
N20261005-S035,N20261005,2026-10-06T08:30:00Z,900,true,1.099007,0.744907,0.987811,0.978049
N20261006-S001,N20261006,2026-10-07T00:15:00Z,900,true,1.108744,0.756757,1.039924,0.937076
N20261006-S002,N20261006,2026-10-07T00:30:00Z,900,true,1.103062,0.739407,1.017650,0.943984
N20261006-S003,N20261006,2026-10-07T00:45:00Z,900,true,1.120525,0.734749,1.008418,0.966384
N20261006-S004,N20261006,2026-10-07T01:00:00Z,900,true,1.119159,0.736633,1.037120,0.935568
N20261006-S005,N20261006,2026-10-07T01:15:00Z,900,true,1.146431,0.742843,1.036567,0.999175
N20261006-S006,N20261006,2026-10-07T01:30:00Z,900,true,1.194185,0.754064,1.019172,0.962798
N20261006-S007,N20261006,2026-10-07T01:45:00Z,900,true,1.229658,0.770417,0.995639,0.982668
N20261006-S008,N20261006,2026-10-07T02:00:00Z,900,true,1.164215,0.769691,0.974082,0.967646
N20261006-S009,N20261006,2026-10-07T02:15:00Z,900,true,1.168410,0.758411,0.973776,0.913082
N20261006-S010,N20261006,2026-10-07T02:30:00Z,900,true,1.175821,0.762703,0.994722,0.929318
N20261006-S011,N20261006,2026-10-07T02:45:00Z,900,true,1.193775,0.758645,0.980648,0.966282
N20261006-S012,N20261006,2026-10-07T03:00:00Z,900,true,1.187418,0.755375,0.996336,0.982492
N20261006-S013,N20261006,2026-10-07T03:15:00Z,900,true,1.218538,0.755049,0.954739,0.952340
N20261006-S014,N20261006,2026-10-07T03:30:00Z,900,true,1.177760,0.737043,0.966240,0.956439
N20261006-S015,N20261006,2026-10-07T03:45:00Z,900,true,1.152004,0.753901,0.963632,0.955132
N20261006-S016,N20261006,2026-10-07T04:00:00Z,900,true,1.116321,0.768200,0.981358,0.930523
N20261006-S017,N20261006,2026-10-07T04:15:00Z,900,true,1.146574,0.770648,0.980413,0.993292
N20261006-S018,N20261006,2026-10-07T04:30:00Z,900,true,1.138379,0.759712,1.014392,0.951933
N20261006-S019,N20261006,2026-10-07T04:45:00Z,900,true,1.091761,0.763473,1.012573,0.947105
N20261006-S020,N20261006,2026-10-07T05:00:00Z,900,true,1.086815,0.757822,1.016864,0.921607
N20261006-S021,N20261006,2026-10-07T05:15:00Z,900,true,1.132989,0.766651,1.042224,0.965675
N20261006-S022,N20261006,2026-10-07T05:30:00Z,900,true,1.131528,0.773048,1.043514,0.955702
N20261006-S023,N20261006,2026-10-07T05:45:00Z,900,true,1.157336,0.782741,1.045860,0.997336
N20261006-S024,N20261006,2026-10-07T06:00:00Z,900,true,1.129082,0.757738,1.061787,0.976768
N20261006-S025,N20261006,2026-10-07T06:15:00Z,900,true,1.087258,0.749519,1.020361,0.908622
N20261006-S026,N20261006,2026-10-07T06:30:00Z,900,true,1.102332,0.764519,1.017909,0.990525
N20261006-S027,N20261006,2026-10-07T06:45:00Z,900,true,1.057056,0.770223,1.007264,0.950831
N20261006-S028,N20261006,2026-10-07T07:00:00Z,900,true,1.133707,0.760221,1.011449,0.913489
N20261006-S029,N20261006,2026-10-07T07:15:00Z,900,true,1.155386,0.778033,1.012839,0.917793
N20261006-S030,N20261006,2026-10-07T07:30:00Z,900,false,,,,
N20261006-S031,N20261006,2026-10-07T07:45:00Z,900,true,1.175442,0.779223,0.997932,0.925374
N20261006-S032,N20261006,2026-10-07T08:00:00Z,900,true,1.138802,0.775491,1.002226,0.978811
N20261006-S033,N20261006,2026-10-07T08:15:00Z,900,true,1.146108,0.776759,0.995311,0.982773
N20261006-S034,N20261006,2026-10-07T08:30:00Z,900,true,1.112459,0.767063,1.005130,0.972606
N20261007-S001,N20261007,2026-10-08T00:15:00Z,900,true,1.175963,0.784907,0.969599,0.983180
N20261007-S002,N20261007,2026-10-08T00:30:00Z,900,true,1.193721,0.778128,0.962449,0.997166
N20261007-S003,N20261007,2026-10-08T00:45:00Z,900,true,1.263933,0.770734,0.940148,0.963878
N20261007-S004,N20261007,2026-10-08T01:00:00Z,900,true,1.286259,0.772611,0.919641,0.966501
N20261007-S005,N20261007,2026-10-08T01:15:00Z,900,true,1.303283,0.761445,0.923585,0.909269
N20261007-S006,N20261007,2026-10-08T01:30:00Z,900,true,1.309434,0.751609,0.919907,0.944871
N20261007-S007,N20261007,2026-10-08T01:45:00Z,900,true,1.280902,0.731127,0.939760,0.958875
N20261007-S008,N20261007,2026-10-08T02:00:00Z,900,true,1.239063,0.738655,0.933417,0.982707
N20261007-S009,N20261007,2026-10-08T02:15:00Z,900,true,1.216693,0.723087,0.943822,0.957648
N20261007-S010,N20261007,2026-10-08T02:30:00Z,900,true,1.236462,0.717353,0.945248,0.968836
N20261007-S011,N20261007,2026-10-08T02:45:00Z,900,true,1.236301,0.721357,0.946794,0.959170
N20261007-S012,N20261007,2026-10-08T03:00:00Z,900,true,1.218457,0.745042,0.931054,0.925485
N20261007-S013,N20261007,2026-10-08T03:15:00Z,900,true,1.282094,0.741348,0.930819,0.902907
N20261007-S014,N20261007,2026-10-08T03:30:00Z,900,true,1.301092,0.734423,0.944764,0.983731
N20261007-S015,N20261007,2026-10-08T03:45:00Z,900,true,1.287811,0.747099,0.944136,0.956215
N20261007-S016,N20261007,2026-10-08T04:00:00Z,900,true,1.303514,0.742209,0.969288,0.971216
N20261007-S017,N20261007,2026-10-08T04:15:00Z,900,true,1.314259,0.731543,0.965742,0.937735
N20261007-S018,N20261007,2026-10-08T04:30:00Z,900,true,1.268208,0.726287,0.973955,0.958141
N20261007-S019,N20261007,2026-10-08T04:45:00Z,900,true,1.246221,0.715606,0.940097,0.908528
N20261007-S020,N20261007,2026-10-08T05:00:00Z,900,true,1.263708,0.738828,0.933970,0.902076
N20261007-S021,N20261007,2026-10-08T05:15:00Z,900,true,1.245037,0.752336,0.925049,0.944586
N20261007-S022,N20261007,2026-10-08T05:30:00Z,900,true,1.240649,0.759121,0.937999,0.940462
N20261007-S023,N20261007,2026-10-08T05:45:00Z,900,true,1.211332,0.781533,0.905638,0.905392
N20261007-S024,N20261007,2026-10-08T06:00:00Z,900,true,1.202711,0.805964,0.917834,0.948934
N20261007-S025,N20261007,2026-10-08T06:15:00Z,900,true,1.257974,0.811337,0.889211,0.997609
N20261007-S026,N20261007,2026-10-08T06:30:00Z,900,true,1.213198,0.810742,0.923952,0.965346
N20261007-S027,N20261007,2026-10-08T06:45:00Z,900,true,1.142972,0.800921,0.949768,0.932287
N20261007-S028,N20261007,2026-10-08T07:00:00Z,900,true,1.087648,0.779735,0.956877,0.938732
N20261007-S029,N20261007,2026-10-08T07:15:00Z,900,true,1.132645,0.774149,0.948619,0.945434
N20261007-S030,N20261007,2026-10-08T07:30:00Z,900,true,1.140267,0.778088,0.949311,0.900864
N20261007-S031,N20261007,2026-10-08T07:45:00Z,900,true,1.188113,0.765085,0.944060,0.945594
N20261007-S032,N20261007,2026-10-08T08:00:00Z,900,true,1.171032,0.763716,0.948605,0.919834
N20261007-S033,N20261007,2026-10-08T08:15:00Z,900,true,1.165354,0.776780,0.932257,0.996125
N20261007-S034,N20261007,2026-10-08T08:30:00Z,900,true,1.151886,0.780638,0.923559,0.914246
N20261008-S001,N20261008,2026-10-09T00:15:00Z,900,true,1.143044,0.817503,0.921140,0.976501
N20261008-S002,N20261008,2026-10-09T00:30:00Z,900,true,1.132416,0.811516,0.891550,0.928992
N20261008-S003,N20261008,2026-10-09T00:45:00Z,900,true,1.120248,0.815464,0.890487,0.919850
N20261008-S004,N20261008,2026-10-09T01:00:00Z,900,true,1.163230,0.823605,0.913818,0.917986
N20261008-S005,N20261008,2026-10-09T01:15:00Z,900,true,1.104277,0.828751,0.944298,0.916477
N20261008-S006,N20261008,2026-10-09T01:30:00Z,900,true,1.097556,0.809245,0.937154,0.992184
N20261008-S007,N20261008,2026-10-09T01:45:00Z,900,true,1.130601,0.803010,0.934308,0.999513
N20261008-S008,N20261008,2026-10-09T02:00:00Z,900,true,1.179325,0.800167,0.936776,0.933513
N20261008-S009,N20261008,2026-10-09T02:15:00Z,900,true,1.105344,0.798597,0.929317,0.961013
N20261008-S010,N20261008,2026-10-09T02:30:00Z,900,true,1.106743,0.801648,0.919457,0.965285
N20261008-S011,N20261008,2026-10-09T02:45:00Z,900,true,1.097919,0.813186,0.947410,0.942657
N20261008-S012,N20261008,2026-10-09T03:00:00Z,900,true,1.102983,0.830709,0.911063,0.972280
N20261008-S013,N20261008,2026-10-09T03:15:00Z,900,true,1.117386,0.834483,0.927844,0.923393
N20261008-S014,N20261008,2026-10-09T03:30:00Z,900,true,1.232745,0.822851,0.924949,0.915739
N20261008-S015,N20261008,2026-10-09T03:45:00Z,900,true,1.201512,0.826962,0.958523,0.990659
N20261008-S016,N20261008,2026-10-09T04:00:00Z,900,true,1.177135,0.833756,0.958576,0.972269
N20261008-S017,N20261008,2026-10-09T04:15:00Z,900,true,1.189785,0.821246,0.963763,0.910697
N20261008-S018,N20261008,2026-10-09T04:30:00Z,900,true,1.181343,0.828277,0.947791,0.973360
N20261008-S019,N20261008,2026-10-09T04:45:00Z,900,true,1.229348,0.833848,0.955318,0.958539
N20261008-S020,N20261008,2026-10-09T05:00:00Z,900,true,1.288574,0.811796,0.942845,0.959474
N20261008-S021,N20261008,2026-10-09T05:15:00Z,900,true,1.299943,0.807349,0.928869,0.912162
N20261008-S022,N20261008,2026-10-09T05:30:00Z,900,true,1.273807,0.813670,0.899274,0.940152
N20261008-S023,N20261008,2026-10-09T05:45:00Z,900,true,1.292579,0.831046,0.898714,0.949773
N20261008-S024,N20261008,2026-10-09T06:00:00Z,900,true,1.274227,0.826489,0.893684,0.966371
N20261008-S025,N20261008,2026-10-09T06:15:00Z,900,true,1.303158,0.854682,0.883072,0.964413
N20261008-S026,N20261008,2026-10-09T06:30:00Z,900,true,1.327867,0.847856,0.900963,0.973401
N20261008-S027,N20261008,2026-10-09T06:45:00Z,900,true,1.348846,0.843543,0.931959,0.995130
N20261008-S028,N20261008,2026-10-09T07:00:00Z,900,true,1.355715,0.832734,0.911705,0.940990
N20261008-S029,N20261008,2026-10-09T07:15:00Z,900,true,1.292301,0.841148,0.922618,0.922119
N20261008-S030,N20261008,2026-10-09T07:30:00Z,900,true,1.232503,0.829017,0.912270,0.909408
N20261008-S031,N20261008,2026-10-09T07:45:00Z,900,true,1.206819,0.835886,0.900878,0.953323
N20261008-S032,N20261008,2026-10-09T08:00:00Z,900,true,1.251990,0.830610,0.891716,0.929425
N20261008-S033,N20261008,2026-10-09T08:15:00Z,900,true,1.279478,0.833948,0.899225,0.909566
N20261008-S034,N20261008,2026-10-09T08:30:00Z,900,true,1.233366,0.827398,0.892118,0.927986
N20261009-S001,N20261009,2026-10-10T00:15:00Z,900,true,1.201218,0.829619,0.841178,0.906045
N20261009-S002,N20261009,2026-10-10T00:30:00Z,900,true,1.175488,0.821392,0.839978,0.959690
N20261009-S003,N20261009,2026-10-10T00:45:00Z,900,true,1.164350,0.829689,0.824957,0.983590
N20261009-S004,N20261009,2026-10-10T01:00:00Z,900,true,1.072141,0.830400,0.811919,0.961900
N20261009-S005,N20261009,2026-10-10T01:15:00Z,900,true,1.030951,0.829390,0.805778,0.996623
N20261009-S006,N20261009,2026-10-10T01:30:00Z,900,true,1.050633,0.838450,0.776761,0.966279
N20261009-S007,N20261009,2026-10-10T01:45:00Z,900,true,1.086114,0.832861,0.770954,0.916559
N20261009-S008,N20261009,2026-10-10T02:00:00Z,900,true,1.085741,0.844972,0.778328,0.956672
N20261009-S009,N20261009,2026-10-10T02:15:00Z,900,true,1.030531,0.839548,0.780321,0.935177
N20261009-S010,N20261009,2026-10-10T02:30:00Z,900,true,1.061481,0.836925,0.768105,0.912034
N20261009-S011,N20261009,2026-10-10T02:45:00Z,900,true,1.082485,0.847063,0.758735,0.901870
N20261009-S012,N20261009,2026-10-10T03:00:00Z,900,true,1.078042,0.834587,0.763319,0.997625
N20261009-S013,N20261009,2026-10-10T03:15:00Z,900,true,1.069480,0.829301,0.777767,0.909639
N20261009-S014,N20261009,2026-10-10T03:30:00Z,900,true,1.053371,0.837101,0.799081,0.988517
N20261009-S015,N20261009,2026-10-10T03:45:00Z,900,true,1.041622,0.833273,0.794649,0.930984
N20261009-S016,N20261009,2026-10-10T04:00:00Z,900,true,1.057284,0.844610,0.771618,0.985562
N20261009-S017,N20261009,2026-10-10T04:15:00Z,900,true,1.099184,0.842734,0.777686,0.911508
N20261009-S018,N20261009,2026-10-10T04:30:00Z,900,true,1.121876,0.850249,0.796375,0.954525
N20261009-S019,N20261009,2026-10-10T04:45:00Z,900,true,1.121817,0.852411,0.809680,0.972789
N20261009-S020,N20261009,2026-10-10T05:00:00Z,900,true,1.063176,0.827221,0.816954,0.944792
N20261009-S021,N20261009,2026-10-10T05:15:00Z,900,true,1.126511,0.816981,0.827369,0.997419
N20261009-S022,N20261009,2026-10-10T05:30:00Z,900,true,1.152335,0.808715,0.818221,0.910471
N20261009-S023,N20261009,2026-10-10T05:45:00Z,900,true,1.187849,0.807690,0.839135,0.965073
N20261009-S024,N20261009,2026-10-10T06:00:00Z,900,true,1.228811,0.819780,0.849669,0.966376
N20261009-S025,N20261009,2026-10-10T06:15:00Z,900,true,1.234504,0.817400,0.821788,0.936345
N20261009-S026,N20261009,2026-10-10T06:30:00Z,900,true,1.195408,0.835715,0.832485,0.902879
N20261009-S027,N20261009,2026-10-10T06:45:00Z,900,true,1.177201,0.824505,0.819687,0.936528
N20261009-S028,N20261009,2026-10-10T07:00:00Z,900,true,1.178039,0.814589,0.833069,0.900721
N20261009-S029,N20261009,2026-10-10T07:15:00Z,900,true,1.210326,0.814036,0.838449,0.981875
N20261009-S030,N20261009,2026-10-10T07:30:00Z,900,true,1.145148,0.831162,0.792929,0.928533
N20261009-S031,N20261009,2026-10-10T07:45:00Z,900,true,1.163377,0.826520,0.808508,0.959782
N20261009-S032,N20261009,2026-10-10T08:00:00Z,900,true,1.155924,0.808762,0.808348,0.999906
N20261009-S033,N20261009,2026-10-10T08:15:00Z,900,true,1.169156,0.812843,0.823157,0.926456
N20261009-S034,N20261009,2026-10-10T08:30:00Z,900,true,1.123027,0.812667,0.837137,0.930982
N20261010-S001,N20261010,2026-10-11T00:15:00Z,900,true,1.096114,0.799130,0.883142,0.981779
N20261010-S002,N20261010,2026-10-11T00:30:00Z,900,true,1.101588,0.812765,0.881986,0.944794
N20261010-S003,N20261010,2026-10-11T00:45:00Z,900,true,1.117760,0.809688,0.874652,0.911488
N20261010-S004,N20261010,2026-10-11T01:00:00Z,900,true,1.158883,0.798160,0.881162,0.922975
N20261010-S005,N20261010,2026-10-11T01:15:00Z,900,true,1.190698,0.802523,0.882689,0.987538
N20261010-S006,N20261010,2026-10-11T01:30:00Z,900,true,1.189223,0.794883,0.869068,0.921379
N20261010-S007,N20261010,2026-10-11T01:45:00Z,900,true,1.144035,0.790499,0.881867,0.928669
N20261010-S008,N20261010,2026-10-11T02:00:00Z,900,true,1.086447,0.804102,0.880108,0.937287
N20261010-S009,N20261010,2026-10-11T02:15:00Z,900,true,1.042753,0.787721,0.849299,0.925852
N20261010-S010,N20261010,2026-10-11T02:30:00Z,900,true,1.088473,0.801257,0.869371,0.904942
N20261010-S011,N20261010,2026-10-11T02:45:00Z,900,true,1.119149,0.802603,0.889671,0.961798
N20261010-S012,N20261010,2026-10-11T03:00:00Z,900,true,1.126327,0.798594,0.886404,0.992911
N20261010-S013,N20261010,2026-10-11T03:15:00Z,900,true,1.130871,0.794714,0.878142,0.932548
N20261010-S014,N20261010,2026-10-11T03:30:00Z,900,true,1.132829,0.786445,0.890483,0.967816
N20261010-S015,N20261010,2026-10-11T03:45:00Z,900,true,1.150626,0.788832,0.891561,0.950630
N20261010-S016,N20261010,2026-10-11T04:00:00Z,900,true,1.222552,0.792358,0.909756,0.986345
N20261010-S017,N20261010,2026-10-11T04:15:00Z,900,true,1.219624,0.778140,0.929123,0.992469
N20261010-S018,N20261010,2026-10-11T04:30:00Z,900,true,1.224783,0.778933,0.919026,0.938490
N20261010-S019,N20261010,2026-10-11T04:45:00Z,900,true,1.209343,0.777481,0.892177,0.900999
N20261010-S020,N20261010,2026-10-11T05:00:00Z,900,true,1.232112,0.772942,0.902658,0.916902
N20261010-S021,N20261010,2026-10-11T05:15:00Z,900,true,1.220823,0.785669,0.896681,0.965576
N20261010-S022,N20261010,2026-10-11T05:30:00Z,900,true,1.188881,0.789678,0.909699,0.914505
N20261010-S023,N20261010,2026-10-11T05:45:00Z,900,true,1.204847,0.795154,0.905315,0.926132
N20261010-S024,N20261010,2026-10-11T06:00:00Z,900,true,1.221934,0.801776,0.890074,0.957370
N20261010-S025,N20261010,2026-10-11T06:15:00Z,900,true,1.207713,0.829251,0.870965,0.937676
N20261010-S026,N20261010,2026-10-11T06:30:00Z,900,true,1.164798,0.821503,0.858518,0.958431
N20261010-S027,N20261010,2026-10-11T06:45:00Z,900,true,1.165884,0.818870,0.838023,0.924265
N20261010-S028,N20261010,2026-10-11T07:00:00Z,900,true,1.150737,0.822803,0.864303,0.989344
N20261010-S029,N20261010,2026-10-11T07:15:00Z,900,true,1.130114,0.820128,0.865145,0.972331
N20261010-S030,N20261010,2026-10-11T07:30:00Z,900,true,1.086343,0.829232,0.865161,0.962140
N20261010-S031,N20261010,2026-10-11T07:45:00Z,900,true,1.096382,0.836067,0.864672,0.961503
N20261010-S032,N20261010,2026-10-11T08:00:00Z,900,true,1.140226,0.835868,0.874064,0.923714
N20261010-S033,N20261010,2026-10-11T08:15:00Z,900,true,1.137780,0.815915,0.873660,0.994006
N20261010-S034,N20261010,2026-10-11T08:30:00Z,900,true,1.136986,0.825916,0.865269,0.963464
N20261011-S001,N20261011,2026-10-12T00:15:00Z,900,true,1.145921,0.815117,0.893398,0.906124
N20261011-S002,N20261011,2026-10-12T00:30:00Z,900,true,1.146262,0.819308,0.883259,0.900450
N20261011-S003,N20261011,2026-10-12T00:45:00Z,900,true,1.175448,0.812412,0.901592,0.917695
N20261011-S004,N20261011,2026-10-12T01:00:00Z,900,true,1.137054,0.791209,0.864311,0.943260
N20261011-S005,N20261011,2026-10-12T01:15:00Z,900,true,1.094835,0.786365,0.877827,0.947635
N20261011-S006,N20261011,2026-10-12T01:30:00Z,900,true,1.032865,0.823611,0.879153,0.926037
N20261011-S007,N20261011,2026-10-12T01:45:00Z,900,true,1.017478,0.828032,0.844553,0.952246
N20261011-S008,N20261011,2026-10-12T02:00:00Z,900,true,1.040860,0.829834,0.849332,0.919012
N20261011-S009,N20261011,2026-10-12T02:15:00Z,900,true,1.093342,0.820988,0.855450,0.910494
N20261011-S010,N20261011,2026-10-12T02:30:00Z,900,true,1.070359,0.822333,0.855107,0.941674
N20261011-S011,N20261011,2026-10-12T02:45:00Z,900,true,1.075989,0.813702,0.876635,0.987876
N20261011-S012,N20261011,2026-10-12T03:00:00Z,900,true,1.131655,0.806163,0.883337,0.964744
N20261011-S013,N20261011,2026-10-12T03:15:00Z,900,true,1.146129,0.814684,0.886578,0.927692
N20261011-S014,N20261011,2026-10-12T03:30:00Z,900,true,1.118384,0.819312,0.903555,0.993394
N20261011-S015,N20261011,2026-10-12T03:45:00Z,900,true,1.199828,0.824557,0.890397,0.956606
N20261011-S016,N20261011,2026-10-12T04:00:00Z,900,true,1.218108,0.826529,0.925225,0.965382
N20261011-S017,N20261011,2026-10-12T04:15:00Z,900,true,1.210005,0.822934,0.931463,0.914000
N20261011-S018,N20261011,2026-10-12T04:30:00Z,900,true,1.118004,0.836839,0.918749,0.955650
N20261011-S019,N20261011,2026-10-12T04:45:00Z,900,true,1.135380,0.827917,0.904454,0.991295
N20261011-S020,N20261011,2026-10-12T05:00:00Z,900,true,1.113657,0.822738,0.896463,0.947129
N20261011-S021,N20261011,2026-10-12T05:15:00Z,900,true,1.090875,0.821506,0.872247,0.909766
N20261011-S022,N20261011,2026-10-12T05:30:00Z,900,true,1.140013,0.814255,0.871075,0.914671
N20261011-S023,N20261011,2026-10-12T05:45:00Z,900,true,1.087193,0.808342,0.838650,0.926596
N20261011-S024,N20261011,2026-10-12T06:00:00Z,900,true,1.148968,0.804387,0.846986,0.961830
N20261011-S025,N20261011,2026-10-12T06:15:00Z,900,true,1.164784,0.799854,0.851092,0.935118
N20261011-S026,N20261011,2026-10-12T06:30:00Z,900,true,1.221271,0.828906,0.823737,0.940067
N20261011-S027,N20261011,2026-10-12T06:45:00Z,900,true,1.210231,0.802157,0.819443,0.995587
N20261011-S028,N20261011,2026-10-12T07:00:00Z,900,true,1.201624,0.795592,0.819328,0.991730
N20261011-S029,N20261011,2026-10-12T07:15:00Z,900,true,1.140210,0.797196,0.854733,0.941178
N20261011-S030,N20261011,2026-10-12T07:30:00Z,900,true,1.152720,0.808873,0.869872,0.911551
N20261011-S031,N20261011,2026-10-12T07:45:00Z,900,true,1.106217,0.802649,0.856593,0.911172
N20261011-S032,N20261011,2026-10-12T08:00:00Z,900,true,1.105992,0.794812,0.890422,0.991125
N20261011-S033,N20261011,2026-10-12T08:15:00Z,900,true,1.123990,0.815228,0.906060,0.905895
N20261011-S034,N20261011,2026-10-12T08:30:00Z,900,true,1.131505,0.794227,0.886866,0.978145
N20261012-S001,N20261012,2026-10-13T00:15:00Z,900,true,1.101019,0.870312,0.881454,0.976444
N20261012-S002,N20261012,2026-10-13T00:30:00Z,900,true,1.051621,0.867786,0.889924,0.952641
N20261012-S003,N20261012,2026-10-13T00:45:00Z,900,true,1.046477,0.855291,0.907074,0.980494
N20261012-S004,N20261012,2026-10-13T01:00:00Z,900,true,1.099686,0.844677,0.910295,0.935608
N20261012-S005,N20261012,2026-10-13T01:15:00Z,900,true,1.094119,0.814999,0.932869,0.953895
N20261012-S006,N20261012,2026-10-13T01:30:00Z,900,true,1.100590,0.819253,0.955041,0.985976
N20261012-S007,N20261012,2026-10-13T01:45:00Z,900,true,1.102532,0.821725,0.948372,0.921033
N20261012-S008,N20261012,2026-10-13T02:00:00Z,900,true,1.066912,0.838391,0.928425,0.925080
N20261012-S009,N20261012,2026-10-13T02:15:00Z,900,true,1.125996,0.840194,0.944608,0.902776
N20261012-S010,N20261012,2026-10-13T02:30:00Z,900,true,1.121966,0.828263,0.929332,0.922976
N20261012-S011,N20261012,2026-10-13T02:45:00Z,900,true,1.133169,0.814770,0.923006,0.941486
N20261012-S012,N20261012,2026-10-13T03:00:00Z,900,true,1.110964,0.818379,0.904771,0.992859
N20261012-S013,N20261012,2026-10-13T03:15:00Z,900,true,1.132157,0.827552,0.898425,0.933433
N20261012-S014,N20261012,2026-10-13T03:30:00Z,900,true,1.102611,0.868130,0.926609,0.903136
N20261012-S015,N20261012,2026-10-13T03:45:00Z,900,true,1.100616,0.845476,0.922092,0.960026
N20261012-S016,N20261012,2026-10-13T04:00:00Z,900,true,1.108775,0.837823,0.901799,0.993029
N20261012-S017,N20261012,2026-10-13T04:15:00Z,900,true,1.102040,0.833319,0.915689,0.920337
N20261012-S018,N20261012,2026-10-13T04:30:00Z,900,true,1.074024,0.818004,0.913813,0.950106
N20261012-S019,N20261012,2026-10-13T04:45:00Z,900,false,,,,
N20261012-S020,N20261012,2026-10-13T05:00:00Z,900,false,,,,
N20261012-S021,N20261012,2026-10-13T05:15:00Z,900,false,,,,
N20261012-S022,N20261012,2026-10-13T05:30:00Z,900,false,,,,
N20261012-S023,N20261012,2026-10-13T05:45:00Z,900,true,1.127870,0.821695,0.865485,0.957259
N20261012-S024,N20261012,2026-10-13T06:00:00Z,900,true,1.148646,0.841471,0.892757,0.963291
N20261012-S025,N20261012,2026-10-13T06:15:00Z,900,true,1.215362,0.852050,0.902403,0.991752
N20261012-S026,N20261012,2026-10-13T06:30:00Z,900,true,1.127104,0.848532,0.918261,0.972355
N20261012-S027,N20261012,2026-10-13T06:45:00Z,900,true,1.140118,0.858466,0.921074,0.908865
N20261012-S028,N20261012,2026-10-13T07:00:00Z,900,true,1.092360,0.841246,0.927872,0.912805
N20261012-S029,N20261012,2026-10-13T07:15:00Z,900,true,1.046770,0.826099,0.922265,0.981898
N20261012-S030,N20261012,2026-10-13T07:30:00Z,900,true,1.073142,0.820580,0.923280,0.967161
N20261012-S031,N20261012,2026-10-13T07:45:00Z,900,true,1.075077,0.839974,0.926003,0.946574
N20261012-S032,N20261012,2026-10-13T08:00:00Z,900,true,1.099174,0.838553,0.899329,0.996641
N20261012-S033,N20261012,2026-10-13T08:15:00Z,900,true,1.133842,0.828665,0.881945,0.985244
N20261012-S034,N20261012,2026-10-13T08:30:00Z,900,true,1.105527,0.825305,0.883933,0.948088
N20261013-S001,N20261013,2026-10-14T00:15:00Z,900,true,1.123126,0.853621,0.920903,0.985966
N20261013-S002,N20261013,2026-10-14T00:30:00Z,900,true,1.139443,0.860121,0.904686,0.967634
N20261013-S003,N20261013,2026-10-14T00:45:00Z,900,true,1.119386,0.859575,0.907454,0.921126
N20261013-S004,N20261013,2026-10-14T01:00:00Z,900,true,1.137751,0.873183,0.864822,0.925261
N20261013-S005,N20261013,2026-10-14T01:15:00Z,900,true,1.140860,0.862892,0.864734,0.946810
N20261013-S006,N20261013,2026-10-14T01:30:00Z,900,true,1.176898,0.876593,0.852658,0.902814
N20261013-S007,N20261013,2026-10-14T01:45:00Z,900,true,1.214605,0.872393,0.864465,0.948654
N20261013-S008,N20261013,2026-10-14T02:00:00Z,900,true,1.209412,0.866486,0.865684,0.973097
N20261013-S009,N20261013,2026-10-14T02:15:00Z,900,true,1.272099,0.885674,0.883608,0.900771
N20261013-S010,N20261013,2026-10-14T02:30:00Z,900,true,1.292249,0.881742,0.878725,0.906401
N20261013-S011,N20261013,2026-10-14T02:45:00Z,900,true,1.278173,0.890079,0.884220,0.962860
N20261013-S012,N20261013,2026-10-14T03:00:00Z,900,true,1.310730,0.891868,0.873216,0.929304
N20261013-S013,N20261013,2026-10-14T03:15:00Z,900,true,1.300009,0.875462,0.889807,0.989596
N20261013-S014,N20261013,2026-10-14T03:30:00Z,900,true,1.276210,0.868923,0.896414,0.905910
N20261013-S015,N20261013,2026-10-14T03:45:00Z,900,true,1.279586,0.867385,0.933362,0.937697
N20261013-S016,N20261013,2026-10-14T04:00:00Z,900,true,1.295128,0.862624,0.937795,0.946529
N20261013-S017,N20261013,2026-10-14T04:15:00Z,900,true,1.285462,0.859874,0.935395,0.989972
N20261013-S018,N20261013,2026-10-14T04:30:00Z,900,true,1.324727,0.870809,0.925106,0.930199
N20261013-S019,N20261013,2026-10-14T04:45:00Z,900,true,1.307473,0.857204,0.925085,0.987881
N20261013-S020,N20261013,2026-10-14T05:00:00Z,900,true,1.311060,0.854977,0.920928,0.918694
N20261013-S021,N20261013,2026-10-14T05:15:00Z,900,true,1.293665,0.871827,0.899585,0.954180
N20261013-S022,N20261013,2026-10-14T05:30:00Z,900,true,1.325276,0.882163,0.902521,0.957545
N20261013-S023,N20261013,2026-10-14T05:45:00Z,900,true,1.321247,0.874139,0.924587,0.905365
N20261013-S024,N20261013,2026-10-14T06:00:00Z,900,true,1.314024,0.872390,0.920908,0.930020
N20261013-S025,N20261013,2026-10-14T06:15:00Z,900,true,1.257764,0.873176,0.906682,0.983113
N20261013-S026,N20261013,2026-10-14T06:30:00Z,900,true,1.275394,0.876299,0.902752,0.939788
N20261013-S027,N20261013,2026-10-14T06:45:00Z,900,true,1.262411,0.858788,0.881888,0.911890
N20261013-S028,N20261013,2026-10-14T07:00:00Z,900,true,1.169715,0.860686,0.882212,0.959885
N20261013-S029,N20261013,2026-10-14T07:15:00Z,900,true,1.153547,0.883986,0.892650,0.997738
N20261013-S030,N20261013,2026-10-14T07:30:00Z,900,true,1.100331,0.895158,0.895330,0.979540
N20261013-S031,N20261013,2026-10-14T07:45:00Z,900,true,1.113264,0.877149,0.900795,0.936920
N20261013-S032,N20261013,2026-10-14T08:00:00Z,900,true,1.173304,0.871504,0.904218,0.956355
N20261013-S033,N20261013,2026-10-14T08:15:00Z,900,true,1.165294,0.874089,0.920366,0.949883
N20261013-S034,N20261013,2026-10-14T08:30:00Z,900,true,1.159553,0.892921,0.915284,0.979667
N20261014-S001,N20261014,2026-10-15T00:15:00Z,900,true,0.957952,0.888910,0.877681,0.927685
N20261014-S002,N20261014,2026-10-15T00:30:00Z,900,true,0.977112,0.903115,0.877022,0.907391
N20261014-S003,N20261014,2026-10-15T00:45:00Z,900,true,0.960888,0.909712,0.864551,0.918206
N20261014-S004,N20261014,2026-10-15T01:00:00Z,900,true,0.942179,0.918547,0.862493,0.968879
N20261014-S005,N20261014,2026-10-15T01:15:00Z,900,true,0.941596,0.916959,0.871829,0.924669
N20261014-S006,N20261014,2026-10-15T01:30:00Z,900,true,0.908867,0.919717,0.869986,0.971365
N20261014-S007,N20261014,2026-10-15T01:45:00Z,900,true,0.873400,0.920241,0.897232,0.965740
N20261014-S008,N20261014,2026-10-15T02:00:00Z,900,true,0.918797,0.917391,0.893360,0.951662
N20261014-S009,N20261014,2026-10-15T02:15:00Z,900,false,,,,
N20261014-S010,N20261014,2026-10-15T02:30:00Z,900,true,0.903551,0.903975,0.880702,0.948769
N20261014-S011,N20261014,2026-10-15T02:45:00Z,900,true,0.949986,0.897194,0.871174,0.954892
N20261014-S012,N20261014,2026-10-15T03:00:00Z,900,true,0.913331,0.890260,0.860740,0.909177
N20261014-S013,N20261014,2026-10-15T03:15:00Z,900,true,0.890289,0.903432,0.877725,0.921097
N20261014-S014,N20261014,2026-10-15T03:30:00Z,900,true,0.875646,0.911325,0.874504,0.985671
N20261014-S015,N20261014,2026-10-15T03:45:00Z,900,true,0.900383,0.911218,0.882423,0.954739
N20261014-S016,N20261014,2026-10-15T04:00:00Z,900,true,0.900957,0.890193,0.893304,0.925019
N20261014-S017,N20261014,2026-10-15T04:15:00Z,900,true,0.899861,0.870957,0.931454,0.926743
N20261014-S018,N20261014,2026-10-15T04:30:00Z,900,true,0.947118,0.867328,0.924068,0.939101
N20261014-S019,N20261014,2026-10-15T04:45:00Z,900,true,0.931256,0.865053,0.919993,0.979580
N20261014-S020,N20261014,2026-10-15T05:00:00Z,900,true,0.981946,0.856133,0.903533,0.982767
N20261014-S021,N20261014,2026-10-15T05:15:00Z,900,true,1.016335,0.847825,0.881400,0.948687
N20261014-S022,N20261014,2026-10-15T05:30:00Z,900,true,1.064613,0.847107,0.884658,0.971686
N20261014-S023,N20261014,2026-10-15T05:45:00Z,900,true,1.085928,0.871368,0.889088,0.938319
N20261014-S024,N20261014,2026-10-15T06:00:00Z,900,true,1.106319,0.869638,0.908128,0.973581
N20261014-S025,N20261014,2026-10-15T06:15:00Z,900,true,1.098678,0.861553,0.906833,0.929768
N20261014-S026,N20261014,2026-10-15T06:30:00Z,900,true,1.080551,0.878987,0.922990,0.947845
N20261014-S027,N20261014,2026-10-15T06:45:00Z,900,true,1.090609,0.875432,0.911759,0.950257
N20261014-S028,N20261014,2026-10-15T07:00:00Z,900,true,1.052815,0.896242,0.922340,0.999007
N20261014-S029,N20261014,2026-10-15T07:15:00Z,900,true,1.013282,0.873038,0.898462,0.958477
N20261014-S030,N20261014,2026-10-15T07:30:00Z,900,false,,,,
N20261014-S031,N20261014,2026-10-15T07:45:00Z,900,false,,,,
N20261014-S032,N20261014,2026-10-15T08:00:00Z,900,false,,,,
N20261014-S033,N20261014,2026-10-15T08:15:00Z,900,false,,,,
N20261014-S034,N20261014,2026-10-15T08:30:00Z,900,false,,,,
N20261015-S001,N20261015,2026-10-16T00:15:00Z,900,true,0.931309,0.834526,0.906085,0.910267
N20261015-S002,N20261015,2026-10-16T00:30:00Z,900,true,0.917379,0.812277,0.947371,0.962699
N20261015-S003,N20261015,2026-10-16T00:45:00Z,900,true,0.947625,0.807548,0.983450,0.959373
N20261015-S004,N20261015,2026-10-16T01:00:00Z,900,true,0.931884,0.803273,0.971675,0.947904
N20261015-S005,N20261015,2026-10-16T01:15:00Z,900,true,0.961639,0.797616,0.945379,0.967952
N20261015-S006,N20261015,2026-10-16T01:30:00Z,900,true,0.994297,0.790717,0.942745,0.902954
N20261015-S007,N20261015,2026-10-16T01:45:00Z,900,true,0.981766,0.805638,0.934407,0.931754
N20261015-S008,N20261015,2026-10-16T02:00:00Z,900,true,0.981207,0.810806,0.919792,0.906370
N20261015-S009,N20261015,2026-10-16T02:15:00Z,900,true,0.958923,0.799960,0.932101,0.950267
N20261015-S010,N20261015,2026-10-16T02:30:00Z,900,true,0.896932,0.810476,0.943064,0.912200
N20261015-S011,N20261015,2026-10-16T02:45:00Z,900,true,0.797267,0.817731,0.939918,0.949676
N20261015-S012,N20261015,2026-10-16T03:00:00Z,900,true,0.789566,0.824810,0.963077,0.955198
N20261015-S013,N20261015,2026-10-16T03:15:00Z,900,true,0.835985,0.825392,0.957520,0.964954
N20261015-S014,N20261015,2026-10-16T03:30:00Z,900,true,0.882923,0.806923,0.972531,0.905579
N20261015-S015,N20261015,2026-10-16T03:45:00Z,900,true,0.920566,0.806509,0.985685,0.935184
N20261015-S016,N20261015,2026-10-16T04:00:00Z,900,true,0.882054,0.816717,0.955919,0.934223
N20261015-S017,N20261015,2026-10-16T04:15:00Z,900,true,0.899249,0.822205,0.963173,0.976312
N20261015-S018,N20261015,2026-10-16T04:30:00Z,900,true,0.950707,0.817694,0.967427,0.932023
N20261015-S019,N20261015,2026-10-16T04:45:00Z,900,true,0.924982,0.814884,0.983672,0.964965
N20261015-S020,N20261015,2026-10-16T05:00:00Z,900,true,0.927837,0.832429,0.980399,0.987330
N20261015-S021,N20261015,2026-10-16T05:15:00Z,900,true,0.911569,0.816499,0.953583,0.925689
N20261015-S022,N20261015,2026-10-16T05:30:00Z,900,true,0.940179,0.819230,0.948985,0.915523
N20261015-S023,N20261015,2026-10-16T05:45:00Z,900,true,1.000651,0.830301,0.949124,0.922724
N20261015-S024,N20261015,2026-10-16T06:00:00Z,900,true,0.957130,0.833164,0.953464,0.991833
N20261015-S025,N20261015,2026-10-16T06:15:00Z,900,true,0.957703,0.851326,0.950421,0.964758
N20261015-S026,N20261015,2026-10-16T06:30:00Z,900,true,0.989888,0.852978,0.957865,0.963034
N20261015-S027,N20261015,2026-10-16T06:45:00Z,900,true,0.953653,0.845666,0.955020,0.956913
N20261015-S028,N20261015,2026-10-16T07:00:00Z,900,true,0.955832,0.838120,0.954181,0.912968
N20261015-S029,N20261015,2026-10-16T07:15:00Z,900,true,0.932228,0.839316,0.959139,0.907540
N20261015-S030,N20261015,2026-10-16T07:30:00Z,900,true,0.947300,0.837697,0.959121,0.976981
N20261015-S031,N20261015,2026-10-16T07:45:00Z,900,true,0.990955,0.832234,0.983705,0.989844
N20261015-S032,N20261015,2026-10-16T08:00:00Z,900,true,1.021269,0.833009,0.976841,0.988768
N20261015-S033,N20261015,2026-10-16T08:15:00Z,900,true,0.994212,0.840057,0.933677,0.958891
N20261015-S034,N20261015,2026-10-16T08:30:00Z,900,true,1.008069,0.852652,0.941327,0.995734
N20261016-S001,N20261016,2026-10-17T00:15:00Z,900,true,0.889789,0.854774,1.004306,0.973171
N20261016-S002,N20261016,2026-10-17T00:30:00Z,900,true,0.911436,0.864526,1.010657,0.911228
N20261016-S003,N20261016,2026-10-17T00:45:00Z,900,true,0.954626,0.873479,0.980414,0.926164
N20261016-S004,N20261016,2026-10-17T01:00:00Z,900,true,0.941109,0.876659,0.962396,0.973137
N20261016-S005,N20261016,2026-10-17T01:15:00Z,900,true,0.961492,0.878795,0.957768,0.987366
N20261016-S006,N20261016,2026-10-17T01:30:00Z,900,true,1.010210,0.871290,0.939280,0.906883
N20261016-S007,N20261016,2026-10-17T01:45:00Z,900,true,0.963967,0.881846,0.959137,0.978388
N20261016-S008,N20261016,2026-10-17T02:00:00Z,900,true,0.964537,0.883032,0.948483,0.945255
N20261016-S009,N20261016,2026-10-17T02:15:00Z,900,true,0.965184,0.876641,0.939333,0.986006
N20261016-S010,N20261016,2026-10-17T02:30:00Z,900,true,0.979639,0.897043,0.953170,0.937733
N20261016-S011,N20261016,2026-10-17T02:45:00Z,900,false,,,,
N20261016-S012,N20261016,2026-10-17T03:00:00Z,900,false,,,,
N20261016-S013,N20261016,2026-10-17T03:15:00Z,900,false,,,,
N20261016-S014,N20261016,2026-10-17T03:30:00Z,900,true,0.900958,0.936168,0.959389,0.903390
N20261016-S015,N20261016,2026-10-17T03:45:00Z,900,true,0.948063,0.910982,0.957463,0.992259
N20261016-S016,N20261016,2026-10-17T04:00:00Z,900,true,0.968570,0.911588,0.960782,0.936805
N20261016-S017,N20261016,2026-10-17T04:15:00Z,900,true,0.934500,0.905490,0.988522,0.933655
N20261016-S018,N20261016,2026-10-17T04:30:00Z,900,true,0.897963,0.899380,1.023289,0.916356
N20261016-S019,N20261016,2026-10-17T04:45:00Z,900,true,0.905151,0.915183,1.021980,0.975606
N20261016-S020,N20261016,2026-10-17T05:00:00Z,900,true,0.928216,0.903070,1.005841,0.916453
N20261016-S021,N20261016,2026-10-17T05:15:00Z,900,true,0.909225,0.899357,1.018203,0.934873
N20261016-S022,N20261016,2026-10-17T05:30:00Z,900,true,0.892165,0.917449,1.024215,0.984903
N20261016-S023,N20261016,2026-10-17T05:45:00Z,900,true,0.877044,0.928845,1.034082,0.910498
N20261016-S024,N20261016,2026-10-17T06:00:00Z,900,true,0.883567,0.903944,1.052789,0.993609
N20261016-S025,N20261016,2026-10-17T06:15:00Z,900,true,0.860321,0.921504,1.005910,0.955140
N20261016-S026,N20261016,2026-10-17T06:30:00Z,900,true,0.835278,0.913137,1.003465,0.998230
N20261016-S027,N20261016,2026-10-17T06:45:00Z,900,true,0.896260,0.921706,1.000416,0.952095
N20261016-S028,N20261016,2026-10-17T07:00:00Z,900,true,0.839181,0.918150,1.016478,0.903428
N20261016-S029,N20261016,2026-10-17T07:15:00Z,900,true,0.800052,0.921376,1.031568,0.959522
N20261016-S030,N20261016,2026-10-17T07:30:00Z,900,true,0.793133,0.937544,1.021038,0.974928
N20261016-S031,N20261016,2026-10-17T07:45:00Z,900,true,0.754569,0.938806,1.013529,0.912166
N20261016-S032,N20261016,2026-10-17T08:00:00Z,900,true,0.721553,0.949142,1.036686,0.980904
N20261016-S033,N20261016,2026-10-17T08:15:00Z,900,true,0.735349,0.938794,1.015191,0.935328
N20261016-S034,N20261016,2026-10-17T08:30:00Z,900,true,0.788872,0.943196,0.993150,0.912350
N20261017-S001,N20261017,2026-10-18T00:15:00Z,900,true,0.883584,0.866699,0.993824,0.993217
N20261017-S002,N20261017,2026-10-18T00:30:00Z,900,true,0.865707,0.872628,0.957295,0.952159
N20261017-S003,N20261017,2026-10-18T00:45:00Z,900,true,0.907557,0.874045,0.963241,0.941735
N20261017-S004,N20261017,2026-10-18T01:00:00Z,900,true,0.924217,0.885837,0.952605,0.944050
N20261017-S005,N20261017,2026-10-18T01:15:00Z,900,true,0.970866,0.910802,0.989426,0.900238
N20261017-S006,N20261017,2026-10-18T01:30:00Z,900,true,0.960999,0.914300,0.981593,0.946011
N20261017-S007,N20261017,2026-10-18T01:45:00Z,900,true,0.948271,0.918818,0.991662,0.959960
N20261017-S008,N20261017,2026-10-18T02:00:00Z,900,true,0.893844,0.897486,0.988705,0.909062
N20261017-S009,N20261017,2026-10-18T02:15:00Z,900,true,0.907456,0.899498,0.975062,0.921768
N20261017-S010,N20261017,2026-10-18T02:30:00Z,900,true,0.877859,0.892732,0.993895,0.981048
N20261017-S011,N20261017,2026-10-18T02:45:00Z,900,true,0.916581,0.889310,0.992099,0.969023
N20261017-S012,N20261017,2026-10-18T03:00:00Z,900,true,0.914936,0.880411,0.996309,0.910664
N20261017-S013,N20261017,2026-10-18T03:15:00Z,900,true,0.895540,0.874754,0.998541,0.913031
N20261017-S014,N20261017,2026-10-18T03:30:00Z,900,true,0.903886,0.867228,0.992853,0.943055
N20261017-S015,N20261017,2026-10-18T03:45:00Z,900,true,0.855892,0.862597,0.968892,0.940172
N20261017-S016,N20261017,2026-10-18T04:00:00Z,900,true,0.915632,0.850896,0.965866,0.951986
N20261017-S017,N20261017,2026-10-18T04:15:00Z,900,true,0.935473,0.853802,0.933139,0.999124
N20261017-S018,N20261017,2026-10-18T04:30:00Z,900,true,0.932608,0.844657,0.914905,0.982155
N20261017-S019,N20261017,2026-10-18T04:45:00Z,900,true,0.961608,0.851703,0.917857,0.974745
N20261017-S020,N20261017,2026-10-18T05:00:00Z,900,true,0.967705,0.864045,0.885706,0.971055
N20261017-S021,N20261017,2026-10-18T05:15:00Z,900,true,0.993156,0.865275,0.894270,0.986044
N20261017-S022,N20261017,2026-10-18T05:30:00Z,900,true,0.992329,0.849817,0.906450,0.978053
N20261017-S023,N20261017,2026-10-18T05:45:00Z,900,true,1.016236,0.867650,0.907385,0.955392
N20261017-S024,N20261017,2026-10-18T06:00:00Z,900,true,1.006452,0.864148,0.912737,0.984726
N20261017-S025,N20261017,2026-10-18T06:15:00Z,900,true,1.033586,0.866792,0.916646,0.924015
N20261017-S026,N20261017,2026-10-18T06:30:00Z,900,true,0.980836,0.848885,0.906353,0.977547
N20261017-S027,N20261017,2026-10-18T06:45:00Z,900,true,0.947920,0.843238,0.931597,0.918057
N20261017-S028,N20261017,2026-10-18T07:00:00Z,900,true,0.935940,0.830689,0.929508,0.966267
N20261017-S029,N20261017,2026-10-18T07:15:00Z,900,true,0.928095,0.837420,0.932801,0.974431
N20261017-S030,N20261017,2026-10-18T07:30:00Z,900,true,0.933347,0.825836,0.942173,0.981095
N20261017-S031,N20261017,2026-10-18T07:45:00Z,900,true,0.954157,0.821099,0.942704,0.926055
N20261017-S032,N20261017,2026-10-18T08:00:00Z,900,true,1.004882,0.832358,0.961491,0.928212
N20261017-S033,N20261017,2026-10-18T08:15:00Z,900,true,0.913787,0.837802,0.995547,0.975933
N20261017-S034,N20261017,2026-10-18T08:30:00Z,900,true,0.898210,0.843603,1.003910,0.923994
N20261018-S001,N20261018,2026-10-19T00:15:00Z,900,true,0.980673,0.881991,1.064315,0.985704
N20261018-S002,N20261018,2026-10-19T00:30:00Z,900,true,0.994988,0.868227,1.061527,0.935096
N20261018-S003,N20261018,2026-10-19T00:45:00Z,900,true,0.995505,0.846190,1.061459,0.995860
N20261018-S004,N20261018,2026-10-19T01:00:00Z,900,true,0.995552,0.840912,1.050748,0.943848
N20261018-S005,N20261018,2026-10-19T01:15:00Z,900,true,0.990569,0.829646,1.061872,0.910465
N20261018-S006,N20261018,2026-10-19T01:30:00Z,900,true,0.956906,0.845844,1.049565,0.922913
N20261018-S007,N20261018,2026-10-19T01:45:00Z,900,true,0.904292,0.840911,1.042162,0.941672
N20261018-S008,N20261018,2026-10-19T02:00:00Z,900,true,0.972200,0.850537,1.000202,0.957310
N20261018-S009,N20261018,2026-10-19T02:15:00Z,900,true,0.950577,0.862852,1.014284,0.964929
N20261018-S010,N20261018,2026-10-19T02:30:00Z,900,true,0.974833,0.866367,1.020510,0.901789
N20261018-S011,N20261018,2026-10-19T02:45:00Z,900,true,0.975434,0.870508,1.012189,0.978516
N20261018-S012,N20261018,2026-10-19T03:00:00Z,900,true,0.978164,0.876092,1.017686,0.937048
N20261018-S013,N20261018,2026-10-19T03:15:00Z,900,true,0.995862,0.875703,0.988251,0.912146
N20261018-S014,N20261018,2026-10-19T03:30:00Z,900,true,1.002383,0.879292,0.980776,0.942049
N20261018-S015,N20261018,2026-10-19T03:45:00Z,900,true,1.033632,0.863670,0.986573,0.959481
N20261018-S016,N20261018,2026-10-19T04:00:00Z,900,true,1.062355,0.873933,1.005798,0.922203
N20261018-S017,N20261018,2026-10-19T04:15:00Z,900,true,1.074733,0.858708,1.004237,0.985751
N20261018-S018,N20261018,2026-10-19T04:30:00Z,900,true,1.117895,0.863243,1.026686,0.953781
N20261018-S019,N20261018,2026-10-19T04:45:00Z,900,true,1.111051,0.873743,1.001159,0.986558
N20261018-S020,N20261018,2026-10-19T05:00:00Z,900,true,1.111718,0.865185,1.057062,0.923198
N20261018-S021,N20261018,2026-10-19T05:15:00Z,900,true,1.056041,0.868369,1.040517,0.912747
N20261018-S022,N20261018,2026-10-19T05:30:00Z,900,true,1.060014,0.876020,1.076982,0.963091
N20261018-S023,N20261018,2026-10-19T05:45:00Z,900,true,0.981330,0.872585,1.083992,0.987417
N20261018-S024,N20261018,2026-10-19T06:00:00Z,900,true,1.024244,0.860746,1.069192,0.971030
N20261018-S025,N20261018,2026-10-19T06:15:00Z,900,true,0.993873,0.895585,1.102079,0.928601
N20261018-S026,N20261018,2026-10-19T06:30:00Z,900,true,0.973675,0.906964,1.079261,0.914776
N20261018-S027,N20261018,2026-10-19T06:45:00Z,900,true,0.974997,0.890024,1.082321,0.947567
N20261018-S028,N20261018,2026-10-19T07:00:00Z,900,true,0.904925,0.901209,1.067940,0.914855
N20261018-S029,N20261018,2026-10-19T07:15:00Z,900,true,0.919447,0.885210,1.063045,0.940456
N20261018-S030,N20261018,2026-10-19T07:30:00Z,900,true,0.954651,0.881500,1.067400,0.902480
N20261018-S031,N20261018,2026-10-19T07:45:00Z,900,true,0.977514,0.878776,1.035693,0.942779
N20261018-S032,N20261018,2026-10-19T08:00:00Z,900,true,0.941389,0.883663,1.038931,0.993060
N20261018-S033,N20261018,2026-10-19T08:15:00Z,900,true,0.892404,0.905050,1.041471,0.962230
N20261018-S034,N20261018,2026-10-19T08:30:00Z,900,true,0.913889,0.910597,1.023211,0.979323
N20261019-S001,N20261019,2026-10-20T00:15:00Z,900,true,0.939069,0.924872,0.955362,0.919198
N20261019-S002,N20261019,2026-10-20T00:30:00Z,900,true,0.878115,0.913426,0.924819,0.954458
N20261019-S003,N20261019,2026-10-20T00:45:00Z,900,true,0.860626,0.912406,0.925594,0.990557
N20261019-S004,N20261019,2026-10-20T01:00:00Z,900,true,0.868102,0.927016,0.908063,0.909061
N20261019-S005,N20261019,2026-10-20T01:15:00Z,900,true,0.850419,0.932478,0.929738,0.937018
N20261019-S006,N20261019,2026-10-20T01:30:00Z,900,true,0.827054,0.925661,0.952585,0.957758
N20261019-S007,N20261019,2026-10-20T01:45:00Z,900,true,0.884654,0.936390,0.968544,0.921342
N20261019-S008,N20261019,2026-10-20T02:00:00Z,900,true,0.887330,0.949347,0.944787,0.993405
N20261019-S009,N20261019,2026-10-20T02:15:00Z,900,true,0.890830,0.948132,0.965966,0.911982
N20261019-S010,N20261019,2026-10-20T02:30:00Z,900,true,0.890358,0.942086,0.954017,0.993896
N20261019-S011,N20261019,2026-10-20T02:45:00Z,900,true,0.875842,0.940463,0.960076,0.933237
N20261019-S012,N20261019,2026-10-20T03:00:00Z,900,true,0.872213,0.961758,0.923406,0.958871
N20261019-S013,N20261019,2026-10-20T03:15:00Z,900,true,0.905438,0.959025,0.913969,0.947762
N20261019-S014,N20261019,2026-10-20T03:30:00Z,900,true,0.978375,0.954608,0.925066,0.972583
N20261019-S015,N20261019,2026-10-20T03:45:00Z,900,true,0.971983,0.958422,0.942497,0.922186
N20261019-S016,N20261019,2026-10-20T04:00:00Z,900,true,1.012358,0.942145,0.947846,0.991859
N20261019-S017,N20261019,2026-10-20T04:15:00Z,900,true,1.031709,0.930608,0.947243,0.910743
N20261019-S018,N20261019,2026-10-20T04:30:00Z,900,true,0.985578,0.936012,0.951106,0.955700
N20261019-S019,N20261019,2026-10-20T04:45:00Z,900,true,1.021717,0.931899,0.958330,0.949509
N20261019-S020,N20261019,2026-10-20T05:00:00Z,900,true,0.993479,0.927834,0.949149,0.901275
N20261019-S021,N20261019,2026-10-20T05:15:00Z,900,true,0.976914,0.910847,0.964381,0.929423
N20261019-S022,N20261019,2026-10-20T05:30:00Z,900,true,0.973424,0.887038,0.935642,0.938614
N20261019-S023,N20261019,2026-10-20T05:45:00Z,900,false,,,,
N20261019-S024,N20261019,2026-10-20T06:00:00Z,900,true,1.036683,0.877630,0.914855,0.995675
N20261019-S025,N20261019,2026-10-20T06:15:00Z,900,true,1.013727,0.884256,0.904425,0.910586
N20261019-S026,N20261019,2026-10-20T06:30:00Z,900,true,0.970009,0.878831,0.922209,0.901169
N20261019-S027,N20261019,2026-10-20T06:45:00Z,900,true,0.983940,0.872493,0.916147,0.993058
N20261019-S028,N20261019,2026-10-20T07:00:00Z,900,true,0.953972,0.871638,0.938878,0.907564
N20261019-S029,N20261019,2026-10-20T07:15:00Z,900,true,0.916454,0.877687,0.953806,0.958071
N20261019-S030,N20261019,2026-10-20T07:30:00Z,900,true,0.896893,0.902198,0.944008,0.932593
N20261019-S031,N20261019,2026-10-20T07:45:00Z,900,true,0.920824,0.894228,0.936456,0.979705
N20261019-S032,N20261019,2026-10-20T08:00:00Z,900,true,0.885391,0.910738,0.935789,0.961203
N20261019-S033,N20261019,2026-10-20T08:15:00Z,900,true,0.866476,0.889180,0.936651,0.997927
N20261020-S001,N20261020,2026-10-21T00:15:00Z,900,true,1.115072,0.823439,1.039602,0.949534
N20261020-S002,N20261020,2026-10-21T00:30:00Z,900,true,1.087711,0.842595,1.056649,0.996871
N20261020-S003,N20261020,2026-10-21T00:45:00Z,900,true,1.093362,0.833880,1.032248,0.987589
N20261020-S004,N20261020,2026-10-21T01:00:00Z,900,true,1.134072,0.811395,1.036837,0.940207
N20261020-S005,N20261020,2026-10-21T01:15:00Z,900,false,,,,
N20261020-S006,N20261020,2026-10-21T01:30:00Z,900,false,,,,
N20261020-S007,N20261020,2026-10-21T01:45:00Z,900,false,,,,
N20261020-S008,N20261020,2026-10-21T02:00:00Z,900,false,,,,
N20261020-S009,N20261020,2026-10-21T02:15:00Z,900,true,1.046501,0.807314,1.038834,0.960801
N20261020-S010,N20261020,2026-10-21T02:30:00Z,900,true,1.026819,0.824435,1.027780,0.977590
N20261020-S011,N20261020,2026-10-21T02:45:00Z,900,true,1.049842,0.824281,1.018185,0.900293
N20261020-S012,N20261020,2026-10-21T03:00:00Z,900,true,1.084150,0.819521,1.062040,0.977853
N20261020-S013,N20261020,2026-10-21T03:15:00Z,900,true,1.096951,0.800688,1.060381,0.922162
N20261020-S014,N20261020,2026-10-21T03:30:00Z,900,true,1.117160,0.796048,1.065766,0.925922
N20261020-S015,N20261020,2026-10-21T03:45:00Z,900,true,1.106912,0.780722,1.047191,0.951238
N20261020-S016,N20261020,2026-10-21T04:00:00Z,900,true,1.101752,0.786969,1.050324,0.997717
N20261020-S017,N20261020,2026-10-21T04:15:00Z,900,true,1.134300,0.781719,1.031071,0.985361
N20261020-S018,N20261020,2026-10-21T04:30:00Z,900,true,1.105840,0.782171,1.063585,0.967868
N20261020-S019,N20261020,2026-10-21T04:45:00Z,900,true,1.079442,0.792367,1.041860,0.938239
N20261020-S020,N20261020,2026-10-21T05:00:00Z,900,true,1.091387,0.796636,1.056967,0.989590
N20261020-S021,N20261020,2026-10-21T05:15:00Z,900,true,1.040625,0.815898,1.048637,0.952122
N20261020-S022,N20261020,2026-10-21T05:30:00Z,900,true,1.061914,0.842478,1.024474,0.971023
N20261020-S023,N20261020,2026-10-21T05:45:00Z,900,true,1.130928,0.832217,1.012728,0.906469
N20261020-S024,N20261020,2026-10-21T06:00:00Z,900,true,1.132603,0.848430,1.004516,0.913596
N20261020-S025,N20261020,2026-10-21T06:15:00Z,900,true,1.096776,0.847633,1.045657,0.942509
N20261020-S026,N20261020,2026-10-21T06:30:00Z,900,true,1.108341,0.854357,1.065408,0.900072
N20261020-S027,N20261020,2026-10-21T06:45:00Z,900,true,1.077757,0.834381,1.041979,0.928574
N20261020-S028,N20261020,2026-10-21T07:00:00Z,900,true,1.072175,0.837521,1.024142,0.949522
N20261020-S029,N20261020,2026-10-21T07:15:00Z,900,true,1.047480,0.831067,1.025014,0.910793
N20261020-S030,N20261020,2026-10-21T07:30:00Z,900,true,1.094691,0.840125,1.022183,0.998639
N20261020-S031,N20261020,2026-10-21T07:45:00Z,900,true,1.030526,0.821462,1.040733,0.908007
N20261020-S032,N20261020,2026-10-21T08:00:00Z,900,true,0.985419,0.823337,1.056294,0.926992
N20261020-S033,N20261020,2026-10-21T08:15:00Z,900,true,1.026383,0.839171,1.057273,0.920810
N20261021-S001,N20261021,2026-10-22T00:15:00Z,900,true,0.903474,0.822364,1.063767,0.901841
N20261021-S002,N20261021,2026-10-22T00:30:00Z,900,true,0.886324,0.813527,1.055545,0.949382
N20261021-S003,N20261021,2026-10-22T00:45:00Z,900,true,0.915229,0.810630,1.051176,0.941222
N20261021-S004,N20261021,2026-10-22T01:00:00Z,900,true,0.914923,0.801481,1.059975,0.926127
N20261021-S005,N20261021,2026-10-22T01:15:00Z,900,true,0.977595,0.821413,1.076200,0.985279
N20261021-S006,N20261021,2026-10-22T01:30:00Z,900,true,0.991242,0.807436,1.080473,0.940423
N20261021-S007,N20261021,2026-10-22T01:45:00Z,900,true,1.011693,0.824840,1.072458,0.986030
N20261021-S008,N20261021,2026-10-22T02:00:00Z,900,true,0.940881,0.820994,1.083115,0.962802
N20261021-S009,N20261021,2026-10-22T02:15:00Z,900,true,0.980831,0.809479,1.078242,0.954034
N20261021-S010,N20261021,2026-10-22T02:30:00Z,900,true,0.951750,0.804749,1.088308,0.951566
N20261021-S011,N20261021,2026-10-22T02:45:00Z,900,true,0.951410,0.822731,1.067323,0.988913
N20261021-S012,N20261021,2026-10-22T03:00:00Z,900,true,0.935820,0.842858,1.059169,0.918329
N20261021-S013,N20261021,2026-10-22T03:15:00Z,900,true,0.924433,0.860560,1.048744,0.971593
N20261021-S014,N20261021,2026-10-22T03:30:00Z,900,true,0.936505,0.872185,1.044688,0.957022
N20261021-S015,N20261021,2026-10-22T03:45:00Z,900,true,0.936225,0.860153,1.020116,0.914151
N20261021-S016,N20261021,2026-10-22T04:00:00Z,900,true,0.952354,0.847841,1.039512,0.952982
N20261021-S017,N20261021,2026-10-22T04:15:00Z,900,true,0.946724,0.823339,1.012633,0.922335
N20261021-S018,N20261021,2026-10-22T04:30:00Z,900,true,0.942892,0.828973,1.026195,0.932504
N20261021-S019,N20261021,2026-10-22T04:45:00Z,900,true,0.968010,0.808259,1.010739,0.947796
N20261021-S020,N20261021,2026-10-22T05:00:00Z,900,true,0.953300,0.834740,1.029625,0.912553
N20261021-S021,N20261021,2026-10-22T05:15:00Z,900,true,0.887738,0.821592,1.012398,0.968139
N20261021-S022,N20261021,2026-10-22T05:30:00Z,900,true,0.922136,0.822504,1.014947,0.964095
N20261021-S023,N20261021,2026-10-22T05:45:00Z,900,true,0.894207,0.825034,0.987999,0.906268
N20261021-S024,N20261021,2026-10-22T06:00:00Z,900,true,0.896725,0.802825,0.964097,0.908643
N20261021-S025,N20261021,2026-10-22T06:15:00Z,900,true,0.934916,0.801553,0.997717,0.909527
N20261021-S026,N20261021,2026-10-22T06:30:00Z,900,true,0.920568,0.816635,0.997881,0.917960
N20261021-S027,N20261021,2026-10-22T06:45:00Z,900,true,0.948208,0.812326,1.015694,0.932169
N20261021-S028,N20261021,2026-10-22T07:00:00Z,900,true,0.927071,0.807347,1.003881,0.996196
N20261021-S029,N20261021,2026-10-22T07:15:00Z,900,true,1.007891,0.816058,1.008341,0.970857
N20261021-S030,N20261021,2026-10-22T07:30:00Z,900,true,0.981149,0.811353,0.999419,0.900649
N20261021-S031,N20261021,2026-10-22T07:45:00Z,900,true,1.012117,0.820827,0.987538,0.938694
N20261021-S032,N20261021,2026-10-22T08:00:00Z,900,true,1.008723,0.811274,1.004134,0.931128
N20261021-S033,N20261021,2026-10-22T08:15:00Z,900,true,1.033002,0.778708,1.039127,0.982609
N20261022-S001,N20261022,2026-10-23T00:15:00Z,900,true,1.044395,0.743052,1.031660,0.916740
N20261022-S002,N20261022,2026-10-23T00:30:00Z,900,true,0.993578,0.744537,1.037441,0.959200
N20261022-S003,N20261022,2026-10-23T00:45:00Z,900,true,1.024451,0.758122,1.046661,0.953379
N20261022-S004,N20261022,2026-10-23T01:00:00Z,900,true,1.103390,0.771284,1.052967,0.992205
N20261022-S005,N20261022,2026-10-23T01:15:00Z,900,true,1.125628,0.782071,1.066270,0.954784
N20261022-S006,N20261022,2026-10-23T01:30:00Z,900,true,1.159992,0.795228,1.086867,0.980813
N20261022-S007,N20261022,2026-10-23T01:45:00Z,900,true,1.173993,0.800858,1.080371,0.926805
N20261022-S008,N20261022,2026-10-23T02:00:00Z,900,true,1.106760,0.785527,1.093095,0.977552
N20261022-S009,N20261022,2026-10-23T02:15:00Z,900,true,1.082400,0.777931,1.119927,0.944411
N20261022-S010,N20261022,2026-10-23T02:30:00Z,900,true,1.034355,0.777511,1.102687,0.978566
N20261022-S011,N20261022,2026-10-23T02:45:00Z,900,true,1.034933,0.765972,1.088079,0.945781
N20261022-S012,N20261022,2026-10-23T03:00:00Z,900,true,1.041099,0.755933,1.094375,0.910671
N20261022-S013,N20261022,2026-10-23T03:15:00Z,900,true,1.079606,0.756829,1.073083,0.915411
N20261022-S014,N20261022,2026-10-23T03:30:00Z,900,true,1.067363,0.765064,1.057584,0.962338
N20261022-S015,N20261022,2026-10-23T03:45:00Z,900,true,1.040568,0.767061,1.019481,0.956710
N20261022-S016,N20261022,2026-10-23T04:00:00Z,900,true,1.010277,0.756538,1.040235,0.948998
N20261022-S017,N20261022,2026-10-23T04:15:00Z,900,true,1.051313,0.754278,1.041639,0.915948
N20261022-S018,N20261022,2026-10-23T04:30:00Z,900,true,1.044953,0.741955,1.043885,0.932302
N20261022-S019,N20261022,2026-10-23T04:45:00Z,900,true,1.042205,0.719938,1.057183,0.908957
N20261022-S020,N20261022,2026-10-23T05:00:00Z,900,true,1.038157,0.728473,1.036805,0.907795
N20261022-S021,N20261022,2026-10-23T05:15:00Z,900,true,1.055638,0.730865,1.071107,0.947920
N20261022-S022,N20261022,2026-10-23T05:30:00Z,900,true,1.011343,0.754216,1.090523,0.908977
N20261022-S023,N20261022,2026-10-23T05:45:00Z,900,true,1.032898,0.748523,1.052856,0.989364
N20261022-S024,N20261022,2026-10-23T06:00:00Z,900,true,0.994010,0.758928,1.035729,0.939310
N20261022-S025,N20261022,2026-10-23T06:15:00Z,900,true,1.014692,0.765490,1.064697,0.961998
N20261022-S026,N20261022,2026-10-23T06:30:00Z,900,true,1.046407,0.750853,1.071230,0.960011
N20261022-S027,N20261022,2026-10-23T06:45:00Z,900,true,0.985992,0.743009,1.081985,0.973263
N20261022-S028,N20261022,2026-10-23T07:00:00Z,900,true,1.038951,0.755712,1.042027,0.997496
N20261022-S029,N20261022,2026-10-23T07:15:00Z,900,true,1.049974,0.753904,1.023577,0.975922
N20261022-S030,N20261022,2026-10-23T07:30:00Z,900,true,1.025982,0.746968,1.008666,0.995144
N20261022-S031,N20261022,2026-10-23T07:45:00Z,900,true,1.022315,0.749848,0.995689,0.981815
N20261022-S032,N20261022,2026-10-23T08:00:00Z,900,true,1.048679,0.759276,1.042531,0.938890
N20261022-S033,N20261022,2026-10-23T08:15:00Z,900,true,1.084170,0.775690,1.037427,0.961732
N20261023-S001,N20261023,2026-10-24T00:15:00Z,900,true,1.054416,0.796135,1.052458,0.903887
N20261023-S002,N20261023,2026-10-24T00:30:00Z,900,true,1.062904,0.805308,1.058306,0.901370
N20261023-S003,N20261023,2026-10-24T00:45:00Z,900,true,1.068514,0.788392,1.064844,0.917906
N20261023-S004,N20261023,2026-10-24T01:00:00Z,900,true,1.032551,0.797564,1.065110,0.981511
N20261023-S005,N20261023,2026-10-24T01:15:00Z,900,true,0.988841,0.792703,1.068870,0.918428
N20261023-S006,N20261023,2026-10-24T01:30:00Z,900,true,1.029119,0.806263,1.057223,0.925517
N20261023-S007,N20261023,2026-10-24T01:45:00Z,900,true,1.022130,0.782213,1.040102,0.972141
N20261023-S008,N20261023,2026-10-24T02:00:00Z,900,true,1.006427,0.788972,1.044674,0.923655
N20261023-S009,N20261023,2026-10-24T02:15:00Z,900,true,1.031749,0.798340,1.044850,0.984054
N20261023-S010,N20261023,2026-10-24T02:30:00Z,900,true,1.074251,0.771456,1.054807,0.987393
N20261023-S011,N20261023,2026-10-24T02:45:00Z,900,true,1.055082,0.766324,1.051033,0.958022
N20261023-S012,N20261023,2026-10-24T03:00:00Z,900,true,1.052737,0.768606,1.073937,0.924796
N20261023-S013,N20261023,2026-10-24T03:15:00Z,900,true,1.058849,0.779959,1.049333,0.981552
N20261023-S014,N20261023,2026-10-24T03:30:00Z,900,true,1.012182,0.790591,1.052259,0.930589
N20261023-S015,N20261023,2026-10-24T03:45:00Z,900,true,1.031141,0.785115,1.052368,0.951858
N20261023-S016,N20261023,2026-10-24T04:00:00Z,900,true,1.070974,0.780451,1.031102,0.971566
N20261023-S017,N20261023,2026-10-24T04:15:00Z,900,true,1.140133,0.786294,1.018224,0.928117
N20261023-S018,N20261023,2026-10-24T04:30:00Z,900,true,1.124570,0.803413,1.035347,0.932198
N20261023-S019,N20261023,2026-10-24T04:45:00Z,900,true,1.130593,0.796289,1.038747,0.916876
N20261023-S020,N20261023,2026-10-24T05:00:00Z,900,true,1.208404,0.777428,1.038798,0.932056
N20261023-S021,N20261023,2026-10-24T05:15:00Z,900,true,1.145132,0.783495,1.016601,0.996855
N20261023-S022,N20261023,2026-10-24T05:30:00Z,900,true,1.116164,0.794021,1.030963,0.960133
N20261023-S023,N20261023,2026-10-24T05:45:00Z,900,true,1.108910,0.791329,1.039929,0.970756
N20261023-S024,N20261023,2026-10-24T06:00:00Z,900,true,1.158734,0.762342,1.025138,0.962968
N20261023-S025,N20261023,2026-10-24T06:15:00Z,900,true,1.146848,0.764066,1.027653,0.994800
N20261023-S026,N20261023,2026-10-24T06:30:00Z,900,true,1.137225,0.760316,1.049797,0.984612
N20261023-S027,N20261023,2026-10-24T06:45:00Z,900,true,1.137232,0.767858,1.065317,0.926912
N20261023-S028,N20261023,2026-10-24T07:00:00Z,900,true,1.180211,0.772585,1.090053,0.937779
N20261023-S029,N20261023,2026-10-24T07:15:00Z,900,true,1.235956,0.767090,1.082360,0.936137
N20261023-S030,N20261023,2026-10-24T07:30:00Z,900,true,1.197678,0.753015,1.082118,0.939273
N20261023-S031,N20261023,2026-10-24T07:45:00Z,900,true,1.177134,0.770509,1.066144,0.971218
N20261023-S032,N20261023,2026-10-24T08:00:00Z,900,true,1.180714,0.786023,1.053179,0.972741
N20261023-S033,N20261023,2026-10-24T08:15:00Z,900,true,1.086047,0.771474,1.065213,0.928724
N20261024-S001,N20261024,2026-10-25T00:15:00Z,900,true,1.134785,0.787605,0.957331,0.957062
N20261024-S002,N20261024,2026-10-25T00:30:00Z,900,true,1.177824,0.787656,0.966241,0.935117
N20261024-S003,N20261024,2026-10-25T00:45:00Z,900,true,1.148698,0.786749,0.949569,0.963307
N20261024-S004,N20261024,2026-10-25T01:00:00Z,900,true,1.141841,0.782742,0.963093,0.962907
N20261024-S005,N20261024,2026-10-25T01:15:00Z,900,true,1.134150,0.782136,0.980092,0.994304
N20261024-S006,N20261024,2026-10-25T01:30:00Z,900,false,,,,
N20261024-S007,N20261024,2026-10-25T01:45:00Z,900,true,1.161518,0.763616,0.997446,0.963587
N20261024-S008,N20261024,2026-10-25T02:00:00Z,900,true,1.104334,0.766200,0.993834,0.913102
N20261024-S009,N20261024,2026-10-25T02:15:00Z,900,true,1.113311,0.769283,0.980381,0.902566
N20261024-S010,N20261024,2026-10-25T02:30:00Z,900,true,1.095453,0.763812,0.991358,0.962233
N20261024-S011,N20261024,2026-10-25T02:45:00Z,900,false,,,,
N20261024-S012,N20261024,2026-10-25T03:00:00Z,900,true,1.069234,0.785629,0.945089,0.992307
N20261024-S013,N20261024,2026-10-25T03:15:00Z,900,true,1.099224,0.797128,0.953715,0.962646
N20261024-S014,N20261024,2026-10-25T03:30:00Z,900,true,1.103294,0.801535,0.934082,0.941321
N20261024-S015,N20261024,2026-10-25T03:45:00Z,900,true,1.142228,0.792577,0.921112,0.974836
N20261024-S016,N20261024,2026-10-25T04:00:00Z,900,true,1.108982,0.791722,0.911158,0.971022
N20261024-S017,N20261024,2026-10-25T04:15:00Z,900,true,1.133451,0.806516,0.916500,0.956520
N20261024-S018,N20261024,2026-10-25T04:30:00Z,900,true,1.115693,0.807728,0.922902,0.997008
N20261024-S019,N20261024,2026-10-25T04:45:00Z,900,true,1.141548,0.815953,0.945975,0.954859
N20261024-S020,N20261024,2026-10-25T05:00:00Z,900,true,1.110256,0.812284,0.955847,0.997873
N20261024-S021,N20261024,2026-10-25T05:15:00Z,900,true,1.060719,0.803360,0.942108,0.957710
N20261024-S022,N20261024,2026-10-25T05:30:00Z,900,true,1.065587,0.792385,0.947613,0.900122
N20261024-S023,N20261024,2026-10-25T05:45:00Z,900,true,1.068925,0.776223,0.946363,0.929619
N20261024-S024,N20261024,2026-10-25T06:00:00Z,900,true,1.151443,0.787850,0.946410,0.926374
N20261024-S025,N20261024,2026-10-25T06:15:00Z,900,true,1.137845,0.773556,0.944003,0.998733
N20261024-S026,N20261024,2026-10-25T06:30:00Z,900,true,1.150134,0.790320,0.945729,0.958210
N20261024-S027,N20261024,2026-10-25T06:45:00Z,900,true,1.209038,0.798597,0.968961,0.974895
N20261024-S028,N20261024,2026-10-25T07:00:00Z,900,true,1.201889,0.793330,0.947143,0.959310
N20261024-S029,N20261024,2026-10-25T07:15:00Z,900,true,1.208966,0.806721,0.936565,0.922991
N20261024-S030,N20261024,2026-10-25T07:30:00Z,900,true,1.181467,0.830863,0.927660,0.960840
N20261024-S031,N20261024,2026-10-25T07:45:00Z,900,true,1.142056,0.853002,0.961215,0.946571
N20261024-S032,N20261024,2026-10-25T08:00:00Z,900,true,1.112935,0.865480,0.967921,0.981448
N20261024-S033,N20261024,2026-10-25T08:15:00Z,900,true,1.123260,0.857214,0.952588,0.949201
N20261025-S001,N20261025,2026-10-26T00:15:00Z,900,true,1.323896,0.863167,0.894618,0.971188
N20261025-S002,N20261025,2026-10-26T00:30:00Z,900,true,1.284161,0.894412,0.900933,0.938924
N20261025-S003,N20261025,2026-10-26T00:45:00Z,900,true,1.202065,0.889882,0.905867,0.936649
N20261025-S004,N20261025,2026-10-26T01:00:00Z,900,true,1.232540,0.887096,0.884737,0.985329
N20261025-S005,N20261025,2026-10-26T01:15:00Z,900,true,1.272892,0.879467,0.881715,0.981379
N20261025-S006,N20261025,2026-10-26T01:30:00Z,900,true,1.231855,0.866139,0.870077,0.900666
N20261025-S007,N20261025,2026-10-26T01:45:00Z,900,true,1.284444,0.869201,0.876674,0.994116
N20261025-S008,N20261025,2026-10-26T02:00:00Z,900,true,1.262486,0.861389,0.845353,0.912676
N20261025-S009,N20261025,2026-10-26T02:15:00Z,900,true,1.269337,0.873855,0.862268,0.970592
N20261025-S010,N20261025,2026-10-26T02:30:00Z,900,true,1.268696,0.865717,0.859546,0.931756
N20261025-S011,N20261025,2026-10-26T02:45:00Z,900,true,1.238560,0.871114,0.849741,0.929880
N20261025-S012,N20261025,2026-10-26T03:00:00Z,900,true,1.245554,0.874593,0.844769,0.921389
N20261025-S013,N20261025,2026-10-26T03:15:00Z,900,true,1.192494,0.864537,0.847527,0.986035
N20261025-S014,N20261025,2026-10-26T03:30:00Z,900,true,1.179752,0.857557,0.875865,0.973463
N20261025-S015,N20261025,2026-10-26T03:45:00Z,900,true,1.228188,0.847356,0.897586,0.997652
N20261025-S016,N20261025,2026-10-26T04:00:00Z,900,true,1.191429,0.846218,0.923075,0.932364
N20261025-S017,N20261025,2026-10-26T04:15:00Z,900,true,1.247615,0.853412,0.904174,0.921204
N20261025-S018,N20261025,2026-10-26T04:30:00Z,900,true,1.276934,0.891822,0.903373,0.974807
N20261025-S019,N20261025,2026-10-26T04:45:00Z,900,true,1.289012,0.885882,0.888446,0.910682
N20261025-S020,N20261025,2026-10-26T05:00:00Z,900,true,1.281195,0.887329,0.887675,0.927564
N20261025-S021,N20261025,2026-10-26T05:15:00Z,900,true,1.197046,0.871527,0.853277,0.927912
N20261025-S022,N20261025,2026-10-26T05:30:00Z,900,true,1.160370,0.856381,0.876001,0.978602
N20261025-S023,N20261025,2026-10-26T05:45:00Z,900,true,1.124742,0.870454,0.848383,0.908895
N20261025-S024,N20261025,2026-10-26T06:00:00Z,900,true,1.181887,0.863556,0.868873,0.937450
N20261025-S025,N20261025,2026-10-26T06:15:00Z,900,true,1.215132,0.871086,0.881176,0.984000
N20261025-S026,N20261025,2026-10-26T06:30:00Z,900,true,1.203821,0.864525,0.875698,0.994783
N20261025-S027,N20261025,2026-10-26T06:45:00Z,900,true,1.203008,0.870228,0.890539,0.997314
N20261025-S028,N20261025,2026-10-26T07:00:00Z,900,true,1.208509,0.875490,0.891528,0.928218
N20261025-S029,N20261025,2026-10-26T07:15:00Z,900,true,1.194331,0.872275,0.868918,0.911205
N20261025-S030,N20261025,2026-10-26T07:30:00Z,900,true,1.257860,0.875100,0.876991,0.906072
N20261025-S031,N20261025,2026-10-26T07:45:00Z,900,true,1.280319,0.888642,0.874853,0.952015
N20261025-S032,N20261025,2026-10-26T08:00:00Z,900,true,1.279476,0.863671,0.876335,0.950104
N20261025-S033,N20261025,2026-10-26T08:15:00Z,900,true,1.298618,0.871336,0.876599,0.978313
N20261026-S001,N20261026,2026-10-27T00:15:00Z,900,true,1.276879,0.871899,0.865314,0.966046
N20261026-S002,N20261026,2026-10-27T00:30:00Z,900,true,1.281543,0.882364,0.863997,0.988481
N20261026-S003,N20261026,2026-10-27T00:45:00Z,900,true,1.294738,0.875138,0.884304,0.996357
N20261026-S004,N20261026,2026-10-27T01:00:00Z,900,true,1.270840,0.876261,0.879479,0.986099
N20261026-S005,N20261026,2026-10-27T01:15:00Z,900,true,1.277181,0.869323,0.878262,0.937339
N20261026-S006,N20261026,2026-10-27T01:30:00Z,900,true,1.236199,0.870872,0.875135,0.953602
N20261026-S007,N20261026,2026-10-27T01:45:00Z,900,true,1.236689,0.870910,0.859745,0.914645
N20261026-S008,N20261026,2026-10-27T02:00:00Z,900,true,1.201487,0.875948,0.854509,0.918218
N20261026-S009,N20261026,2026-10-27T02:15:00Z,900,true,1.170189,0.887542,0.822470,0.900120
N20261026-S010,N20261026,2026-10-27T02:30:00Z,900,true,1.202242,0.861078,0.788856,0.939076
N20261026-S011,N20261026,2026-10-27T02:45:00Z,900,true,1.244918,0.879268,0.813061,0.928465
N20261026-S012,N20261026,2026-10-27T03:00:00Z,900,true,1.291803,0.870194,0.819532,0.979398
N20261026-S013,N20261026,2026-10-27T03:15:00Z,900,true,1.276475,0.861891,0.827710,0.903327
N20261026-S014,N20261026,2026-10-27T03:30:00Z,900,true,1.289796,0.856121,0.847455,0.908834
N20261026-S015,N20261026,2026-10-27T03:45:00Z,900,true,1.262417,0.887483,0.860624,0.950676
N20261026-S016,N20261026,2026-10-27T04:00:00Z,900,true,1.272301,0.872830,0.870772,0.951206
N20261026-S017,N20261026,2026-10-27T04:15:00Z,900,true,1.234104,0.851820,0.874771,0.931046
N20261026-S018,N20261026,2026-10-27T04:30:00Z,900,true,1.220839,0.881499,0.877048,0.949461
N20261026-S019,N20261026,2026-10-27T04:45:00Z,900,true,1.247607,0.894856,0.878397,0.952089
N20261026-S020,N20261026,2026-10-27T05:00:00Z,900,true,1.265030,0.890313,0.871016,0.933138
N20261026-S021,N20261026,2026-10-27T05:15:00Z,900,true,1.254851,0.887253,0.894566,0.998975
N20261026-S022,N20261026,2026-10-27T05:30:00Z,900,true,1.272738,0.891358,0.865278,0.942385
N20261026-S023,N20261026,2026-10-27T05:45:00Z,900,true,1.224200,0.884450,0.856387,0.926934
N20261026-S024,N20261026,2026-10-27T06:00:00Z,900,true,1.208618,0.904177,0.852678,0.905676
N20261026-S025,N20261026,2026-10-27T06:15:00Z,900,true,1.251474,0.900273,0.868806,0.966264
N20261026-S026,N20261026,2026-10-27T06:30:00Z,900,true,1.314583,0.892124,0.849950,0.988236
N20261026-S027,N20261026,2026-10-27T06:45:00Z,900,true,1.360523,0.894136,0.861231,0.968069
N20261026-S028,N20261026,2026-10-27T07:00:00Z,900,true,1.338125,0.902531,0.889222,0.945259
N20261026-S029,N20261026,2026-10-27T07:15:00Z,900,true,1.306438,0.862349,0.910280,0.972044
N20261026-S030,N20261026,2026-10-27T07:30:00Z,900,true,1.375171,0.813920,0.916115,0.998127
N20261026-S031,N20261026,2026-10-27T07:45:00Z,900,true,1.327312,0.833066,0.904430,0.980392
N20261026-S032,N20261026,2026-10-27T08:00:00Z,900,true,1.311404,0.851708,0.895003,0.936267
N20261026-S033,N20261026,2026-10-27T08:15:00Z,900,true,1.249853,0.850345,0.891189,0.976208
N20261027-S001,N20261027,2026-10-28T00:15:00Z,900,true,1.290023,0.847263,0.930168,0.948718
N20261027-S002,N20261027,2026-10-28T00:30:00Z,900,true,1.313745,0.832756,0.930433,0.945378
N20261027-S003,N20261027,2026-10-28T00:45:00Z,900,true,1.322544,0.849406,0.956694,0.960706
N20261027-S004,N20261027,2026-10-28T01:00:00Z,900,true,1.311349,0.835047,0.944383,0.954011
N20261027-S005,N20261027,2026-10-28T01:15:00Z,900,true,1.332712,0.833854,0.958122,0.985366
N20261027-S006,N20261027,2026-10-28T01:30:00Z,900,true,1.331067,0.836013,0.948461,0.998042
N20261027-S007,N20261027,2026-10-28T01:45:00Z,900,true,1.325963,0.821462,0.931501,0.933166
N20261027-S008,N20261027,2026-10-28T02:00:00Z,900,true,1.315957,0.822824,0.911685,0.978024
N20261027-S009,N20261027,2026-10-28T02:15:00Z,900,true,1.354116,0.823692,0.885126,0.982006
N20261027-S010,N20261027,2026-10-28T02:30:00Z,900,true,1.307066,0.852238,0.881934,0.948270
N20261027-S011,N20261027,2026-10-28T02:45:00Z,900,true,1.296748,0.842943,0.888846,0.939857
N20261027-S012,N20261027,2026-10-28T03:00:00Z,900,true,1.288847,0.854265,0.894865,0.976836
N20261027-S013,N20261027,2026-10-28T03:15:00Z,900,true,1.318075,0.838708,0.894208,0.925081
N20261027-S014,N20261027,2026-10-28T03:30:00Z,900,true,1.290806,0.843207,0.877201,0.956275
N20261027-S015,N20261027,2026-10-28T03:45:00Z,900,true,1.287805,0.843936,0.877696,0.908132
N20261027-S016,N20261027,2026-10-28T04:00:00Z,900,true,1.312432,0.846122,0.920861,0.941578
N20261027-S017,N20261027,2026-10-28T04:15:00Z,900,true,1.329875,0.843873,0.913709,0.928709
N20261027-S018,N20261027,2026-10-28T04:30:00Z,900,true,1.379523,0.850731,0.906249,0.993622
N20261027-S019,N20261027,2026-10-28T04:45:00Z,900,true,1.348603,0.848035,0.921923,0.955090
N20261027-S020,N20261027,2026-10-28T05:00:00Z,900,true,1.354918,0.851675,0.912377,0.962119
N20261027-S021,N20261027,2026-10-28T05:15:00Z,900,true,1.464035,0.847248,0.914959,0.942331
N20261027-S022,N20261027,2026-10-28T05:30:00Z,900,true,1.416290,0.855862,0.910691,0.989280
N20261027-S023,N20261027,2026-10-28T05:45:00Z,900,true,1.385025,0.861578,0.903108,0.959944
N20261027-S024,N20261027,2026-10-28T06:00:00Z,900,true,1.457067,0.874006,0.873427,0.989345
N20261027-S025,N20261027,2026-10-28T06:15:00Z,900,true,1.407847,0.870768,0.882257,0.925042
N20261027-S026,N20261027,2026-10-28T06:30:00Z,900,true,1.405982,0.872422,0.904123,0.967609
N20261027-S027,N20261027,2026-10-28T06:45:00Z,900,true,1.413382,0.882611,0.914250,0.918711
N20261027-S028,N20261027,2026-10-28T07:00:00Z,900,true,1.376856,0.855599,0.888086,0.925163
N20261027-S029,N20261027,2026-10-28T07:15:00Z,900,true,1.391121,0.864392,0.884326,0.989750
N20261027-S030,N20261027,2026-10-28T07:30:00Z,900,true,1.430168,0.883503,0.888978,0.917709
N20261027-S031,N20261027,2026-10-28T07:45:00Z,900,true,1.439247,0.880755,0.876017,0.913585
N20261027-S032,N20261027,2026-10-28T08:00:00Z,900,true,1.390668,0.885721,0.873868,0.915739
N20261027-S033,N20261027,2026-10-28T08:15:00Z,900,true,1.321081,0.873027,0.880082,0.930394
N20261028-S001,N20261028,2026-10-29T00:15:00Z,900,true,1.317569,0.892960,0.999336,0.924577
N20261028-S002,N20261028,2026-10-29T00:30:00Z,900,true,1.347889,0.895407,0.979680,0.935117
N20261028-S003,N20261028,2026-10-29T00:45:00Z,900,true,1.315914,0.894045,0.951469,0.942439
N20261028-S004,N20261028,2026-10-29T01:00:00Z,900,true,1.286965,0.892289,0.969888,0.941011
N20261028-S005,N20261028,2026-10-29T01:15:00Z,900,true,1.273030,0.863013,0.968456,0.908865
N20261028-S006,N20261028,2026-10-29T01:30:00Z,900,true,1.261160,0.888747,0.997113,0.962759
N20261028-S007,N20261028,2026-10-29T01:45:00Z,900,true,1.232637,0.903651,1.018040,0.916460
N20261028-S008,N20261028,2026-10-29T02:00:00Z,900,true,1.312424,0.910258,1.006487,0.988923
N20261028-S009,N20261028,2026-10-29T02:15:00Z,900,true,1.330494,0.895818,0.992064,0.957580
N20261028-S010,N20261028,2026-10-29T02:30:00Z,900,true,1.360298,0.875844,1.002646,0.932441
N20261028-S011,N20261028,2026-10-29T02:45:00Z,900,true,1.400069,0.886580,0.989803,0.968218
N20261028-S012,N20261028,2026-10-29T03:00:00Z,900,true,1.431743,0.874542,0.970802,0.963670
N20261028-S013,N20261028,2026-10-29T03:15:00Z,900,true,1.391360,0.880510,0.961044,0.997758
N20261028-S014,N20261028,2026-10-29T03:30:00Z,900,true,1.349531,0.901218,0.988207,0.999197
N20261028-S015,N20261028,2026-10-29T03:45:00Z,900,true,1.326364,0.885057,1.014257,0.953169
N20261028-S016,N20261028,2026-10-29T04:00:00Z,900,true,1.312834,0.895742,1.006448,0.955509
N20261028-S017,N20261028,2026-10-29T04:15:00Z,900,true,1.340822,0.899629,0.996810,0.992332
N20261028-S018,N20261028,2026-10-29T04:30:00Z,900,true,1.359672,0.916494,0.976290,0.945242
N20261028-S019,N20261028,2026-10-29T04:45:00Z,900,true,1.334908,0.919822,0.991861,0.971341
N20261028-S020,N20261028,2026-10-29T05:00:00Z,900,true,1.323850,0.911706,0.991974,0.958409
N20261028-S021,N20261028,2026-10-29T05:15:00Z,900,true,1.288871,0.893678,1.014521,0.944824
N20261028-S022,N20261028,2026-10-29T05:30:00Z,900,true,1.281859,0.892513,1.019767,0.948052
N20261028-S023,N20261028,2026-10-29T05:45:00Z,900,true,1.283433,0.889649,1.010531,0.983198
N20261028-S024,N20261028,2026-10-29T06:00:00Z,900,true,1.261234,0.882747,1.010774,0.932291
N20261028-S025,N20261028,2026-10-29T06:15:00Z,900,true,1.266703,0.889451,0.998614,0.938015
N20261028-S026,N20261028,2026-10-29T06:30:00Z,900,true,1.345907,0.862712,0.971481,0.957672
N20261028-S027,N20261028,2026-10-29T06:45:00Z,900,true,1.368444,0.854688,0.990844,0.971550
N20261028-S028,N20261028,2026-10-29T07:00:00Z,900,true,1.375265,0.871768,1.024241,0.970430
N20261028-S029,N20261028,2026-10-29T07:15:00Z,900,true,1.342921,0.869321,1.025742,0.937131
N20261028-S030,N20261028,2026-10-29T07:30:00Z,900,true,1.344692,0.879621,1.008414,0.936078
N20261028-S031,N20261028,2026-10-29T07:45:00Z,900,true,1.391783,0.901232,1.025955,0.983479
N20261028-S032,N20261028,2026-10-29T08:00:00Z,900,true,1.338220,0.896509,1.052146,0.939623
N20261028-S033,N20261028,2026-10-29T08:15:00Z,900,true,1.305958,0.903929,1.036540,0.957873
N20261029-S001,N20261029,2026-10-30T00:30:00Z,900,true,1.395543,0.825175,1.021508,0.966493
N20261029-S002,N20261029,2026-10-30T00:45:00Z,900,true,1.387308,0.809654,1.032624,0.973518
N20261029-S003,N20261029,2026-10-30T01:00:00Z,900,true,1.333288,0.808353,1.030564,0.979022
N20261029-S004,N20261029,2026-10-30T01:15:00Z,900,true,1.339341,0.810560,1.029878,0.944729
N20261029-S005,N20261029,2026-10-30T01:30:00Z,900,true,1.385469,0.802644,1.019965,0.927554
N20261029-S006,N20261029,2026-10-30T01:45:00Z,900,true,1.420153,0.801395,1.033243,0.906991
N20261029-S007,N20261029,2026-10-30T02:00:00Z,900,true,1.432659,0.800617,1.065981,0.924938
N20261029-S008,N20261029,2026-10-30T02:15:00Z,900,true,1.391071,0.811026,1.052379,0.986008
N20261029-S009,N20261029,2026-10-30T02:30:00Z,900,true,1.350222,0.813132,1.081461,0.937916
N20261029-S010,N20261029,2026-10-30T02:45:00Z,900,true,1.326304,0.823884,1.063898,0.932907
N20261029-S011,N20261029,2026-10-30T03:00:00Z,900,true,1.321896,0.812577,1.035957,0.911582
N20261029-S012,N20261029,2026-10-30T03:15:00Z,900,true,1.383992,0.819844,1.064135,0.974254
N20261029-S013,N20261029,2026-10-30T03:30:00Z,900,true,1.372457,0.816656,1.068544,0.903348
N20261029-S014,N20261029,2026-10-30T03:45:00Z,900,true,1.424910,0.814221,1.081140,0.957934
N20261029-S015,N20261029,2026-10-30T04:00:00Z,900,true,1.413338,0.809625,1.085876,0.947504
N20261029-S016,N20261029,2026-10-30T04:15:00Z,900,true,1.391272,0.793154,1.077859,0.942605
N20261029-S017,N20261029,2026-10-30T04:30:00Z,900,true,1.410928,0.781257,1.093312,0.953279
N20261029-S018,N20261029,2026-10-30T04:45:00Z,900,true,1.371333,0.781253,1.078920,0.925989
N20261029-S019,N20261029,2026-10-30T05:00:00Z,900,true,1.399544,0.777527,1.079096,0.914166
N20261029-S020,N20261029,2026-10-30T05:15:00Z,900,true,1.346636,0.783114,1.065649,0.912318
N20261029-S021,N20261029,2026-10-30T05:30:00Z,900,true,1.367513,0.796431,1.076372,0.940256
N20261029-S022,N20261029,2026-10-30T05:45:00Z,900,true,1.394204,0.798191,1.076750,0.946418
N20261029-S023,N20261029,2026-10-30T06:00:00Z,900,true,1.400214,0.800532,1.089305,0.993323
N20261029-S024,N20261029,2026-10-30T06:15:00Z,900,true,1.370701,0.817169,1.089950,0.997877
N20261029-S025,N20261029,2026-10-30T06:30:00Z,900,true,1.345822,0.823133,1.095819,0.922756
N20261029-S026,N20261029,2026-10-30T06:45:00Z,900,true,1.377521,0.826478,1.094689,0.969420
N20261029-S027,N20261029,2026-10-30T07:00:00Z,900,true,1.328560,0.829271,1.053643,0.915012
N20261029-S028,N20261029,2026-10-30T07:15:00Z,900,true,1.305864,0.837116,1.062877,0.914217
N20261029-S029,N20261029,2026-10-30T07:30:00Z,900,true,1.348314,0.830061,1.033835,0.988894
N20261029-S030,N20261029,2026-10-30T07:45:00Z,900,true,1.397267,0.833266,1.036368,0.977409
N20261029-S031,N20261029,2026-10-30T08:00:00Z,900,true,1.404939,0.851188,1.044515,0.947769
N20261029-S032,N20261029,2026-10-30T08:15:00Z,900,true,1.432622,0.839708,1.023535,0.910045
N20261030-S001,N20261030,2026-10-31T00:30:00Z,900,true,1.377610,0.840221,0.952590,0.955531
N20261030-S002,N20261030,2026-10-31T00:45:00Z,900,true,1.351222,0.840197,0.927961,0.978316
N20261030-S003,N20261030,2026-10-31T01:00:00Z,900,true,1.371509,0.843794,0.930186,0.919180
N20261030-S004,N20261030,2026-10-31T01:15:00Z,900,true,1.338481,0.842122,0.940070,0.995197
N20261030-S005,N20261030,2026-10-31T01:30:00Z,900,true,1.308654,0.828111,0.932887,0.931290
N20261030-S006,N20261030,2026-10-31T01:45:00Z,900,true,1.271188,0.825561,0.933198,0.912663
N20261030-S007,N20261030,2026-10-31T02:00:00Z,900,true,1.262904,0.832891,0.944929,0.901563
N20261030-S008,N20261030,2026-10-31T02:15:00Z,900,true,1.280089,0.841362,0.949192,0.966356
N20261030-S009,N20261030,2026-10-31T02:30:00Z,900,true,1.241872,0.853666,0.967334,0.935323
N20261030-S010,N20261030,2026-10-31T02:45:00Z,900,true,1.222830,0.861609,0.967128,0.900970
N20261030-S011,N20261030,2026-10-31T03:00:00Z,900,true,1.276456,0.871080,0.952248,0.978220
N20261030-S012,N20261030,2026-10-31T03:15:00Z,900,true,1.279218,0.870585,0.961831,0.926798
N20261030-S013,N20261030,2026-10-31T03:30:00Z,900,true,1.282726,0.879277,0.965277,0.917672
N20261030-S014,N20261030,2026-10-31T03:45:00Z,900,true,1.301591,0.867650,0.961911,0.947126
N20261030-S015,N20261030,2026-10-31T04:00:00Z,900,true,1.264969,0.850026,0.955214,0.944450
N20261030-S016,N20261030,2026-10-31T04:15:00Z,900,true,1.297494,0.846712,0.956023,0.930340
N20261030-S017,N20261030,2026-10-31T04:30:00Z,900,true,1.321916,0.839380,0.947929,0.953983
N20261030-S018,N20261030,2026-10-31T04:45:00Z,900,true,1.294192,0.832796,0.948823,0.940350
N20261030-S019,N20261030,2026-10-31T05:00:00Z,900,true,1.321374,0.833725,0.961033,0.938054
N20261030-S020,N20261030,2026-10-31T05:15:00Z,900,true,1.324122,0.829368,0.983591,0.978032
N20261030-S021,N20261030,2026-10-31T05:30:00Z,900,true,1.427366,0.820311,0.988025,0.905749
N20261030-S022,N20261030,2026-10-31T05:45:00Z,900,true,1.446744,0.820019,0.988332,0.982989
N20261030-S023,N20261030,2026-10-31T06:00:00Z,900,true,1.485299,0.801981,0.993884,0.946730
N20261030-S024,N20261030,2026-10-31T06:15:00Z,900,true,1.492038,0.801537,1.012889,0.984562
N20261030-S025,N20261030,2026-10-31T06:30:00Z,900,true,1.444766,0.800895,1.031048,0.909463
N20261030-S026,N20261030,2026-10-31T06:45:00Z,900,true,1.488498,0.781601,1.026535,0.957665
N20261030-S027,N20261030,2026-10-31T07:00:00Z,900,true,1.456075,0.792613,1.006653,0.954384
N20261030-S028,N20261030,2026-10-31T07:15:00Z,900,true,1.410494,0.782508,1.028698,0.920144
N20261030-S029,N20261030,2026-10-31T07:30:00Z,900,true,1.407835,0.828736,0.997813,0.911634
N20261030-S030,N20261030,2026-10-31T07:45:00Z,900,true,1.374792,0.820916,0.997047,0.908354
N20261030-S031,N20261030,2026-10-31T08:00:00Z,900,true,1.377339,0.826410,0.984256,0.972634
N20261030-S032,N20261030,2026-10-31T08:15:00Z,900,true,1.388934,0.838264,0.989860,0.953548
N20261031-S001,N20261031,2026-11-01T00:30:00Z,900,true,1.160164,0.820028,0.801015,0.979936
N20261031-S002,N20261031,2026-11-01T00:45:00Z,900,true,1.237637,0.816781,0.816704,0.999423
N20261031-S003,N20261031,2026-11-01T01:00:00Z,900,true,1.207406,0.833881,0.817056,0.952368
N20261031-S004,N20261031,2026-11-01T01:15:00Z,900,true,1.200303,0.817633,0.782988,0.965647
N20261031-S005,N20261031,2026-11-01T01:30:00Z,900,true,1.207727,0.811615,0.787393,0.910634
N20261031-S006,N20261031,2026-11-01T01:45:00Z,900,true,1.184427,0.824272,0.789401,0.982608
N20261031-S007,N20261031,2026-11-01T02:00:00Z,900,true,1.166139,0.811768,0.797985,0.923743
N20261031-S008,N20261031,2026-11-01T02:15:00Z,900,true,1.192491,0.829559,0.795006,0.940598
N20261031-S009,N20261031,2026-11-01T02:30:00Z,900,true,1.156568,0.825192,0.796568,0.906807
N20261031-S010,N20261031,2026-11-01T02:45:00Z,900,true,1.236876,0.828285,0.786724,0.965508
N20261031-S011,N20261031,2026-11-01T03:00:00Z,900,true,1.220043,0.805755,0.788552,0.996752
N20261031-S012,N20261031,2026-11-01T03:15:00Z,900,false,,,,
N20261031-S013,N20261031,2026-11-01T03:30:00Z,900,true,1.209975,0.800476,0.853737,0.965291
N20261031-S014,N20261031,2026-11-01T03:45:00Z,900,true,1.208267,0.795420,0.828011,0.961601
N20261031-S015,N20261031,2026-11-01T04:00:00Z,900,true,1.156837,0.781002,0.814401,0.971371
N20261031-S016,N20261031,2026-11-01T04:15:00Z,900,true,1.160918,0.776804,0.821985,0.918105
N20261031-S017,N20261031,2026-11-01T04:30:00Z,900,true,1.161511,0.783722,0.821724,0.939673
N20261031-S018,N20261031,2026-11-01T04:45:00Z,900,true,1.128757,0.788718,0.831890,0.974514
N20261031-S019,N20261031,2026-11-01T05:00:00Z,900,true,1.184875,0.791140,0.806157,0.910143
N20261031-S020,N20261031,2026-11-01T05:15:00Z,900,true,1.166328,0.802263,0.787806,0.985261
N20261031-S021,N20261031,2026-11-01T05:30:00Z,900,true,1.202195,0.789163,0.778562,0.955669
N20261031-S022,N20261031,2026-11-01T05:45:00Z,900,true,1.118442,0.782972,0.760812,0.918630
N20261031-S023,N20261031,2026-11-01T06:00:00Z,900,true,1.067490,0.773079,0.776774,0.900261
N20261031-S024,N20261031,2026-11-01T06:15:00Z,900,true,1.069834,0.781010,0.779505,0.921383
N20261031-S025,N20261031,2026-11-01T06:30:00Z,900,true,1.146207,0.773560,0.785632,0.971662
N20261031-S026,N20261031,2026-11-01T06:45:00Z,900,true,1.141143,0.787895,0.777566,0.956742
N20261031-S027,N20261031,2026-11-01T07:00:00Z,900,true,1.125421,0.780743,0.778198,0.954817
N20261031-S028,N20261031,2026-11-01T07:15:00Z,900,true,1.107443,0.790420,0.775309,0.998529
N20261031-S029,N20261031,2026-11-01T07:30:00Z,900,true,1.161963,0.803257,0.761522,0.953787
N20261031-S030,N20261031,2026-11-01T07:45:00Z,900,true,1.101330,0.817230,0.744254,0.965747
N20261031-S031,N20261031,2026-11-01T08:00:00Z,900,true,1.093097,0.801209,0.760324,0.906370
N20261031-S032,N20261031,2026-11-01T08:15:00Z,900,false,,,,
N20261101-S001,N20261101,2026-11-02T00:30:00Z,900,true,1.416038,0.842325,0.800447,0.924139
N20261101-S002,N20261101,2026-11-02T00:45:00Z,900,true,1.381832,0.834337,0.813969,0.923197
N20261101-S003,N20261101,2026-11-02T01:00:00Z,900,true,1.403286,0.842994,0.802895,0.911090
N20261101-S004,N20261101,2026-11-02T01:15:00Z,900,true,1.396609,0.828576,0.801574,0.995524
N20261101-S005,N20261101,2026-11-02T01:30:00Z,900,true,1.407812,0.826919,0.788661,0.915353
N20261101-S006,N20261101,2026-11-02T01:45:00Z,900,true,1.388338,0.830949,0.775224,0.980416
N20261101-S007,N20261101,2026-11-02T02:00:00Z,900,true,1.432634,0.823369,0.796919,0.901474
N20261101-S008,N20261101,2026-11-02T02:15:00Z,900,true,1.400567,0.846887,0.788149,0.929133
N20261101-S009,N20261101,2026-11-02T02:30:00Z,900,true,1.403536,0.844401,0.797985,0.932565
N20261101-S010,N20261101,2026-11-02T02:45:00Z,900,true,1.410333,0.862903,0.785623,0.948301
N20261101-S011,N20261101,2026-11-02T03:00:00Z,900,true,1.395677,0.873675,0.781409,0.965991
N20261101-S012,N20261101,2026-11-02T03:15:00Z,900,true,1.393625,0.869358,0.763337,0.957148
N20261101-S013,N20261101,2026-11-02T03:30:00Z,900,true,1.426968,0.855950,0.762485,0.979722
N20261101-S014,N20261101,2026-11-02T03:45:00Z,900,true,1.412223,0.848239,0.763860,0.906057
N20261101-S015,N20261101,2026-11-02T04:00:00Z,900,true,1.389725,0.840865,0.760881,0.946141
N20261101-S016,N20261101,2026-11-02T04:15:00Z,900,true,1.417693,0.864254,0.754673,0.909350
N20261101-S017,N20261101,2026-11-02T04:30:00Z,900,true,1.421407,0.869554,0.768754,0.978435
N20261101-S018,N20261101,2026-11-02T04:45:00Z,900,true,1.422542,0.877589,0.790019,0.935444
N20261101-S019,N20261101,2026-11-02T05:00:00Z,900,true,1.416987,0.883626,0.806559,0.981602
N20261101-S020,N20261101,2026-11-02T05:15:00Z,900,true,1.382592,0.882364,0.816961,0.978483
N20261101-S021,N20261101,2026-11-02T05:30:00Z,900,true,1.382706,0.860860,0.852442,0.969300
N20261101-S022,N20261101,2026-11-02T05:45:00Z,900,true,1.359857,0.852853,0.841378,0.934147
N20261101-S023,N20261101,2026-11-02T06:00:00Z,900,true,1.384606,0.855376,0.815622,0.968566
N20261101-S024,N20261101,2026-11-02T06:15:00Z,900,true,1.401643,0.855293,0.824132,0.916793
N20261101-S025,N20261101,2026-11-02T06:30:00Z,900,true,1.370127,0.838895,0.802916,0.946222
N20261101-S026,N20261101,2026-11-02T06:45:00Z,900,true,1.364454,0.838508,0.794794,0.981641
N20261101-S027,N20261101,2026-11-02T07:00:00Z,900,true,1.423310,0.829765,0.808757,0.945020
N20261101-S028,N20261101,2026-11-02T07:15:00Z,900,true,1.464082,0.832419,0.819428,0.989625
N20261101-S029,N20261101,2026-11-02T07:30:00Z,900,true,1.422760,0.846188,0.816041,0.994277
N20261101-S030,N20261101,2026-11-02T07:45:00Z,900,true,1.398274,0.842243,0.808366,0.989377
N20261101-S031,N20261101,2026-11-02T08:00:00Z,900,true,1.448218,0.848031,0.833710,0.949988
N20261101-S032,N20261101,2026-11-02T08:15:00Z,900,true,1.445339,0.849685,0.855087,0.950799
N20261102-S001,N20261102,2026-11-03T00:30:00Z,900,true,1.396293,0.796152,0.915314,0.929788
N20261102-S002,N20261102,2026-11-03T00:45:00Z,900,true,1.438110,0.803271,0.905818,0.931474
N20261102-S003,N20261102,2026-11-03T01:00:00Z,900,true,1.408732,0.793470,0.900816,0.943105
N20261102-S004,N20261102,2026-11-03T01:15:00Z,900,true,1.398930,0.813568,0.900844,0.928836
N20261102-S005,N20261102,2026-11-03T01:30:00Z,900,true,1.418751,0.812750,0.886123,0.970405
N20261102-S006,N20261102,2026-11-03T01:45:00Z,900,true,1.396385,0.806658,0.897341,0.900505
N20261102-S007,N20261102,2026-11-03T02:00:00Z,900,true,1.382230,0.803977,0.915011,0.910598
N20261102-S008,N20261102,2026-11-03T02:15:00Z,900,true,1.432209,0.806341,0.914244,0.930108
N20261102-S009,N20261102,2026-11-03T02:30:00Z,900,true,1.436356,0.811184,0.900153,0.956390
N20261102-S010,N20261102,2026-11-03T02:45:00Z,900,true,1.443951,0.816863,0.901627,0.964304
N20261102-S011,N20261102,2026-11-03T03:00:00Z,900,true,1.465495,0.828341,0.894777,0.981289
N20261102-S012,N20261102,2026-11-03T03:15:00Z,900,true,1.475407,0.813612,0.907928,0.904549
N20261102-S013,N20261102,2026-11-03T03:30:00Z,900,true,1.477753,0.823090,0.908049,0.915568
N20261102-S014,N20261102,2026-11-03T03:45:00Z,900,true,1.467776,0.817860,0.872526,0.995188
N20261102-S015,N20261102,2026-11-03T04:00:00Z,900,true,1.503614,0.819758,0.823827,0.901550
N20261102-S016,N20261102,2026-11-03T04:15:00Z,900,true,1.487494,0.817921,0.843020,0.947902
N20261102-S017,N20261102,2026-11-03T04:30:00Z,900,true,1.428951,0.813569,0.826246,0.998491
N20261102-S018,N20261102,2026-11-03T04:45:00Z,900,true,1.401997,0.829067,0.856573,0.908835
N20261102-S019,N20261102,2026-11-03T05:00:00Z,900,true,1.419558,0.826087,0.850315,0.976122
N20261102-S020,N20261102,2026-11-03T05:15:00Z,900,true,1.382324,0.812685,0.856710,0.950270
N20261102-S021,N20261102,2026-11-03T05:30:00Z,900,true,1.436083,0.813352,0.839286,0.934800
N20261102-S022,N20261102,2026-11-03T05:45:00Z,900,true,1.477700,0.844445,0.804799,0.950408
N20261102-S023,N20261102,2026-11-03T06:00:00Z,900,true,1.459264,0.839972,0.853745,0.912288
N20261102-S024,N20261102,2026-11-03T06:15:00Z,900,true,1.380519,0.832031,0.840684,0.971588
N20261102-S025,N20261102,2026-11-03T06:30:00Z,900,true,1.349397,0.833419,0.847145,0.913021
N20261102-S026,N20261102,2026-11-03T06:45:00Z,900,true,1.385229,0.822731,0.856680,0.903091
N20261102-S027,N20261102,2026-11-03T07:00:00Z,900,true,1.381884,0.812037,0.871929,0.948734
N20261102-S028,N20261102,2026-11-03T07:15:00Z,900,true,1.421915,0.815818,0.874792,0.941047
N20261102-S029,N20261102,2026-11-03T07:30:00Z,900,true,1.425294,0.806208,0.876143,0.979855
N20261102-S030,N20261102,2026-11-03T07:45:00Z,900,true,1.407880,0.820179,0.886289,0.921469
N20261102-S031,N20261102,2026-11-03T08:00:00Z,900,true,1.452570,0.801701,0.880995,0.965867
N20261102-S032,N20261102,2026-11-03T08:15:00Z,900,true,1.442912,0.808235,0.863006,0.910702
N20261103-S001,N20261103,2026-11-04T00:30:00Z,900,true,1.429662,0.780906,0.916356,0.978492
N20261103-S002,N20261103,2026-11-04T00:45:00Z,900,true,1.411531,0.787849,0.915285,0.900136
N20261103-S003,N20261103,2026-11-04T01:00:00Z,900,true,1.444628,0.806043,0.905763,0.962109
N20261103-S004,N20261103,2026-11-04T01:15:00Z,900,true,1.456596,0.806932,0.913638,0.995314
N20261103-S005,N20261103,2026-11-04T01:30:00Z,900,true,1.479360,0.802791,0.914185,0.902105
N20261103-S006,N20261103,2026-11-04T01:45:00Z,900,true,1.498187,0.814358,0.907767,0.963955
N20261103-S007,N20261103,2026-11-04T02:00:00Z,900,true,1.473851,0.805536,0.922968,0.992560
N20261103-S008,N20261103,2026-11-04T02:15:00Z,900,true,1.418449,0.812663,0.928725,0.992586
N20261103-S009,N20261103,2026-11-04T02:30:00Z,900,true,1.402236,0.823239,0.903294,0.931612
N20261103-S010,N20261103,2026-11-04T02:45:00Z,900,true,1.361813,0.825595,0.938990,0.959117
N20261103-S011,N20261103,2026-11-04T03:00:00Z,900,true,1.378513,0.829607,0.945278,0.989393
N20261103-S012,N20261103,2026-11-04T03:15:00Z,900,true,1.417544,0.810732,0.971658,0.981344
N20261103-S013,N20261103,2026-11-04T03:30:00Z,900,true,1.475814,0.813364,0.937838,0.988016
N20261103-S014,N20261103,2026-11-04T03:45:00Z,900,true,1.480349,0.789054,0.950245,0.919984
N20261103-S015,N20261103,2026-11-04T04:00:00Z,900,true,1.436031,0.792081,0.964642,0.940268
N20261103-S016,N20261103,2026-11-04T04:15:00Z,900,true,1.453404,0.775733,0.943989,0.999690
N20261103-S017,N20261103,2026-11-04T04:30:00Z,900,true,1.431914,0.769640,0.929674,0.977618
N20261103-S018,N20261103,2026-11-04T04:45:00Z,900,true,1.427266,0.777163,0.917044,0.960691
N20261103-S019,N20261103,2026-11-04T05:00:00Z,900,true,1.484097,0.785369,0.941587,0.984239
N20261103-S020,N20261103,2026-11-04T05:15:00Z,900,true,1.468236,0.772143,0.915873,0.987114
N20261103-S021,N20261103,2026-11-04T05:30:00Z,900,true,1.468215,0.787737,0.948580,0.952673
N20261103-S022,N20261103,2026-11-04T05:45:00Z,900,true,1.452724,0.793952,0.939615,0.996953
N20261103-S023,N20261103,2026-11-04T06:00:00Z,900,true,1.472534,0.798207,0.935976,0.969484
N20261103-S024,N20261103,2026-11-04T06:15:00Z,900,true,1.546139,0.789049,0.951351,0.953071
N20261103-S025,N20261103,2026-11-04T06:30:00Z,900,true,1.547973,0.791370,0.965550,0.987419
N20261103-S026,N20261103,2026-11-04T06:45:00Z,900,true,1.591901,0.778390,0.966620,0.974037
N20261103-S027,N20261103,2026-11-04T07:00:00Z,900,true,1.548217,0.766444,0.982508,0.904733
N20261103-S028,N20261103,2026-11-04T07:15:00Z,900,true,1.544313,0.763509,1.008810,0.902435
N20261103-S029,N20261103,2026-11-04T07:30:00Z,900,true,1.515249,0.766398,0.990918,0.974921
N20261103-S030,N20261103,2026-11-04T07:45:00Z,900,true,1.495968,0.756925,0.965501,0.936186
N20261103-S031,N20261103,2026-11-04T08:00:00Z,900,true,1.490595,0.757446,0.953793,0.936197
N20261103-S032,N20261103,2026-11-04T08:15:00Z,900,true,1.452630,0.773669,0.941976,0.967468
N20261104-S001,N20261104,2026-11-05T00:30:00Z,900,true,1.328309,0.767666,0.899793,0.940400
N20261104-S002,N20261104,2026-11-05T00:45:00Z,900,true,1.371561,0.750141,0.891925,0.921885
N20261104-S003,N20261104,2026-11-05T01:00:00Z,900,true,1.375408,0.774335,0.892885,0.924949
N20261104-S004,N20261104,2026-11-05T01:15:00Z,900,true,1.391186,0.777734,0.863652,0.918910
N20261104-S005,N20261104,2026-11-05T01:30:00Z,900,true,1.345140,0.779491,0.858770,0.969706
N20261104-S006,N20261104,2026-11-05T01:45:00Z,900,true,1.351826,0.772178,0.855507,0.982185
N20261104-S007,N20261104,2026-11-05T02:00:00Z,900,true,1.357144,0.763252,0.872920,0.971927
N20261104-S008,N20261104,2026-11-05T02:15:00Z,900,true,1.337988,0.776146,0.869458,0.968005
N20261104-S009,N20261104,2026-11-05T02:30:00Z,900,true,1.294365,0.781640,0.859804,0.998629
N20261104-S010,N20261104,2026-11-05T02:45:00Z,900,true,1.264037,0.763025,0.842948,0.982322
N20261104-S011,N20261104,2026-11-05T03:00:00Z,900,true,1.255562,0.748890,0.840279,0.914445
N20261104-S012,N20261104,2026-11-05T03:15:00Z,900,true,1.260986,0.735855,0.840675,0.993578
N20261104-S013,N20261104,2026-11-05T03:30:00Z,900,true,1.313952,0.729358,0.836661,0.915022
N20261104-S014,N20261104,2026-11-05T03:45:00Z,900,true,1.299853,0.723638,0.862605,0.995087
N20261104-S015,N20261104,2026-11-05T04:00:00Z,900,false,,,,
N20261104-S016,N20261104,2026-11-05T04:15:00Z,900,false,,,,
N20261104-S017,N20261104,2026-11-05T04:30:00Z,900,true,1.256136,0.736008,0.861736,0.914256
N20261104-S018,N20261104,2026-11-05T04:45:00Z,900,true,1.302454,0.730383,0.855543,0.210297
N20261104-S019,N20261104,2026-11-05T05:00:00Z,900,true,1.315068,0.742791,0.871031,0.208475
N20261104-S020,N20261104,2026-11-05T05:15:00Z,900,true,1.287317,0.750319,0.872912,0.199065
N20261104-S021,N20261104,2026-11-05T05:30:00Z,900,true,1.320690,0.768183,0.886311,0.195203
N20261104-S022,N20261104,2026-11-05T05:45:00Z,900,true,1.352070,0.779461,0.906292,0.208889
N20261104-S023,N20261104,2026-11-05T06:00:00Z,900,true,1.325020,0.774184,0.903316,0.192517
N20261104-S024,N20261104,2026-11-05T06:15:00Z,900,true,1.329902,0.774357,0.888543,0.206288
N20261104-S025,N20261104,2026-11-05T06:30:00Z,900,true,1.350945,0.775405,0.895055,0.197004
N20261104-S026,N20261104,2026-11-05T06:45:00Z,900,true,1.331739,0.801592,0.891961,0.204441
N20261104-S027,N20261104,2026-11-05T07:00:00Z,900,true,1.326373,0.784165,0.871188,0.193179
N20261104-S028,N20261104,2026-11-05T07:15:00Z,900,true,1.332594,0.790658,0.890490,0.192917
N20261104-S029,N20261104,2026-11-05T07:30:00Z,900,true,1.366507,0.786573,0.907894,0.202007
N20261104-S030,N20261104,2026-11-05T07:45:00Z,900,true,1.312230,0.770282,0.890684,0.207760
N20261104-S031,N20261104,2026-11-05T08:00:00Z,900,true,1.310938,0.780943,0.895036,0.204374
N20261105-S001,N20261105,2026-11-06T00:30:00Z,900,true,1.247236,0.769062,1.062815,0.347965
N20261105-S002,N20261105,2026-11-06T00:45:00Z,900,true,1.236719,0.777307,1.044918,0.359944
N20261105-S003,N20261105,2026-11-06T01:00:00Z,900,true,1.264245,0.779686,1.039525,0.347873
N20261105-S004,N20261105,2026-11-06T01:15:00Z,900,true,1.298508,0.784335,1.041484,0.385485
N20261105-S005,N20261105,2026-11-06T01:30:00Z,900,true,1.252878,0.794193,1.023564,0.347784
N20261105-S006,N20261105,2026-11-06T01:45:00Z,900,true,1.241697,0.804600,1.037071,0.350327
N20261105-S007,N20261105,2026-11-06T02:00:00Z,900,true,1.221720,0.802645,1.039457,0.358255
N20261105-S008,N20261105,2026-11-06T02:15:00Z,900,true,1.239494,0.811897,1.023839,0.362504
N20261105-S009,N20261105,2026-11-06T02:30:00Z,900,true,1.272926,0.813835,1.022401,0.353602
N20261105-S010,N20261105,2026-11-06T02:45:00Z,900,true,1.295555,0.823325,1.025681,0.383990
N20261105-S011,N20261105,2026-11-06T03:00:00Z,900,true,1.283230,0.810069,1.073013,0.347719
N20261105-S012,N20261105,2026-11-06T03:15:00Z,900,true,1.280221,0.828683,1.065840,0.349614
N20261105-S013,N20261105,2026-11-06T03:30:00Z,900,true,1.346638,0.830984,1.073215,0.348339
N20261105-S014,N20261105,2026-11-06T03:45:00Z,900,true,1.357685,0.848208,1.070782,0.356820
N20261105-S015,N20261105,2026-11-06T04:00:00Z,900,true,1.360468,0.830717,1.040531,0.365478
N20261105-S016,N20261105,2026-11-06T04:15:00Z,900,true,1.375212,0.811269,1.058932,0.385567
N20261105-S017,N20261105,2026-11-06T04:30:00Z,900,true,1.321749,0.806364,1.089195,0.380717
N20261105-S018,N20261105,2026-11-06T04:45:00Z,900,true,1.315038,0.804160,1.086200,0.368233
N20261105-S019,N20261105,2026-11-06T05:00:00Z,900,true,1.282368,0.800706,1.053184,0.360670
N20261105-S020,N20261105,2026-11-06T05:15:00Z,900,true,1.264952,0.796532,1.082328,0.358343
N20261105-S021,N20261105,2026-11-06T05:30:00Z,900,true,1.196565,0.814125,1.058320,0.376773
N20261105-S022,N20261105,2026-11-06T05:45:00Z,900,true,1.187711,0.815593,1.044421,0.382565
N20261105-S023,N20261105,2026-11-06T06:00:00Z,900,true,1.237854,0.818543,1.015458,0.348404
N20261105-S024,N20261105,2026-11-06T06:15:00Z,900,true,1.231597,0.810806,0.983852,0.374427
N20261105-S025,N20261105,2026-11-06T06:30:00Z,900,true,1.249074,0.789416,0.982520,0.359552
N20261105-S026,N20261105,2026-11-06T06:45:00Z,900,true,1.237772,0.782028,1.005950,0.366916
N20261105-S027,N20261105,2026-11-06T07:00:00Z,900,true,1.222080,0.765023,1.002663,0.385472
N20261105-S028,N20261105,2026-11-06T07:15:00Z,900,true,1.282784,0.764260,1.029015,0.374588
N20261105-S029,N20261105,2026-11-06T07:30:00Z,900,true,1.285067,0.753029,1.058211,0.349897
N20261105-S030,N20261105,2026-11-06T07:45:00Z,900,true,1.288079,0.738474,1.050551,0.383512
N20261105-S031,N20261105,2026-11-06T08:00:00Z,900,true,1.320743,0.740739,1.058364,0.372999
N20261106-S001,N20261106,2026-11-07T00:30:00Z,900,true,1.291501,0.750207,0.956997,0.491843
N20261106-S002,N20261106,2026-11-07T00:45:00Z,900,true,1.336653,0.745878,0.936263,0.484089
N20261106-S003,N20261106,2026-11-07T01:00:00Z,900,true,1.322894,0.739329,0.968396,0.479584
N20261106-S004,N20261106,2026-11-07T01:15:00Z,900,true,1.297988,0.747644,0.981753,0.512443
N20261106-S005,N20261106,2026-11-07T01:30:00Z,900,true,1.268017,0.757583,1.013456,0.489397
N20261106-S006,N20261106,2026-11-07T01:45:00Z,900,true,1.342602,0.754214,1.005407,0.477832
N20261106-S007,N20261106,2026-11-07T02:00:00Z,900,true,1.358015,0.769055,1.004521,0.501902
N20261106-S008,N20261106,2026-11-07T02:15:00Z,900,true,1.354469,0.781045,0.994215,0.515982
N20261106-S009,N20261106,2026-11-07T02:30:00Z,900,true,1.309415,0.769574,1.011099,0.517378
N20261106-S010,N20261106,2026-11-07T02:45:00Z,900,true,1.328529,0.788404,0.996944,0.494842
N20261106-S011,N20261106,2026-11-07T03:00:00Z,900,true,1.330090,0.818765,0.973297,0.497103
N20261106-S012,N20261106,2026-11-07T03:15:00Z,900,true,1.344875,0.821207,0.984210,0.470170
N20261106-S013,N20261106,2026-11-07T03:30:00Z,900,true,1.355344,0.804561,1.010663,0.478007
N20261106-S014,N20261106,2026-11-07T03:45:00Z,900,true,1.345205,0.781742,1.006719,0.478752
N20261106-S015,N20261106,2026-11-07T04:00:00Z,900,true,1.310573,0.780380,1.011026,0.481036
N20261106-S016,N20261106,2026-11-07T04:15:00Z,900,true,1.283142,0.790147,1.009410,0.485557
N20261106-S017,N20261106,2026-11-07T04:30:00Z,900,true,1.253073,0.777383,1.009867,0.493868
N20261106-S018,N20261106,2026-11-07T04:45:00Z,900,true,1.243034,0.774209,1.041174,0.479258
N20261106-S019,N20261106,2026-11-07T05:00:00Z,900,true,1.260690,0.774175,1.059579,0.489814
N20261106-S020,N20261106,2026-11-07T05:15:00Z,900,true,1.281109,0.752326,1.042665,0.516323
N20261106-S021,N20261106,2026-11-07T05:30:00Z,900,true,1.256293,0.750583,1.059199,0.492588
N20261106-S022,N20261106,2026-11-07T05:45:00Z,900,true,1.296873,0.756176,1.060529,0.487713
N20261106-S023,N20261106,2026-11-07T06:00:00Z,900,true,1.272896,0.749930,1.030666,0.488724
N20261106-S024,N20261106,2026-11-07T06:15:00Z,900,true,1.241850,0.757912,1.067596,0.480200
N20261106-S025,N20261106,2026-11-07T06:30:00Z,900,true,1.247270,0.759912,1.065807,0.479335
N20261106-S026,N20261106,2026-11-07T06:45:00Z,900,true,1.276876,0.767172,1.065500,0.501456
N20261106-S027,N20261106,2026-11-07T07:00:00Z,900,true,1.196363,0.775688,1.085856,0.480684
N20261106-S028,N20261106,2026-11-07T07:15:00Z,900,true,1.247776,0.763641,1.073751,0.483245
N20261106-S029,N20261106,2026-11-07T07:30:00Z,900,true,1.215852,0.757934,1.073933,0.489199
N20261106-S030,N20261106,2026-11-07T07:45:00Z,900,true,1.257622,0.743642,1.064637,0.519135
N20261106-S031,N20261106,2026-11-07T08:00:00Z,900,true,1.245674,0.742998,1.050283,0.498127
N20261107-S001,N20261107,2026-11-08T00:30:00Z,900,true,1.305900,0.773119,0.910095,0.574550
N20261107-S002,N20261107,2026-11-08T00:45:00Z,900,true,1.307753,0.755959,0.921258,0.612820
N20261107-S003,N20261107,2026-11-08T01:00:00Z,900,true,1.281310,0.743626,0.918072,0.622696
N20261107-S004,N20261107,2026-11-08T01:15:00Z,900,true,1.258513,0.744213,0.917931,0.596864
N20261107-S005,N20261107,2026-11-08T01:30:00Z,900,true,1.278981,0.755651,0.909000,0.601277
N20261107-S006,N20261107,2026-11-08T01:45:00Z,900,true,1.282890,0.755426,0.888060,0.572876
N20261107-S007,N20261107,2026-11-08T02:00:00Z,900,true,1.294525,0.758457,0.896107,0.590133
N20261107-S008,N20261107,2026-11-08T02:15:00Z,900,true,1.290407,0.739860,0.882816,0.622806
N20261107-S009,N20261107,2026-11-08T02:30:00Z,900,true,1.281528,0.732618,0.878952,0.595275
N20261107-S010,N20261107,2026-11-08T02:45:00Z,900,true,1.222213,0.745957,0.875544,0.576279
N20261107-S011,N20261107,2026-11-08T03:00:00Z,900,true,1.249113,0.754328,0.864667,0.566286
N20261107-S012,N20261107,2026-11-08T03:15:00Z,900,true,1.317084,0.738858,0.875876,0.571369
N20261107-S013,N20261107,2026-11-08T03:30:00Z,900,true,1.367367,0.743391,0.882221,0.590553
N20261107-S014,N20261107,2026-11-08T03:45:00Z,900,false,,,,
N20261107-S015,N20261107,2026-11-08T04:00:00Z,900,false,,,,
N20261107-S016,N20261107,2026-11-08T04:15:00Z,900,true,1.270506,0.749573,0.883646,0.583504
N20261107-S017,N20261107,2026-11-08T04:30:00Z,900,true,1.222301,0.736937,0.901270,0.585113
N20261107-S018,N20261107,2026-11-08T04:45:00Z,900,true,1.229664,0.753466,0.925269,0.568220
N20261107-S019,N20261107,2026-11-08T05:00:00Z,900,true,1.179330,0.732910,0.924072,0.567879
N20261107-S020,N20261107,2026-11-08T05:15:00Z,900,true,1.133393,0.734811,0.907729,0.603960
N20261107-S021,N20261107,2026-11-08T05:30:00Z,900,true,1.143500,0.728193,0.898310,0.609063
N20261107-S022,N20261107,2026-11-08T05:45:00Z,900,true,1.142686,0.734939,0.888972,0.592109
N20261107-S023,N20261107,2026-11-08T06:00:00Z,900,true,1.103213,0.747703,0.888147,0.597449
N20261107-S024,N20261107,2026-11-08T06:15:00Z,900,true,1.107407,0.753026,0.887037,0.574905
N20261107-S025,N20261107,2026-11-08T06:30:00Z,900,true,1.156163,0.727122,0.896397,0.608155
N20261107-S026,N20261107,2026-11-08T06:45:00Z,900,true,1.185726,0.731421,0.895405,0.614764
N20261107-S027,N20261107,2026-11-08T07:00:00Z,900,true,1.115025,0.745605,0.889782,0.570547
N20261107-S028,N20261107,2026-11-08T07:15:00Z,900,true,1.187990,0.728912,0.884599,0.570164
N20261107-S029,N20261107,2026-11-08T07:30:00Z,900,true,1.246202,0.720135,0.861920,0.589571
N20261107-S030,N20261107,2026-11-08T07:45:00Z,900,true,1.278856,0.719301,0.883215,0.591829
N20261107-S031,N20261107,2026-11-08T08:00:00Z,900,true,1.272534,0.710889,0.864536,0.607906
N20261108-S001,N20261108,2026-11-09T00:30:00Z,900,true,1.464409,0.821367,0.920150,0.649634
N20261108-S002,N20261108,2026-11-09T00:45:00Z,900,true,1.489254,0.806499,0.917040,0.706394
N20261108-S003,N20261108,2026-11-09T01:00:00Z,900,true,1.473784,0.810531,0.936481,0.675880
N20261108-S004,N20261108,2026-11-09T01:15:00Z,900,true,1.478544,0.809320,0.927122,0.677204
N20261108-S005,N20261108,2026-11-09T01:30:00Z,900,true,1.507505,0.813086,0.937145,0.700355
N20261108-S006,N20261108,2026-11-09T01:45:00Z,900,true,1.522723,0.803746,0.911995,0.665207
N20261108-S007,N20261108,2026-11-09T02:00:00Z,900,true,1.536959,0.794735,0.898726,0.651329
N20261108-S008,N20261108,2026-11-09T02:15:00Z,900,true,1.555239,0.799026,0.871235,0.654312
N20261108-S009,N20261108,2026-11-09T02:30:00Z,900,true,1.554694,0.812348,0.884132,0.709348
N20261108-S010,N20261108,2026-11-09T02:45:00Z,900,true,1.513431,0.834763,0.916097,0.691807
N20261108-S011,N20261108,2026-11-09T03:00:00Z,900,true,1.467986,0.835266,0.896637,0.648026
N20261108-S012,N20261108,2026-11-09T03:15:00Z,900,true,1.440244,0.829552,0.919603,0.676120
N20261108-S013,N20261108,2026-11-09T03:30:00Z,900,true,1.410880,0.851508,0.922158,0.675657
N20261108-S014,N20261108,2026-11-09T03:45:00Z,900,true,1.372029,0.820534,0.916771,0.661468
N20261108-S015,N20261108,2026-11-09T04:00:00Z,900,true,1.327881,0.813046,0.935963,0.683725
N20261108-S016,N20261108,2026-11-09T04:15:00Z,900,true,1.330802,0.816464,0.936348,0.644756
N20261108-S017,N20261108,2026-11-09T04:30:00Z,900,true,1.363256,0.808241,0.963198,0.662667
N20261108-S018,N20261108,2026-11-09T04:45:00Z,900,true,1.331525,0.814172,0.930199,0.686380
N20261108-S019,N20261108,2026-11-09T05:00:00Z,900,true,1.407669,0.808706,0.921634,0.694483
N20261108-S020,N20261108,2026-11-09T05:15:00Z,900,true,1.442015,0.805855,0.922709,0.690812
N20261108-S021,N20261108,2026-11-09T05:30:00Z,900,true,1.464559,0.810148,0.904093,0.639078
N20261108-S022,N20261108,2026-11-09T05:45:00Z,900,true,1.440597,0.811878,0.899524,0.644314
N20261108-S023,N20261108,2026-11-09T06:00:00Z,900,true,1.404731,0.795155,0.901722,0.640170
N20261108-S024,N20261108,2026-11-09T06:15:00Z,900,true,1.475764,0.796285,0.911863,0.655208
N20261108-S025,N20261108,2026-11-09T06:30:00Z,900,true,1.448085,0.797655,0.915384,0.689548
N20261108-S026,N20261108,2026-11-09T06:45:00Z,900,true,1.456152,0.821711,0.916163,0.688434
N20261108-S027,N20261108,2026-11-09T07:00:00Z,900,true,1.503861,0.813379,0.924367,0.673680
N20261108-S028,N20261108,2026-11-09T07:15:00Z,900,true,1.500819,0.795108,0.943748,0.667409
N20261108-S029,N20261108,2026-11-09T07:30:00Z,900,true,1.478465,0.765779,0.955917,0.691195
N20261108-S030,N20261108,2026-11-09T07:45:00Z,900,true,1.471524,0.762472,0.934136,0.639629
N20261108-S031,N20261108,2026-11-09T08:00:00Z,900,true,1.475951,0.761371,0.958326,0.665946
N20261109-S001,N20261109,2026-11-10T00:30:00Z,900,true,1.370901,0.766041,0.823642,0.723991
N20261109-S002,N20261109,2026-11-10T00:45:00Z,900,true,1.386018,0.760335,0.844753,0.762926
N20261109-S003,N20261109,2026-11-10T01:00:00Z,900,true,1.412032,0.756707,0.820511,0.709776
N20261109-S004,N20261109,2026-11-10T01:15:00Z,900,true,1.375495,0.759661,0.823977,0.773022
N20261109-S005,N20261109,2026-11-10T01:30:00Z,900,true,1.339206,0.752069,0.819074,0.762310
N20261109-S006,N20261109,2026-11-10T01:45:00Z,900,true,1.295664,0.776135,0.839483,0.745548
N20261109-S007,N20261109,2026-11-10T02:00:00Z,900,true,1.333498,0.782818,0.835170,0.766915
N20261109-S008,N20261109,2026-11-10T02:15:00Z,900,true,1.308470,0.784571,0.838721,0.727781
N20261109-S009,N20261109,2026-11-10T02:30:00Z,900,true,1.292283,0.806823,0.858358,0.700107
N20261109-S010,N20261109,2026-11-10T02:45:00Z,900,true,1.237606,0.797818,0.859789,0.712299
N20261109-S011,N20261109,2026-11-10T03:00:00Z,900,true,1.244285,0.809704,0.858201,0.713920
N20261109-S012,N20261109,2026-11-10T03:15:00Z,900,true,1.267419,0.802065,0.863241,0.710124
N20261109-S013,N20261109,2026-11-10T03:30:00Z,900,true,1.289962,0.795653,0.847917,0.707212
N20261109-S014,N20261109,2026-11-10T03:45:00Z,900,true,1.349097,0.802806,0.844709,0.762605
N20261109-S015,N20261109,2026-11-10T04:00:00Z,900,true,1.326504,0.783846,0.835408,0.735058
N20261109-S016,N20261109,2026-11-10T04:15:00Z,900,true,1.341771,0.786245,0.836090,0.728081
N20261109-S017,N20261109,2026-11-10T04:30:00Z,900,true,1.374786,0.789581,0.804574,0.728353
N20261109-S018,N20261109,2026-11-10T04:45:00Z,900,true,1.323587,0.799816,0.798109,0.706370
N20261109-S019,N20261109,2026-11-10T05:00:00Z,900,true,1.301601,0.798064,0.797937,0.736647
N20261109-S020,N20261109,2026-11-10T05:15:00Z,900,true,1.322151,0.779798,0.805217,0.757793
N20261109-S021,N20261109,2026-11-10T05:30:00Z,900,true,1.287869,0.796534,0.816398,0.712488
N20261109-S022,N20261109,2026-11-10T05:45:00Z,900,true,1.290720,0.780162,0.799931,0.713794
N20261109-S023,N20261109,2026-11-10T06:00:00Z,900,true,1.299158,0.767311,0.807004,0.706707
N20261109-S024,N20261109,2026-11-10T06:15:00Z,900,true,1.311397,0.774759,0.795782,0.715559
N20261109-S025,N20261109,2026-11-10T06:30:00Z,900,true,1.303262,0.776634,0.786303,0.772164
N20261109-S026,N20261109,2026-11-10T06:45:00Z,900,true,1.301338,0.759076,0.811310,0.762411
N20261109-S027,N20261109,2026-11-10T07:00:00Z,900,true,1.334776,0.767298,0.826699,0.732563
N20261109-S028,N20261109,2026-11-10T07:15:00Z,900,true,1.376131,0.783643,0.818981,0.730254
N20261109-S029,N20261109,2026-11-10T07:30:00Z,900,true,1.369821,0.784475,0.840309,0.716297
N20261109-S030,N20261109,2026-11-10T07:45:00Z,900,true,1.348154,0.788927,0.853006,0.759982
N20261109-S031,N20261109,2026-11-10T08:00:00Z,900,true,1.316520,0.785783,0.865797,0.750163
N20261110-S001,N20261110,2026-11-11T00:30:00Z,900,true,1.363747,0.776313,0.875579,0.817377
N20261110-S002,N20261110,2026-11-11T00:45:00Z,900,true,1.394837,0.791202,0.900193,0.742471
N20261110-S003,N20261110,2026-11-11T01:00:00Z,900,true,1.424503,0.767163,0.899534,0.746083
N20261110-S004,N20261110,2026-11-11T01:15:00Z,900,true,1.433047,0.759900,0.870725,0.742576
N20261110-S005,N20261110,2026-11-11T01:30:00Z,900,true,1.438474,0.747929,0.845358,0.797614
N20261110-S006,N20261110,2026-11-11T01:45:00Z,900,true,1.483691,0.762021,0.853867,0.774683
N20261110-S007,N20261110,2026-11-11T02:00:00Z,900,true,1.424715,0.780146,0.841869,0.791432
N20261110-S008,N20261110,2026-11-11T02:15:00Z,900,true,1.378317,0.761693,0.840610,0.750651
N20261110-S009,N20261110,2026-11-11T02:30:00Z,900,true,1.392616,0.764180,0.833402,0.801930
N20261110-S010,N20261110,2026-11-11T02:45:00Z,900,true,1.424738,0.753599,0.844219,0.756742
N20261110-S011,N20261110,2026-11-11T03:00:00Z,900,true,1.417930,0.738015,0.878612,0.774478
N20261110-S012,N20261110,2026-11-11T03:15:00Z,900,true,1.458952,0.739613,0.842735,0.814572
N20261110-S013,N20261110,2026-11-11T03:30:00Z,900,true,1.469281,0.751343,0.798452,0.773931
N20261110-S014,N20261110,2026-11-11T03:45:00Z,900,true,1.412778,0.760869,0.784994,0.792121
N20261110-S015,N20261110,2026-11-11T04:00:00Z,900,true,1.355281,0.742041,0.792032,0.815270
N20261110-S016,N20261110,2026-11-11T04:15:00Z,900,true,1.373450,0.737382,0.796100,0.800815
N20261110-S017,N20261110,2026-11-11T04:30:00Z,900,true,1.344000,0.742921,0.806888,0.751926
N20261110-S018,N20261110,2026-11-11T04:45:00Z,900,true,1.335403,0.751369,0.806035,0.757459
N20261110-S019,N20261110,2026-11-11T05:00:00Z,900,true,1.357415,0.767814,0.800790,0.749986
N20261110-S020,N20261110,2026-11-11T05:15:00Z,900,true,1.354692,0.765123,0.803601,0.772915
N20261110-S021,N20261110,2026-11-11T05:30:00Z,900,true,1.351747,0.765898,0.806139,0.744763
N20261110-S022,N20261110,2026-11-11T05:45:00Z,900,true,1.365592,0.779695,0.807131,0.757384
N20261110-S023,N20261110,2026-11-11T06:00:00Z,900,true,1.306313,0.764130,0.778317,0.767707
N20261110-S024,N20261110,2026-11-11T06:15:00Z,900,true,1.267885,0.761238,0.771532,0.788063
N20261110-S025,N20261110,2026-11-11T06:30:00Z,900,true,1.295872,0.785110,0.799721,0.816075
N20261110-S026,N20261110,2026-11-11T06:45:00Z,900,true,1.271756,0.770100,0.808241,0.803919
N20261110-S027,N20261110,2026-11-11T07:00:00Z,900,true,1.246058,0.788340,0.853457,0.748500
N20261110-S028,N20261110,2026-11-11T07:15:00Z,900,true,1.203280,0.755590,0.882301,0.777258
N20261110-S029,N20261110,2026-11-11T07:30:00Z,900,true,1.247974,0.743314,0.897349,0.805317
N20261110-S030,N20261110,2026-11-11T07:45:00Z,900,true,1.286525,0.730581,0.880671,0.787316
N20261110-S031,N20261110,2026-11-11T08:00:00Z,900,true,1.282036,0.726052,0.879699,0.763643
N20261111-S001,N20261111,2026-11-12T00:30:00Z,900,true,1.458216,0.796390,0.837169,0.830064
N20261111-S002,N20261111,2026-11-12T00:45:00Z,900,true,1.396874,0.811232,0.825994,0.857717
N20261111-S003,N20261111,2026-11-12T01:00:00Z,900,true,1.327048,0.827836,0.822119,0.819578
N20261111-S004,N20261111,2026-11-12T01:15:00Z,900,true,1.336165,0.833785,0.810398,0.789859
N20261111-S005,N20261111,2026-11-12T01:30:00Z,900,true,1.362147,0.833857,0.821989,0.784090
N20261111-S006,N20261111,2026-11-12T01:45:00Z,900,true,1.386221,0.828066,0.817629,0.844695
N20261111-S007,N20261111,2026-11-12T02:00:00Z,900,true,1.442446,0.856976,0.823472,0.846955
N20261111-S008,N20261111,2026-11-12T02:15:00Z,900,true,1.512988,0.867118,0.817124,0.798866
N20261111-S009,N20261111,2026-11-12T02:30:00Z,900,true,1.519886,0.867419,0.794027,0.815163
N20261111-S010,N20261111,2026-11-12T02:45:00Z,900,true,1.524351,0.860032,0.810827,0.829753
N20261111-S011,N20261111,2026-11-12T03:00:00Z,900,true,1.522422,0.854867,0.797184,0.783508
N20261111-S012,N20261111,2026-11-12T03:15:00Z,900,true,1.506407,0.821098,0.791551,0.805459
N20261111-S013,N20261111,2026-11-12T03:30:00Z,900,true,1.475901,0.832110,0.812745,0.851518
N20261111-S014,N20261111,2026-11-12T03:45:00Z,900,true,1.478414,0.834060,0.855339,0.802490
N20261111-S015,N20261111,2026-11-12T04:00:00Z,900,true,1.479462,0.807926,0.856046,0.800239
N20261111-S016,N20261111,2026-11-12T04:15:00Z,900,true,1.472599,0.817086,0.843887,0.852998
N20261111-S017,N20261111,2026-11-12T04:30:00Z,900,true,1.483651,0.831327,0.860567,0.847822
N20261111-S018,N20261111,2026-11-12T04:45:00Z,900,true,1.451795,0.838580,0.840095,0.827634
N20261111-S019,N20261111,2026-11-12T05:00:00Z,900,true,1.448941,0.838468,0.838047,0.854761
N20261111-S020,N20261111,2026-11-12T05:15:00Z,900,true,1.382227,0.843455,0.832437,0.800836
N20261111-S021,N20261111,2026-11-12T05:30:00Z,900,true,1.396754,0.848773,0.814913,0.815274
N20261111-S022,N20261111,2026-11-12T05:45:00Z,900,true,1.403216,0.852822,0.832626,0.789791
N20261111-S023,N20261111,2026-11-12T06:00:00Z,900,true,1.388180,0.883672,0.813598,0.831660
N20261111-S024,N20261111,2026-11-12T06:15:00Z,900,true,1.343724,0.873036,0.823222,0.827063
N20261111-S025,N20261111,2026-11-12T06:30:00Z,900,true,1.402995,0.885727,0.818437,0.776897
N20261111-S026,N20261111,2026-11-12T06:45:00Z,900,true,1.395405,0.889210,0.824763,0.787258
N20261111-S027,N20261111,2026-11-12T07:00:00Z,900,true,1.403280,0.866260,0.797361,0.827166
N20261111-S028,N20261111,2026-11-12T07:15:00Z,900,true,1.428868,0.852945,0.817681,0.810341
N20261111-S029,N20261111,2026-11-12T07:30:00Z,900,true,1.439579,0.831420,0.816075,0.788483
N20261111-S030,N20261111,2026-11-12T07:45:00Z,900,true,1.431580,0.853942,0.831046,0.776638
N20261111-S031,N20261111,2026-11-12T08:00:00Z,900,true,1.363427,0.858280,0.826787,0.779987
N20261112-S001,N20261112,2026-11-13T00:30:00Z,900,true,1.281907,0.770256,0.838956,0.873154
N20261112-S002,N20261112,2026-11-13T00:45:00Z,900,true,1.339512,0.760509,0.822661,0.863042
N20261112-S003,N20261112,2026-11-13T01:00:00Z,900,true,1.372070,0.762757,0.810230,0.851185
N20261112-S004,N20261112,2026-11-13T01:15:00Z,900,true,1.289819,0.756888,0.801307,0.869891
N20261112-S005,N20261112,2026-11-13T01:30:00Z,900,true,1.267267,0.764467,0.814808,0.826868
N20261112-S006,N20261112,2026-11-13T01:45:00Z,900,true,1.245411,0.744785,0.819141,0.869274
N20261112-S007,N20261112,2026-11-13T02:00:00Z,900,true,1.258156,0.737118,0.807142,0.868343
N20261112-S008,N20261112,2026-11-13T02:15:00Z,900,true,1.271396,0.738510,0.800219,0.817117
N20261112-S009,N20261112,2026-11-13T02:30:00Z,900,true,1.164530,0.734953,0.825143,0.880780
N20261112-S010,N20261112,2026-11-13T02:45:00Z,900,true,1.217701,0.727282,0.817977,0.890830
N20261112-S011,N20261112,2026-11-13T03:00:00Z,900,true,1.209853,0.730341,0.828297,0.831748
N20261112-S012,N20261112,2026-11-13T03:15:00Z,900,true,1.191158,0.744853,0.811895,0.884840
N20261112-S013,N20261112,2026-11-13T03:30:00Z,900,true,1.216335,0.736896,0.818329,0.868054
N20261112-S014,N20261112,2026-11-13T03:45:00Z,900,true,1.255191,0.750143,0.824017,0.837830
N20261112-S015,N20261112,2026-11-13T04:00:00Z,900,true,1.267139,0.737622,0.825351,0.886789
N20261112-S016,N20261112,2026-11-13T04:15:00Z,900,true,1.288398,0.735195,0.832042,0.841320
N20261112-S017,N20261112,2026-11-13T04:30:00Z,900,true,1.266436,0.754240,0.855488,0.840316
N20261112-S018,N20261112,2026-11-13T04:45:00Z,900,true,1.264583,0.723762,0.836501,0.838759
N20261112-S019,N20261112,2026-11-13T05:00:00Z,900,true,1.199272,0.751075,0.842221,0.834622
N20261112-S020,N20261112,2026-11-13T05:15:00Z,900,true,1.184865,0.758966,0.837227,0.887994
N20261112-S021,N20261112,2026-11-13T05:30:00Z,900,true,1.200499,0.747961,0.863203,0.864391
N20261112-S022,N20261112,2026-11-13T05:45:00Z,900,true,1.248806,0.729092,0.876673,0.843656
N20261112-S023,N20261112,2026-11-13T06:00:00Z,900,true,1.218254,0.760163,0.883496,0.807743
N20261112-S024,N20261112,2026-11-13T06:15:00Z,900,true,1.236074,0.734478,0.869041,0.840888
N20261112-S025,N20261112,2026-11-13T06:30:00Z,900,true,1.264799,0.709222,0.854248,0.863911
N20261112-S026,N20261112,2026-11-13T06:45:00Z,900,true,1.226748,0.729196,0.840210,0.838351
N20261112-S027,N20261112,2026-11-13T07:00:00Z,900,true,1.266687,0.729570,0.838449,0.818327
N20261112-S028,N20261112,2026-11-13T07:15:00Z,900,true,1.318469,0.734094,0.796257,0.826493
N20261112-S029,N20261112,2026-11-13T07:30:00Z,900,true,1.327222,0.739893,0.794116,0.811957
N20261112-S030,N20261112,2026-11-13T07:45:00Z,900,true,1.356793,0.748629,0.792833,0.832519
N20261112-S031,N20261112,2026-11-13T08:00:00Z,900,true,1.369562,0.744244,0.797307,0.885219
N20261113-S001,N20261113,2026-11-14T00:30:00Z,900,true,1.297331,0.753638,0.836325,0.915367
N20261113-S002,N20261113,2026-11-14T00:45:00Z,900,true,1.314967,0.756954,0.824522,0.889857
N20261113-S003,N20261113,2026-11-14T01:00:00Z,900,true,1.321207,0.767831,0.798695,0.897362
N20261113-S004,N20261113,2026-11-14T01:15:00Z,900,true,1.264007,0.787994,0.804800,0.888080
N20261113-S005,N20261113,2026-11-14T01:30:00Z,900,true,1.227680,0.795969,0.785011,0.863959
N20261113-S006,N20261113,2026-11-14T01:45:00Z,900,true,1.272528,0.780875,0.798725,0.890359
N20261113-S007,N20261113,2026-11-14T02:00:00Z,900,true,1.211113,0.784378,0.779485,0.831191
N20261113-S008,N20261113,2026-11-14T02:15:00Z,900,true,1.251913,0.786964,0.760257,0.840417
N20261113-S009,N20261113,2026-11-14T02:30:00Z,900,true,1.264471,0.791954,0.745628,0.884168
N20261113-S010,N20261113,2026-11-14T02:45:00Z,900,true,1.220008,0.776979,0.732529,0.880205
N20261113-S011,N20261113,2026-11-14T03:00:00Z,900,true,1.234708,0.775252,0.751084,0.832808
N20261113-S012,N20261113,2026-11-14T03:15:00Z,900,true,1.250994,0.772045,0.780986,0.896049
N20261113-S013,N20261113,2026-11-14T03:30:00Z,900,true,1.253756,0.782316,0.768612,0.890469
N20261113-S014,N20261113,2026-11-14T03:45:00Z,900,true,1.246293,0.793088,0.807693,0.908268
N20261113-S015,N20261113,2026-11-14T04:00:00Z,900,true,1.322360,0.786939,0.830614,0.897573
N20261113-S016,N20261113,2026-11-14T04:15:00Z,900,true,1.260128,0.784680,0.791423,0.870157
N20261113-S017,N20261113,2026-11-14T04:30:00Z,900,true,1.265120,0.756939,0.811333,0.914962
N20261113-S018,N20261113,2026-11-14T04:45:00Z,900,true,1.209240,0.744092,0.808422,0.857080
N20261113-S019,N20261113,2026-11-14T05:00:00Z,900,true,1.194000,0.756732,0.803774,0.881287
N20261113-S020,N20261113,2026-11-14T05:15:00Z,900,true,1.214789,0.766810,0.769712,0.845542
N20261113-S021,N20261113,2026-11-14T05:30:00Z,900,true,1.207106,0.769788,0.788718,0.916024
N20261113-S022,N20261113,2026-11-14T05:45:00Z,900,true,1.225487,0.747214,0.807257,0.882062
N20261113-S023,N20261113,2026-11-14T06:00:00Z,900,true,1.183554,0.743869,0.811070,0.883065
N20261113-S024,N20261113,2026-11-14T06:15:00Z,900,true,1.159504,0.736255,0.801444,0.911807
N20261113-S025,N20261113,2026-11-14T06:30:00Z,900,true,1.170165,0.729352,0.829183,0.898388
N20261113-S026,N20261113,2026-11-14T06:45:00Z,900,true,1.184834,0.722033,0.804984,0.865578
N20261113-S027,N20261113,2026-11-14T07:00:00Z,900,true,1.250220,0.729775,0.825048,0.888633
N20261113-S028,N20261113,2026-11-14T07:15:00Z,900,true,1.275014,0.719697,0.803126,0.894384
N20261113-S029,N20261113,2026-11-14T07:30:00Z,900,true,1.344260,0.732599,0.789739,0.837069
N20261113-S030,N20261113,2026-11-14T07:45:00Z,900,true,1.317150,0.739162,0.776469,0.855241
N20261113-S031,N20261113,2026-11-14T08:00:00Z,900,true,1.358179,0.753756,0.783788,0.885509
N20261114-S001,N20261114,2026-11-15T00:30:00Z,900,true,1.221766,0.718235,0.807362,0.925906
N20261114-S002,N20261114,2026-11-15T00:45:00Z,900,true,1.190910,0.715086,0.765893,0.931483
N20261114-S003,N20261114,2026-11-15T01:00:00Z,900,true,1.158337,0.715473,0.791287,0.850968
N20261114-S004,N20261114,2026-11-15T01:15:00Z,900,true,1.181258,0.723361,0.814605,0.897357
N20261114-S005,N20261114,2026-11-15T01:30:00Z,900,true,1.196396,0.707801,0.813119,0.900170
N20261114-S006,N20261114,2026-11-15T01:45:00Z,900,true,1.197280,0.690594,0.810244,0.912972
N20261114-S007,N20261114,2026-11-15T02:00:00Z,900,true,1.177680,0.708435,0.803502,0.843372
N20261114-S008,N20261114,2026-11-15T02:15:00Z,900,true,1.239739,0.720282,0.798531,0.931836
N20261114-S009,N20261114,2026-11-15T02:30:00Z,900,true,1.210345,0.728265,0.807586,0.860543
N20261114-S010,N20261114,2026-11-15T02:45:00Z,900,true,1.174419,0.723366,0.807787,0.916793
N20261114-S011,N20261114,2026-11-15T03:00:00Z,900,true,1.143538,0.727451,0.818581,0.930433
N20261114-S012,N20261114,2026-11-15T03:15:00Z,900,true,1.135550,0.736688,0.831401,0.891099
N20261114-S013,N20261114,2026-11-15T03:30:00Z,900,true,1.143620,0.735600,0.822761,0.915846
N20261114-S014,N20261114,2026-11-15T03:45:00Z,900,true,1.142415,0.749712,0.829080,0.910959
N20261114-S015,N20261114,2026-11-15T04:00:00Z,900,true,1.140073,0.737587,0.791114,0.842458
N20261114-S016,N20261114,2026-11-15T04:15:00Z,900,true,1.181531,0.725364,0.807879,0.899482
N20261114-S017,N20261114,2026-11-15T04:30:00Z,900,true,1.189460,0.736699,0.833252,0.860224
N20261114-S018,N20261114,2026-11-15T04:45:00Z,900,true,1.246941,0.746312,0.828968,0.918610
N20261114-S019,N20261114,2026-11-15T05:00:00Z,900,true,1.271016,0.746553,0.815139,0.928646
N20261114-S020,N20261114,2026-11-15T05:15:00Z,900,true,1.271666,0.741435,0.828944,0.890951
N20261114-S021,N20261114,2026-11-15T05:30:00Z,900,true,1.262767,0.739559,0.822366,0.885451
N20261114-S022,N20261114,2026-11-15T05:45:00Z,900,true,1.220117,0.742411,0.841640,0.902896
N20261114-S023,N20261114,2026-11-15T06:00:00Z,900,true,1.197814,0.723952,0.832666,0.892393
N20261114-S024,N20261114,2026-11-15T06:15:00Z,900,true,1.180471,0.740100,0.817630,0.912554
N20261114-S025,N20261114,2026-11-15T06:30:00Z,900,true,1.167580,0.744975,0.823141,0.892370
N20261114-S026,N20261114,2026-11-15T06:45:00Z,900,true,1.142294,0.753996,0.805927,0.903390
N20261114-S027,N20261114,2026-11-15T07:00:00Z,900,true,1.144274,0.764019,0.840628,0.900820
N20261114-S028,N20261114,2026-11-15T07:15:00Z,900,true,1.165938,0.750651,0.834733,0.887441
N20261114-S029,N20261114,2026-11-15T07:30:00Z,900,true,1.178128,0.728680,0.846311,0.860345
N20261114-S030,N20261114,2026-11-15T07:45:00Z,900,true,1.181731,0.727238,0.860576,0.916349
N20261114-S031,N20261114,2026-11-15T08:00:00Z,900,true,1.169944,0.731270,0.869991,0.852101
N20261115-S001,N20261115,2026-11-16T00:30:00Z,900,true,1.209468,0.716674,0.804321,0.882724
N20261115-S002,N20261115,2026-11-16T00:45:00Z,900,true,1.206668,0.710216,0.816245,0.865859
N20261115-S003,N20261115,2026-11-16T01:00:00Z,900,true,1.250623,0.703706,0.815769,0.927366
N20261115-S004,N20261115,2026-11-16T01:15:00Z,900,false,,,,
N20261115-S005,N20261115,2026-11-16T01:30:00Z,900,false,,,,
N20261115-S006,N20261115,2026-11-16T01:45:00Z,900,false,,,,
N20261115-S007,N20261115,2026-11-16T02:00:00Z,900,false,,,,
N20261115-S008,N20261115,2026-11-16T02:15:00Z,900,false,,,,
N20261115-S009,N20261115,2026-11-16T02:30:00Z,900,false,,,,
N20261115-S010,N20261115,2026-11-16T02:45:00Z,900,false,,,,
N20261115-S011,N20261115,2026-11-16T03:00:00Z,900,false,,,,
N20261115-S012,N20261115,2026-11-16T03:15:00Z,900,true,1.227987,0.690500,0.785596,0.873350
N20261115-S013,N20261115,2026-11-16T03:30:00Z,900,true,1.212779,0.700546,0.795325,0.878413
N20261115-S014,N20261115,2026-11-16T03:45:00Z,900,true,1.277379,0.703567,0.811632,0.882736
N20261115-S015,N20261115,2026-11-16T04:00:00Z,900,true,1.306261,0.667393,0.803062,0.877480
N20261115-S016,N20261115,2026-11-16T04:15:00Z,900,true,1.332983,0.678979,0.806322,0.861849
N20261115-S017,N20261115,2026-11-16T04:30:00Z,900,true,1.340681,0.681683,0.769568,0.897993
N20261115-S018,N20261115,2026-11-16T04:45:00Z,900,true,1.271376,0.680266,0.747865,0.884483
N20261115-S019,N20261115,2026-11-16T05:00:00Z,900,false,,,,
N20261115-S020,N20261115,2026-11-16T05:15:00Z,900,false,,,,
N20261115-S021,N20261115,2026-11-16T05:30:00Z,900,false,,,,
N20261115-S022,N20261115,2026-11-16T05:45:00Z,900,false,,,,
N20261115-S023,N20261115,2026-11-16T06:00:00Z,900,false,,,,
N20261115-S024,N20261115,2026-11-16T06:15:00Z,900,true,1.307794,0.689108,0.782743,0.873263
N20261115-S025,N20261115,2026-11-16T06:30:00Z,900,true,1.269367,0.674276,0.757814,0.882074
N20261115-S026,N20261115,2026-11-16T06:45:00Z,900,true,1.272500,0.679011,0.738847,0.901392
N20261115-S027,N20261115,2026-11-16T07:00:00Z,900,true,1.246674,0.685570,0.733320,0.932274
N20261115-S028,N20261115,2026-11-16T07:15:00Z,900,true,1.229181,0.689090,0.761417,0.900646
N20261115-S029,N20261115,2026-11-16T07:30:00Z,900,true,1.234489,0.686706,0.739993,0.887065
N20261115-S030,N20261115,2026-11-16T07:45:00Z,900,true,1.247618,0.688162,0.771758,0.889924
N20261115-S031,N20261115,2026-11-16T08:00:00Z,900,true,1.213360,0.672588,0.785159,0.923925
N20261116-S001,N20261116,2026-11-17T00:45:00Z,900,true,1.099661,0.759582,0.810649,0.920839
N20261116-S002,N20261116,2026-11-17T01:00:00Z,900,true,1.088881,0.768445,0.799099,0.930412
N20261116-S003,N20261116,2026-11-17T01:15:00Z,900,true,1.052843,0.757938,0.822950,0.881666
N20261116-S004,N20261116,2026-11-17T01:30:00Z,900,true,1.082265,0.761253,0.824165,0.904317
N20261116-S005,N20261116,2026-11-17T01:45:00Z,900,true,1.094084,0.768897,0.828405,0.866320
N20261116-S006,N20261116,2026-11-17T02:00:00Z,900,true,1.133315,0.776214,0.820592,0.870015
N20261116-S007,N20261116,2026-11-17T02:15:00Z,900,true,1.123022,0.777915,0.810361,0.931714
N20261116-S008,N20261116,2026-11-17T02:30:00Z,900,false,,,,
N20261116-S009,N20261116,2026-11-17T02:45:00Z,900,true,1.094647,0.770292,0.820167,0.911415
N20261116-S010,N20261116,2026-11-17T03:00:00Z,900,true,1.097905,0.780878,0.818857,0.922977
N20261116-S011,N20261116,2026-11-17T03:15:00Z,900,true,1.079542,0.782564,0.847470,0.949115
N20261116-S012,N20261116,2026-11-17T03:30:00Z,900,true,1.091022,0.788507,0.856367,0.960052
N20261116-S013,N20261116,2026-11-17T03:45:00Z,900,true,1.065029,0.811992,0.871281,0.889011
N20261116-S014,N20261116,2026-11-17T04:00:00Z,900,true,1.043091,0.816250,0.875582,0.908935
N20261116-S015,N20261116,2026-11-17T04:15:00Z,900,true,1.061608,0.791403,0.885540,0.888731
N20261116-S016,N20261116,2026-11-17T04:30:00Z,900,true,1.107790,0.774959,0.863136,0.909412
N20261116-S017,N20261116,2026-11-17T04:45:00Z,900,true,1.037333,0.763446,0.855815,0.931450
N20261116-S018,N20261116,2026-11-17T05:00:00Z,900,true,1.044158,0.776808,0.897712,0.904003
N20261116-S019,N20261116,2026-11-17T05:15:00Z,900,true,1.028067,0.781067,0.874522,0.934423
N20261116-S020,N20261116,2026-11-17T05:30:00Z,900,true,1.062728,0.754347,0.886047,0.932982
N20261116-S021,N20261116,2026-11-17T05:45:00Z,900,true,1.071657,0.755001,0.882145,0.947684
N20261116-S022,N20261116,2026-11-17T06:00:00Z,900,true,1.074584,0.760177,0.874113,0.907739
N20261116-S023,N20261116,2026-11-17T06:15:00Z,900,true,1.057466,0.791728,0.858519,0.940546
N20261116-S024,N20261116,2026-11-17T06:30:00Z,900,true,1.030985,0.800378,0.849456,0.930161
N20261116-S025,N20261116,2026-11-17T06:45:00Z,900,true,1.099102,0.799597,0.885468,0.925756
N20261116-S026,N20261116,2026-11-17T07:00:00Z,900,true,1.110059,0.794128,0.880527,0.944729
N20261116-S027,N20261116,2026-11-17T07:15:00Z,900,true,1.111527,0.791032,0.888939,0.921675
N20261116-S028,N20261116,2026-11-17T07:30:00Z,900,true,1.126273,0.774096,0.870966,0.906325
N20261116-S029,N20261116,2026-11-17T07:45:00Z,900,true,1.130422,0.766336,0.858831,0.874858
N20261116-S030,N20261116,2026-11-17T08:00:00Z,900,true,1.134934,0.784462,0.828874,0.916439
N20261117-S001,N20261117,2026-11-18T00:45:00Z,900,false,,,,
N20261117-S002,N20261117,2026-11-18T01:00:00Z,900,false,,,,
N20261117-S003,N20261117,2026-11-18T01:15:00Z,900,false,,,,
N20261117-S004,N20261117,2026-11-18T01:30:00Z,900,false,,,,
N20261117-S005,N20261117,2026-11-18T01:45:00Z,900,true,1.191675,0.768745,0.766820,0.911324
N20261117-S006,N20261117,2026-11-18T02:00:00Z,900,true,1.121568,0.776224,0.780597,0.943258
N20261117-S007,N20261117,2026-11-18T02:15:00Z,900,true,1.138520,0.735351,0.777701,0.909238
N20261117-S008,N20261117,2026-11-18T02:30:00Z,900,true,1.164682,0.727480,0.803654,0.924602
N20261117-S009,N20261117,2026-11-18T02:45:00Z,900,true,1.164455,0.715894,0.794010,0.936900
N20261117-S010,N20261117,2026-11-18T03:00:00Z,900,true,1.155227,0.708382,0.791236,0.924311
N20261117-S011,N20261117,2026-11-18T03:15:00Z,900,true,1.174155,0.700564,0.821923,0.882127
N20261117-S012,N20261117,2026-11-18T03:30:00Z,900,true,1.145532,0.709673,0.845943,0.957462
N20261117-S013,N20261117,2026-11-18T03:45:00Z,900,true,1.144170,0.699268,0.849549,0.872670
N20261117-S014,N20261117,2026-11-18T04:00:00Z,900,true,1.100829,0.698271,0.854712,0.930691
N20261117-S015,N20261117,2026-11-18T04:15:00Z,900,true,1.103949,0.705314,0.838378,0.898267
N20261117-S016,N20261117,2026-11-18T04:30:00Z,900,true,1.124779,0.705822,0.820984,0.899984
N20261117-S017,N20261117,2026-11-18T04:45:00Z,900,true,1.067060,0.708790,0.800087,0.960447
N20261117-S018,N20261117,2026-11-18T05:00:00Z,900,true,1.040046,0.715270,0.807697,0.915490
N20261117-S019,N20261117,2026-11-18T05:15:00Z,900,true,1.063276,0.720536,0.779825,0.891330
N20261117-S020,N20261117,2026-11-18T05:30:00Z,900,true,1.097657,0.732977,0.797325,0.900465
N20261117-S021,N20261117,2026-11-18T05:45:00Z,900,true,1.115014,0.745704,0.761805,0.967667
N20261117-S022,N20261117,2026-11-18T06:00:00Z,900,true,1.129330,0.754364,0.754663,0.960672
N20261117-S023,N20261117,2026-11-18T06:15:00Z,900,true,1.129662,0.747023,0.777474,0.945837
N20261117-S024,N20261117,2026-11-18T06:30:00Z,900,true,0.998766,0.737038,0.785717,0.896709
N20261117-S025,N20261117,2026-11-18T06:45:00Z,900,true,1.015024,0.736130,0.794887,0.893810
N20261117-S026,N20261117,2026-11-18T07:00:00Z,900,true,1.066862,0.736394,0.819287,0.905609
N20261117-S027,N20261117,2026-11-18T07:15:00Z,900,true,1.046177,0.736217,0.824658,0.923823
N20261117-S028,N20261117,2026-11-18T07:30:00Z,900,true,1.065874,0.747983,0.817779,0.924194
N20261117-S029,N20261117,2026-11-18T07:45:00Z,900,true,1.061594,0.737387,0.815413,0.967439
N20261117-S030,N20261117,2026-11-18T08:00:00Z,900,true,1.068624,0.732755,0.803439,0.944031
N20261118-S001,N20261118,2026-11-19T00:45:00Z,900,true,1.174641,0.759139,0.755511,0.932040
N20261118-S002,N20261118,2026-11-19T01:00:00Z,900,true,1.151180,0.758830,0.738016,0.900463
N20261118-S003,N20261118,2026-11-19T01:15:00Z,900,true,1.160768,0.756609,0.735357,0.907583
N20261118-S004,N20261118,2026-11-19T01:30:00Z,900,true,1.157262,0.767798,0.746464,0.906297
N20261118-S005,N20261118,2026-11-19T01:45:00Z,900,true,1.176076,0.787768,0.736569,0.898650
N20261118-S006,N20261118,2026-11-19T02:00:00Z,900,true,1.202853,0.803202,0.746719,0.905744
N20261118-S007,N20261118,2026-11-19T02:15:00Z,900,true,1.209033,0.801084,0.753892,0.924817
N20261118-S008,N20261118,2026-11-19T02:30:00Z,900,true,1.162271,0.783152,0.747818,0.910608
N20261118-S009,N20261118,2026-11-19T02:45:00Z,900,true,1.133272,0.784051,0.734183,0.974129
N20261118-S010,N20261118,2026-11-19T03:00:00Z,900,true,1.162627,0.791835,0.734649,0.953609
N20261118-S011,N20261118,2026-11-19T03:15:00Z,900,true,1.155425,0.786800,0.735237,0.886285
N20261118-S012,N20261118,2026-11-19T03:30:00Z,900,true,1.143812,0.790619,0.736604,0.950759
N20261118-S013,N20261118,2026-11-19T03:45:00Z,900,true,1.162688,0.783881,0.748256,0.906471
N20261118-S014,N20261118,2026-11-19T04:00:00Z,900,true,1.195007,0.785574,0.756402,0.955160
N20261118-S015,N20261118,2026-11-19T04:15:00Z,900,true,1.173355,0.764615,0.732719,0.933621
N20261118-S016,N20261118,2026-11-19T04:30:00Z,900,true,1.173389,0.767523,0.746924,0.955873
N20261118-S017,N20261118,2026-11-19T04:45:00Z,900,true,1.135802,0.762634,0.745648,0.917996
N20261118-S018,N20261118,2026-11-19T05:00:00Z,900,true,1.129975,0.774451,0.757066,0.900440
N20261118-S019,N20261118,2026-11-19T05:15:00Z,900,true,1.144618,0.777901,0.737000,0.886057
N20261118-S020,N20261118,2026-11-19T05:30:00Z,900,true,1.139962,0.788207,0.737953,0.922440
N20261118-S021,N20261118,2026-11-19T05:45:00Z,900,true,1.151703,0.790537,0.768765,0.886955
N20261118-S022,N20261118,2026-11-19T06:00:00Z,900,true,1.123668,0.790442,0.767403,0.968262
N20261118-S023,N20261118,2026-11-19T06:15:00Z,900,true,1.181479,0.779149,0.782911,0.971085
N20261118-S024,N20261118,2026-11-19T06:30:00Z,900,true,1.177110,0.792320,0.805194,0.924960
N20261118-S025,N20261118,2026-11-19T06:45:00Z,900,true,1.187687,0.784331,0.797438,0.912869
N20261118-S026,N20261118,2026-11-19T07:00:00Z,900,true,1.214919,0.790157,0.789224,0.917338
N20261118-S027,N20261118,2026-11-19T07:15:00Z,900,true,1.219266,0.803021,0.776334,0.936967
N20261118-S028,N20261118,2026-11-19T07:30:00Z,900,true,1.241637,0.806453,0.748731,0.888528
N20261118-S029,N20261118,2026-11-19T07:45:00Z,900,true,1.223200,0.799453,0.725054,0.938836
N20261118-S030,N20261118,2026-11-19T08:00:00Z,900,true,1.249822,0.794209,0.721791,0.974789
N20261119-S001,N20261119,2026-11-20T00:45:00Z,900,true,1.122046,0.800407,0.783796,0.944768
N20261119-S002,N20261119,2026-11-20T01:00:00Z,900,true,1.127617,0.815535,0.785360,0.976970
N20261119-S003,N20261119,2026-11-20T01:15:00Z,900,true,1.115233,0.818830,0.758141,0.975008
N20261119-S004,N20261119,2026-11-20T01:30:00Z,900,true,1.100911,0.824184,0.759311,0.895074
N20261119-S005,N20261119,2026-11-20T01:45:00Z,900,true,1.107938,0.804770,0.779556,0.946125
N20261119-S006,N20261119,2026-11-20T02:00:00Z,900,false,,,,
N20261119-S007,N20261119,2026-11-20T02:15:00Z,900,true,1.015632,0.766326,0.800186,0.956807
N20261119-S008,N20261119,2026-11-20T02:30:00Z,900,true,0.993823,0.790901,0.798893,0.921203
N20261119-S009,N20261119,2026-11-20T02:45:00Z,900,true,1.007793,0.796825,0.797403,0.903061
N20261119-S010,N20261119,2026-11-20T03:00:00Z,900,true,1.042744,0.798467,0.802507,0.909031
N20261119-S011,N20261119,2026-11-20T03:15:00Z,900,true,1.057312,0.784173,0.807158,0.981045
N20261119-S012,N20261119,2026-11-20T03:30:00Z,900,true,1.088789,0.773999,0.809257,0.946276
N20261119-S013,N20261119,2026-11-20T03:45:00Z,900,true,1.165273,0.771140,0.832999,0.955557
N20261119-S014,N20261119,2026-11-20T04:00:00Z,900,true,1.192315,0.770050,0.853380,0.966459
N20261119-S015,N20261119,2026-11-20T04:15:00Z,900,true,1.162675,0.770401,0.874686,0.921462
N20261119-S016,N20261119,2026-11-20T04:30:00Z,900,true,1.158221,0.770771,0.874102,0.931466
N20261119-S017,N20261119,2026-11-20T04:45:00Z,900,true,1.091262,0.799352,0.840741,0.977605
N20261119-S018,N20261119,2026-11-20T05:00:00Z,900,true,1.098242,0.806949,0.825472,0.888945
N20261119-S019,N20261119,2026-11-20T05:15:00Z,900,true,1.094059,0.789508,0.835139,0.926678
N20261119-S020,N20261119,2026-11-20T05:30:00Z,900,true,1.101595,0.794166,0.835482,0.886542
N20261119-S021,N20261119,2026-11-20T05:45:00Z,900,true,1.072794,0.811031,0.821691,0.946956
N20261119-S022,N20261119,2026-11-20T06:00:00Z,900,true,1.074073,0.794115,0.801356,0.934341
N20261119-S023,N20261119,2026-11-20T06:15:00Z,900,true,1.094589,0.792354,0.808293,0.894821
N20261119-S024,N20261119,2026-11-20T06:30:00Z,900,true,1.082223,0.776192,0.803551,0.948199
N20261119-S025,N20261119,2026-11-20T06:45:00Z,900,true,1.094702,0.782830,0.820101,0.888288
N20261119-S026,N20261119,2026-11-20T07:00:00Z,900,true,1.125962,0.770514,0.824257,0.903231
N20261119-S027,N20261119,2026-11-20T07:15:00Z,900,true,1.144615,0.797809,0.806147,0.962491
N20261119-S028,N20261119,2026-11-20T07:30:00Z,900,true,1.141645,0.803179,0.795947,0.960508
N20261119-S029,N20261119,2026-11-20T07:45:00Z,900,true,1.151938,0.788111,0.783676,0.906785
N20261119-S030,N20261119,2026-11-20T08:00:00Z,900,true,1.228817,0.786950,0.760680,0.883815
N20261120-S001,N20261120,2026-11-21T00:45:00Z,900,true,1.250302,0.802299,0.794427,0.899354
N20261120-S002,N20261120,2026-11-21T01:00:00Z,900,true,1.257868,0.801273,0.803828,0.966861
N20261120-S003,N20261120,2026-11-21T01:15:00Z,900,true,1.268648,0.797732,0.824624,0.933694
N20261120-S004,N20261120,2026-11-21T01:30:00Z,900,true,1.244448,0.809433,0.832719,0.968327
N20261120-S005,N20261120,2026-11-21T01:45:00Z,900,true,1.250587,0.791306,0.815461,0.959968
N20261120-S006,N20261120,2026-11-21T02:00:00Z,900,true,1.228520,0.771589,0.828061,0.943632
N20261120-S007,N20261120,2026-11-21T02:15:00Z,900,true,1.225550,0.755221,0.804129,0.945508
N20261120-S008,N20261120,2026-11-21T02:30:00Z,900,true,1.233809,0.769906,0.799360,0.906356
N20261120-S009,N20261120,2026-11-21T02:45:00Z,900,true,1.171903,0.752289,0.790084,0.892127
N20261120-S010,N20261120,2026-11-21T03:00:00Z,900,true,1.169890,0.750860,0.793603,0.890061
N20261120-S011,N20261120,2026-11-21T03:15:00Z,900,true,1.218459,0.747512,0.775631,0.897792
N20261120-S012,N20261120,2026-11-21T03:30:00Z,900,true,1.216426,0.735605,0.756347,0.889011
N20261120-S013,N20261120,2026-11-21T03:45:00Z,900,true,1.231642,0.750312,0.760273,0.958661
N20261120-S014,N20261120,2026-11-21T04:00:00Z,900,true,1.214833,0.760062,0.750545,0.974243
N20261120-S015,N20261120,2026-11-21T04:15:00Z,900,true,1.249760,0.760416,0.769267,0.972381
N20261120-S016,N20261120,2026-11-21T04:30:00Z,900,true,1.226062,0.749806,0.779919,0.973074
N20261120-S017,N20261120,2026-11-21T04:45:00Z,900,true,1.247980,0.756454,0.784730,0.957598
N20261120-S018,N20261120,2026-11-21T05:00:00Z,900,true,1.222802,0.758780,0.783464,0.903423
N20261120-S019,N20261120,2026-11-21T05:15:00Z,900,true,1.185470,0.764659,0.798259,0.972665
N20261120-S020,N20261120,2026-11-21T05:30:00Z,900,true,1.178289,0.777011,0.792577,0.934117
N20261120-S021,N20261120,2026-11-21T05:45:00Z,900,true,1.159484,0.785845,0.785209,0.915589
N20261120-S022,N20261120,2026-11-21T06:00:00Z,900,true,1.203407,0.779996,0.785431,0.948444
N20261120-S023,N20261120,2026-11-21T06:15:00Z,900,true,1.190646,0.800926,0.780809,0.961182
N20261120-S024,N20261120,2026-11-21T06:30:00Z,900,true,1.202862,0.799026,0.793546,0.914349
N20261120-S025,N20261120,2026-11-21T06:45:00Z,900,true,1.242274,0.789848,0.796336,0.974345
N20261120-S026,N20261120,2026-11-21T07:00:00Z,900,true,1.219423,0.777987,0.781526,0.900383
N20261120-S027,N20261120,2026-11-21T07:15:00Z,900,true,1.286951,0.802560,0.774203,0.890939
N20261120-S028,N20261120,2026-11-21T07:30:00Z,900,true,1.273286,0.795766,0.749725,0.911095
N20261120-S029,N20261120,2026-11-21T07:45:00Z,900,true,1.264763,0.793023,0.766225,0.944547
N20261120-S030,N20261120,2026-11-21T08:00:00Z,900,true,1.261603,0.805369,0.780558,0.941538
N20261121-S001,N20261121,2026-11-22T00:45:00Z,900,true,1.335065,0.816470,0.783268,0.940813
N20261121-S002,N20261121,2026-11-22T01:00:00Z,900,true,1.340022,0.796900,0.817151,0.938429
N20261121-S003,N20261121,2026-11-22T01:15:00Z,900,true,1.318162,0.797466,0.797818,0.968490
N20261121-S004,N20261121,2026-11-22T01:30:00Z,900,true,1.347913,0.832283,0.789293,0.970304
N20261121-S005,N20261121,2026-11-22T01:45:00Z,900,true,1.368409,0.842266,0.804407,0.900611
N20261121-S006,N20261121,2026-11-22T02:00:00Z,900,true,1.345933,0.840789,0.790704,0.907717
N20261121-S007,N20261121,2026-11-22T02:15:00Z,900,true,1.340772,0.839867,0.792145,0.938174
N20261121-S008,N20261121,2026-11-22T02:30:00Z,900,true,1.356705,0.824644,0.795327,0.927151
N20261121-S009,N20261121,2026-11-22T02:45:00Z,900,true,1.338342,0.819532,0.833020,0.935958
N20261121-S010,N20261121,2026-11-22T03:00:00Z,900,true,1.377294,0.808221,0.845380,0.949578
N20261121-S011,N20261121,2026-11-22T03:15:00Z,900,true,1.356970,0.801332,0.843024,0.905111
N20261121-S012,N20261121,2026-11-22T03:30:00Z,900,true,1.365220,0.815990,0.840208,0.985242
N20261121-S013,N20261121,2026-11-22T03:45:00Z,900,true,1.411182,0.842831,0.820667,0.974696
N20261121-S014,N20261121,2026-11-22T04:00:00Z,900,false,,,,
N20261121-S015,N20261121,2026-11-22T04:15:00Z,900,false,,,,
N20261121-S016,N20261121,2026-11-22T04:30:00Z,900,true,1.393491,0.825935,0.764149,0.917708
N20261121-S017,N20261121,2026-11-22T04:45:00Z,900,true,1.401465,0.819962,0.755183,0.932533
N20261121-S018,N20261121,2026-11-22T05:00:00Z,900,true,1.387910,0.829155,0.754312,0.921383
N20261121-S019,N20261121,2026-11-22T05:15:00Z,900,true,1.371365,0.808267,0.723529,0.961784
N20261121-S020,N20261121,2026-11-22T05:30:00Z,900,true,1.401278,0.814071,0.720897,0.898520
N20261121-S021,N20261121,2026-11-22T05:45:00Z,900,true,1.379844,0.810360,0.686902,0.914127
N20261121-S022,N20261121,2026-11-22T06:00:00Z,900,true,1.386020,0.791977,0.700962,0.947287
N20261121-S023,N20261121,2026-11-22T06:15:00Z,900,true,1.377516,0.812798,0.726899,0.965318
N20261121-S024,N20261121,2026-11-22T06:30:00Z,900,true,1.432926,0.843707,0.748455,0.956584
N20261121-S025,N20261121,2026-11-22T06:45:00Z,900,true,1.395501,0.831501,0.788633,0.917722
N20261121-S026,N20261121,2026-11-22T07:00:00Z,900,true,1.388739,0.825129,0.777218,0.897879
N20261121-S027,N20261121,2026-11-22T07:15:00Z,900,true,1.381132,0.824558,0.803089,0.944788
N20261121-S028,N20261121,2026-11-22T07:30:00Z,900,true,1.361687,0.818926,0.794173,0.931691
N20261121-S029,N20261121,2026-11-22T07:45:00Z,900,true,1.360686,0.838696,0.811334,0.928375
N20261121-S030,N20261121,2026-11-22T08:00:00Z,900,true,1.344310,0.832995,0.772200,0.923484
N20261122-S001,N20261122,2026-11-23T00:45:00Z,900,true,1.153559,0.858403,0.884839,0.940821
N20261122-S002,N20261122,2026-11-23T01:00:00Z,900,true,1.137491,0.851144,0.895041,0.934963
N20261122-S003,N20261122,2026-11-23T01:15:00Z,900,true,1.178756,0.846340,0.857456,0.987623
N20261122-S004,N20261122,2026-11-23T01:30:00Z,900,true,1.222198,0.862969,0.831248,0.938954
N20261122-S005,N20261122,2026-11-23T01:45:00Z,900,true,1.202756,0.872363,0.860808,0.951389
N20261122-S006,N20261122,2026-11-23T02:00:00Z,900,true,1.233294,0.887018,0.832537,0.996839
N20261122-S007,N20261122,2026-11-23T02:15:00Z,900,true,1.234449,0.897048,0.847918,0.954061
N20261122-S008,N20261122,2026-11-23T02:30:00Z,900,true,1.246813,0.894353,0.877675,0.974805
N20261122-S009,N20261122,2026-11-23T02:45:00Z,900,true,1.247139,0.893819,0.900635,0.921225
N20261122-S010,N20261122,2026-11-23T03:00:00Z,900,true,1.214781,0.883491,0.907842,0.918164
N20261122-S011,N20261122,2026-11-23T03:15:00Z,900,true,1.258346,0.878557,0.936864,0.957150
N20261122-S012,N20261122,2026-11-23T03:30:00Z,900,true,1.256855,0.882730,0.920729,0.992128
N20261122-S013,N20261122,2026-11-23T03:45:00Z,900,true,1.266631,0.887528,0.904640,0.927105
N20261122-S014,N20261122,2026-11-23T04:00:00Z,900,true,1.225313,0.898814,0.884495,0.974122
N20261122-S015,N20261122,2026-11-23T04:15:00Z,900,true,1.181910,0.892577,0.902788,0.938136
N20261122-S016,N20261122,2026-11-23T04:30:00Z,900,true,1.144745,0.903775,0.909631,0.949840
N20261122-S017,N20261122,2026-11-23T04:45:00Z,900,true,1.099189,0.902455,0.895967,0.932423
N20261122-S018,N20261122,2026-11-23T05:00:00Z,900,true,1.091530,0.893640,0.912740,0.948506
N20261122-S019,N20261122,2026-11-23T05:15:00Z,900,true,1.091729,0.876982,0.885079,0.927288
N20261122-S020,N20261122,2026-11-23T05:30:00Z,900,true,1.075531,0.881254,0.847252,0.992565
N20261122-S021,N20261122,2026-11-23T05:45:00Z,900,true,1.077167,0.879517,0.855288,0.921175
N20261122-S022,N20261122,2026-11-23T06:00:00Z,900,true,1.088151,0.880617,0.853842,0.999915
N20261122-S023,N20261122,2026-11-23T06:15:00Z,900,true,1.111392,0.892730,0.834207,0.962858
N20261122-S024,N20261122,2026-11-23T06:30:00Z,900,true,1.130129,0.885940,0.842319,0.938611
N20261122-S025,N20261122,2026-11-23T06:45:00Z,900,true,1.130625,0.896193,0.871964,0.917359
N20261122-S026,N20261122,2026-11-23T07:00:00Z,900,false,,,,
N20261122-S027,N20261122,2026-11-23T07:15:00Z,900,false,,,,
N20261122-S028,N20261122,2026-11-23T07:30:00Z,900,false,,,,
N20261122-S029,N20261122,2026-11-23T07:45:00Z,900,true,1.184307,0.863043,0.820291,0.987755
N20261122-S030,N20261122,2026-11-23T08:00:00Z,900,true,1.138271,0.837699,0.803521,0.944526
N20261123-S001,N20261123,2026-11-24T00:45:00Z,900,true,1.270629,0.860517,0.907364,0.944345
N20261123-S002,N20261123,2026-11-24T01:00:00Z,900,true,1.287539,0.854744,0.925829,0.970097
N20261123-S003,N20261123,2026-11-24T01:15:00Z,900,true,1.269711,0.844450,0.946663,0.948727
N20261123-S004,N20261123,2026-11-24T01:30:00Z,900,false,,,,
N20261123-S005,N20261123,2026-11-24T01:45:00Z,900,false,,,,
N20261123-S006,N20261123,2026-11-24T02:00:00Z,900,true,1.350742,0.859551,0.901207,0.412502
N20261123-S007,N20261123,2026-11-24T02:15:00Z,900,true,1.327262,0.863384,0.887340,0.409106
N20261123-S008,N20261123,2026-11-24T02:30:00Z,900,true,1.326832,0.855454,0.873026,0.428785
N20261123-S009,N20261123,2026-11-24T02:45:00Z,900,true,1.313676,0.869718,0.858263,0.441720
N20261123-S010,N20261123,2026-11-24T03:00:00Z,900,true,1.309069,0.864409,0.881663,0.435500
N20261123-S011,N20261123,2026-11-24T03:15:00Z,900,true,1.285474,0.842277,0.899673,0.435134
N20261123-S012,N20261123,2026-11-24T03:30:00Z,900,true,1.315507,0.841737,0.889349,0.436609
N20261123-S013,N20261123,2026-11-24T03:45:00Z,900,true,1.297217,0.857628,0.898800,0.439675
N20261123-S014,N20261123,2026-11-24T04:00:00Z,900,true,1.245082,0.857233,0.885807,0.433417
N20261123-S015,N20261123,2026-11-24T04:15:00Z,900,true,1.187298,0.857027,0.888982,0.426224
N20261123-S016,N20261123,2026-11-24T04:30:00Z,900,true,1.227251,0.848106,0.876113,0.406554
N20261123-S017,N20261123,2026-11-24T04:45:00Z,900,true,1.256755,0.868644,0.875438,0.407178
N20261123-S018,N20261123,2026-11-24T05:00:00Z,900,true,1.179815,0.878477,0.862888,0.405623
N20261123-S019,N20261123,2026-11-24T05:15:00Z,900,true,1.180261,0.888055,0.857820,0.432169
N20261123-S020,N20261123,2026-11-24T05:30:00Z,900,true,1.259363,0.882954,0.887695,0.417163
N20261123-S021,N20261123,2026-11-24T05:45:00Z,900,true,1.279726,0.881538,0.892604,0.445416
N20261123-S022,N20261123,2026-11-24T06:00:00Z,900,true,1.249745,0.877066,0.902008,0.431704
N20261123-S023,N20261123,2026-11-24T06:15:00Z,900,true,1.285010,0.900824,0.892986,0.412330
N20261123-S024,N20261123,2026-11-24T06:30:00Z,900,true,1.247595,0.897590,0.881349,0.427213
N20261123-S025,N20261123,2026-11-24T06:45:00Z,900,true,1.251954,0.887744,0.902837,0.445391
N20261123-S026,N20261123,2026-11-24T07:00:00Z,900,true,1.340428,0.889570,0.915581,0.401937
N20261123-S027,N20261123,2026-11-24T07:15:00Z,900,true,1.320706,0.883803,0.915104,0.443384
N20261123-S028,N20261123,2026-11-24T07:30:00Z,900,true,1.339739,0.887623,0.931434,0.409291
N20261123-S029,N20261123,2026-11-24T07:45:00Z,900,true,1.294229,0.898773,0.946540,0.441815
N20261123-S030,N20261123,2026-11-24T08:00:00Z,900,true,1.274640,0.878967,0.964435,0.416153
N20261124-S001,N20261124,2026-11-25T00:45:00Z,900,true,1.357355,0.842458,0.960369,0.444937
N20261124-S002,N20261124,2026-11-25T01:00:00Z,900,true,1.356546,0.844550,0.970342,0.438120
N20261124-S003,N20261124,2026-11-25T01:15:00Z,900,true,1.405978,0.827347,0.954508,0.443525
N20261124-S004,N20261124,2026-11-25T01:30:00Z,900,true,1.441948,0.810925,0.942549,0.427859
N20261124-S005,N20261124,2026-11-25T01:45:00Z,900,true,1.450683,0.805161,0.916071,0.428724
N20261124-S006,N20261124,2026-11-25T02:00:00Z,900,true,1.474479,0.817929,0.935951,0.402275
N20261124-S007,N20261124,2026-11-25T02:15:00Z,900,true,1.437927,0.847866,0.941201,0.417449
N20261124-S008,N20261124,2026-11-25T02:30:00Z,900,true,1.463523,0.854521,0.958587,0.440188
N20261124-S009,N20261124,2026-11-25T02:45:00Z,900,true,1.456958,0.854961,0.955280,0.434198
N20261124-S010,N20261124,2026-11-25T03:00:00Z,900,false,,,,
N20261124-S011,N20261124,2026-11-25T03:15:00Z,900,false,,,,
N20261124-S012,N20261124,2026-11-25T03:30:00Z,900,false,,,,
N20261124-S013,N20261124,2026-11-25T03:45:00Z,900,false,,,,
N20261124-S014,N20261124,2026-11-25T04:00:00Z,900,false,,,,
N20261124-S015,N20261124,2026-11-25T04:15:00Z,900,false,,,,
N20261124-S016,N20261124,2026-11-25T04:30:00Z,900,false,,,,
N20261124-S017,N20261124,2026-11-25T04:45:00Z,900,false,,,,
N20261124-S018,N20261124,2026-11-25T05:00:00Z,900,true,1.337746,0.861137,0.943334,0.442316
N20261124-S019,N20261124,2026-11-25T05:15:00Z,900,true,1.351636,0.866604,0.936573,0.409783
N20261124-S020,N20261124,2026-11-25T05:30:00Z,900,true,1.329837,0.861130,0.954547,0.404389
N20261124-S021,N20261124,2026-11-25T05:45:00Z,900,true,1.267558,0.878922,0.943154,0.444362
N20261124-S022,N20261124,2026-11-25T06:00:00Z,900,true,1.250467,0.874372,0.934792,0.408447
N20261124-S023,N20261124,2026-11-25T06:15:00Z,900,true,1.289098,0.884408,0.918662,0.402540
N20261124-S024,N20261124,2026-11-25T06:30:00Z,900,true,1.359083,0.883148,0.892872,0.412403
N20261124-S025,N20261124,2026-11-25T06:45:00Z,900,true,1.364677,0.901133,0.900134,0.408831
N20261124-S026,N20261124,2026-11-25T07:00:00Z,900,true,1.370660,0.898557,0.908051,0.441109
N20261124-S027,N20261124,2026-11-25T07:15:00Z,900,true,1.440863,0.903446,0.942305,0.438079
N20261124-S028,N20261124,2026-11-25T07:30:00Z,900,true,1.399318,0.902032,0.941567,0.437524
N20261124-S029,N20261124,2026-11-25T07:45:00Z,900,true,1.444879,0.896921,0.957147,0.412698
N20261124-S030,N20261124,2026-11-25T08:00:00Z,900,true,1.394747,0.893670,0.934060,0.413228
N20261125-S001,N20261125,2026-11-26T00:45:00Z,900,true,1.509844,0.772678,1.055018,0.439081
N20261125-S002,N20261125,2026-11-26T01:00:00Z,900,true,1.492844,0.782161,1.048008,0.416374
N20261125-S003,N20261125,2026-11-26T01:15:00Z,900,true,1.500276,0.783142,1.039885,0.423901
N20261125-S004,N20261125,2026-11-26T01:30:00Z,900,true,1.510020,0.780027,1.062027,0.425331
N20261125-S005,N20261125,2026-11-26T01:45:00Z,900,true,1.547532,0.767757,1.041310,0.406193
N20261125-S006,N20261125,2026-11-26T02:00:00Z,900,true,1.544051,0.767533,1.026421,0.441327
N20261125-S007,N20261125,2026-11-26T02:15:00Z,900,true,1.587932,0.767730,1.003183,0.413694
N20261125-S008,N20261125,2026-11-26T02:30:00Z,900,true,1.596191,0.776498,1.037529,0.424574
N20261125-S009,N20261125,2026-11-26T02:45:00Z,900,true,1.595616,0.777564,1.054869,0.418619
N20261125-S010,N20261125,2026-11-26T03:00:00Z,900,true,1.563028,0.763631,1.032865,0.417783
N20261125-S011,N20261125,2026-11-26T03:15:00Z,900,true,1.591487,0.760030,1.000197,0.429887
N20261125-S012,N20261125,2026-11-26T03:30:00Z,900,true,1.581555,0.756215,1.032436,0.438197
N20261125-S013,N20261125,2026-11-26T03:45:00Z,900,true,1.589035,0.769550,1.015275,0.422980
N20261125-S014,N20261125,2026-11-26T04:00:00Z,900,true,1.579570,0.775139,1.024666,0.442475
N20261125-S015,N20261125,2026-11-26T04:15:00Z,900,true,1.629189,0.775082,1.034039,0.430484
N20261125-S016,N20261125,2026-11-26T04:30:00Z,900,true,1.643900,0.788540,1.043374,0.428020
N20261125-S017,N20261125,2026-11-26T04:45:00Z,900,true,1.623373,0.779817,1.052597,0.410046
N20261125-S018,N20261125,2026-11-26T05:00:00Z,900,true,1.588623,0.774651,1.035519,0.417572
N20261125-S019,N20261125,2026-11-26T05:15:00Z,900,true,1.563656,0.791402,1.057790,0.434664
N20261125-S020,N20261125,2026-11-26T05:30:00Z,900,true,1.564007,0.783404,1.052867,0.444047
N20261125-S021,N20261125,2026-11-26T05:45:00Z,900,true,1.511396,0.768893,1.041323,0.414418
N20261125-S022,N20261125,2026-11-26T06:00:00Z,900,true,1.501057,0.754995,1.075747,0.444330
N20261125-S023,N20261125,2026-11-26T06:15:00Z,900,true,1.480875,0.751294,1.096123,0.408340
N20261125-S024,N20261125,2026-11-26T06:30:00Z,900,true,1.501192,0.762277,1.069554,0.403121
N20261125-S025,N20261125,2026-11-26T06:45:00Z,900,true,1.456857,0.761789,1.069457,0.404072
N20261125-S026,N20261125,2026-11-26T07:00:00Z,900,true,1.439786,0.759769,1.043525,0.434005
N20261125-S027,N20261125,2026-11-26T07:15:00Z,900,true,1.471945,0.754834,1.050998,0.428460
N20261125-S028,N20261125,2026-11-26T07:30:00Z,900,true,1.550787,0.747789,1.043617,0.442519
N20261125-S029,N20261125,2026-11-26T07:45:00Z,900,true,1.514816,0.746108,1.066271,0.402155
N20261125-S030,N20261125,2026-11-26T08:00:00Z,900,true,1.479346,0.744606,1.064939,0.407455
N20261126-S001,N20261126,2026-11-27T00:45:00Z,900,true,1.405206,0.801423,1.030811,0.402495
N20261126-S002,N20261126,2026-11-27T01:00:00Z,900,true,1.348591,0.798875,1.012715,0.407323
N20261126-S003,N20261126,2026-11-27T01:15:00Z,900,true,1.342292,0.828743,1.023480,0.439206
N20261126-S004,N20261126,2026-11-27T01:30:00Z,900,true,1.354836,0.819737,1.009721,0.410379
N20261126-S005,N20261126,2026-11-27T01:45:00Z,900,true,1.381312,0.827277,1.006668,0.404791
N20261126-S006,N20261126,2026-11-27T02:00:00Z,900,true,1.376092,0.835869,1.048744,0.408143
N20261126-S007,N20261126,2026-11-27T02:15:00Z,900,true,1.408078,0.842690,1.045335,0.442190
N20261126-S008,N20261126,2026-11-27T02:30:00Z,900,true,1.425573,0.849708,1.038636,0.436586
N20261126-S009,N20261126,2026-11-27T02:45:00Z,900,true,1.408941,0.849291,1.033664,0.417257
N20261126-S010,N20261126,2026-11-27T03:00:00Z,900,true,1.433588,0.837729,1.046003,0.438946
N20261126-S011,N20261126,2026-11-27T03:15:00Z,900,true,1.421695,0.842925,1.063462,0.443361
N20261126-S012,N20261126,2026-11-27T03:30:00Z,900,true,1.403277,0.833184,1.057740,0.424172
N20261126-S013,N20261126,2026-11-27T03:45:00Z,900,true,1.411251,0.827499,1.039650,0.408903
N20261126-S014,N20261126,2026-11-27T04:00:00Z,900,true,1.418350,0.825467,1.029785,0.436111
N20261126-S015,N20261126,2026-11-27T04:15:00Z,900,true,1.399075,0.825525,0.995855,0.434582
N20261126-S016,N20261126,2026-11-27T04:30:00Z,900,true,1.395109,0.816161,0.983130,0.422840
N20261126-S017,N20261126,2026-11-27T04:45:00Z,900,true,1.383630,0.812734,0.999200,0.410950
N20261126-S018,N20261126,2026-11-27T05:00:00Z,900,true,1.405091,0.813241,0.972886,0.402291
N20261126-S019,N20261126,2026-11-27T05:15:00Z,900,true,1.453624,0.816593,0.966286,0.429195
N20261126-S020,N20261126,2026-11-27T05:30:00Z,900,true,1.473022,0.810841,0.977050,0.420805
N20261126-S021,N20261126,2026-11-27T05:45:00Z,900,true,1.460841,0.811431,0.991987,0.403467
N20261126-S022,N20261126,2026-11-27T06:00:00Z,900,true,1.416337,0.812606,0.976166,0.420003
N20261126-S023,N20261126,2026-11-27T06:15:00Z,900,true,1.435843,0.808879,0.967511,0.421443
N20261126-S024,N20261126,2026-11-27T06:30:00Z,900,true,1.376379,0.830303,0.971513,0.401987
N20261126-S025,N20261126,2026-11-27T06:45:00Z,900,true,1.393322,0.826322,0.950163,0.431805
N20261126-S026,N20261126,2026-11-27T07:00:00Z,900,true,1.464082,0.832019,0.945340,0.438988
N20261126-S027,N20261126,2026-11-27T07:15:00Z,900,true,1.498118,0.825454,0.943496,0.417254
N20261126-S028,N20261126,2026-11-27T07:30:00Z,900,true,1.517910,0.816306,0.963135,0.415470
N20261126-S029,N20261126,2026-11-27T07:45:00Z,900,true,1.527681,0.824965,0.963556,0.431297
N20261126-S030,N20261126,2026-11-27T08:00:00Z,900,true,1.519191,0.831276,1.010503,0.420792
N20261127-S001,N20261127,2026-11-28T00:45:00Z,900,true,1.351440,0.811763,0.953540,0.411340
N20261127-S002,N20261127,2026-11-28T01:00:00Z,900,true,1.389506,0.808911,0.949224,0.434384
N20261127-S003,N20261127,2026-11-28T01:15:00Z,900,true,1.382672,0.826280,0.947173,0.416868
N20261127-S004,N20261127,2026-11-28T01:30:00Z,900,true,1.401940,0.810944,0.956895,0.417091
N20261127-S005,N20261127,2026-11-28T01:45:00Z,900,true,1.403243,0.814519,0.978273,0.424473
N20261127-S006,N20261127,2026-11-28T02:00:00Z,900,true,1.385247,0.808482,0.972096,0.441439
N20261127-S007,N20261127,2026-11-28T02:15:00Z,900,false,,,,
N20261127-S008,N20261127,2026-11-28T02:30:00Z,900,false,,,,
N20261127-S009,N20261127,2026-11-28T02:45:00Z,900,false,,,,
N20261127-S010,N20261127,2026-11-28T03:00:00Z,900,false,,,,
N20261127-S011,N20261127,2026-11-28T03:15:00Z,900,false,,,,
N20261127-S012,N20261127,2026-11-28T03:30:00Z,900,true,1.354692,0.810104,0.936907,0.419554
N20261127-S013,N20261127,2026-11-28T03:45:00Z,900,true,1.404838,0.807443,0.944287,0.438983
N20261127-S014,N20261127,2026-11-28T04:00:00Z,900,true,1.389639,0.797917,0.946804,0.439566
N20261127-S015,N20261127,2026-11-28T04:15:00Z,900,true,1.372280,0.799166,0.967905,0.442049
N20261127-S016,N20261127,2026-11-28T04:30:00Z,900,true,1.371072,0.801039,0.967899,0.411984
N20261127-S017,N20261127,2026-11-28T04:45:00Z,900,true,1.374379,0.806693,0.961868,0.445107
N20261127-S018,N20261127,2026-11-28T05:00:00Z,900,true,1.335498,0.808905,0.956061,0.405233
N20261127-S019,N20261127,2026-11-28T05:15:00Z,900,true,1.325801,0.799399,0.990226,0.434923
N20261127-S020,N20261127,2026-11-28T05:30:00Z,900,true,1.306061,0.808056,0.977699,0.438775
N20261127-S021,N20261127,2026-11-28T05:45:00Z,900,true,1.334266,0.820463,0.988500,0.406356
N20261127-S022,N20261127,2026-11-28T06:00:00Z,900,true,1.308569,0.834156,0.949484,0.415847
N20261127-S023,N20261127,2026-11-28T06:15:00Z,900,true,1.312625,0.824468,0.948147,0.444304
N20261127-S024,N20261127,2026-11-28T06:30:00Z,900,true,1.351484,0.827021,0.955639,0.422782
N20261127-S025,N20261127,2026-11-28T06:45:00Z,900,true,1.356784,0.818977,0.930592,0.443997
N20261127-S026,N20261127,2026-11-28T07:00:00Z,900,true,1.349980,0.824643,0.952632,0.442516
N20261127-S027,N20261127,2026-11-28T07:15:00Z,900,true,1.316563,0.809505,0.956446,0.408072
N20261127-S028,N20261127,2026-11-28T07:30:00Z,900,true,1.309059,0.823779,0.949336,0.407709
N20261127-S029,N20261127,2026-11-28T07:45:00Z,900,true,1.335780,0.829514,0.934935,0.442870
N20261127-S030,N20261127,2026-11-28T08:00:00Z,900,true,1.334803,0.825407,0.939464,0.401328
N20261128-S001,N20261128,2026-11-29T00:45:00Z,900,true,1.346285,0.820868,0.915475,0.414751
N20261128-S002,N20261128,2026-11-29T01:00:00Z,900,true,1.394087,0.808412,0.901935,0.411153
N20261128-S003,N20261128,2026-11-29T01:15:00Z,900,true,1.443929,0.824003,0.888668,0.438001
N20261128-S004,N20261128,2026-11-29T01:30:00Z,900,true,1.459095,0.823108,0.855756,0.418317
N20261128-S005,N20261128,2026-11-29T01:45:00Z,900,true,1.439205,0.829553,0.857625,0.402584
N20261128-S006,N20261128,2026-11-29T02:00:00Z,900,true,1.494758,0.820856,0.868419,0.409401
N20261128-S007,N20261128,2026-11-29T02:15:00Z,900,true,1.469326,0.838796,0.872353,0.444990
N20261128-S008,N20261128,2026-11-29T02:30:00Z,900,true,1.460322,0.840531,0.878565,0.423522
N20261128-S009,N20261128,2026-11-29T02:45:00Z,900,true,1.514547,0.840674,0.893889,0.406007
N20261128-S010,N20261128,2026-11-29T03:00:00Z,900,true,1.450249,0.857640,0.905299,0.442214
N20261128-S011,N20261128,2026-11-29T03:15:00Z,900,true,1.429216,0.873696,0.862482,0.423008
N20261128-S012,N20261128,2026-11-29T03:30:00Z,900,true,1.461866,0.880520,0.875583,0.435438
N20261128-S013,N20261128,2026-11-29T03:45:00Z,900,true,1.453301,0.875191,0.884015,0.429610
N20261128-S014,N20261128,2026-11-29T04:00:00Z,900,true,1.438967,0.856239,0.910464,0.423451
N20261128-S015,N20261128,2026-11-29T04:15:00Z,900,true,1.434608,0.856680,0.929501,0.436115
N20261128-S016,N20261128,2026-11-29T04:30:00Z,900,true,1.410176,0.852266,0.911166,0.403516
N20261128-S017,N20261128,2026-11-29T04:45:00Z,900,true,1.382167,0.849265,0.899891,0.404924
N20261128-S018,N20261128,2026-11-29T05:00:00Z,900,true,1.427885,0.873450,0.903346,0.404864
N20261128-S019,N20261128,2026-11-29T05:15:00Z,900,true,1.451850,0.888297,0.900651,0.426801
N20261128-S020,N20261128,2026-11-29T05:30:00Z,900,true,1.436007,0.882887,0.899499,0.428310
N20261128-S021,N20261128,2026-11-29T05:45:00Z,900,true,1.474052,0.861906,0.913788,0.418451
N20261128-S022,N20261128,2026-11-29T06:00:00Z,900,true,1.483452,0.850273,0.899062,0.418126
N20261128-S023,N20261128,2026-11-29T06:15:00Z,900,true,1.461342,0.860928,0.907695,0.420182
N20261128-S024,N20261128,2026-11-29T06:30:00Z,900,true,1.465266,0.846223,0.896712,0.409962
N20261128-S025,N20261128,2026-11-29T06:45:00Z,900,true,1.437412,0.844188,0.925162,0.430354
N20261128-S026,N20261128,2026-11-29T07:00:00Z,900,true,1.479834,0.848387,0.912616,0.406557
N20261128-S027,N20261128,2026-11-29T07:15:00Z,900,true,1.490936,0.851826,0.899024,0.441329
N20261128-S028,N20261128,2026-11-29T07:30:00Z,900,true,1.501400,0.838914,0.895857,0.413838
N20261128-S029,N20261128,2026-11-29T07:45:00Z,900,true,1.542715,0.843702,0.886298,0.414574
N20261128-S030,N20261128,2026-11-29T08:00:00Z,900,true,1.530403,0.828492,0.887566,0.441579
N20261129-S001,N20261129,2026-11-30T00:45:00Z,900,true,1.259483,0.851506,0.972480,0.416988
N20261129-S002,N20261129,2026-11-30T01:00:00Z,900,true,1.242048,0.872268,0.972641,0.415680
N20261129-S003,N20261129,2026-11-30T01:15:00Z,900,true,1.269100,0.889739,0.969530,0.405570
N20261129-S004,N20261129,2026-11-30T01:30:00Z,900,true,1.238661,0.897327,0.968723,0.412074
N20261129-S005,N20261129,2026-11-30T01:45:00Z,900,true,1.251968,0.895380,0.964737,0.434871
N20261129-S006,N20261129,2026-11-30T02:00:00Z,900,true,1.239271,0.898849,0.964140,0.422628
N20261129-S007,N20261129,2026-11-30T02:15:00Z,900,true,1.175773,0.888582,0.954777,0.428396
N20261129-S008,N20261129,2026-11-30T02:30:00Z,900,true,1.177588,0.888704,0.962803,0.412933
N20261129-S009,N20261129,2026-11-30T02:45:00Z,900,true,1.214583,0.884917,0.957041,0.417800
N20261129-S010,N20261129,2026-11-30T03:00:00Z,900,true,1.246010,0.886166,0.933432,0.436402
N20261129-S011,N20261129,2026-11-30T03:15:00Z,900,true,1.289384,0.890853,0.932413,0.438694
N20261129-S012,N20261129,2026-11-30T03:30:00Z,900,true,1.282148,0.911268,0.946721,0.444210
N20261129-S013,N20261129,2026-11-30T03:45:00Z,900,true,1.285172,0.920745,0.932211,0.422696
N20261129-S014,N20261129,2026-11-30T04:00:00Z,900,true,1.302547,0.914845,0.937483,0.430378
N20261129-S015,N20261129,2026-11-30T04:15:00Z,900,true,1.312778,0.910115,0.922128,0.442329
N20261129-S016,N20261129,2026-11-30T04:30:00Z,900,true,1.318165,0.904376,0.917661,0.419448
N20261129-S017,N20261129,2026-11-30T04:45:00Z,900,true,1.325650,0.904611,0.931949,0.403732
N20261129-S018,N20261129,2026-11-30T05:00:00Z,900,true,1.316238,0.916109,0.903912,0.408225
N20261129-S019,N20261129,2026-11-30T05:15:00Z,900,true,1.343265,0.902940,0.931662,0.431627
N20261129-S020,N20261129,2026-11-30T05:30:00Z,900,true,1.330331,0.881660,0.919808,0.444338
N20261129-S021,N20261129,2026-11-30T05:45:00Z,900,true,1.372879,0.871339,0.975932,0.425973
N20261129-S022,N20261129,2026-11-30T06:00:00Z,900,true,1.326721,0.869307,0.971110,0.423122
N20261129-S023,N20261129,2026-11-30T06:15:00Z,900,true,1.331311,0.873254,0.974775,0.415412
N20261129-S024,N20261129,2026-11-30T06:30:00Z,900,true,1.332999,0.854744,0.984927,0.405268
N20261129-S025,N20261129,2026-11-30T06:45:00Z,900,true,1.295762,0.852573,0.986929,0.404925
N20261129-S026,N20261129,2026-11-30T07:00:00Z,900,true,1.318337,0.863576,0.977196,0.430675
N20261129-S027,N20261129,2026-11-30T07:15:00Z,900,true,1.293142,0.849780,0.987788,0.423774
N20261129-S028,N20261129,2026-11-30T07:30:00Z,900,true,1.289358,0.860649,0.990835,0.428808
N20261129-S029,N20261129,2026-11-30T07:45:00Z,900,true,1.228057,0.868138,1.010007,0.429976
N20261129-S030,N20261129,2026-11-30T08:00:00Z,900,true,1.231975,0.860108,1.001968,0.408107
N20261130-S001,N20261130,2026-12-01T00:45:00Z,900,true,1.370474,0.835717,0.944863,0.442568
N20261130-S002,N20261130,2026-12-01T01:00:00Z,900,true,1.386496,0.828594,0.945716,0.431885
N20261130-S003,N20261130,2026-12-01T01:15:00Z,900,true,1.387416,0.830596,0.950947,0.427447
N20261130-S004,N20261130,2026-12-01T01:30:00Z,900,true,1.354999,0.820147,0.962627,0.413239
N20261130-S005,N20261130,2026-12-01T01:45:00Z,900,true,1.350369,0.847002,0.983826,0.429673
N20261130-S006,N20261130,2026-12-01T02:00:00Z,900,true,1.344476,0.830547,1.001975,0.434319
N20261130-S007,N20261130,2026-12-01T02:15:00Z,900,true,1.352904,0.842507,0.987382,0.437672
N20261130-S008,N20261130,2026-12-01T02:30:00Z,900,true,1.315494,0.835683,0.987856,0.428312
N20261130-S009,N20261130,2026-12-01T02:45:00Z,900,true,1.350081,0.835047,0.986017,0.429277
N20261130-S010,N20261130,2026-12-01T03:00:00Z,900,true,1.409705,0.838923,0.995994,0.438779
N20261130-S011,N20261130,2026-12-01T03:15:00Z,900,true,1.414573,0.858166,1.017681,0.410681
N20261130-S012,N20261130,2026-12-01T03:30:00Z,900,true,1.447695,0.847130,1.003126,0.411255
N20261130-S013,N20261130,2026-12-01T03:45:00Z,900,false,,,,
N20261130-S014,N20261130,2026-12-01T04:00:00Z,900,true,1.414199,0.853941,0.990503,0.401928
N20261130-S015,N20261130,2026-12-01T04:15:00Z,900,true,1.362266,0.852956,0.978181,0.423039
N20261130-S016,N20261130,2026-12-01T04:30:00Z,900,true,1.375907,0.843181,0.966375,0.438764
N20261130-S017,N20261130,2026-12-01T04:45:00Z,900,true,1.363041,0.850183,0.954399,0.438792
N20261130-S018,N20261130,2026-12-01T05:00:00Z,900,true,1.325502,0.839808,0.962327,0.413373
N20261130-S019,N20261130,2026-12-01T05:15:00Z,900,true,1.327820,0.867858,0.962250,0.414373
N20261130-S020,N20261130,2026-12-01T05:30:00Z,900,true,1.289486,0.853479,0.987622,0.407159
N20261130-S021,N20261130,2026-12-01T05:45:00Z,900,true,1.250383,0.830855,0.977934,0.420950
N20261130-S022,N20261130,2026-12-01T06:00:00Z,900,true,1.297963,0.836994,0.964741,0.441916
N20261130-S023,N20261130,2026-12-01T06:15:00Z,900,true,1.292938,0.838273,0.960079,0.430644
N20261130-S024,N20261130,2026-12-01T06:30:00Z,900,true,1.322230,0.843232,0.959924,0.443275
N20261130-S025,N20261130,2026-12-01T06:45:00Z,900,true,1.243588,0.837744,0.958724,0.423191
N20261130-S026,N20261130,2026-12-01T07:00:00Z,900,true,1.268444,0.824446,0.961426,0.409203
N20261130-S027,N20261130,2026-12-01T07:15:00Z,900,true,1.293791,0.820973,0.959199,0.418097
N20261130-S028,N20261130,2026-12-01T07:30:00Z,900,true,1.309977,0.810123,0.959275,0.411932
N20261130-S029,N20261130,2026-12-01T07:45:00Z,900,true,1.220129,0.794027,0.966089,0.403869
N20261130-S030,N20261130,2026-12-01T08:00:00Z,900,true,1.222599,0.817991,0.961201,0.445457
N20261201-S001,N20261201,2026-12-02T00:45:00Z,900,true,1.320836,0.828458,0.906902,0.440614
N20261201-S002,N20261201,2026-12-02T01:00:00Z,900,true,1.281527,0.808934,0.887017,0.404673
N20261201-S003,N20261201,2026-12-02T01:15:00Z,900,true,1.299819,0.820894,0.877003,0.401333
N20261201-S004,N20261201,2026-12-02T01:30:00Z,900,true,1.316936,0.814233,0.873715,0.434257
N20261201-S005,N20261201,2026-12-02T01:45:00Z,900,true,1.274079,0.802639,0.880666,0.424476
N20261201-S006,N20261201,2026-12-02T02:00:00Z,900,true,1.317336,0.790255,0.845054,0.432393
N20261201-S007,N20261201,2026-12-02T02:15:00Z,900,true,1.374919,0.789576,0.846486,0.411423
N20261201-S008,N20261201,2026-12-02T02:30:00Z,900,true,1.391034,0.776565,0.864174,0.424163
N20261201-S009,N20261201,2026-12-02T02:45:00Z,900,true,1.394492,0.762961,0.881159,0.436755
N20261201-S010,N20261201,2026-12-02T03:00:00Z,900,true,1.322019,0.758742,0.879621,0.441638
N20261201-S011,N20261201,2026-12-02T03:15:00Z,900,true,1.311461,0.758101,0.892038,0.435186
N20261201-S012,N20261201,2026-12-02T03:30:00Z,900,true,1.321123,0.773024,0.854761,0.423231
N20261201-S013,N20261201,2026-12-02T03:45:00Z,900,true,1.300599,0.770507,0.861882,0.443754
N20261201-S014,N20261201,2026-12-02T04:00:00Z,900,true,1.305326,0.775992,0.919813,0.409191
N20261201-S015,N20261201,2026-12-02T04:15:00Z,900,true,1.312157,0.776923,0.921569,0.401598
N20261201-S016,N20261201,2026-12-02T04:30:00Z,900,true,1.309844,0.781407,0.915053,0.433178
N20261201-S017,N20261201,2026-12-02T04:45:00Z,900,true,1.314765,0.798070,0.923172,0.403677
N20261201-S018,N20261201,2026-12-02T05:00:00Z,900,true,1.297889,0.776813,0.936325,0.432418
N20261201-S019,N20261201,2026-12-02T05:15:00Z,900,true,1.263050,0.777502,0.947357,0.416687
N20261201-S020,N20261201,2026-12-02T05:30:00Z,900,true,1.218473,0.781442,0.946970,0.420368
N20261201-S021,N20261201,2026-12-02T05:45:00Z,900,true,1.168138,0.786711,0.986663,0.436486
N20261201-S022,N20261201,2026-12-02T06:00:00Z,900,true,1.197950,0.795471,0.971216,0.437311
N20261201-S023,N20261201,2026-12-02T06:15:00Z,900,true,1.248435,0.794771,0.955369,0.437875
N20261201-S024,N20261201,2026-12-02T06:30:00Z,900,true,1.182625,0.782429,0.933344,0.445354
N20261201-S025,N20261201,2026-12-02T06:45:00Z,900,true,1.217509,0.798199,0.922037,0.425517
N20261201-S026,N20261201,2026-12-02T07:00:00Z,900,true,1.231798,0.808314,0.932414,0.407862
N20261201-S027,N20261201,2026-12-02T07:15:00Z,900,true,1.263394,0.821146,0.961742,0.421172
N20261201-S028,N20261201,2026-12-02T07:30:00Z,900,true,1.287521,0.824741,0.925065,0.401554
N20261201-S029,N20261201,2026-12-02T07:45:00Z,900,true,1.320949,0.820570,0.938368,0.422701
N20261201-S030,N20261201,2026-12-02T08:00:00Z,900,true,1.344239,0.817778,0.936593,0.432950
N20261202-S001,N20261202,2026-12-03T01:00:00Z,900,true,1.225880,0.900116,0.855327,0.401613
N20261202-S002,N20261202,2026-12-03T01:15:00Z,900,true,1.241776,0.880469,0.843341,0.431486
N20261202-S003,N20261202,2026-12-03T01:30:00Z,900,true,1.262145,0.897355,0.865486,0.406772
N20261202-S004,N20261202,2026-12-03T01:45:00Z,900,true,1.243037,0.904758,0.885068,0.411942
N20261202-S005,N20261202,2026-12-03T02:00:00Z,900,true,1.213468,0.918773,0.873617,0.406983
N20261202-S006,N20261202,2026-12-03T02:15:00Z,900,true,1.227848,0.920515,0.834978,0.433212
N20261202-S007,N20261202,2026-12-03T02:30:00Z,900,true,1.179830,0.900496,0.846787,0.434569
N20261202-S008,N20261202,2026-12-03T02:45:00Z,900,true,1.241935,0.908954,0.822326,0.404326
N20261202-S009,N20261202,2026-12-03T03:00:00Z,900,true,1.220733,0.891233,0.806944,0.427875
N20261202-S010,N20261202,2026-12-03T03:15:00Z,900,true,1.240578,0.890767,0.813619,0.440495
N20261202-S011,N20261202,2026-12-03T03:30:00Z,900,true,1.196323,0.884604,0.841767,0.439443
N20261202-S012,N20261202,2026-12-03T03:45:00Z,900,true,1.217624,0.888168,0.811780,0.415033
N20261202-S013,N20261202,2026-12-03T04:00:00Z,900,true,1.224553,0.873719,0.783518,0.444500
N20261202-S014,N20261202,2026-12-03T04:15:00Z,900,true,1.224066,0.860068,0.793159,0.411628
N20261202-S015,N20261202,2026-12-03T04:30:00Z,900,true,1.216220,0.851778,0.816514,0.419708
N20261202-S016,N20261202,2026-12-03T04:45:00Z,900,true,1.200810,0.860724,0.827756,0.405993
N20261202-S017,N20261202,2026-12-03T05:00:00Z,900,true,1.214029,0.871814,0.842545,0.426865
N20261202-S018,N20261202,2026-12-03T05:15:00Z,900,true,1.259906,0.871570,0.834234,0.409784
N20261202-S019,N20261202,2026-12-03T05:30:00Z,900,true,1.201490,0.886107,0.829632,0.441127
N20261202-S020,N20261202,2026-12-03T05:45:00Z,900,true,1.201392,0.867913,0.806074,0.433030
N20261202-S021,N20261202,2026-12-03T06:00:00Z,900,true,1.162075,0.870206,0.807365,0.422676
N20261202-S022,N20261202,2026-12-03T06:15:00Z,900,true,1.158201,0.879681,0.823817,0.443489
N20261202-S023,N20261202,2026-12-03T06:30:00Z,900,true,1.149005,0.879110,0.815529,0.410705
N20261202-S024,N20261202,2026-12-03T06:45:00Z,900,true,1.184079,0.895154,0.825009,0.415828
N20261202-S025,N20261202,2026-12-03T07:00:00Z,900,true,1.202041,0.916134,0.832444,0.431783
N20261202-S026,N20261202,2026-12-03T07:15:00Z,900,true,1.209735,0.925241,0.803405,0.420111
N20261202-S027,N20261202,2026-12-03T07:30:00Z,900,true,1.217582,0.927213,0.809025,0.407502
N20261202-S028,N20261202,2026-12-03T07:45:00Z,900,true,1.251526,0.940256,0.785379,0.404953
N20261202-S029,N20261202,2026-12-03T08:00:00Z,900,true,1.281240,0.936043,0.787225,0.422193
N20261203-S001,N20261203,2026-12-04T01:00:00Z,900,true,1.131759,0.879169,0.823777,0.438071
N20261203-S002,N20261203,2026-12-04T01:15:00Z,900,true,1.146316,0.868497,0.822674,0.419450
N20261203-S003,N20261203,2026-12-04T01:30:00Z,900,true,1.098100,0.862488,0.841541,0.422661
N20261203-S004,N20261203,2026-12-04T01:45:00Z,900,true,1.097325,0.848869,0.856180,0.416794
N20261203-S005,N20261203,2026-12-04T02:00:00Z,900,true,1.104258,0.835442,0.856647,0.405839
N20261203-S006,N20261203,2026-12-04T02:15:00Z,900,true,1.055153,0.844521,0.841266,0.429007
N20261203-S007,N20261203,2026-12-04T02:30:00Z,900,true,1.051591,0.832023,0.806743,0.422164
N20261203-S008,N20261203,2026-12-04T02:45:00Z,900,true,1.091523,0.834259,0.813339,0.438716
N20261203-S009,N20261203,2026-12-04T03:00:00Z,900,true,1.127850,0.856566,0.823249,0.426956
N20261203-S010,N20261203,2026-12-04T03:15:00Z,900,true,1.094475,0.877543,0.820142,0.422910
N20261203-S011,N20261203,2026-12-04T03:30:00Z,900,true,1.127562,0.878129,0.835628,0.420260
N20261203-S012,N20261203,2026-12-04T03:45:00Z,900,true,1.134183,0.892108,0.836569,0.441769
N20261203-S013,N20261203,2026-12-04T04:00:00Z,900,true,1.080808,0.890930,0.832317,0.428435
N20261203-S014,N20261203,2026-12-04T04:15:00Z,900,true,1.056095,0.892666,0.861223,0.417441
N20261203-S015,N20261203,2026-12-04T04:30:00Z,900,true,1.094679,0.889353,0.848012,0.409527
N20261203-S016,N20261203,2026-12-04T04:45:00Z,900,true,1.081867,0.891280,0.836403,0.414076
N20261203-S017,N20261203,2026-12-04T05:00:00Z,900,true,1.110036,0.889750,0.822074,0.439273
N20261203-S018,N20261203,2026-12-04T05:15:00Z,900,true,1.079650,0.882367,0.836270,0.409724
N20261203-S019,N20261203,2026-12-04T05:30:00Z,900,true,1.043781,0.884429,0.833013,0.403354
N20261203-S020,N20261203,2026-12-04T05:45:00Z,900,true,1.035976,0.872433,0.833088,0.429401
N20261203-S021,N20261203,2026-12-04T06:00:00Z,900,true,0.991949,0.865815,0.820801,0.434236
N20261203-S022,N20261203,2026-12-04T06:15:00Z,900,true,1.016626,0.897661,0.833284,0.424662
N20261203-S023,N20261203,2026-12-04T06:30:00Z,900,true,1.035476,0.872500,0.856409,0.441430
N20261203-S024,N20261203,2026-12-04T06:45:00Z,900,true,1.070148,0.876096,0.835092,0.403193
N20261203-S025,N20261203,2026-12-04T07:00:00Z,900,true,1.099693,0.873220,0.816670,0.403744
N20261203-S026,N20261203,2026-12-04T07:15:00Z,900,true,1.091930,0.895575,0.833993,0.406720
N20261203-S027,N20261203,2026-12-04T07:30:00Z,900,true,1.116446,0.905358,0.817860,0.443606
N20261203-S028,N20261203,2026-12-04T07:45:00Z,900,true,1.104172,0.893609,0.825545,0.408480
N20261203-S029,N20261203,2026-12-04T08:00:00Z,900,true,1.134842,0.906652,0.844511,0.402753
N20261204-S001,N20261204,2026-12-05T01:00:00Z,900,true,1.048310,0.890165,0.804669,0.443287
N20261204-S002,N20261204,2026-12-05T01:15:00Z,900,true,1.071937,0.884284,0.770791,0.441193
N20261204-S003,N20261204,2026-12-05T01:30:00Z,900,true,1.107916,0.872461,0.764220,0.414250
N20261204-S004,N20261204,2026-12-05T01:45:00Z,900,true,1.137840,0.862712,0.776589,0.420374
N20261204-S005,N20261204,2026-12-05T02:00:00Z,900,true,1.072611,0.851727,0.798013,0.410185
N20261204-S006,N20261204,2026-12-05T02:15:00Z,900,true,1.066593,0.869605,0.799403,0.437736
N20261204-S007,N20261204,2026-12-05T02:30:00Z,900,true,1.048060,0.864194,0.796027,0.420712
N20261204-S008,N20261204,2026-12-05T02:45:00Z,900,true,1.039509,0.866622,0.803404,0.444505
N20261204-S009,N20261204,2026-12-05T03:00:00Z,900,true,1.021377,0.873000,0.777087,0.410328
N20261204-S010,N20261204,2026-12-05T03:15:00Z,900,true,1.015699,0.884417,0.804928,0.426595
N20261204-S011,N20261204,2026-12-05T03:30:00Z,900,true,1.028587,0.883191,0.831279,0.436891
N20261204-S012,N20261204,2026-12-05T03:45:00Z,900,true,1.063398,0.878085,0.858623,0.407780
N20261204-S013,N20261204,2026-12-05T04:00:00Z,900,true,1.021023,0.865299,0.846657,0.432275
N20261204-S014,N20261204,2026-12-05T04:15:00Z,900,true,1.015250,0.875288,0.854412,0.416834
N20261204-S015,N20261204,2026-12-05T04:30:00Z,900,true,1.047042,0.865600,0.851156,0.406469
N20261204-S016,N20261204,2026-12-05T04:45:00Z,900,false,,,,
N20261204-S017,N20261204,2026-12-05T05:00:00Z,900,false,,,,
N20261204-S018,N20261204,2026-12-05T05:15:00Z,900,true,1.157858,0.857483,0.827746,0.410402
N20261204-S019,N20261204,2026-12-05T05:30:00Z,900,true,1.215489,0.871196,0.839099,0.423538
N20261204-S020,N20261204,2026-12-05T05:45:00Z,900,true,1.145158,0.881342,0.836430,0.420813
N20261204-S021,N20261204,2026-12-05T06:00:00Z,900,true,1.198028,0.908929,0.846185,0.428288
N20261204-S022,N20261204,2026-12-05T06:15:00Z,900,true,1.176322,0.928259,0.857534,0.434079
N20261204-S023,N20261204,2026-12-05T06:30:00Z,900,true,1.228482,0.902981,0.819900,0.417450
N20261204-S024,N20261204,2026-12-05T06:45:00Z,900,true,1.225392,0.893366,0.817895,0.429189
N20261204-S025,N20261204,2026-12-05T07:00:00Z,900,true,1.233354,0.904466,0.805763,0.437165
N20261204-S026,N20261204,2026-12-05T07:15:00Z,900,true,1.211982,0.908161,0.820660,0.402005
N20261204-S027,N20261204,2026-12-05T07:30:00Z,900,true,1.178982,0.910886,0.835246,0.425851
N20261204-S028,N20261204,2026-12-05T07:45:00Z,900,true,1.232367,0.908831,0.860492,0.429587
N20261204-S029,N20261204,2026-12-05T08:00:00Z,900,true,1.236565,0.892211,0.859792,0.437946
N20261205-S001,N20261205,2026-12-06T01:00:00Z,900,true,1.055140,0.919592,0.877027,0.444231
N20261205-S002,N20261205,2026-12-06T01:15:00Z,900,true,1.047642,0.898520,0.849026,0.434650
N20261205-S003,N20261205,2026-12-06T01:30:00Z,900,true,1.017032,0.904579,0.852013,0.445072
N20261205-S004,N20261205,2026-12-06T01:45:00Z,900,true,1.022120,0.896480,0.842194,0.439394
N20261205-S005,N20261205,2026-12-06T02:00:00Z,900,true,1.008282,0.882113,0.856756,0.438116
N20261205-S006,N20261205,2026-12-06T02:15:00Z,900,true,1.043233,0.878674,0.816704,0.417532
N20261205-S007,N20261205,2026-12-06T02:30:00Z,900,true,1.058675,0.906565,0.832103,0.417199
N20261205-S008,N20261205,2026-12-06T02:45:00Z,900,true,1.109204,0.899083,0.825192,0.413050
N20261205-S009,N20261205,2026-12-06T03:00:00Z,900,true,1.119257,0.916204,0.839876,0.421954
N20261205-S010,N20261205,2026-12-06T03:15:00Z,900,true,1.104861,0.918462,0.815203,0.403586
N20261205-S011,N20261205,2026-12-06T03:30:00Z,900,true,1.038880,0.905892,0.823171,0.430110
N20261205-S012,N20261205,2026-12-06T03:45:00Z,900,true,1.042121,0.905142,0.816506,0.426639
N20261205-S013,N20261205,2026-12-06T04:00:00Z,900,true,1.038688,0.905292,0.825450,0.404755
N20261205-S014,N20261205,2026-12-06T04:15:00Z,900,true,1.037961,0.902700,0.862571,0.403811
N20261205-S015,N20261205,2026-12-06T04:30:00Z,900,true,1.029005,0.888130,0.858492,0.437672
N20261205-S016,N20261205,2026-12-06T04:45:00Z,900,true,0.992419,0.890778,0.875263,0.404490
N20261205-S017,N20261205,2026-12-06T05:00:00Z,900,true,0.976057,0.896439,0.878094,0.441498
N20261205-S018,N20261205,2026-12-06T05:15:00Z,900,true,0.907570,0.895731,0.870485,0.435189
N20261205-S019,N20261205,2026-12-06T05:30:00Z,900,true,0.988937,0.907885,0.847253,0.441948
N20261205-S020,N20261205,2026-12-06T05:45:00Z,900,true,0.980282,0.888755,0.861038,0.436716
N20261205-S021,N20261205,2026-12-06T06:00:00Z,900,true,1.019819,0.884769,0.876484,0.412840
N20261205-S022,N20261205,2026-12-06T06:15:00Z,900,true,1.019993,0.898572,0.882423,0.437203
N20261205-S023,N20261205,2026-12-06T06:30:00Z,900,true,1.035297,0.891871,0.879373,0.440251
N20261205-S024,N20261205,2026-12-06T06:45:00Z,900,true,1.019878,0.903814,0.879852,0.405776
N20261205-S025,N20261205,2026-12-06T07:00:00Z,900,true,1.094742,0.918522,0.882658,0.434675
N20261205-S026,N20261205,2026-12-06T07:15:00Z,900,true,1.103368,0.926547,0.898914,0.414185
N20261205-S027,N20261205,2026-12-06T07:30:00Z,900,true,1.072980,0.909201,0.907754,0.406631
N20261205-S028,N20261205,2026-12-06T07:45:00Z,900,true,1.132808,0.925655,0.901478,0.439189
N20261205-S029,N20261205,2026-12-06T08:00:00Z,900,true,1.168362,0.940781,0.898456,0.438713
N20261206-S001,N20261206,2026-12-07T01:00:00Z,900,true,1.194516,0.823585,0.936129,0.436310
N20261206-S002,N20261206,2026-12-07T01:15:00Z,900,true,1.135556,0.825287,0.934173,0.435641
N20261206-S003,N20261206,2026-12-07T01:30:00Z,900,true,1.097787,0.830739,0.962455,0.408450
N20261206-S004,N20261206,2026-12-07T01:45:00Z,900,true,1.076187,0.819987,0.957527,0.411118
N20261206-S005,N20261206,2026-12-07T02:00:00Z,900,true,1.029961,0.792549,0.943321,0.419370
N20261206-S006,N20261206,2026-12-07T02:15:00Z,900,true,1.007460,0.786396,0.928869,0.438426
N20261206-S007,N20261206,2026-12-07T02:30:00Z,900,true,0.996564,0.788295,0.911721,0.422289
N20261206-S008,N20261206,2026-12-07T02:45:00Z,900,true,0.955180,0.824656,0.908993,0.433524
N20261206-S009,N20261206,2026-12-07T03:00:00Z,900,true,1.001613,0.824966,0.931938,0.433580
N20261206-S010,N20261206,2026-12-07T03:15:00Z,900,true,1.047104,0.827619,0.909654,0.403453
N20261206-S011,N20261206,2026-12-07T03:30:00Z,900,true,1.067578,0.837427,0.955914,0.410646
N20261206-S012,N20261206,2026-12-07T03:45:00Z,900,true,1.122694,0.844578,0.940817,0.436660
N20261206-S013,N20261206,2026-12-07T04:00:00Z,900,true,1.134064,0.832415,0.942066,0.403350
N20261206-S014,N20261206,2026-12-07T04:15:00Z,900,true,1.139189,0.834783,0.962693,0.404325
N20261206-S015,N20261206,2026-12-07T04:30:00Z,900,true,1.184919,0.816515,0.960907,0.413800
N20261206-S016,N20261206,2026-12-07T04:45:00Z,900,true,1.193607,0.822926,0.939791,0.427694
N20261206-S017,N20261206,2026-12-07T05:00:00Z,900,true,1.194862,0.828505,0.948943,0.436058
N20261206-S018,N20261206,2026-12-07T05:15:00Z,900,true,1.160747,0.818760,0.936643,0.432262
N20261206-S019,N20261206,2026-12-07T05:30:00Z,900,true,1.170564,0.820721,0.943239,0.410109
N20261206-S020,N20261206,2026-12-07T05:45:00Z,900,true,1.120684,0.820383,0.917832,0.433918
N20261206-S021,N20261206,2026-12-07T06:00:00Z,900,true,1.097230,0.839011,0.901387,0.427364
N20261206-S022,N20261206,2026-12-07T06:15:00Z,900,true,1.127621,0.841654,0.889710,0.411434
N20261206-S023,N20261206,2026-12-07T06:30:00Z,900,true,1.184157,0.862663,0.879108,0.402526
N20261206-S024,N20261206,2026-12-07T06:45:00Z,900,true,1.139898,0.859364,0.895442,0.402006
N20261206-S025,N20261206,2026-12-07T07:00:00Z,900,true,1.173342,0.859184,0.900974,0.437108
N20261206-S026,N20261206,2026-12-07T07:15:00Z,900,true,1.225734,0.858302,0.899039,0.427738
N20261206-S027,N20261206,2026-12-07T07:30:00Z,900,true,1.240721,0.848714,0.896200,0.445058
N20261206-S028,N20261206,2026-12-07T07:45:00Z,900,true,1.209128,0.832354,0.901799,0.405870
N20261206-S029,N20261206,2026-12-07T08:00:00Z,900,true,1.280295,0.843406,0.902363,0.439738
N20261207-S001,N20261207,2026-12-08T01:00:00Z,900,true,1.304609,0.864621,0.846373,0.420448
N20261207-S002,N20261207,2026-12-08T01:15:00Z,900,true,1.277491,0.884057,0.840400,0.427547
N20261207-S003,N20261207,2026-12-08T01:30:00Z,900,true,1.240019,0.893296,0.843558,0.437495
N20261207-S004,N20261207,2026-12-08T01:45:00Z,900,true,1.270167,0.912026,0.837808,0.409353
N20261207-S005,N20261207,2026-12-08T02:00:00Z,900,true,1.270947,0.901017,0.858665,0.420473
N20261207-S006,N20261207,2026-12-08T02:15:00Z,900,true,1.211582,0.898791,0.881701,0.435624
N20261207-S007,N20261207,2026-12-08T02:30:00Z,900,true,1.261818,0.878570,0.865273,0.406267
N20261207-S008,N20261207,2026-12-08T02:45:00Z,900,true,1.252518,0.870806,0.852745,0.434499
N20261207-S009,N20261207,2026-12-08T03:00:00Z,900,true,1.264689,0.853859,0.859769,0.405186
N20261207-S010,N20261207,2026-12-08T03:15:00Z,900,true,1.242053,0.860535,0.855718,0.417736
N20261207-S011,N20261207,2026-12-08T03:30:00Z,900,true,1.265064,0.863886,0.847597,0.408981
N20261207-S012,N20261207,2026-12-08T03:45:00Z,900,true,1.284252,0.882764,0.876045,0.440361
N20261207-S013,N20261207,2026-12-08T04:00:00Z,900,true,1.289015,0.871721,0.843413,0.441874
N20261207-S014,N20261207,2026-12-08T04:15:00Z,900,true,1.274822,0.899504,0.854011,0.434424
N20261207-S015,N20261207,2026-12-08T04:30:00Z,900,true,1.346664,0.901966,0.874498,0.408723
N20261207-S016,N20261207,2026-12-08T04:45:00Z,900,true,1.362985,0.906766,0.900207,0.415004
N20261207-S017,N20261207,2026-12-08T05:00:00Z,900,true,1.360147,0.923249,0.884032,0.413288
N20261207-S018,N20261207,2026-12-08T05:15:00Z,900,true,1.308233,0.903454,0.882559,0.437576
N20261207-S019,N20261207,2026-12-08T05:30:00Z,900,true,1.358449,0.910887,0.874284,0.406297
N20261207-S020,N20261207,2026-12-08T05:45:00Z,900,true,1.339037,0.906700,0.877571,0.431576
N20261207-S021,N20261207,2026-12-08T06:00:00Z,900,true,1.321132,0.885866,0.827516,0.437419
N20261207-S022,N20261207,2026-12-08T06:15:00Z,900,true,1.380197,0.886489,0.830832,0.409385
N20261207-S023,N20261207,2026-12-08T06:30:00Z,900,true,1.443108,0.869741,0.831552,0.402353
N20261207-S024,N20261207,2026-12-08T06:45:00Z,900,true,1.479431,0.864485,0.846550,0.407557
N20261207-S025,N20261207,2026-12-08T07:00:00Z,900,true,1.447122,0.863669,0.828617,0.435244
N20261207-S026,N20261207,2026-12-08T07:15:00Z,900,true,1.448548,0.878453,0.855971,0.407551
N20261207-S027,N20261207,2026-12-08T07:30:00Z,900,true,1.449102,0.880584,0.850906,0.421818
N20261207-S028,N20261207,2026-12-08T07:45:00Z,900,true,1.445267,0.870161,0.843331,0.426991
N20261207-S029,N20261207,2026-12-08T08:00:00Z,900,true,1.493067,0.868435,0.861115,0.441107
N20261208-S001,N20261208,2026-12-09T01:00:00Z,900,true,1.457373,0.799038,0.943679,0.406388
N20261208-S002,N20261208,2026-12-09T01:15:00Z,900,true,1.443655,0.810124,0.954424,0.443250
N20261208-S003,N20261208,2026-12-09T01:30:00Z,900,true,1.392799,0.803759,0.932469,0.401391
N20261208-S004,N20261208,2026-12-09T01:45:00Z,900,true,1.411781,0.805198,0.949708,0.437272
N20261208-S005,N20261208,2026-12-09T02:00:00Z,900,true,1.421136,0.808687,0.937743,0.435883
N20261208-S006,N20261208,2026-12-09T02:15:00Z,900,true,1.434824,0.810040,0.941416,0.438256
N20261208-S007,N20261208,2026-12-09T02:30:00Z,900,true,1.463070,0.807169,0.954547,0.407553
N20261208-S008,N20261208,2026-12-09T02:45:00Z,900,true,1.452462,0.821214,0.949834,0.417175
N20261208-S009,N20261208,2026-12-09T03:00:00Z,900,true,1.436972,0.835056,0.946664,0.417082
N20261208-S010,N20261208,2026-12-09T03:15:00Z,900,true,1.421789,0.818896,0.943082,0.403769
N20261208-S011,N20261208,2026-12-09T03:30:00Z,900,true,1.441406,0.829524,0.936032,0.407119
N20261208-S012,N20261208,2026-12-09T03:45:00Z,900,true,1.501284,0.831462,0.929615,0.426348
N20261208-S013,N20261208,2026-12-09T04:00:00Z,900,true,1.530666,0.838213,0.917170,0.411861
N20261208-S014,N20261208,2026-12-09T04:15:00Z,900,true,1.529090,0.834018,0.916970,0.422532
N20261208-S015,N20261208,2026-12-09T04:30:00Z,900,true,1.542019,0.817116,0.925362,0.406195
N20261208-S016,N20261208,2026-12-09T04:45:00Z,900,true,1.559757,0.802462,0.903623,0.437746
N20261208-S017,N20261208,2026-12-09T05:00:00Z,900,true,1.590005,0.774286,0.896879,0.421597
N20261208-S018,N20261208,2026-12-09T05:15:00Z,900,true,1.541857,0.797229,0.876103,0.438257
N20261208-S019,N20261208,2026-12-09T05:30:00Z,900,true,1.559582,0.807921,0.884582,0.421242
N20261208-S020,N20261208,2026-12-09T05:45:00Z,900,true,1.518008,0.832820,0.844661,0.433814
N20261208-S021,N20261208,2026-12-09T06:00:00Z,900,true,1.519800,0.829135,0.847789,0.431701
N20261208-S022,N20261208,2026-12-09T06:15:00Z,900,true,1.448591,0.807702,0.847833,0.415407
N20261208-S023,N20261208,2026-12-09T06:30:00Z,900,true,1.430931,0.797628,0.856220,0.426580
N20261208-S024,N20261208,2026-12-09T06:45:00Z,900,true,1.445807,0.786804,0.835902,0.428350
N20261208-S025,N20261208,2026-12-09T07:00:00Z,900,true,1.446810,0.781343,0.825881,0.408650
N20261208-S026,N20261208,2026-12-09T07:15:00Z,900,true,1.500813,0.789197,0.837472,0.442408
N20261208-S027,N20261208,2026-12-09T07:30:00Z,900,true,1.520003,0.777539,0.872127,0.429055
N20261208-S028,N20261208,2026-12-09T07:45:00Z,900,true,1.496949,0.788113,0.859980,0.415139
N20261208-S029,N20261208,2026-12-09T08:00:00Z,900,true,1.470598,0.799685,0.874170,0.442937
N20261209-S001,N20261209,2026-12-10T01:00:00Z,900,true,1.310454,0.763786,0.830152,0.421983
N20261209-S002,N20261209,2026-12-10T01:15:00Z,900,true,1.297380,0.752436,0.811834,0.418317
N20261209-S003,N20261209,2026-12-10T01:30:00Z,900,true,1.298571,0.767015,0.801822,0.416352
N20261209-S004,N20261209,2026-12-10T01:45:00Z,900,true,1.262604,0.769971,0.782902,0.439350
N20261209-S005,N20261209,2026-12-10T02:00:00Z,900,true,1.232440,0.765087,0.809052,0.430446
N20261209-S006,N20261209,2026-12-10T02:15:00Z,900,true,1.225883,0.776493,0.820669,0.441749
N20261209-S007,N20261209,2026-12-10T02:30:00Z,900,true,1.175343,0.759267,0.835286,0.438166
N20261209-S008,N20261209,2026-12-10T02:45:00Z,900,true,1.173798,0.758254,0.819015,0.444975
N20261209-S009,N20261209,2026-12-10T03:00:00Z,900,true,1.196464,0.739090,0.822705,0.443875
N20261209-S010,N20261209,2026-12-10T03:15:00Z,900,true,1.201277,0.738876,0.811480,0.407699
N20261209-S011,N20261209,2026-12-10T03:30:00Z,900,true,1.270842,0.747086,0.820139,0.444923
N20261209-S012,N20261209,2026-12-10T03:45:00Z,900,true,1.246558,0.748002,0.811760,0.407861
N20261209-S013,N20261209,2026-12-10T04:00:00Z,900,true,1.267100,0.740970,0.799690,0.408837
N20261209-S014,N20261209,2026-12-10T04:15:00Z,900,true,1.276450,0.738922,0.827649,0.444900
N20261209-S015,N20261209,2026-12-10T04:30:00Z,900,true,1.223047,0.740903,0.841949,0.415036
N20261209-S016,N20261209,2026-12-10T04:45:00Z,900,true,1.263581,0.754177,0.829268,0.418812
N20261209-S017,N20261209,2026-12-10T05:00:00Z,900,true,1.222092,0.765562,0.849975,0.430678
N20261209-S018,N20261209,2026-12-10T05:15:00Z,900,true,1.257199,0.773354,0.844582,0.443938
N20261209-S019,N20261209,2026-12-10T05:30:00Z,900,true,1.270337,0.781925,0.822209,0.411405
N20261209-S020,N20261209,2026-12-10T05:45:00Z,900,true,1.316330,0.777800,0.803191,0.417435
N20261209-S021,N20261209,2026-12-10T06:00:00Z,900,true,1.266971,0.804430,0.833263,0.443661
N20261209-S022,N20261209,2026-12-10T06:15:00Z,900,true,1.261909,0.831640,0.825552,0.433280
N20261209-S023,N20261209,2026-12-10T06:30:00Z,900,true,1.232623,0.829155,0.832819,0.424695
N20261209-S024,N20261209,2026-12-10T06:45:00Z,900,true,1.298731,0.818700,0.820635,0.442710
N20261209-S025,N20261209,2026-12-10T07:00:00Z,900,true,1.274051,0.802858,0.832655,0.404242
N20261209-S026,N20261209,2026-12-10T07:15:00Z,900,true,1.264087,0.807863,0.851018,0.424526
N20261209-S027,N20261209,2026-12-10T07:30:00Z,900,true,1.283436,0.794115,0.847938,0.419688
N20261209-S028,N20261209,2026-12-10T07:45:00Z,900,true,1.302908,0.795477,0.868346,0.425608
N20261209-S029,N20261209,2026-12-10T08:00:00Z,900,true,1.318915,0.805568,0.843565,0.410561
N20261210-S001,N20261210,2026-12-11T01:00:00Z,900,true,1.199714,0.770783,0.744304,0.421955
N20261210-S002,N20261210,2026-12-11T01:15:00Z,900,true,1.190811,0.753475,0.737115,0.418198
N20261210-S003,N20261210,2026-12-11T01:30:00Z,900,true,1.214584,0.748460,0.737270,0.423280
N20261210-S004,N20261210,2026-12-11T01:45:00Z,900,true,1.179588,0.743239,0.713554,0.403824
N20261210-S005,N20261210,2026-12-11T02:00:00Z,900,true,1.169099,0.761769,0.736094,0.439362
N20261210-S006,N20261210,2026-12-11T02:15:00Z,900,true,1.197058,0.757360,0.706094,0.422718
N20261210-S007,N20261210,2026-12-11T02:30:00Z,900,true,1.265357,0.766030,0.693805,0.437234
N20261210-S008,N20261210,2026-12-11T02:45:00Z,900,true,1.249204,0.783520,0.684149,0.428861
N20261210-S009,N20261210,2026-12-11T03:00:00Z,900,true,1.222749,0.783754,0.655849,0.417718
N20261210-S010,N20261210,2026-12-11T03:15:00Z,900,false,,,,
N20261210-S011,N20261210,2026-12-11T03:30:00Z,900,false,,,,
N20261210-S012,N20261210,2026-12-11T03:45:00Z,900,true,1.265545,0.797500,0.656754,0.440977
N20261210-S013,N20261210,2026-12-11T04:00:00Z,900,true,1.158628,0.787460,0.643274,0.445466
N20261210-S014,N20261210,2026-12-11T04:15:00Z,900,true,1.197301,0.789751,0.665694,0.426662
N20261210-S015,N20261210,2026-12-11T04:30:00Z,900,true,1.170200,0.774488,0.669762,0.410353
N20261210-S016,N20261210,2026-12-11T04:45:00Z,900,true,1.171389,0.772391,0.646867,0.409381
N20261210-S017,N20261210,2026-12-11T05:00:00Z,900,true,1.232370,0.768423,0.658985,0.401082
N20261210-S018,N20261210,2026-12-11T05:15:00Z,900,true,1.262831,0.749112,0.654630,0.409525
N20261210-S019,N20261210,2026-12-11T05:30:00Z,900,false,,,,
N20261210-S020,N20261210,2026-12-11T05:45:00Z,900,true,1.193955,0.717570,0.671309,0.414667
N20261210-S021,N20261210,2026-12-11T06:00:00Z,900,true,1.197956,0.718836,0.693937,0.430876
N20261210-S022,N20261210,2026-12-11T06:15:00Z,900,true,1.204565,0.719023,0.716067,0.423562
N20261210-S023,N20261210,2026-12-11T06:30:00Z,900,true,1.257902,0.712694,0.703620,0.428070
N20261210-S024,N20261210,2026-12-11T06:45:00Z,900,true,1.261163,0.732305,0.686418,0.412053
N20261210-S025,N20261210,2026-12-11T07:00:00Z,900,true,1.291243,0.744977,0.696994,0.420521
N20261210-S026,N20261210,2026-12-11T07:15:00Z,900,true,1.341728,0.746736,0.699953,0.408635
N20261210-S027,N20261210,2026-12-11T07:30:00Z,900,true,1.365751,0.755384,0.711788,0.409280
N20261210-S028,N20261210,2026-12-11T07:45:00Z,900,true,1.346593,0.731817,0.706873,0.406845
N20261210-S029,N20261210,2026-12-11T08:00:00Z,900,true,1.291576,0.748267,0.720218,0.410423
N20261211-S001,N20261211,2026-12-12T01:00:00Z,900,true,1.222375,0.863272,0.824897,0.439727
N20261211-S002,N20261211,2026-12-12T01:15:00Z,900,true,1.228323,0.868065,0.827164,0.406809
N20261211-S003,N20261211,2026-12-12T01:30:00Z,900,true,1.198790,0.874830,0.851424,0.425866
N20261211-S004,N20261211,2026-12-12T01:45:00Z,900,true,1.199997,0.873248,0.798481,0.420654
N20261211-S005,N20261211,2026-12-12T02:00:00Z,900,true,1.152867,0.860232,0.820671,0.434416
N20261211-S006,N20261211,2026-12-12T02:15:00Z,900,true,1.186887,0.858826,0.781852,0.444770
N20261211-S007,N20261211,2026-12-12T02:30:00Z,900,true,1.176540,0.858292,0.797269,0.422999
N20261211-S008,N20261211,2026-12-12T02:45:00Z,900,true,1.208668,0.868348,0.809039,0.443434
N20261211-S009,N20261211,2026-12-12T03:00:00Z,900,true,1.229375,0.870866,0.818364,0.424600
N20261211-S010,N20261211,2026-12-12T03:15:00Z,900,true,1.194514,0.877874,0.849148,0.438633
N20261211-S011,N20261211,2026-12-12T03:30:00Z,900,true,1.151936,0.888976,0.826320,0.410307
N20261211-S012,N20261211,2026-12-12T03:45:00Z,900,true,1.238880,0.871761,0.826633,0.403001
N20261211-S013,N20261211,2026-12-12T04:00:00Z,900,true,1.210732,0.853807,0.795011,0.412727
N20261211-S014,N20261211,2026-12-12T04:15:00Z,900,true,1.186594,0.870281,0.819850,0.442622
N20261211-S015,N20261211,2026-12-12T04:30:00Z,900,true,1.213697,0.921300,0.840851,0.443720
N20261211-S016,N20261211,2026-12-12T04:45:00Z,900,true,1.261207,0.916600,0.833157,0.433316
N20261211-S017,N20261211,2026-12-12T05:00:00Z,900,true,1.268213,0.922819,0.832895,0.410847
N20261211-S018,N20261211,2026-12-12T05:15:00Z,900,true,1.270174,0.932122,0.835351,0.431244
N20261211-S019,N20261211,2026-12-12T05:30:00Z,900,true,1.245432,0.924162,0.831124,0.437462
N20261211-S020,N20261211,2026-12-12T05:45:00Z,900,true,1.241020,0.922041,0.824429,0.443069
N20261211-S021,N20261211,2026-12-12T06:00:00Z,900,true,1.186469,0.914843,0.840830,0.433413
N20261211-S022,N20261211,2026-12-12T06:15:00Z,900,true,1.186218,0.918327,0.842722,0.403609
N20261211-S023,N20261211,2026-12-12T06:30:00Z,900,true,1.243349,0.905378,0.822738,0.428003
N20261211-S024,N20261211,2026-12-12T06:45:00Z,900,true,1.201213,0.902501,0.839843,0.437175
N20261211-S025,N20261211,2026-12-12T07:00:00Z,900,true,1.163315,0.895920,0.840778,0.440866
N20261211-S026,N20261211,2026-12-12T07:15:00Z,900,true,1.143549,0.866594,0.857787,0.409832
N20261211-S027,N20261211,2026-12-12T07:30:00Z,900,true,1.154190,0.891362,0.840935,0.414305
N20261211-S028,N20261211,2026-12-12T07:45:00Z,900,true,1.147351,0.888708,0.817692,0.439220
N20261211-S029,N20261211,2026-12-12T08:00:00Z,900,true,1.158971,0.882558,0.838924,0.415494
N20261212-S001,N20261212,2026-12-13T01:00:00Z,900,true,1.235428,0.896490,0.884325,0.401940
N20261212-S002,N20261212,2026-12-13T01:15:00Z,900,true,1.288466,0.898341,0.903945,0.407430
N20261212-S003,N20261212,2026-12-13T01:30:00Z,900,true,1.285233,0.908176,0.882688,0.436574
N20261212-S004,N20261212,2026-12-13T01:45:00Z,900,true,1.357163,0.919243,0.879394,0.405612
N20261212-S005,N20261212,2026-12-13T02:00:00Z,900,true,1.364370,0.917499,0.887341,0.443592
N20261212-S006,N20261212,2026-12-13T02:15:00Z,900,true,1.257005,0.917016,0.885172,0.422643
N20261212-S007,N20261212,2026-12-13T02:30:00Z,900,true,1.187685,0.903408,0.896832,0.429295
N20261212-S008,N20261212,2026-12-13T02:45:00Z,900,true,1.210503,0.889252,0.912177,0.426752
N20261212-S009,N20261212,2026-12-13T03:00:00Z,900,true,1.221406,0.883009,0.899991,0.433596
N20261212-S010,N20261212,2026-12-13T03:15:00Z,900,true,1.226793,0.915217,0.871406,0.412498
N20261212-S011,N20261212,2026-12-13T03:30:00Z,900,true,1.199724,0.903407,0.872318,0.404247
N20261212-S012,N20261212,2026-12-13T03:45:00Z,900,true,1.213260,0.909015,0.908889,0.414778
N20261212-S013,N20261212,2026-12-13T04:00:00Z,900,true,1.234442,0.904234,0.917328,0.421010
N20261212-S014,N20261212,2026-12-13T04:15:00Z,900,true,1.258336,0.909584,0.921777,0.434790
N20261212-S015,N20261212,2026-12-13T04:30:00Z,900,true,1.269352,0.903037,0.927002,0.431958
N20261212-S016,N20261212,2026-12-13T04:45:00Z,900,false,,,,
N20261212-S017,N20261212,2026-12-13T05:00:00Z,900,false,,,,
N20261212-S018,N20261212,2026-12-13T05:15:00Z,900,false,,,,
N20261212-S019,N20261212,2026-12-13T05:30:00Z,900,false,,,,
N20261212-S020,N20261212,2026-12-13T05:45:00Z,900,false,,,,
N20261212-S021,N20261212,2026-12-13T06:00:00Z,900,true,1.383361,0.948525,0.912930,0.442886
N20261212-S022,N20261212,2026-12-13T06:15:00Z,900,true,1.337318,0.956919,0.902847,0.435177
N20261212-S023,N20261212,2026-12-13T06:30:00Z,900,true,1.330628,0.944077,0.943679,0.439081
N20261212-S024,N20261212,2026-12-13T06:45:00Z,900,true,1.357867,0.908759,0.934631,0.424362
N20261212-S025,N20261212,2026-12-13T07:00:00Z,900,true,1.359360,0.906030,0.936239,0.419884
N20261212-S026,N20261212,2026-12-13T07:15:00Z,900,true,1.340147,0.898451,0.944429,0.420826
N20261212-S027,N20261212,2026-12-13T07:30:00Z,900,true,1.326268,0.910398,0.935481,0.433651
N20261212-S028,N20261212,2026-12-13T07:45:00Z,900,true,1.324191,0.916422,0.924203,0.443718
N20261212-S029,N20261212,2026-12-13T08:00:00Z,900,true,1.299023,0.908252,0.947871,0.401831
N20261213-S001,N20261213,2026-12-14T01:00:00Z,900,true,1.260269,0.937300,0.835841,0.421224
N20261213-S002,N20261213,2026-12-14T01:15:00Z,900,true,1.270822,0.938939,0.830223,0.410272
N20261213-S003,N20261213,2026-12-14T01:30:00Z,900,true,1.212589,0.954249,0.821060,0.433113
N20261213-S004,N20261213,2026-12-14T01:45:00Z,900,true,1.243611,0.982849,0.832842,0.409344
N20261213-S005,N20261213,2026-12-14T02:00:00Z,900,true,1.276159,0.971209,0.795260,0.414959
N20261213-S006,N20261213,2026-12-14T02:15:00Z,900,true,1.320656,0.989435,0.813216,0.421043
N20261213-S007,N20261213,2026-12-14T02:30:00Z,900,true,1.327721,0.978689,0.811930,0.422040
N20261213-S008,N20261213,2026-12-14T02:45:00Z,900,true,1.312208,0.978418,0.789583,0.433115
N20261213-S009,N20261213,2026-12-14T03:00:00Z,900,true,1.368071,0.983932,0.761813,0.425814
N20261213-S010,N20261213,2026-12-14T03:15:00Z,900,true,1.371533,0.975782,0.779008,0.403291
N20261213-S011,N20261213,2026-12-14T03:30:00Z,900,true,1.313604,0.983948,0.798532,0.427872
N20261213-S012,N20261213,2026-12-14T03:45:00Z,900,true,1.360047,0.977632,0.798085,0.432701
N20261213-S013,N20261213,2026-12-14T04:00:00Z,900,true,1.353372,0.974544,0.799243,0.436328
N20261213-S014,N20261213,2026-12-14T04:15:00Z,900,true,1.366207,0.973832,0.807099,0.434324
N20261213-S015,N20261213,2026-12-14T04:30:00Z,900,true,1.360728,0.969478,0.816170,0.414549
N20261213-S016,N20261213,2026-12-14T04:45:00Z,900,true,1.313616,0.966746,0.781192,0.434656
N20261213-S017,N20261213,2026-12-14T05:00:00Z,900,true,1.280967,0.949264,0.812121,0.409726
N20261213-S018,N20261213,2026-12-14T05:15:00Z,900,true,1.307594,0.932649,0.829107,0.412467
N20261213-S019,N20261213,2026-12-14T05:30:00Z,900,true,1.233943,0.937139,0.836629,0.441575
N20261213-S020,N20261213,2026-12-14T05:45:00Z,900,true,1.241487,0.969134,0.849258,0.434075
N20261213-S021,N20261213,2026-12-14T06:00:00Z,900,true,1.247538,0.981815,0.866668,0.430599
N20261213-S022,N20261213,2026-12-14T06:15:00Z,900,true,1.250109,0.978932,0.890826,0.412218
N20261213-S023,N20261213,2026-12-14T06:30:00Z,900,true,1.309460,0.937931,0.881136,0.420282
N20261213-S024,N20261213,2026-12-14T06:45:00Z,900,true,1.336117,0.925185,0.842555,0.401704
N20261213-S025,N20261213,2026-12-14T07:00:00Z,900,true,1.355718,0.913958,0.829007,0.411668
N20261213-S026,N20261213,2026-12-14T07:15:00Z,900,true,1.322251,0.907284,0.845011,0.436020
N20261213-S027,N20261213,2026-12-14T07:30:00Z,900,true,1.311470,0.900555,0.867044,0.444640
N20261213-S028,N20261213,2026-12-14T07:45:00Z,900,true,1.316765,0.909366,0.846587,0.432748
N20261213-S029,N20261213,2026-12-14T08:00:00Z,900,true,1.335070,0.908096,0.861029,0.404359
N20261214-S001,N20261214,2026-12-15T01:00:00Z,900,true,1.288837,0.936440,0.824679,0.426905
N20261214-S002,N20261214,2026-12-15T01:15:00Z,900,true,1.215266,0.923066,0.849457,0.432093
N20261214-S003,N20261214,2026-12-15T01:30:00Z,900,true,1.261354,0.930692,0.849748,0.405666
N20261214-S004,N20261214,2026-12-15T01:45:00Z,900,true,1.294486,0.950464,0.870028,0.445217
N20261214-S005,N20261214,2026-12-15T02:00:00Z,900,true,1.242418,0.925718,0.878748,0.407185
N20261214-S006,N20261214,2026-12-15T02:15:00Z,900,true,1.248406,0.936740,0.888157,0.431959
N20261214-S007,N20261214,2026-12-15T02:30:00Z,900,true,1.281970,0.961688,0.873717,0.439641
N20261214-S008,N20261214,2026-12-15T02:45:00Z,900,true,1.282338,0.962675,0.868326,0.416093
N20261214-S009,N20261214,2026-12-15T03:00:00Z,900,true,1.304923,0.962675,0.865880,0.416857
N20261214-S010,N20261214,2026-12-15T03:15:00Z,900,true,1.238698,0.962675,0.868297,0.418900
N20261214-S011,N20261214,2026-12-15T03:30:00Z,900,true,1.252044,0.952517,0.854236,0.426360
N20261214-S012,N20261214,2026-12-15T03:45:00Z,900,true,1.210429,0.951959,0.874412,0.440122
N20261214-S013,N20261214,2026-12-15T04:00:00Z,900,true,1.211034,0.936413,0.900616,0.429157
N20261214-S014,N20261214,2026-12-15T04:15:00Z,900,true,1.256984,0.932979,0.911054,0.413778
N20261214-S015,N20261214,2026-12-15T04:30:00Z,900,true,1.210142,0.921259,0.896089,0.442067
N20261214-S016,N20261214,2026-12-15T04:45:00Z,900,true,1.264189,0.932567,0.900066,0.425914
N20261214-S017,N20261214,2026-12-15T05:00:00Z,900,true,1.227053,0.949276,0.889011,0.434434
N20261214-S018,N20261214,2026-12-15T05:15:00Z,900,true,1.253902,0.958164,0.869800,0.431784
N20261214-S019,N20261214,2026-12-15T05:30:00Z,900,true,1.215156,0.961746,0.846723,0.416923
N20261214-S020,N20261214,2026-12-15T05:45:00Z,900,true,1.190543,0.962675,0.838646,0.434341
N20261214-S021,N20261214,2026-12-15T06:00:00Z,900,true,1.235864,0.962675,0.845944,0.426903
N20261214-S022,N20261214,2026-12-15T06:15:00Z,900,true,1.220196,0.962675,0.844163,0.402174
N20261214-S023,N20261214,2026-12-15T06:30:00Z,900,true,1.272168,0.959627,0.831188,0.409693
N20261214-S024,N20261214,2026-12-15T06:45:00Z,900,true,1.252748,0.962675,0.830893,0.423177
N20261214-S025,N20261214,2026-12-15T07:00:00Z,900,true,1.183619,0.960973,0.833450,0.405052
N20261214-S026,N20261214,2026-12-15T07:15:00Z,900,true,1.198517,0.962675,0.873024,0.442013
N20261214-S027,N20261214,2026-12-15T07:30:00Z,900,true,1.165660,0.949568,0.850176,0.420237
N20261214-S028,N20261214,2026-12-15T07:45:00Z,900,true,1.114214,0.960486,0.874284,0.425397
N20261214-S029,N20261214,2026-12-15T08:00:00Z,900,true,1.128161,0.944503,0.853778,0.434266
N20261215-S001,N20261215,2026-12-16T01:00:00Z,900,true,1.230328,0.945226,0.787932,0.439114
N20261215-S002,N20261215,2026-12-16T01:15:00Z,900,true,1.210726,0.916995,0.782227,0.425358
N20261215-S003,N20261215,2026-12-16T01:30:00Z,900,true,1.182636,0.931133,0.763132,0.430219
N20261215-S004,N20261215,2026-12-16T01:45:00Z,900,true,1.191625,0.924856,0.764821,0.442856
N20261215-S005,N20261215,2026-12-16T02:00:00Z,900,true,1.190822,0.927329,0.770135,0.413986
N20261215-S006,N20261215,2026-12-16T02:15:00Z,900,true,1.216038,0.921093,0.761064,0.418804
N20261215-S007,N20261215,2026-12-16T02:30:00Z,900,true,1.193970,0.917508,0.769225,0.430457
N20261215-S008,N20261215,2026-12-16T02:45:00Z,900,true,1.232344,0.914343,0.770180,0.420503
N20261215-S009,N20261215,2026-12-16T03:00:00Z,900,true,1.235905,0.936510,0.797922,0.433025
N20261215-S010,N20261215,2026-12-16T03:15:00Z,900,true,1.284611,0.928104,0.800491,0.413155
N20261215-S011,N20261215,2026-12-16T03:30:00Z,900,true,1.316984,0.927125,0.785147,0.428263
N20261215-S012,N20261215,2026-12-16T03:45:00Z,900,true,1.349560,0.932279,0.771701,0.408341
N20261215-S013,N20261215,2026-12-16T04:00:00Z,900,true,1.385246,0.944270,0.781699,0.428444
N20261215-S014,N20261215,2026-12-16T04:15:00Z,900,true,1.400719,0.953757,0.781478,0.411392
N20261215-S015,N20261215,2026-12-16T04:30:00Z,900,true,1.392427,0.942179,0.767199,0.432844
N20261215-S016,N20261215,2026-12-16T04:45:00Z,900,true,1.371571,0.935143,0.758236,0.413556
N20261215-S017,N20261215,2026-12-16T05:00:00Z,900,true,1.361050,0.919194,0.746485,0.431671
N20261215-S018,N20261215,2026-12-16T05:15:00Z,900,true,1.346222,0.921442,0.782720,0.441030
N20261215-S019,N20261215,2026-12-16T05:30:00Z,900,true,1.375338,0.904865,0.796275,0.423362
N20261215-S020,N20261215,2026-12-16T05:45:00Z,900,true,1.423276,0.909662,0.786159,0.425330
N20261215-S021,N20261215,2026-12-16T06:00:00Z,900,true,1.397899,0.929887,0.768205,0.443582
N20261215-S022,N20261215,2026-12-16T06:15:00Z,900,true,1.367796,0.956338,0.776409,0.407287
N20261215-S023,N20261215,2026-12-16T06:30:00Z,900,true,1.288547,0.962675,0.782932,0.432495
N20261215-S024,N20261215,2026-12-16T06:45:00Z,900,true,1.250662,0.962675,0.793577,0.433661
N20261215-S025,N20261215,2026-12-16T07:00:00Z,900,true,1.267582,0.962675,0.795910,0.411018
N20261215-S026,N20261215,2026-12-16T07:15:00Z,900,true,1.276276,0.962675,0.767948,0.439098
N20261215-S027,N20261215,2026-12-16T07:30:00Z,900,true,1.255303,0.962675,0.747475,0.424576
N20261215-S028,N20261215,2026-12-16T07:45:00Z,900,true,1.232768,0.962675,0.744704,0.439867
N20261215-S029,N20261215,2026-12-16T08:00:00Z,900,true,1.218028,0.962675,0.705565,0.419434
N20261216-S001,N20261216,2026-12-17T01:00:00Z,900,true,1.269611,0.947842,0.804691,0.435345
N20261216-S002,N20261216,2026-12-17T01:15:00Z,900,true,1.236880,0.943589,0.834011,0.425263
N20261216-S003,N20261216,2026-12-17T01:30:00Z,900,true,1.234847,0.933686,0.839049,0.413195
N20261216-S004,N20261216,2026-12-17T01:45:00Z,900,true,1.315063,0.936795,0.823866,0.440835
N20261216-S005,N20261216,2026-12-17T02:00:00Z,900,true,1.391788,0.929736,0.832772,0.414232
N20261216-S006,N20261216,2026-12-17T02:15:00Z,900,true,1.337092,0.924958,0.822607,0.417593
N20261216-S007,N20261216,2026-12-17T02:30:00Z,900,true,1.268766,0.915164,0.831781,0.405401
N20261216-S008,N20261216,2026-12-17T02:45:00Z,900,true,1.256798,0.903677,0.799274,0.404650
N20261216-S009,N20261216,2026-12-17T03:00:00Z,900,true,1.212651,0.924153,0.815657,0.444547
N20261216-S010,N20261216,2026-12-17T03:15:00Z,900,true,1.273444,0.942626,0.836875,0.423558
N20261216-S011,N20261216,2026-12-17T03:30:00Z,900,true,1.274097,0.935529,0.826930,0.437251
N20261216-S012,N20261216,2026-12-17T03:45:00Z,900,true,1.238437,0.920266,0.815057,0.434470
N20261216-S013,N20261216,2026-12-17T04:00:00Z,900,true,1.212724,0.939977,0.820921,0.411398
N20261216-S014,N20261216,2026-12-17T04:15:00Z,900,true,1.204395,0.937926,0.826010,0.427837
N20261216-S015,N20261216,2026-12-17T04:30:00Z,900,true,1.231591,0.947476,0.845752,0.429463
N20261216-S016,N20261216,2026-12-17T04:45:00Z,900,true,1.230527,0.938982,0.854058,0.434229
N20261216-S017,N20261216,2026-12-17T05:00:00Z,900,true,1.273155,0.948457,0.869875,0.442840
N20261216-S018,N20261216,2026-12-17T05:15:00Z,900,true,1.216235,0.938955,0.838879,0.438769
N20261216-S019,N20261216,2026-12-17T05:30:00Z,900,true,1.195145,0.942015,0.829079,0.424970
N20261216-S020,N20261216,2026-12-17T05:45:00Z,900,true,1.239887,0.948780,0.847785,0.440171
N20261216-S021,N20261216,2026-12-17T06:00:00Z,900,true,1.236659,0.962675,0.845332,0.425388
N20261216-S022,N20261216,2026-12-17T06:15:00Z,900,true,1.251647,0.950935,0.821488,0.405647
N20261216-S023,N20261216,2026-12-17T06:30:00Z,900,true,1.202031,0.958748,0.806014,0.422542
N20261216-S024,N20261216,2026-12-17T06:45:00Z,900,true,1.201129,0.958345,0.800212,0.435007
N20261216-S025,N20261216,2026-12-17T07:00:00Z,900,true,1.220266,0.957715,0.800542,0.425414
N20261216-S026,N20261216,2026-12-17T07:15:00Z,900,true,1.238649,0.948450,0.815187,0.439256
N20261216-S027,N20261216,2026-12-17T07:30:00Z,900,true,1.271906,0.935859,0.801760,0.412846
N20261216-S028,N20261216,2026-12-17T07:45:00Z,900,true,1.301324,0.926419,0.815970,0.421272
N20261216-S029,N20261216,2026-12-17T08:00:00Z,900,true,1.345512,0.928606,0.806351,0.435984
N20261217-S001,N20261217,2026-12-18T01:00:00Z,900,true,1.157175,0.873293,0.820121,0.422987
N20261217-S002,N20261217,2026-12-18T01:15:00Z,900,true,1.135748,0.872416,0.794054,0.427515
N20261217-S003,N20261217,2026-12-18T01:30:00Z,900,true,1.187653,0.872438,0.782569,0.427258
N20261217-S004,N20261217,2026-12-18T01:45:00Z,900,true,1.212591,0.874182,0.791915,0.407330
N20261217-S005,N20261217,2026-12-18T02:00:00Z,900,true,1.142337,0.879224,0.810718,0.430178
N20261217-S006,N20261217,2026-12-18T02:15:00Z,900,true,1.180193,0.886177,0.806396,0.427139
N20261217-S007,N20261217,2026-12-18T02:30:00Z,900,true,1.160346,0.892594,0.780979,0.426440
N20261217-S008,N20261217,2026-12-18T02:45:00Z,900,true,1.194667,0.876746,0.808551,0.416411
N20261217-S009,N20261217,2026-12-18T03:00:00Z,900,true,1.141390,0.877715,0.820956,0.433924
N20261217-S010,N20261217,2026-12-18T03:15:00Z,900,true,1.154132,0.897401,0.831850,0.428777
N20261217-S011,N20261217,2026-12-18T03:30:00Z,900,true,1.185177,0.889960,0.810994,0.431575
N20261217-S012,N20261217,2026-12-18T03:45:00Z,900,true,1.220987,0.894145,0.800539,0.406464
N20261217-S013,N20261217,2026-12-18T04:00:00Z,900,true,1.176377,0.896218,0.790588,0.438550
N20261217-S014,N20261217,2026-12-18T04:15:00Z,900,true,1.131414,0.881195,0.807136,0.407338
N20261217-S015,N20261217,2026-12-18T04:30:00Z,900,true,1.142250,0.898460,0.802020,0.238553
N20261217-S016,N20261217,2026-12-18T04:45:00Z,900,true,1.085074,0.910766,0.809720,0.220633
N20261217-S017,N20261217,2026-12-18T05:00:00Z,900,true,1.145258,0.914885,0.768558,0.222938
N20261217-S018,N20261217,2026-12-18T05:15:00Z,900,true,1.138572,0.906649,0.814873,0.219767
N20261217-S019,N20261217,2026-12-18T05:30:00Z,900,true,1.155240,0.903922,0.843778,0.230392
N20261217-S020,N20261217,2026-12-18T05:45:00Z,900,true,1.149014,0.888706,0.819915,0.233992
N20261217-S021,N20261217,2026-12-18T06:00:00Z,900,true,1.165702,0.907738,0.823810,0.226608
N20261217-S022,N20261217,2026-12-18T06:15:00Z,900,true,1.158834,0.924197,0.830115,0.224784
N20261217-S023,N20261217,2026-12-18T06:30:00Z,900,true,1.112367,0.930018,0.833241,0.221194
N20261217-S024,N20261217,2026-12-18T06:45:00Z,900,true,1.134993,0.934376,0.833211,0.221667
N20261217-S025,N20261217,2026-12-18T07:00:00Z,900,true,1.200590,0.930266,0.838921,0.236624
N20261217-S026,N20261217,2026-12-18T07:15:00Z,900,true,1.196220,0.931185,0.880382,0.238905
N20261217-S027,N20261217,2026-12-18T07:30:00Z,900,true,1.166879,0.917292,0.870227,0.216429
N20261217-S028,N20261217,2026-12-18T07:45:00Z,900,true,1.153515,0.915589,0.876271,0.233575
N20261217-S029,N20261217,2026-12-18T08:00:00Z,900,true,1.174791,0.919051,0.857283,0.226724
N20261218-S001,N20261218,2026-12-19T01:00:00Z,900,true,0.953662,0.855690,0.842867,0.277508
N20261218-S002,N20261218,2026-12-19T01:15:00Z,900,true,0.908262,0.843312,0.827677,0.275078
N20261218-S003,N20261218,2026-12-19T01:30:00Z,900,true,0.924286,0.840086,0.805083,0.279582
N20261218-S004,N20261218,2026-12-19T01:45:00Z,900,true,0.910926,0.833410,0.798308,0.266662
N20261218-S005,N20261218,2026-12-19T02:00:00Z,900,true,0.861370,0.824582,0.793910,0.257731
N20261218-S006,N20261218,2026-12-19T02:15:00Z,900,true,0.903695,0.815057,0.804405,0.278871
N20261218-S007,N20261218,2026-12-19T02:30:00Z,900,true,0.972151,0.818704,0.812549,0.274345
N20261218-S008,N20261218,2026-12-19T02:45:00Z,900,true,0.944530,0.870067,0.840652,0.282226
N20261218-S009,N20261218,2026-12-19T03:00:00Z,900,true,0.937115,0.885809,0.840904,0.278124
N20261218-S010,N20261218,2026-12-19T03:15:00Z,900,true,0.895062,0.891293,0.865590,0.271866
N20261218-S011,N20261218,2026-12-19T03:30:00Z,900,true,0.935725,0.886912,0.822907,0.260985
N20261218-S012,N20261218,2026-12-19T03:45:00Z,900,true,0.943833,0.888466,0.846755,0.263335
N20261218-S013,N20261218,2026-12-19T04:00:00Z,900,true,0.901451,0.894645,0.867304,0.276324
N20261218-S014,N20261218,2026-12-19T04:15:00Z,900,true,0.911043,0.904159,0.853206,0.283310
N20261218-S015,N20261218,2026-12-19T04:30:00Z,900,true,0.904375,0.929603,0.854386,0.283282
N20261218-S016,N20261218,2026-12-19T04:45:00Z,900,true,0.921433,0.933436,0.847327,0.268581
N20261218-S017,N20261218,2026-12-19T05:00:00Z,900,true,0.935136,0.917376,0.852221,0.277258
N20261218-S018,N20261218,2026-12-19T05:15:00Z,900,true,0.969990,0.895804,0.835591,0.272413
N20261218-S019,N20261218,2026-12-19T05:30:00Z,900,true,0.956159,0.910879,0.843331,0.263875
N20261218-S020,N20261218,2026-12-19T05:45:00Z,900,true,1.007826,0.922642,0.868815,0.274895
N20261218-S021,N20261218,2026-12-19T06:00:00Z,900,true,1.017323,0.932375,0.869173,0.275563
N20261218-S022,N20261218,2026-12-19T06:15:00Z,900,true,0.967197,0.910798,0.858788,0.273041
N20261218-S023,N20261218,2026-12-19T06:30:00Z,900,true,0.917190,0.911391,0.841931,0.284534
N20261218-S024,N20261218,2026-12-19T06:45:00Z,900,true,0.939087,0.903144,0.869241,0.282915
N20261218-S025,N20261218,2026-12-19T07:00:00Z,900,true,0.874358,0.899455,0.868586,0.257747
N20261218-S026,N20261218,2026-12-19T07:15:00Z,900,true,0.962577,0.906118,0.831509,0.269706
N20261218-S027,N20261218,2026-12-19T07:30:00Z,900,true,0.903069,0.918830,0.819795,0.281508
N20261218-S028,N20261218,2026-12-19T07:45:00Z,900,true,0.862665,0.906156,0.805500,0.271253
N20261218-S029,N20261218,2026-12-19T08:00:00Z,900,true,0.859572,0.915205,0.813762,0.277014
N20261219-S001,N20261219,2026-12-20T01:00:00Z,900,true,1.013128,0.846483,0.825459,0.288974
N20261219-S002,N20261219,2026-12-20T01:15:00Z,900,true,1.022217,0.823351,0.818905,0.308869
N20261219-S003,N20261219,2026-12-20T01:30:00Z,900,true,1.036020,0.817801,0.799252,0.318046
N20261219-S004,N20261219,2026-12-20T01:45:00Z,900,true,1.021390,0.826144,0.805418,0.290113
N20261219-S005,N20261219,2026-12-20T02:00:00Z,900,true,1.021366,0.812545,0.846949,0.304144
N20261219-S006,N20261219,2026-12-20T02:15:00Z,900,false,,,,
N20261219-S007,N20261219,2026-12-20T02:30:00Z,900,false,,,,
N20261219-S008,N20261219,2026-12-20T02:45:00Z,900,false,,,,
N20261219-S009,N20261219,2026-12-20T03:00:00Z,900,true,1.001419,0.839085,0.898612,0.311991
N20261219-S010,N20261219,2026-12-20T03:15:00Z,900,true,0.965606,0.836651,0.918561,0.312924
N20261219-S011,N20261219,2026-12-20T03:30:00Z,900,true,0.985213,0.847162,0.916808,0.304959
N20261219-S012,N20261219,2026-12-20T03:45:00Z,900,true,0.939202,0.834254,0.892247,0.310966
N20261219-S013,N20261219,2026-12-20T04:00:00Z,900,true,0.988069,0.848630,0.913150,0.303880
N20261219-S014,N20261219,2026-12-20T04:15:00Z,900,true,0.981157,0.837180,0.905637,0.305436
N20261219-S015,N20261219,2026-12-20T04:30:00Z,900,true,0.930407,0.851958,0.895528,0.318626
N20261219-S016,N20261219,2026-12-20T04:45:00Z,900,true,0.871385,0.842136,0.875689,0.291876
N20261219-S017,N20261219,2026-12-20T05:00:00Z,900,true,0.886113,0.852370,0.871019,0.319768
N20261219-S018,N20261219,2026-12-20T05:15:00Z,900,true,0.861867,0.850215,0.862053,0.311674
N20261219-S019,N20261219,2026-12-20T05:30:00Z,900,true,0.876588,0.868109,0.870105,0.308734
N20261219-S020,N20261219,2026-12-20T05:45:00Z,900,true,0.914981,0.872685,0.863370,0.291632
N20261219-S021,N20261219,2026-12-20T06:00:00Z,900,true,0.926603,0.879555,0.885569,0.300596
N20261219-S022,N20261219,2026-12-20T06:15:00Z,900,true,0.974407,0.872843,0.897004,0.302468
N20261219-S023,N20261219,2026-12-20T06:30:00Z,900,true,1.026452,0.887812,0.890129,0.303347
N20261219-S024,N20261219,2026-12-20T06:45:00Z,900,true,0.999012,0.876091,0.892528,0.306930
N20261219-S025,N20261219,2026-12-20T07:00:00Z,900,true,0.976558,0.884716,0.882347,0.293191
N20261219-S026,N20261219,2026-12-20T07:15:00Z,900,true,1.063292,0.884046,0.867363,0.290504
N20261219-S027,N20261219,2026-12-20T07:30:00Z,900,true,1.023747,0.887205,0.876200,0.294404
N20261219-S028,N20261219,2026-12-20T07:45:00Z,900,true,1.034690,0.891505,0.844770,0.290831
N20261219-S029,N20261219,2026-12-20T08:00:00Z,900,true,1.049984,0.888033,0.842079,0.306898
N20261220-S001,N20261220,2026-12-21T01:00:00Z,900,true,1.098992,0.854597,0.840981,0.348108
N20261220-S002,N20261220,2026-12-21T01:15:00Z,900,true,1.014831,0.860565,0.815507,0.335608
N20261220-S003,N20261220,2026-12-21T01:30:00Z,900,true,0.998331,0.867307,0.847443,0.313934
N20261220-S004,N20261220,2026-12-21T01:45:00Z,900,true,0.980174,0.883179,0.846090,0.332417
N20261220-S005,N20261220,2026-12-21T02:00:00Z,900,true,0.975812,0.866870,0.858864,0.313908
N20261220-S006,N20261220,2026-12-21T02:15:00Z,900,true,0.972917,0.850853,0.847244,0.327571
N20261220-S007,N20261220,2026-12-21T02:30:00Z,900,true,0.924419,0.866922,0.822477,0.338199
N20261220-S008,N20261220,2026-12-21T02:45:00Z,900,true,0.958437,0.861186,0.798935,0.343169
N20261220-S009,N20261220,2026-12-21T03:00:00Z,900,true,0.933996,0.865222,0.837832,0.324780
N20261220-S010,N20261220,2026-12-21T03:15:00Z,900,true,0.969607,0.874759,0.852413,0.326745
N20261220-S011,N20261220,2026-12-21T03:30:00Z,900,true,0.975788,0.852860,0.861234,0.327648
N20261220-S012,N20261220,2026-12-21T03:45:00Z,900,true,0.970339,0.861134,0.847894,0.318560
N20261220-S013,N20261220,2026-12-21T04:00:00Z,900,false,,,,
N20261220-S014,N20261220,2026-12-21T04:15:00Z,900,false,,,,
N20261220-S015,N20261220,2026-12-21T04:30:00Z,900,true,0.962816,0.860083,0.839878,0.342625
N20261220-S016,N20261220,2026-12-21T04:45:00Z,900,true,0.919319,0.835857,0.847598,0.329607
N20261220-S017,N20261220,2026-12-21T05:00:00Z,900,true,0.927023,0.832340,0.842431,0.347872
N20261220-S018,N20261220,2026-12-21T05:15:00Z,900,true,0.969478,0.831012,0.804885,0.342907
N20261220-S019,N20261220,2026-12-21T05:30:00Z,900,true,0.976307,0.825485,0.826786,0.334747
N20261220-S020,N20261220,2026-12-21T05:45:00Z,900,true,1.005514,0.845320,0.823300,0.337133
N20261220-S021,N20261220,2026-12-21T06:00:00Z,900,true,0.991197,0.853143,0.827661,0.346304
N20261220-S022,N20261220,2026-12-21T06:15:00Z,900,true,0.961454,0.866187,0.833366,0.347170
N20261220-S023,N20261220,2026-12-21T06:30:00Z,900,true,0.993507,0.865064,0.837377,0.345069
N20261220-S024,N20261220,2026-12-21T06:45:00Z,900,true,1.013309,0.858006,0.836700,0.325637
N20261220-S025,N20261220,2026-12-21T07:00:00Z,900,true,1.038800,0.847527,0.825143,0.322708
N20261220-S026,N20261220,2026-12-21T07:15:00Z,900,true,1.063064,0.830242,0.835655,0.333917
N20261220-S027,N20261220,2026-12-21T07:30:00Z,900,true,1.005591,0.820840,0.816611,0.314206
N20261220-S028,N20261220,2026-12-21T07:45:00Z,900,true,1.009232,0.841555,0.822667,0.318854
N20261220-S029,N20261220,2026-12-21T08:00:00Z,900,true,1.072970,0.853117,0.816607,0.329324
N20261221-S001,N20261221,2026-12-22T01:00:00Z,900,false,,,,
N20261221-S002,N20261221,2026-12-22T01:15:00Z,900,true,0.991446,0.902451,0.868743,0.350730
N20261221-S003,N20261221,2026-12-22T01:30:00Z,900,true,1.014022,0.901887,0.868629,0.341921
N20261221-S004,N20261221,2026-12-22T01:45:00Z,900,true,1.031086,0.885108,0.874750,0.366722
N20261221-S005,N20261221,2026-12-22T02:00:00Z,900,true,1.141662,0.892808,0.878568,0.360457
N20261221-S006,N20261221,2026-12-22T02:15:00Z,900,true,1.171184,0.883160,0.875908,0.339398
N20261221-S007,N20261221,2026-12-22T02:30:00Z,900,true,1.150124,0.886398,0.885010,0.342278
N20261221-S008,N20261221,2026-12-22T02:45:00Z,900,true,1.176222,0.879427,0.881894,0.367547
N20261221-S009,N20261221,2026-12-22T03:00:00Z,900,true,1.127264,0.855275,0.898109,0.340327
N20261221-S010,N20261221,2026-12-22T03:15:00Z,900,true,1.122614,0.843697,0.900132,0.366535
N20261221-S011,N20261221,2026-12-22T03:30:00Z,900,true,1.093308,0.838301,0.882174,0.357658
N20261221-S012,N20261221,2026-12-22T03:45:00Z,900,true,1.087346,0.821839,0.872856,0.351850
N20261221-S013,N20261221,2026-12-22T04:00:00Z,900,true,1.016319,0.829594,0.834613,0.353869
N20261221-S014,N20261221,2026-12-22T04:15:00Z,900,true,1.056384,0.837201,0.850850,0.365234
N20261221-S015,N20261221,2026-12-22T04:30:00Z,900,true,1.058424,0.836181,0.845487,0.342428
N20261221-S016,N20261221,2026-12-22T04:45:00Z,900,true,1.065196,0.854784,0.822155,0.361501
N20261221-S017,N20261221,2026-12-22T05:00:00Z,900,true,0.982333,0.866680,0.802564,0.346233
N20261221-S018,N20261221,2026-12-22T05:15:00Z,900,true,0.996514,0.863361,0.775170,0.335381
N20261221-S019,N20261221,2026-12-22T05:30:00Z,900,true,0.974134,0.853018,0.776317,0.365212
N20261221-S020,N20261221,2026-12-22T05:45:00Z,900,true,0.961744,0.849430,0.790551,0.369626
N20261221-S021,N20261221,2026-12-22T06:00:00Z,900,true,0.978963,0.849811,0.786915,0.335210
N20261221-S022,N20261221,2026-12-22T06:15:00Z,900,true,0.925462,0.847037,0.790026,0.349863
N20261221-S023,N20261221,2026-12-22T06:30:00Z,900,true,0.943636,0.862478,0.780025,0.343332
N20261221-S024,N20261221,2026-12-22T06:45:00Z,900,true,0.968729,0.855768,0.803277,0.369893
N20261221-S025,N20261221,2026-12-22T07:00:00Z,900,true,0.995893,0.842708,0.832945,0.369106
N20261221-S026,N20261221,2026-12-22T07:15:00Z,900,true,0.975630,0.859431,0.830207,0.351724
N20261221-S027,N20261221,2026-12-22T07:30:00Z,900,true,1.007022,0.879816,0.827094,0.343599
N20261221-S028,N20261221,2026-12-22T07:45:00Z,900,true,0.995644,0.871534,0.835374,0.337215
N20261221-S029,N20261221,2026-12-22T08:00:00Z,900,true,1.032791,0.868527,0.851433,0.364243
N20261222-S001,N20261222,2026-12-23T01:00:00Z,900,true,1.031377,0.821188,0.833893,0.350465
N20261222-S002,N20261222,2026-12-23T01:15:00Z,900,true,1.051841,0.810150,0.878622,0.383174
N20261222-S003,N20261222,2026-12-23T01:30:00Z,900,true,1.044134,0.827455,0.861203,0.351353
N20261222-S004,N20261222,2026-12-23T01:45:00Z,900,true,1.049762,0.843770,0.858495,0.371651
N20261222-S005,N20261222,2026-12-23T02:00:00Z,900,true,1.058729,0.842188,0.838233,0.357878
N20261222-S006,N20261222,2026-12-23T02:15:00Z,900,true,1.065499,0.845875,0.830585,0.353148
N20261222-S007,N20261222,2026-12-23T02:30:00Z,900,true,1.085496,0.840414,0.815576,0.360302
N20261222-S008,N20261222,2026-12-23T02:45:00Z,900,true,1.062866,0.839500,0.815633,0.374247
N20261222-S009,N20261222,2026-12-23T03:00:00Z,900,true,0.987472,0.846804,0.829442,0.369061
N20261222-S010,N20261222,2026-12-23T03:15:00Z,900,true,0.962670,0.857782,0.827803,0.360965
N20261222-S011,N20261222,2026-12-23T03:30:00Z,900,true,1.018231,0.848462,0.857957,0.376285
N20261222-S012,N20261222,2026-12-23T03:45:00Z,900,true,0.998833,0.849442,0.897721,0.381941
N20261222-S013,N20261222,2026-12-23T04:00:00Z,900,true,0.982593,0.825913,0.879210,0.354310
N20261222-S014,N20261222,2026-12-23T04:15:00Z,900,true,1.005655,0.832899,0.880436,0.385578
N20261222-S015,N20261222,2026-12-23T04:30:00Z,900,true,1.004613,0.832890,0.887305,0.364449
N20261222-S016,N20261222,2026-12-23T04:45:00Z,900,true,1.020719,0.844053,0.867704,0.348502
N20261222-S017,N20261222,2026-12-23T05:00:00Z,900,true,0.990587,0.840590,0.828575,0.354194
N20261222-S018,N20261222,2026-12-23T05:15:00Z,900,true,0.970394,0.834904,0.834597,0.383473
N20261222-S019,N20261222,2026-12-23T05:30:00Z,900,true,0.981227,0.813765,0.820132,0.382424
N20261222-S020,N20261222,2026-12-23T05:45:00Z,900,true,0.993749,0.807396,0.807689,0.359933
N20261222-S021,N20261222,2026-12-23T06:00:00Z,900,true,0.983351,0.799502,0.823458,0.358452
N20261222-S022,N20261222,2026-12-23T06:15:00Z,900,true,0.975749,0.795525,0.810119,0.371145
N20261222-S023,N20261222,2026-12-23T06:30:00Z,900,true,0.959903,0.804268,0.819400,0.366082
N20261222-S024,N20261222,2026-12-23T06:45:00Z,900,true,0.911571,0.791509,0.779382,0.375459
N20261222-S025,N20261222,2026-12-23T07:00:00Z,900,true,0.967732,0.808862,0.769548,0.378514
N20261222-S026,N20261222,2026-12-23T07:15:00Z,900,true,0.938999,0.820994,0.776556,0.371789
N20261222-S027,N20261222,2026-12-23T07:30:00Z,900,true,0.956466,0.814572,0.791022,0.351677
N20261222-S028,N20261222,2026-12-23T07:45:00Z,900,true,0.992160,0.818642,0.788723,0.353153
N20261222-S029,N20261222,2026-12-23T08:00:00Z,900,true,0.995097,0.852578,0.777504,0.364121
N20261223-S001,N20261223,2026-12-24T01:00:00Z,900,true,1.073916,0.802843,0.781142,0.364307
N20261223-S002,N20261223,2026-12-24T01:15:00Z,900,true,1.079519,0.799825,0.753375,0.387875
N20261223-S003,N20261223,2026-12-24T01:30:00Z,900,true,1.091670,0.801319,0.719495,0.397740
N20261223-S004,N20261223,2026-12-24T01:45:00Z,900,true,1.114954,0.834387,0.732439,0.396536
N20261223-S005,N20261223,2026-12-24T02:00:00Z,900,false,,,,
N20261223-S006,N20261223,2026-12-24T02:15:00Z,900,false,,,,
N20261223-S007,N20261223,2026-12-24T02:30:00Z,900,false,,,,
N20261223-S008,N20261223,2026-12-24T02:45:00Z,900,false,,,,
N20261223-S009,N20261223,2026-12-24T03:00:00Z,900,false,,,,
N20261223-S010,N20261223,2026-12-24T03:15:00Z,900,false,,,,
N20261223-S011,N20261223,2026-12-24T03:30:00Z,900,true,1.107168,0.838687,0.753458,0.383974
N20261223-S012,N20261223,2026-12-24T03:45:00Z,900,true,1.088902,0.844282,0.751152,0.368411
N20261223-S013,N20261223,2026-12-24T04:00:00Z,900,true,1.091361,0.835131,0.751725,0.378242
N20261223-S014,N20261223,2026-12-24T04:15:00Z,900,true,1.035288,0.849146,0.739533,0.395628
N20261223-S015,N20261223,2026-12-24T04:30:00Z,900,true,1.043446,0.845715,0.739662,0.384437
N20261223-S016,N20261223,2026-12-24T04:45:00Z,900,true,1.017500,0.835802,0.741562,0.384347
N20261223-S017,N20261223,2026-12-24T05:00:00Z,900,true,1.032705,0.821974,0.735354,0.380560
N20261223-S018,N20261223,2026-12-24T05:15:00Z,900,true,1.012008,0.819620,0.715068,0.380446
N20261223-S019,N20261223,2026-12-24T05:30:00Z,900,true,1.047908,0.825472,0.689997,0.395361
N20261223-S020,N20261223,2026-12-24T05:45:00Z,900,true,1.096885,0.848616,0.701809,0.378294
N20261223-S021,N20261223,2026-12-24T06:00:00Z,900,true,1.077006,0.848210,0.679284,0.394620
N20261223-S022,N20261223,2026-12-24T06:15:00Z,900,true,1.064098,0.865255,0.690316,0.397892
N20261223-S023,N20261223,2026-12-24T06:30:00Z,900,true,1.034279,0.847691,0.676979,0.374505
N20261223-S024,N20261223,2026-12-24T06:45:00Z,900,true,1.102571,0.834295,0.676645,0.393297
N20261223-S025,N20261223,2026-12-24T07:00:00Z,900,true,1.160438,0.830367,0.695898,0.399558
N20261223-S026,N20261223,2026-12-24T07:15:00Z,900,true,1.154453,0.830178,0.721447,0.367697
N20261223-S027,N20261223,2026-12-24T07:30:00Z,900,true,1.050317,0.819517,0.735703,0.377536
N20261223-S028,N20261223,2026-12-24T07:45:00Z,900,true,1.003526,0.817587,0.735327,0.391503
N20261223-S029,N20261223,2026-12-24T08:00:00Z,900,true,1.003728,0.822517,0.698556,0.395877
N20261224-S001,N20261224,2026-12-25T01:15:00Z,900,true,1.017114,0.788944,0.844306,0.384572
N20261224-S002,N20261224,2026-12-25T01:30:00Z,900,true,0.993609,0.782339,0.861320,0.386515
N20261224-S003,N20261224,2026-12-25T01:45:00Z,900,true,0.994429,0.788792,0.839449,0.397226
N20261224-S004,N20261224,2026-12-25T02:00:00Z,900,true,1.015697,0.776244,0.852561,0.408100
N20261224-S005,N20261224,2026-12-25T02:15:00Z,900,true,1.011880,0.778676,0.830434,0.380428
N20261224-S006,N20261224,2026-12-25T02:30:00Z,900,true,1.003079,0.789114,0.846318,0.401369
N20261224-S007,N20261224,2026-12-25T02:45:00Z,900,true,0.996216,0.779835,0.826058,0.377944
N20261224-S008,N20261224,2026-12-25T03:00:00Z,900,true,1.031067,0.789877,0.800105,0.391988
N20261224-S009,N20261224,2026-12-25T03:15:00Z,900,true,1.087445,0.814388,0.785525,0.385046
N20261224-S010,N20261224,2026-12-25T03:30:00Z,900,true,1.098983,0.824421,0.813854,0.401082
N20261224-S011,N20261224,2026-12-25T03:45:00Z,900,true,1.060778,0.821189,0.848774,0.375871
N20261224-S012,N20261224,2026-12-25T04:00:00Z,900,true,1.044182,0.823893,0.852956,0.401309
N20261224-S013,N20261224,2026-12-25T04:15:00Z,900,true,1.005647,0.792084,0.872932,0.408853
N20261224-S014,N20261224,2026-12-25T04:30:00Z,900,true,0.940214,0.779720,0.866679,0.372439
N20261224-S015,N20261224,2026-12-25T04:45:00Z,900,true,0.961844,0.782370,0.860124,0.372186
N20261224-S016,N20261224,2026-12-25T05:00:00Z,900,true,0.957325,0.793786,0.877783,0.401939
N20261224-S017,N20261224,2026-12-25T05:15:00Z,900,true,0.958041,0.789248,0.878771,0.385954
N20261224-S018,N20261224,2026-12-25T05:30:00Z,900,true,0.984574,0.779787,0.896149,0.392664
N20261224-S019,N20261224,2026-12-25T05:45:00Z,900,true,1.020337,0.769457,0.887228,0.383225
N20261224-S020,N20261224,2026-12-25T06:00:00Z,900,true,1.045416,0.789034,0.892372,0.406407
N20261224-S021,N20261224,2026-12-25T06:15:00Z,900,true,1.018439,0.807660,0.905947,0.385208
N20261224-S022,N20261224,2026-12-25T06:30:00Z,900,true,1.031218,0.789880,0.909133,0.404586
N20261224-S023,N20261224,2026-12-25T06:45:00Z,900,true,1.030696,0.791234,0.908290,0.408065
N20261224-S024,N20261224,2026-12-25T07:00:00Z,900,true,1.030378,0.796949,0.891753,0.381156
N20261224-S025,N20261224,2026-12-25T07:15:00Z,900,true,1.028249,0.796210,0.883033,0.378664
N20261224-S026,N20261224,2026-12-25T07:30:00Z,900,true,1.068348,0.802086,0.869227,0.378311
N20261224-S027,N20261224,2026-12-25T07:45:00Z,900,true,1.057009,0.799256,0.857509,0.384571
N20261224-S028,N20261224,2026-12-25T08:00:00Z,900,true,1.098842,0.780433,0.878876,0.377874
N20261225-S001,N20261225,2026-12-26T01:15:00Z,900,true,1.025117,0.768385,0.789753,0.387727
N20261225-S002,N20261225,2026-12-26T01:30:00Z,900,true,1.012779,0.754836,0.772630,0.407373
N20261225-S003,N20261225,2026-12-26T01:45:00Z,900,true,1.017013,0.762308,0.736295,0.399678
N20261225-S004,N20261225,2026-12-26T02:00:00Z,900,true,0.988453,0.754889,0.771147,0.385153
N20261225-S005,N20261225,2026-12-26T02:15:00Z,900,true,0.975596,0.770745,0.764727,0.405423
N20261225-S006,N20261225,2026-12-26T02:30:00Z,900,true,0.977793,0.772662,0.766970,0.400888
N20261225-S007,N20261225,2026-12-26T02:45:00Z,900,true,0.969415,0.776091,0.783273,0.390321
N20261225-S008,N20261225,2026-12-26T03:00:00Z,900,true,0.968421,0.766535,0.763984,0.412218
N20261225-S009,N20261225,2026-12-26T03:15:00Z,900,true,0.985995,0.765402,0.780383,0.412916
N20261225-S010,N20261225,2026-12-26T03:30:00Z,900,true,0.953168,0.767861,0.793683,0.411656
N20261225-S011,N20261225,2026-12-26T03:45:00Z,900,true,0.900937,0.756132,0.753345,0.417490
N20261225-S012,N20261225,2026-12-26T04:00:00Z,900,true,0.880079,0.731786,0.768606,0.414093
N20261225-S013,N20261225,2026-12-26T04:15:00Z,900,true,0.916849,0.731751,0.790763,0.396079
N20261225-S014,N20261225,2026-12-26T04:30:00Z,900,true,0.897463,0.745667,0.770383,0.380644
N20261225-S015,N20261225,2026-12-26T04:45:00Z,900,true,0.896579,0.751496,0.780770,0.406022
N20261225-S016,N20261225,2026-12-26T05:00:00Z,900,true,0.905091,0.761777,0.801757,0.387581
N20261225-S017,N20261225,2026-12-26T05:15:00Z,900,true,0.937501,0.768108,0.764559,0.401271
N20261225-S018,N20261225,2026-12-26T05:30:00Z,900,true,0.893082,0.780367,0.743263,0.412587
N20261225-S019,N20261225,2026-12-26T05:45:00Z,900,true,0.883800,0.786035,0.757104,0.398065
N20261225-S020,N20261225,2026-12-26T06:00:00Z,900,true,0.962370,0.792743,0.788197,0.377379
N20261225-S021,N20261225,2026-12-26T06:15:00Z,900,true,0.998004,0.794151,0.767986,0.393963
N20261225-S022,N20261225,2026-12-26T06:30:00Z,900,true,0.987538,0.792519,0.772732,0.390707
N20261225-S023,N20261225,2026-12-26T06:45:00Z,900,true,0.997236,0.775303,0.758979,0.404462
N20261225-S024,N20261225,2026-12-26T07:00:00Z,900,true,0.975211,0.774499,0.796981,0.385447
N20261225-S025,N20261225,2026-12-26T07:15:00Z,900,true,0.943076,0.767360,0.796457,0.384539
N20261225-S026,N20261225,2026-12-26T07:30:00Z,900,true,0.977092,0.772021,0.795173,0.397163
N20261225-S027,N20261225,2026-12-26T07:45:00Z,900,true,0.984744,0.777677,0.770172,0.394135
N20261225-S028,N20261225,2026-12-26T08:00:00Z,900,true,0.935383,0.766288,0.734924,0.391865
N20261226-S001,N20261226,2026-12-27T01:15:00Z,900,true,0.949932,0.787427,0.831063,0.407079
N20261226-S002,N20261226,2026-12-27T01:30:00Z,900,true,0.927501,0.795361,0.854508,0.388079
N20261226-S003,N20261226,2026-12-27T01:45:00Z,900,true,0.952429,0.807166,0.833485,0.390071
N20261226-S004,N20261226,2026-12-27T02:00:00Z,900,true,1.002825,0.779922,0.825893,0.403673
N20261226-S005,N20261226,2026-12-27T02:15:00Z,900,true,1.043622,0.760360,0.814438,0.406269
N20261226-S006,N20261226,2026-12-27T02:30:00Z,900,true,1.082777,0.755145,0.803550,0.386370
N20261226-S007,N20261226,2026-12-27T02:45:00Z,900,true,1.057543,0.756604,0.802031,0.413563
N20261226-S008,N20261226,2026-12-27T03:00:00Z,900,true,1.054643,0.757747,0.804316,0.393664
N20261226-S009,N20261226,2026-12-27T03:15:00Z,900,true,1.068039,0.775432,0.804688,0.383591
N20261226-S010,N20261226,2026-12-27T03:30:00Z,900,true,0.956119,0.765246,0.827676,0.391369
N20261226-S011,N20261226,2026-12-27T03:45:00Z,900,true,0.899941,0.782074,0.843284,0.394926
N20261226-S012,N20261226,2026-12-27T04:00:00Z,900,true,0.931604,0.778234,0.852650,0.414005
N20261226-S013,N20261226,2026-12-27T04:15:00Z,900,true,0.986747,0.800282,0.849506,0.393567
N20261226-S014,N20261226,2026-12-27T04:30:00Z,900,true,1.021766,0.814619,0.862489,0.383052
N20261226-S015,N20261226,2026-12-27T04:45:00Z,900,true,0.995013,0.817162,0.871895,0.412224
N20261226-S016,N20261226,2026-12-27T05:00:00Z,900,false,,,,
N20261226-S017,N20261226,2026-12-27T05:15:00Z,900,true,1.022209,0.783708,0.868786,0.419774
N20261226-S018,N20261226,2026-12-27T05:30:00Z,900,true,1.058660,0.788636,0.880429,0.418274
N20261226-S019,N20261226,2026-12-27T05:45:00Z,900,true,1.083856,0.815165,0.876417,0.419106
N20261226-S020,N20261226,2026-12-27T06:00:00Z,900,true,1.024932,0.792102,0.875614,0.390462
N20261226-S021,N20261226,2026-12-27T06:15:00Z,900,true,1.019117,0.786688,0.862137,0.391810
N20261226-S022,N20261226,2026-12-27T06:30:00Z,900,true,0.980621,0.774614,0.893375,0.401829
N20261226-S023,N20261226,2026-12-27T06:45:00Z,900,true,0.966625,0.779447,0.895971,0.401233
N20261226-S024,N20261226,2026-12-27T07:00:00Z,900,true,1.022841,0.790442,0.923992,0.408512
N20261226-S025,N20261226,2026-12-27T07:15:00Z,900,true,1.045903,0.796225,0.924643,0.406332
N20261226-S026,N20261226,2026-12-27T07:30:00Z,900,true,1.054516,0.797987,0.927844,0.417885
N20261226-S027,N20261226,2026-12-27T07:45:00Z,900,true,0.975673,0.805251,0.934876,0.421208
N20261226-S028,N20261226,2026-12-27T08:00:00Z,900,true,1.015396,0.811801,0.930501,0.413452
N20261227-S001,N20261227,2026-12-28T01:15:00Z,900,true,0.955163,0.851198,1.038463,0.425791
N20261227-S002,N20261227,2026-12-28T01:30:00Z,900,true,0.944823,0.850917,1.045872,0.400028
N20261227-S003,N20261227,2026-12-28T01:45:00Z,900,true,0.992748,0.833515,1.062145,0.418897
N20261227-S004,N20261227,2026-12-28T02:00:00Z,900,true,0.975777,0.840874,1.055603,0.387225
N20261227-S005,N20261227,2026-12-28T02:15:00Z,900,true,0.910308,0.828774,1.028360,0.416821
N20261227-S006,N20261227,2026-12-28T02:30:00Z,900,true,0.938424,0.842758,1.028298,0.405067
N20261227-S007,N20261227,2026-12-28T02:45:00Z,900,true,0.917875,0.823015,1.040963,0.421841
N20261227-S008,N20261227,2026-12-28T03:00:00Z,900,true,0.947400,0.814557,1.036238,0.420199
N20261227-S009,N20261227,2026-12-28T03:15:00Z,900,true,0.908075,0.834228,1.035657,0.395143
N20261227-S010,N20261227,2026-12-28T03:30:00Z,900,true,0.964195,0.833525,1.036799,0.407644
N20261227-S011,N20261227,2026-12-28T03:45:00Z,900,true,0.929121,0.853412,1.050289,0.420309
N20261227-S012,N20261227,2026-12-28T04:00:00Z,900,true,0.953490,0.848530,1.030551,0.409087
N20261227-S013,N20261227,2026-12-28T04:15:00Z,900,true,0.981428,0.840379,1.026002,0.396193
N20261227-S014,N20261227,2026-12-28T04:30:00Z,900,true,0.943467,0.848951,1.022941,0.426807
N20261227-S015,N20261227,2026-12-28T04:45:00Z,900,true,0.931896,0.865990,1.048268,0.388865
N20261227-S016,N20261227,2026-12-28T05:00:00Z,900,true,0.915764,0.863412,1.063435,0.410235
N20261227-S017,N20261227,2026-12-28T05:15:00Z,900,true,0.919066,0.862617,1.086806,0.405384
N20261227-S018,N20261227,2026-12-28T05:30:00Z,900,true,0.911250,0.857089,1.071157,0.389826
N20261227-S019,N20261227,2026-12-28T05:45:00Z,900,true,0.997038,0.863486,1.079079,0.422748
N20261227-S020,N20261227,2026-12-28T06:00:00Z,900,true,0.960539,0.862900,1.092101,0.405096
N20261227-S021,N20261227,2026-12-28T06:15:00Z,900,true,0.918450,0.849360,1.090269,0.388759
N20261227-S022,N20261227,2026-12-28T06:30:00Z,900,true,0.897041,0.855112,1.098282,0.402768
N20261227-S023,N20261227,2026-12-28T06:45:00Z,900,true,0.914778,0.841453,1.107230,0.424965
N20261227-S024,N20261227,2026-12-28T07:00:00Z,900,true,0.879781,0.847526,1.098372,0.423573
N20261227-S025,N20261227,2026-12-28T07:15:00Z,900,true,0.916149,0.830936,1.083772,0.417395
N20261227-S026,N20261227,2026-12-28T07:30:00Z,900,true,0.964403,0.832787,1.086476,0.425845
N20261227-S027,N20261227,2026-12-28T07:45:00Z,900,true,0.955940,0.830914,1.075352,0.388872
N20261227-S028,N20261227,2026-12-28T08:00:00Z,900,true,0.953162,0.828832,1.096954,0.414577
N20261228-S001,N20261228,2026-12-29T01:15:00Z,900,true,1.106943,0.868630,1.050504,0.422100
N20261228-S002,N20261228,2026-12-29T01:30:00Z,900,true,1.077745,0.853577,1.060882,0.405929
N20261228-S003,N20261228,2026-12-29T01:45:00Z,900,true,1.024812,0.849985,1.043911,0.398901
N20261228-S004,N20261228,2026-12-29T02:00:00Z,900,true,1.035898,0.845329,1.053629,0.413725
N20261228-S005,N20261228,2026-12-29T02:15:00Z,900,true,1.118097,0.858778,1.036439,0.389416
N20261228-S006,N20261228,2026-12-29T02:30:00Z,900,true,1.104346,0.855894,1.059917,0.398355
N20261228-S007,N20261228,2026-12-29T02:45:00Z,900,true,1.117297,0.876813,1.061070,0.425445
N20261228-S008,N20261228,2026-12-29T03:00:00Z,900,true,1.069613,0.859495,1.066609,0.419354
N20261228-S009,N20261228,2026-12-29T03:15:00Z,900,true,1.086551,0.856753,1.077385,0.428756
N20261228-S010,N20261228,2026-12-29T03:30:00Z,900,true,1.097695,0.842331,1.047894,0.426340
N20261228-S011,N20261228,2026-12-29T03:45:00Z,900,true,1.079780,0.853860,1.054126,0.413268
N20261228-S012,N20261228,2026-12-29T04:00:00Z,900,true,1.107505,0.862608,1.024621,0.411396
N20261228-S013,N20261228,2026-12-29T04:15:00Z,900,true,1.062717,0.855935,1.036857,0.390200
N20261228-S014,N20261228,2026-12-29T04:30:00Z,900,true,1.047372,0.843211,1.040183,0.418329
N20261228-S015,N20261228,2026-12-29T04:45:00Z,900,true,1.041003,0.835727,1.035954,0.389898
N20261228-S016,N20261228,2026-12-29T05:00:00Z,900,true,1.123221,0.842868,1.049377,0.430468
N20261228-S017,N20261228,2026-12-29T05:15:00Z,900,true,1.049217,0.857072,1.044387,0.427004
N20261228-S018,N20261228,2026-12-29T05:30:00Z,900,true,1.134117,0.849154,1.044391,0.390072
N20261228-S019,N20261228,2026-12-29T05:45:00Z,900,true,1.114030,0.837079,1.042460,0.430446
N20261228-S020,N20261228,2026-12-29T06:00:00Z,900,true,1.103484,0.838996,1.050017,0.416125
N20261228-S021,N20261228,2026-12-29T06:15:00Z,900,true,1.145223,0.841180,1.039089,0.406784
N20261228-S022,N20261228,2026-12-29T06:30:00Z,900,true,1.142770,0.861527,1.033265,0.400502
N20261228-S023,N20261228,2026-12-29T06:45:00Z,900,true,1.136020,0.868877,1.017099,0.431653
N20261228-S024,N20261228,2026-12-29T07:00:00Z,900,true,1.150052,0.858871,1.019996,0.415771
N20261228-S025,N20261228,2026-12-29T07:15:00Z,900,true,1.123645,0.846481,1.034665,0.394042
N20261228-S026,N20261228,2026-12-29T07:30:00Z,900,true,1.136791,0.840300,1.043325,0.393715
N20261228-S027,N20261228,2026-12-29T07:45:00Z,900,true,1.105452,0.849067,1.040764,0.417191
N20261228-S028,N20261228,2026-12-29T08:00:00Z,900,true,1.132358,0.843725,1.043417,0.413051
N20261229-S001,N20261229,2026-12-30T01:15:00Z,900,true,1.062164,0.842595,1.070259,0.404133
N20261229-S002,N20261229,2026-12-30T01:30:00Z,900,true,1.146571,0.831556,1.076823,0.399708
N20261229-S003,N20261229,2026-12-30T01:45:00Z,900,true,1.178139,0.832252,1.037022,0.413648
N20261229-S004,N20261229,2026-12-30T02:00:00Z,900,true,1.221909,0.836532,1.045992,0.403040
N20261229-S005,N20261229,2026-12-30T02:15:00Z,900,true,1.267375,0.842225,1.036421,0.395423
N20261229-S006,N20261229,2026-12-30T02:30:00Z,900,true,1.248300,0.832221,1.043518,0.423361
N20261229-S007,N20261229,2026-12-30T02:45:00Z,900,true,1.262923,0.840739,1.031675,0.424287
N20261229-S008,N20261229,2026-12-30T03:00:00Z,900,true,1.158002,0.832172,1.045713,0.411491
N20261229-S009,N20261229,2026-12-30T03:15:00Z,900,true,1.118377,0.827975,1.038036,0.418881
N20261229-S010,N20261229,2026-12-30T03:30:00Z,900,true,1.142621,0.828166,1.031201,0.393185
N20261229-S011,N20261229,2026-12-30T03:45:00Z,900,true,1.091470,0.834211,1.045409,0.420461
N20261229-S012,N20261229,2026-12-30T04:00:00Z,900,true,1.090096,0.824617,1.070676,0.435110
N20261229-S013,N20261229,2026-12-30T04:15:00Z,900,true,1.077632,0.828012,1.020851,0.393526
N20261229-S014,N20261229,2026-12-30T04:30:00Z,900,true,1.088105,0.844130,1.044062,0.428561
N20261229-S015,N20261229,2026-12-30T04:45:00Z,900,true,1.139424,0.818118,1.054315,0.391849
N20261229-S016,N20261229,2026-12-30T05:00:00Z,900,true,1.092514,0.808782,1.035675,0.422698
N20261229-S017,N20261229,2026-12-30T05:15:00Z,900,true,1.130335,0.819877,1.037593,0.394682
N20261229-S018,N20261229,2026-12-30T05:30:00Z,900,true,1.141295,0.852178,1.063950,0.395223
N20261229-S019,N20261229,2026-12-30T05:45:00Z,900,true,1.090424,0.849196,1.057038,0.434008
N20261229-S020,N20261229,2026-12-30T06:00:00Z,900,true,1.112140,0.870738,1.031130,0.403997
N20261229-S021,N20261229,2026-12-30T06:15:00Z,900,true,1.116962,0.881660,1.022777,0.431642
N20261229-S022,N20261229,2026-12-30T06:30:00Z,900,true,1.130270,0.875083,1.031180,0.392833
N20261229-S023,N20261229,2026-12-30T06:45:00Z,900,true,1.148701,0.858751,1.037543,0.398113
N20261229-S024,N20261229,2026-12-30T07:00:00Z,900,true,1.141573,0.858338,1.047088,0.395400
N20261229-S025,N20261229,2026-12-30T07:15:00Z,900,true,1.093611,0.863106,1.061864,0.417464
N20261229-S026,N20261229,2026-12-30T07:30:00Z,900,true,1.097849,0.846546,1.052976,0.418484
N20261229-S027,N20261229,2026-12-30T07:45:00Z,900,true,1.108357,0.843816,1.064080,0.431119
N20261229-S028,N20261229,2026-12-30T08:00:00Z,900,true,1.141275,0.834708,1.060781,0.403126
N20261230-S001,N20261230,2026-12-31T01:15:00Z,900,true,1.167984,0.890510,1.090741,0.420478
N20261230-S002,N20261230,2026-12-31T01:30:00Z,900,true,1.130945,0.896570,1.102158,0.411832
N20261230-S003,N20261230,2026-12-31T01:45:00Z,900,true,1.194831,0.896660,1.107688,0.403424
N20261230-S004,N20261230,2026-12-31T02:00:00Z,900,true,1.173459,0.875181,1.114850,0.424165
N20261230-S005,N20261230,2026-12-31T02:15:00Z,900,true,1.162258,0.882064,1.102623,0.422017
N20261230-S006,N20261230,2026-12-31T02:30:00Z,900,true,1.177088,0.864128,1.082493,0.415344
N20261230-S007,N20261230,2026-12-31T02:45:00Z,900,true,1.166693,0.857272,1.075803,0.423548
N20261230-S008,N20261230,2026-12-31T03:00:00Z,900,true,1.196750,0.878733,1.065260,0.420557
N20261230-S009,N20261230,2026-12-31T03:15:00Z,900,true,1.157833,0.882061,1.059673,0.412645
N20261230-S010,N20261230,2026-12-31T03:30:00Z,900,true,1.143563,0.888140,1.064871,0.431336
N20261230-S011,N20261230,2026-12-31T03:45:00Z,900,true,1.153839,0.906586,1.039926,0.410995
N20261230-S012,N20261230,2026-12-31T04:00:00Z,900,true,1.137394,0.912882,1.065776,0.404048
N20261230-S013,N20261230,2026-12-31T04:15:00Z,900,true,1.081481,0.917230,1.091459,0.416090
N20261230-S014,N20261230,2026-12-31T04:30:00Z,900,true,1.047808,0.921517,1.080459,0.395295
N20261230-S015,N20261230,2026-12-31T04:45:00Z,900,true,1.059345,0.905925,1.073886,0.406764
N20261230-S016,N20261230,2026-12-31T05:00:00Z,900,true,1.050445,0.893072,1.061678,0.395954
N20261230-S017,N20261230,2026-12-31T05:15:00Z,900,true,1.027674,0.896271,1.040598,0.401054
N20261230-S018,N20261230,2026-12-31T05:30:00Z,900,true,1.031533,0.892850,1.030215,0.424775
N20261230-S019,N20261230,2026-12-31T05:45:00Z,900,true,1.073974,0.887832,1.054554,0.421911
N20261230-S020,N20261230,2026-12-31T06:00:00Z,900,true,1.065062,0.875383,1.072776,0.411504
N20261230-S021,N20261230,2026-12-31T06:15:00Z,900,true,1.028282,0.885791,1.068485,0.436498
N20261230-S022,N20261230,2026-12-31T06:30:00Z,900,true,1.039996,0.888293,1.067530,0.433110
N20261230-S023,N20261230,2026-12-31T06:45:00Z,900,true,1.064473,0.886107,1.081097,0.410929
N20261230-S024,N20261230,2026-12-31T07:00:00Z,900,true,1.073011,0.911062,1.071755,0.411426
N20261230-S025,N20261230,2026-12-31T07:15:00Z,900,true,1.090449,0.894183,1.103771,0.433120
N20261230-S026,N20261230,2026-12-31T07:30:00Z,900,true,1.120898,0.889290,1.101873,0.408860
N20261230-S027,N20261230,2026-12-31T07:45:00Z,900,true,1.113488,0.891834,1.101328,0.394616
N20261230-S028,N20261230,2026-12-31T08:00:00Z,900,true,1.101020,0.886687,1.097721,0.409414
N20261231-S001,N20261231,2027-01-01T01:15:00Z,900,true,1.149831,0.943591,1.133282,0.401969
N20261231-S002,N20261231,2027-01-01T01:30:00Z,900,true,1.186959,0.951889,1.129764,0.418666
N20261231-S003,N20261231,2027-01-01T01:45:00Z,900,true,1.199542,0.934310,1.116457,0.395908
N20261231-S004,N20261231,2027-01-01T02:00:00Z,900,true,1.203246,0.925012,1.125168,0.425275
N20261231-S005,N20261231,2027-01-01T02:15:00Z,900,true,1.243902,0.941295,1.139251,0.416255
N20261231-S006,N20261231,2027-01-01T02:30:00Z,900,true,1.269262,0.952471,1.119287,0.412361
N20261231-S007,N20261231,2027-01-01T02:45:00Z,900,true,1.242978,0.941302,1.136018,0.432046
N20261231-S008,N20261231,2027-01-01T03:00:00Z,900,true,1.192516,0.941422,1.137972,0.418549
N20261231-S009,N20261231,2027-01-01T03:15:00Z,900,true,1.203867,0.928177,1.139063,0.424707
N20261231-S010,N20261231,2027-01-01T03:30:00Z,900,true,1.227993,0.914846,1.160649,0.425724
N20261231-S011,N20261231,2027-01-01T03:45:00Z,900,true,1.238666,0.894841,1.131430,0.418561
N20261231-S012,N20261231,2027-01-01T04:00:00Z,900,true,1.202276,0.903684,1.127930,0.401776
N20261231-S013,N20261231,2027-01-01T04:15:00Z,900,true,1.169861,0.903247,1.151670,0.404261
N20261231-S014,N20261231,2027-01-01T04:30:00Z,900,true,1.153844,0.909862,1.132660,0.431637
N20261231-S015,N20261231,2027-01-01T04:45:00Z,900,true,1.190583,0.921442,1.125836,0.434014
N20261231-S016,N20261231,2027-01-01T05:00:00Z,900,true,1.206858,0.907813,1.115992,0.409806
N20261231-S017,N20261231,2027-01-01T05:15:00Z,900,true,1.186008,0.903547,1.139451,0.402249
N20261231-S018,N20261231,2027-01-01T05:30:00Z,900,true,1.136730,0.907381,1.102153,0.417404
N20261231-S019,N20261231,2027-01-01T05:45:00Z,900,true,1.115745,0.904648,1.112423,0.401607
N20261231-S020,N20261231,2027-01-01T06:00:00Z,900,true,1.124519,0.923558,1.146022,0.410734
N20261231-S021,N20261231,2027-01-01T06:15:00Z,900,true,1.133707,0.928864,1.128514,0.424037
N20261231-S022,N20261231,2027-01-01T06:30:00Z,900,true,1.165671,0.933540,1.134555,0.420174
N20261231-S023,N20261231,2027-01-01T06:45:00Z,900,true,1.194801,0.935160,1.124545,0.437249
N20261231-S024,N20261231,2027-01-01T07:00:00Z,900,true,1.172713,0.923067,1.134957,0.436001
N20261231-S025,N20261231,2027-01-01T07:15:00Z,900,true,1.178234,0.906750,1.127814,0.396920
N20261231-S026,N20261231,2027-01-01T07:30:00Z,900,true,1.218081,0.911943,1.140019,0.399815
N20261231-S027,N20261231,2027-01-01T07:45:00Z,900,true,1.222778,0.897163,1.135963,0.429246
N20261231-S028,N20261231,2027-01-01T08:00:00Z,900,true,1.199744,0.903312,1.158626,0.430368
N20270101-S001,N20270101,2027-01-02T01:15:00Z,900,true,1.132212,0.886543,1.185484,0.405566
N20270101-S002,N20270101,2027-01-02T01:30:00Z,900,true,1.122255,0.881864,1.180515,0.433348
N20270101-S003,N20270101,2027-01-02T01:45:00Z,900,true,1.135949,0.905634,1.228248,0.428123
N20270101-S004,N20270101,2027-01-02T02:00:00Z,900,true,1.098750,0.897385,1.211615,0.429309
N20270101-S005,N20270101,2027-01-02T02:15:00Z,900,true,1.113149,0.897941,1.235479,0.399496
N20270101-S006,N20270101,2027-01-02T02:30:00Z,900,true,1.157275,0.892163,1.198076,0.408911
N20270101-S007,N20270101,2027-01-02T02:45:00Z,900,true,1.169182,0.877745,1.191075,0.421407
N20270101-S008,N20270101,2027-01-02T03:00:00Z,900,true,1.091965,0.888111,1.173670,0.419920
N20270101-S009,N20270101,2027-01-02T03:15:00Z,900,true,1.079562,0.876935,1.204518,0.401527
N20270101-S010,N20270101,2027-01-02T03:30:00Z,900,true,1.170747,0.878257,1.195518,0.440071
N20270101-S011,N20270101,2027-01-02T03:45:00Z,900,true,1.143863,0.887915,1.192202,0.434627
N20270101-S012,N20270101,2027-01-02T04:00:00Z,900,true,1.134027,0.884955,1.192221,0.402248
N20270101-S013,N20270101,2027-01-02T04:15:00Z,900,true,1.093898,0.899683,1.214875,0.423908
N20270101-S014,N20270101,2027-01-02T04:30:00Z,900,false,,,,
N20270101-S015,N20270101,2027-01-02T04:45:00Z,900,true,1.176148,0.880315,1.194619,0.435008
N20270101-S016,N20270101,2027-01-02T05:00:00Z,900,true,1.194158,0.882549,1.200427,0.414732
N20270101-S017,N20270101,2027-01-02T05:15:00Z,900,true,1.159924,0.882627,1.239354,0.420799
N20270101-S018,N20270101,2027-01-02T05:30:00Z,900,true,1.120805,0.869694,1.231365,0.420114
N20270101-S019,N20270101,2027-01-02T05:45:00Z,900,true,1.089269,0.862613,1.256642,0.429922
N20270101-S020,N20270101,2027-01-02T06:00:00Z,900,true,1.101552,0.852105,1.273294,0.398625
N20270101-S021,N20270101,2027-01-02T06:15:00Z,900,true,1.104279,0.847900,1.274053,0.418797
N20270101-S022,N20270101,2027-01-02T06:30:00Z,900,true,1.130150,0.856838,1.242336,0.409335
N20270101-S023,N20270101,2027-01-02T06:45:00Z,900,true,1.112084,0.865392,1.243965,0.439738
N20270101-S024,N20270101,2027-01-02T07:00:00Z,900,true,1.129677,0.844064,1.243785,0.404116
N20270101-S025,N20270101,2027-01-02T07:15:00Z,900,true,1.127835,0.855688,1.222709,0.423385
N20270101-S026,N20270101,2027-01-02T07:30:00Z,900,true,1.209353,0.868311,1.186639,0.398053
N20270101-S027,N20270101,2027-01-02T07:45:00Z,900,true,1.230109,0.876860,1.170143,0.427065
N20270101-S028,N20270101,2027-01-02T08:00:00Z,900,true,1.217816,0.872267,1.180391,0.435358
N20270102-S001,N20270102,2027-01-03T01:15:00Z,900,true,1.181896,0.858385,1.176506,0.431620
N20270102-S002,N20270102,2027-01-03T01:30:00Z,900,true,1.156746,0.856823,1.210244,0.421194
N20270102-S003,N20270102,2027-01-03T01:45:00Z,900,true,1.184289,0.854976,1.185796,0.425863
N20270102-S004,N20270102,2027-01-03T02:00:00Z,900,true,1.216430,0.852743,1.181144,0.436031
N20270102-S005,N20270102,2027-01-03T02:15:00Z,900,true,1.188839,0.855987,1.186490,0.404932
N20270102-S006,N20270102,2027-01-03T02:30:00Z,900,true,1.127087,0.844388,1.195140,0.401498
N20270102-S007,N20270102,2027-01-03T02:45:00Z,900,true,1.152652,0.847355,1.214732,0.407848
N20270102-S008,N20270102,2027-01-03T03:00:00Z,900,true,1.170988,0.844162,1.225394,0.402164
N20270102-S009,N20270102,2027-01-03T03:15:00Z,900,true,1.232624,0.847076,1.213004,0.417344
N20270102-S010,N20270102,2027-01-03T03:30:00Z,900,true,1.285483,0.846596,1.211343,0.434626
N20270102-S011,N20270102,2027-01-03T03:45:00Z,900,true,1.274759,0.857007,1.234930,0.404123
N20270102-S012,N20270102,2027-01-03T04:00:00Z,900,true,1.205482,0.840942,1.219527,0.408470
N20270102-S013,N20270102,2027-01-03T04:15:00Z,900,true,1.253208,0.839528,1.205097,0.438768
N20270102-S014,N20270102,2027-01-03T04:30:00Z,900,true,1.199671,0.843738,1.205149,0.408283
N20270102-S015,N20270102,2027-01-03T04:45:00Z,900,true,1.186660,0.830187,1.216748,0.410463
N20270102-S016,N20270102,2027-01-03T05:00:00Z,900,true,1.208427,0.837062,1.201668,0.401539
N20270102-S017,N20270102,2027-01-03T05:15:00Z,900,true,1.174535,0.817206,1.196204,0.407304
N20270102-S018,N20270102,2027-01-03T05:30:00Z,900,true,1.149124,0.829064,1.187844,0.403487
N20270102-S019,N20270102,2027-01-03T05:45:00Z,900,true,1.090711,0.835213,1.184514,0.440122
N20270102-S020,N20270102,2027-01-03T06:00:00Z,900,true,1.081710,0.839238,1.202034,0.401909
N20270102-S021,N20270102,2027-01-03T06:15:00Z,900,true,1.060060,0.843709,1.198801,0.425264
N20270102-S022,N20270102,2027-01-03T06:30:00Z,900,true,1.015187,0.854844,1.215963,0.427374
N20270102-S023,N20270102,2027-01-03T06:45:00Z,900,true,1.052693,0.859306,1.201616,0.423560
N20270102-S024,N20270102,2027-01-03T07:00:00Z,900,true,1.046177,0.863639,1.194299,0.433016
N20270102-S025,N20270102,2027-01-03T07:15:00Z,900,true,1.068462,0.847948,1.203995,0.404715
N20270102-S026,N20270102,2027-01-03T07:30:00Z,900,true,1.095839,0.875595,1.205688,0.444582
N20270102-S027,N20270102,2027-01-03T07:45:00Z,900,true,1.141180,0.911607,1.206022,0.439285
N20270102-S028,N20270102,2027-01-03T08:00:00Z,900,true,1.201550,0.896265,1.193686,0.410125
N20270103-S001,N20270103,2027-01-04T01:15:00Z,900,true,1.075701,0.908945,1.158062,0.402693
N20270103-S002,N20270103,2027-01-04T01:30:00Z,900,true,1.145233,0.901211,1.166736,0.422271
N20270103-S003,N20270103,2027-01-04T01:45:00Z,900,true,1.182130,0.883305,1.157072,0.441354
N20270103-S004,N20270103,2027-01-04T02:00:00Z,900,true,1.230167,0.894948,1.176430,0.421767
N20270103-S005,N20270103,2027-01-04T02:15:00Z,900,true,1.143581,0.905846,1.153455,0.421087
N20270103-S006,N20270103,2027-01-04T02:30:00Z,900,true,1.101637,0.880033,1.123114,0.439325
N20270103-S007,N20270103,2027-01-04T02:45:00Z,900,true,1.111899,0.885680,1.138520,0.426249
N20270103-S008,N20270103,2027-01-04T03:00:00Z,900,true,1.101328,0.872480,1.149315,0.421927
N20270103-S009,N20270103,2027-01-04T03:15:00Z,900,true,1.126163,0.878009,1.122270,0.424136
N20270103-S010,N20270103,2027-01-04T03:30:00Z,900,true,1.106745,0.912412,1.117534,0.411621
N20270103-S011,N20270103,2027-01-04T03:45:00Z,900,true,1.112687,0.893247,1.109316,0.427454
N20270103-S012,N20270103,2027-01-04T04:00:00Z,900,true,1.062180,0.904824,1.108116,0.413152
N20270103-S013,N20270103,2027-01-04T04:15:00Z,900,true,1.051194,0.903656,1.096494,0.401092
N20270103-S014,N20270103,2027-01-04T04:30:00Z,900,true,1.018704,0.894900,1.122160,0.430352
N20270103-S015,N20270103,2027-01-04T04:45:00Z,900,true,1.013401,0.887506,1.141128,0.402025
N20270103-S016,N20270103,2027-01-04T05:00:00Z,900,true,0.994028,0.878612,1.129928,0.416322
N20270103-S017,N20270103,2027-01-04T05:15:00Z,900,true,0.987574,0.878764,1.112255,0.420926
N20270103-S018,N20270103,2027-01-04T05:30:00Z,900,true,0.979181,0.888530,1.108113,0.429803
N20270103-S019,N20270103,2027-01-04T05:45:00Z,900,true,0.969583,0.888466,1.124477,0.444344
N20270103-S020,N20270103,2027-01-04T06:00:00Z,900,true,1.010674,0.871198,1.146969,0.433274
N20270103-S021,N20270103,2027-01-04T06:15:00Z,900,true,1.022369,0.875044,1.173081,0.418530
N20270103-S022,N20270103,2027-01-04T06:30:00Z,900,true,1.015962,0.882962,1.165476,0.406901
N20270103-S023,N20270103,2027-01-04T06:45:00Z,900,true,1.079460,0.877495,1.191353,0.416635
N20270103-S024,N20270103,2027-01-04T07:00:00Z,900,true,1.061822,0.873944,1.187899,0.404446
N20270103-S025,N20270103,2027-01-04T07:15:00Z,900,true,1.115862,0.886061,1.190720,0.417016
N20270103-S026,N20270103,2027-01-04T07:30:00Z,900,true,1.101351,0.894959,1.203750,0.425615
N20270103-S027,N20270103,2027-01-04T07:45:00Z,900,true,1.121356,0.888290,1.196227,0.439370
N20270103-S028,N20270103,2027-01-04T08:00:00Z,900,true,1.079662,0.893272,1.183092,0.436631
N20270103-S029,N20270103,2027-01-04T08:15:00Z,900,true,1.108410,0.893165,1.196517,0.443816
N20270104-S001,N20270104,2027-01-05T01:15:00Z,900,true,0.964472,0.838976,1.103739,0.403811
N20270104-S002,N20270104,2027-01-05T01:30:00Z,900,true,0.980997,0.842057,1.100970,0.443158
N20270104-S003,N20270104,2027-01-05T01:45:00Z,900,true,1.020285,0.865970,1.102899,0.402323
N20270104-S004,N20270104,2027-01-05T02:00:00Z,900,true,1.038358,0.870773,1.111538,0.433464
N20270104-S005,N20270104,2027-01-05T02:15:00Z,900,true,1.055904,0.863787,1.112180,0.429559
N20270104-S006,N20270104,2027-01-05T02:30:00Z,900,true,1.039919,0.846407,1.103437,0.410664
N20270104-S007,N20270104,2027-01-05T02:45:00Z,900,true,1.046200,0.841635,1.096370,0.429628
N20270104-S008,N20270104,2027-01-05T03:00:00Z,900,true,1.023223,0.836767,1.089764,0.429194
N20270104-S009,N20270104,2027-01-05T03:15:00Z,900,true,1.008570,0.826711,1.091831,0.442804
N20270104-S010,N20270104,2027-01-05T03:30:00Z,900,true,1.000148,0.829306,1.107569,0.422453
N20270104-S011,N20270104,2027-01-05T03:45:00Z,900,true,1.011002,0.835137,1.104748,0.414181
N20270104-S012,N20270104,2027-01-05T04:00:00Z,900,true,1.014071,0.820451,1.095372,0.422434
N20270104-S013,N20270104,2027-01-05T04:15:00Z,900,true,0.991325,0.819182,1.100197,0.417105
N20270104-S014,N20270104,2027-01-05T04:30:00Z,900,true,0.991490,0.821414,1.088392,0.430814
N20270104-S015,N20270104,2027-01-05T04:45:00Z,900,true,1.080315,0.821002,1.081479,0.410357
N20270104-S016,N20270104,2027-01-05T05:00:00Z,900,true,1.068742,0.818473,1.061522,0.420107
N20270104-S017,N20270104,2027-01-05T05:15:00Z,900,true,1.114739,0.827480,1.055607,0.441319
N20270104-S018,N20270104,2027-01-05T05:30:00Z,900,true,1.100750,0.818620,1.076843,0.427794
N20270104-S019,N20270104,2027-01-05T05:45:00Z,900,true,1.114410,0.828160,1.077659,0.401582
N20270104-S020,N20270104,2027-01-05T06:00:00Z,900,true,1.189422,0.847398,1.095867,0.423425
N20270104-S021,N20270104,2027-01-05T06:15:00Z,900,true,1.133443,0.851339,1.099561,0.410842
N20270104-S022,N20270104,2027-01-05T06:30:00Z,900,true,1.091481,0.842048,1.109141,0.413478
N20270104-S023,N20270104,2027-01-05T06:45:00Z,900,true,1.092084,0.845906,1.117105,0.441271
N20270104-S024,N20270104,2027-01-05T07:00:00Z,900,true,1.021019,0.847131,1.104470,0.407660
N20270104-S025,N20270104,2027-01-05T07:15:00Z,900,true,1.062907,0.833611,1.092288,0.417941
N20270104-S026,N20270104,2027-01-05T07:30:00Z,900,true,1.020778,0.850549,1.086014,0.437471
N20270104-S027,N20270104,2027-01-05T07:45:00Z,900,true,1.000196,0.841627,1.083944,0.431994
N20270104-S028,N20270104,2027-01-05T08:00:00Z,900,true,0.973363,0.844715,1.110773,0.425506
N20270104-S029,N20270104,2027-01-05T08:15:00Z,900,true,1.015758,0.828944,1.123539,0.416565
N20270105-S001,N20270105,2027-01-06T01:15:00Z,900,true,1.129622,0.896091,1.035842,0.409946
N20270105-S002,N20270105,2027-01-06T01:30:00Z,900,true,1.093147,0.882208,0.983189,0.408560
N20270105-S003,N20270105,2027-01-06T01:45:00Z,900,true,1.128900,0.879915,0.998955,0.415570
N20270105-S004,N20270105,2027-01-06T02:00:00Z,900,true,1.156257,0.902775,0.988947,0.435237
N20270105-S005,N20270105,2027-01-06T02:15:00Z,900,true,1.136061,0.896926,1.001064,0.426499
N20270105-S006,N20270105,2027-01-06T02:30:00Z,900,true,1.152212,0.901812,1.007677,0.426718
N20270105-S007,N20270105,2027-01-06T02:45:00Z,900,true,1.091111,0.897924,1.002321,0.437564
N20270105-S008,N20270105,2027-01-06T03:00:00Z,900,true,1.130047,0.881766,1.023820,0.427343
N20270105-S009,N20270105,2027-01-06T03:15:00Z,900,true,1.166214,0.873946,1.029832,0.408843
N20270105-S010,N20270105,2027-01-06T03:30:00Z,900,false,,,,
N20270105-S011,N20270105,2027-01-06T03:45:00Z,900,true,1.199753,0.875290,1.050125,0.441446
N20270105-S012,N20270105,2027-01-06T04:00:00Z,900,true,1.198711,0.869127,1.006406,0.442942
N20270105-S013,N20270105,2027-01-06T04:15:00Z,900,true,1.174176,0.879941,1.015247,0.402566
N20270105-S014,N20270105,2027-01-06T04:30:00Z,900,true,1.141615,0.882950,1.012455,0.444437
N20270105-S015,N20270105,2027-01-06T04:45:00Z,900,true,1.124974,0.880745,0.989678,0.402527
N20270105-S016,N20270105,2027-01-06T05:00:00Z,900,true,1.099875,0.876955,1.004471,0.433801
N20270105-S017,N20270105,2027-01-06T05:15:00Z,900,true,1.169329,0.875996,1.014748,0.431052
N20270105-S018,N20270105,2027-01-06T05:30:00Z,900,true,1.198548,0.883548,1.016414,0.413137
N20270105-S019,N20270105,2027-01-06T05:45:00Z,900,true,1.229741,0.874408,1.006250,0.416254
N20270105-S020,N20270105,2027-01-06T06:00:00Z,900,true,1.213905,0.887158,1.028609,0.418598
N20270105-S021,N20270105,2027-01-06T06:15:00Z,900,true,1.237831,0.887646,1.018127,0.431991
N20270105-S022,N20270105,2027-01-06T06:30:00Z,900,true,1.244136,0.891137,1.014225,0.405825
N20270105-S023,N20270105,2027-01-06T06:45:00Z,900,true,1.273187,0.889914,1.034358,0.427287
N20270105-S024,N20270105,2027-01-06T07:00:00Z,900,true,1.250428,0.894819,1.053043,0.422745
N20270105-S025,N20270105,2027-01-06T07:15:00Z,900,true,1.272458,0.904330,1.046224,0.443797
N20270105-S026,N20270105,2027-01-06T07:30:00Z,900,true,1.333580,0.898695,1.048087,0.431905
N20270105-S027,N20270105,2027-01-06T07:45:00Z,900,true,1.283716,0.881017,1.082527,0.403951
N20270105-S028,N20270105,2027-01-06T08:00:00Z,900,true,1.278468,0.869671,1.054294,0.413021
N20270105-S029,N20270105,2027-01-06T08:15:00Z,900,true,1.266121,0.862475,1.047144,0.418849
N20270106-S001,N20270106,2027-01-07T01:15:00Z,900,true,1.104878,0.785506,1.043937,0.413252
N20270106-S002,N20270106,2027-01-07T01:30:00Z,900,true,1.081920,0.780900,1.070429,0.422939
N20270106-S003,N20270106,2027-01-07T01:45:00Z,900,true,1.140429,0.768446,1.076159,0.438587
N20270106-S004,N20270106,2027-01-07T02:00:00Z,900,true,1.125487,0.798433,1.045683,0.435974
N20270106-S005,N20270106,2027-01-07T02:15:00Z,900,true,1.177463,0.808560,1.027177,0.428315
N20270106-S006,N20270106,2027-01-07T02:30:00Z,900,true,1.186382,0.794157,1.010530,0.419912
N20270106-S007,N20270106,2027-01-07T02:45:00Z,900,true,1.225521,0.788395,0.990005,0.445088
N20270106-S008,N20270106,2027-01-07T03:00:00Z,900,true,1.263274,0.784941,0.982350,0.444105
N20270106-S009,N20270106,2027-01-07T03:15:00Z,900,true,1.257210,0.773368,0.981122,0.417351
N20270106-S010,N20270106,2027-01-07T03:30:00Z,900,true,1.219153,0.761181,1.010972,0.432845
N20270106-S011,N20270106,2027-01-07T03:45:00Z,900,true,1.168158,0.753885,1.034765,0.443112
N20270106-S012,N20270106,2027-01-07T04:00:00Z,900,true,1.197409,0.755948,1.052159,0.440202
N20270106-S013,N20270106,2027-01-07T04:15:00Z,900,true,1.214202,0.768265,1.049599,0.428330
N20270106-S014,N20270106,2027-01-07T04:30:00Z,900,true,1.171777,0.750193,1.056082,0.444584
N20270106-S015,N20270106,2027-01-07T04:45:00Z,900,true,1.186016,0.757189,1.060281,0.434091
N20270106-S016,N20270106,2027-01-07T05:00:00Z,900,true,1.193051,0.772005,1.048808,0.405750
N20270106-S017,N20270106,2027-01-07T05:15:00Z,900,true,1.242375,0.776725,1.046078,0.443732
N20270106-S018,N20270106,2027-01-07T05:30:00Z,900,true,1.268741,0.789475,1.052140,0.410526
N20270106-S019,N20270106,2027-01-07T05:45:00Z,900,true,1.282651,0.792745,1.032337,0.419032
N20270106-S020,N20270106,2027-01-07T06:00:00Z,900,true,1.316815,0.788151,1.030906,0.444758
N20270106-S021,N20270106,2027-01-07T06:15:00Z,900,true,1.279001,0.766404,1.000663,0.426874
N20270106-S022,N20270106,2027-01-07T06:30:00Z,900,true,1.273194,0.774154,0.994535,0.402836
N20270106-S023,N20270106,2027-01-07T06:45:00Z,900,true,1.263272,0.779204,0.967791,0.434303
N20270106-S024,N20270106,2027-01-07T07:00:00Z,900,true,1.222244,0.763051,0.983149,0.431782
N20270106-S025,N20270106,2027-01-07T07:15:00Z,900,true,1.224672,0.761405,0.993726,0.407484
N20270106-S026,N20270106,2027-01-07T07:30:00Z,900,true,1.241808,0.760944,0.998271,0.427034
N20270106-S027,N20270106,2027-01-07T07:45:00Z,900,true,1.175630,0.767982,1.016826,0.413293
N20270106-S028,N20270106,2027-01-07T08:00:00Z,900,true,1.188156,0.764045,1.012672,0.439674
N20270106-S029,N20270106,2027-01-07T08:15:00Z,900,true,1.227645,0.759384,1.014451,0.429291
N20270107-S001,N20270107,2027-01-08T01:15:00Z,900,true,1.137512,0.791226,1.032266,0.412002
N20270107-S002,N20270107,2027-01-08T01:30:00Z,900,true,1.124245,0.788532,1.040609,0.437416
N20270107-S003,N20270107,2027-01-08T01:45:00Z,900,true,1.134631,0.799094,1.044349,0.401405
N20270107-S004,N20270107,2027-01-08T02:00:00Z,900,true,1.133859,0.787786,1.068797,0.432082
N20270107-S005,N20270107,2027-01-08T02:15:00Z,900,true,1.080286,0.776212,1.045357,0.413062
N20270107-S006,N20270107,2027-01-08T02:30:00Z,900,true,1.017007,0.769583,1.035320,0.435468
N20270107-S007,N20270107,2027-01-08T02:45:00Z,900,true,1.022797,0.784915,1.056427,0.438493
N20270107-S008,N20270107,2027-01-08T03:00:00Z,900,true,1.011673,0.775283,1.061900,0.435823
N20270107-S009,N20270107,2027-01-08T03:15:00Z,900,true,1.014290,0.766218,1.044736,0.431768
N20270107-S010,N20270107,2027-01-08T03:30:00Z,900,true,1.061324,0.762627,1.031250,0.419103
N20270107-S011,N20270107,2027-01-08T03:45:00Z,900,true,1.085069,0.759081,0.995825,0.423934
N20270107-S012,N20270107,2027-01-08T04:00:00Z,900,true,1.004860,0.758503,0.990248,0.412420
N20270107-S013,N20270107,2027-01-08T04:15:00Z,900,true,0.972512,0.774553,1.013194,0.441067
N20270107-S014,N20270107,2027-01-08T04:30:00Z,900,true,0.982533,0.777420,1.011682,0.419249
N20270107-S015,N20270107,2027-01-08T04:45:00Z,900,true,1.008657,0.793128,1.028624,0.433676
N20270107-S016,N20270107,2027-01-08T05:00:00Z,900,true,1.004466,0.802332,1.006671,0.423659
N20270107-S017,N20270107,2027-01-08T05:15:00Z,900,true,1.022794,0.805188,0.983834,0.433086
N20270107-S018,N20270107,2027-01-08T05:30:00Z,900,true,0.990460,0.809243,1.011805,0.408459
N20270107-S019,N20270107,2027-01-08T05:45:00Z,900,true,1.015963,0.803747,1.016831,0.439108
N20270107-S020,N20270107,2027-01-08T06:00:00Z,900,true,1.034430,0.811835,1.017617,0.437360
N20270107-S021,N20270107,2027-01-08T06:15:00Z,900,true,1.065999,0.811209,0.997749,0.444552
N20270107-S022,N20270107,2027-01-08T06:30:00Z,900,true,1.082551,0.813247,0.996895,0.423507
N20270107-S023,N20270107,2027-01-08T06:45:00Z,900,true,1.114010,0.789905,1.017484,0.418585
N20270107-S024,N20270107,2027-01-08T07:00:00Z,900,true,1.187809,0.789155,1.005788,0.437693
N20270107-S025,N20270107,2027-01-08T07:15:00Z,900,true,1.207312,0.794224,0.998711,0.445381
N20270107-S026,N20270107,2027-01-08T07:30:00Z,900,true,1.219644,0.779532,1.005215,0.402571
N20270107-S027,N20270107,2027-01-08T07:45:00Z,900,true,1.224970,0.775470,1.036629,0.441412
N20270107-S028,N20270107,2027-01-08T08:00:00Z,900,true,1.216669,0.756240,1.024543,0.402489
N20270107-S029,N20270107,2027-01-08T08:15:00Z,900,true,1.188249,0.739645,1.053149,0.417463
N20270108-S001,N20270108,2027-01-09T01:15:00Z,900,true,1.088737,0.751092,1.030034,0.434976
N20270108-S002,N20270108,2027-01-09T01:30:00Z,900,true,1.032085,0.761774,1.009518,0.428437
N20270108-S003,N20270108,2027-01-09T01:45:00Z,900,true,1.078963,0.759964,0.983675,0.434524
N20270108-S004,N20270108,2027-01-09T02:00:00Z,900,true,1.126947,0.755756,1.001457,0.419867
N20270108-S005,N20270108,2027-01-09T02:15:00Z,900,true,1.127278,0.766396,1.008313,0.413847
N20270108-S006,N20270108,2027-01-09T02:30:00Z,900,true,1.139633,0.763784,1.021384,0.430794
N20270108-S007,N20270108,2027-01-09T02:45:00Z,900,true,1.137613,0.744605,1.026513,0.444922
N20270108-S008,N20270108,2027-01-09T03:00:00Z,900,true,1.137315,0.738452,1.042481,0.408703
N20270108-S009,N20270108,2027-01-09T03:15:00Z,900,true,1.087897,0.735356,1.058502,0.411942
N20270108-S010,N20270108,2027-01-09T03:30:00Z,900,true,1.095505,0.742628,1.079712,0.413923
N20270108-S011,N20270108,2027-01-09T03:45:00Z,900,true,1.110157,0.770931,1.075269,0.438849
N20270108-S012,N20270108,2027-01-09T04:00:00Z,900,true,1.096678,0.773759,1.086401,0.409357
N20270108-S013,N20270108,2027-01-09T04:15:00Z,900,true,1.151386,0.784495,1.090501,0.424970
N20270108-S014,N20270108,2027-01-09T04:30:00Z,900,true,1.144134,0.782333,1.080851,0.418746
N20270108-S015,N20270108,2027-01-09T04:45:00Z,900,true,1.119795,0.777009,1.062550,0.427150
N20270108-S016,N20270108,2027-01-09T05:00:00Z,900,true,1.099812,0.789381,1.040984,0.407835
N20270108-S017,N20270108,2027-01-09T05:15:00Z,900,true,1.078858,0.789592,1.016927,0.417759
N20270108-S018,N20270108,2027-01-09T05:30:00Z,900,true,1.121365,0.807809,1.001455,0.412435
N20270108-S019,N20270108,2027-01-09T05:45:00Z,900,true,1.128222,0.786719,1.004401,0.434252
N20270108-S020,N20270108,2027-01-09T06:00:00Z,900,true,1.121409,0.778705,1.011110,0.439983
N20270108-S021,N20270108,2027-01-09T06:15:00Z,900,true,1.142594,0.776950,1.030674,0.437496
N20270108-S022,N20270108,2027-01-09T06:30:00Z,900,true,1.119702,0.790117,1.030980,0.434026
N20270108-S023,N20270108,2027-01-09T06:45:00Z,900,true,1.091789,0.784141,1.019655,0.407354
N20270108-S024,N20270108,2027-01-09T07:00:00Z,900,true,1.067379,0.777293,1.026154,0.405595
N20270108-S025,N20270108,2027-01-09T07:15:00Z,900,true,1.077830,0.769228,1.027558,0.431224
N20270108-S026,N20270108,2027-01-09T07:30:00Z,900,true,1.071378,0.761297,1.025966,0.443515
N20270108-S027,N20270108,2027-01-09T07:45:00Z,900,true,1.051331,0.760255,1.012368,0.428623
N20270108-S028,N20270108,2027-01-09T08:00:00Z,900,true,1.056087,0.771673,1.031940,0.428301
N20270108-S029,N20270108,2027-01-09T08:15:00Z,900,true,0.989577,0.781042,1.052483,0.403171
N20270109-S001,N20270109,2027-01-10T01:15:00Z,900,true,1.189936,0.794330,0.948747,0.433482
N20270109-S002,N20270109,2027-01-10T01:30:00Z,900,true,1.229057,0.801467,0.944594,0.401412
N20270109-S003,N20270109,2027-01-10T01:45:00Z,900,true,1.224264,0.795166,0.941248,0.426180
N20270109-S004,N20270109,2027-01-10T02:00:00Z,900,true,1.200784,0.804242,0.937625,0.401242
N20270109-S005,N20270109,2027-01-10T02:15:00Z,900,true,1.203330,0.833643,0.937250,0.401695
N20270109-S006,N20270109,2027-01-10T02:30:00Z,900,true,1.249785,0.833845,0.909445,0.428511
N20270109-S007,N20270109,2027-01-10T02:45:00Z,900,true,1.260397,0.828747,0.897930,0.429700
N20270109-S008,N20270109,2027-01-10T03:00:00Z,900,true,1.292690,0.827268,0.915607,0.410696
N20270109-S009,N20270109,2027-01-10T03:15:00Z,900,true,1.350226,0.847989,0.939537,0.444787
N20270109-S010,N20270109,2027-01-10T03:30:00Z,900,true,1.304186,0.848740,0.968023,0.445370
N20270109-S011,N20270109,2027-01-10T03:45:00Z,900,true,1.316599,0.839379,0.953963,0.443055
N20270109-S012,N20270109,2027-01-10T04:00:00Z,900,true,1.293332,0.835200,0.977093,0.445311
N20270109-S013,N20270109,2027-01-10T04:15:00Z,900,true,1.252886,0.829836,0.976922,0.416658
N20270109-S014,N20270109,2027-01-10T04:30:00Z,900,true,1.325590,0.822500,0.985873,0.402476
N20270109-S015,N20270109,2027-01-10T04:45:00Z,900,true,1.317976,0.827958,0.990058,0.416943
N20270109-S016,N20270109,2027-01-10T05:00:00Z,900,true,1.326913,0.823023,0.971456,0.438534
N20270109-S017,N20270109,2027-01-10T05:15:00Z,900,true,1.316462,0.799783,0.961653,0.402865
N20270109-S018,N20270109,2027-01-10T05:30:00Z,900,true,1.286104,0.795069,0.949407,0.425192
N20270109-S019,N20270109,2027-01-10T05:45:00Z,900,true,1.242974,0.792989,0.950716,0.402501
N20270109-S020,N20270109,2027-01-10T06:00:00Z,900,true,1.230096,0.791957,0.940215,0.439883
N20270109-S021,N20270109,2027-01-10T06:15:00Z,900,true,1.199456,0.779625,0.952960,0.418000
N20270109-S022,N20270109,2027-01-10T06:30:00Z,900,true,1.246623,0.800706,0.932676,0.435180
N20270109-S023,N20270109,2027-01-10T06:45:00Z,900,true,1.203958,0.804273,0.944450,0.403841
N20270109-S024,N20270109,2027-01-10T07:00:00Z,900,true,1.227695,0.799851,0.944814,0.415206
N20270109-S025,N20270109,2027-01-10T07:15:00Z,900,true,1.183439,0.800225,0.950765,0.430082
N20270109-S026,N20270109,2027-01-10T07:30:00Z,900,true,1.142253,0.803219,0.960422,0.426811
N20270109-S027,N20270109,2027-01-10T07:45:00Z,900,true,1.134366,0.806164,0.946408,0.437059
N20270109-S028,N20270109,2027-01-10T08:00:00Z,900,true,1.123423,0.785214,0.946315,0.401657
N20270109-S029,N20270109,2027-01-10T08:15:00Z,900,true,1.148007,0.777833,0.929506,0.419865
N20270110-S001,N20270110,2027-01-11T01:15:00Z,900,true,1.353249,0.800768,0.916440,0.402943
N20270110-S002,N20270110,2027-01-11T01:30:00Z,900,true,1.349642,0.808137,0.894387,0.433080
N20270110-S003,N20270110,2027-01-11T01:45:00Z,900,true,1.371432,0.813472,0.898116,0.408475
N20270110-S004,N20270110,2027-01-11T02:00:00Z,900,true,1.374714,0.816576,0.883806,0.427314
N20270110-S005,N20270110,2027-01-11T02:15:00Z,900,true,1.353321,0.800107,0.885910,0.401316
N20270110-S006,N20270110,2027-01-11T02:30:00Z,900,true,1.331062,0.809794,0.881007,0.438890
N20270110-S007,N20270110,2027-01-11T02:45:00Z,900,true,1.346122,0.810446,0.884465,0.403179
N20270110-S008,N20270110,2027-01-11T03:00:00Z,900,true,1.293867,0.796289,0.858364,0.422361
N20270110-S009,N20270110,2027-01-11T03:15:00Z,900,true,1.260622,0.808831,0.866246,0.403895
N20270110-S010,N20270110,2027-01-11T03:30:00Z,900,true,1.269972,0.800339,0.891669,0.410119
N20270110-S011,N20270110,2027-01-11T03:45:00Z,900,true,1.224606,0.810408,0.894122,0.430848
N20270110-S012,N20270110,2027-01-11T04:00:00Z,900,true,1.195785,0.817441,0.867427,0.427268
N20270110-S013,N20270110,2027-01-11T04:15:00Z,900,true,1.164641,0.808058,0.859316,0.433560
N20270110-S014,N20270110,2027-01-11T04:30:00Z,900,true,1.213477,0.801360,0.871940,0.432951
N20270110-S015,N20270110,2027-01-11T04:45:00Z,900,true,1.175918,0.783442,0.889474,0.404721
N20270110-S016,N20270110,2027-01-11T05:00:00Z,900,true,1.276325,0.788713,0.905254,0.418975
N20270110-S017,N20270110,2027-01-11T05:15:00Z,900,true,1.280000,0.795117,0.913597,0.444605
N20270110-S018,N20270110,2027-01-11T05:30:00Z,900,true,1.314785,0.775378,0.912336,0.428535
N20270110-S019,N20270110,2027-01-11T05:45:00Z,900,true,1.314006,0.778423,0.889855,0.425364
N20270110-S020,N20270110,2027-01-11T06:00:00Z,900,true,1.278778,0.789563,0.878347,0.418883
N20270110-S021,N20270110,2027-01-11T06:15:00Z,900,true,1.256941,0.807470,0.880897,0.407662
N20270110-S022,N20270110,2027-01-11T06:30:00Z,900,true,1.301087,0.826763,0.880491,0.443369
N20270110-S023,N20270110,2027-01-11T06:45:00Z,900,true,1.324513,0.839613,0.879445,0.417178
N20270110-S024,N20270110,2027-01-11T07:00:00Z,900,true,1.336163,0.843031,0.899685,0.437164
N20270110-S025,N20270110,2027-01-11T07:15:00Z,900,true,1.352790,0.857046,0.905722,0.429284
N20270110-S026,N20270110,2027-01-11T07:30:00Z,900,true,1.337675,0.854326,0.902422,0.431670
N20270110-S027,N20270110,2027-01-11T07:45:00Z,900,true,1.350689,0.844507,0.923549,0.424405
N20270110-S028,N20270110,2027-01-11T08:00:00Z,900,true,1.293572,0.848079,0.910530,0.409587
N20270110-S029,N20270110,2027-01-11T08:15:00Z,900,true,1.319538,0.844619,0.916915,0.422950
N20270111-S001,N20270111,2027-01-12T01:15:00Z,900,true,1.308048,0.779218,0.860183,0.436696
N20270111-S002,N20270111,2027-01-12T01:30:00Z,900,true,1.334318,0.769770,0.877254,0.431629
N20270111-S003,N20270111,2027-01-12T01:45:00Z,900,true,1.397311,0.771296,0.900209,0.415755
N20270111-S004,N20270111,2027-01-12T02:00:00Z,900,true,1.348875,0.770882,0.926057,0.441645
N20270111-S005,N20270111,2027-01-12T02:15:00Z,900,true,1.335560,0.787384,0.920161,0.402018
N20270111-S006,N20270111,2027-01-12T02:30:00Z,900,true,1.322401,0.800258,0.877870,0.429529
N20270111-S007,N20270111,2027-01-12T02:45:00Z,900,true,1.316406,0.795607,0.864678,0.417272
N20270111-S008,N20270111,2027-01-12T03:00:00Z,900,true,1.324331,0.789187,0.873945,0.409874
N20270111-S009,N20270111,2027-01-12T03:15:00Z,900,true,1.329827,0.794197,0.855158,0.429188
N20270111-S010,N20270111,2027-01-12T03:30:00Z,900,true,1.263058,0.784518,0.850908,0.443119
N20270111-S011,N20270111,2027-01-12T03:45:00Z,900,true,1.229588,0.773545,0.855491,0.425002
N20270111-S012,N20270111,2027-01-12T04:00:00Z,900,true,1.303102,0.782137,0.855348,0.418000
N20270111-S013,N20270111,2027-01-12T04:15:00Z,900,true,1.303732,0.810519,0.864107,0.428326
N20270111-S014,N20270111,2027-01-12T04:30:00Z,900,true,1.299266,0.817628,0.877992,0.439149
N20270111-S015,N20270111,2027-01-12T04:45:00Z,900,true,1.274426,0.821924,0.896945,0.428282
N20270111-S016,N20270111,2027-01-12T05:00:00Z,900,true,1.317823,0.819639,0.887427,0.410999
N20270111-S017,N20270111,2027-01-12T05:15:00Z,900,true,1.261875,0.809804,0.869549,0.430254
N20270111-S018,N20270111,2027-01-12T05:30:00Z,900,true,1.254749,0.797930,0.887010,0.442827
N20270111-S019,N20270111,2027-01-12T05:45:00Z,900,true,1.275172,0.783930,0.866605,0.425909
N20270111-S020,N20270111,2027-01-12T06:00:00Z,900,true,1.238508,0.797523,0.876072,0.410340
N20270111-S021,N20270111,2027-01-12T06:15:00Z,900,true,1.227875,0.789255,0.864885,0.427391
N20270111-S022,N20270111,2027-01-12T06:30:00Z,900,true,1.275179,0.791365,0.861369,0.414458
N20270111-S023,N20270111,2027-01-12T06:45:00Z,900,true,1.273700,0.785186,0.855181,0.431128
N20270111-S024,N20270111,2027-01-12T07:00:00Z,900,true,1.303694,0.780936,0.866880,0.438476
N20270111-S025,N20270111,2027-01-12T07:15:00Z,900,true,1.320468,0.777230,0.883480,0.438267
N20270111-S026,N20270111,2027-01-12T07:30:00Z,900,true,1.334539,0.779887,0.896644,0.415579
N20270111-S027,N20270111,2027-01-12T07:45:00Z,900,true,1.292568,0.779022,0.901280,0.430687
N20270111-S028,N20270111,2027-01-12T08:00:00Z,900,true,1.207548,0.796814,0.876884,0.415231
N20270111-S029,N20270111,2027-01-12T08:15:00Z,900,true,1.202771,0.817344,0.876659,0.419006
N20270112-S001,N20270112,2027-01-13T01:15:00Z,900,true,1.244298,0.851313,0.959658,0.423789
N20270112-S002,N20270112,2027-01-13T01:30:00Z,900,true,1.295883,0.854399,0.941148,0.414777
N20270112-S003,N20270112,2027-01-13T01:45:00Z,900,true,1.266891,0.844591,0.935941,0.442541
N20270112-S004,N20270112,2027-01-13T02:00:00Z,900,true,1.287302,0.831135,0.943922,0.402236
N20270112-S005,N20270112,2027-01-13T02:15:00Z,900,true,1.294998,0.821808,0.936178,0.407716
N20270112-S006,N20270112,2027-01-13T02:30:00Z,900,true,1.278082,0.819538,0.941189,0.441920
N20270112-S007,N20270112,2027-01-13T02:45:00Z,900,true,1.300580,0.823950,0.907156,0.442857
N20270112-S008,N20270112,2027-01-13T03:00:00Z,900,true,1.311081,0.806652,0.922506,0.436507
N20270112-S009,N20270112,2027-01-13T03:15:00Z,900,true,1.286719,0.820143,0.940749,0.429870
N20270112-S010,N20270112,2027-01-13T03:30:00Z,900,true,1.321295,0.838262,0.949207,0.416765
N20270112-S011,N20270112,2027-01-13T03:45:00Z,900,true,1.276317,0.859669,0.972807,0.433902
N20270112-S012,N20270112,2027-01-13T04:00:00Z,900,true,1.248598,0.839796,0.979064,0.434579
N20270112-S013,N20270112,2027-01-13T04:15:00Z,900,true,1.263512,0.846814,0.988444,0.403260
N20270112-S014,N20270112,2027-01-13T04:30:00Z,900,true,1.324778,0.846564,0.996739,0.403247
N20270112-S015,N20270112,2027-01-13T04:45:00Z,900,true,1.314877,0.850184,1.016109,0.434629
N20270112-S016,N20270112,2027-01-13T05:00:00Z,900,true,1.323294,0.845741,0.982161,0.414283
N20270112-S017,N20270112,2027-01-13T05:15:00Z,900,true,1.331573,0.826861,0.953409,0.425193
N20270112-S018,N20270112,2027-01-13T05:30:00Z,900,true,1.332503,0.822552,0.964267,0.428296
N20270112-S019,N20270112,2027-01-13T05:45:00Z,900,true,1.304446,0.839825,0.951313,0.433190
N20270112-S020,N20270112,2027-01-13T06:00:00Z,900,true,1.283861,0.820450,0.946995,0.439965
N20270112-S021,N20270112,2027-01-13T06:15:00Z,900,true,1.260750,0.800079,0.937493,0.411670
N20270112-S022,N20270112,2027-01-13T06:30:00Z,900,true,1.246425,0.813128,0.945570,0.427408
N20270112-S023,N20270112,2027-01-13T06:45:00Z,900,true,1.193235,0.821089,0.922444,0.439627
N20270112-S024,N20270112,2027-01-13T07:00:00Z,900,true,1.245553,0.814187,0.930470,0.433437
N20270112-S025,N20270112,2027-01-13T07:15:00Z,900,true,1.236510,0.801903,0.915251,0.417036
N20270112-S026,N20270112,2027-01-13T07:30:00Z,900,true,1.215001,0.822194,0.933536,0.435172
N20270112-S027,N20270112,2027-01-13T07:45:00Z,900,true,1.201275,0.824030,0.926358,0.402779
N20270112-S028,N20270112,2027-01-13T08:00:00Z,900,true,1.159334,0.821457,0.933375,0.429840
N20270112-S029,N20270112,2027-01-13T08:15:00Z,900,true,1.203625,0.827506,0.935478,0.443686
N20270113-S001,N20270113,2027-01-14T01:15:00Z,900,true,1.228623,0.836701,1.011855,0.414795
N20270113-S002,N20270113,2027-01-14T01:30:00Z,900,true,1.276338,0.835191,1.049662,0.425108
N20270113-S003,N20270113,2027-01-14T01:45:00Z,900,true,1.270895,0.813780,1.038859,0.411693
N20270113-S004,N20270113,2027-01-14T02:00:00Z,900,true,1.246989,0.807575,1.017207,0.422424
N20270113-S005,N20270113,2027-01-14T02:15:00Z,900,true,1.283868,0.803218,1.047424,0.419604
N20270113-S006,N20270113,2027-01-14T02:30:00Z,900,true,1.307966,0.794974,1.041686,0.421743
N20270113-S007,N20270113,2027-01-14T02:45:00Z,900,true,1.315638,0.799774,1.019854,0.418087
N20270113-S008,N20270113,2027-01-14T03:00:00Z,900,true,1.322153,0.816944,1.035342,0.418429
N20270113-S009,N20270113,2027-01-14T03:15:00Z,900,true,1.334334,0.810985,1.034354,0.409448
N20270113-S010,N20270113,2027-01-14T03:30:00Z,900,true,1.318391,0.792609,1.031807,0.436795
N20270113-S011,N20270113,2027-01-14T03:45:00Z,900,true,1.298005,0.791192,1.038490,0.428879
N20270113-S012,N20270113,2027-01-14T04:00:00Z,900,true,1.309021,0.799198,1.028123,0.418467
N20270113-S013,N20270113,2027-01-14T04:15:00Z,900,true,1.296799,0.804685,1.020580,0.424577
N20270113-S014,N20270113,2027-01-14T04:30:00Z,900,true,1.266022,0.809515,1.040303,0.434772
N20270113-S015,N20270113,2027-01-14T04:45:00Z,900,true,1.267078,0.821202,1.021374,0.412433
N20270113-S016,N20270113,2027-01-14T05:00:00Z,900,true,1.309760,0.824230,1.014034,0.424241
N20270113-S017,N20270113,2027-01-14T05:15:00Z,900,true,1.316801,0.808783,0.988288,0.416008
N20270113-S018,N20270113,2027-01-14T05:30:00Z,900,true,1.280527,0.806922,0.994483,0.413089
N20270113-S019,N20270113,2027-01-14T05:45:00Z,900,true,1.333449,0.784622,0.982940,0.421580
N20270113-S020,N20270113,2027-01-14T06:00:00Z,900,true,1.338612,0.802022,0.966445,0.404129
N20270113-S021,N20270113,2027-01-14T06:15:00Z,900,true,1.311364,0.777193,0.955472,0.429286
N20270113-S022,N20270113,2027-01-14T06:30:00Z,900,true,1.319286,0.801621,0.957203,0.414218
N20270113-S023,N20270113,2027-01-14T06:45:00Z,900,true,1.277127,0.801468,0.965605,0.444165
N20270113-S024,N20270113,2027-01-14T07:00:00Z,900,true,1.278206,0.794217,0.936633,0.437938
N20270113-S025,N20270113,2027-01-14T07:15:00Z,900,true,1.195657,0.798310,0.961297,0.426295
N20270113-S026,N20270113,2027-01-14T07:30:00Z,900,true,1.232425,0.789121,0.957043,0.418399
N20270113-S027,N20270113,2027-01-14T07:45:00Z,900,true,1.184524,0.812590,0.926354,0.406968
N20270113-S028,N20270113,2027-01-14T08:00:00Z,900,true,1.174231,0.806356,0.906980,0.439119
N20270113-S029,N20270113,2027-01-14T08:15:00Z,900,true,1.172208,0.790091,0.920471,0.430911
N20270114-S001,N20270114,2027-01-15T01:15:00Z,900,true,1.293921,0.845370,0.894991,0.420287
N20270114-S002,N20270114,2027-01-15T01:30:00Z,900,true,1.267545,0.865258,0.889189,0.413087
N20270114-S003,N20270114,2027-01-15T01:45:00Z,900,true,1.238386,0.869693,0.891711,0.438439
N20270114-S004,N20270114,2027-01-15T02:00:00Z,900,true,1.287695,0.851424,0.899918,0.439546
N20270114-S005,N20270114,2027-01-15T02:15:00Z,900,true,1.289858,0.837647,0.904602,0.430091
N20270114-S006,N20270114,2027-01-15T02:30:00Z,900,true,1.319065,0.834322,0.909616,0.441640
N20270114-S007,N20270114,2027-01-15T02:45:00Z,900,true,1.313328,0.832191,0.872511,0.429076
N20270114-S008,N20270114,2027-01-15T03:00:00Z,900,true,1.345126,0.852133,0.891735,0.404678
N20270114-S009,N20270114,2027-01-15T03:15:00Z,900,true,1.322428,0.839294,0.929078,0.406307
N20270114-S010,N20270114,2027-01-15T03:30:00Z,900,true,1.359035,0.839720,0.936044,0.442055
N20270114-S011,N20270114,2027-01-15T03:45:00Z,900,true,1.314296,0.844162,0.949136,0.413755
N20270114-S012,N20270114,2027-01-15T04:00:00Z,900,true,1.297340,0.827017,0.953467,0.416909
N20270114-S013,N20270114,2027-01-15T04:15:00Z,900,true,1.290519,0.842089,0.945246,0.404610
N20270114-S014,N20270114,2027-01-15T04:30:00Z,900,true,1.274304,0.857052,0.962267,0.420790
N20270114-S015,N20270114,2027-01-15T04:45:00Z,900,true,1.339338,0.844895,0.956032,0.425492
N20270114-S016,N20270114,2027-01-15T05:00:00Z,900,true,1.367052,0.842946,0.930661,0.431414
N20270114-S017,N20270114,2027-01-15T05:15:00Z,900,true,1.342624,0.863796,0.946022,0.443620
N20270114-S018,N20270114,2027-01-15T05:30:00Z,900,true,1.361795,0.859111,0.946927,0.411493
N20270114-S019,N20270114,2027-01-15T05:45:00Z,900,true,1.394739,0.848629,0.952593,0.405914
N20270114-S020,N20270114,2027-01-15T06:00:00Z,900,true,1.374581,0.864511,0.937644,0.416245
N20270114-S021,N20270114,2027-01-15T06:15:00Z,900,true,1.336836,0.872798,0.922656,0.416155
N20270114-S022,N20270114,2027-01-15T06:30:00Z,900,true,1.345254,0.872493,0.937485,0.440993
N20270114-S023,N20270114,2027-01-15T06:45:00Z,900,true,1.328639,0.864663,0.935088,0.438972
N20270114-S024,N20270114,2027-01-15T07:00:00Z,900,true,1.338506,0.853659,0.948438,0.426767
N20270114-S025,N20270114,2027-01-15T07:15:00Z,900,true,1.285553,0.857295,0.931039,0.401446
N20270114-S026,N20270114,2027-01-15T07:30:00Z,900,true,1.219880,0.851402,0.924084,0.421983
N20270114-S027,N20270114,2027-01-15T07:45:00Z,900,true,1.203764,0.852779,0.910131,0.424213
N20270114-S028,N20270114,2027-01-15T08:00:00Z,900,true,1.217274,0.840366,0.894405,0.424936
N20270114-S029,N20270114,2027-01-15T08:15:00Z,900,true,1.240123,0.841946,0.886788,0.403017
N20270115-S001,N20270115,2027-01-16T01:15:00Z,900,true,1.229940,0.848012,0.897058,0.421789
N20270115-S002,N20270115,2027-01-16T01:30:00Z,900,true,1.215614,0.844004,0.934524,0.405537
N20270115-S003,N20270115,2027-01-16T01:45:00Z,900,true,1.233638,0.859280,0.950841,0.442246
N20270115-S004,N20270115,2027-01-16T02:00:00Z,900,true,1.199863,0.865180,0.922948,0.419169
N20270115-S005,N20270115,2027-01-16T02:15:00Z,900,true,1.190823,0.863867,0.916688,0.442684
N20270115-S006,N20270115,2027-01-16T02:30:00Z,900,true,1.143868,0.862617,0.912370,0.442167
N20270115-S007,N20270115,2027-01-16T02:45:00Z,900,true,1.196258,0.873780,0.924704,0.419748
N20270115-S008,N20270115,2027-01-16T03:00:00Z,900,true,1.224646,0.868779,0.892996,0.408329
N20270115-S009,N20270115,2027-01-16T03:15:00Z,900,true,1.212864,0.858267,0.890170,0.437586
N20270115-S010,N20270115,2027-01-16T03:30:00Z,900,true,1.179791,0.861130,0.900375,0.426907
N20270115-S011,N20270115,2027-01-16T03:45:00Z,900,true,1.190135,0.856756,0.889194,0.430521
N20270115-S012,N20270115,2027-01-16T04:00:00Z,900,true,1.236116,0.867904,0.880757,0.428913
N20270115-S013,N20270115,2027-01-16T04:15:00Z,900,true,1.210544,0.878315,0.885316,0.437233
N20270115-S014,N20270115,2027-01-16T04:30:00Z,900,true,1.189898,0.848279,0.874224,0.423646
N20270115-S015,N20270115,2027-01-16T04:45:00Z,900,true,1.221175,0.855982,0.910211,0.422985
N20270115-S016,N20270115,2027-01-16T05:00:00Z,900,true,1.200247,0.860203,0.884661,0.443730
N20270115-S017,N20270115,2027-01-16T05:15:00Z,900,true,1.261484,0.858572,0.876334,0.436460
N20270115-S018,N20270115,2027-01-16T05:30:00Z,900,false,,,,
N20270115-S019,N20270115,2027-01-16T05:45:00Z,900,true,1.313005,0.863114,0.875820,0.435675
N20270115-S020,N20270115,2027-01-16T06:00:00Z,900,true,1.291942,0.881089,0.890719,0.421915
N20270115-S021,N20270115,2027-01-16T06:15:00Z,900,true,1.272580,0.889200,0.863887,0.414107
N20270115-S022,N20270115,2027-01-16T06:30:00Z,900,true,1.200546,0.902081,0.864375,0.413158
N20270115-S023,N20270115,2027-01-16T06:45:00Z,900,true,1.232877,0.900126,0.880448,0.420840
N20270115-S024,N20270115,2027-01-16T07:00:00Z,900,true,1.190890,0.870795,0.892199,0.422359
N20270115-S025,N20270115,2027-01-16T07:15:00Z,900,true,1.251822,0.894676,0.924865,0.402916
N20270115-S026,N20270115,2027-01-16T07:30:00Z,900,true,1.228589,0.876227,0.915167,0.443397
N20270115-S027,N20270115,2027-01-16T07:45:00Z,900,true,1.194428,0.869463,0.908004,0.443074
N20270115-S028,N20270115,2027-01-16T08:00:00Z,900,true,1.217068,0.842355,0.894780,0.406762
N20270115-S029,N20270115,2027-01-16T08:15:00Z,900,true,1.255539,0.841842,0.861740,0.415468
N20270116-S001,N20270116,2027-01-17T01:15:00Z,900,true,1.078606,0.858784,0.889602,0.442232
N20270116-S002,N20270116,2027-01-17T01:30:00Z,900,true,1.055083,0.855810,0.879210,0.423114
N20270116-S003,N20270116,2027-01-17T01:45:00Z,900,true,1.004170,0.852329,0.892962,0.429878
N20270116-S004,N20270116,2027-01-17T02:00:00Z,900,true,1.034139,0.865704,0.919776,0.422404
N20270116-S005,N20270116,2027-01-17T02:15:00Z,900,true,1.017391,0.854991,0.934046,0.423759
N20270116-S006,N20270116,2027-01-17T02:30:00Z,900,true,1.035102,0.850094,0.900558,0.406366
N20270116-S007,N20270116,2027-01-17T02:45:00Z,900,true,1.036393,0.871327,0.912405,0.444384
N20270116-S008,N20270116,2027-01-17T03:00:00Z,900,true,1.004899,0.877355,0.901967,0.436567
N20270116-S009,N20270116,2027-01-17T03:15:00Z,900,true,0.993503,0.892266,0.894057,0.427688
N20270116-S010,N20270116,2027-01-17T03:30:00Z,900,true,0.934475,0.887931,0.876012,0.433790
N20270116-S011,N20270116,2027-01-17T03:45:00Z,900,true,0.983741,0.871352,0.869407,0.415131
N20270116-S012,N20270116,2027-01-17T04:00:00Z,900,true,1.027170,0.874435,0.866958,0.433604
N20270116-S013,N20270116,2027-01-17T04:15:00Z,900,true,1.002607,0.877449,0.845927,0.439912
N20270116-S014,N20270116,2027-01-17T04:30:00Z,900,true,0.970492,0.873546,0.848621,0.402359
N20270116-S015,N20270116,2027-01-17T04:45:00Z,900,true,0.953446,0.863912,0.874973,0.417588
N20270116-S016,N20270116,2027-01-17T05:00:00Z,900,true,0.960613,0.859560,0.872095,0.434006
N20270116-S017,N20270116,2027-01-17T05:15:00Z,900,true,1.010505,0.876043,0.878485,0.433225
N20270116-S018,N20270116,2027-01-17T05:30:00Z,900,true,1.065439,0.888865,0.896122,0.401167
N20270116-S019,N20270116,2027-01-17T05:45:00Z,900,true,1.013640,0.883552,0.867204,0.434410
N20270116-S020,N20270116,2027-01-17T06:00:00Z,900,true,0.997056,0.885045,0.874343,0.426116
N20270116-S021,N20270116,2027-01-17T06:15:00Z,900,true,0.981426,0.914425,0.875652,0.427691
N20270116-S022,N20270116,2027-01-17T06:30:00Z,900,true,0.994407,0.889643,0.881602,0.401399
N20270116-S023,N20270116,2027-01-17T06:45:00Z,900,true,1.028491,0.874092,0.909737,0.407500
N20270116-S024,N20270116,2027-01-17T07:00:00Z,900,true,1.070261,0.872481,0.919730,0.437400
N20270116-S025,N20270116,2027-01-17T07:15:00Z,900,true,1.026425,0.872366,0.958758,0.412810
N20270116-S026,N20270116,2027-01-17T07:30:00Z,900,true,1.034157,0.863899,0.967408,0.419436
N20270116-S027,N20270116,2027-01-17T07:45:00Z,900,true,0.998722,0.861754,0.980614,0.443006
N20270116-S028,N20270116,2027-01-17T08:00:00Z,900,true,0.944451,0.862177,0.966549,0.402386
N20270116-S029,N20270116,2027-01-17T08:15:00Z,900,true,0.974467,0.865632,0.950932,0.443370
N20270117-S001,N20270117,2027-01-18T01:15:00Z,900,true,0.810579,0.835720,0.868341,0.426888
N20270117-S002,N20270117,2027-01-18T01:30:00Z,900,true,0.823111,0.843493,0.869298,0.433061
N20270117-S003,N20270117,2027-01-18T01:45:00Z,900,true,0.834319,0.837630,0.830339,0.413641
N20270117-S004,N20270117,2027-01-18T02:00:00Z,900,true,0.842086,0.840349,0.842940,0.410025
N20270117-S005,N20270117,2027-01-18T02:15:00Z,900,true,0.774388,0.855841,0.860087,0.438230
N20270117-S006,N20270117,2027-01-18T02:30:00Z,900,true,0.730672,0.837721,0.865974,0.411964
N20270117-S007,N20270117,2027-01-18T02:45:00Z,900,true,0.738327,0.848511,0.883565,0.428153
N20270117-S008,N20270117,2027-01-18T03:00:00Z,900,true,0.744085,0.864779,0.869946,0.406244
N20270117-S009,N20270117,2027-01-18T03:15:00Z,900,true,0.692817,0.864245,0.884407,0.406449
N20270117-S010,N20270117,2027-01-18T03:30:00Z,900,true,0.681168,0.877483,0.873271,0.426775
N20270117-S011,N20270117,2027-01-18T03:45:00Z,900,true,0.681912,0.874303,0.880233,0.403960
N20270117-S012,N20270117,2027-01-18T04:00:00Z,900,true,0.690706,0.882305,0.854912,0.418728
N20270117-S013,N20270117,2027-01-18T04:15:00Z,900,true,0.644895,0.875232,0.850532,0.424416
N20270117-S014,N20270117,2027-01-18T04:30:00Z,900,true,0.625506,0.857691,0.867963,0.431317
N20270117-S015,N20270117,2027-01-18T04:45:00Z,900,true,0.623621,0.847705,0.882358,0.402112
N20270117-S016,N20270117,2027-01-18T05:00:00Z,900,true,0.648241,0.862233,0.869579,0.434165
N20270117-S017,N20270117,2027-01-18T05:15:00Z,900,true,0.689598,0.879938,0.872606,0.435136
N20270117-S018,N20270117,2027-01-18T05:30:00Z,900,true,0.756605,0.878045,0.858016,0.430233
N20270117-S019,N20270117,2027-01-18T05:45:00Z,900,true,0.774339,0.886521,0.884140,0.415299
N20270117-S020,N20270117,2027-01-18T06:00:00Z,900,true,0.804473,0.862463,0.850370,0.442366
N20270117-S021,N20270117,2027-01-18T06:15:00Z,900,true,0.827221,0.854640,0.846072,0.433239
N20270117-S022,N20270117,2027-01-18T06:30:00Z,900,true,0.755090,0.845575,0.843016,0.409574
N20270117-S023,N20270117,2027-01-18T06:45:00Z,900,true,0.816395,0.844163,0.847588,0.425970
N20270117-S024,N20270117,2027-01-18T07:00:00Z,900,true,0.825658,0.869561,0.843183,0.422322
N20270117-S025,N20270117,2027-01-18T07:15:00Z,900,true,0.814976,0.865740,0.877658,0.441393
N20270117-S026,N20270117,2027-01-18T07:30:00Z,900,true,0.775587,0.865462,0.867089,0.445257
N20270117-S027,N20270117,2027-01-18T07:45:00Z,900,true,0.814294,0.848557,0.862692,0.410850
N20270117-S028,N20270117,2027-01-18T08:00:00Z,900,true,0.810065,0.832715,0.883405,0.432902
N20270117-S029,N20270117,2027-01-18T08:15:00Z,900,true,0.852941,0.814468,0.855243,0.417061
N20270118-S001,N20270118,2027-01-19T01:15:00Z,900,true,0.747093,0.768987,0.889324,0.420818
N20270118-S002,N20270118,2027-01-19T01:30:00Z,900,true,0.823975,0.779860,0.893146,0.434230
N20270118-S003,N20270118,2027-01-19T01:45:00Z,900,true,0.902958,0.777156,0.882341,0.438327
N20270118-S004,N20270118,2027-01-19T02:00:00Z,900,true,0.922849,0.768543,0.884914,0.416150
N20270118-S005,N20270118,2027-01-19T02:15:00Z,900,true,0.839522,0.790008,0.881849,0.417199
N20270118-S006,N20270118,2027-01-19T02:30:00Z,900,true,0.796157,0.778123,0.881400,0.426475
N20270118-S007,N20270118,2027-01-19T02:45:00Z,900,true,0.819675,0.785000,0.879030,0.433248
N20270118-S008,N20270118,2027-01-19T03:00:00Z,900,true,0.806211,0.777513,0.860577,0.410772
N20270118-S009,N20270118,2027-01-19T03:15:00Z,900,true,0.799237,0.777174,0.863688,0.413042
N20270118-S010,N20270118,2027-01-19T03:30:00Z,900,true,0.731626,0.781802,0.854493,0.416152
N20270118-S011,N20270118,2027-01-19T03:45:00Z,900,true,0.727856,0.757263,0.871296,0.424287
N20270118-S012,N20270118,2027-01-19T04:00:00Z,900,true,0.728961,0.753859,0.902814,0.438147
N20270118-S013,N20270118,2027-01-19T04:15:00Z,900,true,0.737591,0.768454,0.943598,0.430702
N20270118-S014,N20270118,2027-01-19T04:30:00Z,900,true,0.777522,0.781223,0.907815,0.436109
N20270118-S015,N20270118,2027-01-19T04:45:00Z,900,true,0.794071,0.779842,0.909418,0.444174
N20270118-S016,N20270118,2027-01-19T05:00:00Z,900,true,0.716034,0.780276,0.905148,0.417398
N20270118-S017,N20270118,2027-01-19T05:15:00Z,900,true,0.720107,0.795932,0.909660,0.404949
N20270118-S018,N20270118,2027-01-19T05:30:00Z,900,true,0.764954,0.797179,0.893650,0.405270
N20270118-S019,N20270118,2027-01-19T05:45:00Z,900,true,0.768345,0.799558,0.901586,0.425589
N20270118-S020,N20270118,2027-01-19T06:00:00Z,900,true,0.743457,0.771631,0.919243,0.428615
N20270118-S021,N20270118,2027-01-19T06:15:00Z,900,true,0.695574,0.769768,0.909998,0.415006
N20270118-S022,N20270118,2027-01-19T06:30:00Z,900,true,0.685174,0.760317,0.914631,0.412001
N20270118-S023,N20270118,2027-01-19T06:45:00Z,900,false,,,,
N20270118-S024,N20270118,2027-01-19T07:00:00Z,900,false,,,,
N20270118-S025,N20270118,2027-01-19T07:15:00Z,900,false,,,,
N20270118-S026,N20270118,2027-01-19T07:30:00Z,900,true,0.670448,0.778847,0.918334,0.441700
N20270118-S027,N20270118,2027-01-19T07:45:00Z,900,true,0.698050,0.775861,0.908379,0.404796
N20270118-S028,N20270118,2027-01-19T08:00:00Z,900,true,0.639679,0.766603,0.915210,0.437359
N20270118-S029,N20270118,2027-01-19T08:15:00Z,900,true,0.610215,0.774260,0.902269,0.404769
N20270119-S001,N20270119,2027-01-20T01:15:00Z,900,true,0.857169,0.786680,0.865847,0.405528
N20270119-S002,N20270119,2027-01-20T01:30:00Z,900,true,0.938344,0.783156,0.879085,0.401578
N20270119-S003,N20270119,2027-01-20T01:45:00Z,900,true,0.886808,0.786740,0.863216,0.434601
N20270119-S004,N20270119,2027-01-20T02:00:00Z,900,true,0.891564,0.798605,0.837335,0.416556
N20270119-S005,N20270119,2027-01-20T02:15:00Z,900,true,0.872628,0.807461,0.836221,0.406406
N20270119-S006,N20270119,2027-01-20T02:30:00Z,900,true,0.887176,0.789421,0.844651,0.443500
N20270119-S007,N20270119,2027-01-20T02:45:00Z,900,true,0.857832,0.815209,0.834023,0.430870
N20270119-S008,N20270119,2027-01-20T03:00:00Z,900,true,0.810646,0.821728,0.852864,0.401295
N20270119-S009,N20270119,2027-01-20T03:15:00Z,900,true,0.833865,0.818236,0.871160,0.441735
N20270119-S010,N20270119,2027-01-20T03:30:00Z,900,true,0.841896,0.829696,0.845797,0.406186
N20270119-S011,N20270119,2027-01-20T03:45:00Z,900,true,0.790943,0.820259,0.838658,0.403752
N20270119-S012,N20270119,2027-01-20T04:00:00Z,900,true,0.782579,0.808046,0.830011,0.429781
N20270119-S013,N20270119,2027-01-20T04:15:00Z,900,true,0.748702,0.813899,0.814258,0.440272
N20270119-S014,N20270119,2027-01-20T04:30:00Z,900,true,0.764513,0.811421,0.838681,0.419807
N20270119-S015,N20270119,2027-01-20T04:45:00Z,900,true,0.768228,0.818624,0.868207,0.413524
N20270119-S016,N20270119,2027-01-20T05:00:00Z,900,true,0.805750,0.814305,0.873260,0.427365
N20270119-S017,N20270119,2027-01-20T05:15:00Z,900,true,0.822392,0.803587,0.888794,0.424121
N20270119-S018,N20270119,2027-01-20T05:30:00Z,900,true,0.846750,0.790627,0.897110,0.411289
N20270119-S019,N20270119,2027-01-20T05:45:00Z,900,true,0.836134,0.806589,0.911008,0.445471
N20270119-S020,N20270119,2027-01-20T06:00:00Z,900,true,0.858126,0.809123,0.891180,0.421732
N20270119-S021,N20270119,2027-01-20T06:15:00Z,900,true,0.908955,0.813380,0.898666,0.433928
N20270119-S022,N20270119,2027-01-20T06:30:00Z,900,true,0.911689,0.808173,0.920236,0.429631
N20270119-S023,N20270119,2027-01-20T06:45:00Z,900,true,0.904119,0.806093,0.912041,0.405442
N20270119-S024,N20270119,2027-01-20T07:00:00Z,900,true,0.861623,0.815406,0.902386,0.409993
N20270119-S025,N20270119,2027-01-20T07:15:00Z,900,true,0.783791,0.817670,0.889534,0.414167
N20270119-S026,N20270119,2027-01-20T07:30:00Z,900,true,0.747428,0.822000,0.874903,0.441126
N20270119-S027,N20270119,2027-01-20T07:45:00Z,900,true,0.715868,0.825493,0.886824,0.426292
N20270119-S028,N20270119,2027-01-20T08:00:00Z,900,true,0.699870,0.800622,0.874863,0.426495
N20270119-S029,N20270119,2027-01-20T08:15:00Z,900,true,0.722151,0.804649,0.869692,0.439182
N20270120-S001,N20270120,2027-01-21T01:15:00Z,900,true,0.718202,0.813625,0.827743,0.401178
N20270120-S002,N20270120,2027-01-21T01:30:00Z,900,true,0.654952,0.828661,0.823299,0.438461
N20270120-S003,N20270120,2027-01-21T01:45:00Z,900,true,0.662324,0.826711,0.850225,0.433089
N20270120-S004,N20270120,2027-01-21T02:00:00Z,900,true,0.677718,0.833033,0.854178,0.437202
N20270120-S005,N20270120,2027-01-21T02:15:00Z,900,true,0.659123,0.831519,0.862996,0.416159
N20270120-S006,N20270120,2027-01-21T02:30:00Z,900,true,0.645275,0.836827,0.846740,0.405504
N20270120-S007,N20270120,2027-01-21T02:45:00Z,900,true,0.655558,0.827743,0.837022,0.407802
N20270120-S008,N20270120,2027-01-21T03:00:00Z,900,true,0.745256,0.821331,0.855028,0.442566
N20270120-S009,N20270120,2027-01-21T03:15:00Z,900,true,0.754996,0.829656,0.838676,0.416852
N20270120-S010,N20270120,2027-01-21T03:30:00Z,900,true,0.790225,0.831478,0.855101,0.411927
N20270120-S011,N20270120,2027-01-21T03:45:00Z,900,true,0.758921,0.813180,0.808701,0.424947
N20270120-S012,N20270120,2027-01-21T04:00:00Z,900,true,0.724880,0.814922,0.821455,0.403705
N20270120-S013,N20270120,2027-01-21T04:15:00Z,900,true,0.783957,0.821086,0.822972,0.442946
N20270120-S014,N20270120,2027-01-21T04:30:00Z,900,true,0.831936,0.815037,0.832940,0.404840
N20270120-S015,N20270120,2027-01-21T04:45:00Z,900,true,0.814793,0.806817,0.877898,0.437037
N20270120-S016,N20270120,2027-01-21T05:00:00Z,900,true,0.813898,0.823556,0.871194,0.416097
N20270120-S017,N20270120,2027-01-21T05:15:00Z,900,true,0.771875,0.814062,0.852454,0.404859
N20270120-S018,N20270120,2027-01-21T05:30:00Z,900,true,0.768088,0.830415,0.860613,0.430656
N20270120-S019,N20270120,2027-01-21T05:45:00Z,900,true,0.817388,0.836759,0.846239,0.401242
N20270120-S020,N20270120,2027-01-21T06:00:00Z,900,true,0.904090,0.824925,0.842379,0.402607
N20270120-S021,N20270120,2027-01-21T06:15:00Z,900,true,0.870271,0.816690,0.829395,0.402277
N20270120-S022,N20270120,2027-01-21T06:30:00Z,900,true,0.904526,0.817748,0.839487,0.427052
N20270120-S023,N20270120,2027-01-21T06:45:00Z,900,true,0.831123,0.826230,0.855751,0.427759
N20270120-S024,N20270120,2027-01-21T07:00:00Z,900,true,0.887318,0.819553,0.859301,0.413377
N20270120-S025,N20270120,2027-01-21T07:15:00Z,900,true,0.868272,0.813527,0.855163,0.422198
N20270120-S026,N20270120,2027-01-21T07:30:00Z,900,true,0.806873,0.811387,0.850083,0.430065
N20270120-S027,N20270120,2027-01-21T07:45:00Z,900,true,0.833263,0.812336,0.849468,0.420631
N20270120-S028,N20270120,2027-01-21T08:00:00Z,900,true,0.895755,0.816352,0.863344,0.441803
N20270120-S029,N20270120,2027-01-21T08:15:00Z,900,true,0.849371,0.800006,0.850147,0.438350
N20270120-S030,N20270120,2027-01-21T08:30:00Z,900,true,0.841496,0.805047,0.846143,0.439512
N20270121-S001,N20270121,2027-01-22T01:00:00Z,900,true,0.783816,0.810927,0.840677,0.425168
N20270121-S002,N20270121,2027-01-22T01:15:00Z,900,true,0.755051,0.830527,0.823541,0.445440
N20270121-S003,N20270121,2027-01-22T01:30:00Z,900,true,0.770959,0.830499,0.833267,0.413592
N20270121-S004,N20270121,2027-01-22T01:45:00Z,900,true,0.673299,0.849334,0.866092,0.438708
N20270121-S005,N20270121,2027-01-22T02:00:00Z,900,true,0.661344,0.855097,0.859029,0.411964
N20270121-S006,N20270121,2027-01-22T02:15:00Z,900,true,0.647595,0.867540,0.859442,0.440121
N20270121-S007,N20270121,2027-01-22T02:30:00Z,900,false,,,,
N20270121-S008,N20270121,2027-01-22T02:45:00Z,900,false,,,,
N20270121-S009,N20270121,2027-01-22T03:00:00Z,900,true,0.660274,0.855580,0.846096,0.412461
N20270121-S010,N20270121,2027-01-22T03:15:00Z,900,true,0.668187,0.853883,0.819132,0.404166
N20270121-S011,N20270121,2027-01-22T03:30:00Z,900,true,0.642496,0.847982,0.831103,0.421171
N20270121-S012,N20270121,2027-01-22T03:45:00Z,900,true,0.624061,0.833459,0.852618,0.411502
N20270121-S013,N20270121,2027-01-22T04:00:00Z,900,true,0.641853,0.840244,0.881692,0.402534
N20270121-S014,N20270121,2027-01-22T04:15:00Z,900,true,0.685347,0.832326,0.893919,0.403488
N20270121-S015,N20270121,2027-01-22T04:30:00Z,900,true,0.747108,0.828911,0.915212,0.402330
N20270121-S016,N20270121,2027-01-22T04:45:00Z,900,true,0.798567,0.837537,0.923217,0.423900
N20270121-S017,N20270121,2027-01-22T05:00:00Z,900,true,0.802118,0.831326,0.929450,0.420892
N20270121-S018,N20270121,2027-01-22T05:15:00Z,900,true,0.813419,0.855153,0.930057,0.426963
N20270121-S019,N20270121,2027-01-22T05:30:00Z,900,true,0.765492,0.848715,0.922197,0.443089
N20270121-S020,N20270121,2027-01-22T05:45:00Z,900,true,0.751973,0.831115,0.924974,0.430013
N20270121-S021,N20270121,2027-01-22T06:00:00Z,900,true,0.726457,0.814894,0.904072,0.408922
N20270121-S022,N20270121,2027-01-22T06:15:00Z,900,true,0.705618,0.805662,0.912146,0.423337
N20270121-S023,N20270121,2027-01-22T06:30:00Z,900,true,0.604983,0.803079,0.909984,0.440290
N20270121-S024,N20270121,2027-01-22T06:45:00Z,900,true,0.617879,0.807850,0.902821,0.417847
N20270121-S025,N20270121,2027-01-22T07:00:00Z,900,true,0.637506,0.813288,0.899240,0.401728
N20270121-S026,N20270121,2027-01-22T07:15:00Z,900,true,0.667730,0.799364,0.930218,0.424237
N20270121-S027,N20270121,2027-01-22T07:30:00Z,900,true,0.643854,0.797667,0.906934,0.436109
N20270121-S028,N20270121,2027-01-22T07:45:00Z,900,true,0.628584,0.791506,0.891578,0.413473
N20270121-S029,N20270121,2027-01-22T08:00:00Z,900,true,0.666061,0.796123,0.887093,0.415042
N20270121-S030,N20270121,2027-01-22T08:15:00Z,900,true,0.666012,0.790659,0.893836,0.428667
N20270121-S031,N20270121,2027-01-22T08:30:00Z,900,true,0.702264,0.807691,0.911088,0.405509
N20270122-S001,N20270122,2027-01-23T01:00:00Z,900,true,0.773820,0.837617,0.919299,0.437067
N20270122-S002,N20270122,2027-01-23T01:15:00Z,900,true,0.786032,0.857282,0.930293,0.415461
N20270122-S003,N20270122,2027-01-23T01:30:00Z,900,true,0.778684,0.868544,0.941697,0.402165
N20270122-S004,N20270122,2027-01-23T01:45:00Z,900,true,0.768671,0.851879,0.934513,0.432090
N20270122-S005,N20270122,2027-01-23T02:00:00Z,900,true,0.758595,0.860486,0.928079,0.405286
N20270122-S006,N20270122,2027-01-23T02:15:00Z,900,true,0.732312,0.860498,0.904727,0.424592
N20270122-S007,N20270122,2027-01-23T02:30:00Z,900,true,0.697961,0.864561,0.901235,0.418955
N20270122-S008,N20270122,2027-01-23T02:45:00Z,900,true,0.765370,0.849781,0.887348,0.438926
N20270122-S009,N20270122,2027-01-23T03:00:00Z,900,true,0.712010,0.867001,0.890154,0.439537
N20270122-S010,N20270122,2027-01-23T03:15:00Z,900,true,0.781323,0.876364,0.881363,0.430501
N20270122-S011,N20270122,2027-01-23T03:30:00Z,900,true,0.838168,0.898990,0.886511,0.416872
N20270122-S012,N20270122,2027-01-23T03:45:00Z,900,true,0.816312,0.900307,0.885908,0.406334
N20270122-S013,N20270122,2027-01-23T04:00:00Z,900,true,0.794417,0.888683,0.883832,0.437495
N20270122-S014,N20270122,2027-01-23T04:15:00Z,900,true,0.783719,0.883576,0.863050,0.408928
N20270122-S015,N20270122,2027-01-23T04:30:00Z,900,true,0.782346,0.882762,0.864466,0.415403
N20270122-S016,N20270122,2027-01-23T04:45:00Z,900,true,0.782900,0.886314,0.834550,0.411805
N20270122-S017,N20270122,2027-01-23T05:00:00Z,900,true,0.713780,0.856856,0.841785,0.439416
N20270122-S018,N20270122,2027-01-23T05:15:00Z,900,true,0.682179,0.864633,0.837055,0.408464
N20270122-S019,N20270122,2027-01-23T05:30:00Z,900,true,0.654170,0.855793,0.864407,0.438079
N20270122-S020,N20270122,2027-01-23T05:45:00Z,900,true,0.630269,0.865422,0.857749,0.429585
N20270122-S021,N20270122,2027-01-23T06:00:00Z,900,true,0.658799,0.867214,0.863168,0.422140
N20270122-S022,N20270122,2027-01-23T06:15:00Z,900,true,0.723246,0.848934,0.853937,0.408675
N20270122-S023,N20270122,2027-01-23T06:30:00Z,900,true,0.700051,0.849603,0.849115,0.437872
N20270122-S024,N20270122,2027-01-23T06:45:00Z,900,true,0.768320,0.823322,0.881515,0.404912
N20270122-S025,N20270122,2027-01-23T07:00:00Z,900,true,0.791427,0.823314,0.883625,0.418251
N20270122-S026,N20270122,2027-01-23T07:15:00Z,900,true,0.854913,0.825230,0.882497,0.436013
N20270122-S027,N20270122,2027-01-23T07:30:00Z,900,true,0.857203,0.842629,0.920172,0.442556
N20270122-S028,N20270122,2027-01-23T07:45:00Z,900,true,0.895670,0.839621,0.948230,0.444245
N20270122-S029,N20270122,2027-01-23T08:00:00Z,900,true,0.885609,0.846003,0.986415,0.419687
N20270122-S030,N20270122,2027-01-23T08:15:00Z,900,true,0.842352,0.849735,0.977858,0.421713
N20270122-S031,N20270122,2027-01-23T08:30:00Z,900,true,0.887608,0.857558,0.949347,0.408261
N20270123-S001,N20270123,2027-01-24T01:00:00Z,900,true,1.000525,0.797866,1.055307,0.416097
N20270123-S002,N20270123,2027-01-24T01:15:00Z,900,true,0.953851,0.801445,1.108000,0.433006
N20270123-S003,N20270123,2027-01-24T01:30:00Z,900,true,0.990132,0.796694,1.124473,0.425935
N20270123-S004,N20270123,2027-01-24T01:45:00Z,900,true,1.042925,0.799257,1.151067,0.417107
N20270123-S005,N20270123,2027-01-24T02:00:00Z,900,true,0.980266,0.815447,1.150360,0.412277
N20270123-S006,N20270123,2027-01-24T02:15:00Z,900,true,0.907344,0.812795,1.115006,0.429247
N20270123-S007,N20270123,2027-01-24T02:30:00Z,900,true,0.895342,0.805674,1.113367,0.430940
N20270123-S008,N20270123,2027-01-24T02:45:00Z,900,true,0.923522,0.823685,1.137760,0.406916
N20270123-S009,N20270123,2027-01-24T03:00:00Z,900,true,0.935369,0.824848,1.140127,0.429080
N20270123-S010,N20270123,2027-01-24T03:15:00Z,900,true,0.901717,0.836518,1.109430,0.427942
N20270123-S011,N20270123,2027-01-24T03:30:00Z,900,true,0.912435,0.824516,1.093237,0.410484
N20270123-S012,N20270123,2027-01-24T03:45:00Z,900,true,0.900566,0.836246,1.080106,0.407514
N20270123-S013,N20270123,2027-01-24T04:00:00Z,900,true,0.856824,0.829303,1.069451,0.406047
N20270123-S014,N20270123,2027-01-24T04:15:00Z,900,true,0.877914,0.832186,1.077958,0.428776
N20270123-S015,N20270123,2027-01-24T04:30:00Z,900,true,0.873838,0.845623,1.094690,0.427787
N20270123-S016,N20270123,2027-01-24T04:45:00Z,900,true,0.885847,0.843706,1.103207,0.405020
N20270123-S017,N20270123,2027-01-24T05:00:00Z,900,true,0.928595,0.825739,1.135059,0.422853
N20270123-S018,N20270123,2027-01-24T05:15:00Z,900,true,0.930591,0.826942,1.129177,0.416024
N20270123-S019,N20270123,2027-01-24T05:30:00Z,900,true,0.940458,0.835561,1.122593,0.417368
N20270123-S020,N20270123,2027-01-24T05:45:00Z,900,true,0.924492,0.822372,1.102905,0.408751
N20270123-S021,N20270123,2027-01-24T06:00:00Z,900,true,0.905477,0.818671,1.095364,0.434563
N20270123-S022,N20270123,2027-01-24T06:15:00Z,900,true,0.904212,0.817407,1.103315,0.407820
N20270123-S023,N20270123,2027-01-24T06:30:00Z,900,true,0.959836,0.832966,1.086901,0.421957
N20270123-S024,N20270123,2027-01-24T06:45:00Z,900,true,0.950951,0.843235,1.054627,0.405282
N20270123-S025,N20270123,2027-01-24T07:00:00Z,900,true,0.996652,0.842796,1.023722,0.429391
N20270123-S026,N20270123,2027-01-24T07:15:00Z,900,true,1.015726,0.834260,1.042757,0.443719
N20270123-S027,N20270123,2027-01-24T07:30:00Z,900,true,1.025556,0.828979,1.040507,0.438210
N20270123-S028,N20270123,2027-01-24T07:45:00Z,900,true,0.971929,0.819124,1.039519,0.426269
N20270123-S029,N20270123,2027-01-24T08:00:00Z,900,true,0.998879,0.826128,1.043950,0.407484
N20270123-S030,N20270123,2027-01-24T08:15:00Z,900,true,0.958230,0.816991,1.056064,0.418391
N20270123-S031,N20270123,2027-01-24T08:30:00Z,900,true,0.924269,0.830356,1.060857,0.430536
N20270124-S001,N20270124,2027-01-25T01:00:00Z,900,true,1.040357,0.768734,1.018265,0.432018
N20270124-S002,N20270124,2027-01-25T01:15:00Z,900,true,1.007084,0.776843,1.018400,0.422631
N20270124-S003,N20270124,2027-01-25T01:30:00Z,900,true,1.002185,0.775760,0.999135,0.414924
N20270124-S004,N20270124,2027-01-25T01:45:00Z,900,true,1.007343,0.780931,0.981052,0.409633
N20270124-S005,N20270124,2027-01-25T02:00:00Z,900,true,1.014773,0.777793,0.979400,0.432148
N20270124-S006,N20270124,2027-01-25T02:15:00Z,900,true,0.986838,0.771950,0.991552,0.415369
N20270124-S007,N20270124,2027-01-25T02:30:00Z,900,true,0.990771,0.752388,1.004433,0.438366
N20270124-S008,N20270124,2027-01-25T02:45:00Z,900,true,0.991484,0.757806,1.009267,0.444379
N20270124-S009,N20270124,2027-01-25T03:00:00Z,900,true,1.041423,0.779472,1.028484,0.411624
N20270124-S010,N20270124,2027-01-25T03:15:00Z,900,true,1.116701,0.769936,1.026198,0.429000
N20270124-S011,N20270124,2027-01-25T03:30:00Z,900,true,1.086611,0.774533,1.046320,0.409208
N20270124-S012,N20270124,2027-01-25T03:45:00Z,900,true,1.107126,0.766714,1.060028,0.412423
N20270124-S013,N20270124,2027-01-25T04:00:00Z,900,true,1.128728,0.773470,1.046890,0.429904
N20270124-S014,N20270124,2027-01-25T04:15:00Z,900,true,1.123295,0.775592,1.054428,0.416132
N20270124-S015,N20270124,2027-01-25T04:30:00Z,900,true,1.118621,0.764652,1.024506,0.432770
N20270124-S016,N20270124,2027-01-25T04:45:00Z,900,true,1.049003,0.760931,1.014956,0.412402
N20270124-S017,N20270124,2027-01-25T05:00:00Z,900,true,1.009463,0.776597,1.003864,0.434467
N20270124-S018,N20270124,2027-01-25T05:15:00Z,900,true,1.013663,0.771203,0.977365,0.402743
N20270124-S019,N20270124,2027-01-25T05:30:00Z,900,true,1.004306,0.770605,0.960386,0.432724
N20270124-S020,N20270124,2027-01-25T05:45:00Z,900,true,0.969162,0.768839,0.998186,0.437144
N20270124-S021,N20270124,2027-01-25T06:00:00Z,900,true,0.997083,0.786804,1.008455,0.412158
N20270124-S022,N20270124,2027-01-25T06:15:00Z,900,true,0.992345,0.801150,1.014238,0.432975
N20270124-S023,N20270124,2027-01-25T06:30:00Z,900,true,0.988541,0.790872,1.019787,0.445253
N20270124-S024,N20270124,2027-01-25T06:45:00Z,900,true,0.955501,0.804068,1.030944,0.414293
N20270124-S025,N20270124,2027-01-25T07:00:00Z,900,true,0.950178,0.788496,1.015134,0.440450
N20270124-S026,N20270124,2027-01-25T07:15:00Z,900,true,0.907587,0.793454,1.038009,0.403248
N20270124-S027,N20270124,2027-01-25T07:30:00Z,900,true,0.936669,0.785488,1.052351,0.436231
N20270124-S028,N20270124,2027-01-25T07:45:00Z,900,true,0.979280,0.792531,1.052288,0.428847
N20270124-S029,N20270124,2027-01-25T08:00:00Z,900,true,0.979994,0.808023,1.044771,0.411300
N20270124-S030,N20270124,2027-01-25T08:15:00Z,900,true,1.004304,0.805583,1.033547,0.422150
N20270124-S031,N20270124,2027-01-25T08:30:00Z,900,true,0.983805,0.819097,1.039381,0.428066
N20270125-S001,N20270125,2027-01-26T01:00:00Z,900,true,1.040894,0.873554,0.965023,0.406470
N20270125-S002,N20270125,2027-01-26T01:15:00Z,900,true,1.020826,0.874053,0.940423,0.416226
N20270125-S003,N20270125,2027-01-26T01:30:00Z,900,true,0.993644,0.890882,0.960370,0.435678
N20270125-S004,N20270125,2027-01-26T01:45:00Z,900,true,0.937201,0.869469,0.940131,0.426836
N20270125-S005,N20270125,2027-01-26T02:00:00Z,900,true,0.996104,0.873112,0.954739,0.443161
N20270125-S006,N20270125,2027-01-26T02:15:00Z,900,true,0.966930,0.878339,0.954815,0.429356
N20270125-S007,N20270125,2027-01-26T02:30:00Z,900,true,0.972564,0.870172,0.964237,0.421484
N20270125-S008,N20270125,2027-01-26T02:45:00Z,900,true,1.021189,0.884492,0.992260,0.407546
N20270125-S009,N20270125,2027-01-26T03:00:00Z,900,true,1.023068,0.882405,0.991607,0.443475
N20270125-S010,N20270125,2027-01-26T03:15:00Z,900,true,1.018659,0.883483,1.011112,0.407531
N20270125-S011,N20270125,2027-01-26T03:30:00Z,900,true,1.003954,0.888667,1.007790,0.408588
N20270125-S012,N20270125,2027-01-26T03:45:00Z,900,true,0.970910,0.870150,0.989750,0.421476
N20270125-S013,N20270125,2027-01-26T04:00:00Z,900,true,0.920369,0.859853,0.987413,0.438027
N20270125-S014,N20270125,2027-01-26T04:15:00Z,900,true,0.931326,0.844047,0.979521,0.426479
N20270125-S015,N20270125,2027-01-26T04:30:00Z,900,true,0.941302,0.842126,0.985319,0.429068
N20270125-S016,N20270125,2027-01-26T04:45:00Z,900,true,0.964049,0.831744,0.985124,0.424555
N20270125-S017,N20270125,2027-01-26T05:00:00Z,900,true,0.991653,0.827918,0.967008,0.403847
N20270125-S018,N20270125,2027-01-26T05:15:00Z,900,true,0.898927,0.827793,0.975665,0.419882
N20270125-S019,N20270125,2027-01-26T05:30:00Z,900,true,0.926951,0.828243,0.971148,0.437675
N20270125-S020,N20270125,2027-01-26T05:45:00Z,900,true,0.998985,0.834126,0.965852,0.410210
N20270125-S021,N20270125,2027-01-26T06:00:00Z,900,true,0.962739,0.837106,0.959992,0.433076
N20270125-S022,N20270125,2027-01-26T06:15:00Z,900,true,0.966850,0.836086,0.978293,0.412340
N20270125-S023,N20270125,2027-01-26T06:30:00Z,900,true,0.954986,0.837394,0.980249,0.421446
N20270125-S024,N20270125,2027-01-26T06:45:00Z,900,true,0.968736,0.848253,0.976683,0.429085
N20270125-S025,N20270125,2027-01-26T07:00:00Z,900,true,1.021983,0.867194,0.973970,0.434918
N20270125-S026,N20270125,2027-01-26T07:15:00Z,900,true,1.015735,0.870636,0.976456,0.438327
N20270125-S027,N20270125,2027-01-26T07:30:00Z,900,true,1.033903,0.876233,0.963590,0.420680
N20270125-S028,N20270125,2027-01-26T07:45:00Z,900,true,1.079378,0.872153,0.965832,0.441670
N20270125-S029,N20270125,2027-01-26T08:00:00Z,900,true,0.998826,0.874920,0.969088,0.444189
N20270125-S030,N20270125,2027-01-26T08:15:00Z,900,true,1.030568,0.855391,0.962246,0.404096
N20270125-S031,N20270125,2027-01-26T08:30:00Z,900,true,1.019159,0.849517,0.972372,0.437902
N20270126-S001,N20270126,2027-01-27T01:00:00Z,900,true,0.996528,0.864137,0.903753,0.443941
N20270126-S002,N20270126,2027-01-27T01:15:00Z,900,true,0.967857,0.878386,0.879044,0.442031
N20270126-S003,N20270126,2027-01-27T01:30:00Z,900,true,0.963095,0.879225,0.856060,0.436459
N20270126-S004,N20270126,2027-01-27T01:45:00Z,900,true,0.961011,0.858856,0.866912,0.432690
N20270126-S005,N20270126,2027-01-27T02:00:00Z,900,true,0.943794,0.855201,0.869198,0.407141
N20270126-S006,N20270126,2027-01-27T02:15:00Z,900,true,0.930496,0.842122,0.896879,0.408209
N20270126-S007,N20270126,2027-01-27T02:30:00Z,900,true,0.901102,0.843304,0.906613,0.418399
N20270126-S008,N20270126,2027-01-27T02:45:00Z,900,true,0.895587,0.857515,0.900783,0.432550
N20270126-S009,N20270126,2027-01-27T03:00:00Z,900,true,0.960367,0.872769,0.907148,0.407661
N20270126-S010,N20270126,2027-01-27T03:15:00Z,900,true,0.954055,0.880027,0.917380,0.436243
N20270126-S011,N20270126,2027-01-27T03:30:00Z,900,true,0.951105,0.875803,0.891855,0.409650
N20270126-S012,N20270126,2027-01-27T03:45:00Z,900,true,0.993472,0.864825,0.865827,0.417483
N20270126-S013,N20270126,2027-01-27T04:00:00Z,900,true,1.019424,0.860657,0.850689,0.422407
N20270126-S014,N20270126,2027-01-27T04:15:00Z,900,true,1.003944,0.869554,0.858791,0.435156
N20270126-S015,N20270126,2027-01-27T04:30:00Z,900,true,1.020091,0.867179,0.849820,0.409201
N20270126-S016,N20270126,2027-01-27T04:45:00Z,900,true,1.016927,0.885156,0.865950,0.407803
N20270126-S017,N20270126,2027-01-27T05:00:00Z,900,true,0.988265,0.887525,0.851033,0.403982
N20270126-S018,N20270126,2027-01-27T05:15:00Z,900,true,1.030418,0.885649,0.849391,0.428801
N20270126-S019,N20270126,2027-01-27T05:30:00Z,900,true,1.074014,0.878723,0.859306,0.444463
N20270126-S020,N20270126,2027-01-27T05:45:00Z,900,true,1.098375,0.858499,0.884064,0.417863
N20270126-S021,N20270126,2027-01-27T06:00:00Z,900,true,1.126173,0.865007,0.851979,0.415409
N20270126-S022,N20270126,2027-01-27T06:15:00Z,900,true,1.123683,0.872216,0.850969,0.445483
N20270126-S023,N20270126,2027-01-27T06:30:00Z,900,true,1.118916,0.871001,0.868430,0.437593
N20270126-S024,N20270126,2027-01-27T06:45:00Z,900,true,1.141928,0.856151,0.853698,0.436534
N20270126-S025,N20270126,2027-01-27T07:00:00Z,900,true,1.092910,0.867156,0.887586,0.418730
N20270126-S026,N20270126,2027-01-27T07:15:00Z,900,true,1.076522,0.867444,0.905886,0.443392
N20270126-S027,N20270126,2027-01-27T07:30:00Z,900,true,1.124910,0.881022,0.869663,0.428706
N20270126-S028,N20270126,2027-01-27T07:45:00Z,900,true,1.124980,0.877860,0.863821,0.433679
N20270126-S029,N20270126,2027-01-27T08:00:00Z,900,true,1.152806,0.883143,0.893896,0.413314
N20270126-S030,N20270126,2027-01-27T08:15:00Z,900,true,1.137824,0.873207,0.892414,0.409739
N20270126-S031,N20270126,2027-01-27T08:30:00Z,900,true,1.135039,0.879239,0.923662,0.409758
N20270127-S001,N20270127,2027-01-28T01:00:00Z,900,true,0.987862,0.828337,0.919378,0.434740
N20270127-S002,N20270127,2027-01-28T01:15:00Z,900,true,0.983881,0.838579,0.927307,0.438821
N20270127-S003,N20270127,2027-01-28T01:30:00Z,900,true,0.993170,0.833333,0.928073,0.430713
N20270127-S004,N20270127,2027-01-28T01:45:00Z,900,true,0.953860,0.815490,0.921914,0.416294
N20270127-S005,N20270127,2027-01-28T02:00:00Z,900,true,0.980757,0.828815,0.939779,0.429329
N20270127-S006,N20270127,2027-01-28T02:15:00Z,900,true,1.018440,0.806654,0.951265,0.421371
N20270127-S007,N20270127,2027-01-28T02:30:00Z,900,true,1.021802,0.795169,0.947720,0.401002
N20270127-S008,N20270127,2027-01-28T02:45:00Z,900,true,1.062709,0.806557,0.945409,0.405123
N20270127-S009,N20270127,2027-01-28T03:00:00Z,900,true,1.044952,0.834433,0.937622,0.425032
N20270127-S010,N20270127,2027-01-28T03:15:00Z,900,true,1.050555,0.847680,0.904389,0.417893
N20270127-S011,N20270127,2027-01-28T03:30:00Z,900,true,1.047923,0.838567,0.906230,0.418492
N20270127-S012,N20270127,2027-01-28T03:45:00Z,900,true,1.022350,0.841221,0.896272,0.404074
N20270127-S013,N20270127,2027-01-28T04:00:00Z,900,true,1.043059,0.821539,0.899708,0.410835
N20270127-S014,N20270127,2027-01-28T04:15:00Z,900,true,1.040904,0.841953,0.899284,0.443468
N20270127-S015,N20270127,2027-01-28T04:30:00Z,900,true,0.965990,0.827656,0.882620,0.401963
N20270127-S016,N20270127,2027-01-28T04:45:00Z,900,true,0.906853,0.833516,0.879232,0.403621
N20270127-S017,N20270127,2027-01-28T05:00:00Z,900,true,0.898058,0.854843,0.907055,0.435845
N20270127-S018,N20270127,2027-01-28T05:15:00Z,900,true,0.864092,0.851173,0.945031,0.414406
N20270127-S019,N20270127,2027-01-28T05:30:00Z,900,true,0.905006,0.856420,0.954658,0.434552
N20270127-S020,N20270127,2027-01-28T05:45:00Z,900,true,0.965737,0.856970,0.934844,0.428655
N20270127-S021,N20270127,2027-01-28T06:00:00Z,900,true,0.969701,0.862168,0.939927,0.429888
N20270127-S022,N20270127,2027-01-28T06:15:00Z,900,true,1.013066,0.869394,0.931443,0.404886
N20270127-S023,N20270127,2027-01-28T06:30:00Z,900,true,0.964904,0.867480,0.920901,0.401406
N20270127-S024,N20270127,2027-01-28T06:45:00Z,900,true,0.959715,0.850284,0.912939,0.443230
N20270127-S025,N20270127,2027-01-28T07:00:00Z,900,true,0.989674,0.824568,0.900732,0.423582
N20270127-S026,N20270127,2027-01-28T07:15:00Z,900,true,1.002776,0.803966,0.896875,0.441947
N20270127-S027,N20270127,2027-01-28T07:30:00Z,900,true,1.048804,0.813605,0.887902,0.413185
N20270127-S028,N20270127,2027-01-28T07:45:00Z,900,true,1.091335,0.804646,0.878621,0.414995
N20270127-S029,N20270127,2027-01-28T08:00:00Z,900,true,1.101970,0.793370,0.856744,0.435173
N20270127-S030,N20270127,2027-01-28T08:15:00Z,900,true,1.120144,0.782889,0.860501,0.404260
N20270127-S031,N20270127,2027-01-28T08:30:00Z,900,true,1.079346,0.766895,0.868449,0.401011
N20270128-S001,N20270128,2027-01-29T01:00:00Z,900,true,0.877089,0.862736,0.882556,0.440367
N20270128-S002,N20270128,2027-01-29T01:15:00Z,900,true,0.894957,0.861614,0.872169,0.414685
N20270128-S003,N20270128,2027-01-29T01:30:00Z,900,true,0.835477,0.860631,0.889530,0.422687
N20270128-S004,N20270128,2027-01-29T01:45:00Z,900,true,0.806518,0.853707,0.900151,0.416647
N20270128-S005,N20270128,2027-01-29T02:00:00Z,900,true,0.791359,0.852015,0.913748,0.410804
N20270128-S006,N20270128,2027-01-29T02:15:00Z,900,true,0.722964,0.868356,0.924866,0.422465
N20270128-S007,N20270128,2027-01-29T02:30:00Z,900,true,0.751553,0.893584,0.935254,0.438944
N20270128-S008,N20270128,2027-01-29T02:45:00Z,900,true,0.741162,0.878578,0.941942,0.444497
N20270128-S009,N20270128,2027-01-29T03:00:00Z,900,true,0.731408,0.890351,0.934782,0.410945
N20270128-S010,N20270128,2027-01-29T03:15:00Z,900,true,0.733396,0.903190,0.963527,0.435250
N20270128-S011,N20270128,2027-01-29T03:30:00Z,900,true,0.765034,0.909780,0.946739,0.431936
N20270128-S012,N20270128,2027-01-29T03:45:00Z,900,true,0.766460,0.908737,0.954608,0.407165
N20270128-S013,N20270128,2027-01-29T04:00:00Z,900,true,0.822603,0.890170,0.959173,0.423611
N20270128-S014,N20270128,2027-01-29T04:15:00Z,900,true,0.882876,0.884187,0.976684,0.417409
N20270128-S015,N20270128,2027-01-29T04:30:00Z,900,true,0.921806,0.888880,0.972638,0.405847
N20270128-S016,N20270128,2027-01-29T04:45:00Z,900,true,0.918811,0.891592,0.990446,0.437702
N20270128-S017,N20270128,2027-01-29T05:00:00Z,900,true,0.925402,0.884681,0.950413,0.430739
N20270128-S018,N20270128,2027-01-29T05:15:00Z,900,true,0.956729,0.876531,0.961735,0.437191
N20270128-S019,N20270128,2027-01-29T05:30:00Z,900,true,0.902050,0.887214,0.939302,0.417968
N20270128-S020,N20270128,2027-01-29T05:45:00Z,900,true,0.967808,0.871530,0.980630,0.418165
N20270128-S021,N20270128,2027-01-29T06:00:00Z,900,true,0.980650,0.888797,0.974448,0.443123
N20270128-S022,N20270128,2027-01-29T06:15:00Z,900,true,0.960336,0.883846,0.969276,0.440011
N20270128-S023,N20270128,2027-01-29T06:30:00Z,900,true,0.910563,0.872410,0.963277,0.431703
N20270128-S024,N20270128,2027-01-29T06:45:00Z,900,true,0.885921,0.846439,0.933637,0.416877
N20270128-S025,N20270128,2027-01-29T07:00:00Z,900,true,0.836524,0.822185,0.961324,0.419304
N20270128-S026,N20270128,2027-01-29T07:15:00Z,900,true,0.843743,0.831422,0.978165,0.413188
N20270128-S027,N20270128,2027-01-29T07:30:00Z,900,true,0.774031,0.848700,0.967077,0.421532
N20270128-S028,N20270128,2027-01-29T07:45:00Z,900,true,0.757783,0.855190,0.958037,0.441705
N20270128-S029,N20270128,2027-01-29T08:00:00Z,900,true,0.736644,0.869324,0.945899,0.442425
N20270128-S030,N20270128,2027-01-29T08:15:00Z,900,true,0.774487,0.887363,0.955021,0.438709
N20270128-S031,N20270128,2027-01-29T08:30:00Z,900,true,0.764703,0.886688,0.945760,0.439869
N20270129-S001,N20270129,2027-01-30T01:00:00Z,900,true,0.986773,0.833389,0.855842,0.411823
N20270129-S002,N20270129,2027-01-30T01:15:00Z,900,true,1.033606,0.830042,0.856350,0.408958
N20270129-S003,N20270129,2027-01-30T01:30:00Z,900,true,1.018975,0.842851,0.846424,0.420939
N20270129-S004,N20270129,2027-01-30T01:45:00Z,900,true,0.991860,0.860463,0.838791,0.431843
N20270129-S005,N20270129,2027-01-30T02:00:00Z,900,true,0.973679,0.846250,0.822614,0.433395
N20270129-S006,N20270129,2027-01-30T02:15:00Z,900,true,1.026379,0.846533,0.819303,0.437543
N20270129-S007,N20270129,2027-01-30T02:30:00Z,900,true,0.991928,0.837523,0.827978,0.417757
N20270129-S008,N20270129,2027-01-30T02:45:00Z,900,true,1.007406,0.850043,0.857706,0.439351
N20270129-S009,N20270129,2027-01-30T03:00:00Z,900,true,1.055433,0.832851,0.866552,0.429299
N20270129-S010,N20270129,2027-01-30T03:15:00Z,900,true,1.051924,0.829522,0.846620,0.444350
N20270129-S011,N20270129,2027-01-30T03:30:00Z,900,true,1.018268,0.833600,0.838861,0.416500
N20270129-S012,N20270129,2027-01-30T03:45:00Z,900,true,1.039117,0.829468,0.840261,0.432082
N20270129-S013,N20270129,2027-01-30T04:00:00Z,900,true,1.001201,0.812993,0.846202,0.430503
N20270129-S014,N20270129,2027-01-30T04:15:00Z,900,true,1.022317,0.816679,0.854841,0.443786
N20270129-S015,N20270129,2027-01-30T04:30:00Z,900,true,1.023916,0.818989,0.856968,0.440286
N20270129-S016,N20270129,2027-01-30T04:45:00Z,900,true,1.032346,0.820897,0.899121,0.420009
N20270129-S017,N20270129,2027-01-30T05:00:00Z,900,true,1.032963,0.809878,0.864417,0.414140
N20270129-S018,N20270129,2027-01-30T05:15:00Z,900,true,0.960947,0.795387,0.867331,0.420090
N20270129-S019,N20270129,2027-01-30T05:30:00Z,900,true,1.010119,0.794777,0.847243,0.429748
N20270129-S020,N20270129,2027-01-30T05:45:00Z,900,true,0.954941,0.790957,0.830005,0.432622
N20270129-S021,N20270129,2027-01-30T06:00:00Z,900,true,0.946035,0.800295,0.804458,0.415509
N20270129-S022,N20270129,2027-01-30T06:15:00Z,900,true,0.962208,0.801714,0.844468,0.423232
N20270129-S023,N20270129,2027-01-30T06:30:00Z,900,true,0.918577,0.798438,0.853703,0.414458
N20270129-S024,N20270129,2027-01-30T06:45:00Z,900,true,0.941672,0.816023,0.851617,0.408668
N20270129-S025,N20270129,2027-01-30T07:00:00Z,900,true,0.976202,0.808264,0.866897,0.443906
N20270129-S026,N20270129,2027-01-30T07:15:00Z,900,true,0.981717,0.815539,0.865729,0.417635
N20270129-S027,N20270129,2027-01-30T07:30:00Z,900,true,1.045221,0.811848,0.854524,0.436542
N20270129-S028,N20270129,2027-01-30T07:45:00Z,900,true,1.030558,0.824260,0.851080,0.438672
N20270129-S029,N20270129,2027-01-30T08:00:00Z,900,true,1.042864,0.822087,0.871670,0.434413
N20270129-S030,N20270129,2027-01-30T08:15:00Z,900,true,1.070610,0.833335,0.890329,0.437125
N20270129-S031,N20270129,2027-01-30T08:30:00Z,900,true,1.070212,0.831602,0.900459,0.411901
N20270130-S001,N20270130,2027-01-31T01:00:00Z,900,true,1.074497,0.817193,0.880798,0.405354
N20270130-S002,N20270130,2027-01-31T01:15:00Z,900,true,1.068727,0.835018,0.883422,0.404608
N20270130-S003,N20270130,2027-01-31T01:30:00Z,900,true,1.068605,0.845732,0.880320,0.441447
N20270130-S004,N20270130,2027-01-31T01:45:00Z,900,true,1.002709,0.862451,0.889011,0.415551
N20270130-S005,N20270130,2027-01-31T02:00:00Z,900,true,0.993527,0.865564,0.910963,0.428044
N20270130-S006,N20270130,2027-01-31T02:15:00Z,900,true,1.062416,0.848297,0.927961,0.431189
N20270130-S007,N20270130,2027-01-31T02:30:00Z,900,true,1.029095,0.860331,0.891731,0.422898
N20270130-S008,N20270130,2027-01-31T02:45:00Z,900,true,0.985054,0.865826,0.888060,0.435560
N20270130-S009,N20270130,2027-01-31T03:00:00Z,900,true,0.982050,0.845495,0.911220,0.436579
N20270130-S010,N20270130,2027-01-31T03:15:00Z,900,true,0.997383,0.857317,0.883558,0.428894
N20270130-S011,N20270130,2027-01-31T03:30:00Z,900,true,0.988514,0.851302,0.880688,0.441395
N20270130-S012,N20270130,2027-01-31T03:45:00Z,900,true,1.005599,0.823071,0.870009,0.437151
N20270130-S013,N20270130,2027-01-31T04:00:00Z,900,true,0.961771,0.811512,0.873368,0.429954
N20270130-S014,N20270130,2027-01-31T04:15:00Z,900,true,0.959204,0.818494,0.856165,0.401639
N20270130-S015,N20270130,2027-01-31T04:30:00Z,900,true,0.997103,0.813071,0.876755,0.427062
N20270130-S016,N20270130,2027-01-31T04:45:00Z,900,true,0.917608,0.800225,0.855292,0.407978
N20270130-S017,N20270130,2027-01-31T05:00:00Z,900,true,0.933171,0.806557,0.854559,0.409834
N20270130-S018,N20270130,2027-01-31T05:15:00Z,900,true,0.912404,0.801320,0.870097,0.440622
N20270130-S019,N20270130,2027-01-31T05:30:00Z,900,true,0.927811,0.778947,0.867947,0.430763
N20270130-S020,N20270130,2027-01-31T05:45:00Z,900,true,0.874387,0.794144,0.858162,0.436679
N20270130-S021,N20270130,2027-01-31T06:00:00Z,900,true,0.880493,0.792698,0.875186,0.415127
N20270130-S022,N20270130,2027-01-31T06:15:00Z,900,true,0.828320,0.807924,0.884789,0.439244
N20270130-S023,N20270130,2027-01-31T06:30:00Z,900,true,0.810619,0.827513,0.892138,0.434943
N20270130-S024,N20270130,2027-01-31T06:45:00Z,900,true,0.826431,0.820208,0.882823,0.441806
N20270130-S025,N20270130,2027-01-31T07:00:00Z,900,true,0.844359,0.841240,0.874596,0.434268
N20270130-S026,N20270130,2027-01-31T07:15:00Z,900,true,0.856982,0.846762,0.880651,0.427190
N20270130-S027,N20270130,2027-01-31T07:30:00Z,900,true,0.909008,0.861528,0.869412,0.415744
N20270130-S028,N20270130,2027-01-31T07:45:00Z,900,true,0.949878,0.854018,0.881538,0.434750
N20270130-S029,N20270130,2027-01-31T08:00:00Z,900,true,0.936677,0.852713,0.849375,0.416546
N20270130-S030,N20270130,2027-01-31T08:15:00Z,900,true,0.913388,0.847915,0.843602,0.425918
N20270130-S031,N20270130,2027-01-31T08:30:00Z,900,true,0.920662,0.842648,0.857600,0.414971
N20270131-S001,N20270131,2027-02-01T01:00:00Z,900,true,1.109443,0.854286,0.825245,0.422821
N20270131-S002,N20270131,2027-02-01T01:15:00Z,900,true,1.085046,0.842941,0.840732,0.439982
N20270131-S003,N20270131,2027-02-01T01:30:00Z,900,true,1.064124,0.864429,0.838805,0.417940
N20270131-S004,N20270131,2027-02-01T01:45:00Z,900,true,1.063470,0.861391,0.837899,0.410606
N20270131-S005,N20270131,2027-02-01T02:00:00Z,900,true,1.082140,0.840471,0.813703,0.413578
N20270131-S006,N20270131,2027-02-01T02:15:00Z,900,true,1.134467,0.857578,0.784484,0.433572
N20270131-S007,N20270131,2027-02-01T02:30:00Z,900,true,1.057276,0.842509,0.799096,0.434418
N20270131-S008,N20270131,2027-02-01T02:45:00Z,900,true,1.078088,0.835056,0.809235,0.427046
N20270131-S009,N20270131,2027-02-01T03:00:00Z,900,true,1.077173,0.836444,0.811722,0.431347
N20270131-S010,N20270131,2027-02-01T03:15:00Z,900,true,1.058093,0.834243,0.779224,0.438412
N20270131-S011,N20270131,2027-02-01T03:30:00Z,900,true,0.989571,0.849812,0.805229,0.423460
N20270131-S012,N20270131,2027-02-01T03:45:00Z,900,true,1.049060,0.865859,0.845935,0.443337
N20270131-S013,N20270131,2027-02-01T04:00:00Z,900,true,1.088322,0.874060,0.835450,0.402194
N20270131-S014,N20270131,2027-02-01T04:15:00Z,900,true,1.058899,0.871308,0.842340,0.425084
N20270131-S015,N20270131,2027-02-01T04:30:00Z,900,true,1.062721,0.895585,0.817094,0.416158
N20270131-S016,N20270131,2027-02-01T04:45:00Z,900,true,1.020626,0.881233,0.802914,0.408943
N20270131-S017,N20270131,2027-02-01T05:00:00Z,900,true,1.037234,0.852893,0.829427,0.422546
N20270131-S018,N20270131,2027-02-01T05:15:00Z,900,true,1.048500,0.858660,0.804900,0.430193
N20270131-S019,N20270131,2027-02-01T05:30:00Z,900,true,1.037134,0.880464,0.801418,0.432555
N20270131-S020,N20270131,2027-02-01T05:45:00Z,900,true,1.086348,0.892063,0.796310,0.418957
N20270131-S021,N20270131,2027-02-01T06:00:00Z,900,true,1.088549,0.902626,0.813732,0.443280
N20270131-S022,N20270131,2027-02-01T06:15:00Z,900,true,1.138742,0.895538,0.824663,0.429634
N20270131-S023,N20270131,2027-02-01T06:30:00Z,900,true,1.154250,0.871740,0.822162,0.422126
N20270131-S024,N20270131,2027-02-01T06:45:00Z,900,true,1.117499,0.895890,0.825314,0.419995
N20270131-S025,N20270131,2027-02-01T07:00:00Z,900,true,1.140228,0.884620,0.797185,0.404994
N20270131-S026,N20270131,2027-02-01T07:15:00Z,900,true,1.142395,0.882358,0.785116,0.435419
N20270131-S027,N20270131,2027-02-01T07:30:00Z,900,true,1.154754,0.883112,0.769858,0.429085
N20270131-S028,N20270131,2027-02-01T07:45:00Z,900,true,1.142578,0.867045,0.800031,0.401627
N20270131-S029,N20270131,2027-02-01T08:00:00Z,900,true,1.134064,0.865733,0.800858,0.431022
N20270131-S030,N20270131,2027-02-01T08:15:00Z,900,true,1.111998,0.872245,0.815349,0.425320
N20270131-S031,N20270131,2027-02-01T08:30:00Z,900,true,1.117029,0.855314,0.851956,0.406534
