slot_id,night_id,timestamp_utc,duration_seconds,is_observable,seeing_arcsec,transparency,sky_quality,instrument_efficiency
N20261201-S001,N20261201,2026-12-02T05:00:00Z,900,true,1.134766,0.852679,0.937683,0.973506
N20261201-S002,N20261201,2026-12-02T05:15:00Z,900,true,1.090324,0.841641,0.929261,0.918037
N20261201-S003,N20261201,2026-12-02T05:30:00Z,900,true,1.081432,0.848996,0.932572,0.978968
N20261201-S004,N20261201,2026-12-02T05:45:00Z,900,true,1.093636,0.859352,0.939171,0.983558
N20261201-S005,N20261201,2026-12-02T06:00:00Z,900,true,1.065878,0.854848,0.946701,0.965538
N20261201-S006,N20261201,2026-12-02T06:15:00Z,900,true,1.058321,0.843059,0.937366,0.949080
N20261201-S007,N20261201,2026-12-02T06:30:00Z,900,true,1.106952,0.837569,0.940649,0.903558
N20261201-S008,N20261201,2026-12-02T06:45:00Z,900,true,1.087968,0.833474,0.938161,0.972602
N20261201-S009,N20261201,2026-12-02T07:00:00Z,900,true,1.061007,0.844832,0.922104,0.938335
N20261201-S010,N20261201,2026-12-02T07:15:00Z,900,true,1.064271,0.834275,0.952335,0.957846
N20261201-S011,N20261201,2026-12-02T07:30:00Z,900,true,1.005901,0.854860,0.955577,0.993354
N20261201-S012,N20261201,2026-12-02T07:45:00Z,900,true,0.982412,0.847449,0.953649,0.934919
N20261201-S013,N20261201,2026-12-02T08:00:00Z,900,true,1.117624,0.862791,0.947083,0.965370
N20261201-S014,N20261201,2026-12-02T08:15:00Z,900,true,1.134216,0.861446,0.936839,0.900009
N20261201-S015,N20261201,2026-12-02T08:30:00Z,900,true,1.119774,0.860784,0.944992,0.934790
N20261201-S016,N20261201,2026-12-02T08:45:00Z,900,true,1.105474,0.856251,0.913647,0.914199
N20261201-S017,N20261201,2026-12-02T09:00:00Z,900,true,1.067670,0.839926,0.924746,0.945017
N20261201-S018,N20261201,2026-12-02T09:15:00Z,900,true,1.119087,0.832378,0.919746,0.971923
N20261201-S019,N20261201,2026-12-02T09:30:00Z,900,true,1.118404,0.834054,0.922058,0.982724
N20261201-S020,N20261201,2026-12-02T09:45:00Z,900,true,1.143240,0.837977,0.908988,0.912315
N20261201-S021,N20261201,2026-12-02T10:00:00Z,900,true,1.131204,0.837750,0.899973,0.934734
N20261201-S022,N20261201,2026-12-02T10:15:00Z,900,true,1.099470,0.826959,0.911828,0.954494
N20261201-S023,N20261201,2026-12-02T10:30:00Z,900,true,1.069566,0.819516,0.887351,0.992433
N20261201-S024,N20261201,2026-12-02T10:45:00Z,900,true,1.044666,0.838153,0.909279,0.979980
N20261201-S025,N20261201,2026-12-02T11:00:00Z,900,true,1.119033,0.859195,0.879438,0.933431
N20261201-S026,N20261201,2026-12-02T11:15:00Z,900,true,1.124851,0.859199,0.903714,0.999391
N20261201-S027,N20261201,2026-12-02T11:30:00Z,900,true,1.148118,0.866863,0.907885,0.947332
N20261201-S028,N20261201,2026-12-02T11:45:00Z,900,true,1.116473,0.847259,0.900777,0.930577
N20261201-S029,N20261201,2026-12-02T12:00:00Z,900,true,1.131513,0.849534,0.889363,0.985603
N20261201-S030,N20261201,2026-12-02T12:15:00Z,900,true,1.153998,0.842950,0.894347,0.968018
N20261201-S031,N20261201,2026-12-02T12:30:00Z,900,true,1.185450,0.845699,0.902477,0.921643
N20261201-S032,N20261201,2026-12-02T12:45:00Z,900,true,1.190837,0.853191,0.871617,0.920837
N20261201-S033,N20261201,2026-12-02T13:00:00Z,900,true,1.137223,0.857858,0.902040,0.943380
N20261201-S034,N20261201,2026-12-02T13:15:00Z,900,true,1.078494,0.859434,0.938850,0.939281
N20261201-S035,N20261201,2026-12-02T13:30:00Z,900,true,1.087024,0.860937,0.918693,0.984911
N20261201-S036,N20261201,2026-12-02T13:45:00Z,900,true,1.057786,0.865075,0.891266,0.939261
N20261201-S037,N20261201,2026-12-02T14:00:00Z,900,true,1.072417,0.861464,0.901823,0.911917
N20261201-S038,N20261201,2026-12-02T14:15:00Z,900,true,1.103822,0.865746,0.892557,0.960361
N20261201-S039,N20261201,2026-12-02T14:30:00Z,900,true,1.064947,0.868681,0.890149,0.900998
N20261201-S040,N20261201,2026-12-02T14:45:00Z,900,true,1.053926,0.866047,0.913836,0.976690
N20261201-S041,N20261201,2026-12-02T15:00:00Z,900,true,1.111329,0.871366,0.930282,0.927926
N20261202-S001,N20261202,2026-12-03T05:00:00Z,900,true,0.902556,0.893641,0.872991,0.908574
N20261202-S002,N20261202,2026-12-03T05:15:00Z,900,true,0.902892,0.892446,0.866814,0.952138
N20261202-S003,N20261202,2026-12-03T05:30:00Z,900,true,0.873355,0.899230,0.860048,0.916391
N20261202-S004,N20261202,2026-12-03T05:45:00Z,900,true,0.869779,0.912235,0.894364,0.927327
N20261202-S005,N20261202,2026-12-03T06:00:00Z,900,true,0.904011,0.896418,0.875088,0.922750
N20261202-S006,N20261202,2026-12-03T06:15:00Z,900,true,0.902954,0.897272,0.863193,0.979220
N20261202-S007,N20261202,2026-12-03T06:30:00Z,900,true,0.931954,0.887867,0.869567,0.972387
N20261202-S008,N20261202,2026-12-03T06:45:00Z,900,true,0.905786,0.924497,0.857601,0.947707
N20261202-S009,N20261202,2026-12-03T07:00:00Z,900,true,0.971959,0.916548,0.882600,0.972896
N20261202-S010,N20261202,2026-12-03T07:15:00Z,900,true,0.960854,0.936927,0.903532,0.973680
N20261202-S011,N20261202,2026-12-03T07:30:00Z,900,true,0.949022,0.947648,0.918987,0.915644
N20261202-S012,N20261202,2026-12-03T07:45:00Z,900,true,0.937835,0.947596,0.931177,0.944653
N20261202-S013,N20261202,2026-12-03T08:00:00Z,900,true,0.951027,0.954992,0.932458,0.959396
N20261202-S014,N20261202,2026-12-03T08:15:00Z,900,true,0.901565,0.967514,0.907797,0.984056
N20261202-S015,N20261202,2026-12-03T08:30:00Z,900,true,0.938101,0.945574,0.887574,0.964206
N20261202-S016,N20261202,2026-12-03T08:45:00Z,900,true,0.949467,0.939305,0.878547,0.914081
N20261202-S017,N20261202,2026-12-03T09:00:00Z,900,true,0.958182,0.924573,0.847047,0.954253
N20261202-S018,N20261202,2026-12-03T09:15:00Z,900,true,0.930299,0.928823,0.861459,0.952687
N20261202-S019,N20261202,2026-12-03T09:30:00Z,900,true,0.847688,0.942789,0.829282,0.974196
N20261202-S020,N20261202,2026-12-03T09:45:00Z,900,true,0.862789,0.932600,0.853865,0.961645
N20261202-S021,N20261202,2026-12-03T10:00:00Z,900,true,0.866491,0.913582,0.841504,0.929591
N20261202-S022,N20261202,2026-12-03T10:15:00Z,900,true,0.895709,0.900074,0.861599,0.967898
N20261202-S023,N20261202,2026-12-03T10:30:00Z,900,true,0.847530,0.888292,0.837779,0.917401
N20261202-S024,N20261202,2026-12-03T10:45:00Z,900,true,0.890719,0.879939,0.844044,0.976554
N20261202-S025,N20261202,2026-12-03T11:00:00Z,900,true,0.865721,0.873627,0.842477,0.945174
N20261202-S026,N20261202,2026-12-03T11:15:00Z,900,true,0.854037,0.884105,0.846497,0.995225
N20261202-S027,N20261202,2026-12-03T11:30:00Z,900,true,0.900455,0.886897,0.828111,0.994703
N20261202-S028,N20261202,2026-12-03T11:45:00Z,900,true,0.888310,0.871496,0.839344,0.931443
N20261202-S029,N20261202,2026-12-03T12:00:00Z,900,true,0.944949,0.867639,0.825473,0.963180
N20261202-S030,N20261202,2026-12-03T12:15:00Z,900,true,0.970735,0.871721,0.799229,0.932266
N20261202-S031,N20261202,2026-12-03T12:30:00Z,900,true,0.971037,0.880187,0.825054,0.956002
N20261202-S032,N20261202,2026-12-03T12:45:00Z,900,true,0.965082,0.891788,0.797635,0.997330
N20261202-S033,N20261202,2026-12-03T13:00:00Z,900,true,0.969407,0.893395,0.831531,0.907274
N20261202-S034,N20261202,2026-12-03T13:15:00Z,900,true,0.865258,0.892407,0.823545,0.946550
N20261202-S035,N20261202,2026-12-03T13:30:00Z,900,false,,,,
N20261202-S036,N20261202,2026-12-03T13:45:00Z,900,false,,,,
N20261202-S037,N20261202,2026-12-03T14:00:00Z,900,true,0.811835,0.872131,0.819731,0.956958
N20261202-S038,N20261202,2026-12-03T14:15:00Z,900,true,0.870934,0.880670,0.792964,0.985668
N20261202-S039,N20261202,2026-12-03T14:30:00Z,900,true,0.887380,0.885966,0.784547,0.936459
N20261202-S040,N20261202,2026-12-03T14:45:00Z,900,true,0.874818,0.869267,0.805962,0.981995
N20261202-S041,N20261202,2026-12-03T15:00:00Z,900,true,0.863696,0.876987,0.834325,0.992986
N20261203-S001,N20261203,2026-12-04T05:00:00Z,900,true,0.922348,0.944216,0.791151,0.980202
N20261203-S002,N20261203,2026-12-04T05:15:00Z,900,true,0.903292,0.942562,0.820914,0.968793
N20261203-S003,N20261203,2026-12-04T05:30:00Z,900,true,0.876718,0.953032,0.821544,0.920338
N20261203-S004,N20261203,2026-12-04T05:45:00Z,900,true,0.851383,0.975931,0.835657,0.940831
N20261203-S005,N20261203,2026-12-04T06:00:00Z,900,true,0.894206,0.967989,0.823679,0.930517
N20261203-S006,N20261203,2026-12-04T06:15:00Z,900,true,0.948308,0.950929,0.828832,0.907827
N20261203-S007,N20261203,2026-12-04T06:30:00Z,900,true,0.920007,0.947034,0.832184,0.927865
N20261203-S008,N20261203,2026-12-04T06:45:00Z,900,true,0.858024,0.918884,0.816019,0.950209
N20261203-S009,N20261203,2026-12-04T07:00:00Z,900,true,0.845235,0.910275,0.787681,0.986169
N20261203-S010,N20261203,2026-12-04T07:15:00Z,900,true,0.817866,0.932581,0.766103,0.909442
N20261203-S011,N20261203,2026-12-04T07:30:00Z,900,true,0.859157,0.942890,0.756366,0.982274
N20261203-S012,N20261203,2026-12-04T07:45:00Z,900,true,0.859195,0.945406,0.761264,0.900207
N20261203-S013,N20261203,2026-12-04T08:00:00Z,900,true,0.895725,0.945970,0.769239,0.976380
N20261203-S014,N20261203,2026-12-04T08:15:00Z,900,true,0.898244,0.934005,0.783332,0.986421
N20261203-S015,N20261203,2026-12-04T08:30:00Z,900,true,0.840961,0.916025,0.757680,0.900272
N20261203-S016,N20261203,2026-12-04T08:45:00Z,900,true,0.844556,0.938517,0.774317,0.912549
N20261203-S017,N20261203,2026-12-04T09:00:00Z,900,true,0.880925,0.934945,0.764338,0.901575
N20261203-S018,N20261203,2026-12-04T09:15:00Z,900,true,0.873601,0.920904,0.750024,0.995440
N20261203-S019,N20261203,2026-12-04T09:30:00Z,900,true,0.906347,0.926617,0.788921,0.903252
N20261203-S020,N20261203,2026-12-04T09:45:00Z,900,true,0.948643,0.913999,0.778256,0.943461
N20261203-S021,N20261203,2026-12-04T10:00:00Z,900,true,0.924858,0.919988,0.793322,0.933171
N20261203-S022,N20261203,2026-12-04T10:15:00Z,900,true,0.905477,0.942407,0.811269,0.947493
N20261203-S023,N20261203,2026-12-04T10:30:00Z,900,true,0.933719,0.937897,0.809255,0.910686
N20261203-S024,N20261203,2026-12-04T10:45:00Z,900,true,0.976567,0.927121,0.813996,0.933622
N20261203-S025,N20261203,2026-12-04T11:00:00Z,900,true,0.907962,0.940472,0.808543,0.917373
N20261203-S026,N20261203,2026-12-04T11:15:00Z,900,true,0.921620,0.980349,0.803469,0.957345
N20261203-S027,N20261203,2026-12-04T11:30:00Z,900,true,0.949533,0.994851,0.784721,0.935160
N20261203-S028,N20261203,2026-12-04T11:45:00Z,900,true,1.021038,0.989078,0.808654,0.912027
N20261203-S029,N20261203,2026-12-04T12:00:00Z,900,true,1.004830,1.000000,0.781827,0.908970
N20261203-S030,N20261203,2026-12-04T12:15:00Z,900,true,1.031264,1.000000,0.796156,0.928623
N20261203-S031,N20261203,2026-12-04T12:30:00Z,900,true,0.998644,0.978133,0.812614,0.948824
N20261203-S032,N20261203,2026-12-04T12:45:00Z,900,true,0.996358,0.973664,0.832841,0.984884
N20261203-S033,N20261203,2026-12-04T13:00:00Z,900,true,0.994798,0.991928,0.810388,0.913605
N20261203-S034,N20261203,2026-12-04T13:15:00Z,900,true,0.984952,0.972674,0.811104,0.964930
N20261203-S035,N20261203,2026-12-04T13:30:00Z,900,true,1.041919,0.970199,0.804200,0.938210
N20261203-S036,N20261203,2026-12-04T13:45:00Z,900,true,1.039175,0.963068,0.804278,0.970082
N20261203-S037,N20261203,2026-12-04T14:00:00Z,900,true,1.108105,0.948548,0.799300,0.936073
N20261203-S038,N20261203,2026-12-04T14:15:00Z,900,true,1.102473,0.948297,0.812705,0.934400
N20261203-S039,N20261203,2026-12-04T14:30:00Z,900,true,1.083131,0.940277,0.828545,0.920557
N20261203-S040,N20261203,2026-12-04T14:45:00Z,900,true,1.068171,0.944824,0.856843,0.934513
N20261203-S041,N20261203,2026-12-04T15:00:00Z,900,true,1.067584,0.963160,0.823294,0.997657
N20261204-S001,N20261204,2026-12-05T05:15:00Z,900,true,0.880617,0.943725,0.780331,0.978142
N20261204-S002,N20261204,2026-12-05T05:30:00Z,900,true,0.879200,0.938540,0.778229,0.917463
N20261204-S003,N20261204,2026-12-05T05:45:00Z,900,true,0.861107,0.921626,0.782924,0.906459
N20261204-S004,N20261204,2026-12-05T06:00:00Z,900,true,0.822366,0.912165,0.811167,0.938265
N20261204-S005,N20261204,2026-12-05T06:15:00Z,900,true,0.901444,0.926009,0.782984,0.987796
N20261204-S006,N20261204,2026-12-05T06:30:00Z,900,true,0.880666,0.944549,0.764302,0.927302
N20261204-S007,N20261204,2026-12-05T06:45:00Z,900,true,0.857648,0.963947,0.776317,0.915978
N20261204-S008,N20261204,2026-12-05T07:00:00Z,900,true,0.906354,0.954414,0.763741,0.930838
N20261204-S009,N20261204,2026-12-05T07:15:00Z,900,true,0.884407,0.944064,0.748258,0.947036
N20261204-S010,N20261204,2026-12-05T07:30:00Z,900,true,0.916524,0.938676,0.727392,0.944079
N20261204-S011,N20261204,2026-12-05T07:45:00Z,900,true,0.946570,0.934569,0.714529,0.911140
N20261204-S012,N20261204,2026-12-05T08:00:00Z,900,true,1.000590,0.934105,0.748342,0.906952
N20261204-S013,N20261204,2026-12-05T08:15:00Z,900,true,1.019665,0.943524,0.759114,0.976558
N20261204-S014,N20261204,2026-12-05T08:30:00Z,900,true,1.047717,0.942836,0.760793,0.919795
N20261204-S015,N20261204,2026-12-05T08:45:00Z,900,true,1.029529,0.948165,0.747096,0.986539
N20261204-S016,N20261204,2026-12-05T09:00:00Z,900,true,1.047001,0.963336,0.752172,0.948994
N20261204-S017,N20261204,2026-12-05T09:15:00Z,900,true,1.049584,0.968110,0.775288,0.942883
N20261204-S018,N20261204,2026-12-05T09:30:00Z,900,true,0.974404,0.953179,0.759706,0.901097
N20261204-S019,N20261204,2026-12-05T09:45:00Z,900,true,0.992990,0.981385,0.766805,0.964952
N20261204-S020,N20261204,2026-12-05T10:00:00Z,900,true,0.986557,0.984045,0.763975,0.967931
N20261204-S021,N20261204,2026-12-05T10:15:00Z,900,true,0.938433,0.989730,0.765501,0.987391
N20261204-S022,N20261204,2026-12-05T10:30:00Z,900,true,0.904945,0.984609,0.764511,0.946455
N20261204-S023,N20261204,2026-12-05T10:45:00Z,900,true,0.946227,0.992915,0.789900,0.907507
N20261204-S024,N20261204,2026-12-05T11:00:00Z,900,true,0.930806,0.997381,0.760748,0.903008
N20261204-S025,N20261204,2026-12-05T11:15:00Z,900,true,0.928023,0.988960,0.790799,0.906364
N20261204-S026,N20261204,2026-12-05T11:30:00Z,900,true,0.939466,0.974875,0.797680,0.982252
N20261204-S027,N20261204,2026-12-05T11:45:00Z,900,true,0.934415,0.948702,0.808427,0.990854
N20261204-S028,N20261204,2026-12-05T12:00:00Z,900,true,1.026934,0.956319,0.825732,0.981627
N20261204-S029,N20261204,2026-12-05T12:15:00Z,900,true,0.992122,0.944686,0.827154,0.935593
N20261204-S030,N20261204,2026-12-05T12:30:00Z,900,true,0.940085,0.947383,0.806410,0.923273
N20261204-S031,N20261204,2026-12-05T12:45:00Z,900,true,0.962687,0.930194,0.788845,0.918464
N20261204-S032,N20261204,2026-12-05T13:00:00Z,900,true,0.984195,0.938747,0.782782,0.910613
N20261204-S033,N20261204,2026-12-05T13:15:00Z,900,true,0.956742,0.959623,0.817048,0.914065
N20261204-S034,N20261204,2026-12-05T13:30:00Z,900,true,0.982164,0.944839,0.817060,0.999255
N20261204-S035,N20261204,2026-12-05T13:45:00Z,900,true,0.965917,0.953496,0.832532,0.989891
N20261204-S036,N20261204,2026-12-05T14:00:00Z,900,true,0.930393,0.961567,0.852211,0.961441
N20261204-S037,N20261204,2026-12-05T14:15:00Z,900,true,0.927296,0.983058,0.860144,0.910836
N20261204-S038,N20261204,2026-12-05T14:30:00Z,900,true,0.964849,0.982988,0.836305,0.940816
N20261204-S039,N20261204,2026-12-05T14:45:00Z,900,true,0.947883,0.961540,0.815761,0.993652
N20261204-S040,N20261204,2026-12-05T15:00:00Z,900,true,0.923783,0.961940,0.823711,0.964542
N20261205-S001,N20261205,2026-12-06T05:15:00Z,900,true,1.154748,0.955327,0.754551,0.913196
N20261205-S002,N20261205,2026-12-06T05:30:00Z,900,true,1.129738,0.961147,0.761763,0.956262
N20261205-S003,N20261205,2026-12-06T05:45:00Z,900,true,1.136167,0.962101,0.765779,0.907748
N20261205-S004,N20261205,2026-12-06T06:00:00Z,900,true,1.091710,0.965697,0.787851,0.957139
N20261205-S005,N20261205,2026-12-06T06:15:00Z,900,true,1.132052,0.927383,0.795282,0.919659
N20261205-S006,N20261205,2026-12-06T06:30:00Z,900,true,1.085111,0.934123,0.806144,0.933640
N20261205-S007,N20261205,2026-12-06T06:45:00Z,900,true,1.045471,0.948753,0.764912,0.913653
N20261205-S008,N20261205,2026-12-06T07:00:00Z,900,true,1.016796,0.936554,0.745092,0.939519
N20261205-S009,N20261205,2026-12-06T07:15:00Z,900,true,1.092883,0.949824,0.761796,0.949033
N20261205-S010,N20261205,2026-12-06T07:30:00Z,900,true,1.115606,0.947458,0.774510,0.988995
N20261205-S011,N20261205,2026-12-06T07:45:00Z,900,true,1.115581,0.943886,0.799190,0.980274
N20261205-S012,N20261205,2026-12-06T08:00:00Z,900,true,1.104641,0.950043,0.815075,0.929578
N20261205-S013,N20261205,2026-12-06T08:15:00Z,900,true,1.181802,0.952805,0.811160,0.981023
N20261205-S014,N20261205,2026-12-06T08:30:00Z,900,true,1.155512,0.937399,0.828648,0.962480
N20261205-S015,N20261205,2026-12-06T08:45:00Z,900,true,1.155132,0.946306,0.851889,0.984639
N20261205-S016,N20261205,2026-12-06T09:00:00Z,900,true,1.094853,0.950259,0.864796,0.951956
N20261205-S017,N20261205,2026-12-06T09:15:00Z,900,true,1.097221,0.939501,0.846209,0.931980
N20261205-S018,N20261205,2026-12-06T09:30:00Z,900,true,1.139108,0.932521,0.822590,0.945090
N20261205-S019,N20261205,2026-12-06T09:45:00Z,900,true,1.125013,0.940849,0.833129,0.907558
N20261205-S020,N20261205,2026-12-06T10:00:00Z,900,true,1.106447,0.931475,0.824606,0.966932
N20261205-S021,N20261205,2026-12-06T10:15:00Z,900,true,1.100262,0.899517,0.834418,0.932236
N20261205-S022,N20261205,2026-12-06T10:30:00Z,900,false,,,,
N20261205-S023,N20261205,2026-12-06T10:45:00Z,900,false,,,,
N20261205-S024,N20261205,2026-12-06T11:00:00Z,900,false,,,,
N20261205-S025,N20261205,2026-12-06T11:15:00Z,900,false,,,,
N20261205-S026,N20261205,2026-12-06T11:30:00Z,900,false,,,,
N20261205-S027,N20261205,2026-12-06T11:45:00Z,900,false,,,,
N20261205-S028,N20261205,2026-12-06T12:00:00Z,900,false,,,,
N20261205-S029,N20261205,2026-12-06T12:15:00Z,900,false,,,,
N20261205-S030,N20261205,2026-12-06T12:30:00Z,900,false,,,,
N20261205-S031,N20261205,2026-12-06T12:45:00Z,900,false,,,,
N20261205-S032,N20261205,2026-12-06T13:00:00Z,900,false,,,,
N20261205-S033,N20261205,2026-12-06T13:15:00Z,900,false,,,,
N20261205-S034,N20261205,2026-12-06T13:30:00Z,900,false,,,,
N20261205-S035,N20261205,2026-12-06T13:45:00Z,900,false,,,,
N20261205-S036,N20261205,2026-12-06T14:00:00Z,900,false,,,,
N20261205-S037,N20261205,2026-12-06T14:15:00Z,900,false,,,,
N20261205-S038,N20261205,2026-12-06T14:30:00Z,900,false,,,,
N20261205-S039,N20261205,2026-12-06T14:45:00Z,900,false,,,,
N20261205-S040,N20261205,2026-12-06T15:00:00Z,900,false,,,,
N20261206-S001,N20261206,2026-12-07T05:15:00Z,900,false,,,,
N20261206-S002,N20261206,2026-12-07T05:30:00Z,900,false,,,,
N20261206-S003,N20261206,2026-12-07T05:45:00Z,900,false,,,,
N20261206-S004,N20261206,2026-12-07T06:00:00Z,900,false,,,,
N20261206-S005,N20261206,2026-12-07T06:15:00Z,900,true,1.287018,0.926081,0.724788,0.965872
N20261206-S006,N20261206,2026-12-07T06:30:00Z,900,true,1.278094,0.931140,0.756689,0.945797
N20261206-S007,N20261206,2026-12-07T06:45:00Z,900,true,1.259417,0.934934,0.758799,0.960380
N20261206-S008,N20261206,2026-12-07T07:00:00Z,900,true,1.268165,0.931455,0.743029,0.936357
N20261206-S009,N20261206,2026-12-07T07:15:00Z,900,true,1.267053,0.926011,0.736765,0.975927
N20261206-S010,N20261206,2026-12-07T07:30:00Z,900,true,1.330607,0.907628,0.723298,0.951133
N20261206-S011,N20261206,2026-12-07T07:45:00Z,900,true,1.361088,0.892224,0.736823,0.982267
N20261206-S012,N20261206,2026-12-07T08:00:00Z,900,true,1.349451,0.899324,0.733118,0.920639
N20261206-S013,N20261206,2026-12-07T08:15:00Z,900,true,1.380866,0.894042,0.769047,0.937174
N20261206-S014,N20261206,2026-12-07T08:30:00Z,900,true,1.345713,0.903856,0.768261,0.962196
N20261206-S015,N20261206,2026-12-07T08:45:00Z,900,true,1.341317,0.923095,0.764148,0.953050
N20261206-S016,N20261206,2026-12-07T09:00:00Z,900,true,1.389056,0.937850,0.754915,0.958123
N20261206-S017,N20261206,2026-12-07T09:15:00Z,900,true,1.360131,0.926778,0.750115,0.976959
N20261206-S018,N20261206,2026-12-07T09:30:00Z,900,true,1.321112,0.952261,0.743150,0.981425
N20261206-S019,N20261206,2026-12-07T09:45:00Z,900,true,1.273981,0.963802,0.764219,0.924974
N20261206-S020,N20261206,2026-12-07T10:00:00Z,900,true,1.336669,0.986983,0.745225,0.940148
N20261206-S021,N20261206,2026-12-07T10:15:00Z,900,true,1.289305,0.982098,0.756566,0.926161
N20261206-S022,N20261206,2026-12-07T10:30:00Z,900,true,1.286484,0.987767,0.764020,0.940598
N20261206-S023,N20261206,2026-12-07T10:45:00Z,900,true,1.251007,0.991434,0.799708,0.995618
N20261206-S024,N20261206,2026-12-07T11:00:00Z,900,true,1.224552,0.979000,0.810312,0.967671
N20261206-S025,N20261206,2026-12-07T11:15:00Z,900,true,1.206901,0.980001,0.840739,0.941489
N20261206-S026,N20261206,2026-12-07T11:30:00Z,900,true,1.213571,0.962704,0.843729,0.940841
N20261206-S027,N20261206,2026-12-07T11:45:00Z,900,true,1.220053,0.969822,0.838977,0.906703
N20261206-S028,N20261206,2026-12-07T12:00:00Z,900,true,1.274359,0.965391,0.864681,0.971444
N20261206-S029,N20261206,2026-12-07T12:15:00Z,900,true,1.296574,0.964841,0.862310,0.933173
N20261206-S030,N20261206,2026-12-07T12:30:00Z,900,true,1.282004,0.972103,0.849211,0.933252
N20261206-S031,N20261206,2026-12-07T12:45:00Z,900,false,,,,
N20261206-S032,N20261206,2026-12-07T13:00:00Z,900,false,,,,
N20261206-S033,N20261206,2026-12-07T13:15:00Z,900,false,,,,
N20261206-S034,N20261206,2026-12-07T13:30:00Z,900,false,,,,
N20261206-S035,N20261206,2026-12-07T13:45:00Z,900,true,1.276392,0.970886,0.833298,0.969161
N20261206-S036,N20261206,2026-12-07T14:00:00Z,900,false,,,,
N20261206-S037,N20261206,2026-12-07T14:15:00Z,900,false,,,,
N20261206-S038,N20261206,2026-12-07T14:30:00Z,900,false,,,,
N20261206-S039,N20261206,2026-12-07T14:45:00Z,900,false,,,,
N20261206-S040,N20261206,2026-12-07T15:00:00Z,900,false,,,,
N20261207-S001,N20261207,2026-12-08T05:15:00Z,900,false,,,,
N20261207-S002,N20261207,2026-12-08T05:30:00Z,900,false,,,,
N20261207-S003,N20261207,2026-12-08T05:45:00Z,900,false,,,,
N20261207-S004,N20261207,2026-12-08T06:00:00Z,900,false,,,,
N20261207-S005,N20261207,2026-12-08T06:15:00Z,900,false,,,,
N20261207-S006,N20261207,2026-12-08T06:30:00Z,900,false,,,,
N20261207-S007,N20261207,2026-12-08T06:45:00Z,900,false,,,,
N20261207-S008,N20261207,2026-12-08T07:00:00Z,900,false,,,,
N20261207-S009,N20261207,2026-12-08T07:15:00Z,900,false,,,,
N20261207-S010,N20261207,2026-12-08T07:30:00Z,900,false,,,,
N20261207-S011,N20261207,2026-12-08T07:45:00Z,900,false,,,,
N20261207-S012,N20261207,2026-12-08T08:00:00Z,900,false,,,,
N20261207-S013,N20261207,2026-12-08T08:15:00Z,900,false,,,,
N20261207-S014,N20261207,2026-12-08T08:30:00Z,900,false,,,,
N20261207-S015,N20261207,2026-12-08T08:45:00Z,900,false,,,,
N20261207-S016,N20261207,2026-12-08T09:00:00Z,900,false,,,,
N20261207-S017,N20261207,2026-12-08T09:15:00Z,900,false,,,,
N20261207-S018,N20261207,2026-12-08T09:30:00Z,900,false,,,,
N20261207-S019,N20261207,2026-12-08T09:45:00Z,900,true,1.215829,0.909755,0.852000,0.946977
N20261207-S020,N20261207,2026-12-08T10:00:00Z,900,true,1.229686,0.907603,0.839025,0.961326
N20261207-S021,N20261207,2026-12-08T10:15:00Z,900,true,1.264967,0.888606,0.860565,0.960931
N20261207-S022,N20261207,2026-12-08T10:30:00Z,900,true,1.246625,0.892120,0.829602,0.928287
N20261207-S023,N20261207,2026-12-08T10:45:00Z,900,true,1.268857,0.928334,0.832538,0.978413
N20261207-S024,N20261207,2026-12-08T11:00:00Z,900,true,1.301464,0.940015,0.838084,0.916029
N20261207-S025,N20261207,2026-12-08T11:15:00Z,900,true,1.301919,0.941348,0.826323,0.939519
N20261207-S026,N20261207,2026-12-08T11:30:00Z,900,true,1.286275,0.916672,0.835790,0.997623
N20261207-S027,N20261207,2026-12-08T11:45:00Z,900,true,1.316862,0.910359,0.845094,0.927013
N20261207-S028,N20261207,2026-12-08T12:00:00Z,900,true,1.271132,0.926835,0.869508,0.962028
N20261207-S029,N20261207,2026-12-08T12:15:00Z,900,true,1.297513,0.911695,0.889315,0.990160
N20261207-S030,N20261207,2026-12-08T12:30:00Z,900,true,1.276034,0.888429,0.880945,0.983696
N20261207-S031,N20261207,2026-12-08T12:45:00Z,900,true,1.261376,0.887559,0.876637,0.935941
N20261207-S032,N20261207,2026-12-08T13:00:00Z,900,true,1.250881,0.912521,0.892100,0.907530
N20261207-S033,N20261207,2026-12-08T13:15:00Z,900,true,1.253761,0.920078,0.887900,0.997818
N20261207-S034,N20261207,2026-12-08T13:30:00Z,900,true,1.220707,0.909784,0.861268,0.976954
N20261207-S035,N20261207,2026-12-08T13:45:00Z,900,true,1.188824,0.892141,0.862536,0.972269
N20261207-S036,N20261207,2026-12-08T14:00:00Z,900,true,1.208418,0.906278,0.843624,0.962736
N20261207-S037,N20261207,2026-12-08T14:15:00Z,900,true,1.230609,0.933128,0.854041,0.933122
N20261207-S038,N20261207,2026-12-08T14:30:00Z,900,true,1.218538,0.940064,0.856341,0.916854
N20261207-S039,N20261207,2026-12-08T14:45:00Z,900,true,1.242426,0.919717,0.870134,0.925906
N20261207-S040,N20261207,2026-12-08T15:00:00Z,900,true,1.246241,0.917225,0.844587,0.961771
N20261208-S001,N20261208,2026-12-09T05:15:00Z,900,true,1.201888,0.876364,0.874925,0.929339
N20261208-S002,N20261208,2026-12-09T05:30:00Z,900,true,1.216451,0.870588,0.861839,0.950663
N20261208-S003,N20261208,2026-12-09T05:45:00Z,900,true,1.227431,0.875068,0.887299,0.996288
N20261208-S004,N20261208,2026-12-09T06:00:00Z,900,true,1.235677,0.880465,0.908046,0.988235
N20261208-S005,N20261208,2026-12-09T06:15:00Z,900,true,1.257412,0.871999,0.933364,0.984835
N20261208-S006,N20261208,2026-12-09T06:30:00Z,900,true,1.264313,0.873450,0.943606,0.972794
N20261208-S007,N20261208,2026-12-09T06:45:00Z,900,true,1.298286,0.881592,0.931935,0.972174
N20261208-S008,N20261208,2026-12-09T07:00:00Z,900,true,1.305542,0.878676,0.931324,0.982340
N20261208-S009,N20261208,2026-12-09T07:15:00Z,900,true,1.278434,0.864549,0.929072,0.933491
N20261208-S010,N20261208,2026-12-09T07:30:00Z,900,true,1.277148,0.879176,0.928191,0.963942
N20261208-S011,N20261208,2026-12-09T07:45:00Z,900,true,1.279615,0.901668,0.921502,0.952929
N20261208-S012,N20261208,2026-12-09T08:00:00Z,900,true,1.316973,0.920734,0.922732,0.903439
N20261208-S013,N20261208,2026-12-09T08:15:00Z,900,true,1.304903,0.908821,0.924700,0.909650
N20261208-S014,N20261208,2026-12-09T08:30:00Z,900,true,1.276538,0.908990,0.925784,0.958523
N20261208-S015,N20261208,2026-12-09T08:45:00Z,900,true,1.297222,0.892793,0.922209,0.943783
N20261208-S016,N20261208,2026-12-09T09:00:00Z,900,false,,,,
N20261208-S017,N20261208,2026-12-09T09:15:00Z,900,false,,,,
N20261208-S018,N20261208,2026-12-09T09:30:00Z,900,false,,,,
N20261208-S019,N20261208,2026-12-09T09:45:00Z,900,false,,,,
N20261208-S020,N20261208,2026-12-09T10:00:00Z,900,false,,,,
N20261208-S021,N20261208,2026-12-09T10:15:00Z,900,false,,,,
N20261208-S022,N20261208,2026-12-09T10:30:00Z,900,false,,,,
N20261208-S023,N20261208,2026-12-09T10:45:00Z,900,false,,,,
N20261208-S024,N20261208,2026-12-09T11:00:00Z,900,false,,,,
N20261208-S025,N20261208,2026-12-09T11:15:00Z,900,true,1.263990,0.879127,0.919592,0.982096
N20261208-S026,N20261208,2026-12-09T11:30:00Z,900,true,1.303023,0.882669,0.891048,0.961447
N20261208-S027,N20261208,2026-12-09T11:45:00Z,900,true,1.259775,0.893317,0.881499,0.902240
N20261208-S028,N20261208,2026-12-09T12:00:00Z,900,true,1.233811,0.918636,0.888464,0.970597
N20261208-S029,N20261208,2026-12-09T12:15:00Z,900,true,1.247570,0.916691,0.881956,0.970502
N20261208-S030,N20261208,2026-12-09T12:30:00Z,900,true,1.242365,0.900615,0.869120,0.987703
N20261208-S031,N20261208,2026-12-09T12:45:00Z,900,true,1.232450,0.892291,0.859734,0.961824
N20261208-S032,N20261208,2026-12-09T13:00:00Z,900,true,1.238459,0.888949,0.853995,0.984662
N20261208-S033,N20261208,2026-12-09T13:15:00Z,900,true,1.266444,0.889361,0.837160,0.968058
N20261208-S034,N20261208,2026-12-09T13:30:00Z,900,true,1.258888,0.884017,0.844263,0.936892
N20261208-S035,N20261208,2026-12-09T13:45:00Z,900,true,1.252670,0.895303,0.845200,0.923837
N20261208-S036,N20261208,2026-12-09T14:00:00Z,900,true,1.254604,0.881846,0.827906,0.953085
N20261208-S037,N20261208,2026-12-09T14:15:00Z,900,true,1.284899,0.883437,0.879099,0.949526
N20261208-S038,N20261208,2026-12-09T14:30:00Z,900,true,1.321361,0.900059,0.889201,0.969779
N20261208-S039,N20261208,2026-12-09T14:45:00Z,900,true,1.313137,0.889917,0.880335,0.990109
N20261208-S040,N20261208,2026-12-09T15:00:00Z,900,true,1.361744,0.884211,0.873598,0.951559
N20261209-S001,N20261209,2026-12-10T05:15:00Z,900,true,1.255478,0.903138,0.866790,0.939135
N20261209-S002,N20261209,2026-12-10T05:30:00Z,900,true,1.238745,0.905727,0.880196,0.978439
N20261209-S003,N20261209,2026-12-10T05:45:00Z,900,true,1.219901,0.920427,0.900602,0.991481
N20261209-S004,N20261209,2026-12-10T06:00:00Z,900,true,1.202180,0.899127,0.923674,0.910702
N20261209-S005,N20261209,2026-12-10T06:15:00Z,900,true,1.244566,0.902632,0.968396,0.957930
N20261209-S006,N20261209,2026-12-10T06:30:00Z,900,true,1.203236,0.902201,0.970755,0.973023
N20261209-S007,N20261209,2026-12-10T06:45:00Z,900,true,1.204618,0.904653,0.953193,0.908605
N20261209-S008,N20261209,2026-12-10T07:00:00Z,900,true,1.241258,0.897743,0.963771,0.936769
N20261209-S009,N20261209,2026-12-10T07:15:00Z,900,true,1.231638,0.913910,0.945987,0.979138
N20261209-S010,N20261209,2026-12-10T07:30:00Z,900,true,1.260973,0.918284,0.929720,0.981777
N20261209-S011,N20261209,2026-12-10T07:45:00Z,900,true,1.253695,0.901406,0.932457,0.995220
N20261209-S012,N20261209,2026-12-10T08:00:00Z,900,true,1.294754,0.886288,0.958213,0.928041
N20261209-S013,N20261209,2026-12-10T08:15:00Z,900,true,1.333517,0.884134,0.917609,0.980584
N20261209-S014,N20261209,2026-12-10T08:30:00Z,900,true,1.347913,0.891613,0.890820,0.936628
N20261209-S015,N20261209,2026-12-10T08:45:00Z,900,true,1.320684,0.892277,0.884336,0.986333
N20261209-S016,N20261209,2026-12-10T09:00:00Z,900,true,1.353538,0.874921,0.895657,0.960485
N20261209-S017,N20261209,2026-12-10T09:15:00Z,900,true,1.299019,0.856873,0.902444,0.918568
N20261209-S018,N20261209,2026-12-10T09:30:00Z,900,true,1.273407,0.869374,0.908068,0.941573
N20261209-S019,N20261209,2026-12-10T09:45:00Z,900,true,1.276114,0.877058,0.902119,0.906987
N20261209-S020,N20261209,2026-12-10T10:00:00Z,900,true,1.282972,0.855929,0.907247,0.904780
N20261209-S021,N20261209,2026-12-10T10:15:00Z,900,true,1.368129,0.848743,0.899137,0.955851
N20261209-S022,N20261209,2026-12-10T10:30:00Z,900,true,1.296886,0.872886,0.873080,0.999071
N20261209-S023,N20261209,2026-12-10T10:45:00Z,900,true,1.292558,0.863284,0.893993,0.962280
N20261209-S024,N20261209,2026-12-10T11:00:00Z,900,true,1.353782,0.879228,0.899905,0.913007
N20261209-S025,N20261209,2026-12-10T11:15:00Z,900,true,1.347329,0.889041,0.880602,0.933624
N20261209-S026,N20261209,2026-12-10T11:30:00Z,900,true,1.350300,0.885591,0.885442,0.943279
N20261209-S027,N20261209,2026-12-10T11:45:00Z,900,true,1.332330,0.860882,0.867435,0.987587
N20261209-S028,N20261209,2026-12-10T12:00:00Z,900,true,1.306602,0.837655,0.902780,0.979193
N20261209-S029,N20261209,2026-12-10T12:15:00Z,900,true,1.331847,0.865091,0.900829,0.970219
N20261209-S030,N20261209,2026-12-10T12:30:00Z,900,true,1.328942,0.857585,0.875340,0.954183
N20261209-S031,N20261209,2026-12-10T12:45:00Z,900,true,1.323038,0.865878,0.857427,0.925068
N20261209-S032,N20261209,2026-12-10T13:00:00Z,900,true,1.350582,0.833785,0.853002,0.940622
N20261209-S033,N20261209,2026-12-10T13:15:00Z,900,true,1.339295,0.845634,0.860984,0.938862
N20261209-S034,N20261209,2026-12-10T13:30:00Z,900,true,1.385124,0.840877,0.858149,0.980213
N20261209-S035,N20261209,2026-12-10T13:45:00Z,900,true,1.394603,0.865703,0.850181,0.947604
N20261209-S036,N20261209,2026-12-10T14:00:00Z,900,true,1.369744,0.872548,0.853111,0.966023
N20261209-S037,N20261209,2026-12-10T14:15:00Z,900,true,1.340554,0.871076,0.861015,0.975493
N20261209-S038,N20261209,2026-12-10T14:30:00Z,900,true,1.363034,0.861479,0.863917,0.984895
N20261209-S039,N20261209,2026-12-10T14:45:00Z,900,true,1.366476,0.869999,0.890906,0.959757
N20261209-S040,N20261209,2026-12-10T15:00:00Z,900,true,1.259513,0.844490,0.923372,0.979134
N20261210-S001,N20261210,2026-12-11T05:15:00Z,900,true,1.137088,0.851710,0.840013,0.986519
N20261210-S002,N20261210,2026-12-11T05:30:00Z,900,true,1.131666,0.853707,0.848747,0.918832
N20261210-S003,N20261210,2026-12-11T05:45:00Z,900,true,1.041387,0.835864,0.865425,0.965106
N20261210-S004,N20261210,2026-12-11T06:00:00Z,900,true,1.018433,0.844858,0.879519,0.904289
N20261210-S005,N20261210,2026-12-11T06:15:00Z,900,true,1.059521,0.848947,0.890677,0.940303
N20261210-S006,N20261210,2026-12-11T06:30:00Z,900,true,1.065232,0.845773,0.890075,0.922324
N20261210-S007,N20261210,2026-12-11T06:45:00Z,900,true,1.064293,0.822046,0.887882,0.986931
N20261210-S008,N20261210,2026-12-11T07:00:00Z,900,true,1.100894,0.846762,0.871936,0.942710
N20261210-S009,N20261210,2026-12-11T07:15:00Z,900,true,1.124083,0.870212,0.883100,0.990868
N20261210-S010,N20261210,2026-12-11T07:30:00Z,900,true,1.097348,0.869907,0.896253,0.958553
N20261210-S011,N20261210,2026-12-11T07:45:00Z,900,true,1.104912,0.872546,0.880752,0.961779
N20261210-S012,N20261210,2026-12-11T08:00:00Z,900,true,1.115355,0.871807,0.859226,0.953551
N20261210-S013,N20261210,2026-12-11T08:15:00Z,900,false,,,,
N20261210-S014,N20261210,2026-12-11T08:30:00Z,900,false,,,,
N20261210-S015,N20261210,2026-12-11T08:45:00Z,900,true,1.101421,0.852928,0.899490,0.967970
N20261210-S016,N20261210,2026-12-11T09:00:00Z,900,true,1.153710,0.861508,0.896104,0.948726
N20261210-S017,N20261210,2026-12-11T09:15:00Z,900,true,1.142002,0.863027,0.835024,0.904867
N20261210-S018,N20261210,2026-12-11T09:30:00Z,900,true,1.165914,0.870376,0.827152,0.949835
N20261210-S019,N20261210,2026-12-11T09:45:00Z,900,true,1.226185,0.843226,0.864503,0.908696
N20261210-S020,N20261210,2026-12-11T10:00:00Z,900,true,1.183516,0.829098,0.879046,0.900938
N20261210-S021,N20261210,2026-12-11T10:15:00Z,900,true,1.239376,0.816451,0.846741,0.971136
N20261210-S022,N20261210,2026-12-11T10:30:00Z,900,true,1.225657,0.827153,0.857247,0.912359
N20261210-S023,N20261210,2026-12-11T10:45:00Z,900,true,1.178914,0.808813,0.859104,0.940410
N20261210-S024,N20261210,2026-12-11T11:00:00Z,900,true,1.162035,0.815375,0.864213,0.915879
N20261210-S025,N20261210,2026-12-11T11:15:00Z,900,true,1.113348,0.829483,0.875788,0.985310
N20261210-S026,N20261210,2026-12-11T11:30:00Z,900,true,1.103561,0.829666,0.875227,0.994063
N20261210-S027,N20261210,2026-12-11T11:45:00Z,900,true,1.051364,0.837775,0.897295,0.931117
N20261210-S028,N20261210,2026-12-11T12:00:00Z,900,true,1.041091,0.834823,0.894599,0.941811
N20261210-S029,N20261210,2026-12-11T12:15:00Z,900,true,1.037692,0.833277,0.892118,0.999259
N20261210-S030,N20261210,2026-12-11T12:30:00Z,900,true,1.049762,0.819410,0.907037,0.909628
N20261210-S031,N20261210,2026-12-11T12:45:00Z,900,true,1.029606,0.821998,0.866580,0.964880
N20261210-S032,N20261210,2026-12-11T13:00:00Z,900,true,0.993772,0.817127,0.879638,0.926783
N20261210-S033,N20261210,2026-12-11T13:15:00Z,900,true,1.045473,0.829919,0.841960,0.941595
N20261210-S034,N20261210,2026-12-11T13:30:00Z,900,true,1.046734,0.833384,0.872900,0.920457
N20261210-S035,N20261210,2026-12-11T13:45:00Z,900,true,1.065930,0.843239,0.891012,0.905301
N20261210-S036,N20261210,2026-12-11T14:00:00Z,900,true,1.094204,0.871913,0.923596,0.988648
N20261210-S037,N20261210,2026-12-11T14:15:00Z,900,true,1.057825,0.864700,0.906504,0.909866
N20261210-S038,N20261210,2026-12-11T14:30:00Z,900,false,,,,
N20261210-S039,N20261210,2026-12-11T14:45:00Z,900,false,,,,
N20261210-S040,N20261210,2026-12-11T15:00:00Z,900,false,,,,
N20261211-S001,N20261211,2026-12-12T05:15:00Z,900,false,,,,
N20261211-S002,N20261211,2026-12-12T05:30:00Z,900,false,,,,
N20261211-S003,N20261211,2026-12-12T05:45:00Z,900,false,,,,
N20261211-S004,N20261211,2026-12-12T06:00:00Z,900,false,,,,
N20261211-S005,N20261211,2026-12-12T06:15:00Z,900,false,,,,
N20261211-S006,N20261211,2026-12-12T06:30:00Z,900,false,,,,
N20261211-S007,N20261211,2026-12-12T06:45:00Z,900,false,,,,
N20261211-S008,N20261211,2026-12-12T07:00:00Z,900,true,1.093101,0.848657,0.906077,0.916555
N20261211-S009,N20261211,2026-12-12T07:15:00Z,900,true,1.118389,0.855899,0.938961,0.927681
N20261211-S010,N20261211,2026-12-12T07:30:00Z,900,true,1.103759,0.862450,0.952906,0.901531
N20261211-S011,N20261211,2026-12-12T07:45:00Z,900,true,1.167136,0.867570,0.931889,0.969757
N20261211-S012,N20261211,2026-12-12T08:00:00Z,900,false,,,,
N20261211-S013,N20261211,2026-12-12T08:15:00Z,900,false,,,,
N20261211-S014,N20261211,2026-12-12T08:30:00Z,900,false,,,,
N20261211-S015,N20261211,2026-12-12T08:45:00Z,900,false,,,,
N20261211-S016,N20261211,2026-12-12T09:00:00Z,900,true,1.116985,0.891293,0.957210,0.949294
N20261211-S017,N20261211,2026-12-12T09:15:00Z,900,true,1.077339,0.898068,0.965878,0.954369
N20261211-S018,N20261211,2026-12-12T09:30:00Z,900,true,1.091684,0.878836,0.965780,0.988582
N20261211-S019,N20261211,2026-12-12T09:45:00Z,900,true,1.115083,0.858297,0.964755,0.943194
N20261211-S020,N20261211,2026-12-12T10:00:00Z,900,true,1.113444,0.869063,0.966953,0.956494
N20261211-S021,N20261211,2026-12-12T10:15:00Z,900,true,1.084537,0.889286,0.938576,0.987616
N20261211-S022,N20261211,2026-12-12T10:30:00Z,900,true,1.057749,0.888137,0.956076,0.968909
N20261211-S023,N20261211,2026-12-12T10:45:00Z,900,true,1.054062,0.876051,0.946020,0.946208
N20261211-S024,N20261211,2026-12-12T11:00:00Z,900,true,1.065429,0.870568,0.946824,0.969818
N20261211-S025,N20261211,2026-12-12T11:15:00Z,900,true,1.081988,0.872650,0.962576,0.946313
N20261211-S026,N20261211,2026-12-12T11:30:00Z,900,true,1.081071,0.884890,0.948300,0.920030
N20261211-S027,N20261211,2026-12-12T11:45:00Z,900,true,1.058458,0.870451,0.932359,0.906565
N20261211-S028,N20261211,2026-12-12T12:00:00Z,900,true,1.095454,0.870507,0.936729,0.911940
N20261211-S029,N20261211,2026-12-12T12:15:00Z,900,true,1.058289,0.880856,0.959262,0.984292
N20261211-S030,N20261211,2026-12-12T12:30:00Z,900,true,1.102474,0.879338,0.945113,0.945751
N20261211-S031,N20261211,2026-12-12T12:45:00Z,900,true,1.065105,0.860912,0.962471,0.976709
N20261211-S032,N20261211,2026-12-12T13:00:00Z,900,true,1.040619,0.859480,0.962518,0.907905
N20261211-S033,N20261211,2026-12-12T13:15:00Z,900,true,1.005165,0.874384,0.975531,0.924118
N20261211-S034,N20261211,2026-12-12T13:30:00Z,900,false,,,,
N20261211-S035,N20261211,2026-12-12T13:45:00Z,900,false,,,,
N20261211-S036,N20261211,2026-12-12T14:00:00Z,900,false,,,,
N20261211-S037,N20261211,2026-12-12T14:15:00Z,900,true,1.056444,0.886362,0.966948,0.916154
N20261211-S038,N20261211,2026-12-12T14:30:00Z,900,true,1.053142,0.863964,0.940399,0.957220
N20261211-S039,N20261211,2026-12-12T14:45:00Z,900,true,1.116926,0.857138,0.938719,0.930080
N20261211-S040,N20261211,2026-12-12T15:00:00Z,900,true,1.158314,0.863716,0.938694,0.948046
N20261212-S001,N20261212,2026-12-13T05:15:00Z,900,true,1.110704,0.848682,0.972062,0.964549
N20261212-S002,N20261212,2026-12-13T05:30:00Z,900,true,1.079978,0.860525,0.958087,0.985606
N20261212-S003,N20261212,2026-12-13T05:45:00Z,900,true,1.091990,0.863096,0.971497,0.963544
N20261212-S004,N20261212,2026-12-13T06:00:00Z,900,true,1.065507,0.870434,0.951160,0.951099
N20261212-S005,N20261212,2026-12-13T06:15:00Z,900,true,1.065466,0.854883,0.955878,0.975858
N20261212-S006,N20261212,2026-12-13T06:30:00Z,900,true,1.073001,0.888339,0.966878,0.992014
N20261212-S007,N20261212,2026-12-13T06:45:00Z,900,true,1.067091,0.871538,0.936392,0.991487
N20261212-S008,N20261212,2026-12-13T07:00:00Z,900,true,1.089656,0.873501,0.915968,0.921666
N20261212-S009,N20261212,2026-12-13T07:15:00Z,900,true,1.053887,0.859587,0.923380,0.988645
N20261212-S010,N20261212,2026-12-13T07:30:00Z,900,true,1.067761,0.845523,0.944106,0.934235
N20261212-S011,N20261212,2026-12-13T07:45:00Z,900,true,1.086661,0.862453,0.940840,0.951080
N20261212-S012,N20261212,2026-12-13T08:00:00Z,900,true,1.039891,0.863387,0.930762,0.909557
N20261212-S013,N20261212,2026-12-13T08:15:00Z,900,true,1.054199,0.862080,0.965320,0.977764
N20261212-S014,N20261212,2026-12-13T08:30:00Z,900,true,1.017388,0.858720,0.943465,0.943062
N20261212-S015,N20261212,2026-12-13T08:45:00Z,900,true,0.970448,0.858660,0.937625,0.945701
N20261212-S016,N20261212,2026-12-13T09:00:00Z,900,true,1.025987,0.861341,0.933613,0.906560
N20261212-S017,N20261212,2026-12-13T09:15:00Z,900,true,0.990308,0.860537,0.916593,0.973666
N20261212-S018,N20261212,2026-12-13T09:30:00Z,900,true,0.982546,0.839157,0.939525,0.948550
N20261212-S019,N20261212,2026-12-13T09:45:00Z,900,true,1.018434,0.815527,0.930821,0.944908
N20261212-S020,N20261212,2026-12-13T10:00:00Z,900,true,1.054888,0.825083,0.923365,0.980311
N20261212-S021,N20261212,2026-12-13T10:15:00Z,900,true,1.069305,0.840888,0.941063,0.984208
N20261212-S022,N20261212,2026-12-13T10:30:00Z,900,true,1.086051,0.845040,0.934849,0.945877
N20261212-S023,N20261212,2026-12-13T10:45:00Z,900,true,1.060746,0.841298,0.920076,0.982807
N20261212-S024,N20261212,2026-12-13T11:00:00Z,900,true,1.075764,0.842762,0.916313,0.926599
N20261212-S025,N20261212,2026-12-13T11:15:00Z,900,true,1.080158,0.834326,0.950814,0.910852
N20261212-S026,N20261212,2026-12-13T11:30:00Z,900,true,1.083302,0.834941,0.944969,0.906786
N20261212-S027,N20261212,2026-12-13T11:45:00Z,900,true,1.036029,0.840949,0.946252,0.900892
N20261212-S028,N20261212,2026-12-13T12:00:00Z,900,true,1.078808,0.847352,0.955034,0.935219
N20261212-S029,N20261212,2026-12-13T12:15:00Z,900,true,1.046449,0.866227,0.961803,0.983058
N20261212-S030,N20261212,2026-12-13T12:30:00Z,900,true,1.000379,0.849189,0.979341,0.926153
N20261212-S031,N20261212,2026-12-13T12:45:00Z,900,true,0.993627,0.854226,0.963812,0.982435
N20261212-S032,N20261212,2026-12-13T13:00:00Z,900,true,1.013960,0.851541,0.969331,0.974863
N20261212-S033,N20261212,2026-12-13T13:15:00Z,900,true,1.032097,0.874700,0.947540,0.993718
N20261212-S034,N20261212,2026-12-13T13:30:00Z,900,true,1.049230,0.873926,0.985273,0.921531
N20261212-S035,N20261212,2026-12-13T13:45:00Z,900,true,1.056978,0.889742,0.991223,0.970963
N20261212-S036,N20261212,2026-12-13T14:00:00Z,900,true,1.049590,0.886436,1.003816,0.982296
N20261212-S037,N20261212,2026-12-13T14:15:00Z,900,true,1.038573,0.901793,0.995143,0.932661
N20261212-S038,N20261212,2026-12-13T14:30:00Z,900,true,1.071616,0.895219,0.986965,0.955268
N20261212-S039,N20261212,2026-12-13T14:45:00Z,900,true,1.098986,0.874443,0.988441,0.972761
N20261212-S040,N20261212,2026-12-13T15:00:00Z,900,true,1.063032,0.883330,0.986943,0.996650
N20261213-S001,N20261213,2026-12-14T05:15:00Z,900,true,1.296059,0.879928,0.876395,0.996124
N20261213-S002,N20261213,2026-12-14T05:30:00Z,900,true,1.265891,0.880404,0.892303,0.957454
N20261213-S003,N20261213,2026-12-14T05:45:00Z,900,true,1.223910,0.884022,0.871366,0.962309
N20261213-S004,N20261213,2026-12-14T06:00:00Z,900,true,1.241283,0.871003,0.877734,0.998848
N20261213-S005,N20261213,2026-12-14T06:15:00Z,900,true,1.222130,0.863011,0.890069,0.940371
N20261213-S006,N20261213,2026-12-14T06:30:00Z,900,true,1.178994,0.854253,0.879468,0.919801
N20261213-S007,N20261213,2026-12-14T06:45:00Z,900,true,1.205149,0.847888,0.853726,0.957372
N20261213-S008,N20261213,2026-12-14T07:00:00Z,900,true,1.183919,0.849073,0.857582,0.914831
N20261213-S009,N20261213,2026-12-14T07:15:00Z,900,true,1.176657,0.829723,0.869259,0.930808
N20261213-S010,N20261213,2026-12-14T07:30:00Z,900,true,1.155363,0.834586,0.881279,0.932464
N20261213-S011,N20261213,2026-12-14T07:45:00Z,900,true,1.146028,0.843328,0.883681,0.988092
N20261213-S012,N20261213,2026-12-14T08:00:00Z,900,true,1.191619,0.837964,0.892345,0.954533
N20261213-S013,N20261213,2026-12-14T08:15:00Z,900,true,1.200787,0.829661,0.887697,0.931662
N20261213-S014,N20261213,2026-12-14T08:30:00Z,900,true,1.216692,0.833193,0.921562,0.962254
N20261213-S015,N20261213,2026-12-14T08:45:00Z,900,true,1.213757,0.828043,0.897294,0.956401
N20261213-S016,N20261213,2026-12-14T09:00:00Z,900,true,1.218703,0.842505,0.888452,0.985143
N20261213-S017,N20261213,2026-12-14T09:15:00Z,900,true,1.239677,0.848141,0.887111,0.989844
N20261213-S018,N20261213,2026-12-14T09:30:00Z,900,true,1.183245,0.840801,0.898871,0.922394
N20261213-S019,N20261213,2026-12-14T09:45:00Z,900,true,1.233128,0.853923,0.892068,0.934268
N20261213-S020,N20261213,2026-12-14T10:00:00Z,900,true,1.255346,0.839115,0.879407,0.953783
N20261213-S021,N20261213,2026-12-14T10:15:00Z,900,true,1.294735,0.832956,0.868556,0.935799
N20261213-S022,N20261213,2026-12-14T10:30:00Z,900,true,1.294380,0.856977,0.859856,0.911685
N20261213-S023,N20261213,2026-12-14T10:45:00Z,900,true,1.276425,0.851147,0.884763,0.925490
N20261213-S024,N20261213,2026-12-14T11:00:00Z,900,true,1.262620,0.858023,0.902133,0.991751
N20261213-S025,N20261213,2026-12-14T11:15:00Z,900,true,1.276757,0.841311,0.889496,0.954461
N20261213-S026,N20261213,2026-12-14T11:30:00Z,900,true,1.267814,0.851322,0.865244,0.945092
N20261213-S027,N20261213,2026-12-14T11:45:00Z,900,true,1.227853,0.825758,0.885772,0.940083
N20261213-S028,N20261213,2026-12-14T12:00:00Z,900,true,1.236294,0.817184,0.886857,0.938661
N20261213-S029,N20261213,2026-12-14T12:15:00Z,900,true,1.249154,0.827535,0.901302,0.943187
N20261213-S030,N20261213,2026-12-14T12:30:00Z,900,true,1.280570,0.827083,0.899711,0.927525
N20261213-S031,N20261213,2026-12-14T12:45:00Z,900,true,1.296817,0.821290,0.896200,0.996494
N20261213-S032,N20261213,2026-12-14T13:00:00Z,900,true,1.275922,0.819833,0.874352,0.906886
N20261213-S033,N20261213,2026-12-14T13:15:00Z,900,true,1.223974,0.827196,0.873788,0.977299
N20261213-S034,N20261213,2026-12-14T13:30:00Z,900,true,1.258753,0.824275,0.877183,0.917495
N20261213-S035,N20261213,2026-12-14T13:45:00Z,900,true,1.189395,0.820431,0.873260,0.943910
N20261213-S036,N20261213,2026-12-14T14:00:00Z,900,true,1.218953,0.805142,0.876915,0.916561
N20261213-S037,N20261213,2026-12-14T14:15:00Z,900,true,1.202150,0.833967,0.873896,0.939199
N20261213-S038,N20261213,2026-12-14T14:30:00Z,900,true,1.183658,0.824092,0.858488,0.940041
N20261213-S039,N20261213,2026-12-14T14:45:00Z,900,true,1.170712,0.825850,0.861210,0.941186
N20261213-S040,N20261213,2026-12-14T15:00:00Z,900,true,1.232677,0.845370,0.855019,0.965740
N20261214-S001,N20261214,2026-12-15T05:15:00Z,900,true,1.257868,0.828099,0.957645,0.944332
N20261214-S002,N20261214,2026-12-15T05:30:00Z,900,true,1.240760,0.823172,0.945394,0.992255
N20261214-S003,N20261214,2026-12-15T05:45:00Z,900,true,1.231988,0.828970,0.967679,0.971978
N20261214-S004,N20261214,2026-12-15T06:00:00Z,900,true,1.272496,0.823883,0.940443,0.957073
N20261214-S005,N20261214,2026-12-15T06:15:00Z,900,true,1.233074,0.825533,0.899239,0.918265
N20261214-S006,N20261214,2026-12-15T06:30:00Z,900,true,1.246243,0.817207,0.877723,0.927705
N20261214-S007,N20261214,2026-12-15T06:45:00Z,900,true,1.228775,0.828420,0.878021,0.996929
N20261214-S008,N20261214,2026-12-15T07:00:00Z,900,true,1.275270,0.837967,0.898139,0.911200
N20261214-S009,N20261214,2026-12-15T07:15:00Z,900,true,1.235227,0.856270,0.879957,0.988675
N20261214-S010,N20261214,2026-12-15T07:30:00Z,900,true,1.212932,0.853301,0.875873,0.980669
N20261214-S011,N20261214,2026-12-15T07:45:00Z,900,true,1.172659,0.847996,0.895236,0.926600
N20261214-S012,N20261214,2026-12-15T08:00:00Z,900,false,,,,
N20261214-S013,N20261214,2026-12-15T08:15:00Z,900,true,1.186860,0.832079,0.920441,0.935741
N20261214-S014,N20261214,2026-12-15T08:30:00Z,900,true,1.213431,0.836774,0.933891,0.928256
N20261214-S015,N20261214,2026-12-15T08:45:00Z,900,true,1.248993,0.832024,0.958612,0.993324
N20261214-S016,N20261214,2026-12-15T09:00:00Z,900,true,1.214225,0.822978,0.929549,0.909597
N20261214-S017,N20261214,2026-12-15T09:15:00Z,900,true,1.202364,0.826149,0.882252,0.998825
N20261214-S018,N20261214,2026-12-15T09:30:00Z,900,true,1.163089,0.848284,0.910769,0.917626
N20261214-S019,N20261214,2026-12-15T09:45:00Z,900,true,1.152761,0.836751,0.887496,0.909957
N20261214-S020,N20261214,2026-12-15T10:00:00Z,900,true,1.130828,0.840977,0.886283,0.965100
N20261214-S021,N20261214,2026-12-15T10:15:00Z,900,true,1.136575,0.818950,0.856575,0.964924
N20261214-S022,N20261214,2026-12-15T10:30:00Z,900,true,1.151071,0.828074,0.838104,0.946048
N20261214-S023,N20261214,2026-12-15T10:45:00Z,900,true,1.144347,0.817398,0.844096,0.990651
N20261214-S024,N20261214,2026-12-15T11:00:00Z,900,true,1.202708,0.816342,0.821848,0.940213
N20261214-S025,N20261214,2026-12-15T11:15:00Z,900,true,1.241129,0.823504,0.807124,0.931514
N20261214-S026,N20261214,2026-12-15T11:30:00Z,900,true,1.198993,0.838615,0.853307,0.943396
N20261214-S027,N20261214,2026-12-15T11:45:00Z,900,true,1.243679,0.861348,0.873213,0.937745
N20261214-S028,N20261214,2026-12-15T12:00:00Z,900,true,1.285045,0.822207,0.883231,0.963274
N20261214-S029,N20261214,2026-12-15T12:15:00Z,900,true,1.309356,0.825432,0.857024,0.908167
N20261214-S030,N20261214,2026-12-15T12:30:00Z,900,true,1.282668,0.817646,0.861414,0.964487
N20261214-S031,N20261214,2026-12-15T12:45:00Z,900,true,1.298860,0.813980,0.866229,0.919378
N20261214-S032,N20261214,2026-12-15T13:00:00Z,900,true,1.256028,0.813672,0.885318,0.966754
N20261214-S033,N20261214,2026-12-15T13:15:00Z,900,true,1.228824,0.825562,0.901618,0.920077
N20261214-S034,N20261214,2026-12-15T13:30:00Z,900,true,1.240352,0.833142,0.920189,0.962522
N20261214-S035,N20261214,2026-12-15T13:45:00Z,900,true,1.242093,0.831182,0.917158,0.944266
N20261214-S036,N20261214,2026-12-15T14:00:00Z,900,true,1.185264,0.840472,0.914828,0.909620
N20261214-S037,N20261214,2026-12-15T14:15:00Z,900,true,1.162846,0.839006,0.945308,0.924687
N20261214-S038,N20261214,2026-12-15T14:30:00Z,900,true,1.201338,0.824248,0.915897,0.940488
N20261214-S039,N20261214,2026-12-15T14:45:00Z,900,true,1.156227,0.825137,0.908572,0.932695
N20261214-S040,N20261214,2026-12-15T15:00:00Z,900,true,1.163611,0.824879,0.912259,0.900081
N20261214-S041,N20261214,2026-12-15T15:15:00Z,900,true,1.172412,0.815036,0.914841,0.916180
N20261215-S001,N20261215,2026-12-16T05:15:00Z,900,false,,,,
N20261215-S002,N20261215,2026-12-16T05:30:00Z,900,false,,,,
N20261215-S003,N20261215,2026-12-16T05:45:00Z,900,false,,,,
N20261215-S004,N20261215,2026-12-16T06:00:00Z,900,false,,,,
N20261215-S005,N20261215,2026-12-16T06:15:00Z,900,false,,,,
N20261215-S006,N20261215,2026-12-16T06:30:00Z,900,false,,,,
N20261215-S007,N20261215,2026-12-16T06:45:00Z,900,false,,,,
N20261215-S008,N20261215,2026-12-16T07:00:00Z,900,false,,,,
N20261215-S009,N20261215,2026-12-16T07:15:00Z,900,false,,,,
N20261215-S010,N20261215,2026-12-16T07:30:00Z,900,false,,,,
N20261215-S011,N20261215,2026-12-16T07:45:00Z,900,false,,,,
N20261215-S012,N20261215,2026-12-16T08:00:00Z,900,false,,,,
N20261215-S013,N20261215,2026-12-16T08:15:00Z,900,false,,,,
N20261215-S014,N20261215,2026-12-16T08:30:00Z,900,false,,,,
N20261215-S015,N20261215,2026-12-16T08:45:00Z,900,false,,,,
N20261215-S016,N20261215,2026-12-16T09:00:00Z,900,false,,,,
N20261215-S017,N20261215,2026-12-16T09:15:00Z,900,true,1.202799,0.815528,0.898186,0.987282
N20261215-S018,N20261215,2026-12-16T09:30:00Z,900,true,1.201456,0.808477,0.886005,0.951304
N20261215-S019,N20261215,2026-12-16T09:45:00Z,900,true,1.269701,0.787907,0.871931,0.933871
N20261215-S020,N20261215,2026-12-16T10:00:00Z,900,true,1.265976,0.803217,0.873032,0.909056
N20261215-S021,N20261215,2026-12-16T10:15:00Z,900,true,1.294617,0.804858,0.902249,0.933895
N20261215-S022,N20261215,2026-12-16T10:30:00Z,900,true,1.259013,0.813244,0.894610,0.953202
N20261215-S023,N20261215,2026-12-16T10:45:00Z,900,true,1.273566,0.798216,0.922807,0.940345
N20261215-S024,N20261215,2026-12-16T11:00:00Z,900,true,1.247082,0.792858,0.932114,0.939155
N20261215-S025,N20261215,2026-12-16T11:15:00Z,900,true,1.296485,0.806140,0.896103,0.990440
N20261215-S026,N20261215,2026-12-16T11:30:00Z,900,true,1.245089,0.823686,0.891824,0.948375
N20261215-S027,N20261215,2026-12-16T11:45:00Z,900,true,1.237713,0.842810,0.889930,0.950450
N20261215-S028,N20261215,2026-12-16T12:00:00Z,900,true,1.221097,0.843766,0.858358,0.904734
N20261215-S029,N20261215,2026-12-16T12:15:00Z,900,true,1.254990,0.821999,0.877129,0.984909
N20261215-S030,N20261215,2026-12-16T12:30:00Z,900,true,1.253106,0.837253,0.872757,0.929526
N20261215-S031,N20261215,2026-12-16T12:45:00Z,900,true,1.265350,0.826653,0.919060,0.968117
N20261215-S032,N20261215,2026-12-16T13:00:00Z,900,true,1.285403,0.826909,0.932821,0.929657
N20261215-S033,N20261215,2026-12-16T13:15:00Z,900,true,1.291400,0.816407,0.939099,0.910122
N20261215-S034,N20261215,2026-12-16T13:30:00Z,900,true,1.289088,0.811017,0.927684,0.957927
N20261215-S035,N20261215,2026-12-16T13:45:00Z,900,true,1.289914,0.833665,0.901250,0.918057
N20261215-S036,N20261215,2026-12-16T14:00:00Z,900,true,1.277644,0.837497,0.859645,0.971654
N20261215-S037,N20261215,2026-12-16T14:15:00Z,900,true,1.308228,0.821995,0.886263,0.989384
N20261215-S038,N20261215,2026-12-16T14:30:00Z,900,true,1.277228,0.838211,0.893073,0.953252
N20261215-S039,N20261215,2026-12-16T14:45:00Z,900,true,1.263779,0.821913,0.894791,0.962870
N20261215-S040,N20261215,2026-12-16T15:00:00Z,900,true,1.250534,0.834520,0.899353,0.974066
N20261215-S041,N20261215,2026-12-16T15:15:00Z,900,true,1.273741,0.835821,0.870213,0.964847
N20261216-S001,N20261216,2026-12-17T05:15:00Z,900,true,1.238956,0.847418,0.932506,0.936590
N20261216-S002,N20261216,2026-12-17T05:30:00Z,900,true,1.251223,0.831927,0.932725,0.929801
N20261216-S003,N20261216,2026-12-17T05:45:00Z,900,true,1.180793,0.821456,0.908975,0.963035
N20261216-S004,N20261216,2026-12-17T06:00:00Z,900,true,1.178661,0.838176,0.918721,0.956674
N20261216-S005,N20261216,2026-12-17T06:15:00Z,900,true,1.136685,0.850365,0.922943,0.941319
N20261216-S006,N20261216,2026-12-17T06:30:00Z,900,true,1.150827,0.861487,0.909995,0.911430
N20261216-S007,N20261216,2026-12-17T06:45:00Z,900,true,1.126861,0.842144,0.912138,0.964116
N20261216-S008,N20261216,2026-12-17T07:00:00Z,900,true,1.124887,0.845666,0.904409,0.954228
N20261216-S009,N20261216,2026-12-17T07:15:00Z,900,true,1.170536,0.835926,0.921111,0.987768
N20261216-S010,N20261216,2026-12-17T07:30:00Z,900,true,1.174375,0.846025,0.916851,0.949973
N20261216-S011,N20261216,2026-12-17T07:45:00Z,900,true,1.202454,0.852746,0.931270,0.987325
N20261216-S012,N20261216,2026-12-17T08:00:00Z,900,true,1.182272,0.875887,0.931764,0.960492
N20261216-S013,N20261216,2026-12-17T08:15:00Z,900,true,1.214584,0.882804,0.924163,0.923440
N20261216-S014,N20261216,2026-12-17T08:30:00Z,900,true,1.231321,0.892412,0.931502,0.985677
N20261216-S015,N20261216,2026-12-17T08:45:00Z,900,true,1.256980,0.888976,0.914891,0.930533
N20261216-S016,N20261216,2026-12-17T09:00:00Z,900,true,1.230962,0.883290,0.945812,0.913717
N20261216-S017,N20261216,2026-12-17T09:15:00Z,900,true,1.234424,0.876960,0.948935,0.951462
N20261216-S018,N20261216,2026-12-17T09:30:00Z,900,true,1.263788,0.884290,0.955576,0.978586
N20261216-S019,N20261216,2026-12-17T09:45:00Z,900,true,1.271605,0.873080,0.954157,0.939517
N20261216-S020,N20261216,2026-12-17T10:00:00Z,900,true,1.225599,0.886252,0.950613,0.902499
N20261216-S021,N20261216,2026-12-17T10:15:00Z,900,true,1.189839,0.882708,0.959534,0.900202
N20261216-S022,N20261216,2026-12-17T10:30:00Z,900,true,1.192929,0.872635,0.945576,0.953906
N20261216-S023,N20261216,2026-12-17T10:45:00Z,900,true,1.154345,0.877380,0.976988,0.986651
N20261216-S024,N20261216,2026-12-17T11:00:00Z,900,true,1.269489,0.878403,0.973944,0.902271
N20261216-S025,N20261216,2026-12-17T11:15:00Z,900,true,1.288758,0.877899,0.948957,0.980177
N20261216-S026,N20261216,2026-12-17T11:30:00Z,900,true,1.310934,0.870081,0.931557,0.917439
N20261216-S027,N20261216,2026-12-17T11:45:00Z,900,true,1.309378,0.853466,0.937614,0.904449
N20261216-S028,N20261216,2026-12-17T12:00:00Z,900,true,1.245370,0.861265,0.953162,0.951321
N20261216-S029,N20261216,2026-12-17T12:15:00Z,900,true,1.264274,0.883544,0.941690,0.928260
N20261216-S030,N20261216,2026-12-17T12:30:00Z,900,true,1.326736,0.887053,0.933615,0.903181
N20261216-S031,N20261216,2026-12-17T12:45:00Z,900,true,1.299821,0.896148,0.945843,0.912446
N20261216-S032,N20261216,2026-12-17T13:00:00Z,900,true,1.286533,0.893638,0.947097,0.917060
N20261216-S033,N20261216,2026-12-17T13:15:00Z,900,true,1.248491,0.898939,0.933945,0.937580
N20261216-S034,N20261216,2026-12-17T13:30:00Z,900,true,1.279616,0.905424,0.956479,0.901858
N20261216-S035,N20261216,2026-12-17T13:45:00Z,900,true,1.284548,0.891225,0.941014,0.991257
N20261216-S036,N20261216,2026-12-17T14:00:00Z,900,true,1.290856,0.873038,0.938886,0.990456
N20261216-S037,N20261216,2026-12-17T14:15:00Z,900,true,1.258466,0.868333,0.943066,0.987483
N20261216-S038,N20261216,2026-12-17T14:30:00Z,900,true,1.253715,0.885229,0.937390,0.928170
N20261216-S039,N20261216,2026-12-17T14:45:00Z,900,true,1.269196,0.873043,0.942184,0.960843
N20261216-S040,N20261216,2026-12-17T15:00:00Z,900,true,1.244547,0.857984,0.951160,0.980710
N20261216-S041,N20261216,2026-12-17T15:15:00Z,900,true,1.236415,0.826474,0.963016,0.949606
N20261217-S001,N20261217,2026-12-18T05:15:00Z,900,true,1.114425,0.927195,0.847926,0.975816
N20261217-S002,N20261217,2026-12-18T05:30:00Z,900,true,1.119141,0.918284,0.809881,0.984432
N20261217-S003,N20261217,2026-12-18T05:45:00Z,900,true,1.097834,0.915262,0.837162,0.939166
N20261217-S004,N20261217,2026-12-18T06:00:00Z,900,true,1.117017,0.916341,0.854692,0.993109
N20261217-S005,N20261217,2026-12-18T06:15:00Z,900,true,1.141701,0.913930,0.842373,0.963558
N20261217-S006,N20261217,2026-12-18T06:30:00Z,900,true,1.147007,0.889737,0.860002,0.951169
N20261217-S007,N20261217,2026-12-18T06:45:00Z,900,true,1.117880,0.883506,0.830013,0.992584
N20261217-S008,N20261217,2026-12-18T07:00:00Z,900,true,1.092430,0.886804,0.813287,0.929378
N20261217-S009,N20261217,2026-12-18T07:15:00Z,900,true,1.108349,0.889061,0.780707,0.904197
N20261217-S010,N20261217,2026-12-18T07:30:00Z,900,true,1.082462,0.882151,0.796533,0.944169
N20261217-S011,N20261217,2026-12-18T07:45:00Z,900,true,1.134275,0.859156,0.790230,0.908811
N20261217-S012,N20261217,2026-12-18T08:00:00Z,900,true,1.075569,0.854269,0.833667,0.959025
N20261217-S013,N20261217,2026-12-18T08:15:00Z,900,true,1.053017,0.878168,0.836928,0.963871
N20261217-S014,N20261217,2026-12-18T08:30:00Z,900,true,1.054853,0.887041,0.853845,0.932706
N20261217-S015,N20261217,2026-12-18T08:45:00Z,900,true,1.125409,0.907593,0.871685,0.964451
N20261217-S016,N20261217,2026-12-18T09:00:00Z,900,true,1.106987,0.908357,0.878922,0.950920
N20261217-S017,N20261217,2026-12-18T09:15:00Z,900,true,1.117992,0.909695,0.874713,0.905768
N20261217-S018,N20261217,2026-12-18T09:30:00Z,900,true,1.148691,0.883734,0.877310,0.937776
N20261217-S019,N20261217,2026-12-18T09:45:00Z,900,true,1.167396,0.886518,0.877973,0.992552
N20261217-S020,N20261217,2026-12-18T10:00:00Z,900,true,1.200809,0.899649,0.890239,0.906787
N20261217-S021,N20261217,2026-12-18T10:15:00Z,900,true,1.196210,0.896706,0.873867,0.911353
N20261217-S022,N20261217,2026-12-18T10:30:00Z,900,true,1.169805,0.885772,0.875875,0.978497
N20261217-S023,N20261217,2026-12-18T10:45:00Z,900,true,1.188780,0.872690,0.903063,0.999139
N20261217-S024,N20261217,2026-12-18T11:00:00Z,900,true,1.190980,0.882160,0.907353,0.992815
N20261217-S025,N20261217,2026-12-18T11:15:00Z,900,true,1.181111,0.897561,0.906998,0.980473
N20261217-S026,N20261217,2026-12-18T11:30:00Z,900,true,1.163536,0.884608,0.916942,0.937433
N20261217-S027,N20261217,2026-12-18T11:45:00Z,900,true,1.172624,0.879741,0.936533,0.974410
N20261217-S028,N20261217,2026-12-18T12:00:00Z,900,true,1.205662,0.876775,0.918896,0.924557
N20261217-S029,N20261217,2026-12-18T12:15:00Z,900,true,1.172866,0.874656,0.895148,0.997498
N20261217-S030,N20261217,2026-12-18T12:30:00Z,900,true,1.150668,0.878003,0.905387,0.909457
N20261217-S031,N20261217,2026-12-18T12:45:00Z,900,true,1.131049,0.891673,0.881273,0.982227
N20261217-S032,N20261217,2026-12-18T13:00:00Z,900,true,1.136880,0.890746,0.874286,0.987325
N20261217-S033,N20261217,2026-12-18T13:15:00Z,900,true,1.172461,0.894159,0.838200,0.989643
N20261217-S034,N20261217,2026-12-18T13:30:00Z,900,true,1.176145,0.900031,0.843236,0.937203
N20261217-S035,N20261217,2026-12-18T13:45:00Z,900,true,1.131899,0.892277,0.841490,0.952038
N20261217-S036,N20261217,2026-12-18T14:00:00Z,900,true,1.100399,0.902686,0.847546,0.900670
N20261217-S037,N20261217,2026-12-18T14:15:00Z,900,true,1.135882,0.907267,0.801013,0.969010
N20261217-S038,N20261217,2026-12-18T14:30:00Z,900,true,1.099338,0.902661,0.798989,0.969756
N20261217-S039,N20261217,2026-12-18T14:45:00Z,900,true,1.075750,0.892381,0.807445,0.996744
N20261217-S040,N20261217,2026-12-18T15:00:00Z,900,true,1.100292,0.917683,0.787647,0.924103
N20261217-S041,N20261217,2026-12-18T15:15:00Z,900,true,1.160546,0.926889,0.818761,0.921098
N20261218-S001,N20261218,2026-12-19T05:15:00Z,900,true,1.137801,0.872987,0.844430,0.944550
N20261218-S002,N20261218,2026-12-19T05:30:00Z,900,true,1.184778,0.865513,0.864994,0.984737
N20261218-S003,N20261218,2026-12-19T05:45:00Z,900,true,1.216349,0.883748,0.850242,0.930199
N20261218-S004,N20261218,2026-12-19T06:00:00Z,900,true,1.181310,0.877195,0.831751,0.970235
N20261218-S005,N20261218,2026-12-19T06:15:00Z,900,true,1.141596,0.882212,0.834871,0.903195
N20261218-S006,N20261218,2026-12-19T06:30:00Z,900,true,1.154795,0.891172,0.842500,0.996662
N20261218-S007,N20261218,2026-12-19T06:45:00Z,900,true,1.088197,0.890942,0.833403,0.950639
N20261218-S008,N20261218,2026-12-19T07:00:00Z,900,true,1.096431,0.883956,0.833635,0.927039
N20261218-S009,N20261218,2026-12-19T07:15:00Z,900,true,1.067824,0.880644,0.853827,0.959779
N20261218-S010,N20261218,2026-12-19T07:30:00Z,900,true,1.097881,0.876046,0.842151,0.959948
N20261218-S011,N20261218,2026-12-19T07:45:00Z,900,true,1.065024,0.880473,0.860299,0.934861
N20261218-S012,N20261218,2026-12-19T08:00:00Z,900,true,1.116068,0.861209,0.853283,0.944144
N20261218-S013,N20261218,2026-12-19T08:15:00Z,900,true,1.138187,0.855944,0.844854,0.942315
N20261218-S014,N20261218,2026-12-19T08:30:00Z,900,true,1.074529,0.835220,0.839354,0.974673
N20261218-S015,N20261218,2026-12-19T08:45:00Z,900,true,1.058140,0.848109,0.844849,0.946078
N20261218-S016,N20261218,2026-12-19T09:00:00Z,900,true,0.982398,0.855872,0.840776,0.995516
N20261218-S017,N20261218,2026-12-19T09:15:00Z,900,true,0.974596,0.840635,0.849810,0.920762
N20261218-S018,N20261218,2026-12-19T09:30:00Z,900,true,0.996189,0.850117,0.860442,0.993031
N20261218-S019,N20261218,2026-12-19T09:45:00Z,900,true,0.970263,0.861015,0.847304,0.916109
N20261218-S020,N20261218,2026-12-19T10:00:00Z,900,true,0.999684,0.847789,0.878459,0.934098
N20261218-S021,N20261218,2026-12-19T10:15:00Z,900,true,0.954484,0.848824,0.866056,0.935816
N20261218-S022,N20261218,2026-12-19T10:30:00Z,900,true,0.990560,0.848267,0.853604,0.973778
N20261218-S023,N20261218,2026-12-19T10:45:00Z,900,true,0.969720,0.863267,0.861013,0.989383
N20261218-S024,N20261218,2026-12-19T11:00:00Z,900,true,0.998421,0.868683,0.841372,0.941401
N20261218-S025,N20261218,2026-12-19T11:15:00Z,900,true,1.015415,0.873496,0.835169,0.925120
N20261218-S026,N20261218,2026-12-19T11:30:00Z,900,false,,,,
N20261218-S027,N20261218,2026-12-19T11:45:00Z,900,false,,,,
N20261218-S028,N20261218,2026-12-19T12:00:00Z,900,false,,,,
N20261218-S029,N20261218,2026-12-19T12:15:00Z,900,false,,,,
N20261218-S030,N20261218,2026-12-19T12:30:00Z,900,false,,,,
N20261218-S031,N20261218,2026-12-19T12:45:00Z,900,false,,,,
N20261218-S032,N20261218,2026-12-19T13:00:00Z,900,false,,,,
N20261218-S033,N20261218,2026-12-19T13:15:00Z,900,false,,,,
N20261218-S034,N20261218,2026-12-19T13:30:00Z,900,false,,,,
N20261218-S035,N20261218,2026-12-19T13:45:00Z,900,false,,,,
N20261218-S036,N20261218,2026-12-19T14:00:00Z,900,false,,,,
N20261218-S037,N20261218,2026-12-19T14:15:00Z,900,false,,,,
N20261218-S038,N20261218,2026-12-19T14:30:00Z,900,false,,,,
N20261218-S039,N20261218,2026-12-19T14:45:00Z,900,false,,,,
N20261218-S040,N20261218,2026-12-19T15:00:00Z,900,false,,,,
N20261218-S041,N20261218,2026-12-19T15:15:00Z,900,false,,,,
N20261219-S001,N20261219,2026-12-20T05:15:00Z,900,false,,,,
N20261219-S002,N20261219,2026-12-20T05:30:00Z,900,false,,,,
N20261219-S003,N20261219,2026-12-20T05:45:00Z,900,false,,,,
N20261219-S004,N20261219,2026-12-20T06:00:00Z,900,false,,,,
N20261219-S005,N20261219,2026-12-20T06:15:00Z,900,false,,,,
N20261219-S006,N20261219,2026-12-20T06:30:00Z,900,false,,,,
N20261219-S007,N20261219,2026-12-20T06:45:00Z,900,false,,,,
N20261219-S008,N20261219,2026-12-20T07:00:00Z,900,false,,,,
N20261219-S009,N20261219,2026-12-20T07:15:00Z,900,false,,,,
N20261219-S010,N20261219,2026-12-20T07:30:00Z,900,false,,,,
N20261219-S011,N20261219,2026-12-20T07:45:00Z,900,false,,,,
N20261219-S012,N20261219,2026-12-20T08:00:00Z,900,false,,,,
N20261219-S013,N20261219,2026-12-20T08:15:00Z,900,false,,,,
N20261219-S014,N20261219,2026-12-20T08:30:00Z,900,false,,,,
N20261219-S015,N20261219,2026-12-20T08:45:00Z,900,false,,,,
N20261219-S016,N20261219,2026-12-20T09:00:00Z,900,true,1.187112,0.931370,0.752517,0.996921
N20261219-S017,N20261219,2026-12-20T09:15:00Z,900,true,1.194781,0.921737,0.787708,0.974937
N20261219-S018,N20261219,2026-12-20T09:30:00Z,900,true,1.207951,0.913378,0.807584,0.968579
N20261219-S019,N20261219,2026-12-20T09:45:00Z,900,true,1.193963,0.888796,0.807184,0.907138
N20261219-S020,N20261219,2026-12-20T10:00:00Z,900,true,1.186384,0.866100,0.807297,0.941874
N20261219-S021,N20261219,2026-12-20T10:15:00Z,900,true,1.236369,0.868083,0.794217,0.953463
N20261219-S022,N20261219,2026-12-20T10:30:00Z,900,true,1.219291,0.872057,0.778120,0.982843
N20261219-S023,N20261219,2026-12-20T10:45:00Z,900,true,1.230436,0.908918,0.808203,0.986021
N20261219-S024,N20261219,2026-12-20T11:00:00Z,900,true,1.188277,0.927256,0.829251,0.962315
N20261219-S025,N20261219,2026-12-20T11:15:00Z,900,true,1.185164,0.923468,0.783017,0.986904
N20261219-S026,N20261219,2026-12-20T11:30:00Z,900,true,1.150475,0.919400,0.780921,0.914698
N20261219-S027,N20261219,2026-12-20T11:45:00Z,900,true,1.201468,0.917951,0.784636,0.916644
N20261219-S028,N20261219,2026-12-20T12:00:00Z,900,true,1.181206,0.905271,0.782152,0.995111
N20261219-S029,N20261219,2026-12-20T12:15:00Z,900,true,1.165085,0.889906,0.769788,0.906502
N20261219-S030,N20261219,2026-12-20T12:30:00Z,900,true,1.162385,0.910922,0.757877,0.901524
N20261219-S031,N20261219,2026-12-20T12:45:00Z,900,true,1.214241,0.904420,0.753013,0.903854
N20261219-S032,N20261219,2026-12-20T13:00:00Z,900,true,1.235378,0.905114,0.750317,0.955620
N20261219-S033,N20261219,2026-12-20T13:15:00Z,900,true,1.237597,0.908522,0.790744,0.983387
N20261219-S034,N20261219,2026-12-20T13:30:00Z,900,true,1.224477,0.890105,0.780087,0.935398
N20261219-S035,N20261219,2026-12-20T13:45:00Z,900,true,1.241118,0.879420,0.793314,0.971399
N20261219-S036,N20261219,2026-12-20T14:00:00Z,900,true,1.194056,0.887294,0.775435,0.977468
N20261219-S037,N20261219,2026-12-20T14:15:00Z,900,true,1.232345,0.878945,0.753628,0.951591
N20261219-S038,N20261219,2026-12-20T14:30:00Z,900,true,1.198200,0.893586,0.750724,0.971168
N20261219-S039,N20261219,2026-12-20T14:45:00Z,900,true,1.133581,0.885039,0.786567,0.900850
N20261219-S040,N20261219,2026-12-20T15:00:00Z,900,true,1.119226,0.898172,0.793558,0.916090
N20261219-S041,N20261219,2026-12-20T15:15:00Z,900,true,1.119498,0.896016,0.796731,0.965370
N20261220-S001,N20261220,2026-12-21T05:15:00Z,900,true,1.172681,0.949121,0.896991,0.929948
N20261220-S002,N20261220,2026-12-21T05:30:00Z,900,true,1.189418,0.952890,0.869831,0.904297
N20261220-S003,N20261220,2026-12-21T05:45:00Z,900,true,1.276108,0.963590,0.888922,0.924286
N20261220-S004,N20261220,2026-12-21T06:00:00Z,900,true,1.239433,0.954100,0.885278,0.973626
N20261220-S005,N20261220,2026-12-21T06:15:00Z,900,true,1.263937,0.963362,0.909114,0.944330
N20261220-S006,N20261220,2026-12-21T06:30:00Z,900,true,1.268638,0.949194,0.898267,0.963362
N20261220-S007,N20261220,2026-12-21T06:45:00Z,900,true,1.253955,0.966299,0.873070,0.979649
N20261220-S008,N20261220,2026-12-21T07:00:00Z,900,true,1.259525,0.966456,0.863974,0.928817
N20261220-S009,N20261220,2026-12-21T07:15:00Z,900,true,1.238997,0.946289,0.845808,0.993261
N20261220-S010,N20261220,2026-12-21T07:30:00Z,900,true,1.284035,0.951196,0.848211,0.964346
N20261220-S011,N20261220,2026-12-21T07:45:00Z,900,true,1.242683,0.930736,0.877057,0.987350
N20261220-S012,N20261220,2026-12-21T08:00:00Z,900,true,1.158437,0.940581,0.892356,0.990176
N20261220-S013,N20261220,2026-12-21T08:15:00Z,900,true,1.161140,0.947751,0.879130,0.950007
N20261220-S014,N20261220,2026-12-21T08:30:00Z,900,true,1.164808,0.945347,0.863858,0.995910
N20261220-S015,N20261220,2026-12-21T08:45:00Z,900,true,1.223904,0.948957,0.865208,0.980934
N20261220-S016,N20261220,2026-12-21T09:00:00Z,900,true,1.200549,0.947993,0.885294,0.942211
N20261220-S017,N20261220,2026-12-21T09:15:00Z,900,true,1.249843,0.947640,0.859479,0.965821
N20261220-S018,N20261220,2026-12-21T09:30:00Z,900,true,1.270628,0.946793,0.861140,0.963867
N20261220-S019,N20261220,2026-12-21T09:45:00Z,900,true,1.252926,0.950437,0.858138,0.901095
N20261220-S020,N20261220,2026-12-21T10:00:00Z,900,true,1.265386,0.965770,0.888863,0.961661
N20261220-S021,N20261220,2026-12-21T10:15:00Z,900,true,1.282437,0.956598,0.912368,0.966698
N20261220-S022,N20261220,2026-12-21T10:30:00Z,900,true,1.262983,0.942527,0.887456,0.942420
N20261220-S023,N20261220,2026-12-21T10:45:00Z,900,true,1.287079,0.936710,0.892900,0.961770
N20261220-S024,N20261220,2026-12-21T11:00:00Z,900,true,1.280022,0.927083,0.896146,0.914574
N20261220-S025,N20261220,2026-12-21T11:15:00Z,900,true,1.219134,0.926230,0.897692,0.926723
N20261220-S026,N20261220,2026-12-21T11:30:00Z,900,true,1.159918,0.921053,0.903101,0.969709
N20261220-S027,N20261220,2026-12-21T11:45:00Z,900,true,1.150081,0.938631,0.891126,0.991948
N20261220-S028,N20261220,2026-12-21T12:00:00Z,900,true,1.129184,0.921317,0.844244,0.986003
N20261220-S029,N20261220,2026-12-21T12:15:00Z,900,true,1.141065,0.930193,0.873733,0.946186
N20261220-S030,N20261220,2026-12-21T12:30:00Z,900,true,1.143567,0.916202,0.887831,0.943324
N20261220-S031,N20261220,2026-12-21T12:45:00Z,900,false,,,,
N20261220-S032,N20261220,2026-12-21T13:00:00Z,900,false,,,,
N20261220-S033,N20261220,2026-12-21T13:15:00Z,900,true,1.156647,0.913493,0.837210,0.964302
N20261220-S034,N20261220,2026-12-21T13:30:00Z,900,true,1.215747,0.900265,0.864037,0.975641
N20261220-S035,N20261220,2026-12-21T13:45:00Z,900,true,1.227574,0.904498,0.876557,0.986880
N20261220-S036,N20261220,2026-12-21T14:00:00Z,900,true,1.211182,0.907736,0.871695,0.941355
N20261220-S037,N20261220,2026-12-21T14:15:00Z,900,true,1.241252,0.922207,0.871437,0.932295
N20261220-S038,N20261220,2026-12-21T14:30:00Z,900,true,1.259800,0.931094,0.855140,0.942588
N20261220-S039,N20261220,2026-12-21T14:45:00Z,900,true,1.300647,0.927885,0.827239,0.928598
N20261220-S040,N20261220,2026-12-21T15:00:00Z,900,true,1.268290,0.925658,0.797801,0.949291
N20261220-S041,N20261220,2026-12-21T15:15:00Z,900,true,1.266123,0.937272,0.815609,0.973013
N20261221-S001,N20261221,2026-12-22T05:15:00Z,900,true,1.211544,0.984132,0.903009,0.930525
N20261221-S002,N20261221,2026-12-22T05:30:00Z,900,true,1.185129,0.967142,0.919774,0.905181
N20261221-S003,N20261221,2026-12-22T05:45:00Z,900,true,1.197862,0.977410,0.939317,0.960045
N20261221-S004,N20261221,2026-12-22T06:00:00Z,900,true,1.201078,0.970808,0.953070,0.921807
N20261221-S005,N20261221,2026-12-22T06:15:00Z,900,true,1.196052,0.965359,0.957236,0.954609
N20261221-S006,N20261221,2026-12-22T06:30:00Z,900,true,1.175576,0.970687,0.922625,0.988319
N20261221-S007,N20261221,2026-12-22T06:45:00Z,900,true,1.204797,0.956924,0.910792,0.961320
N20261221-S008,N20261221,2026-12-22T07:00:00Z,900,true,1.192898,0.964486,0.932493,0.927344
N20261221-S009,N20261221,2026-12-22T07:15:00Z,900,true,1.165991,0.971489,0.923033,0.916606
N20261221-S010,N20261221,2026-12-22T07:30:00Z,900,true,1.146800,0.963551,0.928857,0.945103
N20261221-S011,N20261221,2026-12-22T07:45:00Z,900,true,1.107431,0.973722,0.921228,0.968369
N20261221-S012,N20261221,2026-12-22T08:00:00Z,900,true,1.106241,0.979151,0.945249,0.941241
N20261221-S013,N20261221,2026-12-22T08:15:00Z,900,true,1.113888,1.000000,0.954060,0.991488
N20261221-S014,N20261221,2026-12-22T08:30:00Z,900,true,1.120099,0.995536,0.986970,0.937929
N20261221-S015,N20261221,2026-12-22T08:45:00Z,900,true,1.157738,0.978509,0.966346,0.979952
N20261221-S016,N20261221,2026-12-22T09:00:00Z,900,true,1.149173,0.978726,0.975260,0.952685
N20261221-S017,N20261221,2026-12-22T09:15:00Z,900,true,1.173351,0.990721,0.957150,0.933925
N20261221-S018,N20261221,2026-12-22T09:30:00Z,900,true,1.172764,0.981822,0.968187,0.948367
N20261221-S019,N20261221,2026-12-22T09:45:00Z,900,true,1.236820,0.982022,0.947905,0.909246
N20261221-S020,N20261221,2026-12-22T10:00:00Z,900,true,1.256269,0.964848,0.938272,0.954199
N20261221-S021,N20261221,2026-12-22T10:15:00Z,900,true,1.188760,0.979077,0.921763,0.993884
N20261221-S022,N20261221,2026-12-22T10:30:00Z,900,true,1.174645,0.997856,0.886837,0.966252
N20261221-S023,N20261221,2026-12-22T10:45:00Z,900,true,1.154054,0.982450,0.890772,0.911758
N20261221-S024,N20261221,2026-12-22T11:00:00Z,900,true,1.104637,0.976545,0.874974,0.918301
N20261221-S025,N20261221,2026-12-22T11:15:00Z,900,true,1.088840,0.970241,0.864731,0.951783
N20261221-S026,N20261221,2026-12-22T11:30:00Z,900,true,1.157121,0.981247,0.890542,0.937688
N20261221-S027,N20261221,2026-12-22T11:45:00Z,900,true,1.155107,0.958854,0.895849,0.978373
N20261221-S028,N20261221,2026-12-22T12:00:00Z,900,true,1.152214,0.966991,0.878978,0.988736
N20261221-S029,N20261221,2026-12-22T12:15:00Z,900,true,1.151549,0.974724,0.881536,0.986122
N20261221-S030,N20261221,2026-12-22T12:30:00Z,900,true,1.116528,0.984929,0.860121,0.985937
N20261221-S031,N20261221,2026-12-22T12:45:00Z,900,true,1.100839,0.982774,0.871176,0.970512
N20261221-S032,N20261221,2026-12-22T13:00:00Z,900,true,1.097749,0.987241,0.889279,0.918973
N20261221-S033,N20261221,2026-12-22T13:15:00Z,900,true,1.112812,0.974603,0.899153,0.934939
N20261221-S034,N20261221,2026-12-22T13:30:00Z,900,true,1.079986,0.991093,0.901824,0.987542
N20261221-S035,N20261221,2026-12-22T13:45:00Z,900,true,1.099428,1.000000,0.924728,0.918480
N20261221-S036,N20261221,2026-12-22T14:00:00Z,900,true,1.106007,0.983394,0.941955,0.975299
N20261221-S037,N20261221,2026-12-22T14:15:00Z,900,true,1.162781,0.965435,0.917804,0.939234
N20261221-S038,N20261221,2026-12-22T14:30:00Z,900,true,1.140262,0.958253,0.908083,0.919516
N20261221-S039,N20261221,2026-12-22T14:45:00Z,900,true,1.145763,0.964623,0.893331,0.970068
N20261221-S040,N20261221,2026-12-22T15:00:00Z,900,true,1.160293,0.959726,0.898704,0.964820
N20261221-S041,N20261221,2026-12-22T15:15:00Z,900,true,1.141895,0.966593,0.912246,0.915680
N20261222-S001,N20261222,2026-12-23T05:15:00Z,900,true,1.141239,0.895237,1.058659,0.987690
N20261222-S002,N20261222,2026-12-23T05:30:00Z,900,true,1.127700,0.901938,1.076029,0.983456
N20261222-S003,N20261222,2026-12-23T05:45:00Z,900,true,1.023715,0.900128,1.095513,0.945346
N20261222-S004,N20261222,2026-12-23T06:00:00Z,900,true,1.043684,0.904334,1.094049,0.969756
N20261222-S005,N20261222,2026-12-23T06:15:00Z,900,false,,,,
N20261222-S006,N20261222,2026-12-23T06:30:00Z,900,false,,,,
N20261222-S007,N20261222,2026-12-23T06:45:00Z,900,true,1.071766,0.890080,1.057250,0.940606
N20261222-S008,N20261222,2026-12-23T07:00:00Z,900,true,1.082186,0.865691,1.076154,0.978270
N20261222-S009,N20261222,2026-12-23T07:15:00Z,900,true,1.084453,0.874286,1.060433,0.925333
N20261222-S010,N20261222,2026-12-23T07:30:00Z,900,true,1.084569,0.866138,1.051824,0.967929
N20261222-S011,N20261222,2026-12-23T07:45:00Z,900,true,1.134311,0.864977,1.054690,0.907864
N20261222-S012,N20261222,2026-12-23T08:00:00Z,900,true,1.143244,0.871368,1.055467,0.959582
N20261222-S013,N20261222,2026-12-23T08:15:00Z,900,true,1.169127,0.863669,1.056583,0.996416
N20261222-S014,N20261222,2026-12-23T08:30:00Z,900,true,1.175867,0.869273,1.047814,0.981194
N20261222-S015,N20261222,2026-12-23T08:45:00Z,900,false,,,,
N20261222-S016,N20261222,2026-12-23T09:00:00Z,900,false,,,,
N20261222-S017,N20261222,2026-12-23T09:15:00Z,900,false,,,,
N20261222-S018,N20261222,2026-12-23T09:30:00Z,900,false,,,,
N20261222-S019,N20261222,2026-12-23T09:45:00Z,900,false,,,,
N20261222-S020,N20261222,2026-12-23T10:00:00Z,900,false,,,,
N20261222-S021,N20261222,2026-12-23T10:15:00Z,900,false,,,,
N20261222-S022,N20261222,2026-12-23T10:30:00Z,900,false,,,,
N20261222-S023,N20261222,2026-12-23T10:45:00Z,900,false,,,,
N20261222-S024,N20261222,2026-12-23T11:00:00Z,900,true,1.170843,0.885232,1.040491,0.971481
N20261222-S025,N20261222,2026-12-23T11:15:00Z,900,true,1.154032,0.888827,1.031239,0.947580
N20261222-S026,N20261222,2026-12-23T11:30:00Z,900,true,1.154668,0.910483,1.020536,0.927812
N20261222-S027,N20261222,2026-12-23T11:45:00Z,900,true,1.138562,0.900967,1.033753,0.968052
N20261222-S028,N20261222,2026-12-23T12:00:00Z,900,true,1.095047,0.895341,1.003947,0.986478
N20261222-S029,N20261222,2026-12-23T12:15:00Z,900,true,1.122277,0.906101,1.020038,0.957288
N20261222-S030,N20261222,2026-12-23T12:30:00Z,900,true,1.122582,0.897277,1.019774,0.949308
N20261222-S031,N20261222,2026-12-23T12:45:00Z,900,true,1.126579,0.904207,1.024533,0.915993
N20261222-S032,N20261222,2026-12-23T13:00:00Z,900,true,1.075242,0.894035,1.015848,0.926850
N20261222-S033,N20261222,2026-12-23T13:15:00Z,900,true,1.077362,0.888708,1.003528,0.902052
N20261222-S034,N20261222,2026-12-23T13:30:00Z,900,true,1.094560,0.906584,0.999747,0.903517
N20261222-S035,N20261222,2026-12-23T13:45:00Z,900,true,1.074906,0.887679,1.019009,0.915989
N20261222-S036,N20261222,2026-12-23T14:00:00Z,900,true,1.110332,0.885701,1.022292,0.957806
N20261222-S037,N20261222,2026-12-23T14:15:00Z,900,true,1.082385,0.911015,1.013621,0.974112
N20261222-S038,N20261222,2026-12-23T14:30:00Z,900,true,1.081999,0.917471,1.006892,0.938414
N20261222-S039,N20261222,2026-12-23T14:45:00Z,900,true,1.089209,0.929091,0.980932,0.967174
N20261222-S040,N20261222,2026-12-23T15:00:00Z,900,true,1.074943,0.909851,0.973882,0.997515
N20261222-S041,N20261222,2026-12-23T15:15:00Z,900,true,1.089659,0.916212,0.983138,0.966672
N20261223-S001,N20261223,2026-12-24T05:15:00Z,900,true,1.181877,0.902155,1.037044,0.932935
N20261223-S002,N20261223,2026-12-24T05:30:00Z,900,true,1.214462,0.898284,1.037135,0.961358
N20261223-S003,N20261223,2026-12-24T05:45:00Z,900,true,1.208778,0.897426,1.027093,0.969544
N20261223-S004,N20261223,2026-12-24T06:00:00Z,900,true,1.233214,0.880660,1.027379,0.921558
N20261223-S005,N20261223,2026-12-24T06:15:00Z,900,true,1.274133,0.886785,1.048106,0.949141
N20261223-S006,N20261223,2026-12-24T06:30:00Z,900,true,1.203941,0.886300,1.033823,0.923852
N20261223-S007,N20261223,2026-12-24T06:45:00Z,900,true,1.201705,0.882386,1.015575,0.924380
N20261223-S008,N20261223,2026-12-24T07:00:00Z,900,true,1.229792,0.888445,1.037522,0.965227
N20261223-S009,N20261223,2026-12-24T07:15:00Z,900,true,1.144208,0.890323,1.016093,0.933750
N20261223-S010,N20261223,2026-12-24T07:30:00Z,900,true,1.163508,0.891406,0.992924,0.935792
N20261223-S011,N20261223,2026-12-24T07:45:00Z,900,true,1.125734,0.891491,1.028421,0.945772
N20261223-S012,N20261223,2026-12-24T08:00:00Z,900,true,1.143162,0.899437,1.039455,0.956767
N20261223-S013,N20261223,2026-12-24T08:15:00Z,900,true,1.138876,0.904282,1.054939,0.941902
N20261223-S014,N20261223,2026-12-24T08:30:00Z,900,true,1.126714,0.903561,1.037138,0.936800
N20261223-S015,N20261223,2026-12-24T08:45:00Z,900,true,1.163743,0.898368,1.034478,0.910274
N20261223-S016,N20261223,2026-12-24T09:00:00Z,900,true,1.137079,0.897634,1.007950,0.973663
N20261223-S017,N20261223,2026-12-24T09:15:00Z,900,true,1.167468,0.893110,1.015417,0.965909
N20261223-S018,N20261223,2026-12-24T09:30:00Z,900,true,1.173621,0.893560,1.028898,0.992469
N20261223-S019,N20261223,2026-12-24T09:45:00Z,900,true,1.229476,0.875036,1.030770,0.945325
N20261223-S020,N20261223,2026-12-24T10:00:00Z,900,true,1.259614,0.863435,1.039893,0.962745
N20261223-S021,N20261223,2026-12-24T10:15:00Z,900,true,1.284039,0.873769,1.030865,0.989699
N20261223-S022,N20261223,2026-12-24T10:30:00Z,900,true,1.248375,0.888845,1.042410,0.906976
N20261223-S023,N20261223,2026-12-24T10:45:00Z,900,true,1.229411,0.906662,1.027931,0.932631
N20261223-S024,N20261223,2026-12-24T11:00:00Z,900,true,1.233580,0.920611,0.986475,0.979450
N20261223-S025,N20261223,2026-12-24T11:15:00Z,900,true,1.211577,0.896121,1.037847,0.996072
N20261223-S026,N20261223,2026-12-24T11:30:00Z,900,true,1.171756,0.899907,1.029433,0.911350
N20261223-S027,N20261223,2026-12-24T11:45:00Z,900,true,1.144988,0.910528,1.029657,0.925973
N20261223-S028,N20261223,2026-12-24T12:00:00Z,900,true,1.139598,0.924170,1.057071,0.938845
N20261223-S029,N20261223,2026-12-24T12:15:00Z,900,true,1.162945,0.919064,1.045686,0.919062
N20261223-S030,N20261223,2026-12-24T12:30:00Z,900,true,1.187389,0.904986,1.031566,0.918930
N20261223-S031,N20261223,2026-12-24T12:45:00Z,900,true,1.160213,0.913248,1.032015,0.992037
N20261223-S032,N20261223,2026-12-24T13:00:00Z,900,true,1.139648,0.932670,1.013445,0.932568
N20261223-S033,N20261223,2026-12-24T13:15:00Z,900,true,1.135522,0.927464,1.027859,0.940746
N20261223-S034,N20261223,2026-12-24T13:30:00Z,900,true,1.179045,0.924703,1.031568,0.919300
N20261223-S035,N20261223,2026-12-24T13:45:00Z,900,true,1.186273,0.931381,1.063405,0.981310
N20261223-S036,N20261223,2026-12-24T14:00:00Z,900,true,1.224956,0.921362,1.056011,0.986542
N20261223-S037,N20261223,2026-12-24T14:15:00Z,900,true,1.203306,0.910019,1.067172,0.977431
N20261223-S038,N20261223,2026-12-24T14:30:00Z,900,false,,,,
N20261223-S039,N20261223,2026-12-24T14:45:00Z,900,false,,,,
N20261223-S040,N20261223,2026-12-24T15:00:00Z,900,false,,,,
N20261223-S041,N20261223,2026-12-24T15:15:00Z,900,false,,,,
N20261224-S001,N20261224,2026-12-25T05:15:00Z,900,false,,,,
N20261224-S002,N20261224,2026-12-25T05:30:00Z,900,false,,,,
N20261224-S003,N20261224,2026-12-25T05:45:00Z,900,false,,,,
N20261224-S004,N20261224,2026-12-25T06:00:00Z,900,false,,,,
N20261224-S005,N20261224,2026-12-25T06:15:00Z,900,false,,,,
N20261224-S006,N20261224,2026-12-25T06:30:00Z,900,false,,,,
N20261224-S007,N20261224,2026-12-25T06:45:00Z,900,true,1.138496,0.851005,0.840489,0.982831
N20261224-S008,N20261224,2026-12-25T07:00:00Z,900,true,1.169563,0.844061,0.838853,0.928912
N20261224-S009,N20261224,2026-12-25T07:15:00Z,900,true,1.211577,0.856843,0.850838,0.906149
N20261224-S010,N20261224,2026-12-25T07:30:00Z,900,true,1.186047,0.840435,0.843700,0.921517
N20261224-S011,N20261224,2026-12-25T07:45:00Z,900,true,1.180483,0.848684,0.832233,0.978028
N20261224-S012,N20261224,2026-12-25T08:00:00Z,900,true,1.173642,0.865143,0.834725,0.965019
N20261224-S013,N20261224,2026-12-25T08:15:00Z,900,true,1.222808,0.848510,0.832290,0.996253
N20261224-S014,N20261224,2026-12-25T08:30:00Z,900,true,1.156053,0.869894,0.846113,0.930454
N20261224-S015,N20261224,2026-12-25T08:45:00Z,900,true,1.192071,0.873824,0.848179,0.921759
N20261224-S016,N20261224,2026-12-25T09:00:00Z,900,true,1.205172,0.873490,0.858382,0.960408
N20261224-S017,N20261224,2026-12-25T09:15:00Z,900,true,1.255969,0.873391,0.848039,0.975759
N20261224-S018,N20261224,2026-12-25T09:30:00Z,900,true,1.216816,0.865689,0.857244,0.971365
N20261224-S019,N20261224,2026-12-25T09:45:00Z,900,true,1.181904,0.881154,0.873846,0.954394
N20261224-S020,N20261224,2026-12-25T10:00:00Z,900,true,1.185864,0.875889,0.883283,0.910421
N20261224-S021,N20261224,2026-12-25T10:15:00Z,900,true,1.192230,0.886975,0.879808,0.912396
N20261224-S022,N20261224,2026-12-25T10:30:00Z,900,true,1.147403,0.881468,0.872721,0.962823
N20261224-S023,N20261224,2026-12-25T10:45:00Z,900,true,1.166456,0.868561,0.892322,0.948875
N20261224-S024,N20261224,2026-12-25T11:00:00Z,900,true,1.172564,0.878174,0.914481,0.935601
N20261224-S025,N20261224,2026-12-25T11:15:00Z,900,true,1.166695,0.891437,0.905855,0.907044
N20261224-S026,N20261224,2026-12-25T11:30:00Z,900,true,1.151156,0.863828,0.929479,0.995976
N20261224-S027,N20261224,2026-12-25T11:45:00Z,900,true,1.187872,0.875280,0.933747,0.956856
N20261224-S028,N20261224,2026-12-25T12:00:00Z,900,true,1.112872,0.898842,0.909540,0.901927
N20261224-S029,N20261224,2026-12-25T12:15:00Z,900,true,1.140387,0.880190,0.924734,0.908488
N20261224-S030,N20261224,2026-12-25T12:30:00Z,900,true,1.089229,0.886975,0.953285,0.984646
N20261224-S031,N20261224,2026-12-25T12:45:00Z,900,true,1.150143,0.899755,0.961137,0.939653
N20261224-S032,N20261224,2026-12-25T13:00:00Z,900,true,1.121020,0.904081,0.960395,0.975108
N20261224-S033,N20261224,2026-12-25T13:15:00Z,900,true,1.160645,0.889687,0.959465,0.964898
N20261224-S034,N20261224,2026-12-25T13:30:00Z,900,true,1.172546,0.883995,0.971096,0.943395
N20261224-S035,N20261224,2026-12-25T13:45:00Z,900,true,1.115547,0.894229,0.949233,0.918556
N20261224-S036,N20261224,2026-12-25T14:00:00Z,900,true,1.171828,0.896594,0.916817,0.991562
N20261224-S037,N20261224,2026-12-25T14:15:00Z,900,true,1.161688,0.909096,0.924343,0.991374
N20261224-S038,N20261224,2026-12-25T14:30:00Z,900,true,1.213497,0.910123,0.917406,0.996586
N20261224-S039,N20261224,2026-12-25T14:45:00Z,900,true,1.191814,0.901753,0.918002,0.921241
N20261224-S040,N20261224,2026-12-25T15:00:00Z,900,true,1.206677,0.905870,0.906920,0.928332
N20261224-S041,N20261224,2026-12-25T15:15:00Z,900,true,1.202867,0.907643,0.913741,0.959490
N20261225-S001,N20261225,2026-12-26T05:15:00Z,900,true,0.938863,0.895462,0.816592,0.941682
N20261225-S002,N20261225,2026-12-26T05:30:00Z,900,true,0.893401,0.892288,0.792236,0.938964
N20261225-S003,N20261225,2026-12-26T05:45:00Z,900,true,0.898316,0.901591,0.803402,0.928054
N20261225-S004,N20261225,2026-12-26T06:00:00Z,900,true,0.932676,0.888189,0.807706,0.985178
N20261225-S005,N20261225,2026-12-26T06:15:00Z,900,true,0.940831,0.877419,0.803001,0.907690
N20261225-S006,N20261225,2026-12-26T06:30:00Z,900,true,0.975211,0.883974,0.796651,0.916376
N20261225-S007,N20261225,2026-12-26T06:45:00Z,900,true,0.960561,0.862148,0.811768,0.936039
N20261225-S008,N20261225,2026-12-26T07:00:00Z,900,true,0.963445,0.837184,0.807648,0.971885
N20261225-S009,N20261225,2026-12-26T07:15:00Z,900,true,0.970430,0.847952,0.825919,0.910114
N20261225-S010,N20261225,2026-12-26T07:30:00Z,900,true,0.927348,0.831187,0.830792,0.967892
N20261225-S011,N20261225,2026-12-26T07:45:00Z,900,true,0.954609,0.826119,0.852118,0.928087
N20261225-S012,N20261225,2026-12-26T08:00:00Z,900,true,0.909373,0.816909,0.825814,0.993075
N20261225-S013,N20261225,2026-12-26T08:15:00Z,900,true,0.948042,0.824910,0.815919,0.979864
N20261225-S014,N20261225,2026-12-26T08:30:00Z,900,true,0.973883,0.838684,0.849724,0.966842
N20261225-S015,N20261225,2026-12-26T08:45:00Z,900,true,0.974392,0.825910,0.848427,0.905846
N20261225-S016,N20261225,2026-12-26T09:00:00Z,900,true,1.040479,0.809569,0.810802,0.980601
N20261225-S017,N20261225,2026-12-26T09:15:00Z,900,true,1.030231,0.807935,0.825310,0.992792
N20261225-S018,N20261225,2026-12-26T09:30:00Z,900,true,0.955333,0.825307,0.813730,0.960798
N20261225-S019,N20261225,2026-12-26T09:45:00Z,900,true,0.917496,0.829344,0.792159,0.986533
N20261225-S020,N20261225,2026-12-26T10:00:00Z,900,true,0.954283,0.832106,0.810445,0.931570
N20261225-S021,N20261225,2026-12-26T10:15:00Z,900,true,0.937835,0.827455,0.836483,0.937966
N20261225-S022,N20261225,2026-12-26T10:30:00Z,900,true,0.948903,0.826683,0.807264,0.978708
N20261225-S023,N20261225,2026-12-26T10:45:00Z,900,true,0.932008,0.821334,0.791428,0.905076
N20261225-S024,N20261225,2026-12-26T11:00:00Z,900,true,0.878711,0.815221,0.781887,0.951971
N20261225-S025,N20261225,2026-12-26T11:15:00Z,900,true,0.816369,0.818055,0.755969,0.951870
N20261225-S026,N20261225,2026-12-26T11:30:00Z,900,false,,,,
N20261225-S027,N20261225,2026-12-26T11:45:00Z,900,false,,,,
N20261225-S028,N20261225,2026-12-26T12:00:00Z,900,false,,,,
N20261225-S029,N20261225,2026-12-26T12:15:00Z,900,false,,,,
N20261225-S030,N20261225,2026-12-26T12:30:00Z,900,false,,,,
N20261225-S031,N20261225,2026-12-26T12:45:00Z,900,false,,,,
N20261225-S032,N20261225,2026-12-26T13:00:00Z,900,false,,,,
N20261225-S033,N20261225,2026-12-26T13:15:00Z,900,false,,,,
N20261225-S034,N20261225,2026-12-26T13:30:00Z,900,false,,,,
N20261225-S035,N20261225,2026-12-26T13:45:00Z,900,false,,,,
N20261225-S036,N20261225,2026-12-26T14:00:00Z,900,false,,,,
N20261225-S037,N20261225,2026-12-26T14:15:00Z,900,false,,,,
N20261225-S038,N20261225,2026-12-26T14:30:00Z,900,false,,,,
N20261225-S039,N20261225,2026-12-26T14:45:00Z,900,false,,,,
N20261225-S040,N20261225,2026-12-26T15:00:00Z,900,false,,,,
N20261225-S041,N20261225,2026-12-26T15:15:00Z,900,false,,,,
N20261226-S001,N20261226,2026-12-27T05:15:00Z,900,false,,,,
N20261226-S002,N20261226,2026-12-27T05:30:00Z,900,false,,,,
N20261226-S003,N20261226,2026-12-27T05:45:00Z,900,false,,,,
N20261226-S004,N20261226,2026-12-27T06:00:00Z,900,false,,,,
N20261226-S005,N20261226,2026-12-27T06:15:00Z,900,false,,,,
N20261226-S006,N20261226,2026-12-27T06:30:00Z,900,false,,,,
N20261226-S007,N20261226,2026-12-27T06:45:00Z,900,false,,,,
N20261226-S008,N20261226,2026-12-27T07:00:00Z,900,false,,,,
N20261226-S009,N20261226,2026-12-27T07:15:00Z,900,false,,,,
N20261226-S010,N20261226,2026-12-27T07:30:00Z,900,false,,,,
N20261226-S011,N20261226,2026-12-27T07:45:00Z,900,false,,,,
N20261226-S012,N20261226,2026-12-27T08:00:00Z,900,false,,,,
N20261226-S013,N20261226,2026-12-27T08:15:00Z,900,false,,,,
N20261226-S014,N20261226,2026-12-27T08:30:00Z,900,false,,,,
N20261226-S015,N20261226,2026-12-27T08:45:00Z,900,false,,,,
N20261226-S016,N20261226,2026-12-27T09:00:00Z,900,false,,,,
N20261226-S017,N20261226,2026-12-27T09:15:00Z,900,false,,,,
N20261226-S018,N20261226,2026-12-27T09:30:00Z,900,false,,,,
N20261226-S019,N20261226,2026-12-27T09:45:00Z,900,true,1.061321,0.902547,0.807871,0.911818
N20261226-S020,N20261226,2026-12-27T10:00:00Z,900,true,1.127589,0.907367,0.786553,0.990612
N20261226-S021,N20261226,2026-12-27T10:15:00Z,900,true,1.125910,0.901253,0.773448,0.965277
N20261226-S022,N20261226,2026-12-27T10:30:00Z,900,true,1.117408,0.898591,0.775564,0.904583
N20261226-S023,N20261226,2026-12-27T10:45:00Z,900,true,1.057337,0.886131,0.768000,0.917590
N20261226-S024,N20261226,2026-12-27T11:00:00Z,900,true,1.081301,0.889672,0.766449,0.901466
N20261226-S025,N20261226,2026-12-27T11:15:00Z,900,true,1.048978,0.880444,0.802658,0.966734
N20261226-S026,N20261226,2026-12-27T11:30:00Z,900,true,1.088293,0.869841,0.787048,0.914001
N20261226-S027,N20261226,2026-12-27T11:45:00Z,900,true,1.116405,0.899620,0.787370,0.924431
N20261226-S028,N20261226,2026-12-27T12:00:00Z,900,true,1.155514,0.906239,0.771811,0.983975
N20261226-S029,N20261226,2026-12-27T12:15:00Z,900,true,1.096970,0.902296,0.787455,0.994574
N20261226-S030,N20261226,2026-12-27T12:30:00Z,900,true,1.097085,0.912112,0.807614,0.945380
N20261226-S031,N20261226,2026-12-27T12:45:00Z,900,true,1.135304,0.917459,0.815112,0.982934
N20261226-S032,N20261226,2026-12-27T13:00:00Z,900,true,1.110459,0.922762,0.803933,0.907602
N20261226-S033,N20261226,2026-12-27T13:15:00Z,900,true,1.118666,0.919004,0.826232,0.978099
N20261226-S034,N20261226,2026-12-27T13:30:00Z,900,true,1.127483,0.919896,0.838959,0.953563
N20261226-S035,N20261226,2026-12-27T13:45:00Z,900,true,1.112709,0.911516,0.789838,0.908597
N20261226-S036,N20261226,2026-12-27T14:00:00Z,900,true,1.154116,0.922733,0.793828,0.930708
N20261226-S037,N20261226,2026-12-27T14:15:00Z,900,true,1.117722,0.934384,0.786783,0.910125
N20261226-S038,N20261226,2026-12-27T14:30:00Z,900,true,1.085793,0.937654,0.768392,0.943756
N20261226-S039,N20261226,2026-12-27T14:45:00Z,900,true,1.049495,0.921127,0.762801,0.970417
N20261226-S040,N20261226,2026-12-27T15:00:00Z,900,true,1.010836,0.930543,0.783545,0.975752
N20261226-S041,N20261226,2026-12-27T15:15:00Z,900,true,1.076120,0.934613,0.784080,0.995376
N20261227-S001,N20261227,2026-12-28T05:15:00Z,900,true,1.058525,0.960237,0.823851,0.936270
N20261227-S002,N20261227,2026-12-28T05:30:00Z,900,true,1.133981,0.966485,0.829494,0.906858
N20261227-S003,N20261227,2026-12-28T05:45:00Z,900,true,1.155552,0.950546,0.849751,0.984104
N20261227-S004,N20261227,2026-12-28T06:00:00Z,900,true,1.146232,0.955906,0.853018,0.955583
N20261227-S005,N20261227,2026-12-28T06:15:00Z,900,true,1.159365,0.966640,0.867180,0.988236
N20261227-S006,N20261227,2026-12-28T06:30:00Z,900,true,1.174918,0.969548,0.854115,0.995936
N20261227-S007,N20261227,2026-12-28T06:45:00Z,900,true,1.210634,0.970159,0.868524,0.958082
N20261227-S008,N20261227,2026-12-28T07:00:00Z,900,true,1.212167,0.954858,0.838080,0.935811
N20261227-S009,N20261227,2026-12-28T07:15:00Z,900,true,1.139962,0.955838,0.844049,0.958128
N20261227-S010,N20261227,2026-12-28T07:30:00Z,900,true,1.144742,0.942442,0.844870,0.954331
N20261227-S011,N20261227,2026-12-28T07:45:00Z,900,true,1.181370,0.942747,0.871290,0.982412
N20261227-S012,N20261227,2026-12-28T08:00:00Z,900,true,1.248068,0.960239,0.853298,0.942835
N20261227-S013,N20261227,2026-12-28T08:15:00Z,900,true,1.216512,0.954141,0.843976,0.966398
N20261227-S014,N20261227,2026-12-28T08:30:00Z,900,true,1.157036,0.957328,0.815903,0.987588
N20261227-S015,N20261227,2026-12-28T08:45:00Z,900,true,1.100764,0.954038,0.819624,0.903865
N20261227-S016,N20261227,2026-12-28T09:00:00Z,900,true,1.072821,0.969752,0.829806,0.964366
N20261227-S017,N20261227,2026-12-28T09:15:00Z,900,true,1.006042,0.970159,0.824367,0.968265
N20261227-S018,N20261227,2026-12-28T09:30:00Z,900,true,0.963960,0.963299,0.832433,0.995981
N20261227-S019,N20261227,2026-12-28T09:45:00Z,900,true,0.953765,0.963387,0.848650,0.955826
N20261227-S020,N20261227,2026-12-28T10:00:00Z,900,true,0.944972,0.944351,0.837434,0.918824
N20261227-S021,N20261227,2026-12-28T10:15:00Z,900,true,0.949714,0.956958,0.862661,0.970622
N20261227-S022,N20261227,2026-12-28T10:30:00Z,900,true,1.015336,0.957077,0.842274,0.901327
N20261227-S023,N20261227,2026-12-28T10:45:00Z,900,true,1.034336,0.967546,0.859943,0.906208
N20261227-S024,N20261227,2026-12-28T11:00:00Z,900,true,1.049423,0.965865,0.849740,0.929120
N20261227-S025,N20261227,2026-12-28T11:15:00Z,900,true,1.049038,0.970159,0.869173,0.961293
N20261227-S026,N20261227,2026-12-28T11:30:00Z,900,true,1.011165,0.970159,0.868465,0.976089
N20261227-S027,N20261227,2026-12-28T11:45:00Z,900,true,1.088165,0.970159,0.861703,0.921232
N20261227-S028,N20261227,2026-12-28T12:00:00Z,900,true,1.112686,0.957612,0.839485,0.928359
N20261227-S029,N20261227,2026-12-28T12:15:00Z,900,true,1.072794,0.953254,0.854022,0.983035
N20261227-S030,N20261227,2026-12-28T12:30:00Z,900,true,1.067110,0.970159,0.843407,0.920574
N20261227-S031,N20261227,2026-12-28T12:45:00Z,900,true,1.012663,0.953120,0.827259,0.984401
N20261227-S032,N20261227,2026-12-28T13:00:00Z,900,true,1.072765,0.938844,0.852820,0.985066
N20261227-S033,N20261227,2026-12-28T13:15:00Z,900,true,1.052411,0.931718,0.831580,0.974180
N20261227-S034,N20261227,2026-12-28T13:30:00Z,900,true,1.077518,0.941286,0.820570,0.994032
N20261227-S035,N20261227,2026-12-28T13:45:00Z,900,true,1.108488,0.936096,0.824814,0.931893
N20261227-S036,N20261227,2026-12-28T14:00:00Z,900,true,1.126975,0.936953,0.835488,0.975989
N20261227-S037,N20261227,2026-12-28T14:15:00Z,900,true,1.126482,0.923141,0.855907,0.958598
N20261227-S038,N20261227,2026-12-28T14:30:00Z,900,true,1.120924,0.924613,0.854086,0.946689
N20261227-S039,N20261227,2026-12-28T14:45:00Z,900,true,1.110069,0.927019,0.868085,0.925450
N20261227-S040,N20261227,2026-12-28T15:00:00Z,900,true,1.130914,0.921620,0.858344,0.981012
N20261227-S041,N20261227,2026-12-28T15:15:00Z,900,true,1.093800,0.908394,0.844625,0.985896
N20261228-S001,N20261228,2026-12-29T05:15:00Z,900,true,0.854564,0.900087,0.823130,0.902274
N20261228-S002,N20261228,2026-12-29T05:30:00Z,900,true,0.910438,0.897955,0.842689,0.913670
N20261228-S003,N20261228,2026-12-29T05:45:00Z,900,true,0.967812,0.887906,0.851763,0.969407
N20261228-S004,N20261228,2026-12-29T06:00:00Z,900,true,1.006464,0.879046,0.866973,0.977722
N20261228-S005,N20261228,2026-12-29T06:15:00Z,900,true,1.009372,0.878401,0.863165,0.995822
N20261228-S006,N20261228,2026-12-29T06:30:00Z,900,true,1.034348,0.865571,0.857923,0.914549
N20261228-S007,N20261228,2026-12-29T06:45:00Z,900,true,0.973052,0.884529,0.847543,0.961307
N20261228-S008,N20261228,2026-12-29T07:00:00Z,900,true,0.972319,0.863414,0.857299,0.933262
N20261228-S009,N20261228,2026-12-29T07:15:00Z,900,true,0.967135,0.879561,0.867147,0.956692
N20261228-S010,N20261228,2026-12-29T07:30:00Z,900,true,0.955155,0.872525,0.869009,0.937712
N20261228-S011,N20261228,2026-12-29T07:45:00Z,900,true,0.962295,0.887215,0.867733,0.948965
N20261228-S012,N20261228,2026-12-29T08:00:00Z,900,true,0.962186,0.882355,0.857863,0.992199
N20261228-S013,N20261228,2026-12-29T08:15:00Z,900,true,0.937742,0.900868,0.876299,0.990461
N20261228-S014,N20261228,2026-12-29T08:30:00Z,900,true,0.954819,0.886621,0.869834,0.929899
N20261228-S015,N20261228,2026-12-29T08:45:00Z,900,true,0.932725,0.891210,0.884511,0.913781
N20261228-S016,N20261228,2026-12-29T09:00:00Z,900,true,0.957901,0.881032,0.862808,0.917554
N20261228-S017,N20261228,2026-12-29T09:15:00Z,900,true,0.884266,0.889087,0.857845,0.942949
N20261228-S018,N20261228,2026-12-29T09:30:00Z,900,true,0.944573,0.887421,0.868624,0.988117
N20261228-S019,N20261228,2026-12-29T09:45:00Z,900,true,0.909829,0.891190,0.837839,0.925170
N20261228-S020,N20261228,2026-12-29T10:00:00Z,900,true,0.888382,0.892335,0.858898,0.969797
N20261228-S021,N20261228,2026-12-29T10:15:00Z,900,true,0.921076,0.894440,0.857082,0.968987
N20261228-S022,N20261228,2026-12-29T10:30:00Z,900,true,0.874485,0.890079,0.841837,0.918272
N20261228-S023,N20261228,2026-12-29T10:45:00Z,900,true,0.844552,0.899750,0.836483,0.902242
N20261228-S024,N20261228,2026-12-29T11:00:00Z,900,true,0.801929,0.889632,0.815944,0.932264
N20261228-S025,N20261228,2026-12-29T11:15:00Z,900,true,0.830010,0.895249,0.822414,0.959493
N20261228-S026,N20261228,2026-12-29T11:30:00Z,900,true,0.837579,0.892935,0.800522,0.937891
N20261228-S027,N20261228,2026-12-29T11:45:00Z,900,true,0.867273,0.889338,0.790290,0.998181
N20261228-S028,N20261228,2026-12-29T12:00:00Z,900,true,0.828177,0.890953,0.790462,0.930590
N20261228-S029,N20261228,2026-12-29T12:15:00Z,900,true,0.845984,0.895541,0.810207,0.965361
N20261228-S030,N20261228,2026-12-29T12:30:00Z,900,true,0.847439,0.899958,0.832737,0.978441
N20261228-S031,N20261228,2026-12-29T12:45:00Z,900,true,0.873321,0.903565,0.822030,0.932852
N20261228-S032,N20261228,2026-12-29T13:00:00Z,900,true,0.905220,0.924490,0.811005,0.920111
N20261228-S033,N20261228,2026-12-29T13:15:00Z,900,true,0.925502,0.932311,0.795213,0.927102
N20261228-S034,N20261228,2026-12-29T13:30:00Z,900,true,0.977619,0.935385,0.793022,0.971904
N20261228-S035,N20261228,2026-12-29T13:45:00Z,900,true,1.010024,0.941317,0.799820,0.955576
N20261228-S036,N20261228,2026-12-29T14:00:00Z,900,true,0.961373,0.928970,0.789779,0.912077
N20261228-S037,N20261228,2026-12-29T14:15:00Z,900,true,0.987801,0.933786,0.787583,0.951875
N20261228-S038,N20261228,2026-12-29T14:30:00Z,900,true,0.969475,0.920073,0.806123,0.919245
N20261228-S039,N20261228,2026-12-29T14:45:00Z,900,true,0.922350,0.914429,0.781799,0.989019
N20261228-S040,N20261228,2026-12-29T15:00:00Z,900,true,0.915361,0.908533,0.780552,0.972108
N20261228-S041,N20261228,2026-12-29T15:15:00Z,900,true,0.941090,0.909127,0.813177,0.993340
N20261229-S001,N20261229,2026-12-30T05:15:00Z,900,true,0.766400,0.897125,0.826409,0.967118
N20261229-S002,N20261229,2026-12-30T05:30:00Z,900,true,0.788384,0.913153,0.807972,0.952681
N20261229-S003,N20261229,2026-12-30T05:45:00Z,900,true,0.802891,0.902123,0.817410,0.943851
N20261229-S004,N20261229,2026-12-30T06:00:00Z,900,true,0.750706,0.908222,0.849549,0.949246
N20261229-S005,N20261229,2026-12-30T06:15:00Z,900,true,0.773458,0.914765,0.864228,0.960712
N20261229-S006,N20261229,2026-12-30T06:30:00Z,900,true,0.831383,0.923107,0.862156,0.902936
N20261229-S007,N20261229,2026-12-30T06:45:00Z,900,true,0.841499,0.917834,0.901925,0.930812
N20261229-S008,N20261229,2026-12-30T07:00:00Z,900,true,0.871116,0.925421,0.902268,0.998953
N20261229-S009,N20261229,2026-12-30T07:15:00Z,900,true,0.826372,0.924499,0.890552,0.916254
N20261229-S010,N20261229,2026-12-30T07:30:00Z,900,true,0.828162,0.902754,0.880340,0.953083
N20261229-S011,N20261229,2026-12-30T07:45:00Z,900,true,0.777967,0.900648,0.883904,0.906583
N20261229-S012,N20261229,2026-12-30T08:00:00Z,900,true,0.761712,0.902202,0.885643,0.967764
N20261229-S013,N20261229,2026-12-30T08:15:00Z,900,true,0.818013,0.888431,0.839518,0.914808
N20261229-S014,N20261229,2026-12-30T08:30:00Z,900,true,0.794639,0.869746,0.838773,0.938642
N20261229-S015,N20261229,2026-12-30T08:45:00Z,900,true,0.799032,0.877795,0.847700,0.960044
N20261229-S016,N20261229,2026-12-30T09:00:00Z,900,true,0.852718,0.872433,0.837504,0.970582
N20261229-S017,N20261229,2026-12-30T09:15:00Z,900,true,0.833128,0.894607,0.838673,0.979346
N20261229-S018,N20261229,2026-12-30T09:30:00Z,900,true,0.864646,0.892240,0.856777,0.945126
N20261229-S019,N20261229,2026-12-30T09:45:00Z,900,true,0.817356,0.931448,0.869679,0.990760
N20261229-S020,N20261229,2026-12-30T10:00:00Z,900,true,0.811018,0.929087,0.872177,0.959740
N20261229-S021,N20261229,2026-12-30T10:15:00Z,900,true,0.759861,0.919723,0.880391,0.946358
N20261229-S022,N20261229,2026-12-30T10:30:00Z,900,true,0.781571,0.936222,0.865789,0.923149
N20261229-S023,N20261229,2026-12-30T10:45:00Z,900,true,0.778797,0.933057,0.838492,0.929668
N20261229-S024,N20261229,2026-12-30T11:00:00Z,900,true,0.786941,0.921117,0.829784,0.942822
N20261229-S025,N20261229,2026-12-30T11:15:00Z,900,true,0.735834,0.927818,0.847933,0.960212
N20261229-S026,N20261229,2026-12-30T11:30:00Z,900,true,0.768684,0.924639,0.818208,0.902275
N20261229-S027,N20261229,2026-12-30T11:45:00Z,900,true,0.726547,0.901654,0.832644,0.987990
N20261229-S028,N20261229,2026-12-30T12:00:00Z,900,true,0.764778,0.917966,0.843345,0.916833
N20261229-S029,N20261229,2026-12-30T12:15:00Z,900,true,0.799013,0.947176,0.862919,0.931794
N20261229-S030,N20261229,2026-12-30T12:30:00Z,900,true,0.838778,0.955235,0.836471,0.968884
N20261229-S031,N20261229,2026-12-30T12:45:00Z,900,true,0.820517,0.965761,0.820310,0.900470
N20261229-S032,N20261229,2026-12-30T13:00:00Z,900,true,0.849995,0.942111,0.796007,0.953548
N20261229-S033,N20261229,2026-12-30T13:15:00Z,900,true,0.900038,0.959446,0.810665,0.904735
N20261229-S034,N20261229,2026-12-30T13:30:00Z,900,true,0.877964,0.954799,0.815316,0.977584
N20261229-S035,N20261229,2026-12-30T13:45:00Z,900,true,0.909151,0.940127,0.835658,0.916595
N20261229-S036,N20261229,2026-12-30T14:00:00Z,900,true,0.877990,0.938752,0.836145,0.957222
N20261229-S037,N20261229,2026-12-30T14:15:00Z,900,true,0.889976,0.941054,0.811469,0.979659
N20261229-S038,N20261229,2026-12-30T14:30:00Z,900,true,0.851298,0.925459,0.818325,0.947803
N20261229-S039,N20261229,2026-12-30T14:45:00Z,900,true,0.799160,0.927783,0.830404,0.919096
N20261229-S040,N20261229,2026-12-30T15:00:00Z,900,true,0.799268,0.933449,0.823613,0.954889
N20261229-S041,N20261229,2026-12-30T15:15:00Z,900,true,0.762896,0.928118,0.848213,0.983822
N20261230-S001,N20261230,2026-12-31T05:15:00Z,900,true,0.916776,0.990275,0.839519,0.913341
N20261230-S002,N20261230,2026-12-31T05:30:00Z,900,true,0.915676,1.000000,0.835547,0.931308
N20261230-S003,N20261230,2026-12-31T05:45:00Z,900,true,0.966556,0.997705,0.830797,0.952696
N20261230-S004,N20261230,2026-12-31T06:00:00Z,900,true,0.917193,0.999084,0.797622,0.962988
N20261230-S005,N20261230,2026-12-31T06:15:00Z,900,true,0.868030,1.000000,0.812030,0.960903
N20261230-S006,N20261230,2026-12-31T06:30:00Z,900,true,0.808196,0.997979,0.841021,0.951379
N20261230-S007,N20261230,2026-12-31T06:45:00Z,900,true,0.795642,0.975610,0.847315,0.933426
N20261230-S008,N20261230,2026-12-31T07:00:00Z,900,true,0.872629,0.980942,0.846290,0.923616
N20261230-S009,N20261230,2026-12-31T07:15:00Z,900,true,0.850980,0.976082,0.867409,0.973412
N20261230-S010,N20261230,2026-12-31T07:30:00Z,900,true,0.826708,0.976700,0.856522,0.902579
N20261230-S011,N20261230,2026-12-31T07:45:00Z,900,true,0.881743,0.991963,0.865184,0.943369
N20261230-S012,N20261230,2026-12-31T08:00:00Z,900,true,0.833431,1.000000,0.892377,0.918254
N20261230-S013,N20261230,2026-12-31T08:15:00Z,900,true,0.846254,0.997952,0.875045,0.924268
N20261230-S014,N20261230,2026-12-31T08:30:00Z,900,true,0.872821,0.980257,0.868771,0.961133
N20261230-S015,N20261230,2026-12-31T08:45:00Z,900,true,0.837930,0.989804,0.877048,0.920622
N20261230-S016,N20261230,2026-12-31T09:00:00Z,900,true,0.888795,0.995981,0.875587,0.926034
N20261230-S017,N20261230,2026-12-31T09:15:00Z,900,true,0.848173,0.999023,0.848504,0.957684
N20261230-S018,N20261230,2026-12-31T09:30:00Z,900,true,0.917571,0.995785,0.870492,0.912314
N20261230-S019,N20261230,2026-12-31T09:45:00Z,900,true,0.882991,0.992171,0.890755,0.923080
N20261230-S020,N20261230,2026-12-31T10:00:00Z,900,true,0.968777,1.000000,0.904834,0.993681
N20261230-S021,N20261230,2026-12-31T10:15:00Z,900,true,0.944077,1.000000,0.910127,0.956463
N20261230-S022,N20261230,2026-12-31T10:30:00Z,900,true,0.886373,0.971972,0.903864,0.975353
N20261230-S023,N20261230,2026-12-31T10:45:00Z,900,true,0.875570,0.969697,0.919233,0.932853
N20261230-S024,N20261230,2026-12-31T11:00:00Z,900,true,0.884041,0.971962,0.924184,0.957638
N20261230-S025,N20261230,2026-12-31T11:15:00Z,900,true,0.884011,0.994817,0.899343,0.914711
N20261230-S026,N20261230,2026-12-31T11:30:00Z,900,true,0.852298,1.000000,0.870917,0.998508
N20261230-S027,N20261230,2026-12-31T11:45:00Z,900,true,0.863793,0.997429,0.856771,0.904611
N20261230-S028,N20261230,2026-12-31T12:00:00Z,900,true,0.855270,0.982873,0.871763,0.996143
N20261230-S029,N20261230,2026-12-31T12:15:00Z,900,true,0.834223,0.961561,0.852865,0.984108
N20261230-S030,N20261230,2026-12-31T12:30:00Z,900,true,0.802415,0.962710,0.865212,0.908992
N20261230-S031,N20261230,2026-12-31T12:45:00Z,900,true,0.747567,0.988172,0.872896,0.988282
N20261230-S032,N20261230,2026-12-31T13:00:00Z,900,true,0.753565,1.000000,0.882787,0.975658
N20261230-S033,N20261230,2026-12-31T13:15:00Z,900,true,0.786570,0.988824,0.872621,0.936441
N20261230-S034,N20261230,2026-12-31T13:30:00Z,900,true,0.741603,0.985842,0.883562,0.971992
N20261230-S035,N20261230,2026-12-31T13:45:00Z,900,true,0.778200,0.992271,0.898283,0.941665
N20261230-S036,N20261230,2026-12-31T14:00:00Z,900,true,0.758354,1.000000,0.876091,0.972434
N20261230-S037,N20261230,2026-12-31T14:15:00Z,900,true,0.720864,0.994854,0.899327,0.902555
N20261230-S038,N20261230,2026-12-31T14:30:00Z,900,true,0.705585,0.997640,0.912572,0.947260
N20261230-S039,N20261230,2026-12-31T14:45:00Z,900,true,0.697997,1.000000,0.922263,0.989721
N20261230-S040,N20261230,2026-12-31T15:00:00Z,900,true,0.659569,1.000000,0.882700,0.970869
N20261230-S041,N20261230,2026-12-31T15:15:00Z,900,true,0.736152,1.000000,0.871114,0.957962
N20261231-S001,N20261231,2027-01-01T05:15:00Z,900,true,0.857252,1.000000,0.859101,0.993117
N20261231-S002,N20261231,2027-01-01T05:30:00Z,900,true,0.881755,0.999133,0.862016,0.959994
N20261231-S003,N20261231,2027-01-01T05:45:00Z,900,true,0.934564,0.986968,0.836706,0.931255
N20261231-S004,N20261231,2027-01-01T06:00:00Z,900,true,0.899511,0.969405,0.836235,0.994098
N20261231-S005,N20261231,2027-01-01T06:15:00Z,900,true,0.861366,0.968219,0.854244,0.911632
N20261231-S006,N20261231,2027-01-01T06:30:00Z,900,true,0.882937,0.962106,0.850489,0.917690
N20261231-S007,N20261231,2027-01-01T06:45:00Z,900,true,0.898584,0.942995,0.855988,0.930494
N20261231-S008,N20261231,2027-01-01T07:00:00Z,900,true,0.909225,0.959783,0.830291,0.951748
N20261231-S009,N20261231,2027-01-01T07:15:00Z,900,true,0.848236,0.975594,0.807969,0.924415
N20261231-S010,N20261231,2027-01-01T07:30:00Z,900,true,0.787797,0.979541,0.806993,0.909796
N20261231-S011,N20261231,2027-01-01T07:45:00Z,900,true,0.803587,0.990903,0.805351,0.943037
N20261231-S012,N20261231,2027-01-01T08:00:00Z,900,true,0.852078,0.991416,0.795054,0.932410
N20261231-S013,N20261231,2027-01-01T08:15:00Z,900,true,0.882250,0.977899,0.812560,0.942092
N20261231-S014,N20261231,2027-01-01T08:30:00Z,900,false,,,,
N20261231-S015,N20261231,2027-01-01T08:45:00Z,900,false,,,,
N20261231-S016,N20261231,2027-01-01T09:00:00Z,900,true,0.782820,0.989365,0.868811,0.944888
N20261231-S017,N20261231,2027-01-01T09:15:00Z,900,true,0.785234,0.994113,0.870955,0.996849
N20261231-S018,N20261231,2027-01-01T09:30:00Z,900,true,0.768561,0.990315,0.869424,0.955498
N20261231-S019,N20261231,2027-01-01T09:45:00Z,900,true,0.763610,0.975172,0.868921,0.984728
N20261231-S020,N20261231,2027-01-01T10:00:00Z,900,true,0.737427,0.953648,0.886365,0.992589
N20261231-S021,N20261231,2027-01-01T10:15:00Z,900,true,0.744494,0.963133,0.890572,0.943754
N20261231-S022,N20261231,2027-01-01T10:30:00Z,900,true,0.829818,0.990945,0.858460,0.935539
N20261231-S023,N20261231,2027-01-01T10:45:00Z,900,true,0.833033,1.000000,0.841010,0.924282
N20261231-S024,N20261231,2027-01-01T11:00:00Z,900,true,0.861715,0.992263,0.873884,0.926108
N20261231-S025,N20261231,2027-01-01T11:15:00Z,900,true,0.865352,1.000000,0.877620,0.956676
N20261231-S026,N20261231,2027-01-01T11:30:00Z,900,true,0.873525,1.000000,0.868125,0.997404
N20261231-S027,N20261231,2027-01-01T11:45:00Z,900,true,0.845488,1.000000,0.868086,0.902073
N20261231-S028,N20261231,2027-01-01T12:00:00Z,900,true,0.852439,1.000000,0.848168,0.940773
N20261231-S029,N20261231,2027-01-01T12:15:00Z,900,true,0.841193,1.000000,0.851476,0.975646
N20261231-S030,N20261231,2027-01-01T12:30:00Z,900,true,0.849931,1.000000,0.862797,0.991106
N20261231-S031,N20261231,2027-01-01T12:45:00Z,900,true,0.876155,0.999500,0.890795,0.985288
N20261231-S032,N20261231,2027-01-01T13:00:00Z,900,true,0.847625,1.000000,0.879671,0.981726
N20261231-S033,N20261231,2027-01-01T13:15:00Z,900,true,0.821015,0.993739,0.862639,0.944082
N20261231-S034,N20261231,2027-01-01T13:30:00Z,900,true,0.847200,0.983175,0.883297,0.939216
N20261231-S035,N20261231,2027-01-01T13:45:00Z,900,true,0.792501,0.971459,0.893664,0.915624
N20261231-S036,N20261231,2027-01-01T14:00:00Z,900,true,0.818060,0.967088,0.891457,0.905221
N20261231-S037,N20261231,2027-01-01T14:15:00Z,900,true,0.773634,0.963398,0.871643,0.985585
N20261231-S038,N20261231,2027-01-01T14:30:00Z,900,true,0.745674,0.968929,0.891253,0.997637
N20261231-S039,N20261231,2027-01-01T14:45:00Z,900,true,0.756840,0.974337,0.880640,0.976289
N20261231-S040,N20261231,2027-01-01T15:00:00Z,900,true,0.758201,0.976551,0.876766,0.902465
N20261231-S041,N20261231,2027-01-01T15:15:00Z,900,true,0.769815,0.976719,0.845467,0.976613
N20270101-S001,N20270101,2027-01-02T05:15:00Z,900,true,0.890821,0.921679,0.885203,0.961321
N20270101-S002,N20270101,2027-01-02T05:30:00Z,900,true,0.887429,0.900148,0.921976,0.965221
N20270101-S003,N20270101,2027-01-02T05:45:00Z,900,true,0.953328,0.907568,0.912908,0.977488
N20270101-S004,N20270101,2027-01-02T06:00:00Z,900,false,,,,
N20270101-S005,N20270101,2027-01-02T06:15:00Z,900,false,,,,
N20270101-S006,N20270101,2027-01-02T06:30:00Z,900,false,,,,
N20270101-S007,N20270101,2027-01-02T06:45:00Z,900,false,,,,
N20270101-S008,N20270101,2027-01-02T07:00:00Z,900,false,,,,
N20270101-S009,N20270101,2027-01-02T07:15:00Z,900,false,,,,
N20270101-S010,N20270101,2027-01-02T07:30:00Z,900,false,,,,
N20270101-S011,N20270101,2027-01-02T07:45:00Z,900,false,,,,
N20270101-S012,N20270101,2027-01-02T08:00:00Z,900,false,,,,
N20270101-S013,N20270101,2027-01-02T08:15:00Z,900,false,,,,
N20270101-S014,N20270101,2027-01-02T08:30:00Z,900,false,,,,
N20270101-S015,N20270101,2027-01-02T08:45:00Z,900,false,,,,
N20270101-S016,N20270101,2027-01-02T09:00:00Z,900,false,,,,
N20270101-S017,N20270101,2027-01-02T09:15:00Z,900,false,,,,
N20270101-S018,N20270101,2027-01-02T09:30:00Z,900,false,,,,
N20270101-S019,N20270101,2027-01-02T09:45:00Z,900,false,,,,
N20270101-S020,N20270101,2027-01-02T10:00:00Z,900,false,,,,
N20270101-S021,N20270101,2027-01-02T10:15:00Z,900,false,,,,
N20270101-S022,N20270101,2027-01-02T10:30:00Z,900,false,,,,
N20270101-S023,N20270101,2027-01-02T10:45:00Z,900,false,,,,
N20270101-S024,N20270101,2027-01-02T11:00:00Z,900,false,,,,
N20270101-S025,N20270101,2027-01-02T11:15:00Z,900,true,0.839020,0.911628,0.859641,0.933869
N20270101-S026,N20270101,2027-01-02T11:30:00Z,900,true,0.824514,0.917633,0.829519,0.930483
N20270101-S027,N20270101,2027-01-02T11:45:00Z,900,true,0.817609,0.926064,0.861582,0.928166
N20270101-S028,N20270101,2027-01-02T12:00:00Z,900,true,0.816274,0.925205,0.842588,0.901764
N20270101-S029,N20270101,2027-01-02T12:15:00Z,900,false,,,,
N20270101-S030,N20270101,2027-01-02T12:30:00Z,900,false,,,,
N20270101-S031,N20270101,2027-01-02T12:45:00Z,900,false,,,,
N20270101-S032,N20270101,2027-01-02T13:00:00Z,900,false,,,,
N20270101-S033,N20270101,2027-01-02T13:15:00Z,900,false,,,,
N20270101-S034,N20270101,2027-01-02T13:30:00Z,900,false,,,,
N20270101-S035,N20270101,2027-01-02T13:45:00Z,900,false,,,,
N20270101-S036,N20270101,2027-01-02T14:00:00Z,900,false,,,,
N20270101-S037,N20270101,2027-01-02T14:15:00Z,900,false,,,,
N20270101-S038,N20270101,2027-01-02T14:30:00Z,900,false,,,,
N20270101-S039,N20270101,2027-01-02T14:45:00Z,900,true,0.801050,0.912213,0.894285,0.980778
N20270101-S040,N20270101,2027-01-02T15:00:00Z,900,true,0.780367,0.928100,0.868372,0.936892
N20270101-S041,N20270101,2027-01-02T15:15:00Z,900,true,0.841956,0.930990,0.880236,0.968662
N20270102-S001,N20270102,2027-01-03T05:15:00Z,900,true,0.955854,0.860619,0.881079,0.967359
N20270102-S002,N20270102,2027-01-03T05:30:00Z,900,true,0.948519,0.839723,0.925978,0.923460
N20270102-S003,N20270102,2027-01-03T05:45:00Z,900,true,0.956332,0.833144,0.939175,0.916534
N20270102-S004,N20270102,2027-01-03T06:00:00Z,900,true,0.922159,0.844373,0.943285,0.961108
N20270102-S005,N20270102,2027-01-03T06:15:00Z,900,true,0.903685,0.854136,0.918689,0.925840
N20270102-S006,N20270102,2027-01-03T06:30:00Z,900,true,0.879134,0.854170,0.931251,0.931113
N20270102-S007,N20270102,2027-01-03T06:45:00Z,900,true,0.956291,0.847387,0.926672,0.949791
N20270102-S008,N20270102,2027-01-03T07:00:00Z,900,true,0.941509,0.855069,0.903760,0.921874
N20270102-S009,N20270102,2027-01-03T07:15:00Z,900,true,0.872538,0.869503,0.903953,0.961649
N20270102-S010,N20270102,2027-01-03T07:30:00Z,900,true,0.875739,0.872058,0.899499,0.950701
N20270102-S011,N20270102,2027-01-03T07:45:00Z,900,true,0.886480,0.888437,0.896781,0.913372
N20270102-S012,N20270102,2027-01-03T08:00:00Z,900,true,0.887192,0.884357,0.891321,0.976924
N20270102-S013,N20270102,2027-01-03T08:15:00Z,900,true,0.882910,0.881579,0.895472,0.942779
N20270102-S014,N20270102,2027-01-03T08:30:00Z,900,true,0.909315,0.881780,0.899977,0.957262
N20270102-S015,N20270102,2027-01-03T08:45:00Z,900,true,0.818389,0.876723,0.875902,0.993780
N20270102-S016,N20270102,2027-01-03T09:00:00Z,900,true,0.855325,0.846554,0.862686,0.996714
N20270102-S017,N20270102,2027-01-03T09:15:00Z,900,true,0.816731,0.845495,0.877821,0.975585
N20270102-S018,N20270102,2027-01-03T09:30:00Z,900,true,0.887295,0.842853,0.865705,0.993775
N20270102-S019,N20270102,2027-01-03T09:45:00Z,900,true,0.897401,0.840990,0.878475,0.980238
N20270102-S020,N20270102,2027-01-03T10:00:00Z,900,true,0.882892,0.839210,0.885696,0.907720
N20270102-S021,N20270102,2027-01-03T10:15:00Z,900,true,0.878376,0.831957,0.885884,0.922836
N20270102-S022,N20270102,2027-01-03T10:30:00Z,900,true,0.939391,0.839184,0.900806,0.990235
N20270102-S023,N20270102,2027-01-03T10:45:00Z,900,true,0.937386,0.838817,0.932061,0.949362
N20270102-S024,N20270102,2027-01-03T11:00:00Z,900,true,0.969447,0.859411,0.905911,0.988503
N20270102-S025,N20270102,2027-01-03T11:15:00Z,900,true,0.989202,0.869143,0.895329,0.994818
N20270102-S026,N20270102,2027-01-03T11:30:00Z,900,true,0.962046,0.864675,0.888640,0.928337
N20270102-S027,N20270102,2027-01-03T11:45:00Z,900,true,0.977996,0.884338,0.893011,0.927805
N20270102-S028,N20270102,2027-01-03T12:00:00Z,900,true,0.938875,0.889336,0.882911,0.915944
N20270102-S029,N20270102,2027-01-03T12:15:00Z,900,true,0.935941,0.886385,0.876729,0.967587
N20270102-S030,N20270102,2027-01-03T12:30:00Z,900,true,0.964103,0.877642,0.862039,0.936563
N20270102-S031,N20270102,2027-01-03T12:45:00Z,900,true,0.959572,0.883270,0.845800,0.969568
N20270102-S032,N20270102,2027-01-03T13:00:00Z,900,true,0.935821,0.873731,0.889978,0.970612
N20270102-S033,N20270102,2027-01-03T13:15:00Z,900,true,0.924696,0.850062,0.889964,0.947077
N20270102-S034,N20270102,2027-01-03T13:30:00Z,900,true,0.989333,0.855673,0.896563,0.942760
N20270102-S035,N20270102,2027-01-03T13:45:00Z,900,true,0.938019,0.866118,0.924357,0.950330
N20270102-S036,N20270102,2027-01-03T14:00:00Z,900,true,0.932439,0.852759,0.929375,0.943124
N20270102-S037,N20270102,2027-01-03T14:15:00Z,900,true,0.994698,0.863083,0.916100,0.901701
N20270102-S038,N20270102,2027-01-03T14:30:00Z,900,true,0.960819,0.850175,0.878105,0.904720
N20270102-S039,N20270102,2027-01-03T14:45:00Z,900,true,0.917433,0.859255,0.839622,0.909936
N20270102-S040,N20270102,2027-01-03T15:00:00Z,900,true,0.830021,0.860059,0.852909,0.905006
N20270102-S041,N20270102,2027-01-03T15:15:00Z,900,true,0.815699,0.849616,0.894123,0.989551
N20270103-S001,N20270103,2027-01-04T05:15:00Z,900,true,0.924569,0.827300,0.826052,0.988060
N20270103-S002,N20270103,2027-01-04T05:30:00Z,900,true,0.926815,0.822160,0.830757,0.913817
N20270103-S003,N20270103,2027-01-04T05:45:00Z,900,true,0.969152,0.809666,0.849948,0.996289
N20270103-S004,N20270103,2027-01-04T06:00:00Z,900,true,1.019207,0.807899,0.812888,0.926536
N20270103-S005,N20270103,2027-01-04T06:15:00Z,900,true,0.970224,0.802415,0.832738,0.972632
N20270103-S006,N20270103,2027-01-04T06:30:00Z,900,true,0.963344,0.812725,0.842294,0.905647
N20270103-S007,N20270103,2027-01-04T06:45:00Z,900,false,,,,
N20270103-S008,N20270103,2027-01-04T07:00:00Z,900,true,0.969512,0.819849,0.879034,0.916543
N20270103-S009,N20270103,2027-01-04T07:15:00Z,900,true,0.946409,0.822935,0.840370,0.949338
N20270103-S010,N20270103,2027-01-04T07:30:00Z,900,true,0.966265,0.802860,0.858716,0.973140
N20270103-S011,N20270103,2027-01-04T07:45:00Z,900,true,0.950313,0.804429,0.871763,0.974154
N20270103-S012,N20270103,2027-01-04T08:00:00Z,900,true,0.955913,0.817758,0.855503,0.944710
N20270103-S013,N20270103,2027-01-04T08:15:00Z,900,true,1.012098,0.820907,0.862331,0.972615
N20270103-S014,N20270103,2027-01-04T08:30:00Z,900,true,0.971975,0.819709,0.860968,0.953218
N20270103-S015,N20270103,2027-01-04T08:45:00Z,900,true,0.959752,0.827561,0.843424,0.970198
N20270103-S016,N20270103,2027-01-04T09:00:00Z,900,true,0.992193,0.832204,0.825135,0.909261
N20270103-S017,N20270103,2027-01-04T09:15:00Z,900,true,1.011469,0.847985,0.839691,0.994548
N20270103-S018,N20270103,2027-01-04T09:30:00Z,900,true,1.036820,0.850439,0.812459,0.970475
N20270103-S019,N20270103,2027-01-04T09:45:00Z,900,true,1.059401,0.863938,0.827234,0.925442
N20270103-S020,N20270103,2027-01-04T10:00:00Z,900,true,0.992060,0.864602,0.797780,0.908702
N20270103-S021,N20270103,2027-01-04T10:15:00Z,900,true,0.993346,0.862244,0.802490,0.977473
N20270103-S022,N20270103,2027-01-04T10:30:00Z,900,true,0.989737,0.858318,0.794581,0.901719
N20270103-S023,N20270103,2027-01-04T10:45:00Z,900,true,0.974386,0.837911,0.815850,0.978656
N20270103-S024,N20270103,2027-01-04T11:00:00Z,900,true,0.974497,0.849642,0.824547,0.959899
N20270103-S025,N20270103,2027-01-04T11:15:00Z,900,true,0.934816,0.865175,0.856462,0.977464
N20270103-S026,N20270103,2027-01-04T11:30:00Z,900,true,0.953607,0.867558,0.823934,0.972994
N20270103-S027,N20270103,2027-01-04T11:45:00Z,900,true,0.982293,0.867190,0.812328,0.944808
N20270103-S028,N20270103,2027-01-04T12:00:00Z,900,true,0.961245,0.857296,0.815301,0.993686
N20270103-S029,N20270103,2027-01-04T12:15:00Z,900,true,0.990939,0.853109,0.788709,0.960564
N20270103-S030,N20270103,2027-01-04T12:30:00Z,900,true,0.976386,0.855793,0.786510,0.953997
N20270103-S031,N20270103,2027-01-04T12:45:00Z,900,true,0.994112,0.865941,0.790747,0.990847
N20270103-S032,N20270103,2027-01-04T13:00:00Z,900,true,0.981407,0.856241,0.750671,0.973828
N20270103-S033,N20270103,2027-01-04T13:15:00Z,900,true,0.975265,0.849686,0.775894,0.944761
N20270103-S034,N20270103,2027-01-04T13:30:00Z,900,true,0.936816,0.864391,0.746062,0.991960
N20270103-S035,N20270103,2027-01-04T13:45:00Z,900,true,0.936689,0.860873,0.766695,0.968324
N20270103-S036,N20270103,2027-01-04T14:00:00Z,900,true,0.912164,0.855554,0.777672,0.968433
N20270103-S037,N20270103,2027-01-04T14:15:00Z,900,true,0.918655,0.853954,0.831843,0.924050
N20270103-S038,N20270103,2027-01-04T14:30:00Z,900,true,0.955034,0.849135,0.858204,0.962642
N20270103-S039,N20270103,2027-01-04T14:45:00Z,900,true,0.920406,0.857491,0.861710,0.979840
N20270103-S040,N20270103,2027-01-04T15:00:00Z,900,true,0.951799,0.838492,0.864802,0.965750
N20270103-S041,N20270103,2027-01-04T15:15:00Z,900,true,0.949974,0.854222,0.893301,0.972886
N20270104-S001,N20270104,2027-01-05T05:15:00Z,900,true,0.903385,0.912841,0.926123,0.957965
N20270104-S002,N20270104,2027-01-05T05:30:00Z,900,false,,,,
N20270104-S003,N20270104,2027-01-05T05:45:00Z,900,false,,,,
N20270104-S004,N20270104,2027-01-05T06:00:00Z,900,false,,,,
N20270104-S005,N20270104,2027-01-05T06:15:00Z,900,false,,,,
N20270104-S006,N20270104,2027-01-05T06:30:00Z,900,false,,,,
N20270104-S007,N20270104,2027-01-05T06:45:00Z,900,false,,,,
N20270104-S008,N20270104,2027-01-05T07:00:00Z,900,true,0.969703,0.883784,0.895963,0.937265
N20270104-S009,N20270104,2027-01-05T07:15:00Z,900,true,0.980838,0.884038,0.926693,0.948148
N20270104-S010,N20270104,2027-01-05T07:30:00Z,900,true,0.946876,0.867820,0.907792,0.965581
N20270104-S011,N20270104,2027-01-05T07:45:00Z,900,true,0.971215,0.852887,0.881837,0.939580
N20270104-S012,N20270104,2027-01-05T08:00:00Z,900,true,0.961589,0.882296,0.909914,0.909406
N20270104-S013,N20270104,2027-01-05T08:15:00Z,900,true,1.008011,0.897714,0.900475,0.971743
N20270104-S014,N20270104,2027-01-05T08:30:00Z,900,true,0.983551,0.877707,0.893754,0.975684
N20270104-S015,N20270104,2027-01-05T08:45:00Z,900,true,0.966090,0.878944,0.899734,0.932011
N20270104-S016,N20270104,2027-01-05T09:00:00Z,900,true,0.946949,0.883735,0.892422,0.932502
N20270104-S017,N20270104,2027-01-05T09:15:00Z,900,true,0.928174,0.878092,0.888086,0.917144
N20270104-S018,N20270104,2027-01-05T09:30:00Z,900,true,0.902288,0.861276,0.890448,0.952901
N20270104-S019,N20270104,2027-01-05T09:45:00Z,900,true,0.927272,0.867625,0.917634,0.960237
N20270104-S020,N20270104,2027-01-05T10:00:00Z,900,true,0.889639,0.876084,0.905506,0.986890
N20270104-S021,N20270104,2027-01-05T10:15:00Z,900,true,0.877784,0.894719,0.884209,0.997074
N20270104-S022,N20270104,2027-01-05T10:30:00Z,900,true,0.860835,0.914845,0.887123,0.906936
N20270104-S023,N20270104,2027-01-05T10:45:00Z,900,true,0.819480,0.898854,0.895233,0.927890
N20270104-S024,N20270104,2027-01-05T11:00:00Z,900,true,0.800398,0.905163,0.939643,0.953621
N20270104-S025,N20270104,2027-01-05T11:15:00Z,900,false,,,,
N20270104-S026,N20270104,2027-01-05T11:30:00Z,900,true,0.751327,0.895249,0.904068,0.934531
N20270104-S027,N20270104,2027-01-05T11:45:00Z,900,true,0.749150,0.896314,0.910036,0.907593
N20270104-S028,N20270104,2027-01-05T12:00:00Z,900,true,0.811948,0.896030,0.885332,0.909980
N20270104-S029,N20270104,2027-01-05T12:15:00Z,900,true,0.824617,0.901518,0.883460,0.965933
N20270104-S030,N20270104,2027-01-05T12:30:00Z,900,true,0.776289,0.897559,0.885752,0.980185
N20270104-S031,N20270104,2027-01-05T12:45:00Z,900,true,0.807866,0.911582,0.898144,0.940950
N20270104-S032,N20270104,2027-01-05T13:00:00Z,900,true,0.813938,0.900710,0.918156,0.983726
N20270104-S033,N20270104,2027-01-05T13:15:00Z,900,true,0.811670,0.893803,0.913567,0.926622
N20270104-S034,N20270104,2027-01-05T13:30:00Z,900,true,0.817715,0.896691,0.937217,0.922656
N20270104-S035,N20270104,2027-01-05T13:45:00Z,900,true,0.874425,0.896356,0.932858,0.919648
N20270104-S036,N20270104,2027-01-05T14:00:00Z,900,true,0.914154,0.902733,0.953295,0.926664
N20270104-S037,N20270104,2027-01-05T14:15:00Z,900,true,0.924270,0.903154,0.938558,0.956373
N20270104-S038,N20270104,2027-01-05T14:30:00Z,900,true,0.948854,0.895795,0.928196,0.931351
N20270104-S039,N20270104,2027-01-05T14:45:00Z,900,true,1.010292,0.905860,0.922585,0.933827
N20270104-S040,N20270104,2027-01-05T15:00:00Z,900,true,0.958210,0.916176,0.896474,0.996386
N20270104-S041,N20270104,2027-01-05T15:15:00Z,900,true,1.009372,0.912180,0.922571,0.974594
N20270105-S001,N20270105,2027-01-06T05:30:00Z,900,true,1.011903,0.865016,0.919956,0.919524
N20270105-S002,N20270105,2027-01-06T05:45:00Z,900,true,1.010024,0.886571,0.890257,0.980381
N20270105-S003,N20270105,2027-01-06T06:00:00Z,900,true,0.967668,0.865005,0.909142,0.978344
N20270105-S004,N20270105,2027-01-06T06:15:00Z,900,true,0.949846,0.894753,0.911679,0.967150
N20270105-S005,N20270105,2027-01-06T06:30:00Z,900,true,0.941329,0.888976,0.904772,0.983882
N20270105-S006,N20270105,2027-01-06T06:45:00Z,900,true,0.963442,0.881702,0.903711,0.926221
N20270105-S007,N20270105,2027-01-06T07:00:00Z,900,true,0.933001,0.894092,0.908937,0.937457
N20270105-S008,N20270105,2027-01-06T07:15:00Z,900,true,0.916947,0.899133,0.935584,0.931066
N20270105-S009,N20270105,2027-01-06T07:30:00Z,900,true,0.893280,0.902695,0.947284,0.963151
N20270105-S010,N20270105,2027-01-06T07:45:00Z,900,true,0.933309,0.890883,0.947806,0.970306
N20270105-S011,N20270105,2027-01-06T08:00:00Z,900,true,0.897651,0.888961,0.943387,0.972188
N20270105-S012,N20270105,2027-01-06T08:15:00Z,900,true,0.864223,0.891971,0.917213,0.966998
N20270105-S013,N20270105,2027-01-06T08:30:00Z,900,true,0.924369,0.890310,0.919270,0.982399
N20270105-S014,N20270105,2027-01-06T08:45:00Z,900,true,0.989892,0.878023,0.893509,0.920107
N20270105-S015,N20270105,2027-01-06T09:00:00Z,900,true,0.995921,0.860281,0.885232,0.908667
N20270105-S016,N20270105,2027-01-06T09:15:00Z,900,true,0.968260,0.871178,0.865157,0.941587
N20270105-S017,N20270105,2027-01-06T09:30:00Z,900,true,0.991871,0.877712,0.913545,0.922827
N20270105-S018,N20270105,2027-01-06T09:45:00Z,900,true,1.005445,0.875651,0.913774,0.909097
N20270105-S019,N20270105,2027-01-06T10:00:00Z,900,true,0.993162,0.879160,0.941974,0.965897
N20270105-S020,N20270105,2027-01-06T10:15:00Z,900,true,0.983431,0.868799,0.921685,0.984971
N20270105-S021,N20270105,2027-01-06T10:30:00Z,900,true,0.999433,0.856201,0.934084,0.983735
N20270105-S022,N20270105,2027-01-06T10:45:00Z,900,true,1.001628,0.861387,0.934710,0.950576
N20270105-S023,N20270105,2027-01-06T11:00:00Z,900,true,1.007590,0.863680,0.940816,0.995439
N20270105-S024,N20270105,2027-01-06T11:15:00Z,900,true,0.996396,0.854033,0.908184,0.928712
N20270105-S025,N20270105,2027-01-06T11:30:00Z,900,true,0.996670,0.873515,0.919767,0.100000
N20270105-S026,N20270105,2027-01-06T11:45:00Z,900,true,0.961471,0.855573,0.914269,0.100000
N20270105-S027,N20270105,2027-01-06T12:00:00Z,900,true,0.916934,0.850476,0.925091,0.100000
N20270105-S028,N20270105,2027-01-06T12:15:00Z,900,true,0.965272,0.880088,0.898840,0.100000
N20270105-S029,N20270105,2027-01-06T12:30:00Z,900,true,0.962668,0.877603,0.904586,0.100000
N20270105-S030,N20270105,2027-01-06T12:45:00Z,900,true,1.012378,0.879490,0.892792,0.100000
N20270105-S031,N20270105,2027-01-06T13:00:00Z,900,true,0.989517,0.899854,0.913907,0.100000
N20270105-S032,N20270105,2027-01-06T13:15:00Z,900,true,1.011007,0.887069,0.904792,0.100000
N20270105-S033,N20270105,2027-01-06T13:30:00Z,900,true,1.023439,0.867222,0.910144,0.100000
N20270105-S034,N20270105,2027-01-06T13:45:00Z,900,true,0.995946,0.878327,0.914688,0.100000
N20270105-S035,N20270105,2027-01-06T14:00:00Z,900,true,0.957531,0.887393,0.903783,0.100000
N20270105-S036,N20270105,2027-01-06T14:15:00Z,900,true,0.951294,0.895273,0.911511,0.100000
N20270105-S037,N20270105,2027-01-06T14:30:00Z,900,true,0.921644,0.881193,0.929376,0.100000
N20270105-S038,N20270105,2027-01-06T14:45:00Z,900,true,0.931138,0.861541,0.927439,0.100000
N20270105-S039,N20270105,2027-01-06T15:00:00Z,900,true,0.924541,0.868293,0.899057,0.100000
N20270105-S040,N20270105,2027-01-06T15:15:00Z,900,true,1.004352,0.864229,0.915358,0.100000
N20270106-S001,N20270106,2027-01-07T05:30:00Z,900,true,1.009645,0.790775,0.961855,0.252384
N20270106-S002,N20270106,2027-01-07T05:45:00Z,900,true,0.926409,0.805287,0.972846,0.263465
N20270106-S003,N20270106,2027-01-07T06:00:00Z,900,true,0.900992,0.790537,0.954654,0.248757
N20270106-S004,N20270106,2027-01-07T06:15:00Z,900,true,1.014337,0.790401,0.960577,0.271209
N20270106-S005,N20270106,2027-01-07T06:30:00Z,900,true,0.971464,0.798000,0.994362,0.260558
N20270106-S006,N20270106,2027-01-07T06:45:00Z,900,true,0.967800,0.794237,0.980810,0.258702
N20270106-S007,N20270106,2027-01-07T07:00:00Z,900,true,0.976014,0.795412,0.967005,0.270958
N20270106-S008,N20270106,2027-01-07T07:15:00Z,900,true,0.978159,0.817562,0.929309,0.271073
N20270106-S009,N20270106,2027-01-07T07:30:00Z,900,true,0.987010,0.806370,0.920544,0.251253
N20270106-S010,N20270106,2027-01-07T07:45:00Z,900,true,0.986475,0.805693,0.930185,0.267314
N20270106-S011,N20270106,2027-01-07T08:00:00Z,900,true,0.973891,0.803847,0.930860,0.252399
N20270106-S012,N20270106,2027-01-07T08:15:00Z,900,false,,,,
N20270106-S013,N20270106,2027-01-07T08:30:00Z,900,false,,,,
N20270106-S014,N20270106,2027-01-07T08:45:00Z,900,false,,,,
N20270106-S015,N20270106,2027-01-07T09:00:00Z,900,false,,,,
N20270106-S016,N20270106,2027-01-07T09:15:00Z,900,false,,,,
N20270106-S017,N20270106,2027-01-07T09:30:00Z,900,false,,,,
N20270106-S018,N20270106,2027-01-07T09:45:00Z,900,false,,,,
N20270106-S019,N20270106,2027-01-07T10:00:00Z,900,false,,,,
N20270106-S020,N20270106,2027-01-07T10:15:00Z,900,false,,,,
N20270106-S021,N20270106,2027-01-07T10:30:00Z,900,false,,,,
N20270106-S022,N20270106,2027-01-07T10:45:00Z,900,false,,,,
N20270106-S023,N20270106,2027-01-07T11:00:00Z,900,false,,,,
N20270106-S024,N20270106,2027-01-07T11:15:00Z,900,false,,,,
N20270106-S025,N20270106,2027-01-07T11:30:00Z,900,false,,,,
N20270106-S026,N20270106,2027-01-07T11:45:00Z,900,false,,,,
N20270106-S027,N20270106,2027-01-07T12:00:00Z,900,false,,,,
N20270106-S028,N20270106,2027-01-07T12:15:00Z,900,false,,,,
N20270106-S029,N20270106,2027-01-07T12:30:00Z,900,false,,,,
N20270106-S030,N20270106,2027-01-07T12:45:00Z,900,false,,,,
N20270106-S031,N20270106,2027-01-07T13:00:00Z,900,false,,,,
N20270106-S032,N20270106,2027-01-07T13:15:00Z,900,true,1.095301,0.815379,0.966937,0.248520
N20270106-S033,N20270106,2027-01-07T13:30:00Z,900,true,1.119568,0.813831,0.975833,0.263502
N20270106-S034,N20270106,2027-01-07T13:45:00Z,900,true,1.104425,0.823733,0.951915,0.271009
N20270106-S035,N20270106,2027-01-07T14:00:00Z,900,true,1.072007,0.829757,0.935174,0.252487
N20270106-S036,N20270106,2027-01-07T14:15:00Z,900,false,,,,
N20270106-S037,N20270106,2027-01-07T14:30:00Z,900,true,1.097675,0.850813,0.933523,0.269722
N20270106-S038,N20270106,2027-01-07T14:45:00Z,900,true,1.109904,0.857959,0.964981,0.256763
N20270106-S039,N20270106,2027-01-07T15:00:00Z,900,true,1.085100,0.859743,0.965723,0.262482
N20270106-S040,N20270106,2027-01-07T15:15:00Z,900,true,1.044525,0.837478,0.976416,0.256555
N20270107-S001,N20270107,2027-01-08T05:30:00Z,900,true,1.076316,0.794110,0.963718,0.422011
N20270107-S002,N20270107,2027-01-08T05:45:00Z,900,true,1.087786,0.799948,0.953557,0.401291
N20270107-S003,N20270107,2027-01-08T06:00:00Z,900,true,1.136036,0.790982,0.955393,0.394944
N20270107-S004,N20270107,2027-01-08T06:15:00Z,900,true,1.152783,0.800845,0.953609,0.408341
N20270107-S005,N20270107,2027-01-08T06:30:00Z,900,true,1.218204,0.819290,0.964965,0.426557
N20270107-S006,N20270107,2027-01-08T06:45:00Z,900,true,1.187008,0.829532,0.966195,0.416349
N20270107-S007,N20270107,2027-01-08T07:00:00Z,900,true,1.175308,0.848043,0.931413,0.427483
N20270107-S008,N20270107,2027-01-08T07:15:00Z,900,true,1.204336,0.845295,0.897245,0.422171
N20270107-S009,N20270107,2027-01-08T07:30:00Z,900,true,1.182026,0.849317,0.901817,0.418784
N20270107-S010,N20270107,2027-01-08T07:45:00Z,900,true,1.188730,0.847901,0.944370,0.403066
N20270107-S011,N20270107,2027-01-08T08:00:00Z,900,true,1.142778,0.845914,0.949082,0.418295
N20270107-S012,N20270107,2027-01-08T08:15:00Z,900,false,,,,
N20270107-S013,N20270107,2027-01-08T08:30:00Z,900,true,1.143359,0.835691,0.995926,0.420558
N20270107-S014,N20270107,2027-01-08T08:45:00Z,900,true,1.084357,0.819946,0.977442,0.405962
N20270107-S015,N20270107,2027-01-08T09:00:00Z,900,true,1.079484,0.812860,1.004157,0.428112
N20270107-S016,N20270107,2027-01-08T09:15:00Z,900,true,1.057903,0.797710,1.033102,0.425862
N20270107-S017,N20270107,2027-01-08T09:30:00Z,900,true,1.114078,0.788999,1.015684,0.431598
N20270107-S018,N20270107,2027-01-08T09:45:00Z,900,true,1.177044,0.798173,1.000439,0.399938
N20270107-S019,N20270107,2027-01-08T10:00:00Z,900,true,1.152717,0.813478,0.982411,0.415831
N20270107-S020,N20270107,2027-01-08T10:15:00Z,900,true,1.158843,0.802579,0.962538,0.396734
N20270107-S021,N20270107,2027-01-08T10:30:00Z,900,true,1.159966,0.810188,0.977742,0.425263
N20270107-S022,N20270107,2027-01-08T10:45:00Z,900,true,1.135760,0.797561,0.992263,0.397007
N20270107-S023,N20270107,2027-01-08T11:00:00Z,900,true,1.178932,0.808582,0.983618,0.405286
N20270107-S024,N20270107,2027-01-08T11:15:00Z,900,true,1.163245,0.806429,0.960935,0.396316
N20270107-S025,N20270107,2027-01-08T11:30:00Z,900,true,1.140727,0.795249,0.992129,0.411022
N20270107-S026,N20270107,2027-01-08T11:45:00Z,900,true,1.113031,0.789958,0.983194,0.398146
N20270107-S027,N20270107,2027-01-08T12:00:00Z,900,true,1.152678,0.792036,0.970794,0.392767
N20270107-S028,N20270107,2027-01-08T12:15:00Z,900,true,1.103333,0.789943,0.976577,0.417863
N20270107-S029,N20270107,2027-01-08T12:30:00Z,900,true,1.095334,0.805012,0.957851,0.391832
N20270107-S030,N20270107,2027-01-08T12:45:00Z,900,true,1.087004,0.799839,0.955017,0.400826
N20270107-S031,N20270107,2027-01-08T13:00:00Z,900,true,1.080791,0.782110,0.964399,0.409681
N20270107-S032,N20270107,2027-01-08T13:15:00Z,900,true,1.059816,0.788036,0.951291,0.411584
N20270107-S033,N20270107,2027-01-08T13:30:00Z,900,true,1.118509,0.800881,0.941259,0.395337
N20270107-S034,N20270107,2027-01-08T13:45:00Z,900,true,1.125637,0.802193,0.939067,0.419510
N20270107-S035,N20270107,2027-01-08T14:00:00Z,900,true,1.088011,0.809562,0.953934,0.422397
N20270107-S036,N20270107,2027-01-08T14:15:00Z,900,true,1.114605,0.812584,0.963738,0.420652
N20270107-S037,N20270107,2027-01-08T14:30:00Z,900,true,1.145465,0.825077,0.935936,0.414664
N20270107-S038,N20270107,2027-01-08T14:45:00Z,900,true,1.152761,0.824254,0.937781,0.414113
N20270107-S039,N20270107,2027-01-08T15:00:00Z,900,true,1.103711,0.824871,0.979841,0.418539
N20270107-S040,N20270107,2027-01-08T15:15:00Z,900,true,1.092165,0.833772,0.992068,0.400746
N20270108-S001,N20270108,2027-01-09T05:30:00Z,900,true,1.057686,0.830606,0.967992,0.531077
N20270108-S002,N20270108,2027-01-09T05:45:00Z,900,true,1.090631,0.814190,0.962599,0.538562
N20270108-S003,N20270108,2027-01-09T06:00:00Z,900,true,1.121153,0.833381,0.926459,0.536197
N20270108-S004,N20270108,2027-01-09T06:15:00Z,900,true,1.102414,0.846116,0.920888,0.522993
N20270108-S005,N20270108,2027-01-09T06:30:00Z,900,true,1.075539,0.853554,0.894366,0.514783
N20270108-S006,N20270108,2027-01-09T06:45:00Z,900,true,1.095699,0.863866,0.931384,0.529215
N20270108-S007,N20270108,2027-01-09T07:00:00Z,900,true,1.089545,0.858688,0.923001,0.528171
N20270108-S008,N20270108,2027-01-09T07:15:00Z,900,true,1.077912,0.868473,0.890420,0.512754
N20270108-S009,N20270108,2027-01-09T07:30:00Z,900,true,1.130359,0.869332,0.903399,0.558674
N20270108-S010,N20270108,2027-01-09T07:45:00Z,900,true,1.096744,0.852928,0.935488,0.544337
N20270108-S011,N20270108,2027-01-09T08:00:00Z,900,true,1.108633,0.839170,0.956205,0.553943
N20270108-S012,N20270108,2027-01-09T08:15:00Z,900,false,,,,
N20270108-S013,N20270108,2027-01-09T08:30:00Z,900,false,,,,
N20270108-S014,N20270108,2027-01-09T08:45:00Z,900,false,,,,
N20270108-S015,N20270108,2027-01-09T09:00:00Z,900,false,,,,
N20270108-S016,N20270108,2027-01-09T09:15:00Z,900,false,,,,
N20270108-S017,N20270108,2027-01-09T09:30:00Z,900,false,,,,
N20270108-S018,N20270108,2027-01-09T09:45:00Z,900,false,,,,
N20270108-S019,N20270108,2027-01-09T10:00:00Z,900,false,,,,
N20270108-S020,N20270108,2027-01-09T10:15:00Z,900,false,,,,
N20270108-S021,N20270108,2027-01-09T10:30:00Z,900,false,,,,
N20270108-S022,N20270108,2027-01-09T10:45:00Z,900,false,,,,
N20270108-S023,N20270108,2027-01-09T11:00:00Z,900,false,,,,
N20270108-S024,N20270108,2027-01-09T11:15:00Z,900,false,,,,
N20270108-S025,N20270108,2027-01-09T11:30:00Z,900,false,,,,
N20270108-S026,N20270108,2027-01-09T11:45:00Z,900,false,,,,
N20270108-S027,N20270108,2027-01-09T12:00:00Z,900,false,,,,
N20270108-S028,N20270108,2027-01-09T12:15:00Z,900,false,,,,
N20270108-S029,N20270108,2027-01-09T12:30:00Z,900,false,,,,
N20270108-S030,N20270108,2027-01-09T12:45:00Z,900,false,,,,
N20270108-S031,N20270108,2027-01-09T13:00:00Z,900,false,,,,
N20270108-S032,N20270108,2027-01-09T13:15:00Z,900,false,,,,
N20270108-S033,N20270108,2027-01-09T13:30:00Z,900,false,,,,
N20270108-S034,N20270108,2027-01-09T13:45:00Z,900,false,,,,
N20270108-S035,N20270108,2027-01-09T14:00:00Z,900,false,,,,
N20270108-S036,N20270108,2027-01-09T14:15:00Z,900,true,1.051529,0.857024,0.924581,0.541869
N20270108-S037,N20270108,2027-01-09T14:30:00Z,900,true,0.998006,0.860383,0.942743,0.519362
N20270108-S038,N20270108,2027-01-09T14:45:00Z,900,true,1.039536,0.872270,0.958089,0.517958
N20270108-S039,N20270108,2027-01-09T15:00:00Z,900,true,1.050119,0.846680,0.958913,0.514294
N20270108-S040,N20270108,2027-01-09T15:15:00Z,900,true,1.065922,0.852956,0.963939,0.531799
N20270109-S001,N20270109,2027-01-10T05:30:00Z,900,true,0.986728,0.849525,0.953229,0.638367
N20270109-S002,N20270109,2027-01-10T05:45:00Z,900,true,0.999956,0.840659,0.956472,0.593789
N20270109-S003,N20270109,2027-01-10T06:00:00Z,900,true,0.989780,0.842057,0.962314,0.622259
N20270109-S004,N20270109,2027-01-10T06:15:00Z,900,true,0.947180,0.855121,0.952192,0.600385
N20270109-S005,N20270109,2027-01-10T06:30:00Z,900,true,0.935827,0.867021,0.972316,0.640968
N20270109-S006,N20270109,2027-01-10T06:45:00Z,900,true,0.918863,0.884540,0.979537,0.595636
N20270109-S007,N20270109,2027-01-10T07:00:00Z,900,true,0.930171,0.882875,0.981138,0.604802
N20270109-S008,N20270109,2027-01-10T07:15:00Z,900,true,0.994107,0.870185,0.975639,0.612706
N20270109-S009,N20270109,2027-01-10T07:30:00Z,900,true,1.077444,0.877845,0.972540,0.652222
N20270109-S010,N20270109,2027-01-10T07:45:00Z,900,true,1.080886,0.876140,0.976137,0.632407
N20270109-S011,N20270109,2027-01-10T08:00:00Z,900,true,1.097768,0.884701,0.972840,0.631787
N20270109-S012,N20270109,2027-01-10T08:15:00Z,900,true,1.169659,0.874567,0.970022,0.599891
N20270109-S013,N20270109,2027-01-10T08:30:00Z,900,true,1.148652,0.874911,0.987382,0.631347
N20270109-S014,N20270109,2027-01-10T08:45:00Z,900,true,1.116711,0.868220,0.975337,0.594273
N20270109-S015,N20270109,2027-01-10T09:00:00Z,900,true,1.187277,0.869844,0.961607,0.613080
N20270109-S016,N20270109,2027-01-10T09:15:00Z,900,true,1.139709,0.856719,0.975522,0.614760
N20270109-S017,N20270109,2027-01-10T09:30:00Z,900,true,1.139698,0.869233,0.950404,0.641804
N20270109-S018,N20270109,2027-01-10T09:45:00Z,900,true,1.111704,0.874876,0.946339,0.649004
N20270109-S019,N20270109,2027-01-10T10:00:00Z,900,true,1.148747,0.869067,0.963876,0.651512
N20270109-S020,N20270109,2027-01-10T10:15:00Z,900,true,1.124201,0.857206,0.960430,0.625899
N20270109-S021,N20270109,2027-01-10T10:30:00Z,900,true,1.115110,0.848092,0.955285,0.622360
N20270109-S022,N20270109,2027-01-10T10:45:00Z,900,true,1.079037,0.825163,0.978567,0.596803
N20270109-S023,N20270109,2027-01-10T11:00:00Z,900,true,1.082346,0.814282,0.966606,0.596934
N20270109-S024,N20270109,2027-01-10T11:15:00Z,900,true,1.062445,0.821216,0.955091,0.619980
N20270109-S025,N20270109,2027-01-10T11:30:00Z,900,true,1.026161,0.831850,0.959052,0.599495
N20270109-S026,N20270109,2027-01-10T11:45:00Z,900,true,0.991604,0.807814,0.960235,0.629937
N20270109-S027,N20270109,2027-01-10T12:00:00Z,900,true,1.013425,0.819964,0.902405,0.627230
N20270109-S028,N20270109,2027-01-10T12:15:00Z,900,true,0.997271,0.818769,0.918808,0.607390
N20270109-S029,N20270109,2027-01-10T12:30:00Z,900,true,1.023354,0.847318,0.934642,0.623785
N20270109-S030,N20270109,2027-01-10T12:45:00Z,900,true,1.067994,0.869197,0.946793,0.602445
N20270109-S031,N20270109,2027-01-10T13:00:00Z,900,true,1.071772,0.872706,0.947448,0.652033
N20270109-S032,N20270109,2027-01-10T13:15:00Z,900,true,1.178710,0.883399,0.946859,0.603768
N20270109-S033,N20270109,2027-01-10T13:30:00Z,900,true,1.140978,0.883007,0.941832,0.652968
N20270109-S034,N20270109,2027-01-10T13:45:00Z,900,true,1.155056,0.874165,0.940956,0.629649
N20270109-S035,N20270109,2027-01-10T14:00:00Z,900,true,1.153101,0.853357,0.939040,0.606526
N20270109-S036,N20270109,2027-01-10T14:15:00Z,900,true,1.147166,0.844874,0.959258,0.602287
N20270109-S037,N20270109,2027-01-10T14:30:00Z,900,true,1.139305,0.838546,0.971603,0.626367
N20270109-S038,N20270109,2027-01-10T14:45:00Z,900,false,,,,
N20270109-S039,N20270109,2027-01-10T15:00:00Z,900,false,,,,
N20270109-S040,N20270109,2027-01-10T15:15:00Z,900,false,,,,
N20270110-S001,N20270110,2027-01-11T05:30:00Z,900,true,1.067844,0.878170,0.987677,0.724942
N20270110-S002,N20270110,2027-01-11T05:45:00Z,900,true,1.075664,0.905259,1.008013,0.700139
N20270110-S003,N20270110,2027-01-11T06:00:00Z,900,true,1.080506,0.900176,0.977034,0.684546
N20270110-S004,N20270110,2027-01-11T06:15:00Z,900,true,1.081500,0.878936,0.978078,0.720475
N20270110-S005,N20270110,2027-01-11T06:30:00Z,900,true,1.082418,0.904335,0.942455,0.695456
N20270110-S006,N20270110,2027-01-11T06:45:00Z,900,true,1.097628,0.881278,0.975488,0.730303
N20270110-S007,N20270110,2027-01-11T07:00:00Z,900,true,1.109605,0.893111,0.977032,0.696989
N20270110-S008,N20270110,2027-01-11T07:15:00Z,900,true,1.107991,0.880461,0.990071,0.667201
N20270110-S009,N20270110,2027-01-11T07:30:00Z,900,true,1.113368,0.882198,0.979087,0.710027
N20270110-S010,N20270110,2027-01-11T07:45:00Z,900,false,,,,
N20270110-S011,N20270110,2027-01-11T08:00:00Z,900,false,,,,
N20270110-S012,N20270110,2027-01-11T08:15:00Z,900,false,,,,
N20270110-S013,N20270110,2027-01-11T08:30:00Z,900,false,,,,
N20270110-S014,N20270110,2027-01-11T08:45:00Z,900,false,,,,
N20270110-S015,N20270110,2027-01-11T09:00:00Z,900,false,,,,
N20270110-S016,N20270110,2027-01-11T09:15:00Z,900,false,,,,
N20270110-S017,N20270110,2027-01-11T09:30:00Z,900,false,,,,
N20270110-S018,N20270110,2027-01-11T09:45:00Z,900,false,,,,
N20270110-S019,N20270110,2027-01-11T10:00:00Z,900,false,,,,
N20270110-S020,N20270110,2027-01-11T10:15:00Z,900,false,,,,
N20270110-S021,N20270110,2027-01-11T10:30:00Z,900,false,,,,
N20270110-S022,N20270110,2027-01-11T10:45:00Z,900,false,,,,
N20270110-S023,N20270110,2027-01-11T11:00:00Z,900,false,,,,
N20270110-S024,N20270110,2027-01-11T11:15:00Z,900,false,,,,
N20270110-S025,N20270110,2027-01-11T11:30:00Z,900,false,,,,
N20270110-S026,N20270110,2027-01-11T11:45:00Z,900,false,,,,
N20270110-S027,N20270110,2027-01-11T12:00:00Z,900,false,,,,
N20270110-S028,N20270110,2027-01-11T12:15:00Z,900,false,,,,
N20270110-S029,N20270110,2027-01-11T12:30:00Z,900,false,,,,
N20270110-S030,N20270110,2027-01-11T12:45:00Z,900,false,,,,
N20270110-S031,N20270110,2027-01-11T13:00:00Z,900,false,,,,
N20270110-S032,N20270110,2027-01-11T13:15:00Z,900,false,,,,
N20270110-S033,N20270110,2027-01-11T13:30:00Z,900,false,,,,
N20270110-S034,N20270110,2027-01-11T13:45:00Z,900,false,,,,
N20270110-S035,N20270110,2027-01-11T14:00:00Z,900,false,,,,
N20270110-S036,N20270110,2027-01-11T14:15:00Z,900,false,,,,
N20270110-S037,N20270110,2027-01-11T14:30:00Z,900,false,,,,
N20270110-S038,N20270110,2027-01-11T14:45:00Z,900,false,,,,
N20270110-S039,N20270110,2027-01-11T15:00:00Z,900,false,,,,
N20270110-S040,N20270110,2027-01-11T15:15:00Z,900,false,,,,
N20270111-S001,N20270111,2027-01-12T05:30:00Z,900,false,,,,
N20270111-S002,N20270111,2027-01-12T05:45:00Z,900,false,,,,
N20270111-S003,N20270111,2027-01-12T06:00:00Z,900,false,,,,
N20270111-S004,N20270111,2027-01-12T06:15:00Z,900,false,,,,
N20270111-S005,N20270111,2027-01-12T06:30:00Z,900,false,,,,
N20270111-S006,N20270111,2027-01-12T06:45:00Z,900,false,,,,
N20270111-S007,N20270111,2027-01-12T07:00:00Z,900,false,,,,
N20270111-S008,N20270111,2027-01-12T07:15:00Z,900,false,,,,
N20270111-S009,N20270111,2027-01-12T07:30:00Z,900,true,1.024068,0.981035,0.898174,0.737520
N20270111-S010,N20270111,2027-01-12T07:45:00Z,900,true,1.025674,0.960502,0.892756,0.783969
N20270111-S011,N20270111,2027-01-12T08:00:00Z,900,true,1.012256,0.970967,0.901604,0.753490
N20270111-S012,N20270111,2027-01-12T08:15:00Z,900,true,0.996703,0.967228,0.921167,0.754627
N20270111-S013,N20270111,2027-01-12T08:30:00Z,900,true,0.974083,0.969045,0.900114,0.787000
N20270111-S014,N20270111,2027-01-12T08:45:00Z,900,true,1.004428,0.983476,0.921579,0.779270
N20270111-S015,N20270111,2027-01-12T09:00:00Z,900,true,0.973279,0.998129,0.906853,0.731863
N20270111-S016,N20270111,2027-01-12T09:15:00Z,900,true,0.915657,1.000000,0.904851,0.791801
N20270111-S017,N20270111,2027-01-12T09:30:00Z,900,true,0.901697,1.000000,0.902354,0.718546
N20270111-S018,N20270111,2027-01-12T09:45:00Z,900,true,0.949872,1.000000,0.904143,0.754481
N20270111-S019,N20270111,2027-01-12T10:00:00Z,900,true,0.906191,0.998073,0.888265,0.773483
N20270111-S020,N20270111,2027-01-12T10:15:00Z,900,true,0.924382,0.983091,0.895470,0.776524
N20270111-S021,N20270111,2027-01-12T10:30:00Z,900,true,0.914535,0.982459,0.895619,0.783807
N20270111-S022,N20270111,2027-01-12T10:45:00Z,900,true,0.977491,0.982454,0.904498,0.783365
N20270111-S023,N20270111,2027-01-12T11:00:00Z,900,true,0.928638,0.966947,0.904182,0.724031
N20270111-S024,N20270111,2027-01-12T11:15:00Z,900,true,0.929157,0.951383,0.913400,0.786262
N20270111-S025,N20270111,2027-01-12T11:30:00Z,900,true,0.910061,0.924104,0.898637,0.755951
N20270111-S026,N20270111,2027-01-12T11:45:00Z,900,true,0.906310,0.946523,0.936430,0.762499
N20270111-S027,N20270111,2027-01-12T12:00:00Z,900,true,0.942477,0.919003,0.940221,0.716421
N20270111-S028,N20270111,2027-01-12T12:15:00Z,900,true,0.893384,0.907392,0.925214,0.776874
N20270111-S029,N20270111,2027-01-12T12:30:00Z,900,true,0.952424,0.886828,0.911981,0.714127
N20270111-S030,N20270111,2027-01-12T12:45:00Z,900,true,0.976370,0.890454,0.902743,0.749092
N20270111-S031,N20270111,2027-01-12T13:00:00Z,900,true,0.996893,0.895312,0.912921,0.789293
N20270111-S032,N20270111,2027-01-12T13:15:00Z,900,true,0.977860,0.898706,0.928120,0.771563
N20270111-S033,N20270111,2027-01-12T13:30:00Z,900,true,0.975826,0.895057,0.931996,0.723799
N20270111-S034,N20270111,2027-01-12T13:45:00Z,900,true,1.006632,0.897562,0.916670,0.736140
N20270111-S035,N20270111,2027-01-12T14:00:00Z,900,true,1.009580,0.909359,0.909130,0.784130
N20270111-S036,N20270111,2027-01-12T14:15:00Z,900,true,1.031024,0.914381,0.894623,0.716301
N20270111-S037,N20270111,2027-01-12T14:30:00Z,900,true,1.078417,0.937438,0.904400,0.731606
N20270111-S038,N20270111,2027-01-12T14:45:00Z,900,true,1.117517,0.912136,0.942695,0.741921
N20270111-S039,N20270111,2027-01-12T15:00:00Z,900,true,1.092496,0.903789,0.940040,0.726377
N20270111-S040,N20270111,2027-01-12T15:15:00Z,900,true,1.119307,0.917143,0.930555,0.744168
N20270112-S001,N20270112,2027-01-13T05:30:00Z,900,true,1.064438,0.954323,0.830497,0.789276
N20270112-S002,N20270112,2027-01-13T05:45:00Z,900,true,1.078529,0.959432,0.837788,0.831309
N20270112-S003,N20270112,2027-01-13T06:00:00Z,900,true,1.094117,0.951314,0.846647,0.761879
N20270112-S004,N20270112,2027-01-13T06:15:00Z,900,true,1.095190,0.944406,0.825763,0.811046
N20270112-S005,N20270112,2027-01-13T06:30:00Z,900,true,1.086569,0.923986,0.829003,0.835642
N20270112-S006,N20270112,2027-01-13T06:45:00Z,900,true,1.054340,0.940438,0.818780,0.790987
N20270112-S007,N20270112,2027-01-13T07:00:00Z,900,true,1.025528,0.941735,0.813214,0.781676
N20270112-S008,N20270112,2027-01-13T07:15:00Z,900,true,1.062312,0.951721,0.794211,0.814489
N20270112-S009,N20270112,2027-01-13T07:30:00Z,900,true,1.020622,0.933031,0.831722,0.766467
N20270112-S010,N20270112,2027-01-13T07:45:00Z,900,true,0.991249,0.934957,0.840441,0.758626
N20270112-S011,N20270112,2027-01-13T08:00:00Z,900,true,0.994611,0.939447,0.818809,0.797573
N20270112-S012,N20270112,2027-01-13T08:15:00Z,900,true,0.980685,0.963882,0.827491,0.760654
N20270112-S013,N20270112,2027-01-13T08:30:00Z,900,true,1.052718,0.963149,0.830475,0.759354
N20270112-S014,N20270112,2027-01-13T08:45:00Z,900,true,1.062201,0.966092,0.830054,0.815625
N20270112-S015,N20270112,2027-01-13T09:00:00Z,900,true,1.028503,0.960718,0.840511,0.761870
N20270112-S016,N20270112,2027-01-13T09:15:00Z,900,true,1.032345,0.970959,0.827879,0.786651
N20270112-S017,N20270112,2027-01-13T09:30:00Z,900,true,1.088373,0.976716,0.830478,0.812389
N20270112-S018,N20270112,2027-01-13T09:45:00Z,900,true,1.115183,0.977797,0.829101,0.782876
N20270112-S019,N20270112,2027-01-13T10:00:00Z,900,true,1.085266,0.987965,0.843724,0.764995
N20270112-S020,N20270112,2027-01-13T10:15:00Z,900,true,1.011847,0.958080,0.844041,0.783521
N20270112-S021,N20270112,2027-01-13T10:30:00Z,900,true,1.004996,0.947908,0.841420,0.778697
N20270112-S022,N20270112,2027-01-13T10:45:00Z,900,true,1.058693,0.949812,0.835785,0.812753
N20270112-S023,N20270112,2027-01-13T11:00:00Z,900,true,1.054453,0.953950,0.844345,0.792532
N20270112-S024,N20270112,2027-01-13T11:15:00Z,900,true,1.031519,0.935878,0.836994,0.837632
N20270112-S025,N20270112,2027-01-13T11:30:00Z,900,true,1.013479,0.928920,0.828825,0.775986
N20270112-S026,N20270112,2027-01-13T11:45:00Z,900,true,1.043578,0.933187,0.832705,0.827748
N20270112-S027,N20270112,2027-01-13T12:00:00Z,900,true,1.021018,0.935006,0.855493,0.794705
N20270112-S028,N20270112,2027-01-13T12:15:00Z,900,true,1.049485,0.933916,0.871659,0.822203
N20270112-S029,N20270112,2027-01-13T12:30:00Z,900,true,1.053054,0.965494,0.880262,0.834840
N20270112-S030,N20270112,2027-01-13T12:45:00Z,900,true,1.102892,0.959790,0.859235,0.800682
N20270112-S031,N20270112,2027-01-13T13:00:00Z,900,true,1.083485,0.958137,0.853309,0.831997
N20270112-S032,N20270112,2027-01-13T13:15:00Z,900,true,1.076238,0.989840,0.861820,0.766683
N20270112-S033,N20270112,2027-01-13T13:30:00Z,900,true,1.099846,0.981398,0.854159,0.802929
N20270112-S034,N20270112,2027-01-13T13:45:00Z,900,true,1.105787,0.992317,0.845483,0.800791
N20270112-S035,N20270112,2027-01-13T14:00:00Z,900,true,1.079680,1.000000,0.844977,0.828438
N20270112-S036,N20270112,2027-01-13T14:15:00Z,900,true,1.054817,0.988141,0.855378,0.781941
N20270112-S037,N20270112,2027-01-13T14:30:00Z,900,true,1.032424,0.968738,0.880347,0.800752
N20270112-S038,N20270112,2027-01-13T14:45:00Z,900,true,1.067302,0.967021,0.860879,0.833866
N20270112-S039,N20270112,2027-01-13T15:00:00Z,900,true,1.089308,0.967547,0.873126,0.804031
N20270112-S040,N20270112,2027-01-13T15:15:00Z,900,true,1.106846,0.977384,0.829760,0.754728
N20270113-S001,N20270113,2027-01-14T05:30:00Z,900,true,0.827595,0.856237,0.855910,0.822295
N20270113-S002,N20270113,2027-01-14T05:45:00Z,900,true,0.862430,0.851013,0.882250,0.837934
N20270113-S003,N20270113,2027-01-14T06:00:00Z,900,true,0.853253,0.853278,0.891477,0.798738
N20270113-S004,N20270113,2027-01-14T06:15:00Z,900,true,0.804898,0.845482,0.896370,0.870149
N20270113-S005,N20270113,2027-01-14T06:30:00Z,900,true,0.820058,0.845768,0.892501,0.869616
N20270113-S006,N20270113,2027-01-14T06:45:00Z,900,true,0.830799,0.843894,0.880581,0.850208
N20270113-S007,N20270113,2027-01-14T07:00:00Z,900,true,0.888881,0.848026,0.891743,0.797521
N20270113-S008,N20270113,2027-01-14T07:15:00Z,900,true,0.893065,0.848263,0.904428,0.805301
N20270113-S009,N20270113,2027-01-14T07:30:00Z,900,true,0.866543,0.833888,0.907530,0.870661
N20270113-S010,N20270113,2027-01-14T07:45:00Z,900,true,0.855591,0.826190,0.912467,0.809406
N20270113-S011,N20270113,2027-01-14T08:00:00Z,900,true,0.854637,0.814307,0.911238,0.843978
N20270113-S012,N20270113,2027-01-14T08:15:00Z,900,true,0.914171,0.829965,0.901940,0.823051
N20270113-S013,N20270113,2027-01-14T08:30:00Z,900,true,0.909719,0.840987,0.906245,0.821978
N20270113-S014,N20270113,2027-01-14T08:45:00Z,900,true,0.912613,0.846229,0.876285,0.870131
N20270113-S015,N20270113,2027-01-14T09:00:00Z,900,true,0.862621,0.840595,0.856930,0.843759
N20270113-S016,N20270113,2027-01-14T09:15:00Z,900,true,0.867047,0.812765,0.893886,0.822810
N20270113-S017,N20270113,2027-01-14T09:30:00Z,900,true,0.813434,0.824666,0.869855,0.789885
N20270113-S018,N20270113,2027-01-14T09:45:00Z,900,true,0.768262,0.833821,0.838360,0.804806
N20270113-S019,N20270113,2027-01-14T10:00:00Z,900,true,0.833687,0.829321,0.827747,0.796002
N20270113-S020,N20270113,2027-01-14T10:15:00Z,900,true,0.828552,0.818491,0.844069,0.830829
N20270113-S021,N20270113,2027-01-14T10:30:00Z,900,true,0.866684,0.836640,0.803365,0.791073
N20270113-S022,N20270113,2027-01-14T10:45:00Z,900,true,0.853643,0.846685,0.806551,0.847545
N20270113-S023,N20270113,2027-01-14T11:00:00Z,900,true,0.854698,0.856060,0.804325,0.869379
N20270113-S024,N20270113,2027-01-14T11:15:00Z,900,true,0.901234,0.828919,0.814957,0.862292
N20270113-S025,N20270113,2027-01-14T11:30:00Z,900,true,0.857995,0.852007,0.809405,0.825151
N20270113-S026,N20270113,2027-01-14T11:45:00Z,900,true,0.839855,0.842559,0.803642,0.802513
N20270113-S027,N20270113,2027-01-14T12:00:00Z,900,true,0.864406,0.829660,0.829781,0.818440
N20270113-S028,N20270113,2027-01-14T12:15:00Z,900,true,0.911173,0.811480,0.838868,0.803628
N20270113-S029,N20270113,2027-01-14T12:30:00Z,900,true,0.839394,0.834152,0.831351,0.796978
N20270113-S030,N20270113,2027-01-14T12:45:00Z,900,true,0.840886,0.857721,0.856007,0.868667
N20270113-S031,N20270113,2027-01-14T13:00:00Z,900,true,0.816112,0.854276,0.822542,0.826175
N20270113-S032,N20270113,2027-01-14T13:15:00Z,900,true,0.811411,0.852779,0.809377,0.867870
N20270113-S033,N20270113,2027-01-14T13:30:00Z,900,true,0.852713,0.827742,0.815818,0.858269
N20270113-S034,N20270113,2027-01-14T13:45:00Z,900,true,0.805559,0.827785,0.840925,0.802888
N20270113-S035,N20270113,2027-01-14T14:00:00Z,900,true,0.828828,0.831271,0.848846,0.844044
N20270113-S036,N20270113,2027-01-14T14:15:00Z,900,true,0.855585,0.831793,0.833463,0.865012
N20270113-S037,N20270113,2027-01-14T14:30:00Z,900,true,0.833408,0.825462,0.833031,0.815111
N20270113-S038,N20270113,2027-01-14T14:45:00Z,900,true,0.863577,0.831300,0.820988,0.852331
N20270113-S039,N20270113,2027-01-14T15:00:00Z,900,true,0.906127,0.858121,0.827667,0.788062
N20270113-S040,N20270113,2027-01-14T15:15:00Z,900,true,0.886479,0.847286,0.804171,0.867327
N20270114-S001,N20270114,2027-01-15T05:30:00Z,900,true,0.867414,0.782760,0.887958,0.884625
N20270114-S002,N20270114,2027-01-15T05:45:00Z,900,true,0.900978,0.755544,0.884545,0.878033
N20270114-S003,N20270114,2027-01-15T06:00:00Z,900,true,0.850568,0.785708,0.870799,0.895771
N20270114-S004,N20270114,2027-01-15T06:15:00Z,900,true,0.793709,0.791993,0.867109,0.851298
N20270114-S005,N20270114,2027-01-15T06:30:00Z,900,true,0.767003,0.816309,0.879642,0.829128
N20270114-S006,N20270114,2027-01-15T06:45:00Z,900,true,0.802115,0.835621,0.880176,0.848316
N20270114-S007,N20270114,2027-01-15T07:00:00Z,900,true,0.853071,0.841848,0.894078,0.881333
N20270114-S008,N20270114,2027-01-15T07:15:00Z,900,true,0.802923,0.832170,0.874658,0.883708
N20270114-S009,N20270114,2027-01-15T07:30:00Z,900,true,0.807467,0.839930,0.883942,0.848515
N20270114-S010,N20270114,2027-01-15T07:45:00Z,900,true,0.749702,0.816835,0.879314,0.880102
N20270114-S011,N20270114,2027-01-15T08:00:00Z,900,true,0.747983,0.819964,0.876134,0.812082
N20270114-S012,N20270114,2027-01-15T08:15:00Z,900,true,0.744192,0.833662,0.875909,0.821567
N20270114-S013,N20270114,2027-01-15T08:30:00Z,900,true,0.734490,0.826549,0.849092,0.868260
N20270114-S014,N20270114,2027-01-15T08:45:00Z,900,true,0.784122,0.852844,0.863603,0.834910
N20270114-S015,N20270114,2027-01-15T09:00:00Z,900,true,0.769780,0.857869,0.906061,0.880777
N20270114-S016,N20270114,2027-01-15T09:15:00Z,900,true,0.827040,0.837671,0.901972,0.827637
N20270114-S017,N20270114,2027-01-15T09:30:00Z,900,false,,,,
N20270114-S018,N20270114,2027-01-15T09:45:00Z,900,false,,,,
N20270114-S019,N20270114,2027-01-15T10:00:00Z,900,false,,,,
N20270114-S020,N20270114,2027-01-15T10:15:00Z,900,false,,,,
N20270114-S021,N20270114,2027-01-15T10:30:00Z,900,false,,,,
N20270114-S022,N20270114,2027-01-15T10:45:00Z,900,false,,,,
N20270114-S023,N20270114,2027-01-15T11:00:00Z,900,false,,,,
N20270114-S024,N20270114,2027-01-15T11:15:00Z,900,false,,,,
N20270114-S025,N20270114,2027-01-15T11:30:00Z,900,false,,,,
N20270114-S026,N20270114,2027-01-15T11:45:00Z,900,false,,,,
N20270114-S027,N20270114,2027-01-15T12:00:00Z,900,false,,,,
N20270114-S028,N20270114,2027-01-15T12:15:00Z,900,false,,,,
N20270114-S029,N20270114,2027-01-15T12:30:00Z,900,false,,,,
N20270114-S030,N20270114,2027-01-15T12:45:00Z,900,false,,,,
N20270114-S031,N20270114,2027-01-15T13:00:00Z,900,false,,,,
N20270114-S032,N20270114,2027-01-15T13:15:00Z,900,false,,,,
N20270114-S033,N20270114,2027-01-15T13:30:00Z,900,false,,,,
N20270114-S034,N20270114,2027-01-15T13:45:00Z,900,false,,,,
N20270114-S035,N20270114,2027-01-15T14:00:00Z,900,false,,,,
N20270114-S036,N20270114,2027-01-15T14:15:00Z,900,false,,,,
N20270114-S037,N20270114,2027-01-15T14:30:00Z,900,false,,,,
N20270114-S038,N20270114,2027-01-15T14:45:00Z,900,false,,,,
N20270114-S039,N20270114,2027-01-15T15:00:00Z,900,false,,,,
N20270114-S040,N20270114,2027-01-15T15:15:00Z,900,false,,,,
N20270115-S001,N20270115,2027-01-16T05:30:00Z,900,false,,,,
N20270115-S002,N20270115,2027-01-16T05:45:00Z,900,false,,,,
N20270115-S003,N20270115,2027-01-16T06:00:00Z,900,false,,,,
N20270115-S004,N20270115,2027-01-16T06:15:00Z,900,false,,,,
N20270115-S005,N20270115,2027-01-16T06:30:00Z,900,false,,,,
N20270115-S006,N20270115,2027-01-16T06:45:00Z,900,false,,,,
N20270115-S007,N20270115,2027-01-16T07:00:00Z,900,false,,,,
N20270115-S008,N20270115,2027-01-16T07:15:00Z,900,false,,,,
N20270115-S009,N20270115,2027-01-16T07:30:00Z,900,false,,,,
N20270115-S010,N20270115,2027-01-16T07:45:00Z,900,true,0.917344,0.741501,0.909432,0.873330
N20270115-S011,N20270115,2027-01-16T08:00:00Z,900,true,0.861569,0.750785,0.930561,0.865051
N20270115-S012,N20270115,2027-01-16T08:15:00Z,900,true,0.852958,0.758801,0.926096,0.857528
N20270115-S013,N20270115,2027-01-16T08:30:00Z,900,true,0.844672,0.751535,0.928975,0.907757
N20270115-S014,N20270115,2027-01-16T08:45:00Z,900,true,0.807720,0.737940,0.962544,0.874316
N20270115-S015,N20270115,2027-01-16T09:00:00Z,900,true,0.770511,0.739197,0.969436,0.848754
N20270115-S016,N20270115,2027-01-16T09:15:00Z,900,true,0.781050,0.739835,0.961368,0.859919
N20270115-S017,N20270115,2027-01-16T09:30:00Z,900,true,0.833112,0.756345,0.953818,0.896055
N20270115-S018,N20270115,2027-01-16T09:45:00Z,900,true,0.883111,0.769778,0.982332,0.857229
N20270115-S019,N20270115,2027-01-16T10:00:00Z,900,true,0.922100,0.775790,0.958935,0.842054
N20270115-S020,N20270115,2027-01-16T10:15:00Z,900,true,0.885102,0.779679,0.945790,0.884954
N20270115-S021,N20270115,2027-01-16T10:30:00Z,900,true,0.844669,0.772926,0.952224,0.873610
N20270115-S022,N20270115,2027-01-16T10:45:00Z,900,true,0.832476,0.739265,0.943796,0.898657
N20270115-S023,N20270115,2027-01-16T11:00:00Z,900,true,0.837900,0.757498,0.926651,0.901480
N20270115-S024,N20270115,2027-01-16T11:15:00Z,900,true,0.894708,0.758580,0.939372,0.837679
N20270115-S025,N20270115,2027-01-16T11:30:00Z,900,true,0.890723,0.754887,0.927428,0.900748
N20270115-S026,N20270115,2027-01-16T11:45:00Z,900,true,0.876917,0.731925,0.953264,0.841891
N20270115-S027,N20270115,2027-01-16T12:00:00Z,900,true,0.821247,0.720150,0.926958,0.863932
N20270115-S028,N20270115,2027-01-16T12:15:00Z,900,true,0.796429,0.742601,0.910213,0.849848
N20270115-S029,N20270115,2027-01-16T12:30:00Z,900,true,0.781010,0.752496,0.902484,0.894955
N20270115-S030,N20270115,2027-01-16T12:45:00Z,900,true,0.723990,0.761981,0.924035,0.921238
N20270115-S031,N20270115,2027-01-16T13:00:00Z,900,true,0.763927,0.753751,0.938126,0.831675
N20270115-S032,N20270115,2027-01-16T13:15:00Z,900,true,0.739977,0.771622,0.954570,0.889408
N20270115-S033,N20270115,2027-01-16T13:30:00Z,900,true,0.769686,0.774019,0.911310,0.909020
N20270115-S034,N20270115,2027-01-16T13:45:00Z,900,true,0.782091,0.781245,0.936680,0.871679
N20270115-S035,N20270115,2027-01-16T14:00:00Z,900,true,0.736251,0.762571,0.927966,0.889825
N20270115-S036,N20270115,2027-01-16T14:15:00Z,900,true,0.736654,0.761160,0.923446,0.911633
N20270115-S037,N20270115,2027-01-16T14:30:00Z,900,true,0.763496,0.756461,0.919870,0.859026
N20270115-S038,N20270115,2027-01-16T14:45:00Z,900,true,0.741216,0.757932,0.928157,0.869580
N20270115-S039,N20270115,2027-01-16T15:00:00Z,900,true,0.743505,0.767037,0.965459,0.913241
N20270115-S040,N20270115,2027-01-16T15:15:00Z,900,true,0.758471,0.771099,0.956973,0.850861
N20270116-S001,N20270116,2027-01-17T05:30:00Z,900,true,0.930371,0.775224,1.006003,0.877990
N20270116-S002,N20270116,2027-01-17T05:45:00Z,900,true,0.942983,0.764242,1.006276,0.925229
N20270116-S003,N20270116,2027-01-17T06:00:00Z,900,true,0.904889,0.763457,1.030776,0.895544
N20270116-S004,N20270116,2027-01-17T06:15:00Z,900,true,0.894577,0.764377,1.069109,0.858064
N20270116-S005,N20270116,2027-01-17T06:30:00Z,900,true,0.863996,0.746084,1.061587,0.938733
N20270116-S006,N20270116,2027-01-17T06:45:00Z,900,true,0.874418,0.746447,1.058227,0.867762
N20270116-S007,N20270116,2027-01-17T07:00:00Z,900,true,0.894028,0.752281,1.056182,0.920614
N20270116-S008,N20270116,2027-01-17T07:15:00Z,900,true,0.907448,0.764778,1.006157,0.924447
N20270116-S009,N20270116,2027-01-17T07:30:00Z,900,true,0.877203,0.757333,0.987052,0.874014
N20270116-S010,N20270116,2027-01-17T07:45:00Z,900,true,0.891972,0.768492,0.984490,0.931618
N20270116-S011,N20270116,2027-01-17T08:00:00Z,900,true,0.918520,0.778756,0.951268,0.900195
N20270116-S012,N20270116,2027-01-17T08:15:00Z,900,true,0.887408,0.765904,0.949896,0.912651
N20270116-S013,N20270116,2027-01-17T08:30:00Z,900,true,0.860421,0.755967,0.933747,0.870799
N20270116-S014,N20270116,2027-01-17T08:45:00Z,900,true,0.871648,0.759356,0.934549,0.893629
N20270116-S015,N20270116,2027-01-17T09:00:00Z,900,true,0.839439,0.769277,0.941704,0.910220
N20270116-S016,N20270116,2027-01-17T09:15:00Z,900,true,0.867262,0.764018,0.944399,0.899733
N20270116-S017,N20270116,2027-01-17T09:30:00Z,900,true,0.894787,0.741997,0.943239,0.927164
N20270116-S018,N20270116,2027-01-17T09:45:00Z,900,true,0.890309,0.752587,0.936311,0.892586
N20270116-S019,N20270116,2027-01-17T10:00:00Z,900,true,0.910812,0.755782,0.950367,0.936572
N20270116-S020,N20270116,2027-01-17T10:15:00Z,900,true,0.858992,0.742972,0.929419,0.878682
N20270116-S021,N20270116,2027-01-17T10:30:00Z,900,true,0.899734,0.730963,0.926124,0.880852
N20270116-S022,N20270116,2027-01-17T10:45:00Z,900,true,0.920319,0.751609,0.914876,0.912090
N20270116-S023,N20270116,2027-01-17T11:00:00Z,900,true,0.892244,0.737455,0.929682,0.854788
N20270116-S024,N20270116,2027-01-17T11:15:00Z,900,true,0.881593,0.737317,0.936216,0.923617
N20270116-S025,N20270116,2027-01-17T11:30:00Z,900,true,0.834250,0.712042,0.950605,0.848987
N20270116-S026,N20270116,2027-01-17T11:45:00Z,900,true,0.846240,0.712694,0.954734,0.909145
N20270116-S027,N20270116,2027-01-17T12:00:00Z,900,true,0.853780,0.713071,0.941589,0.858466
N20270116-S028,N20270116,2027-01-17T12:15:00Z,900,true,0.862648,0.714164,0.951963,0.874689
N20270116-S029,N20270116,2027-01-17T12:30:00Z,900,true,0.862314,0.711123,0.951064,0.899749
N20270116-S030,N20270116,2027-01-17T12:45:00Z,900,true,0.949088,0.701160,0.960016,0.892190
N20270116-S031,N20270116,2027-01-17T13:00:00Z,900,true,0.917228,0.713826,0.962969,0.885415
N20270116-S032,N20270116,2027-01-17T13:15:00Z,900,true,0.934169,0.716630,0.970575,0.881347
N20270116-S033,N20270116,2027-01-17T13:30:00Z,900,true,0.953380,0.735354,0.952179,0.867591
N20270116-S034,N20270116,2027-01-17T13:45:00Z,900,true,0.889632,0.744816,0.952281,0.865158
N20270116-S035,N20270116,2027-01-17T14:00:00Z,900,true,0.901180,0.768579,0.938023,0.849096
N20270116-S036,N20270116,2027-01-17T14:15:00Z,900,true,0.890036,0.767459,0.948476,0.876679
N20270116-S037,N20270116,2027-01-17T14:30:00Z,900,true,0.861698,0.748865,0.959573,0.913933
N20270116-S038,N20270116,2027-01-17T14:45:00Z,900,true,0.845110,0.706647,0.943444,0.884824
N20270116-S039,N20270116,2027-01-17T15:00:00Z,900,true,0.818878,0.723103,0.953465,0.896977
N20270116-S040,N20270116,2027-01-17T15:15:00Z,900,true,0.802909,0.710436,0.977955,0.884452
N20270117-S001,N20270117,2027-01-18T05:30:00Z,900,true,0.869352,0.766947,0.963155,0.915531
N20270117-S002,N20270117,2027-01-18T05:45:00Z,900,true,0.866875,0.751267,0.981540,0.950804
N20270117-S003,N20270117,2027-01-18T06:00:00Z,900,true,0.917710,0.765424,0.979760,0.903975
N20270117-S004,N20270117,2027-01-18T06:15:00Z,900,true,0.923498,0.746638,1.002787,0.892433
N20270117-S005,N20270117,2027-01-18T06:30:00Z,900,true,0.907461,0.765574,0.981601,0.951850
N20270117-S006,N20270117,2027-01-18T06:45:00Z,900,true,0.885936,0.787743,0.991497,0.894608
N20270117-S007,N20270117,2027-01-18T07:00:00Z,900,true,0.901884,0.792786,0.993487,0.948400
N20270117-S008,N20270117,2027-01-18T07:15:00Z,900,true,0.943737,0.807451,0.958043,0.923197
N20270117-S009,N20270117,2027-01-18T07:30:00Z,900,true,0.952866,0.790036,0.943112,0.946547
N20270117-S010,N20270117,2027-01-18T07:45:00Z,900,true,0.920894,0.776554,0.934281,0.880038
N20270117-S011,N20270117,2027-01-18T08:00:00Z,900,true,0.953424,0.748479,0.951729,0.909167
N20270117-S012,N20270117,2027-01-18T08:15:00Z,900,true,0.987702,0.753962,0.938170,0.865580
N20270117-S013,N20270117,2027-01-18T08:30:00Z,900,true,0.978447,0.760024,0.950671,0.863311
N20270117-S014,N20270117,2027-01-18T08:45:00Z,900,true,0.910233,0.765411,0.959790,0.860847
N20270117-S015,N20270117,2027-01-18T09:00:00Z,900,true,0.820992,0.779381,0.958942,0.920450
N20270117-S016,N20270117,2027-01-18T09:15:00Z,900,true,0.799047,0.754183,0.953500,0.884654
N20270117-S017,N20270117,2027-01-18T09:30:00Z,900,true,0.822158,0.736364,0.961018,0.880659
N20270117-S018,N20270117,2027-01-18T09:45:00Z,900,true,0.760627,0.756741,0.953194,0.869146
N20270117-S019,N20270117,2027-01-18T10:00:00Z,900,true,0.780667,0.787755,0.962935,0.869513
N20270117-S020,N20270117,2027-01-18T10:15:00Z,900,true,0.772557,0.770575,0.953092,0.877579
N20270117-S021,N20270117,2027-01-18T10:30:00Z,900,true,0.787506,0.764782,0.954482,0.896997
N20270117-S022,N20270117,2027-01-18T10:45:00Z,900,true,0.813369,0.782582,0.961905,0.895898
N20270117-S023,N20270117,2027-01-18T11:00:00Z,900,true,0.830238,0.799501,0.952667,0.896826
N20270117-S024,N20270117,2027-01-18T11:15:00Z,900,true,0.816348,0.783449,0.907335,0.942679
N20270117-S025,N20270117,2027-01-18T11:30:00Z,900,true,0.791828,0.799525,0.895705,0.900376
N20270117-S026,N20270117,2027-01-18T11:45:00Z,900,false,,,,
N20270117-S027,N20270117,2027-01-18T12:00:00Z,900,false,,,,
N20270117-S028,N20270117,2027-01-18T12:15:00Z,900,false,,,,
N20270117-S029,N20270117,2027-01-18T12:30:00Z,900,false,,,,
N20270117-S030,N20270117,2027-01-18T12:45:00Z,900,false,,,,
N20270117-S031,N20270117,2027-01-18T13:00:00Z,900,false,,,,
N20270117-S032,N20270117,2027-01-18T13:15:00Z,900,false,,,,
N20270117-S033,N20270117,2027-01-18T13:30:00Z,900,false,,,,
N20270117-S034,N20270117,2027-01-18T13:45:00Z,900,true,0.821952,0.792126,0.915191,0.890714
N20270117-S035,N20270117,2027-01-18T14:00:00Z,900,true,0.807066,0.778278,0.963045,0.908179
N20270117-S036,N20270117,2027-01-18T14:15:00Z,900,true,0.777960,0.784990,0.964994,0.915205
N20270117-S037,N20270117,2027-01-18T14:30:00Z,900,true,0.821594,0.792391,0.946301,0.871299
N20270117-S038,N20270117,2027-01-18T14:45:00Z,900,true,0.856121,0.783768,0.936850,0.951604
N20270117-S039,N20270117,2027-01-18T15:00:00Z,900,true,0.898480,0.774575,0.914290,0.930016
N20270117-S040,N20270117,2027-01-18T15:15:00Z,900,true,0.901415,0.783487,0.963271,0.888666
N20270118-S001,N20270118,2027-01-19T05:30:00Z,900,true,0.912011,0.781135,0.825744,0.916396
N20270118-S002,N20270118,2027-01-19T05:45:00Z,900,true,0.874162,0.782874,0.831935,0.874570
N20270118-S003,N20270118,2027-01-19T06:00:00Z,900,true,0.834186,0.768004,0.820728,0.933385
N20270118-S004,N20270118,2027-01-19T06:15:00Z,900,true,0.738103,0.766370,0.797846,0.904764
N20270118-S005,N20270118,2027-01-19T06:30:00Z,900,true,0.739772,0.761173,0.790309,0.933384
N20270118-S006,N20270118,2027-01-19T06:45:00Z,900,true,0.758627,0.769140,0.765895,0.914817
N20270118-S007,N20270118,2027-01-19T07:00:00Z,900,true,0.745597,0.787606,0.772484,0.959825
N20270118-S008,N20270118,2027-01-19T07:15:00Z,900,true,0.800741,0.775121,0.792429,0.954205
N20270118-S009,N20270118,2027-01-19T07:30:00Z,900,true,0.806109,0.784356,0.761157,0.922583
N20270118-S010,N20270118,2027-01-19T07:45:00Z,900,false,,,,
N20270118-S011,N20270118,2027-01-19T08:00:00Z,900,true,0.833038,0.796305,0.789742,0.872669
N20270118-S012,N20270118,2027-01-19T08:15:00Z,900,true,0.834093,0.803229,0.799065,0.946878
N20270118-S013,N20270118,2027-01-19T08:30:00Z,900,true,0.828406,0.798928,0.781016,0.902153
N20270118-S014,N20270118,2027-01-19T08:45:00Z,900,true,0.846077,0.770472,0.771640,0.898053
N20270118-S015,N20270118,2027-01-19T09:00:00Z,900,true,0.834373,0.774600,0.790309,0.891854
N20270118-S016,N20270118,2027-01-19T09:15:00Z,900,true,0.873541,0.756359,0.790583,0.915712
N20270118-S017,N20270118,2027-01-19T09:30:00Z,900,true,0.868844,0.738099,0.788153,0.872602
N20270118-S018,N20270118,2027-01-19T09:45:00Z,900,true,0.944498,0.761772,0.777033,0.939121
N20270118-S019,N20270118,2027-01-19T10:00:00Z,900,true,0.924575,0.764175,0.790415,0.954000
N20270118-S020,N20270118,2027-01-19T10:15:00Z,900,true,0.884643,0.775451,0.825281,0.879989
N20270118-S021,N20270118,2027-01-19T10:30:00Z,900,true,0.900625,0.755411,0.849630,0.895826
N20270118-S022,N20270118,2027-01-19T10:45:00Z,900,true,0.902956,0.759113,0.857649,0.929312
N20270118-S023,N20270118,2027-01-19T11:00:00Z,900,true,0.869307,0.772379,0.836786,0.894658
N20270118-S024,N20270118,2027-01-19T11:15:00Z,900,true,0.925062,0.785744,0.832551,0.891080
N20270118-S025,N20270118,2027-01-19T11:30:00Z,900,true,0.931931,0.772637,0.853517,0.915683
N20270118-S026,N20270118,2027-01-19T11:45:00Z,900,true,0.917586,0.781482,0.854267,0.958106
N20270118-S027,N20270118,2027-01-19T12:00:00Z,900,true,0.882412,0.774791,0.863273,0.921652
N20270118-S028,N20270118,2027-01-19T12:15:00Z,900,true,0.860751,0.754508,0.865177,0.907673
N20270118-S029,N20270118,2027-01-19T12:30:00Z,900,true,0.878606,0.765147,0.856341,0.903400
N20270118-S030,N20270118,2027-01-19T12:45:00Z,900,true,0.872958,0.770381,0.834970,0.926317
N20270118-S031,N20270118,2027-01-19T13:00:00Z,900,true,0.767748,0.779565,0.832394,0.892613
N20270118-S032,N20270118,2027-01-19T13:15:00Z,900,true,0.841832,0.804448,0.828168,0.947878
N20270118-S033,N20270118,2027-01-19T13:30:00Z,900,true,0.825966,0.804494,0.814625,0.868230
N20270118-S034,N20270118,2027-01-19T13:45:00Z,900,true,0.859628,0.796113,0.834439,0.896714
N20270118-S035,N20270118,2027-01-19T14:00:00Z,900,true,0.832510,0.786223,0.839782,0.938635
N20270118-S036,N20270118,2027-01-19T14:15:00Z,900,true,0.853310,0.780653,0.865259,0.943643
N20270118-S037,N20270118,2027-01-19T14:30:00Z,900,true,0.819855,0.784242,0.882348,0.909226
N20270118-S038,N20270118,2027-01-19T14:45:00Z,900,true,0.772949,0.800640,0.895214,0.876382
N20270118-S039,N20270118,2027-01-19T15:00:00Z,900,true,0.806669,0.802923,0.906847,0.927316
N20270118-S040,N20270118,2027-01-19T15:15:00Z,900,true,0.843150,0.814182,0.870862,0.908384
N20270119-S001,N20270119,2027-01-20T05:30:00Z,900,true,0.892725,0.792202,0.845629,0.917111
N20270119-S002,N20270119,2027-01-20T05:45:00Z,900,true,0.936215,0.796212,0.818668,0.948246
N20270119-S003,N20270119,2027-01-20T06:00:00Z,900,true,0.945159,0.782831,0.827507,0.922614
N20270119-S004,N20270119,2027-01-20T06:15:00Z,900,true,0.910532,0.778292,0.858454,0.890851
N20270119-S005,N20270119,2027-01-20T06:30:00Z,900,true,0.876330,0.783726,0.870709,0.924577
N20270119-S006,N20270119,2027-01-20T06:45:00Z,900,true,0.820554,0.796329,0.877928,0.905041
N20270119-S007,N20270119,2027-01-20T07:00:00Z,900,true,0.895793,0.785786,0.884952,0.900240
N20270119-S008,N20270119,2027-01-20T07:15:00Z,900,true,0.985922,0.791213,0.877411,0.914320
N20270119-S009,N20270119,2027-01-20T07:30:00Z,900,true,0.937573,0.807124,0.909781,0.932556
N20270119-S010,N20270119,2027-01-20T07:45:00Z,900,true,1.018285,0.827909,0.875216,0.890908
N20270119-S011,N20270119,2027-01-20T08:00:00Z,900,true,0.974997,0.842540,0.882833,0.967004
N20270119-S012,N20270119,2027-01-20T08:15:00Z,900,true,0.972821,0.823185,0.856475,0.961721
N20270119-S013,N20270119,2027-01-20T08:30:00Z,900,true,0.960140,0.820543,0.879630,0.905950
N20270119-S014,N20270119,2027-01-20T08:45:00Z,900,true,0.858734,0.797306,0.884212,0.970505
N20270119-S015,N20270119,2027-01-20T09:00:00Z,900,true,0.853044,0.778125,0.878111,0.965939
N20270119-S016,N20270119,2027-01-20T09:15:00Z,900,true,0.828024,0.785612,0.873471,0.943709
N20270119-S017,N20270119,2027-01-20T09:30:00Z,900,true,0.825092,0.781498,0.855863,0.937839
N20270119-S018,N20270119,2027-01-20T09:45:00Z,900,true,0.864046,0.791496,0.860253,0.968141
N20270119-S019,N20270119,2027-01-20T10:00:00Z,900,true,0.882279,0.802508,0.865700,0.954700
N20270119-S020,N20270119,2027-01-20T10:15:00Z,900,true,0.934157,0.802095,0.892469,0.921636
N20270119-S021,N20270119,2027-01-20T10:30:00Z,900,true,0.953073,0.822492,0.881132,0.902905
N20270119-S022,N20270119,2027-01-20T10:45:00Z,900,true,0.886365,0.833347,0.893922,0.930663
N20270119-S023,N20270119,2027-01-20T11:00:00Z,900,true,0.879270,0.827103,0.891535,0.903601
N20270119-S024,N20270119,2027-01-20T11:15:00Z,900,true,0.864367,0.824260,0.879071,0.933362
N20270119-S025,N20270119,2027-01-20T11:30:00Z,900,true,0.933338,0.815619,0.874605,0.895142
N20270119-S026,N20270119,2027-01-20T11:45:00Z,900,true,0.925577,0.808190,0.871578,0.960588
N20270119-S027,N20270119,2027-01-20T12:00:00Z,900,true,0.965618,0.808051,0.890847,0.949734
N20270119-S028,N20270119,2027-01-20T12:15:00Z,900,true,0.928979,0.815362,0.901031,0.928639
N20270119-S029,N20270119,2027-01-20T12:30:00Z,900,true,0.848764,0.822330,0.881123,0.893956
N20270119-S030,N20270119,2027-01-20T12:45:00Z,900,true,0.864380,0.796271,0.853701,0.905277
N20270119-S031,N20270119,2027-01-20T13:00:00Z,900,true,0.905559,0.800808,0.842718,0.910656
N20270119-S032,N20270119,2027-01-20T13:15:00Z,900,true,0.879326,0.813711,0.836524,0.906640
N20270119-S033,N20270119,2027-01-20T13:30:00Z,900,true,0.888636,0.831490,0.859853,0.907115
N20270119-S034,N20270119,2027-01-20T13:45:00Z,900,true,0.879338,0.853793,0.889224,0.919938
N20270119-S035,N20270119,2027-01-20T14:00:00Z,900,true,0.843582,0.840180,0.866264,0.960019
N20270119-S036,N20270119,2027-01-20T14:15:00Z,900,true,0.873255,0.832954,0.865712,0.950187
N20270119-S037,N20270119,2027-01-20T14:30:00Z,900,true,0.894415,0.813024,0.868797,0.913868
N20270119-S038,N20270119,2027-01-20T14:45:00Z,900,true,0.814364,0.801179,0.882035,0.925419
N20270119-S039,N20270119,2027-01-20T15:00:00Z,900,true,0.838551,0.801676,0.870156,0.937366
N20270119-S040,N20270119,2027-01-20T15:15:00Z,900,true,0.797751,0.802988,0.854081,0.923690
N20270120-S001,N20270120,2027-01-21T05:30:00Z,900,true,0.910079,0.831927,0.838413,0.933243
N20270120-S002,N20270120,2027-01-21T05:45:00Z,900,true,0.872467,0.823425,0.830813,0.892083
N20270120-S003,N20270120,2027-01-21T06:00:00Z,900,true,0.850737,0.815719,0.825759,0.973546
N20270120-S004,N20270120,2027-01-21T06:15:00Z,900,true,0.873405,0.816910,0.843722,0.927163
N20270120-S005,N20270120,2027-01-21T06:30:00Z,900,true,0.811228,0.824697,0.824338,0.944647
N20270120-S006,N20270120,2027-01-21T06:45:00Z,900,false,,,,
N20270120-S007,N20270120,2027-01-21T07:00:00Z,900,true,0.857100,0.827086,0.830927,0.976959
N20270120-S008,N20270120,2027-01-21T07:15:00Z,900,true,0.881887,0.824012,0.860171,0.896861
N20270120-S009,N20270120,2027-01-21T07:30:00Z,900,true,0.894912,0.833119,0.861552,0.905436
N20270120-S010,N20270120,2027-01-21T07:45:00Z,900,true,0.930753,0.828892,0.875840,0.908182
N20270120-S011,N20270120,2027-01-21T08:00:00Z,900,true,0.920254,0.830636,0.865163,0.974416
N20270120-S012,N20270120,2027-01-21T08:15:00Z,900,true,0.983673,0.832478,0.879974,0.973175
N20270120-S013,N20270120,2027-01-21T08:30:00Z,900,true,0.957905,0.837977,0.863820,0.935430
N20270120-S014,N20270120,2027-01-21T08:45:00Z,900,true,1.042869,0.840722,0.858571,0.900980
N20270120-S015,N20270120,2027-01-21T09:00:00Z,900,true,1.005119,0.837317,0.843737,0.947033
N20270120-S016,N20270120,2027-01-21T09:15:00Z,900,true,0.983361,0.863281,0.825934,0.887611
N20270120-S017,N20270120,2027-01-21T09:30:00Z,900,true,0.990767,0.848739,0.821517,0.886758
N20270120-S018,N20270120,2027-01-21T09:45:00Z,900,true,0.982224,0.884744,0.844249,0.906295
N20270120-S019,N20270120,2027-01-21T10:00:00Z,900,true,1.014001,0.872472,0.833467,0.930685
N20270120-S020,N20270120,2027-01-21T10:15:00Z,900,true,0.981522,0.874334,0.834268,0.913401
N20270120-S021,N20270120,2027-01-21T10:30:00Z,900,true,0.993791,0.850727,0.811957,0.974643
N20270120-S022,N20270120,2027-01-21T10:45:00Z,900,true,0.962684,0.841828,0.800448,0.958354
N20270120-S023,N20270120,2027-01-21T11:00:00Z,900,true,0.946326,0.851111,0.782112,0.880364
N20270120-S024,N20270120,2027-01-21T11:15:00Z,900,true,0.922521,0.827588,0.802829,0.897137
N20270120-S025,N20270120,2027-01-21T11:30:00Z,900,true,0.902276,0.815116,0.783214,0.882303
N20270120-S026,N20270120,2027-01-21T11:45:00Z,900,true,0.931976,0.808954,0.791032,0.970634
N20270120-S027,N20270120,2027-01-21T12:00:00Z,900,true,0.945981,0.825113,0.782584,0.942885
N20270120-S028,N20270120,2027-01-21T12:15:00Z,900,true,0.895343,0.829583,0.784363,0.949756
N20270120-S029,N20270120,2027-01-21T12:30:00Z,900,true,0.886630,0.852163,0.763836,0.916922
N20270120-S030,N20270120,2027-01-21T12:45:00Z,900,true,0.867213,0.861128,0.746762,0.928708
N20270120-S031,N20270120,2027-01-21T13:00:00Z,900,true,0.875950,0.883291,0.746387,0.926199
N20270120-S032,N20270120,2027-01-21T13:15:00Z,900,true,0.860896,0.872855,0.738505,0.895652
N20270120-S033,N20270120,2027-01-21T13:30:00Z,900,true,0.871483,0.849017,0.742202,0.925866
N20270120-S034,N20270120,2027-01-21T13:45:00Z,900,true,0.873274,0.860482,0.741976,0.882726
N20270120-S035,N20270120,2027-01-21T14:00:00Z,900,true,0.873959,0.868521,0.760291,0.931203
N20270120-S036,N20270120,2027-01-21T14:15:00Z,900,true,0.828117,0.861951,0.756098,0.925793
N20270120-S037,N20270120,2027-01-21T14:30:00Z,900,true,0.855785,0.852127,0.774706,0.952964
N20270120-S038,N20270120,2027-01-21T14:45:00Z,900,true,0.815653,0.850400,0.798677,0.918511
N20270120-S039,N20270120,2027-01-21T15:00:00Z,900,true,0.909485,0.830804,0.833655,0.912687
N20270120-S040,N20270120,2027-01-21T15:15:00Z,900,true,0.896976,0.822452,0.824947,0.958432
N20270121-S001,N20270121,2027-01-22T05:30:00Z,900,true,0.810209,0.820218,0.907069,0.935543
N20270121-S002,N20270121,2027-01-22T05:45:00Z,900,true,0.780656,0.798235,0.903780,0.940619
N20270121-S003,N20270121,2027-01-22T06:00:00Z,900,true,0.807420,0.794367,0.899502,0.979512
N20270121-S004,N20270121,2027-01-22T06:15:00Z,900,true,0.858248,0.786414,0.892733,0.891957
N20270121-S005,N20270121,2027-01-22T06:30:00Z,900,true,0.830247,0.776478,0.892326,0.943138
N20270121-S006,N20270121,2027-01-22T06:45:00Z,900,true,0.762828,0.785619,0.885839,0.956639
N20270121-S007,N20270121,2027-01-22T07:00:00Z,900,true,0.740102,0.770195,0.891486,0.897878
N20270121-S008,N20270121,2027-01-22T07:15:00Z,900,true,0.781862,0.768289,0.890274,0.941489
N20270121-S009,N20270121,2027-01-22T07:30:00Z,900,true,0.789596,0.767295,0.904091,0.925496
N20270121-S010,N20270121,2027-01-22T07:45:00Z,900,true,0.826297,0.771953,0.925879,0.971536
N20270121-S011,N20270121,2027-01-22T08:00:00Z,900,true,0.833779,0.777969,0.918250,0.958781
N20270121-S012,N20270121,2027-01-22T08:15:00Z,900,true,0.827436,0.790453,0.883050,0.954313
N20270121-S013,N20270121,2027-01-22T08:30:00Z,900,true,0.824731,0.789672,0.883485,0.889933
N20270121-S014,N20270121,2027-01-22T08:45:00Z,900,true,0.808177,0.792135,0.913908,0.947408
N20270121-S015,N20270121,2027-01-22T09:00:00Z,900,true,0.850973,0.795911,0.930169,0.981431
N20270121-S016,N20270121,2027-01-22T09:15:00Z,900,true,0.795477,0.798493,0.919714,0.952200
N20270121-S017,N20270121,2027-01-22T09:30:00Z,900,true,0.730337,0.780467,0.947320,0.911117
N20270121-S018,N20270121,2027-01-22T09:45:00Z,900,true,0.729715,0.771586,0.966749,0.953443
N20270121-S019,N20270121,2027-01-22T10:00:00Z,900,true,0.702990,0.782687,0.941594,0.918777
N20270121-S020,N20270121,2027-01-22T10:15:00Z,900,false,,,,
N20270121-S021,N20270121,2027-01-22T10:30:00Z,900,false,,,,
N20270121-S022,N20270121,2027-01-22T10:45:00Z,900,false,,,,
N20270121-S023,N20270121,2027-01-22T11:00:00Z,900,false,,,,
N20270121-S024,N20270121,2027-01-22T11:15:00Z,900,false,,,,
N20270121-S025,N20270121,2027-01-22T11:30:00Z,900,false,,,,
N20270121-S026,N20270121,2027-01-22T11:45:00Z,900,false,,,,
N20270121-S027,N20270121,2027-01-22T12:00:00Z,900,false,,,,
N20270121-S028,N20270121,2027-01-22T12:15:00Z,900,false,,,,
N20270121-S029,N20270121,2027-01-22T12:30:00Z,900,false,,,,
N20270121-S030,N20270121,2027-01-22T12:45:00Z,900,false,,,,
N20270121-S031,N20270121,2027-01-22T13:00:00Z,900,true,0.829526,0.798411,0.871357,0.918351
N20270121-S032,N20270121,2027-01-22T13:15:00Z,900,true,0.796530,0.789228,0.911282,0.934954
N20270121-S033,N20270121,2027-01-22T13:30:00Z,900,true,0.748141,0.790101,0.886811,0.966210
N20270121-S034,N20270121,2027-01-22T13:45:00Z,900,true,0.735304,0.793350,0.892959,0.954545
N20270121-S035,N20270121,2027-01-22T14:00:00Z,900,true,0.767540,0.793470,0.889736,0.940140
N20270121-S036,N20270121,2027-01-22T14:15:00Z,900,true,0.800278,0.810330,0.882369,0.934447
N20270121-S037,N20270121,2027-01-22T14:30:00Z,900,true,0.799627,0.798354,0.881072,0.905628
N20270121-S038,N20270121,2027-01-22T14:45:00Z,900,true,0.795715,0.807436,0.897113,0.932542
N20270121-S039,N20270121,2027-01-22T15:00:00Z,900,true,0.798821,0.808641,0.878697,0.965990
N20270121-S040,N20270121,2027-01-22T15:15:00Z,900,true,0.820613,0.804976,0.936686,0.888392
N20270122-S001,N20270122,2027-01-23T05:30:00Z,900,true,0.863564,0.836660,1.012430,0.952735
N20270122-S002,N20270122,2027-01-23T05:45:00Z,900,true,0.915248,0.816137,1.022994,0.919918
N20270122-S003,N20270122,2027-01-23T06:00:00Z,900,true,0.935631,0.800280,1.031005,0.925866
N20270122-S004,N20270122,2027-01-23T06:15:00Z,900,true,0.933380,0.805567,1.034009,0.896475
N20270122-S005,N20270122,2027-01-23T06:30:00Z,900,true,0.933603,0.809219,1.028216,0.914548
N20270122-S006,N20270122,2027-01-23T06:45:00Z,900,true,0.954994,0.822324,1.002632,0.978547
N20270122-S007,N20270122,2027-01-23T07:00:00Z,900,true,0.979280,0.803805,1.003559,0.952864
N20270122-S008,N20270122,2027-01-23T07:15:00Z,900,true,0.967892,0.818152,0.984848,0.940623
N20270122-S009,N20270122,2027-01-23T07:30:00Z,900,true,0.973289,0.826674,1.006370,0.891969
N20270122-S010,N20270122,2027-01-23T07:45:00Z,900,true,0.971177,0.808047,1.002772,0.935376
N20270122-S011,N20270122,2027-01-23T08:00:00Z,900,true,0.995705,0.820094,1.007264,0.972969
N20270122-S012,N20270122,2027-01-23T08:15:00Z,900,true,0.984918,0.829660,1.010904,0.971057
N20270122-S013,N20270122,2027-01-23T08:30:00Z,900,true,0.945937,0.825309,1.003899,0.986052
N20270122-S014,N20270122,2027-01-23T08:45:00Z,900,true,0.989296,0.847203,1.005272,0.981939
N20270122-S015,N20270122,2027-01-23T09:00:00Z,900,true,0.956444,0.862355,1.032634,0.956193
N20270122-S016,N20270122,2027-01-23T09:15:00Z,900,true,0.949563,0.854652,1.015631,0.891771
N20270122-S017,N20270122,2027-01-23T09:30:00Z,900,true,1.000632,0.857772,1.000870,0.906742
N20270122-S018,N20270122,2027-01-23T09:45:00Z,900,true,0.930377,0.840652,1.003034,0.913127
N20270122-S019,N20270122,2027-01-23T10:00:00Z,900,true,1.001128,0.832116,0.992370,0.932977
N20270122-S020,N20270122,2027-01-23T10:15:00Z,900,true,1.040507,0.822560,0.991218,0.909137
N20270122-S021,N20270122,2027-01-23T10:30:00Z,900,true,1.013652,0.818369,1.020718,0.962578
N20270122-S022,N20270122,2027-01-23T10:45:00Z,900,true,0.958853,0.825141,1.011691,0.950320
N20270122-S023,N20270122,2027-01-23T11:00:00Z,900,true,0.937898,0.841410,1.005534,0.958546
N20270122-S024,N20270122,2027-01-23T11:15:00Z,900,true,0.937726,0.833803,1.015167,0.894433
N20270122-S025,N20270122,2027-01-23T11:30:00Z,900,true,0.918251,0.823269,1.011152,0.891756
N20270122-S026,N20270122,2027-01-23T11:45:00Z,900,true,0.812203,0.819131,0.995282,0.926964
N20270122-S027,N20270122,2027-01-23T12:00:00Z,900,true,0.833930,0.838280,0.977210,0.890524
N20270122-S028,N20270122,2027-01-23T12:15:00Z,900,true,0.851824,0.842864,0.969755,0.961965
N20270122-S029,N20270122,2027-01-23T12:30:00Z,900,true,0.912286,0.838513,1.012803,0.947780
N20270122-S030,N20270122,2027-01-23T12:45:00Z,900,true,0.935009,0.835055,1.022445,0.955135
N20270122-S031,N20270122,2027-01-23T13:00:00Z,900,true,0.910495,0.844827,0.987039,0.891354
N20270122-S032,N20270122,2027-01-23T13:15:00Z,900,true,0.864626,0.843888,0.977341,0.913577
N20270122-S033,N20270122,2027-01-23T13:30:00Z,900,true,0.876254,0.850204,0.977769,0.970481
N20270122-S034,N20270122,2027-01-23T13:45:00Z,900,true,0.932379,0.844870,0.964112,0.985854
N20270122-S035,N20270122,2027-01-23T14:00:00Z,900,true,0.926144,0.836967,0.969083,0.947642
N20270122-S036,N20270122,2027-01-23T14:15:00Z,900,true,0.934755,0.837055,0.963895,0.971619
N20270122-S037,N20270122,2027-01-23T14:30:00Z,900,true,0.920176,0.832148,0.961793,0.965125
N20270122-S038,N20270122,2027-01-23T14:45:00Z,900,true,0.907268,0.851193,0.953456,0.946193
N20270122-S039,N20270122,2027-01-23T15:00:00Z,900,true,0.867264,0.837994,0.983482,0.893236
N20270122-S040,N20270122,2027-01-23T15:15:00Z,900,true,0.893568,0.846877,0.981664,0.914773
N20270123-S001,N20270123,2027-01-24T05:30:00Z,900,true,0.898951,0.855958,0.966759,0.961125
N20270123-S002,N20270123,2027-01-24T05:45:00Z,900,true,0.846815,0.856990,0.960758,0.942378
N20270123-S003,N20270123,2027-01-24T06:00:00Z,900,true,0.833536,0.856040,0.957289,0.974877
N20270123-S004,N20270123,2027-01-24T06:15:00Z,900,true,0.829679,0.867658,0.953094,0.909268
N20270123-S005,N20270123,2027-01-24T06:30:00Z,900,true,0.853697,0.868851,0.938746,0.925045
N20270123-S006,N20270123,2027-01-24T06:45:00Z,900,true,0.904995,0.875397,0.940375,0.891271
N20270123-S007,N20270123,2027-01-24T07:00:00Z,900,true,0.940331,0.864824,0.932404,0.894730
N20270123-S008,N20270123,2027-01-24T07:15:00Z,900,true,0.953631,0.855657,0.934373,0.956799
N20270123-S009,N20270123,2027-01-24T07:30:00Z,900,true,0.944496,0.851422,0.953358,0.969246
N20270123-S010,N20270123,2027-01-24T07:45:00Z,900,true,0.998542,0.856339,0.956774,0.959684
N20270123-S011,N20270123,2027-01-24T08:00:00Z,900,true,0.981254,0.869977,0.950752,0.945350
N20270123-S012,N20270123,2027-01-24T08:15:00Z,900,true,0.963803,0.876476,0.975220,0.923315
N20270123-S013,N20270123,2027-01-24T08:30:00Z,900,true,0.946038,0.877441,0.963643,0.906372
N20270123-S014,N20270123,2027-01-24T08:45:00Z,900,true,0.923578,0.869788,0.933070,0.988027
N20270123-S015,N20270123,2027-01-24T09:00:00Z,900,true,0.952941,0.875338,0.940036,0.904434
N20270123-S016,N20270123,2027-01-24T09:15:00Z,900,true,0.941513,0.868613,0.962055,0.901893
N20270123-S017,N20270123,2027-01-24T09:30:00Z,900,true,0.940394,0.875780,0.948878,0.922449
N20270123-S018,N20270123,2027-01-24T09:45:00Z,900,true,0.924981,0.877095,0.960001,0.928120
N20270123-S019,N20270123,2027-01-24T10:00:00Z,900,true,0.876424,0.865950,0.966338,0.961020
N20270123-S020,N20270123,2027-01-24T10:15:00Z,900,true,0.961292,0.857019,0.975079,0.945434
N20270123-S021,N20270123,2027-01-24T10:30:00Z,900,true,0.998763,0.850251,0.986055,0.946536
N20270123-S022,N20270123,2027-01-24T10:45:00Z,900,true,0.987167,0.852111,0.982225,0.913795
N20270123-S023,N20270123,2027-01-24T11:00:00Z,900,true,0.990494,0.850190,0.957837,0.927552
N20270123-S024,N20270123,2027-01-24T11:15:00Z,900,false,,,,
N20270123-S025,N20270123,2027-01-24T11:30:00Z,900,false,,,,
N20270123-S026,N20270123,2027-01-24T11:45:00Z,900,false,,,,
N20270123-S027,N20270123,2027-01-24T12:00:00Z,900,false,,,,
N20270123-S028,N20270123,2027-01-24T12:15:00Z,900,false,,,,
N20270123-S029,N20270123,2027-01-24T12:30:00Z,900,false,,,,
N20270123-S030,N20270123,2027-01-24T12:45:00Z,900,false,,,,
N20270123-S031,N20270123,2027-01-24T13:00:00Z,900,false,,,,
N20270123-S032,N20270123,2027-01-24T13:15:00Z,900,false,,,,
N20270123-S033,N20270123,2027-01-24T13:30:00Z,900,false,,,,
N20270123-S034,N20270123,2027-01-24T13:45:00Z,900,false,,,,
N20270123-S035,N20270123,2027-01-24T14:00:00Z,900,false,,,,
N20270123-S036,N20270123,2027-01-24T14:15:00Z,900,false,,,,
N20270123-S037,N20270123,2027-01-24T14:30:00Z,900,false,,,,
N20270123-S038,N20270123,2027-01-24T14:45:00Z,900,false,,,,
N20270123-S039,N20270123,2027-01-24T15:00:00Z,900,false,,,,
N20270123-S040,N20270123,2027-01-24T15:15:00Z,900,false,,,,
N20270124-S001,N20270124,2027-01-25T05:30:00Z,900,false,,,,
N20270124-S002,N20270124,2027-01-25T05:45:00Z,900,false,,,,
N20270124-S003,N20270124,2027-01-25T06:00:00Z,900,false,,,,
N20270124-S004,N20270124,2027-01-25T06:15:00Z,900,false,,,,
N20270124-S005,N20270124,2027-01-25T06:30:00Z,900,false,,,,
N20270124-S006,N20270124,2027-01-25T06:45:00Z,900,false,,,,
N20270124-S007,N20270124,2027-01-25T07:00:00Z,900,false,,,,
N20270124-S008,N20270124,2027-01-25T07:15:00Z,900,true,0.817158,0.884905,0.946631,0.952183
N20270124-S009,N20270124,2027-01-25T07:30:00Z,900,true,0.828439,0.887333,0.953421,0.905065
N20270124-S010,N20270124,2027-01-25T07:45:00Z,900,true,0.834660,0.877504,0.954444,0.977583
N20270124-S011,N20270124,2027-01-25T08:00:00Z,900,true,0.869490,0.862382,0.977148,0.943734
N20270124-S012,N20270124,2027-01-25T08:15:00Z,900,true,0.888447,0.874263,0.994838,0.977672
N20270124-S013,N20270124,2027-01-25T08:30:00Z,900,true,0.948333,0.874153,0.990228,0.985783
N20270124-S014,N20270124,2027-01-25T08:45:00Z,900,true,0.954603,0.871887,0.979226,0.934301
N20270124-S015,N20270124,2027-01-25T09:00:00Z,900,true,0.962842,0.876200,0.973520,0.978150
N20270124-S016,N20270124,2027-01-25T09:15:00Z,900,true,0.934033,0.885116,0.977821,0.992866
N20270124-S017,N20270124,2027-01-25T09:30:00Z,900,true,0.959437,0.898572,1.009662,0.946733
N20270124-S018,N20270124,2027-01-25T09:45:00Z,900,true,0.942264,0.892006,1.002876,0.972026
N20270124-S019,N20270124,2027-01-25T10:00:00Z,900,true,0.963591,0.909419,1.011092,0.957757
N20270124-S020,N20270124,2027-01-25T10:15:00Z,900,true,0.999464,0.934812,0.985906,0.971467
N20270124-S021,N20270124,2027-01-25T10:30:00Z,900,true,0.989256,0.940706,0.998363,0.968620
N20270124-S022,N20270124,2027-01-25T10:45:00Z,900,true,0.913062,0.918166,0.990429,0.909519
N20270124-S023,N20270124,2027-01-25T11:00:00Z,900,true,0.911173,0.907614,1.006679,0.943093
N20270124-S024,N20270124,2027-01-25T11:15:00Z,900,true,0.887138,0.931939,0.998568,0.914341
N20270124-S025,N20270124,2027-01-25T11:30:00Z,900,true,0.881447,0.912616,1.004633,0.923370
N20270124-S026,N20270124,2027-01-25T11:45:00Z,900,true,0.875332,0.887000,0.994389,0.900404
N20270124-S027,N20270124,2027-01-25T12:00:00Z,900,true,0.812240,0.882424,0.982072,0.967713
N20270124-S028,N20270124,2027-01-25T12:15:00Z,900,true,0.860173,0.879071,0.993498,0.978425
N20270124-S029,N20270124,2027-01-25T12:30:00Z,900,true,0.867120,0.896157,0.989592,0.902005
N20270124-S030,N20270124,2027-01-25T12:45:00Z,900,true,0.870590,0.919939,0.994820,0.928434
N20270124-S031,N20270124,2027-01-25T13:00:00Z,900,true,0.930904,0.934232,0.965590,0.981580
N20270124-S032,N20270124,2027-01-25T13:15:00Z,900,true,0.908392,0.925136,0.984734,0.959536
N20270124-S033,N20270124,2027-01-25T13:30:00Z,900,true,0.928484,0.911124,0.977599,0.974816
N20270124-S034,N20270124,2027-01-25T13:45:00Z,900,true,0.879632,0.894520,1.003688,0.989130
N20270124-S035,N20270124,2027-01-25T14:00:00Z,900,true,0.872388,0.881203,0.998261,0.945218
N20270124-S036,N20270124,2027-01-25T14:15:00Z,900,true,0.845968,0.891778,1.006680,0.981041
N20270124-S037,N20270124,2027-01-25T14:30:00Z,900,true,0.851037,0.885478,1.005007,0.964618
N20270124-S038,N20270124,2027-01-25T14:45:00Z,900,true,0.864061,0.872022,0.978898,0.968756
N20270124-S039,N20270124,2027-01-25T15:00:00Z,900,true,0.855969,0.875946,0.982704,0.929023
N20270124-S040,N20270124,2027-01-25T15:15:00Z,900,true,0.861131,0.883214,0.971386,0.993473
N20270125-S001,N20270125,2027-01-26T05:30:00Z,900,true,0.798442,0.849736,0.861745,0.979629
N20270125-S002,N20270125,2027-01-26T05:45:00Z,900,true,0.804342,0.837460,0.884573,0.992633
N20270125-S003,N20270125,2027-01-26T06:00:00Z,900,true,0.826059,0.858057,0.859201,0.905861
N20270125-S004,N20270125,2027-01-26T06:15:00Z,900,true,0.779117,0.865011,0.851182,0.987915
N20270125-S005,N20270125,2027-01-26T06:30:00Z,900,true,0.779601,0.863261,0.855863,0.914578
N20270125-S006,N20270125,2027-01-26T06:45:00Z,900,true,0.824262,0.864440,0.848894,0.923196
N20270125-S007,N20270125,2027-01-26T07:00:00Z,900,true,0.816248,0.860749,0.859217,0.964792
N20270125-S008,N20270125,2027-01-26T07:15:00Z,900,true,0.790401,0.854312,0.871190,0.980676
N20270125-S009,N20270125,2027-01-26T07:30:00Z,900,true,0.777439,0.872866,0.871319,0.999808
N20270125-S010,N20270125,2027-01-26T07:45:00Z,900,true,0.783765,0.885024,0.877847,0.936273
N20270125-S011,N20270125,2027-01-26T08:00:00Z,900,true,0.800941,0.877598,0.889355,0.972847
N20270125-S012,N20270125,2027-01-26T08:15:00Z,900,true,0.795943,0.881067,0.901301,0.989616
N20270125-S013,N20270125,2027-01-26T08:30:00Z,900,true,0.863100,0.895389,0.905779,0.948855
N20270125-S014,N20270125,2027-01-26T08:45:00Z,900,true,0.834831,0.893973,0.888177,0.983946
N20270125-S015,N20270125,2027-01-26T09:00:00Z,900,true,0.833031,0.898841,0.895484,0.903715
N20270125-S016,N20270125,2027-01-26T09:15:00Z,900,true,0.825356,0.891902,0.910238,0.955849
N20270125-S017,N20270125,2027-01-26T09:30:00Z,900,true,0.835602,0.882276,0.900232,0.937094
N20270125-S018,N20270125,2027-01-26T09:45:00Z,900,true,0.758585,0.869434,0.886060,0.952311
N20270125-S019,N20270125,2027-01-26T10:00:00Z,900,true,0.723616,0.851343,0.865371,0.953014
N20270125-S020,N20270125,2027-01-26T10:15:00Z,900,true,0.779733,0.865231,0.851713,0.926152
N20270125-S021,N20270125,2027-01-26T10:30:00Z,900,true,0.776119,0.854729,0.821961,0.947296
N20270125-S022,N20270125,2027-01-26T10:45:00Z,900,true,0.835515,0.849658,0.824028,0.975283
N20270125-S023,N20270125,2027-01-26T11:00:00Z,900,true,0.820977,0.863117,0.832149,0.911035
N20270125-S024,N20270125,2027-01-26T11:15:00Z,900,true,0.846497,0.855281,0.831190,0.991698
N20270125-S025,N20270125,2027-01-26T11:30:00Z,900,true,0.820171,0.851593,0.818154,0.940210
N20270125-S026,N20270125,2027-01-26T11:45:00Z,900,true,0.827109,0.828878,0.842589,0.904022
N20270125-S027,N20270125,2027-01-26T12:00:00Z,900,true,0.787699,0.851435,0.837812,0.950253
N20270125-S028,N20270125,2027-01-26T12:15:00Z,900,true,0.752667,0.867986,0.839432,0.958228
N20270125-S029,N20270125,2027-01-26T12:30:00Z,900,true,0.689637,0.877564,0.860632,0.995191
N20270125-S030,N20270125,2027-01-26T12:45:00Z,900,true,0.681264,0.878618,0.866932,0.972836
N20270125-S031,N20270125,2027-01-26T13:00:00Z,900,true,0.695502,0.870554,0.888524,0.973881
N20270125-S032,N20270125,2027-01-26T13:15:00Z,900,true,0.682571,0.863405,0.891709,0.926152
N20270125-S033,N20270125,2027-01-26T13:30:00Z,900,true,0.714606,0.872460,0.860935,0.989046
N20270125-S034,N20270125,2027-01-26T13:45:00Z,900,true,0.733003,0.870755,0.859816,0.916055
N20270125-S035,N20270125,2027-01-26T14:00:00Z,900,true,0.800656,0.860080,0.841070,0.904725
N20270125-S036,N20270125,2027-01-26T14:15:00Z,900,true,0.723094,0.859365,0.842444,0.993137
N20270125-S037,N20270125,2027-01-26T14:30:00Z,900,true,0.770009,0.847891,0.838913,0.959726
N20270125-S038,N20270125,2027-01-26T14:45:00Z,900,true,0.751179,0.833350,0.830228,0.949071
N20270125-S039,N20270125,2027-01-26T15:00:00Z,900,true,0.717459,0.825112,0.820675,0.948066
N20270125-S040,N20270125,2027-01-26T15:15:00Z,900,true,0.660905,0.852531,0.824365,0.903860
N20270126-S001,N20270126,2027-01-27T05:30:00Z,900,true,0.878844,0.829383,0.778069,0.932773
N20270126-S002,N20270126,2027-01-27T05:45:00Z,900,true,0.897321,0.838056,0.757504,0.999959
N20270126-S003,N20270126,2027-01-27T06:00:00Z,900,true,0.900557,0.837428,0.751677,0.991706
N20270126-S004,N20270126,2027-01-27T06:15:00Z,900,true,0.935138,0.830085,0.725732,0.991438
N20270126-S005,N20270126,2027-01-27T06:30:00Z,900,true,0.955507,0.814149,0.743615,0.951994
N20270126-S006,N20270126,2027-01-27T06:45:00Z,900,true,0.978160,0.791692,0.691060,0.901628
N20270126-S007,N20270126,2027-01-27T07:00:00Z,900,true,0.926656,0.795896,0.700666,0.953304
N20270126-S008,N20270126,2027-01-27T07:15:00Z,900,true,0.884903,0.780926,0.696714,0.908259
N20270126-S009,N20270126,2027-01-27T07:30:00Z,900,true,0.887852,0.803630,0.708686,0.913018
N20270126-S010,N20270126,2027-01-27T07:45:00Z,900,true,0.865224,0.832016,0.720464,0.938971
N20270126-S011,N20270126,2027-01-27T08:00:00Z,900,true,0.852085,0.822785,0.738179,0.989487
N20270126-S012,N20270126,2027-01-27T08:15:00Z,900,true,0.860432,0.829603,0.777232,0.922977
N20270126-S013,N20270126,2027-01-27T08:30:00Z,900,true,0.859691,0.832164,0.771677,0.948692
N20270126-S014,N20270126,2027-01-27T08:45:00Z,900,true,0.816029,0.856103,0.790778,0.944804
N20270126-S015,N20270126,2027-01-27T09:00:00Z,900,true,0.831714,0.845166,0.792174,0.919487
N20270126-S016,N20270126,2027-01-27T09:15:00Z,900,true,0.790021,0.854082,0.811860,0.934757
N20270126-S017,N20270126,2027-01-27T09:30:00Z,900,true,0.801912,0.854858,0.807844,0.984094
N20270126-S018,N20270126,2027-01-27T09:45:00Z,900,true,0.764779,0.856545,0.811376,0.979560
N20270126-S019,N20270126,2027-01-27T10:00:00Z,900,true,0.764034,0.859018,0.830107,0.922295
N20270126-S020,N20270126,2027-01-27T10:15:00Z,900,true,0.758628,0.851631,0.812703,0.941213
N20270126-S021,N20270126,2027-01-27T10:30:00Z,900,true,0.711876,0.869101,0.809623,0.973247
N20270126-S022,N20270126,2027-01-27T10:45:00Z,900,true,0.711329,0.870059,0.785815,0.909559
N20270126-S023,N20270126,2027-01-27T11:00:00Z,900,true,0.737174,0.865505,0.775305,0.925074
N20270126-S024,N20270126,2027-01-27T11:15:00Z,900,true,0.737390,0.890689,0.799895,0.969902
N20270126-S025,N20270126,2027-01-27T11:30:00Z,900,true,0.667057,0.887949,0.788832,0.953969
N20270126-S026,N20270126,2027-01-27T11:45:00Z,900,true,0.702758,0.862423,0.782131,0.907043
N20270126-S027,N20270126,2027-01-27T12:00:00Z,900,true,0.778062,0.867096,0.793560,0.971418
N20270126-S028,N20270126,2027-01-27T12:15:00Z,900,true,0.746889,0.862503,0.781599,0.973873
N20270126-S029,N20270126,2027-01-27T12:30:00Z,900,true,0.722921,0.857201,0.784307,0.968593
N20270126-S030,N20270126,2027-01-27T12:45:00Z,900,true,0.727920,0.859953,0.772529,0.929362
N20270126-S031,N20270126,2027-01-27T13:00:00Z,900,true,0.725219,0.862299,0.789563,0.997039
N20270126-S032,N20270126,2027-01-27T13:15:00Z,900,true,0.703744,0.859996,0.792951,0.969186
N20270126-S033,N20270126,2027-01-27T13:30:00Z,900,true,0.720901,0.859582,0.763275,0.938739
N20270126-S034,N20270126,2027-01-27T13:45:00Z,900,true,0.736712,0.859588,0.762677,0.995612
N20270126-S035,N20270126,2027-01-27T14:00:00Z,900,true,0.718921,0.874054,0.760350,0.921646
N20270126-S036,N20270126,2027-01-27T14:15:00Z,900,true,0.766382,0.878977,0.772768,0.963239
N20270126-S037,N20270126,2027-01-27T14:30:00Z,900,true,0.856897,0.860359,0.769642,0.910148
N20270126-S038,N20270126,2027-01-27T14:45:00Z,900,true,0.855867,0.855655,0.760749,0.981388
N20270126-S039,N20270126,2027-01-27T15:00:00Z,900,true,0.854844,0.831781,0.745088,0.950604
N20270126-S040,N20270126,2027-01-27T15:15:00Z,900,true,0.855290,0.825467,0.731278,0.976332
N20270127-S001,N20270127,2027-01-28T05:30:00Z,900,true,0.912469,0.821285,0.851434,0.984597
N20270127-S002,N20270127,2027-01-28T05:45:00Z,900,true,0.948175,0.838160,0.834983,0.996791
N20270127-S003,N20270127,2027-01-28T06:00:00Z,900,true,0.969699,0.839740,0.852744,0.984806
N20270127-S004,N20270127,2027-01-28T06:15:00Z,900,true,0.954173,0.846329,0.848321,0.925903
N20270127-S005,N20270127,2027-01-28T06:30:00Z,900,true,0.926153,0.847167,0.842295,0.932910
N20270127-S006,N20270127,2027-01-28T06:45:00Z,900,true,0.918112,0.858220,0.874481,0.930109
N20270127-S007,N20270127,2027-01-28T07:00:00Z,900,true,0.927147,0.849541,0.902501,0.960876
N20270127-S008,N20270127,2027-01-28T07:15:00Z,900,true,0.960022,0.861466,0.898858,0.902647
N20270127-S009,N20270127,2027-01-28T07:30:00Z,900,true,0.991583,0.857503,0.923046,0.995833
N20270127-S010,N20270127,2027-01-28T07:45:00Z,900,true,0.954941,0.834191,0.919843,0.958358
N20270127-S011,N20270127,2027-01-28T08:00:00Z,900,true,0.936501,0.834903,0.904602,0.972873
N20270127-S012,N20270127,2027-01-28T08:15:00Z,900,true,0.964743,0.826689,0.910188,0.919298
N20270127-S013,N20270127,2027-01-28T08:30:00Z,900,true,0.886464,0.834424,0.929377,0.920290
N20270127-S014,N20270127,2027-01-28T08:45:00Z,900,true,0.886786,0.836018,0.914341,0.933663
N20270127-S015,N20270127,2027-01-28T09:00:00Z,900,true,0.920145,0.845174,0.910746,0.975976
N20270127-S016,N20270127,2027-01-28T09:15:00Z,900,true,0.922632,0.835261,0.901523,0.912473
N20270127-S017,N20270127,2027-01-28T09:30:00Z,900,true,0.886653,0.835300,0.854481,0.907286
N20270127-S018,N20270127,2027-01-28T09:45:00Z,900,true,0.928455,0.834357,0.849832,0.910857
N20270127-S019,N20270127,2027-01-28T10:00:00Z,900,true,0.855699,0.825032,0.833509,0.922191
N20270127-S020,N20270127,2027-01-28T10:15:00Z,900,true,0.874671,0.823529,0.847738,0.948973
N20270127-S021,N20270127,2027-01-28T10:30:00Z,900,true,0.892317,0.821771,0.854650,0.997223
N20270127-S022,N20270127,2027-01-28T10:45:00Z,900,true,0.921276,0.818429,0.856016,0.977542
N20270127-S023,N20270127,2027-01-28T11:00:00Z,900,true,0.933048,0.842984,0.869172,0.966181
N20270127-S024,N20270127,2027-01-28T11:15:00Z,900,true,0.951130,0.832389,0.867788,0.991588
N20270127-S025,N20270127,2027-01-28T11:30:00Z,900,true,0.924892,0.833569,0.852567,0.953240
N20270127-S026,N20270127,2027-01-28T11:45:00Z,900,true,0.919344,0.829375,0.834765,0.979872
N20270127-S027,N20270127,2027-01-28T12:00:00Z,900,true,0.936098,0.830171,0.836472,0.921944
N20270127-S028,N20270127,2027-01-28T12:15:00Z,900,true,0.876026,0.829931,0.824576,0.971249
N20270127-S029,N20270127,2027-01-28T12:30:00Z,900,true,0.875982,0.813664,0.794539,0.989965
N20270127-S030,N20270127,2027-01-28T12:45:00Z,900,true,0.923555,0.807734,0.811785,0.975974
N20270127-S031,N20270127,2027-01-28T13:00:00Z,900,true,0.924237,0.814375,0.806296,0.954906
N20270127-S032,N20270127,2027-01-28T13:15:00Z,900,true,0.884798,0.803923,0.803091,0.929032
N20270127-S033,N20270127,2027-01-28T13:30:00Z,900,true,0.908857,0.800053,0.787288,0.986613
N20270127-S034,N20270127,2027-01-28T13:45:00Z,900,true,0.855173,0.816408,0.785133,0.928417
N20270127-S035,N20270127,2027-01-28T14:00:00Z,900,true,0.848083,0.821970,0.801491,0.964563
N20270127-S036,N20270127,2027-01-28T14:15:00Z,900,true,0.945250,0.834910,0.795097,0.985160
N20270127-S037,N20270127,2027-01-28T14:30:00Z,900,true,0.930568,0.835899,0.804207,0.908044
N20270127-S038,N20270127,2027-01-28T14:45:00Z,900,true,0.896997,0.822247,0.809222,0.927594
N20270127-S039,N20270127,2027-01-28T15:00:00Z,900,true,0.889263,0.811587,0.823335,0.974742
N20270127-S040,N20270127,2027-01-28T15:15:00Z,900,true,0.923493,0.792807,0.832866,0.980287
N20270128-S001,N20270128,2027-01-29T05:30:00Z,900,true,1.048074,0.864283,0.976079,0.965890
N20270128-S002,N20270128,2027-01-29T05:45:00Z,900,true,1.076481,0.870651,0.972855,0.921126
N20270128-S003,N20270128,2027-01-29T06:00:00Z,900,true,1.067339,0.863837,0.975208,0.961116
N20270128-S004,N20270128,2027-01-29T06:15:00Z,900,true,1.086963,0.857556,0.985038,0.961724
N20270128-S005,N20270128,2027-01-29T06:30:00Z,900,true,1.073636,0.856109,1.000655,0.964999
N20270128-S006,N20270128,2027-01-29T06:45:00Z,900,true,1.063420,0.844834,0.986936,0.942129
N20270128-S007,N20270128,2027-01-29T07:00:00Z,900,true,1.088557,0.843783,0.987532,0.956346
N20270128-S008,N20270128,2027-01-29T07:15:00Z,900,true,1.089910,0.858921,0.997972,0.995441
N20270128-S009,N20270128,2027-01-29T07:30:00Z,900,true,1.111006,0.874501,1.022784,0.958261
N20270128-S010,N20270128,2027-01-29T07:45:00Z,900,true,1.082519,0.874166,1.011831,0.970634
N20270128-S011,N20270128,2027-01-29T08:00:00Z,900,true,1.052816,0.857903,0.987898,0.973622
N20270128-S012,N20270128,2027-01-29T08:15:00Z,900,true,1.085894,0.854406,0.971963,0.915608
N20270128-S013,N20270128,2027-01-29T08:30:00Z,900,true,1.148260,0.851026,0.962617,0.923677
N20270128-S014,N20270128,2027-01-29T08:45:00Z,900,true,1.113369,0.861406,0.986188,0.944766
N20270128-S015,N20270128,2027-01-29T09:00:00Z,900,true,1.143809,0.847813,0.986115,0.915779
N20270128-S016,N20270128,2027-01-29T09:15:00Z,900,true,1.112134,0.858163,0.968507,0.969585
N20270128-S017,N20270128,2027-01-29T09:30:00Z,900,true,1.047554,0.858590,0.938548,0.969067
N20270128-S018,N20270128,2027-01-29T09:45:00Z,900,true,1.092408,0.864574,0.944302,0.997056
N20270128-S019,N20270128,2027-01-29T10:00:00Z,900,true,1.117444,0.846126,0.940209,0.958028
N20270128-S020,N20270128,2027-01-29T10:15:00Z,900,true,1.148949,0.835394,0.926673,0.930363
N20270128-S021,N20270128,2027-01-29T10:30:00Z,900,true,1.131756,0.850720,0.901174,0.939702
N20270128-S022,N20270128,2027-01-29T10:45:00Z,900,true,1.064497,0.860964,0.902204,0.907459
N20270128-S023,N20270128,2027-01-29T11:00:00Z,900,true,1.083929,0.856235,0.884906,0.936851
N20270128-S024,N20270128,2027-01-29T11:15:00Z,900,true,1.153603,0.839770,0.866369,0.937600
N20270128-S025,N20270128,2027-01-29T11:30:00Z,900,true,1.140700,0.845467,0.870317,0.936568
N20270128-S026,N20270128,2027-01-29T11:45:00Z,900,true,1.168017,0.838838,0.881729,0.996902
N20270128-S027,N20270128,2027-01-29T12:00:00Z,900,true,1.148775,0.831838,0.875024,0.940778
N20270128-S028,N20270128,2027-01-29T12:15:00Z,900,true,1.164268,0.833775,0.873877,0.942813
N20270128-S029,N20270128,2027-01-29T12:30:00Z,900,true,1.203589,0.859513,0.886392,0.928471
N20270128-S030,N20270128,2027-01-29T12:45:00Z,900,true,1.262926,0.891786,0.875530,0.981339
N20270128-S031,N20270128,2027-01-29T13:00:00Z,900,true,1.244397,0.884653,0.863306,0.930810
N20270128-S032,N20270128,2027-01-29T13:15:00Z,900,true,1.227407,0.886924,0.876745,0.383275
N20270128-S033,N20270128,2027-01-29T13:30:00Z,900,true,1.223375,0.885900,0.869940,0.383909
N20270128-S034,N20270128,2027-01-29T13:45:00Z,900,true,1.152075,0.883816,0.870875,0.384288
N20270128-S035,N20270128,2027-01-29T14:00:00Z,900,true,1.135943,0.881569,0.876147,0.404496
N20270128-S036,N20270128,2027-01-29T14:15:00Z,900,true,1.149235,0.886653,0.865511,0.388414
N20270128-S037,N20270128,2027-01-29T14:30:00Z,900,true,1.126627,0.860167,0.894030,0.393051
N20270128-S038,N20270128,2027-01-29T14:45:00Z,900,true,1.129106,0.866052,0.891040,0.378987
N20270128-S039,N20270128,2027-01-29T15:00:00Z,900,true,1.132260,0.848451,0.896178,0.389621
N20270128-S040,N20270128,2027-01-29T15:15:00Z,900,true,1.140042,0.845213,0.905073,0.394895
N20270129-S001,N20270129,2027-01-30T05:30:00Z,900,true,1.180193,0.894542,0.853264,0.376011
N20270129-S002,N20270129,2027-01-30T05:45:00Z,900,true,1.192468,0.861443,0.869269,0.401292
N20270129-S003,N20270129,2027-01-30T06:00:00Z,900,true,1.224400,0.874494,0.877209,0.393009
N20270129-S004,N20270129,2027-01-30T06:15:00Z,900,true,1.223569,0.874123,0.913204,0.403147
N20270129-S005,N20270129,2027-01-30T06:30:00Z,900,true,1.242356,0.878851,0.883272,0.378381
N20270129-S006,N20270129,2027-01-30T06:45:00Z,900,true,1.230163,0.873323,0.859296,0.377915
N20270129-S007,N20270129,2027-01-30T07:00:00Z,900,true,1.184476,0.897378,0.872887,0.387934
N20270129-S008,N20270129,2027-01-30T07:15:00Z,900,true,1.187779,0.896365,0.869660,0.409093
N20270129-S009,N20270129,2027-01-30T07:30:00Z,900,true,1.189020,0.890736,0.863567,0.407412
N20270129-S010,N20270129,2027-01-30T07:45:00Z,900,true,1.175493,0.886094,0.861362,0.381059
N20270129-S011,N20270129,2027-01-30T08:00:00Z,900,true,1.152287,0.890132,0.879000,0.382444
N20270129-S012,N20270129,2027-01-30T08:15:00Z,900,true,1.192313,0.865015,0.859946,0.412048
N20270129-S013,N20270129,2027-01-30T08:30:00Z,900,true,1.238188,0.884436,0.862025,0.395030
N20270129-S014,N20270129,2027-01-30T08:45:00Z,900,true,1.232995,0.881072,0.894083,0.402605
N20270129-S015,N20270129,2027-01-30T09:00:00Z,900,true,1.240289,0.874738,0.880754,0.378652
N20270129-S016,N20270129,2027-01-30T09:15:00Z,900,true,1.212533,0.880734,0.871112,0.380788
N20270129-S017,N20270129,2027-01-30T09:30:00Z,900,true,1.177752,0.871087,0.906848,0.397848
N20270129-S018,N20270129,2027-01-30T09:45:00Z,900,true,1.139523,0.865697,0.890898,0.409825
N20270129-S019,N20270129,2027-01-30T10:00:00Z,900,true,1.168974,0.887485,0.893018,0.398473
N20270129-S020,N20270129,2027-01-30T10:15:00Z,900,true,1.236277,0.896925,0.903155,0.383924
N20270129-S021,N20270129,2027-01-30T10:30:00Z,900,true,1.218033,0.880989,0.885136,0.417075
N20270129-S022,N20270129,2027-01-30T10:45:00Z,900,true,1.122149,0.885657,0.892454,0.406198
N20270129-S023,N20270129,2027-01-30T11:00:00Z,900,true,1.199255,0.877953,0.888823,0.376831
N20270129-S024,N20270129,2027-01-30T11:15:00Z,900,true,1.179018,0.880677,0.873138,0.400175
N20270129-S025,N20270129,2027-01-30T11:30:00Z,900,true,1.189493,0.850216,0.855516,0.402139
N20270129-S026,N20270129,2027-01-30T11:45:00Z,900,true,1.182771,0.854649,0.850165,0.383880
N20270129-S027,N20270129,2027-01-30T12:00:00Z,900,true,1.171209,0.867852,0.874563,0.381111
N20270129-S028,N20270129,2027-01-30T12:15:00Z,900,true,1.218109,0.858814,0.865377,0.386921
N20270129-S029,N20270129,2027-01-30T12:30:00Z,900,true,1.162327,0.833834,0.846573,0.393062
N20270129-S030,N20270129,2027-01-30T12:45:00Z,900,true,1.157152,0.845801,0.828250,0.400276
N20270129-S031,N20270129,2027-01-30T13:00:00Z,900,true,1.156244,0.837837,0.838398,0.393893
N20270129-S032,N20270129,2027-01-30T13:15:00Z,900,true,1.188524,0.849798,0.820741,0.388374
N20270129-S033,N20270129,2027-01-30T13:30:00Z,900,true,1.171571,0.857501,0.829426,0.388952
N20270129-S034,N20270129,2027-01-30T13:45:00Z,900,true,1.135161,0.853197,0.825028,0.379577
N20270129-S035,N20270129,2027-01-30T14:00:00Z,900,true,1.080817,0.867613,0.822527,0.379857
N20270129-S036,N20270129,2027-01-30T14:15:00Z,900,true,1.105433,0.884587,0.812731,0.410152
N20270129-S037,N20270129,2027-01-30T14:30:00Z,900,true,1.160629,0.883341,0.849629,0.406133
N20270129-S038,N20270129,2027-01-30T14:45:00Z,900,true,1.113300,0.878132,0.850700,0.382348
N20270129-S039,N20270129,2027-01-30T15:00:00Z,900,true,1.097626,0.875451,0.841097,0.384343
N20270129-S040,N20270129,2027-01-30T15:15:00Z,900,false,,,,
N20270130-S001,N20270130,2027-01-31T05:30:00Z,900,false,,,,
N20270130-S002,N20270130,2027-01-31T05:45:00Z,900,false,,,,
N20270130-S003,N20270130,2027-01-31T06:00:00Z,900,false,,,,
N20270130-S004,N20270130,2027-01-31T06:15:00Z,900,false,,,,
N20270130-S005,N20270130,2027-01-31T06:30:00Z,900,false,,,,
N20270130-S006,N20270130,2027-01-31T06:45:00Z,900,false,,,,
N20270130-S007,N20270130,2027-01-31T07:00:00Z,900,false,,,,
N20270130-S008,N20270130,2027-01-31T07:15:00Z,900,false,,,,
N20270130-S009,N20270130,2027-01-31T07:30:00Z,900,false,,,,
N20270130-S010,N20270130,2027-01-31T07:45:00Z,900,false,,,,
N20270130-S011,N20270130,2027-01-31T08:00:00Z,900,false,,,,
N20270130-S012,N20270130,2027-01-31T08:15:00Z,900,false,,,,
N20270130-S013,N20270130,2027-01-31T08:30:00Z,900,false,,,,
N20270130-S014,N20270130,2027-01-31T08:45:00Z,900,false,,,,
N20270130-S015,N20270130,2027-01-31T09:00:00Z,900,true,1.163925,0.897544,0.820275,0.379520
N20270130-S016,N20270130,2027-01-31T09:15:00Z,900,true,1.121577,0.921830,0.819295,0.414318
N20270130-S017,N20270130,2027-01-31T09:30:00Z,900,true,1.140024,0.927953,0.819817,0.391929
N20270130-S018,N20270130,2027-01-31T09:45:00Z,900,true,1.161390,0.912465,0.827476,0.378105
N20270130-S019,N20270130,2027-01-31T10:00:00Z,900,true,1.099614,0.919600,0.853526,0.385794
N20270130-S020,N20270130,2027-01-31T10:15:00Z,900,true,1.120723,0.920999,0.838306,0.408709
N20270130-S021,N20270130,2027-01-31T10:30:00Z,900,true,1.115298,0.921482,0.845037,0.399417
N20270130-S022,N20270130,2027-01-31T10:45:00Z,900,true,1.140704,0.911897,0.820187,0.408215
N20270130-S023,N20270130,2027-01-31T11:00:00Z,900,true,1.127625,0.893394,0.825305,0.378264
N20270130-S024,N20270130,2027-01-31T11:15:00Z,900,true,1.137289,0.900128,0.829693,0.403646
N20270130-S025,N20270130,2027-01-31T11:30:00Z,900,true,1.101879,0.894918,0.828534,0.399804
N20270130-S026,N20270130,2027-01-31T11:45:00Z,900,true,1.102552,0.885225,0.811279,0.417043
N20270130-S027,N20270130,2027-01-31T12:00:00Z,900,true,1.099277,0.900468,0.847589,0.396004
N20270130-S028,N20270130,2027-01-31T12:15:00Z,900,true,1.099205,0.889189,0.853257,0.402597
N20270130-S029,N20270130,2027-01-31T12:30:00Z,900,true,1.130832,0.889007,0.874711,0.410281
N20270130-S030,N20270130,2027-01-31T12:45:00Z,900,true,1.088651,0.885054,0.897723,0.393847
N20270130-S031,N20270130,2027-01-31T13:00:00Z,900,true,1.140317,0.890608,0.925250,0.377550
N20270130-S032,N20270130,2027-01-31T13:15:00Z,900,true,1.118661,0.888322,0.899932,0.408227
N20270130-S033,N20270130,2027-01-31T13:30:00Z,900,true,1.167362,0.874465,0.868806,0.391951
N20270130-S034,N20270130,2027-01-31T13:45:00Z,900,true,1.182310,0.871443,0.868561,0.383354
N20270130-S035,N20270130,2027-01-31T14:00:00Z,900,true,1.135557,0.885022,0.845477,0.406538
N20270130-S036,N20270130,2027-01-31T14:15:00Z,900,true,1.093104,0.900372,0.838572,0.402574
N20270130-S037,N20270130,2027-01-31T14:30:00Z,900,true,1.083459,0.903445,0.832671,0.401796
N20270130-S038,N20270130,2027-01-31T14:45:00Z,900,true,1.117482,0.904889,0.834492,0.399970
N20270130-S039,N20270130,2027-01-31T15:00:00Z,900,true,1.075432,0.881679,0.819595,0.416701
N20270130-S040,N20270130,2027-01-31T15:15:00Z,900,true,1.036093,0.900313,0.828484,0.390927
N20270131-S001,N20270131,2027-02-01T05:30:00Z,900,true,1.077213,0.912416,0.902583,0.398931
N20270131-S002,N20270131,2027-02-01T05:45:00Z,900,true,1.062931,0.902780,0.910937,0.392480
N20270131-S003,N20270131,2027-02-01T06:00:00Z,900,true,1.044179,0.887667,0.907575,0.406483
N20270131-S004,N20270131,2027-02-01T06:15:00Z,900,true,1.023615,0.888326,0.923125,0.404479
N20270131-S005,N20270131,2027-02-01T06:30:00Z,900,true,0.996850,0.905774,0.905672,0.392835
N20270131-S006,N20270131,2027-02-01T06:45:00Z,900,true,1.007628,0.910844,0.879860,0.394994
N20270131-S007,N20270131,2027-02-01T07:00:00Z,900,true,0.989480,0.900576,0.910410,0.390456
N20270131-S008,N20270131,2027-02-01T07:15:00Z,900,true,1.002464,0.903326,0.925210,0.382243
N20270131-S009,N20270131,2027-02-01T07:30:00Z,900,true,1.018725,0.901881,0.939796,0.382035
N20270131-S010,N20270131,2027-02-01T07:45:00Z,900,true,0.976309,0.908008,0.933493,0.392416
N20270131-S011,N20270131,2027-02-01T08:00:00Z,900,true,0.975087,0.879444,0.934402,0.409157
N20270131-S012,N20270131,2027-02-01T08:15:00Z,900,true,1.007792,0.865033,0.913642,0.378802
N20270131-S013,N20270131,2027-02-01T08:30:00Z,900,true,1.072612,0.872486,0.916848,0.376053
N20270131-S014,N20270131,2027-02-01T08:45:00Z,900,true,1.103267,0.879078,0.955040,0.388842
N20270131-S015,N20270131,2027-02-01T09:00:00Z,900,true,1.089404,0.871254,0.951230,0.412909
N20270131-S016,N20270131,2027-02-01T09:15:00Z,900,true,1.068557,0.880760,0.933853,0.407280
N20270131-S017,N20270131,2027-02-01T09:30:00Z,900,true,1.097523,0.885793,0.925413,0.386121
N20270131-S018,N20270131,2027-02-01T09:45:00Z,900,true,1.151865,0.905549,0.924820,0.387791
N20270131-S019,N20270131,2027-02-01T10:00:00Z,900,true,1.203099,0.904502,0.930270,0.403404
N20270131-S020,N20270131,2027-02-01T10:15:00Z,900,true,1.150977,0.910331,0.930949,0.401296
N20270131-S021,N20270131,2027-02-01T10:30:00Z,900,true,1.155864,0.894799,0.917653,0.379736
N20270131-S022,N20270131,2027-02-01T10:45:00Z,900,true,1.178514,0.895143,0.905414,0.401341
N20270131-S023,N20270131,2027-02-01T11:00:00Z,900,true,1.141138,0.911163,0.906482,0.406756
N20270131-S024,N20270131,2027-02-01T11:15:00Z,900,true,1.124210,0.891099,0.871116,0.416860
N20270131-S025,N20270131,2027-02-01T11:30:00Z,900,true,1.057046,0.902781,0.861918,0.400359
N20270131-S026,N20270131,2027-02-01T11:45:00Z,900,true,1.010592,0.923741,0.860885,0.387868
N20270131-S027,N20270131,2027-02-01T12:00:00Z,900,true,1.021434,0.920223,0.882372,0.398842
N20270131-S028,N20270131,2027-02-01T12:15:00Z,900,true,1.009918,0.924054,0.889770,0.384659
N20270131-S029,N20270131,2027-02-01T12:30:00Z,900,true,1.009890,0.895178,0.899381,0.391829
N20270131-S030,N20270131,2027-02-01T12:45:00Z,900,true,1.050141,0.879185,0.902667,0.417052
N20270131-S031,N20270131,2027-02-01T13:00:00Z,900,true,1.061409,0.878052,0.906586,0.407058
N20270131-S032,N20270131,2027-02-01T13:15:00Z,900,true,1.053630,0.875807,0.884648,0.390718
N20270131-S033,N20270131,2027-02-01T13:30:00Z,900,true,1.047678,0.896307,0.884798,0.412487
N20270131-S034,N20270131,2027-02-01T13:45:00Z,900,true,1.039363,0.880428,0.863610,0.412757
N20270131-S035,N20270131,2027-02-01T14:00:00Z,900,true,0.998014,0.865143,0.874137,0.382421
N20270131-S036,N20270131,2027-02-01T14:15:00Z,900,true,1.013649,0.878286,0.867000,0.407819
N20270131-S037,N20270131,2027-02-01T14:30:00Z,900,true,1.008402,0.899647,0.891024,0.408544
N20270131-S038,N20270131,2027-02-01T14:45:00Z,900,true,1.039773,0.901403,0.909685,0.396073
N20270131-S039,N20270131,2027-02-01T15:00:00Z,900,false,,,,
N20270131-S040,N20270131,2027-02-01T15:15:00Z,900,false,,,,
N20270201-S001,N20270201,2027-02-02T05:30:00Z,900,false,,,,
N20270201-S002,N20270201,2027-02-02T05:45:00Z,900,false,,,,
N20270201-S003,N20270201,2027-02-02T06:00:00Z,900,false,,,,
N20270201-S004,N20270201,2027-02-02T06:15:00Z,900,false,,,,
N20270201-S005,N20270201,2027-02-02T06:30:00Z,900,false,,,,
N20270201-S006,N20270201,2027-02-02T06:45:00Z,900,false,,,,
N20270201-S007,N20270201,2027-02-02T07:00:00Z,900,false,,,,
N20270201-S008,N20270201,2027-02-02T07:15:00Z,900,false,,,,
N20270201-S009,N20270201,2027-02-02T07:30:00Z,900,false,,,,
N20270201-S010,N20270201,2027-02-02T07:45:00Z,900,false,,,,
N20270201-S011,N20270201,2027-02-02T08:00:00Z,900,false,,,,
N20270201-S012,N20270201,2027-02-02T08:15:00Z,900,false,,,,
N20270201-S013,N20270201,2027-02-02T08:30:00Z,900,false,,,,
N20270201-S014,N20270201,2027-02-02T08:45:00Z,900,false,,,,
N20270201-S015,N20270201,2027-02-02T09:00:00Z,900,false,,,,
N20270201-S016,N20270201,2027-02-02T09:15:00Z,900,false,,,,
N20270201-S017,N20270201,2027-02-02T09:30:00Z,900,false,,,,
N20270201-S018,N20270201,2027-02-02T09:45:00Z,900,false,,,,
N20270201-S019,N20270201,2027-02-02T10:00:00Z,900,false,,,,
N20270201-S020,N20270201,2027-02-02T10:15:00Z,900,false,,,,
N20270201-S021,N20270201,2027-02-02T10:30:00Z,900,true,1.031735,0.915300,1.046610,0.416654
N20270201-S022,N20270201,2027-02-02T10:45:00Z,900,true,1.033587,0.938629,1.062757,0.394147
N20270201-S023,N20270201,2027-02-02T11:00:00Z,900,true,1.090487,0.948918,1.070037,0.410390
N20270201-S024,N20270201,2027-02-02T11:15:00Z,900,true,1.129004,0.934410,1.041347,0.392029
N20270201-S025,N20270201,2027-02-02T11:30:00Z,900,true,1.163512,0.930455,1.033033,0.414103
N20270201-S026,N20270201,2027-02-02T11:45:00Z,900,true,1.191300,0.927874,1.014698,0.414931
N20270201-S027,N20270201,2027-02-02T12:00:00Z,900,true,1.116085,0.921770,0.994912,0.399380
N20270201-S028,N20270201,2027-02-02T12:15:00Z,900,true,1.144726,0.917661,0.984573,0.386352
N20270201-S029,N20270201,2027-02-02T12:30:00Z,900,true,1.187337,0.901638,0.965559,0.379173
N20270201-S030,N20270201,2027-02-02T12:45:00Z,900,true,1.163146,0.909076,0.956845,0.406331
N20270201-S031,N20270201,2027-02-02T13:00:00Z,900,true,1.169519,0.908873,0.967334,0.396178
N20270201-S032,N20270201,2027-02-02T13:15:00Z,900,true,1.199422,0.889943,0.943306,0.406619
N20270201-S033,N20270201,2027-02-02T13:30:00Z,900,true,1.178962,0.888206,0.949504,0.401350
N20270201-S034,N20270201,2027-02-02T13:45:00Z,900,true,1.162377,0.904848,0.938989,0.380684
N20270201-S035,N20270201,2027-02-02T14:00:00Z,900,true,1.141713,0.911688,0.934360,0.389825
N20270201-S036,N20270201,2027-02-02T14:15:00Z,900,true,1.171931,0.909679,0.948657,0.409043
N20270201-S037,N20270201,2027-02-02T14:30:00Z,900,true,1.139791,0.912303,0.947448,0.395918
N20270201-S038,N20270201,2027-02-02T14:45:00Z,900,true,1.074304,0.903902,0.943729,0.416493
N20270201-S039,N20270201,2027-02-02T15:00:00Z,900,true,1.076495,0.901237,0.941575,0.408493
N20270201-S040,N20270201,2027-02-02T15:15:00Z,900,true,1.022304,0.886168,0.945623,0.408784
N20270202-S001,N20270202,2027-02-03T05:45:00Z,900,true,1.095110,0.946350,1.074832,0.405631
N20270202-S002,N20270202,2027-02-03T06:00:00Z,900,true,1.078776,0.955319,1.054953,0.385101
N20270202-S003,N20270202,2027-02-03T06:15:00Z,900,true,1.067619,0.947053,1.038410,0.403622
N20270202-S004,N20270202,2027-02-03T06:30:00Z,900,true,1.101245,0.960331,1.028969,0.378494
N20270202-S005,N20270202,2027-02-03T06:45:00Z,900,true,1.096108,0.950433,1.030147,0.407009
N20270202-S006,N20270202,2027-02-03T07:00:00Z,900,true,1.053196,0.943182,1.040224,0.397874
N20270202-S007,N20270202,2027-02-03T07:15:00Z,900,true,1.026688,0.956497,1.039107,0.414990
N20270202-S008,N20270202,2027-02-03T07:30:00Z,900,true,1.045019,0.964359,1.052183,0.384029
N20270202-S009,N20270202,2027-02-03T07:45:00Z,900,true,1.042487,0.963514,1.043225,0.403695
N20270202-S010,N20270202,2027-02-03T08:00:00Z,900,true,0.989993,0.956465,1.056127,0.405784
N20270202-S011,N20270202,2027-02-03T08:15:00Z,900,true,0.966337,0.943832,1.087123,0.407294
N20270202-S012,N20270202,2027-02-03T08:30:00Z,900,true,0.965268,0.935820,1.066611,0.392508
N20270202-S013,N20270202,2027-02-03T08:45:00Z,900,true,0.951150,0.957495,1.075207,0.391445
N20270202-S014,N20270202,2027-02-03T09:00:00Z,900,true,1.042802,0.950820,1.064942,0.411424
N20270202-S015,N20270202,2027-02-03T09:15:00Z,900,true,1.039700,0.939363,1.070510,0.396282
N20270202-S016,N20270202,2027-02-03T09:30:00Z,900,true,1.038701,0.940153,1.075305,0.379718
N20270202-S017,N20270202,2027-02-03T09:45:00Z,900,true,0.993175,0.926214,1.069543,0.380616
N20270202-S018,N20270202,2027-02-03T10:00:00Z,900,true,1.030130,0.918837,1.058005,0.407293
N20270202-S019,N20270202,2027-02-03T10:15:00Z,900,true,1.019742,0.915700,1.072651,0.412821
N20270202-S020,N20270202,2027-02-03T10:30:00Z,900,true,1.010552,0.926250,1.051348,0.382167
N20270202-S021,N20270202,2027-02-03T10:45:00Z,900,true,1.026381,0.908833,1.037943,0.408336
N20270202-S022,N20270202,2027-02-03T11:00:00Z,900,true,1.083679,0.928560,1.038461,0.387917
N20270202-S023,N20270202,2027-02-03T11:15:00Z,900,true,1.008031,0.928078,1.051901,0.395180
N20270202-S024,N20270202,2027-02-03T11:30:00Z,900,true,0.947589,0.937934,1.056544,0.399715
N20270202-S025,N20270202,2027-02-03T11:45:00Z,900,true,0.909757,0.934045,1.049165,0.382842
N20270202-S026,N20270202,2027-02-03T12:00:00Z,900,true,0.872963,0.925730,1.069292,0.386181
N20270202-S027,N20270202,2027-02-03T12:15:00Z,900,true,0.913431,0.927457,1.088874,0.395211
N20270202-S028,N20270202,2027-02-03T12:30:00Z,900,true,0.914133,0.928160,1.072855,0.389458
N20270202-S029,N20270202,2027-02-03T12:45:00Z,900,true,0.883942,0.941650,1.072163,0.395524
N20270202-S030,N20270202,2027-02-03T13:00:00Z,900,true,0.925114,0.944663,1.110829,0.415627
N20270202-S031,N20270202,2027-02-03T13:15:00Z,900,true,0.952638,0.933228,1.111533,0.375927
N20270202-S032,N20270202,2027-02-03T13:30:00Z,900,true,1.017651,0.944283,1.110943,0.381431
N20270202-S033,N20270202,2027-02-03T13:45:00Z,900,true,1.027797,0.949840,1.117831,0.403828
N20270202-S034,N20270202,2027-02-03T14:00:00Z,900,true,0.995654,0.946967,1.126056,0.386284
N20270202-S035,N20270202,2027-02-03T14:15:00Z,900,true,0.993899,0.954105,1.131247,0.380227
N20270202-S036,N20270202,2027-02-03T14:30:00Z,900,true,0.998368,0.956668,1.148250,0.389899
N20270202-S037,N20270202,2027-02-03T14:45:00Z,900,true,1.083085,0.941815,1.131234,0.378083
N20270202-S038,N20270202,2027-02-03T15:00:00Z,900,true,1.113507,0.919063,1.122898,0.397451
N20270202-S039,N20270202,2027-02-03T15:15:00Z,900,true,1.139331,0.929266,1.121543,0.379790
N20270203-S001,N20270203,2027-02-04T05:45:00Z,900,true,1.341172,0.891778,1.035151,0.415262
N20270203-S002,N20270203,2027-02-04T06:00:00Z,900,true,1.339079,0.911331,1.060462,0.395818
N20270203-S003,N20270203,2027-02-04T06:15:00Z,900,true,1.374912,0.907979,1.061139,0.377866
N20270203-S004,N20270203,2027-02-04T06:30:00Z,900,true,1.389354,0.917263,1.064263,0.412167
N20270203-S005,N20270203,2027-02-04T06:45:00Z,900,true,1.329157,0.910973,1.080110,0.399544
N20270203-S006,N20270203,2027-02-04T07:00:00Z,900,true,1.335946,0.907421,1.105083,0.412786
N20270203-S007,N20270203,2027-02-04T07:15:00Z,900,true,1.337295,0.907151,1.084745,0.408945
N20270203-S008,N20270203,2027-02-04T07:30:00Z,900,true,1.278189,0.919520,1.087821,0.391524
N20270203-S009,N20270203,2027-02-04T07:45:00Z,900,true,1.241905,0.906407,1.072261,0.406684
N20270203-S010,N20270203,2027-02-04T08:00:00Z,900,true,1.273865,0.915485,1.084182,0.400264
N20270203-S011,N20270203,2027-02-04T08:15:00Z,900,true,1.264915,0.925039,1.069384,0.388001
N20270203-S012,N20270203,2027-02-04T08:30:00Z,900,true,1.221755,0.906060,1.111527,0.405638
N20270203-S013,N20270203,2027-02-04T08:45:00Z,900,true,1.182397,0.924148,1.141348,0.415424
N20270203-S014,N20270203,2027-02-04T09:00:00Z,900,true,1.182349,0.935446,1.132588,0.380726
N20270203-S015,N20270203,2027-02-04T09:15:00Z,900,true,1.209254,0.920374,1.114834,0.393574
N20270203-S016,N20270203,2027-02-04T09:30:00Z,900,true,1.200466,0.945431,1.108797,0.409667
N20270203-S017,N20270203,2027-02-04T09:45:00Z,900,true,1.218937,0.944295,1.109469,0.398418
N20270203-S018,N20270203,2027-02-04T10:00:00Z,900,true,1.221515,0.934453,1.107262,0.380023
N20270203-S019,N20270203,2027-02-04T10:15:00Z,900,true,1.264721,0.932492,1.105635,0.390771
N20270203-S020,N20270203,2027-02-04T10:30:00Z,900,true,1.244572,0.921937,1.059125,0.393765
N20270203-S021,N20270203,2027-02-04T10:45:00Z,900,true,1.246805,0.920840,1.022089,0.416689
N20270203-S022,N20270203,2027-02-04T11:00:00Z,900,true,1.265838,0.918119,1.024007,0.394764
N20270203-S023,N20270203,2027-02-04T11:15:00Z,900,true,1.232021,0.908748,1.053290,0.378794
N20270203-S024,N20270203,2027-02-04T11:30:00Z,900,true,1.209642,0.913119,1.066626,0.379266
N20270203-S025,N20270203,2027-02-04T11:45:00Z,900,true,1.199166,0.901050,1.075839,0.393581
N20270203-S026,N20270203,2027-02-04T12:00:00Z,900,true,1.249449,0.894353,1.070235,0.407927
N20270203-S027,N20270203,2027-02-04T12:15:00Z,900,true,1.267357,0.890471,1.089423,0.379927
N20270203-S028,N20270203,2027-02-04T12:30:00Z,900,true,1.303507,0.899760,1.075295,0.402297
N20270203-S029,N20270203,2027-02-04T12:45:00Z,900,true,1.317789,0.902509,1.085638,0.396101
N20270203-S030,N20270203,2027-02-04T13:00:00Z,900,true,1.359746,0.906923,1.082878,0.404499
N20270203-S031,N20270203,2027-02-04T13:15:00Z,900,true,1.334497,0.894252,1.095240,0.408295
N20270203-S032,N20270203,2027-02-04T13:30:00Z,900,true,1.323940,0.874282,1.113704,0.381285
N20270203-S033,N20270203,2027-02-04T13:45:00Z,900,true,1.316480,0.876804,1.121373,0.384055
N20270203-S034,N20270203,2027-02-04T14:00:00Z,900,true,1.361721,0.886781,1.100812,0.386349
N20270203-S035,N20270203,2027-02-04T14:15:00Z,900,true,1.297160,0.899454,1.112223,0.384713
N20270203-S036,N20270203,2027-02-04T14:30:00Z,900,true,1.259834,0.897579,1.111709,0.403638
N20270203-S037,N20270203,2027-02-04T14:45:00Z,900,true,1.244884,0.901955,1.085130,0.385124
N20270203-S038,N20270203,2027-02-04T15:00:00Z,900,true,1.205906,0.904866,1.074982,0.393226
N20270203-S039,N20270203,2027-02-04T15:15:00Z,900,true,1.183005,0.906057,1.078839,0.390042
N20270204-S001,N20270204,2027-02-05T05:45:00Z,900,true,1.419101,0.942446,1.045798,0.401676
N20270204-S002,N20270204,2027-02-05T06:00:00Z,900,true,1.396759,0.935308,1.017620,0.405942
N20270204-S003,N20270204,2027-02-05T06:15:00Z,900,true,1.354218,0.921988,1.038460,0.385964
N20270204-S004,N20270204,2027-02-05T06:30:00Z,900,true,1.388806,0.917300,0.989571,0.394960
N20270204-S005,N20270204,2027-02-05T06:45:00Z,900,true,1.404013,0.926581,0.995949,0.403640
N20270204-S006,N20270204,2027-02-05T07:00:00Z,900,true,1.381183,0.945799,1.011936,0.396697
N20270204-S007,N20270204,2027-02-05T07:15:00Z,900,true,1.337843,0.921489,1.025135,0.377777
N20270204-S008,N20270204,2027-02-05T07:30:00Z,900,true,1.295559,0.939938,1.023732,0.405514
N20270204-S009,N20270204,2027-02-05T07:45:00Z,900,true,1.346264,0.931467,1.033400,0.388221
N20270204-S010,N20270204,2027-02-05T08:00:00Z,900,true,1.286623,0.906618,1.013844,0.399906
N20270204-S011,N20270204,2027-02-05T08:15:00Z,900,true,1.311991,0.905948,1.023264,0.394191
N20270204-S012,N20270204,2027-02-05T08:30:00Z,900,true,1.324426,0.904484,1.052373,0.413371
N20270204-S013,N20270204,2027-02-05T08:45:00Z,900,true,1.374419,0.894356,1.045036,0.415930
N20270204-S014,N20270204,2027-02-05T09:00:00Z,900,true,1.362060,0.890172,1.061658,0.415938
N20270204-S015,N20270204,2027-02-05T09:15:00Z,900,true,1.382366,0.886755,1.053923,0.391855
N20270204-S016,N20270204,2027-02-05T09:30:00Z,900,true,1.378345,0.889871,1.097354,0.405497
N20270204-S017,N20270204,2027-02-05T09:45:00Z,900,true,1.386247,0.904110,1.107704,0.416877
N20270204-S018,N20270204,2027-02-05T10:00:00Z,900,true,1.372020,0.891603,1.086875,0.401185
N20270204-S019,N20270204,2027-02-05T10:15:00Z,900,true,1.343951,0.901402,1.078562,0.396031
N20270204-S020,N20270204,2027-02-05T10:30:00Z,900,true,1.370057,0.905683,1.063763,0.389371
N20270204-S021,N20270204,2027-02-05T10:45:00Z,900,true,1.372940,0.891798,1.079431,0.383895
N20270204-S022,N20270204,2027-02-05T11:00:00Z,900,true,1.340704,0.889268,1.073864,0.410516
N20270204-S023,N20270204,2027-02-05T11:15:00Z,900,true,1.321012,0.891509,1.051665,0.415015
N20270204-S024,N20270204,2027-02-05T11:30:00Z,900,true,1.341226,0.894701,1.035696,0.378666
N20270204-S025,N20270204,2027-02-05T11:45:00Z,900,true,1.302823,0.894469,1.035734,0.393583
N20270204-S026,N20270204,2027-02-05T12:00:00Z,900,true,1.273723,0.903185,1.036046,0.378001
N20270204-S027,N20270204,2027-02-05T12:15:00Z,900,true,1.334859,0.902324,1.040459,0.394707
N20270204-S028,N20270204,2027-02-05T12:30:00Z,900,true,1.293293,0.892489,1.038086,0.408792
N20270204-S029,N20270204,2027-02-05T12:45:00Z,900,true,1.286077,0.900185,1.030140,0.407073
N20270204-S030,N20270204,2027-02-05T13:00:00Z,900,true,1.244688,0.902280,1.007332,0.381409
N20270204-S031,N20270204,2027-02-05T13:15:00Z,900,true,1.256069,0.893231,1.006787,0.385967
N20270204-S032,N20270204,2027-02-05T13:30:00Z,900,true,1.262794,0.890785,1.039192,0.400762
N20270204-S033,N20270204,2027-02-05T13:45:00Z,900,true,1.239748,0.886580,1.037453,0.416559
N20270204-S034,N20270204,2027-02-05T14:00:00Z,900,true,1.214175,0.887428,1.016711,0.375852
N20270204-S035,N20270204,2027-02-05T14:15:00Z,900,true,1.223982,0.900916,1.028083,0.415082
N20270204-S036,N20270204,2027-02-05T14:30:00Z,900,true,1.253081,0.913166,1.015561,0.389717
N20270204-S037,N20270204,2027-02-05T14:45:00Z,900,true,1.188524,0.909180,1.031559,0.393956
N20270204-S038,N20270204,2027-02-05T15:00:00Z,900,true,1.219494,0.895812,1.023007,0.416413
N20270204-S039,N20270204,2027-02-05T15:15:00Z,900,true,1.246876,0.918308,1.016707,0.413448
N20270205-S001,N20270205,2027-02-06T05:45:00Z,900,true,1.301785,0.870953,1.017514,0.397969
N20270205-S002,N20270205,2027-02-06T06:00:00Z,900,true,1.339113,0.873215,1.040539,0.379268
N20270205-S003,N20270205,2027-02-06T06:15:00Z,900,true,1.377343,0.879800,1.053523,0.404878
N20270205-S004,N20270205,2027-02-06T06:30:00Z,900,true,1.366236,0.878028,1.053191,0.403097
N20270205-S005,N20270205,2027-02-06T06:45:00Z,900,true,1.361468,0.862434,1.079411,0.397419
N20270205-S006,N20270205,2027-02-06T07:00:00Z,900,true,1.349836,0.866997,1.084581,0.410539
N20270205-S007,N20270205,2027-02-06T07:15:00Z,900,true,1.362317,0.863993,1.057821,0.392381
N20270205-S008,N20270205,2027-02-06T07:30:00Z,900,false,,,,
N20270205-S009,N20270205,2027-02-06T07:45:00Z,900,false,,,,
N20270205-S010,N20270205,2027-02-06T08:00:00Z,900,true,1.395209,0.879129,1.064066,0.414504
N20270205-S011,N20270205,2027-02-06T08:15:00Z,900,true,1.404614,0.876133,1.070919,0.385616
N20270205-S012,N20270205,2027-02-06T08:30:00Z,900,true,1.413708,0.866491,1.060045,0.416986
N20270205-S013,N20270205,2027-02-06T08:45:00Z,900,true,1.386267,0.852228,1.076905,0.406791
N20270205-S014,N20270205,2027-02-06T09:00:00Z,900,true,1.382874,0.858830,1.051433,0.396849
N20270205-S015,N20270205,2027-02-06T09:15:00Z,900,true,1.357812,0.867890,1.022585,0.406699
N20270205-S016,N20270205,2027-02-06T09:30:00Z,900,true,1.384132,0.866370,1.037339,0.390180
N20270205-S017,N20270205,2027-02-06T09:45:00Z,900,true,1.401455,0.862795,1.048516,0.377014
N20270205-S018,N20270205,2027-02-06T10:00:00Z,900,true,1.395269,0.838951,1.040117,0.377861
N20270205-S019,N20270205,2027-02-06T10:15:00Z,900,true,1.388277,0.845710,1.027975,0.412853
N20270205-S020,N20270205,2027-02-06T10:30:00Z,900,true,1.363010,0.857341,1.041414,0.402661
N20270205-S021,N20270205,2027-02-06T10:45:00Z,900,true,1.318978,0.860836,1.047010,0.386779
N20270205-S022,N20270205,2027-02-06T11:00:00Z,900,true,1.251212,0.877938,1.046754,0.397028
N20270205-S023,N20270205,2027-02-06T11:15:00Z,900,true,1.239459,0.881573,1.045335,0.413542
N20270205-S024,N20270205,2027-02-06T11:30:00Z,900,true,1.212453,0.883802,1.029291,0.412710
N20270205-S025,N20270205,2027-02-06T11:45:00Z,900,true,1.200156,0.865053,1.011544,0.380227
N20270205-S026,N20270205,2027-02-06T12:00:00Z,900,true,1.240745,0.857747,1.018286,0.411133
N20270205-S027,N20270205,2027-02-06T12:15:00Z,900,true,1.258224,0.860307,1.004045,0.384825
N20270205-S028,N20270205,2027-02-06T12:30:00Z,900,true,1.305760,0.874595,0.989893,0.376612
N20270205-S029,N20270205,2027-02-06T12:45:00Z,900,true,1.358713,0.883205,1.005878,0.388293
N20270205-S030,N20270205,2027-02-06T13:00:00Z,900,true,1.388724,0.889479,0.997720,0.402188
N20270205-S031,N20270205,2027-02-06T13:15:00Z,900,true,1.359979,0.902059,0.970189,0.389185
N20270205-S032,N20270205,2027-02-06T13:30:00Z,900,true,1.372112,0.903306,0.991698,0.376050
N20270205-S033,N20270205,2027-02-06T13:45:00Z,900,true,1.366670,0.897962,0.970156,0.384608
N20270205-S034,N20270205,2027-02-06T14:00:00Z,900,true,1.372149,0.888973,0.935430,0.394482
N20270205-S035,N20270205,2027-02-06T14:15:00Z,900,true,1.410903,0.882052,0.937297,0.383997
N20270205-S036,N20270205,2027-02-06T14:30:00Z,900,true,1.435455,0.903360,0.946238,0.407563
N20270205-S037,N20270205,2027-02-06T14:45:00Z,900,true,1.406331,0.894204,0.949011,0.392066
N20270205-S038,N20270205,2027-02-06T15:00:00Z,900,true,1.389481,0.889409,0.982872,0.384090
N20270205-S039,N20270205,2027-02-06T15:15:00Z,900,true,1.341278,0.884712,1.017860,0.397878
N20270206-S001,N20270206,2027-02-07T05:45:00Z,900,true,1.185778,0.822888,0.947624,0.385270
N20270206-S002,N20270206,2027-02-07T06:00:00Z,900,true,1.234850,0.828448,0.917436,0.403758
N20270206-S003,N20270206,2027-02-07T06:15:00Z,900,true,1.189450,0.812513,0.904311,0.402174
N20270206-S004,N20270206,2027-02-07T06:30:00Z,900,true,1.216351,0.822347,0.880406,0.391486
N20270206-S005,N20270206,2027-02-07T06:45:00Z,900,true,1.216336,0.824921,0.874584,0.408404
N20270206-S006,N20270206,2027-02-07T07:00:00Z,900,true,1.188700,0.853170,0.881155,0.398721
N20270206-S007,N20270206,2027-02-07T07:15:00Z,900,true,1.168846,0.846921,0.872925,0.384375
N20270206-S008,N20270206,2027-02-07T07:30:00Z,900,true,1.224360,0.823932,0.864158,0.382842
N20270206-S009,N20270206,2027-02-07T07:45:00Z,900,true,1.142770,0.826087,0.866324,0.415509
N20270206-S010,N20270206,2027-02-07T08:00:00Z,900,true,1.176451,0.837766,0.859779,0.378622
N20270206-S011,N20270206,2027-02-07T08:15:00Z,900,false,,,,
N20270206-S012,N20270206,2027-02-07T08:30:00Z,900,false,,,,
N20270206-S013,N20270206,2027-02-07T08:45:00Z,900,false,,,,
N20270206-S014,N20270206,2027-02-07T09:00:00Z,900,false,,,,
N20270206-S015,N20270206,2027-02-07T09:15:00Z,900,false,,,,
N20270206-S016,N20270206,2027-02-07T09:30:00Z,900,false,,,,
N20270206-S017,N20270206,2027-02-07T09:45:00Z,900,false,,,,
N20270206-S018,N20270206,2027-02-07T10:00:00Z,900,false,,,,
N20270206-S019,N20270206,2027-02-07T10:15:00Z,900,false,,,,
N20270206-S020,N20270206,2027-02-07T10:30:00Z,900,false,,,,
N20270206-S021,N20270206,2027-02-07T10:45:00Z,900,false,,,,
N20270206-S022,N20270206,2027-02-07T11:00:00Z,900,false,,,,
N20270206-S023,N20270206,2027-02-07T11:15:00Z,900,false,,,,
N20270206-S024,N20270206,2027-02-07T11:30:00Z,900,false,,,,
N20270206-S025,N20270206,2027-02-07T11:45:00Z,900,false,,,,
N20270206-S026,N20270206,2027-02-07T12:00:00Z,900,false,,,,
N20270206-S027,N20270206,2027-02-07T12:15:00Z,900,false,,,,
N20270206-S028,N20270206,2027-02-07T12:30:00Z,900,false,,,,
N20270206-S029,N20270206,2027-02-07T12:45:00Z,900,false,,,,
N20270206-S030,N20270206,2027-02-07T13:00:00Z,900,false,,,,
N20270206-S031,N20270206,2027-02-07T13:15:00Z,900,false,,,,
N20270206-S032,N20270206,2027-02-07T13:30:00Z,900,false,,,,
N20270206-S033,N20270206,2027-02-07T13:45:00Z,900,true,1.185603,0.834649,0.952030,0.385290
N20270206-S034,N20270206,2027-02-07T14:00:00Z,900,true,1.228272,0.829541,0.937344,0.416838
N20270206-S035,N20270206,2027-02-07T14:15:00Z,900,true,1.288403,0.827493,0.960860,0.389702
N20270206-S036,N20270206,2027-02-07T14:30:00Z,900,true,1.240626,0.840717,0.966121,0.392366
N20270206-S037,N20270206,2027-02-07T14:45:00Z,900,true,1.260039,0.848140,0.988999,0.405556
N20270206-S038,N20270206,2027-02-07T15:00:00Z,900,true,1.197118,0.853799,0.959545,0.391961
N20270206-S039,N20270206,2027-02-07T15:15:00Z,900,true,1.132870,0.835746,0.983582,0.413003
N20270207-S001,N20270207,2027-02-08T05:45:00Z,900,true,1.189500,0.837607,0.943835,0.397347
N20270207-S002,N20270207,2027-02-08T06:00:00Z,900,true,1.163560,0.827415,0.937821,0.400604
N20270207-S003,N20270207,2027-02-08T06:15:00Z,900,true,1.172012,0.827361,0.942842,0.410660
N20270207-S004,N20270207,2027-02-08T06:30:00Z,900,true,1.225702,0.829153,0.928046,0.385809
N20270207-S005,N20270207,2027-02-08T06:45:00Z,900,true,1.202646,0.820758,0.931929,0.388684
N20270207-S006,N20270207,2027-02-08T07:00:00Z,900,true,1.193965,0.808858,0.930704,0.389792
N20270207-S007,N20270207,2027-02-08T07:15:00Z,900,true,1.223717,0.815205,0.929077,0.398057
N20270207-S008,N20270207,2027-02-08T07:30:00Z,900,true,1.185423,0.808738,0.910627,0.380085
N20270207-S009,N20270207,2027-02-08T07:45:00Z,900,true,1.206000,0.828698,0.935294,0.398637
N20270207-S010,N20270207,2027-02-08T08:00:00Z,900,true,1.190451,0.816602,0.950681,0.397645
N20270207-S011,N20270207,2027-02-08T08:15:00Z,900,true,1.217442,0.834117,0.963440,0.376548
N20270207-S012,N20270207,2027-02-08T08:30:00Z,900,true,1.260545,0.845302,0.958555,0.396332
N20270207-S013,N20270207,2027-02-08T08:45:00Z,900,true,1.183711,0.867834,0.979907,0.382927
N20270207-S014,N20270207,2027-02-08T09:00:00Z,900,true,1.148549,0.866450,0.987864,0.381733
N20270207-S015,N20270207,2027-02-08T09:15:00Z,900,true,1.104562,0.873439,0.995917,0.390452
N20270207-S016,N20270207,2027-02-08T09:30:00Z,900,true,1.127353,0.864091,0.987516,0.379163
N20270207-S017,N20270207,2027-02-08T09:45:00Z,900,true,1.129103,0.863038,0.967474,0.378523
N20270207-S018,N20270207,2027-02-08T10:00:00Z,900,true,1.142215,0.860172,0.958457,0.406266
N20270207-S019,N20270207,2027-02-08T10:15:00Z,900,true,1.114184,0.849907,0.929517,0.384493
N20270207-S020,N20270207,2027-02-08T10:30:00Z,900,true,1.175572,0.837206,0.900680,0.384072
N20270207-S021,N20270207,2027-02-08T10:45:00Z,900,true,1.224790,0.820031,0.900964,0.388982
N20270207-S022,N20270207,2027-02-08T11:00:00Z,900,true,1.156056,0.856416,0.913085,0.410645
N20270207-S023,N20270207,2027-02-08T11:15:00Z,900,true,1.137933,0.866492,0.941365,0.391790
N20270207-S024,N20270207,2027-02-08T11:30:00Z,900,true,1.127885,0.866107,0.939513,0.406374
N20270207-S025,N20270207,2027-02-08T11:45:00Z,900,true,1.146446,0.875179,0.910825,0.393690
N20270207-S026,N20270207,2027-02-08T12:00:00Z,900,true,1.156521,0.871802,0.908556,0.405962
N20270207-S027,N20270207,2027-02-08T12:15:00Z,900,true,1.132358,0.877127,0.889161,0.407580
N20270207-S028,N20270207,2027-02-08T12:30:00Z,900,true,1.159925,0.852959,0.902274,0.415810
N20270207-S029,N20270207,2027-02-08T12:45:00Z,900,true,1.128893,0.854057,0.913539,0.411783
N20270207-S030,N20270207,2027-02-08T13:00:00Z,900,true,1.149471,0.847986,0.907691,0.387090
N20270207-S031,N20270207,2027-02-08T13:15:00Z,900,true,1.138231,0.839170,0.906155,0.399893
N20270207-S032,N20270207,2027-02-08T13:30:00Z,900,true,1.114453,0.839807,0.905356,0.412350
N20270207-S033,N20270207,2027-02-08T13:45:00Z,900,true,1.125045,0.834994,0.886828,0.405515
N20270207-S034,N20270207,2027-02-08T14:00:00Z,900,true,1.124778,0.821816,0.892404,0.409229
N20270207-S035,N20270207,2027-02-08T14:15:00Z,900,false,,,,
N20270207-S036,N20270207,2027-02-08T14:30:00Z,900,false,,,,
N20270207-S037,N20270207,2027-02-08T14:45:00Z,900,false,,,,
N20270207-S038,N20270207,2027-02-08T15:00:00Z,900,false,,,,
N20270207-S039,N20270207,2027-02-08T15:15:00Z,900,false,,,,
N20270208-S001,N20270208,2027-02-09T05:45:00Z,900,false,,,,
N20270208-S002,N20270208,2027-02-09T06:00:00Z,900,false,,,,
N20270208-S003,N20270208,2027-02-09T06:15:00Z,900,false,,,,
N20270208-S004,N20270208,2027-02-09T06:30:00Z,900,false,,,,
N20270208-S005,N20270208,2027-02-09T06:45:00Z,900,true,1.225109,0.916958,0.928071,0.380427
N20270208-S006,N20270208,2027-02-09T07:00:00Z,900,true,1.211693,0.940584,0.944856,0.398018
N20270208-S007,N20270208,2027-02-09T07:15:00Z,900,true,1.251992,0.935859,0.909545,0.389488
N20270208-S008,N20270208,2027-02-09T07:30:00Z,900,true,1.225428,0.942510,0.902505,0.396358
N20270208-S009,N20270208,2027-02-09T07:45:00Z,900,true,1.274252,0.945140,0.931117,0.415351
N20270208-S010,N20270208,2027-02-09T08:00:00Z,900,true,1.214301,0.956006,0.928534,0.385263
N20270208-S011,N20270208,2027-02-09T08:15:00Z,900,true,1.247367,0.950749,0.912880,0.386247
N20270208-S012,N20270208,2027-02-09T08:30:00Z,900,true,1.214015,0.940368,0.884688,0.389353
N20270208-S013,N20270208,2027-02-09T08:45:00Z,900,true,1.176210,0.940300,0.896540,0.382726
N20270208-S014,N20270208,2027-02-09T09:00:00Z,900,true,1.144708,0.939181,0.874163,0.385664
N20270208-S015,N20270208,2027-02-09T09:15:00Z,900,true,1.159106,0.935742,0.877396,0.390908
N20270208-S016,N20270208,2027-02-09T09:30:00Z,900,true,1.179460,0.936753,0.833333,0.410635
N20270208-S017,N20270208,2027-02-09T09:45:00Z,900,true,1.180539,0.928893,0.853748,0.413961
N20270208-S018,N20270208,2027-02-09T10:00:00Z,900,true,1.120352,0.945542,0.868542,0.381285
N20270208-S019,N20270208,2027-02-09T10:15:00Z,900,true,1.117994,0.939839,0.887324,0.416151
N20270208-S020,N20270208,2027-02-09T10:30:00Z,900,true,1.107874,0.920312,0.881168,0.384052
N20270208-S021,N20270208,2027-02-09T10:45:00Z,900,true,1.102159,0.947505,0.934138,0.386276
N20270208-S022,N20270208,2027-02-09T11:00:00Z,900,true,1.070204,0.950353,0.928454,0.411631
N20270208-S023,N20270208,2027-02-09T11:15:00Z,900,true,1.078215,0.950393,0.909988,0.387072
N20270208-S024,N20270208,2027-02-09T11:30:00Z,900,true,1.110093,0.927225,0.905609,0.411756
N20270208-S025,N20270208,2027-02-09T11:45:00Z,900,true,1.148796,0.932146,0.936028,0.385674
N20270208-S026,N20270208,2027-02-09T12:00:00Z,900,true,1.207426,0.926321,0.935720,0.383744
N20270208-S027,N20270208,2027-02-09T12:15:00Z,900,true,1.177598,0.932681,0.929625,0.387167
N20270208-S028,N20270208,2027-02-09T12:30:00Z,900,true,1.199096,0.916847,0.975577,0.413301
N20270208-S029,N20270208,2027-02-09T12:45:00Z,900,true,1.212354,0.924810,1.019719,0.384700
N20270208-S030,N20270208,2027-02-09T13:00:00Z,900,true,1.201859,0.926075,0.991380,0.392334
N20270208-S031,N20270208,2027-02-09T13:15:00Z,900,true,1.255415,0.939224,0.957759,0.393997
N20270208-S032,N20270208,2027-02-09T13:30:00Z,900,true,1.264307,0.962196,0.988026,0.417057
N20270208-S033,N20270208,2027-02-09T13:45:00Z,900,true,1.269951,0.964081,0.958660,0.407802
N20270208-S034,N20270208,2027-02-09T14:00:00Z,900,true,1.228158,0.958556,0.943333,0.416741
N20270208-S035,N20270208,2027-02-09T14:15:00Z,900,true,1.242882,0.977234,0.928517,0.400774
N20270208-S036,N20270208,2027-02-09T14:30:00Z,900,true,1.267971,0.934960,0.940589,0.415966
N20270208-S037,N20270208,2027-02-09T14:45:00Z,900,true,1.261937,0.948865,0.952457,0.412029
N20270208-S038,N20270208,2027-02-09T15:00:00Z,900,true,1.260467,0.943198,0.981699,0.380651
N20270208-S039,N20270208,2027-02-09T15:15:00Z,900,true,1.237423,0.935987,0.973504,0.394997
N20270209-S001,N20270209,2027-02-10T05:45:00Z,900,true,1.163638,0.932694,1.047962,0.413914
N20270209-S002,N20270209,2027-02-10T06:00:00Z,900,true,1.176241,0.940135,1.038136,0.414258
N20270209-S003,N20270209,2027-02-10T06:15:00Z,900,true,1.221048,0.945663,1.019895,0.413903
N20270209-S004,N20270209,2027-02-10T06:30:00Z,900,true,1.174676,0.937116,1.015769,0.396934
N20270209-S005,N20270209,2027-02-10T06:45:00Z,900,true,1.181321,0.958213,1.010003,0.413648
N20270209-S006,N20270209,2027-02-10T07:00:00Z,900,true,1.099430,0.950314,1.020045,0.384579
N20270209-S007,N20270209,2027-02-10T07:15:00Z,900,true,1.132050,0.951678,1.008760,0.395068
N20270209-S008,N20270209,2027-02-10T07:30:00Z,900,true,1.126519,0.958126,0.981673,0.404178
N20270209-S009,N20270209,2027-02-10T07:45:00Z,900,true,1.113911,0.960014,1.001455,0.397572
N20270209-S010,N20270209,2027-02-10T08:00:00Z,900,true,1.083514,0.974404,1.014351,0.388191
N20270209-S011,N20270209,2027-02-10T08:15:00Z,900,true,1.090664,0.968968,1.022457,0.399115
N20270209-S012,N20270209,2027-02-10T08:30:00Z,900,true,1.118148,0.964998,1.015354,0.401367
N20270209-S013,N20270209,2027-02-10T08:45:00Z,900,true,1.101474,0.970913,1.003761,0.393528
N20270209-S014,N20270209,2027-02-10T09:00:00Z,900,true,1.133017,0.947669,1.010188,0.387501
N20270209-S015,N20270209,2027-02-10T09:15:00Z,900,true,1.111460,0.929017,1.034862,0.403362
N20270209-S016,N20270209,2027-02-10T09:30:00Z,900,true,1.140001,0.945821,1.047073,0.410603
N20270209-S017,N20270209,2027-02-10T09:45:00Z,900,true,1.181167,0.956134,1.058909,0.401468
N20270209-S018,N20270209,2027-02-10T10:00:00Z,900,true,1.192362,0.957992,1.058807,0.394555
N20270209-S019,N20270209,2027-02-10T10:15:00Z,900,false,,,,
N20270209-S020,N20270209,2027-02-10T10:30:00Z,900,true,1.214045,0.948466,1.054643,0.390262
N20270209-S021,N20270209,2027-02-10T10:45:00Z,900,true,1.258643,0.955322,1.071945,0.384335
N20270209-S022,N20270209,2027-02-10T11:00:00Z,900,true,1.196737,0.952793,1.078315,0.386996
N20270209-S023,N20270209,2027-02-10T11:15:00Z,900,true,1.217887,0.951539,1.119442,0.387539
N20270209-S024,N20270209,2027-02-10T11:30:00Z,900,true,1.241341,0.948911,1.113821,0.376602
N20270209-S025,N20270209,2027-02-10T11:45:00Z,900,true,1.285684,0.938195,1.105665,0.395266
N20270209-S026,N20270209,2027-02-10T12:00:00Z,900,true,1.275576,0.937456,1.080011,0.403801
N20270209-S027,N20270209,2027-02-10T12:15:00Z,900,true,1.248103,0.963698,1.089991,0.389535
N20270209-S028,N20270209,2027-02-10T12:30:00Z,900,true,1.175634,0.952831,1.070251,0.409215
N20270209-S029,N20270209,2027-02-10T12:45:00Z,900,true,1.199490,0.939087,1.064635,0.403980
N20270209-S030,N20270209,2027-02-10T13:00:00Z,900,true,1.191814,0.943244,1.051170,0.389316
N20270209-S031,N20270209,2027-02-10T13:15:00Z,900,true,1.157257,0.939999,1.047748,0.383274
N20270209-S032,N20270209,2027-02-10T13:30:00Z,900,true,1.203848,0.934496,1.043715,0.395546
N20270209-S033,N20270209,2027-02-10T13:45:00Z,900,true,1.207953,0.930513,1.005533,0.415894
N20270209-S034,N20270209,2027-02-10T14:00:00Z,900,true,1.200176,0.946792,0.987848,0.400431
N20270209-S035,N20270209,2027-02-10T14:15:00Z,900,true,1.219014,0.945887,0.981826,0.384308
N20270209-S036,N20270209,2027-02-10T14:30:00Z,900,true,1.195675,0.933543,0.997241,0.389002
N20270209-S037,N20270209,2027-02-10T14:45:00Z,900,true,1.153997,0.921726,0.980160,0.414235
N20270209-S038,N20270209,2027-02-10T15:00:00Z,900,true,1.112116,0.934138,0.966895,0.388709
N20270209-S039,N20270209,2027-02-10T15:15:00Z,900,true,1.090400,0.930551,0.982250,0.416810
N20270210-S001,N20270210,2027-02-11T05:45:00Z,900,true,1.020501,0.907113,1.073366,0.402751
N20270210-S002,N20270210,2027-02-11T06:00:00Z,900,true,0.997162,0.914359,1.085213,0.405197
N20270210-S003,N20270210,2027-02-11T06:15:00Z,900,true,0.991775,0.900485,1.082913,0.406153
N20270210-S004,N20270210,2027-02-11T06:30:00Z,900,true,1.035662,0.902871,1.077957,0.412001
N20270210-S005,N20270210,2027-02-11T06:45:00Z,900,true,1.051986,0.909225,1.058339,0.404645
N20270210-S006,N20270210,2027-02-11T07:00:00Z,900,true,1.075423,0.889447,1.044336,0.387432
N20270210-S007,N20270210,2027-02-11T07:15:00Z,900,true,1.044290,0.869224,1.066252,0.414955
N20270210-S008,N20270210,2027-02-11T07:30:00Z,900,true,1.027155,0.882399,1.076652,0.417461
N20270210-S009,N20270210,2027-02-11T07:45:00Z,900,true,0.966694,0.859186,1.078660,0.398867
N20270210-S010,N20270210,2027-02-11T08:00:00Z,900,true,0.964309,0.878911,1.065645,0.413860
N20270210-S011,N20270210,2027-02-11T08:15:00Z,900,true,0.953893,0.887178,1.070571,0.400830
N20270210-S012,N20270210,2027-02-11T08:30:00Z,900,true,0.991109,0.894692,1.090515,0.415509
N20270210-S013,N20270210,2027-02-11T08:45:00Z,900,true,0.976922,0.881521,1.086105,0.392218
N20270210-S014,N20270210,2027-02-11T09:00:00Z,900,true,1.044663,0.881071,1.075339,0.415191
N20270210-S015,N20270210,2027-02-11T09:15:00Z,900,true,1.076476,0.900230,1.075312,0.378562
N20270210-S016,N20270210,2027-02-11T09:30:00Z,900,true,1.102180,0.886702,1.035883,0.398874
N20270210-S017,N20270210,2027-02-11T09:45:00Z,900,true,1.111661,0.887002,1.054450,0.387605
N20270210-S018,N20270210,2027-02-11T10:00:00Z,900,true,1.117723,0.878169,1.058144,0.405168
N20270210-S019,N20270210,2027-02-11T10:15:00Z,900,true,1.077562,0.878557,1.099635,0.414486
N20270210-S020,N20270210,2027-02-11T10:30:00Z,900,true,1.065464,0.880630,1.094967,0.407279
N20270210-S021,N20270210,2027-02-11T10:45:00Z,900,true,1.047229,0.880999,1.077739,0.384318
N20270210-S022,N20270210,2027-02-11T11:00:00Z,900,true,1.067146,0.894412,1.061401,0.411854
N20270210-S023,N20270210,2027-02-11T11:15:00Z,900,true,1.066130,0.895091,1.072107,0.394307
N20270210-S024,N20270210,2027-02-11T11:30:00Z,900,true,1.000351,0.901685,1.071872,0.397428
N20270210-S025,N20270210,2027-02-11T11:45:00Z,900,true,1.006628,0.899136,1.052538,0.385315
N20270210-S026,N20270210,2027-02-11T12:00:00Z,900,true,0.970869,0.907102,1.063864,0.391539
N20270210-S027,N20270210,2027-02-11T12:15:00Z,900,true,1.039985,0.894166,1.059321,0.408698
N20270210-S028,N20270210,2027-02-11T12:30:00Z,900,true,1.045508,0.883887,1.071925,0.376057
N20270210-S029,N20270210,2027-02-11T12:45:00Z,900,true,1.089003,0.877915,1.060507,0.410840
N20270210-S030,N20270210,2027-02-11T13:00:00Z,900,true,1.091599,0.871288,1.057581,0.409442
N20270210-S031,N20270210,2027-02-11T13:15:00Z,900,true,1.093934,0.873600,1.042727,0.414606
N20270210-S032,N20270210,2027-02-11T13:30:00Z,900,true,1.142667,0.881064,1.038430,0.407567
N20270210-S033,N20270210,2027-02-11T13:45:00Z,900,true,1.110661,0.871819,1.043883,0.401020
N20270210-S034,N20270210,2027-02-11T14:00:00Z,900,true,1.146675,0.886283,1.053347,0.403290
N20270210-S035,N20270210,2027-02-11T14:15:00Z,900,true,1.199527,0.898091,1.065833,0.397902
N20270210-S036,N20270210,2027-02-11T14:30:00Z,900,true,1.155876,0.896271,1.083317,0.388476
N20270210-S037,N20270210,2027-02-11T14:45:00Z,900,true,1.168624,0.895552,1.074532,0.417474
N20270210-S038,N20270210,2027-02-11T15:00:00Z,900,true,1.112407,0.879479,1.092570,0.386947
N20270210-S039,N20270210,2027-02-11T15:15:00Z,900,true,1.144571,0.881967,1.069956,0.388476
N20270211-S001,N20270211,2027-02-12T05:45:00Z,900,true,1.008113,0.927219,1.029221,0.377227
N20270211-S002,N20270211,2027-02-12T06:00:00Z,900,true,1.058320,0.936802,1.036946,0.403314
N20270211-S003,N20270211,2027-02-12T06:15:00Z,900,true,1.074476,0.932611,1.032993,0.405588
N20270211-S004,N20270211,2027-02-12T06:30:00Z,900,true,1.045612,0.938977,1.045531,0.397412
N20270211-S005,N20270211,2027-02-12T06:45:00Z,900,true,1.051807,0.920274,1.022867,0.393926
N20270211-S006,N20270211,2027-02-12T07:00:00Z,900,true,1.031010,0.913787,1.057748,0.408139
N20270211-S007,N20270211,2027-02-12T07:15:00Z,900,true,1.012539,0.931343,1.089496,0.377527
N20270211-S008,N20270211,2027-02-12T07:30:00Z,900,true,0.995856,0.931714,1.068922,0.392240
N20270211-S009,N20270211,2027-02-12T07:45:00Z,900,true,0.983114,0.934010,1.069471,0.409055
N20270211-S010,N20270211,2027-02-12T08:00:00Z,900,true,0.979859,0.931827,1.076501,0.387669
N20270211-S011,N20270211,2027-02-12T08:15:00Z,900,true,0.950117,0.930249,1.082279,0.390400
N20270211-S012,N20270211,2027-02-12T08:30:00Z,900,true,0.900276,0.915541,1.088090,0.390932
N20270211-S013,N20270211,2027-02-12T08:45:00Z,900,true,0.930445,0.899342,1.083169,0.392558
N20270211-S014,N20270211,2027-02-12T09:00:00Z,900,true,0.907478,0.910650,1.076643,0.379604
N20270211-S015,N20270211,2027-02-12T09:15:00Z,900,true,0.937540,0.901614,1.056825,0.404534
N20270211-S016,N20270211,2027-02-12T09:30:00Z,900,true,0.987260,0.916031,1.035335,0.415721
N20270211-S017,N20270211,2027-02-12T09:45:00Z,900,true,1.009139,0.914893,1.020938,0.414830
N20270211-S018,N20270211,2027-02-12T10:00:00Z,900,false,,,,
N20270211-S019,N20270211,2027-02-12T10:15:00Z,900,false,,,,
N20270211-S020,N20270211,2027-02-12T10:30:00Z,900,false,,,,
N20270211-S021,N20270211,2027-02-12T10:45:00Z,900,false,,,,
N20270211-S022,N20270211,2027-02-12T11:00:00Z,900,false,,,,
N20270211-S023,N20270211,2027-02-12T11:15:00Z,900,false,,,,
N20270211-S024,N20270211,2027-02-12T11:30:00Z,900,false,,,,
N20270211-S025,N20270211,2027-02-12T11:45:00Z,900,false,,,,
N20270211-S026,N20270211,2027-02-12T12:00:00Z,900,false,,,,
N20270211-S027,N20270211,2027-02-12T12:15:00Z,900,false,,,,
N20270211-S028,N20270211,2027-02-12T12:30:00Z,900,false,,,,
N20270211-S029,N20270211,2027-02-12T12:45:00Z,900,false,,,,
N20270211-S030,N20270211,2027-02-12T13:00:00Z,900,true,1.079187,0.921575,1.037658,0.393511
N20270211-S031,N20270211,2027-02-12T13:15:00Z,900,true,1.100253,0.932047,1.046544,0.388033
N20270211-S032,N20270211,2027-02-12T13:30:00Z,900,true,1.128580,0.917207,1.040202,0.399928
N20270211-S033,N20270211,2027-02-12T13:45:00Z,900,true,1.145835,0.913443,1.048474,0.392676
N20270211-S034,N20270211,2027-02-12T14:00:00Z,900,true,1.148222,0.920703,1.057979,0.379601
N20270211-S035,N20270211,2027-02-12T14:15:00Z,900,true,1.111205,0.908831,1.066691,0.409782
N20270211-S036,N20270211,2027-02-12T14:30:00Z,900,true,1.143971,0.915811,1.055718,0.382868
N20270211-S037,N20270211,2027-02-12T14:45:00Z,900,true,1.073026,0.917948,1.088155,0.382087
N20270211-S038,N20270211,2027-02-12T15:00:00Z,900,true,1.082032,0.902675,1.105229,0.376887
N20270211-S039,N20270211,2027-02-12T15:15:00Z,900,true,1.063933,0.901636,1.116539,0.398281
N20270212-S001,N20270212,2027-02-13T05:45:00Z,900,true,1.085928,0.881588,0.968793,0.395991
N20270212-S002,N20270212,2027-02-13T06:00:00Z,900,true,1.025951,0.881211,0.988917,0.389732
N20270212-S003,N20270212,2027-02-13T06:15:00Z,900,true,1.037789,0.872450,0.993827,0.394569
N20270212-S004,N20270212,2027-02-13T06:30:00Z,900,true,1.044984,0.882913,0.994753,0.375859
N20270212-S005,N20270212,2027-02-13T06:45:00Z,900,true,1.073719,0.884631,1.012592,0.396949
N20270212-S006,N20270212,2027-02-13T07:00:00Z,900,true,1.054321,0.903620,1.017029,0.407236
N20270212-S007,N20270212,2027-02-13T07:15:00Z,900,true,1.065210,0.892321,1.031436,0.395061
N20270212-S008,N20270212,2027-02-13T07:30:00Z,900,true,1.066330,0.892125,0.993823,0.408867
N20270212-S009,N20270212,2027-02-13T07:45:00Z,900,true,1.038365,0.888105,0.961580,0.390505
N20270212-S010,N20270212,2027-02-13T08:00:00Z,900,true,1.072118,0.901602,0.968989,0.415215
N20270212-S011,N20270212,2027-02-13T08:15:00Z,900,true,1.098662,0.889914,0.949543,0.406893
N20270212-S012,N20270212,2027-02-13T08:30:00Z,900,true,1.087438,0.888670,0.959517,0.400421
N20270212-S013,N20270212,2027-02-13T08:45:00Z,900,true,1.094708,0.916443,0.960291,0.399523
N20270212-S014,N20270212,2027-02-13T09:00:00Z,900,true,1.098910,0.919754,0.951426,0.411884
N20270212-S015,N20270212,2027-02-13T09:15:00Z,900,true,1.028712,0.918174,0.962964,0.384084
N20270212-S016,N20270212,2027-02-13T09:30:00Z,900,true,1.003106,0.918788,0.944924,0.406694
N20270212-S017,N20270212,2027-02-13T09:45:00Z,900,true,1.025255,0.916744,0.940654,0.404948
N20270212-S018,N20270212,2027-02-13T10:00:00Z,900,true,1.061379,0.905941,0.921709,0.413749
N20270212-S019,N20270212,2027-02-13T10:15:00Z,900,true,1.068178,0.918217,0.932410,0.382193
N20270212-S020,N20270212,2027-02-13T10:30:00Z,900,true,1.005866,0.911186,0.935707,0.376550
N20270212-S021,N20270212,2027-02-13T10:45:00Z,900,true,1.056618,0.914403,0.923401,0.395056
N20270212-S022,N20270212,2027-02-13T11:00:00Z,900,true,1.073293,0.915651,0.913416,0.377035
N20270212-S023,N20270212,2027-02-13T11:15:00Z,900,true,1.130774,0.898869,0.880659,0.407629
N20270212-S024,N20270212,2027-02-13T11:30:00Z,900,true,1.125443,0.870714,0.887338,0.383452
N20270212-S025,N20270212,2027-02-13T11:45:00Z,900,true,1.116714,0.862911,0.906546,0.399506
N20270212-S026,N20270212,2027-02-13T12:00:00Z,900,true,1.141347,0.895862,0.917858,0.408380
N20270212-S027,N20270212,2027-02-13T12:15:00Z,900,true,1.139017,0.898328,0.946021,0.378176
N20270212-S028,N20270212,2027-02-13T12:30:00Z,900,true,1.140089,0.899341,0.966534,0.383768
N20270212-S029,N20270212,2027-02-13T12:45:00Z,900,true,1.117160,0.906280,0.938189,0.396250
N20270212-S030,N20270212,2027-02-13T13:00:00Z,900,true,1.092391,0.918602,0.961524,0.406582
N20270212-S031,N20270212,2027-02-13T13:15:00Z,900,false,,,,
N20270212-S032,N20270212,2027-02-13T13:30:00Z,900,false,,,,
N20270212-S033,N20270212,2027-02-13T13:45:00Z,900,false,,,,
N20270212-S034,N20270212,2027-02-13T14:00:00Z,900,false,,,,
N20270212-S035,N20270212,2027-02-13T14:15:00Z,900,false,,,,
N20270212-S036,N20270212,2027-02-13T14:30:00Z,900,false,,,,
N20270212-S037,N20270212,2027-02-13T14:45:00Z,900,false,,,,
N20270212-S038,N20270212,2027-02-13T15:00:00Z,900,false,,,,
N20270212-S039,N20270212,2027-02-13T15:15:00Z,900,false,,,,
N20270213-S001,N20270213,2027-02-14T05:45:00Z,900,false,,,,
N20270213-S002,N20270213,2027-02-14T06:00:00Z,900,false,,,,
N20270213-S003,N20270213,2027-02-14T06:15:00Z,900,false,,,,
N20270213-S004,N20270213,2027-02-14T06:30:00Z,900,false,,,,
N20270213-S005,N20270213,2027-02-14T06:45:00Z,900,false,,,,
N20270213-S006,N20270213,2027-02-14T07:00:00Z,900,false,,,,
N20270213-S007,N20270213,2027-02-14T07:15:00Z,900,false,,,,
N20270213-S008,N20270213,2027-02-14T07:30:00Z,900,false,,,,
N20270213-S009,N20270213,2027-02-14T07:45:00Z,900,false,,,,
N20270213-S010,N20270213,2027-02-14T08:00:00Z,900,false,,,,
N20270213-S011,N20270213,2027-02-14T08:15:00Z,900,false,,,,
N20270213-S012,N20270213,2027-02-14T08:30:00Z,900,false,,,,
N20270213-S013,N20270213,2027-02-14T08:45:00Z,900,false,,,,
N20270213-S014,N20270213,2027-02-14T09:00:00Z,900,false,,,,
N20270213-S015,N20270213,2027-02-14T09:15:00Z,900,false,,,,
N20270213-S016,N20270213,2027-02-14T09:30:00Z,900,false,,,,
N20270213-S017,N20270213,2027-02-14T09:45:00Z,900,false,,,,
N20270213-S018,N20270213,2027-02-14T10:00:00Z,900,false,,,,
N20270213-S019,N20270213,2027-02-14T10:15:00Z,900,false,,,,
N20270213-S020,N20270213,2027-02-14T10:30:00Z,900,false,,,,
N20270213-S021,N20270213,2027-02-14T10:45:00Z,900,false,,,,
N20270213-S022,N20270213,2027-02-14T11:00:00Z,900,false,,,,
N20270213-S023,N20270213,2027-02-14T11:15:00Z,900,false,,,,
N20270213-S024,N20270213,2027-02-14T11:30:00Z,900,false,,,,
N20270213-S025,N20270213,2027-02-14T11:45:00Z,900,false,,,,
N20270213-S026,N20270213,2027-02-14T12:00:00Z,900,false,,,,
N20270213-S027,N20270213,2027-02-14T12:15:00Z,900,false,,,,
N20270213-S028,N20270213,2027-02-14T12:30:00Z,900,false,,,,
N20270213-S029,N20270213,2027-02-14T12:45:00Z,900,false,,,,
N20270213-S030,N20270213,2027-02-14T13:00:00Z,900,true,0.771441,0.873391,1.076155,0.389252
N20270213-S031,N20270213,2027-02-14T13:15:00Z,900,true,0.780260,0.878442,1.091424,0.388410
N20270213-S032,N20270213,2027-02-14T13:30:00Z,900,true,0.786295,0.901708,1.072230,0.405516
N20270213-S033,N20270213,2027-02-14T13:45:00Z,900,true,0.798822,0.890449,1.084665,0.411758
N20270213-S034,N20270213,2027-02-14T14:00:00Z,900,true,0.813290,0.912438,1.061481,0.410737
N20270213-S035,N20270213,2027-02-14T14:15:00Z,900,true,0.789315,0.908690,1.072748,0.413663
N20270213-S036,N20270213,2027-02-14T14:30:00Z,900,true,0.765779,0.901886,1.110044,0.411786
N20270213-S037,N20270213,2027-02-14T14:45:00Z,900,true,0.757369,0.896148,1.130079,0.397765
N20270213-S038,N20270213,2027-02-14T15:00:00Z,900,true,0.825352,0.901638,1.138048,0.388956
N20270213-S039,N20270213,2027-02-14T15:15:00Z,900,true,0.811941,0.884922,1.142802,0.413467
N20270214-S001,N20270214,2027-02-15T05:45:00Z,900,true,0.879988,0.924685,1.131155,0.389909
N20270214-S002,N20270214,2027-02-15T06:00:00Z,900,true,0.861031,0.928271,1.156280,0.396224
N20270214-S003,N20270214,2027-02-15T06:15:00Z,900,true,0.872504,0.935753,1.159714,0.392503
N20270214-S004,N20270214,2027-02-15T06:30:00Z,900,true,0.898518,0.928916,1.152775,0.395977
N20270214-S005,N20270214,2027-02-15T06:45:00Z,900,true,0.934218,0.929467,1.133097,0.399969
N20270214-S006,N20270214,2027-02-15T07:00:00Z,900,true,0.901350,0.940982,1.141566,0.382582
N20270214-S007,N20270214,2027-02-15T07:15:00Z,900,true,0.905446,0.973799,1.138026,0.386343
N20270214-S008,N20270214,2027-02-15T07:30:00Z,900,true,0.874164,0.980409,1.136051,0.392440
N20270214-S009,N20270214,2027-02-15T07:45:00Z,900,true,0.918151,0.968704,1.112876,0.394685
N20270214-S010,N20270214,2027-02-15T08:00:00Z,900,true,0.922516,0.943468,1.095910,0.389609
N20270214-S011,N20270214,2027-02-15T08:15:00Z,900,true,0.872433,0.928536,1.096514,0.396258
N20270214-S012,N20270214,2027-02-15T08:30:00Z,900,true,0.862612,0.920051,1.098960,0.401213
N20270214-S013,N20270214,2027-02-15T08:45:00Z,900,true,0.839343,0.927708,1.088776,0.393725
N20270214-S014,N20270214,2027-02-15T09:00:00Z,900,true,0.852350,0.923277,1.095260,0.389448
N20270214-S015,N20270214,2027-02-15T09:15:00Z,900,true,0.901005,0.935600,1.098457,0.389927
N20270214-S016,N20270214,2027-02-15T09:30:00Z,900,true,0.891647,0.908326,1.091381,0.415384
N20270214-S017,N20270214,2027-02-15T09:45:00Z,900,true,0.890990,0.909590,1.089150,0.412914
N20270214-S018,N20270214,2027-02-15T10:00:00Z,900,true,0.906872,0.909395,1.105621,0.390760
N20270214-S019,N20270214,2027-02-15T10:15:00Z,900,false,,,,
N20270214-S020,N20270214,2027-02-15T10:30:00Z,900,true,0.852261,0.906988,1.152153,0.397370
N20270214-S021,N20270214,2027-02-15T10:45:00Z,900,true,0.858076,0.918103,1.153819,0.385672
N20270214-S022,N20270214,2027-02-15T11:00:00Z,900,true,0.878779,0.913319,1.109953,0.379532
N20270214-S023,N20270214,2027-02-15T11:15:00Z,900,true,0.839250,0.900044,1.120991,0.417194
N20270214-S024,N20270214,2027-02-15T11:30:00Z,900,true,0.844413,0.898251,1.119401,0.413123
N20270214-S025,N20270214,2027-02-15T11:45:00Z,900,true,0.907066,0.907161,1.110005,0.406864
N20270214-S026,N20270214,2027-02-15T12:00:00Z,900,true,0.931862,0.907062,1.118141,0.415733
N20270214-S027,N20270214,2027-02-15T12:15:00Z,900,true,0.906623,0.903942,1.112406,0.406751
N20270214-S028,N20270214,2027-02-15T12:30:00Z,900,true,0.933673,0.904049,1.147360,0.390611
N20270214-S029,N20270214,2027-02-15T12:45:00Z,900,true,0.929483,0.893815,1.121204,0.387652
N20270214-S030,N20270214,2027-02-15T13:00:00Z,900,true,0.965104,0.913698,1.121248,0.386337
N20270214-S031,N20270214,2027-02-15T13:15:00Z,900,true,0.964604,0.915068,1.124772,0.417330
N20270214-S032,N20270214,2027-02-15T13:30:00Z,900,true,0.950578,0.923857,1.133213,0.381206
N20270214-S033,N20270214,2027-02-15T13:45:00Z,900,true,0.995402,0.922752,1.132741,0.385744
N20270214-S034,N20270214,2027-02-15T14:00:00Z,900,true,1.007315,0.921583,1.129609,0.398269
N20270214-S035,N20270214,2027-02-15T14:15:00Z,900,true,1.000171,0.930415,1.150459,0.405130
N20270214-S036,N20270214,2027-02-15T14:30:00Z,900,true,1.051641,0.935092,1.134845,0.392256
N20270214-S037,N20270214,2027-02-15T14:45:00Z,900,true,1.088818,0.920160,1.127297,0.413993
N20270214-S038,N20270214,2027-02-15T15:00:00Z,900,true,0.994424,0.930917,1.132077,0.376067
N20270214-S039,N20270214,2027-02-15T15:15:00Z,900,true,0.954578,0.916580,1.152417,0.377605
N20270215-S001,N20270215,2027-02-16T05:45:00Z,900,true,0.721882,0.923278,1.121510,0.408645
N20270215-S002,N20270215,2027-02-16T06:00:00Z,900,true,0.779935,0.921458,1.101195,0.381629
N20270215-S003,N20270215,2027-02-16T06:15:00Z,900,true,0.788985,0.936837,1.093005,0.382536
N20270215-S004,N20270215,2027-02-16T06:30:00Z,900,true,0.780093,0.954725,1.094880,0.397175
N20270215-S005,N20270215,2027-02-16T06:45:00Z,900,true,0.791027,0.955420,1.103932,0.411218
N20270215-S006,N20270215,2027-02-16T07:00:00Z,900,true,0.782026,0.932569,1.119507,0.384488
N20270215-S007,N20270215,2027-02-16T07:15:00Z,900,true,0.787274,0.923082,1.139504,0.399781
N20270215-S008,N20270215,2027-02-16T07:30:00Z,900,true,0.785460,0.931483,1.135034,0.401797
N20270215-S009,N20270215,2027-02-16T07:45:00Z,900,true,0.823690,0.926594,1.135577,0.394239
N20270215-S010,N20270215,2027-02-16T08:00:00Z,900,true,0.854710,0.924318,1.126921,0.404673
N20270215-S011,N20270215,2027-02-16T08:15:00Z,900,true,0.883006,0.951983,1.136386,0.394432
N20270215-S012,N20270215,2027-02-16T08:30:00Z,900,true,0.867706,0.960446,1.137743,0.406223
N20270215-S013,N20270215,2027-02-16T08:45:00Z,900,true,0.886953,0.959631,1.147384,0.403031
N20270215-S014,N20270215,2027-02-16T09:00:00Z,900,true,0.889835,0.946187,1.139138,0.414224
N20270215-S015,N20270215,2027-02-16T09:15:00Z,900,true,0.888179,0.944885,1.160994,0.386700
N20270215-S016,N20270215,2027-02-16T09:30:00Z,900,true,0.937851,0.949549,1.152246,0.396090
N20270215-S017,N20270215,2027-02-16T09:45:00Z,900,true,0.892355,0.948255,1.174644,0.387347
N20270215-S018,N20270215,2027-02-16T10:00:00Z,900,true,0.927213,0.943318,1.146187,0.396483
N20270215-S019,N20270215,2027-02-16T10:15:00Z,900,true,0.886633,0.933304,1.147193,0.416622
N20270215-S020,N20270215,2027-02-16T10:30:00Z,900,true,0.896834,0.951568,1.146066,0.385527
N20270215-S021,N20270215,2027-02-16T10:45:00Z,900,true,0.904569,0.959697,1.127603,0.393561
N20270215-S022,N20270215,2027-02-16T11:00:00Z,900,true,0.914762,0.948087,1.149109,0.417205
N20270215-S023,N20270215,2027-02-16T11:15:00Z,900,true,0.871421,0.938844,1.132756,0.385018
N20270215-S024,N20270215,2027-02-16T11:30:00Z,900,true,0.818091,0.945988,1.115026,0.387737
N20270215-S025,N20270215,2027-02-16T11:45:00Z,900,true,0.788082,0.923445,1.120801,0.410085
N20270215-S026,N20270215,2027-02-16T12:00:00Z,900,true,0.845114,0.943033,1.105791,0.408737
N20270215-S027,N20270215,2027-02-16T12:15:00Z,900,true,0.797025,0.926997,1.129597,0.390486
N20270215-S028,N20270215,2027-02-16T12:30:00Z,900,true,0.770449,0.922458,1.119027,0.407573
N20270215-S029,N20270215,2027-02-16T12:45:00Z,900,true,0.778664,0.924282,1.137454,0.398977
N20270215-S030,N20270215,2027-02-16T13:00:00Z,900,true,0.792758,0.932167,1.131449,0.408006
N20270215-S031,N20270215,2027-02-16T13:15:00Z,900,true,0.808960,0.937482,1.133902,0.407586
N20270215-S032,N20270215,2027-02-16T13:30:00Z,900,true,0.829757,0.929177,1.107302,0.385326
N20270215-S033,N20270215,2027-02-16T13:45:00Z,900,true,0.800879,0.954854,1.107656,0.382843
N20270215-S034,N20270215,2027-02-16T14:00:00Z,900,true,0.827277,0.978392,1.082626,0.400135
N20270215-S035,N20270215,2027-02-16T14:15:00Z,900,true,0.885108,0.968561,1.067464,0.394752
N20270215-S036,N20270215,2027-02-16T14:30:00Z,900,true,0.838695,0.944383,1.070876,0.392956
N20270215-S037,N20270215,2027-02-16T14:45:00Z,900,true,0.851292,0.953450,1.051728,0.412808
N20270215-S038,N20270215,2027-02-16T15:00:00Z,900,true,0.862864,0.958666,1.043900,0.386430
N20270215-S039,N20270215,2027-02-16T15:15:00Z,900,true,0.865969,0.964400,1.047096,0.398870
N20270216-S001,N20270216,2027-02-17T05:45:00Z,900,true,0.958662,0.906567,1.081443,0.411786
N20270216-S002,N20270216,2027-02-17T06:00:00Z,900,true,0.988107,0.900972,1.087729,0.400133
N20270216-S003,N20270216,2027-02-17T06:15:00Z,900,true,0.990786,0.902198,1.095859,0.394158
N20270216-S004,N20270216,2027-02-17T06:30:00Z,900,true,0.989041,0.915349,1.103318,0.168064
N20270216-S005,N20270216,2027-02-17T06:45:00Z,900,true,1.029131,0.932444,1.118221,0.167943
N20270216-S006,N20270216,2027-02-17T07:00:00Z,900,true,0.990031,0.934091,1.131871,0.165919
N20270216-S007,N20270216,2027-02-17T07:15:00Z,900,true,1.013342,0.937457,1.118918,0.162387
N20270216-S008,N20270216,2027-02-17T07:30:00Z,900,true,1.022981,0.923006,1.090379,0.155346
N20270216-S009,N20270216,2027-02-17T07:45:00Z,900,true,0.936110,0.934122,1.090652,0.157728
N20270216-S010,N20270216,2027-02-17T08:00:00Z,900,true,0.954062,0.927711,1.126544,0.161174
N20270216-S011,N20270216,2027-02-17T08:15:00Z,900,true,0.925382,0.929782,1.119922,0.169243
N20270216-S012,N20270216,2027-02-17T08:30:00Z,900,true,0.967001,0.922504,1.083806,0.156133
N20270216-S013,N20270216,2027-02-17T08:45:00Z,900,true,1.002311,0.933726,1.076421,0.157891
N20270216-S014,N20270216,2027-02-17T09:00:00Z,900,true,0.999833,0.921751,1.093006,0.159902
N20270216-S015,N20270216,2027-02-17T09:15:00Z,900,true,0.955263,0.907259,1.104343,0.160726
N20270216-S016,N20270216,2027-02-17T09:30:00Z,900,true,0.937007,0.904805,1.118408,0.153448
N20270216-S017,N20270216,2027-02-17T09:45:00Z,900,true,0.941030,0.900311,1.144663,0.167865
N20270216-S018,N20270216,2027-02-17T10:00:00Z,900,true,0.926332,0.882341,1.115328,0.159698
N20270216-S019,N20270216,2027-02-17T10:15:00Z,900,true,0.916997,0.894280,1.115270,0.159590
N20270216-S020,N20270216,2027-02-17T10:30:00Z,900,true,0.908938,0.901876,1.111993,0.157973
N20270216-S021,N20270216,2027-02-17T10:45:00Z,900,true,0.836849,0.892417,1.104904,0.154707
N20270216-S022,N20270216,2027-02-17T11:00:00Z,900,true,0.859435,0.884371,1.100372,0.159046
N20270216-S023,N20270216,2027-02-17T11:15:00Z,900,true,0.841714,0.895186,1.071607,0.158790
N20270216-S024,N20270216,2027-02-17T11:30:00Z,900,true,0.833993,0.890463,1.082216,0.159368
N20270216-S025,N20270216,2027-02-17T11:45:00Z,900,true,0.832591,0.875471,1.075160,0.164632
N20270216-S026,N20270216,2027-02-17T12:00:00Z,900,true,0.875066,0.879140,1.074538,0.166966
N20270216-S027,N20270216,2027-02-17T12:15:00Z,900,true,0.855614,0.887944,1.047651,0.159734
N20270216-S028,N20270216,2027-02-17T12:30:00Z,900,true,0.882390,0.881320,1.058401,0.155622
N20270216-S029,N20270216,2027-02-17T12:45:00Z,900,true,0.880830,0.875597,1.055497,0.163237
N20270216-S030,N20270216,2027-02-17T13:00:00Z,900,true,0.883685,0.860546,1.043226,0.164003
N20270216-S031,N20270216,2027-02-17T13:15:00Z,900,true,0.863127,0.870931,1.051800,0.168404
N20270216-S032,N20270216,2027-02-17T13:30:00Z,900,true,0.898041,0.872563,1.066432,0.153970
N20270216-S033,N20270216,2027-02-17T13:45:00Z,900,true,0.940061,0.857670,1.088810,0.158854
N20270216-S034,N20270216,2027-02-17T14:00:00Z,900,true,0.893467,0.858472,1.086371,0.152719
N20270216-S035,N20270216,2027-02-17T14:15:00Z,900,true,0.876703,0.872112,1.088113,0.159996
N20270216-S036,N20270216,2027-02-17T14:30:00Z,900,true,0.897888,0.882239,1.102927,0.161608
N20270216-S037,N20270216,2027-02-17T14:45:00Z,900,true,0.878042,0.884574,1.135350,0.155330
N20270216-S038,N20270216,2027-02-17T15:00:00Z,900,true,0.915251,0.900863,1.134437,0.156871
N20270216-S039,N20270216,2027-02-17T15:15:00Z,900,true,0.919442,0.887137,1.149737,0.164121
N20270217-S001,N20270217,2027-02-18T05:45:00Z,900,true,0.876882,0.947768,1.090159,0.222473
N20270217-S002,N20270217,2027-02-18T06:00:00Z,900,true,0.892653,0.944255,1.091135,0.202605
N20270217-S003,N20270217,2027-02-18T06:15:00Z,900,true,0.902468,0.966694,1.095786,0.212980
N20270217-S004,N20270217,2027-02-18T06:30:00Z,900,true,0.904871,0.945794,1.103386,0.202365
N20270217-S005,N20270217,2027-02-18T06:45:00Z,900,true,0.938199,0.950172,1.114352,0.211356
N20270217-S006,N20270217,2027-02-18T07:00:00Z,900,true,0.942715,0.929719,1.120967,0.206460
N20270217-S007,N20270217,2027-02-18T07:15:00Z,900,true,0.954371,0.929520,1.121910,0.207298
N20270217-S008,N20270217,2027-02-18T07:30:00Z,900,true,0.861665,0.937874,1.119059,0.215454
N20270217-S009,N20270217,2027-02-18T07:45:00Z,900,true,0.849889,0.920992,1.115387,0.223086
N20270217-S010,N20270217,2027-02-18T08:00:00Z,900,true,0.821011,0.886477,1.110578,0.214989
N20270217-S011,N20270217,2027-02-18T08:15:00Z,900,true,0.847367,0.906111,1.120191,0.210005
N20270217-S012,N20270217,2027-02-18T08:30:00Z,900,true,0.820463,0.920507,1.131044,0.219781
N20270217-S013,N20270217,2027-02-18T08:45:00Z,900,true,0.822596,0.924264,1.121564,0.210726
N20270217-S014,N20270217,2027-02-18T09:00:00Z,900,true,0.790948,0.943481,1.133736,0.209823
N20270217-S015,N20270217,2027-02-18T09:15:00Z,900,true,0.793555,0.955731,1.147009,0.211314
N20270217-S016,N20270217,2027-02-18T09:30:00Z,900,true,0.810282,0.943024,1.127436,0.206167
N20270217-S017,N20270217,2027-02-18T09:45:00Z,900,true,0.810369,0.945434,1.113876,0.218032
N20270217-S018,N20270217,2027-02-18T10:00:00Z,900,true,0.766136,0.962814,1.096149,0.218474
N20270217-S019,N20270217,2027-02-18T10:15:00Z,900,true,0.800981,0.936932,1.088128,0.206468
N20270217-S020,N20270217,2027-02-18T10:30:00Z,900,true,0.822010,0.941934,1.109398,0.216718
N20270217-S021,N20270217,2027-02-18T10:45:00Z,900,true,0.822841,0.967590,1.134752,0.221273
N20270217-S022,N20270217,2027-02-18T11:00:00Z,900,true,0.822804,0.977367,1.142486,0.221785
N20270217-S023,N20270217,2027-02-18T11:15:00Z,900,true,0.825088,0.972630,1.160736,0.203475
N20270217-S024,N20270217,2027-02-18T11:30:00Z,900,true,0.786600,0.990156,1.160614,0.209033
N20270217-S025,N20270217,2027-02-18T11:45:00Z,900,true,0.761141,1.000000,1.152907,0.222139
N20270217-S026,N20270217,2027-02-18T12:00:00Z,900,true,0.727490,1.000000,1.141450,0.217088
N20270217-S027,N20270217,2027-02-18T12:15:00Z,900,true,0.806178,1.000000,1.146691,0.213237
N20270217-S028,N20270217,2027-02-18T12:30:00Z,900,true,0.855257,0.993870,1.151500,0.214458
N20270217-S029,N20270217,2027-02-18T12:45:00Z,900,true,0.882587,1.000000,1.150025,0.205969
N20270217-S030,N20270217,2027-02-18T13:00:00Z,900,true,0.901785,0.992127,1.139060,0.208819
N20270217-S031,N20270217,2027-02-18T13:15:00Z,900,true,0.863861,0.991051,1.110697,0.213071
N20270217-S032,N20270217,2027-02-18T13:30:00Z,900,false,,,,
N20270217-S033,N20270217,2027-02-18T13:45:00Z,900,false,,,,
N20270217-S034,N20270217,2027-02-18T14:00:00Z,900,false,,,,
N20270217-S035,N20270217,2027-02-18T14:15:00Z,900,false,,,,
N20270217-S036,N20270217,2027-02-18T14:30:00Z,900,false,,,,
N20270217-S037,N20270217,2027-02-18T14:45:00Z,900,false,,,,
N20270217-S038,N20270217,2027-02-18T15:00:00Z,900,false,,,,
N20270217-S039,N20270217,2027-02-18T15:15:00Z,900,false,,,,
N20270218-S001,N20270218,2027-02-19T05:45:00Z,900,false,,,,
N20270218-S002,N20270218,2027-02-19T06:00:00Z,900,false,,,,
N20270218-S003,N20270218,2027-02-19T06:15:00Z,900,false,,,,
N20270218-S004,N20270218,2027-02-19T06:30:00Z,900,false,,,,
N20270218-S005,N20270218,2027-02-19T06:45:00Z,900,false,,,,
N20270218-S006,N20270218,2027-02-19T07:00:00Z,900,false,,,,
N20270218-S007,N20270218,2027-02-19T07:15:00Z,900,false,,,,
N20270218-S008,N20270218,2027-02-19T07:30:00Z,900,false,,,,
N20270218-S009,N20270218,2027-02-19T07:45:00Z,900,false,,,,
N20270218-S010,N20270218,2027-02-19T08:00:00Z,900,false,,,,
N20270218-S011,N20270218,2027-02-19T08:15:00Z,900,false,,,,
N20270218-S012,N20270218,2027-02-19T08:30:00Z,900,false,,,,
N20270218-S013,N20270218,2027-02-19T08:45:00Z,900,false,,,,
N20270218-S014,N20270218,2027-02-19T09:00:00Z,900,false,,,,
N20270218-S015,N20270218,2027-02-19T09:15:00Z,900,false,,,,
N20270218-S016,N20270218,2027-02-19T09:30:00Z,900,false,,,,
N20270218-S017,N20270218,2027-02-19T09:45:00Z,900,false,,,,
N20270218-S018,N20270218,2027-02-19T10:00:00Z,900,false,,,,
N20270218-S019,N20270218,2027-02-19T10:15:00Z,900,true,0.697375,0.989559,1.097123,0.254503
N20270218-S020,N20270218,2027-02-19T10:30:00Z,900,true,0.685164,1.000000,1.093824,0.245866
N20270218-S021,N20270218,2027-02-19T10:45:00Z,900,true,0.674611,1.000000,1.084992,0.266702
N20270218-S022,N20270218,2027-02-19T11:00:00Z,900,true,0.684652,1.000000,1.084509,0.265075
N20270218-S023,N20270218,2027-02-19T11:15:00Z,900,true,0.701257,1.000000,1.055755,0.242877
N20270218-S024,N20270218,2027-02-19T11:30:00Z,900,true,0.655168,0.999897,1.056901,0.263026
N20270218-S025,N20270218,2027-02-19T11:45:00Z,900,true,0.675010,0.976000,1.047749,0.243281
N20270218-S026,N20270218,2027-02-19T12:00:00Z,900,true,0.631760,0.974872,1.065237,0.257496
N20270218-S027,N20270218,2027-02-19T12:15:00Z,900,true,0.661568,0.968027,1.095854,0.262017
N20270218-S028,N20270218,2027-02-19T12:30:00Z,900,true,0.696052,0.956674,1.092034,0.263836
N20270218-S029,N20270218,2027-02-19T12:45:00Z,900,true,0.706100,0.972804,1.105708,0.244819
N20270218-S030,N20270218,2027-02-19T13:00:00Z,900,true,0.736666,0.965347,1.079614,0.254862
N20270218-S031,N20270218,2027-02-19T13:15:00Z,900,true,0.731892,0.978020,1.069400,0.250342
N20270218-S032,N20270218,2027-02-19T13:30:00Z,900,true,0.754660,0.982491,1.082268,0.259219
N20270218-S033,N20270218,2027-02-19T13:45:00Z,900,true,0.749170,1.000000,1.093256,0.258222
N20270218-S034,N20270218,2027-02-19T14:00:00Z,900,true,0.735113,1.000000,1.087932,0.260261
N20270218-S035,N20270218,2027-02-19T14:15:00Z,900,true,0.710455,1.000000,1.076435,0.264161
N20270218-S036,N20270218,2027-02-19T14:30:00Z,900,true,0.705743,0.985256,1.098973,0.256568
N20270218-S037,N20270218,2027-02-19T14:45:00Z,900,true,0.759518,0.974516,1.079695,0.250973
N20270218-S038,N20270218,2027-02-19T15:00:00Z,900,true,0.808438,0.973169,1.048376,0.266842
N20270218-S039,N20270218,2027-02-19T15:15:00Z,900,true,0.805793,0.987123,1.055476,0.261749
N20270219-S001,N20270219,2027-02-20T05:45:00Z,900,true,0.797146,0.953310,1.032718,0.271219
N20270219-S002,N20270219,2027-02-20T06:00:00Z,900,true,0.828753,0.937106,1.031464,0.296805
N20270219-S003,N20270219,2027-02-20T06:15:00Z,900,true,0.854489,0.930579,1.031078,0.295765
N20270219-S004,N20270219,2027-02-20T06:30:00Z,900,true,0.831774,0.928775,1.019912,0.278549
N20270219-S005,N20270219,2027-02-20T06:45:00Z,900,true,0.856996,0.945723,1.044484,0.289008
N20270219-S006,N20270219,2027-02-20T07:00:00Z,900,true,0.872490,0.916200,1.035700,0.271176
N20270219-S007,N20270219,2027-02-20T07:15:00Z,900,true,0.839434,0.916930,0.998736,0.281016
N20270219-S008,N20270219,2027-02-20T07:30:00Z,900,true,0.855227,0.928579,0.981722,0.298748
N20270219-S009,N20270219,2027-02-20T07:45:00Z,900,true,0.832329,0.923850,0.999842,0.286928
N20270219-S010,N20270219,2027-02-20T08:00:00Z,900,true,0.849994,0.910458,1.025072,0.284936
N20270219-S011,N20270219,2027-02-20T08:15:00Z,900,true,0.816835,0.914078,1.023022,0.274370
N20270219-S012,N20270219,2027-02-20T08:30:00Z,900,true,0.814169,0.909545,1.045468,0.293233
N20270219-S013,N20270219,2027-02-20T08:45:00Z,900,true,0.814442,0.902559,1.053978,0.288643
N20270219-S014,N20270219,2027-02-20T09:00:00Z,900,true,0.806665,0.900012,1.054656,0.286650
N20270219-S015,N20270219,2027-02-20T09:15:00Z,900,true,0.808708,0.912823,1.044471,0.289305
N20270219-S016,N20270219,2027-02-20T09:30:00Z,900,true,0.781967,0.928884,1.051671,0.298160
N20270219-S017,N20270219,2027-02-20T09:45:00Z,900,true,0.811650,0.933324,1.049732,0.277911
N20270219-S018,N20270219,2027-02-20T10:00:00Z,900,true,0.750632,0.917083,1.024046,0.274805
N20270219-S019,N20270219,2027-02-20T10:15:00Z,900,true,0.746159,0.911305,1.026731,0.292225
N20270219-S020,N20270219,2027-02-20T10:30:00Z,900,true,0.784418,0.907206,1.047133,0.280796
N20270219-S021,N20270219,2027-02-20T10:45:00Z,900,true,0.726818,0.921101,1.046951,0.272502
N20270219-S022,N20270219,2027-02-20T11:00:00Z,900,true,0.727519,0.941532,1.039283,0.291347
N20270219-S023,N20270219,2027-02-20T11:15:00Z,900,true,0.740355,0.948398,1.010695,0.272908
N20270219-S024,N20270219,2027-02-20T11:30:00Z,900,true,0.777308,0.956637,1.015630,0.294002
N20270219-S025,N20270219,2027-02-20T11:45:00Z,900,true,0.835178,0.966552,1.035427,0.284043
N20270219-S026,N20270219,2027-02-20T12:00:00Z,900,true,0.799012,0.965949,1.063237,0.280605
N20270219-S027,N20270219,2027-02-20T12:15:00Z,900,true,0.811548,0.967313,1.084073,0.297125
N20270219-S028,N20270219,2027-02-20T12:30:00Z,900,true,0.813640,0.965584,1.056410,0.275233
N20270219-S029,N20270219,2027-02-20T12:45:00Z,900,true,0.824572,0.962553,1.028593,0.274004
N20270219-S030,N20270219,2027-02-20T13:00:00Z,900,true,0.848402,0.951340,1.032827,0.299090
N20270219-S031,N20270219,2027-02-20T13:15:00Z,900,true,0.874592,0.944724,1.023932,0.297448
N20270219-S032,N20270219,2027-02-20T13:30:00Z,900,true,0.858895,0.948341,1.032908,0.277406
N20270219-S033,N20270219,2027-02-20T13:45:00Z,900,true,0.805157,0.949555,1.034866,0.270754
N20270219-S034,N20270219,2027-02-20T14:00:00Z,900,true,0.799961,0.953551,1.048848,0.280354
N20270219-S035,N20270219,2027-02-20T14:15:00Z,900,true,0.833846,0.945932,1.048351,0.283273
N20270219-S036,N20270219,2027-02-20T14:30:00Z,900,false,,,,
N20270219-S037,N20270219,2027-02-20T14:45:00Z,900,false,,,,
N20270219-S038,N20270219,2027-02-20T15:00:00Z,900,true,0.756300,0.924746,1.055867,0.299407
N20270219-S039,N20270219,2027-02-20T15:15:00Z,900,true,0.791649,0.930825,1.045991,0.295818
N20270220-S001,N20270220,2027-02-21T05:45:00Z,900,true,0.881716,0.932040,0.936959,0.315854
N20270220-S002,N20270220,2027-02-21T06:00:00Z,900,true,0.810706,0.934413,0.958539,0.318751
N20270220-S003,N20270220,2027-02-21T06:15:00Z,900,true,0.787911,0.947506,0.969782,0.300917
N20270220-S004,N20270220,2027-02-21T06:30:00Z,900,true,0.791143,0.952477,0.958690,0.299958
N20270220-S005,N20270220,2027-02-21T06:45:00Z,900,true,0.848544,0.939010,0.966026,0.294988
N20270220-S006,N20270220,2027-02-21T07:00:00Z,900,true,0.881354,0.959152,0.961388,0.304940
N20270220-S007,N20270220,2027-02-21T07:15:00Z,900,true,0.885023,0.942842,0.955850,0.316840
N20270220-S008,N20270220,2027-02-21T07:30:00Z,900,true,0.839029,0.951903,0.952818,0.303279
N20270220-S009,N20270220,2027-02-21T07:45:00Z,900,true,0.920030,0.948019,0.935952,0.319318
N20270220-S010,N20270220,2027-02-21T08:00:00Z,900,true,0.959963,0.950216,0.953092,0.313167
N20270220-S011,N20270220,2027-02-21T08:15:00Z,900,true,0.960250,0.955327,0.954897,0.314491
N20270220-S012,N20270220,2027-02-21T08:30:00Z,900,true,0.973823,0.969983,0.974405,0.326083
N20270220-S013,N20270220,2027-02-21T08:45:00Z,900,true,0.943566,0.974738,0.934324,0.321181
N20270220-S014,N20270220,2027-02-21T09:00:00Z,900,true,0.931732,0.969388,0.951719,0.314751
N20270220-S015,N20270220,2027-02-21T09:15:00Z,900,true,0.931917,0.963001,0.941889,0.303654
N20270220-S016,N20270220,2027-02-21T09:30:00Z,900,true,0.933372,0.957073,0.933895,0.306519
N20270220-S017,N20270220,2027-02-21T09:45:00Z,900,true,0.903905,0.961024,0.914493,0.314330
N20270220-S018,N20270220,2027-02-21T10:00:00Z,900,true,0.907223,0.969555,0.906794,0.301867
N20270220-S019,N20270220,2027-02-21T10:15:00Z,900,true,0.915899,0.978410,0.908240,0.307837
N20270220-S020,N20270220,2027-02-21T10:30:00Z,900,true,0.957721,0.986200,0.915598,0.311806
N20270220-S021,N20270220,2027-02-21T10:45:00Z,900,true,0.969871,0.971334,0.906869,0.304562
N20270220-S022,N20270220,2027-02-21T11:00:00Z,900,true,0.974649,0.962870,0.878544,0.302131
N20270220-S023,N20270220,2027-02-21T11:15:00Z,900,true,0.966364,0.977069,0.889079,0.321404
N20270220-S024,N20270220,2027-02-21T11:30:00Z,900,true,0.940943,0.974424,0.884215,0.304840
N20270220-S025,N20270220,2027-02-21T11:45:00Z,900,true,0.981655,0.970852,0.885788,0.323693
N20270220-S026,N20270220,2027-02-21T12:00:00Z,900,true,1.037936,0.976942,0.879415,0.317438
N20270220-S027,N20270220,2027-02-21T12:15:00Z,900,true,0.997975,0.961391,0.894511,0.313311
N20270220-S028,N20270220,2027-02-21T12:30:00Z,900,true,1.040179,0.937379,0.887815,0.309682
N20270220-S029,N20270220,2027-02-21T12:45:00Z,900,false,,,,
N20270220-S030,N20270220,2027-02-21T13:00:00Z,900,false,,,,
N20270220-S031,N20270220,2027-02-21T13:15:00Z,900,true,1.045394,0.948117,0.886027,0.307772
N20270220-S032,N20270220,2027-02-21T13:30:00Z,900,true,0.984361,0.956434,0.901740,0.314446
N20270220-S033,N20270220,2027-02-21T13:45:00Z,900,true,1.002445,0.964736,0.903215,0.303686
N20270220-S034,N20270220,2027-02-21T14:00:00Z,900,true,1.014058,0.968106,0.912982,0.295049
N20270220-S035,N20270220,2027-02-21T14:15:00Z,900,true,1.039514,0.984055,0.903858,0.297649
N20270220-S036,N20270220,2027-02-21T14:30:00Z,900,true,1.023001,0.986929,0.892403,0.298803
N20270220-S037,N20270220,2027-02-21T14:45:00Z,900,true,1.005994,0.997389,0.907796,0.297627
N20270220-S038,N20270220,2027-02-21T15:00:00Z,900,true,0.964623,0.998125,0.895084,0.315722
N20270220-S039,N20270220,2027-02-21T15:15:00Z,900,true,1.026482,0.993276,0.889679,0.299585
N20270221-S001,N20270221,2027-02-22T05:45:00Z,900,true,1.101769,0.910323,0.934392,0.324723
N20270221-S002,N20270221,2027-02-22T06:00:00Z,900,true,1.020644,0.903667,0.936616,0.330376
N20270221-S003,N20270221,2027-02-22T06:15:00Z,900,true,1.052679,0.923460,0.917468,0.336090
N20270221-S004,N20270221,2027-02-22T06:30:00Z,900,true,1.028146,0.932602,0.934772,0.345658
N20270221-S005,N20270221,2027-02-22T06:45:00Z,900,true,0.962243,0.913641,0.937659,0.343017
N20270221-S006,N20270221,2027-02-22T07:00:00Z,900,true,1.013376,0.917057,0.915385,0.336257
N20270221-S007,N20270221,2027-02-22T07:15:00Z,900,true,0.990400,0.910132,0.906368,0.318316
N20270221-S008,N20270221,2027-02-22T07:30:00Z,900,true,1.055136,0.914614,0.909508,0.315441
N20270221-S009,N20270221,2027-02-22T07:45:00Z,900,true,1.074651,0.942819,0.897200,0.312536
N20270221-S010,N20270221,2027-02-22T08:00:00Z,900,true,1.055064,0.951233,0.888075,0.338950
N20270221-S011,N20270221,2027-02-22T08:15:00Z,900,true,1.039894,0.941840,0.914411,0.320202
N20270221-S012,N20270221,2027-02-22T08:30:00Z,900,true,1.094139,0.933428,0.919638,0.314246
N20270221-S013,N20270221,2027-02-22T08:45:00Z,900,true,1.116230,0.923335,0.950894,0.346135
N20270221-S014,N20270221,2027-02-22T09:00:00Z,900,true,1.131444,0.909381,0.955407,0.331396
N20270221-S015,N20270221,2027-02-22T09:15:00Z,900,true,1.090003,0.899458,0.947549,0.328490
N20270221-S016,N20270221,2027-02-22T09:30:00Z,900,true,1.064494,0.878296,0.965331,0.317570
N20270221-S017,N20270221,2027-02-22T09:45:00Z,900,true,1.139586,0.899817,0.972954,0.342879
N20270221-S018,N20270221,2027-02-22T10:00:00Z,900,true,1.157351,0.896043,0.946539,0.331444
N20270221-S019,N20270221,2027-02-22T10:15:00Z,900,true,1.098533,0.900994,0.940594,0.344238
N20270221-S020,N20270221,2027-02-22T10:30:00Z,900,true,1.178996,0.892527,0.919236,0.316881
N20270221-S021,N20270221,2027-02-22T10:45:00Z,900,true,1.157460,0.901294,0.931258,0.343226
N20270221-S022,N20270221,2027-02-22T11:00:00Z,900,true,1.088719,0.910096,0.929759,0.338841
N20270221-S023,N20270221,2027-02-22T11:15:00Z,900,true,1.060138,0.910522,0.913048,0.322010
N20270221-S024,N20270221,2027-02-22T11:30:00Z,900,true,1.020855,0.906031,0.870134,0.339987
N20270221-S025,N20270221,2027-02-22T11:45:00Z,900,true,0.993959,0.890448,0.882164,0.331289
N20270221-S026,N20270221,2027-02-22T12:00:00Z,900,true,1.058413,0.887732,0.881987,0.333243
N20270221-S027,N20270221,2027-02-22T12:15:00Z,900,true,0.967607,0.897767,0.869503,0.311952
N20270221-S028,N20270221,2027-02-22T12:30:00Z,900,true,1.011229,0.906985,0.855126,0.333876
N20270221-S029,N20270221,2027-02-22T12:45:00Z,900,true,0.909402,0.921789,0.865587,0.320449
N20270221-S030,N20270221,2027-02-22T13:00:00Z,900,true,0.948669,0.935310,0.873807,0.336490
N20270221-S031,N20270221,2027-02-22T13:15:00Z,900,true,0.976615,0.926191,0.868991,0.316909
N20270221-S032,N20270221,2027-02-22T13:30:00Z,900,true,0.948487,0.927434,0.840874,0.328520
N20270221-S033,N20270221,2027-02-22T13:45:00Z,900,true,0.915459,0.934197,0.874290,0.334574
N20270221-S034,N20270221,2027-02-22T14:00:00Z,900,true,0.903265,0.926465,0.862128,0.339214
N20270221-S035,N20270221,2027-02-22T14:15:00Z,900,true,0.901954,0.913858,0.881976,0.343096
N20270221-S036,N20270221,2027-02-22T14:30:00Z,900,true,0.901823,0.908025,0.898643,0.334731
N20270221-S037,N20270221,2027-02-22T14:45:00Z,900,true,0.944523,0.916134,0.896260,0.339411
N20270221-S038,N20270221,2027-02-22T15:00:00Z,900,true,0.903807,0.926808,0.917747,0.313881
N20270221-S039,N20270221,2027-02-22T15:15:00Z,900,true,0.941584,0.909171,0.927554,0.321440
N20270222-S001,N20270222,2027-02-23T05:45:00Z,900,true,0.882732,0.958836,0.930865,0.361327
N20270222-S002,N20270222,2027-02-23T06:00:00Z,900,true,0.864652,0.967905,0.920569,0.354555
N20270222-S003,N20270222,2027-02-23T06:15:00Z,900,true,0.844101,0.972297,0.908630,0.356357
N20270222-S004,N20270222,2027-02-23T06:30:00Z,900,true,0.836365,0.968624,0.865293,0.327057
N20270222-S005,N20270222,2027-02-23T06:45:00Z,900,true,0.849076,0.953562,0.865788,0.331152
N20270222-S006,N20270222,2027-02-23T07:00:00Z,900,true,0.886185,0.962605,0.867057,0.352386
N20270222-S007,N20270222,2027-02-23T07:15:00Z,900,true,0.849613,0.966927,0.870760,0.345948
N20270222-S008,N20270222,2027-02-23T07:30:00Z,900,true,0.888709,0.965660,0.890356,0.357184
N20270222-S009,N20270222,2027-02-23T07:45:00Z,900,true,0.868995,0.967651,0.874193,0.346833
N20270222-S010,N20270222,2027-02-23T08:00:00Z,900,true,0.878881,0.983958,0.859416,0.353366
N20270222-S011,N20270222,2027-02-23T08:15:00Z,900,true,0.851043,0.992653,0.877598,0.352150
N20270222-S012,N20270222,2027-02-23T08:30:00Z,900,true,0.898784,1.000000,0.871196,0.335204
N20270222-S013,N20270222,2027-02-23T08:45:00Z,900,true,0.949082,1.000000,0.873859,0.340208
N20270222-S014,N20270222,2027-02-23T09:00:00Z,900,true,0.936809,1.000000,0.843371,0.342634
N20270222-S015,N20270222,2027-02-23T09:15:00Z,900,true,0.970199,0.982080,0.807949,0.333132
N20270222-S016,N20270222,2027-02-23T09:30:00Z,900,true,0.972655,0.992230,0.840549,0.339692
N20270222-S017,N20270222,2027-02-23T09:45:00Z,900,true,0.996363,1.000000,0.843141,0.353341
N20270222-S018,N20270222,2027-02-23T10:00:00Z,900,true,0.971873,0.977145,0.841086,0.330373
N20270222-S019,N20270222,2027-02-23T10:15:00Z,900,true,0.969267,0.975519,0.837221,0.360297
N20270222-S020,N20270222,2027-02-23T10:30:00Z,900,true,0.932897,0.993424,0.855929,0.331579
N20270222-S021,N20270222,2027-02-23T10:45:00Z,900,true,0.941030,0.986112,0.877071,0.331499
N20270222-S022,N20270222,2027-02-23T11:00:00Z,900,true,0.882596,0.979912,0.836892,0.355698
N20270222-S023,N20270222,2027-02-23T11:15:00Z,900,true,0.868660,0.971377,0.844865,0.354912
N20270222-S024,N20270222,2027-02-23T11:30:00Z,900,true,0.883557,0.959417,0.828838,0.348608
N20270222-S025,N20270222,2027-02-23T11:45:00Z,900,true,0.898978,0.964001,0.826657,0.339736
N20270222-S026,N20270222,2027-02-23T12:00:00Z,900,true,0.921387,0.957666,0.861825,0.341951
N20270222-S027,N20270222,2027-02-23T12:15:00Z,900,true,0.925762,0.961787,0.863975,0.344471
N20270222-S028,N20270222,2027-02-23T12:30:00Z,900,true,0.913777,0.966835,0.896613,0.344148
N20270222-S029,N20270222,2027-02-23T12:45:00Z,900,false,,,,
N20270222-S030,N20270222,2027-02-23T13:00:00Z,900,false,,,,
N20270222-S031,N20270222,2027-02-23T13:15:00Z,900,false,,,,
N20270222-S032,N20270222,2027-02-23T13:30:00Z,900,false,,,,
N20270222-S033,N20270222,2027-02-23T13:45:00Z,900,false,,,,
N20270222-S034,N20270222,2027-02-23T14:00:00Z,900,false,,,,
N20270222-S035,N20270222,2027-02-23T14:15:00Z,900,false,,,,
N20270222-S036,N20270222,2027-02-23T14:30:00Z,900,false,,,,
N20270222-S037,N20270222,2027-02-23T14:45:00Z,900,true,0.883042,0.985383,0.942790,0.360551
N20270222-S038,N20270222,2027-02-23T15:00:00Z,900,true,0.893719,0.972924,0.940975,0.355295
N20270222-S039,N20270222,2027-02-23T15:15:00Z,900,true,0.867583,0.974128,0.934732,0.326516
N20270223-S001,N20270223,2027-02-24T05:45:00Z,900,false,,,,
N20270223-S002,N20270223,2027-02-24T06:00:00Z,900,false,,,,
N20270223-S003,N20270223,2027-02-24T06:15:00Z,900,false,,,,
N20270223-S004,N20270223,2027-02-24T06:30:00Z,900,false,,,,
N20270223-S005,N20270223,2027-02-24T06:45:00Z,900,false,,,,
N20270223-S006,N20270223,2027-02-24T07:00:00Z,900,false,,,,
N20270223-S007,N20270223,2027-02-24T07:15:00Z,900,false,,,,
N20270223-S008,N20270223,2027-02-24T07:30:00Z,900,false,,,,
N20270223-S009,N20270223,2027-02-24T07:45:00Z,900,false,,,,
N20270223-S010,N20270223,2027-02-24T08:00:00Z,900,false,,,,
N20270223-S011,N20270223,2027-02-24T08:15:00Z,900,false,,,,
N20270223-S012,N20270223,2027-02-24T08:30:00Z,900,false,,,,
N20270223-S013,N20270223,2027-02-24T08:45:00Z,900,false,,,,
N20270223-S014,N20270223,2027-02-24T09:00:00Z,900,false,,,,
N20270223-S015,N20270223,2027-02-24T09:15:00Z,900,false,,,,
N20270223-S016,N20270223,2027-02-24T09:30:00Z,900,false,,,,
N20270223-S017,N20270223,2027-02-24T09:45:00Z,900,false,,,,
N20270223-S018,N20270223,2027-02-24T10:00:00Z,900,false,,,,
N20270223-S019,N20270223,2027-02-24T10:15:00Z,900,false,,,,
N20270223-S020,N20270223,2027-02-24T10:30:00Z,900,false,,,,
N20270223-S021,N20270223,2027-02-24T10:45:00Z,900,false,,,,
N20270223-S022,N20270223,2027-02-24T11:00:00Z,900,false,,,,
N20270223-S023,N20270223,2027-02-24T11:15:00Z,900,false,,,,
N20270223-S024,N20270223,2027-02-24T11:30:00Z,900,false,,,,
N20270223-S025,N20270223,2027-02-24T11:45:00Z,900,false,,,,
N20270223-S026,N20270223,2027-02-24T12:00:00Z,900,false,,,,
N20270223-S027,N20270223,2027-02-24T12:15:00Z,900,false,,,,
N20270223-S028,N20270223,2027-02-24T12:30:00Z,900,true,1.041764,0.937189,0.921489,0.373249
N20270223-S029,N20270223,2027-02-24T12:45:00Z,900,true,1.072721,0.907743,0.890116,0.342435
N20270223-S030,N20270223,2027-02-24T13:00:00Z,900,true,1.079042,0.910755,0.873082,0.341138
N20270223-S031,N20270223,2027-02-24T13:15:00Z,900,true,1.027186,0.909910,0.886567,0.339599
N20270223-S032,N20270223,2027-02-24T13:30:00Z,900,true,0.987381,0.897800,0.905662,0.358848
N20270223-S033,N20270223,2027-02-24T13:45:00Z,900,true,0.999894,0.891608,0.892154,0.362215
N20270223-S034,N20270223,2027-02-24T14:00:00Z,900,true,1.023754,0.878633,0.928772,0.351036
N20270223-S035,N20270223,2027-02-24T14:15:00Z,900,true,1.035601,0.883102,0.924978,0.360997
N20270223-S036,N20270223,2027-02-24T14:30:00Z,900,true,1.046663,0.875987,0.929020,0.344024
N20270223-S037,N20270223,2027-02-24T14:45:00Z,900,true,1.083604,0.878805,0.917417,0.343032
N20270223-S038,N20270223,2027-02-24T15:00:00Z,900,true,1.108064,0.882823,0.931261,0.343033
N20270223-S039,N20270223,2027-02-24T15:15:00Z,900,true,1.142605,0.887660,0.947293,0.352923
N20270224-S001,N20270224,2027-02-25T05:45:00Z,900,true,0.979949,0.828782,0.894641,0.369104
N20270224-S002,N20270224,2027-02-25T06:00:00Z,900,true,1.042293,0.818575,0.921467,0.359706
N20270224-S003,N20270224,2027-02-25T06:15:00Z,900,true,1.053281,0.805118,0.918745,0.359202
N20270224-S004,N20270224,2027-02-25T06:30:00Z,900,true,1.071850,0.805404,0.918429,0.350477
N20270224-S005,N20270224,2027-02-25T06:45:00Z,900,false,,,,
N20270224-S006,N20270224,2027-02-25T07:00:00Z,900,false,,,,
N20270224-S007,N20270224,2027-02-25T07:15:00Z,900,false,,,,
N20270224-S008,N20270224,2027-02-25T07:30:00Z,900,false,,,,
N20270224-S009,N20270224,2027-02-25T07:45:00Z,900,false,,,,
N20270224-S010,N20270224,2027-02-25T08:00:00Z,900,false,,,,
N20270224-S011,N20270224,2027-02-25T08:15:00Z,900,true,1.022666,0.884953,0.919355,0.367392
N20270224-S012,N20270224,2027-02-25T08:30:00Z,900,true,0.961716,0.870187,0.907515,0.347623
N20270224-S013,N20270224,2027-02-25T08:45:00Z,900,true,1.004485,0.878028,0.911895,0.377541
N20270224-S014,N20270224,2027-02-25T09:00:00Z,900,true,0.963650,0.862918,0.913122,0.348035
N20270224-S015,N20270224,2027-02-25T09:15:00Z,900,true,0.955983,0.858038,0.934358,0.364400
N20270224-S016,N20270224,2027-02-25T09:30:00Z,900,true,0.929862,0.872948,0.965479,0.370099
N20270224-S017,N20270224,2027-02-25T09:45:00Z,900,true,0.909730,0.871955,0.966734,0.382217
N20270224-S018,N20270224,2027-02-25T10:00:00Z,900,true,0.979034,0.868533,0.960725,0.370147
N20270224-S019,N20270224,2027-02-25T10:15:00Z,900,true,1.009781,0.882334,0.937272,0.362059
N20270224-S020,N20270224,2027-02-25T10:30:00Z,900,true,0.973618,0.891374,0.918742,0.364426
N20270224-S021,N20270224,2027-02-25T10:45:00Z,900,true,1.028703,0.885902,0.897799,0.353567
N20270224-S022,N20270224,2027-02-25T11:00:00Z,900,true,1.034486,0.884632,0.898997,0.356888
N20270224-S023,N20270224,2027-02-25T11:15:00Z,900,true,1.012132,0.887144,0.889317,0.373850
N20270224-S024,N20270224,2027-02-25T11:30:00Z,900,true,1.034523,0.893106,0.877280,0.370837
N20270224-S025,N20270224,2027-02-25T11:45:00Z,900,true,0.952803,0.880114,0.892079,0.376360
N20270224-S026,N20270224,2027-02-25T12:00:00Z,900,true,0.931892,0.895599,0.888663,0.354531
N20270224-S027,N20270224,2027-02-25T12:15:00Z,900,true,0.944530,0.883175,0.859011,0.373663
N20270224-S028,N20270224,2027-02-25T12:30:00Z,900,true,0.937907,0.892682,0.863398,0.376090
N20270224-S029,N20270224,2027-02-25T12:45:00Z,900,true,0.975349,0.885202,0.880756,0.380302
N20270224-S030,N20270224,2027-02-25T13:00:00Z,900,true,0.978753,0.857883,0.885741,0.371724
N20270224-S031,N20270224,2027-02-25T13:15:00Z,900,true,0.986748,0.881198,0.913419,0.362933
N20270224-S032,N20270224,2027-02-25T13:30:00Z,900,true,0.961794,0.867626,0.975134,0.383423
N20270224-S033,N20270224,2027-02-25T13:45:00Z,900,true,0.959162,0.868518,0.938168,0.355746
N20270224-S034,N20270224,2027-02-25T14:00:00Z,900,true,1.006484,0.868286,0.945188,0.350215
N20270224-S035,N20270224,2027-02-25T14:15:00Z,900,true,0.992445,0.856115,0.915797,0.358739
N20270224-S036,N20270224,2027-02-25T14:30:00Z,900,true,1.011025,0.877293,0.914917,0.376179
N20270224-S037,N20270224,2027-02-25T14:45:00Z,900,true,1.045228,0.874636,0.900328,0.347062
N20270224-S038,N20270224,2027-02-25T15:00:00Z,900,true,1.067371,0.869373,0.880603,0.370434
N20270224-S039,N20270224,2027-02-25T15:15:00Z,900,true,1.115374,0.862445,0.877329,0.361350
N20270225-S001,N20270225,2027-02-26T05:45:00Z,900,true,0.850919,0.812462,0.957542,0.381805
N20270225-S002,N20270225,2027-02-26T06:00:00Z,900,true,0.840183,0.794202,0.981003,0.374154
N20270225-S003,N20270225,2027-02-26T06:15:00Z,900,true,0.858827,0.785288,0.976438,0.364158
N20270225-S004,N20270225,2027-02-26T06:30:00Z,900,true,0.865037,0.779933,0.957225,0.367622
N20270225-S005,N20270225,2027-02-26T06:45:00Z,900,true,0.897013,0.763183,0.956097,0.360503
N20270225-S006,N20270225,2027-02-26T07:00:00Z,900,true,0.917144,0.792345,0.922447,0.361580
N20270225-S007,N20270225,2027-02-26T07:15:00Z,900,true,0.888988,0.790121,0.899587,0.390222
N20270225-S008,N20270225,2027-02-26T07:30:00Z,900,true,0.900577,0.781242,0.913124,0.388265
N20270225-S009,N20270225,2027-02-26T07:45:00Z,900,true,0.914456,0.788332,0.911461,0.389880
N20270225-S010,N20270225,2027-02-26T08:00:00Z,900,true,0.936938,0.779210,0.919492,0.364509
N20270225-S011,N20270225,2027-02-26T08:15:00Z,900,true,0.885086,0.778920,0.908486,0.389204
N20270225-S012,N20270225,2027-02-26T08:30:00Z,900,true,0.844310,0.780867,0.927570,0.376853
N20270225-S013,N20270225,2027-02-26T08:45:00Z,900,true,0.820629,0.777207,0.943313,0.389908
N20270225-S014,N20270225,2027-02-26T09:00:00Z,900,true,0.847945,0.782870,0.937168,0.370174
N20270225-S015,N20270225,2027-02-26T09:15:00Z,900,true,0.844551,0.804727,0.943076,0.371300
N20270225-S016,N20270225,2027-02-26T09:30:00Z,900,true,0.861442,0.803518,0.937016,0.388720
N20270225-S017,N20270225,2027-02-26T09:45:00Z,900,true,0.828054,0.809008,0.948923,0.379960
N20270225-S018,N20270225,2027-02-26T10:00:00Z,900,true,0.762870,0.810035,0.965565,0.352521
N20270225-S019,N20270225,2027-02-26T10:15:00Z,900,true,0.778471,0.813738,0.947672,0.372430
N20270225-S020,N20270225,2027-02-26T10:30:00Z,900,true,0.757258,0.824342,0.961322,0.383080
N20270225-S021,N20270225,2027-02-26T10:45:00Z,900,true,0.728662,0.818936,0.947102,0.355052
N20270225-S022,N20270225,2027-02-26T11:00:00Z,900,true,0.756419,0.824222,0.944604,0.390830
N20270225-S023,N20270225,2027-02-26T11:15:00Z,900,true,0.789880,0.798784,0.910618,0.377551
N20270225-S024,N20270225,2027-02-26T11:30:00Z,900,true,0.818805,0.782424,0.888063,0.365591
N20270225-S025,N20270225,2027-02-26T11:45:00Z,900,true,0.792327,0.792753,0.896028,0.389419
N20270225-S026,N20270225,2027-02-26T12:00:00Z,900,true,0.748520,0.800485,0.937355,0.383976
N20270225-S027,N20270225,2027-02-26T12:15:00Z,900,true,0.744678,0.797936,0.921018,0.359605
N20270225-S028,N20270225,2027-02-26T12:30:00Z,900,true,0.753657,0.829704,0.891280,0.381784
N20270225-S029,N20270225,2027-02-26T12:45:00Z,900,true,0.800905,0.827609,0.915431,0.360041
N20270225-S030,N20270225,2027-02-26T13:00:00Z,900,true,0.821843,0.802105,0.893113,0.376059
N20270225-S031,N20270225,2027-02-26T13:15:00Z,900,true,0.839984,0.802401,0.888149,0.363068
N20270225-S032,N20270225,2027-02-26T13:30:00Z,900,true,0.858565,0.815882,0.871509,0.382110
N20270225-S033,N20270225,2027-02-26T13:45:00Z,900,true,0.868801,0.828056,0.864238,0.363004
N20270225-S034,N20270225,2027-02-26T14:00:00Z,900,true,0.842672,0.815872,0.876687,0.364060
N20270225-S035,N20270225,2027-02-26T14:15:00Z,900,false,,,,
N20270225-S036,N20270225,2027-02-26T14:30:00Z,900,false,,,,
N20270225-S037,N20270225,2027-02-26T14:45:00Z,900,false,,,,
N20270225-S038,N20270225,2027-02-26T15:00:00Z,900,false,,,,
N20270225-S039,N20270225,2027-02-26T15:15:00Z,900,false,,,,
N20270226-S001,N20270226,2027-02-27T05:45:00Z,900,false,,,,
N20270226-S002,N20270226,2027-02-27T06:00:00Z,900,false,,,,
N20270226-S003,N20270226,2027-02-27T06:15:00Z,900,false,,,,
N20270226-S004,N20270226,2027-02-27T06:30:00Z,900,false,,,,
N20270226-S005,N20270226,2027-02-27T06:45:00Z,900,false,,,,
N20270226-S006,N20270226,2027-02-27T07:00:00Z,900,false,,,,
N20270226-S007,N20270226,2027-02-27T07:15:00Z,900,false,,,,
N20270226-S008,N20270226,2027-02-27T07:30:00Z,900,false,,,,
N20270226-S009,N20270226,2027-02-27T07:45:00Z,900,false,,,,
N20270226-S010,N20270226,2027-02-27T08:00:00Z,900,false,,,,
N20270226-S011,N20270226,2027-02-27T08:15:00Z,900,false,,,,
N20270226-S012,N20270226,2027-02-27T08:30:00Z,900,false,,,,
N20270226-S013,N20270226,2027-02-27T08:45:00Z,900,false,,,,
N20270226-S014,N20270226,2027-02-27T09:00:00Z,900,false,,,,
N20270226-S015,N20270226,2027-02-27T09:15:00Z,900,false,,,,
N20270226-S016,N20270226,2027-02-27T09:30:00Z,900,false,,,,
N20270226-S017,N20270226,2027-02-27T09:45:00Z,900,false,,,,
N20270226-S018,N20270226,2027-02-27T10:00:00Z,900,false,,,,
N20270226-S019,N20270226,2027-02-27T10:15:00Z,900,false,,,,
N20270226-S020,N20270226,2027-02-27T10:30:00Z,900,false,,,,
N20270226-S021,N20270226,2027-02-27T10:45:00Z,900,true,0.799813,0.899527,1.016690,0.358867
N20270226-S022,N20270226,2027-02-27T11:00:00Z,900,true,0.859988,0.885595,1.028871,0.374114
N20270226-S023,N20270226,2027-02-27T11:15:00Z,900,true,0.875568,0.878118,1.015733,0.392782
N20270226-S024,N20270226,2027-02-27T11:30:00Z,900,true,0.900630,0.882937,1.037941,0.381440
N20270226-S025,N20270226,2027-02-27T11:45:00Z,900,true,0.903589,0.892097,1.038670,0.374538
N20270226-S026,N20270226,2027-02-27T12:00:00Z,900,true,0.878678,0.869000,1.048062,0.385009
N20270226-S027,N20270226,2027-02-27T12:15:00Z,900,true,0.848946,0.862134,1.032279,0.363197
N20270226-S028,N20270226,2027-02-27T12:30:00Z,900,true,0.902448,0.885997,1.044493,0.385025
N20270226-S029,N20270226,2027-02-27T12:45:00Z,900,true,0.877131,0.865726,1.012938,0.383501
N20270226-S030,N20270226,2027-02-27T13:00:00Z,900,true,0.922978,0.864761,1.008554,0.362254
N20270226-S031,N20270226,2027-02-27T13:15:00Z,900,true,0.902350,0.846032,0.990940,0.357911
N20270226-S032,N20270226,2027-02-27T13:30:00Z,900,true,0.883356,0.837571,1.006070,0.384131
N20270226-S033,N20270226,2027-02-27T13:45:00Z,900,true,0.861492,0.824709,1.017232,0.389174
N20270226-S034,N20270226,2027-02-27T14:00:00Z,900,true,0.821210,0.823119,1.023316,0.384410
N20270226-S035,N20270226,2027-02-27T14:15:00Z,900,true,0.795088,0.811853,1.005261,0.393338
N20270226-S036,N20270226,2027-02-27T14:30:00Z,900,true,0.770357,0.826485,1.000375,0.363098
N20270226-S037,N20270226,2027-02-27T14:45:00Z,900,true,0.780203,0.835805,1.021990,0.370609
N20270226-S038,N20270226,2027-02-27T15:00:00Z,900,true,0.819685,0.822486,1.044557,0.378138
N20270227-S001,N20270227,2027-02-28T05:45:00Z,900,true,0.876769,0.946448,0.984262,0.366063
N20270227-S002,N20270227,2027-02-28T06:00:00Z,900,true,0.893392,0.952516,1.024161,0.401130
N20270227-S003,N20270227,2027-02-28T06:15:00Z,900,true,0.891894,0.957048,1.030639,0.394062
N20270227-S004,N20270227,2027-02-28T06:30:00Z,900,true,0.864635,0.949348,1.036431,0.380574
N20270227-S005,N20270227,2027-02-28T06:45:00Z,900,true,0.855302,0.953742,1.023713,0.364239
N20270227-S006,N20270227,2027-02-28T07:00:00Z,900,true,0.868777,0.952276,1.045850,0.363865
N20270227-S007,N20270227,2027-02-28T07:15:00Z,900,true,0.824029,0.941659,1.018022,0.397681
N20270227-S008,N20270227,2027-02-28T07:30:00Z,900,true,0.848878,0.936224,1.012005,0.373721
N20270227-S009,N20270227,2027-02-28T07:45:00Z,900,true,0.871132,0.947659,0.988534,0.364335
N20270227-S010,N20270227,2027-02-28T08:00:00Z,900,true,0.874091,0.954101,1.008224,0.397833
N20270227-S011,N20270227,2027-02-28T08:15:00Z,900,true,0.869455,0.956215,0.986793,0.379120
N20270227-S012,N20270227,2027-02-28T08:30:00Z,900,true,0.843162,0.947746,0.984362,0.365537
N20270227-S013,N20270227,2027-02-28T08:45:00Z,900,true,0.868554,0.956074,0.992447,0.365410
N20270227-S014,N20270227,2027-02-28T09:00:00Z,900,true,0.894908,0.954307,1.008436,0.377278
N20270227-S015,N20270227,2027-02-28T09:15:00Z,900,true,0.825855,0.952005,1.001439,0.378803
N20270227-S016,N20270227,2027-02-28T09:30:00Z,900,true,0.822997,0.946276,0.993946,0.399538
N20270227-S017,N20270227,2027-02-28T09:45:00Z,900,true,0.783223,0.957897,1.012244,0.375125
N20270227-S018,N20270227,2027-02-28T10:00:00Z,900,true,0.844268,0.976120,0.984630,0.378913
N20270227-S019,N20270227,2027-02-28T10:15:00Z,900,true,0.777665,0.956131,0.980521,0.384159
N20270227-S020,N20270227,2027-02-28T10:30:00Z,900,true,0.746198,0.961878,1.005406,0.368076
N20270227-S021,N20270227,2027-02-28T10:45:00Z,900,true,0.719775,0.947009,0.992222,0.381909
N20270227-S022,N20270227,2027-02-28T11:00:00Z,900,true,0.773739,0.960578,0.980528,0.384343
N20270227-S023,N20270227,2027-02-28T11:15:00Z,900,true,0.798207,0.967290,0.979453,0.381584
N20270227-S024,N20270227,2027-02-28T11:30:00Z,900,true,0.797626,0.966775,0.984185,0.399629
N20270227-S025,N20270227,2027-02-28T11:45:00Z,900,true,0.869648,0.973107,0.972827,0.387544
N20270227-S026,N20270227,2027-02-28T12:00:00Z,900,true,0.854063,0.975091,0.973335,0.372960
N20270227-S027,N20270227,2027-02-28T12:15:00Z,900,true,0.863435,0.959386,0.992593,0.386797
N20270227-S028,N20270227,2027-02-28T12:30:00Z,900,true,0.841750,0.949554,0.977157,0.368754
N20270227-S029,N20270227,2027-02-28T12:45:00Z,900,true,0.885507,0.943463,0.965913,0.374684
N20270227-S030,N20270227,2027-02-28T13:00:00Z,900,true,0.859118,0.963877,0.966552,0.397004
N20270227-S031,N20270227,2027-02-28T13:15:00Z,900,true,0.912468,0.947191,0.985700,0.377522
N20270227-S032,N20270227,2027-02-28T13:30:00Z,900,true,0.910293,0.942371,0.968212,0.387427
N20270227-S033,N20270227,2027-02-28T13:45:00Z,900,true,0.922150,0.933152,0.952703,0.373592
N20270227-S034,N20270227,2027-02-28T14:00:00Z,900,true,0.931880,0.903061,0.950097,0.389997
N20270227-S035,N20270227,2027-02-28T14:15:00Z,900,true,0.933230,0.895410,0.944551,0.368153
N20270227-S036,N20270227,2027-02-28T14:30:00Z,900,true,0.926120,0.898537,0.936530,0.373731
N20270227-S037,N20270227,2027-02-28T14:45:00Z,900,true,0.924173,0.915773,0.930465,0.372221
N20270227-S038,N20270227,2027-02-28T15:00:00Z,900,true,0.904720,0.911813,0.948024,0.392606
N20270228-S001,N20270228,2027-03-01T05:45:00Z,900,true,0.854965,0.939570,1.006101,0.388847
N20270228-S002,N20270228,2027-03-01T06:00:00Z,900,true,0.859570,0.940745,0.998370,0.364821
N20270228-S003,N20270228,2027-03-01T06:15:00Z,900,true,0.866951,0.936026,1.008238,0.378618
N20270228-S004,N20270228,2027-03-01T06:30:00Z,900,true,0.852444,0.949001,1.000268,0.388474
N20270228-S005,N20270228,2027-03-01T06:45:00Z,900,true,0.877756,0.936784,1.001807,0.369597
N20270228-S006,N20270228,2027-03-01T07:00:00Z,900,true,0.834830,0.940106,1.046901,0.387865
N20270228-S007,N20270228,2027-03-01T07:15:00Z,900,true,0.842169,0.928839,1.014837,0.402157
N20270228-S008,N20270228,2027-03-01T07:30:00Z,900,true,0.851433,0.947992,0.987146,0.389138
N20270228-S009,N20270228,2027-03-01T07:45:00Z,900,true,0.823660,0.944508,1.014553,0.380611
N20270228-S010,N20270228,2027-03-01T08:00:00Z,900,true,0.777826,0.926494,1.022390,0.366840
N20270228-S011,N20270228,2027-03-01T08:15:00Z,900,true,0.775181,0.926917,1.007088,0.397095
N20270228-S012,N20270228,2027-03-01T08:30:00Z,900,true,0.728772,0.911140,0.995302,0.387969
N20270228-S013,N20270228,2027-03-01T08:45:00Z,900,true,0.777640,0.912655,0.994030,0.372144
N20270228-S014,N20270228,2027-03-01T09:00:00Z,900,true,0.757044,0.932533,1.006419,0.381893
N20270228-S015,N20270228,2027-03-01T09:15:00Z,900,true,0.750504,0.943624,0.998326,0.392229
N20270228-S016,N20270228,2027-03-01T09:30:00Z,900,true,0.701476,0.944884,1.003317,0.394274
N20270228-S017,N20270228,2027-03-01T09:45:00Z,900,true,0.721424,0.920730,1.032276,0.397881
N20270228-S018,N20270228,2027-03-01T10:00:00Z,900,true,0.756367,0.932734,1.048363,0.388779
N20270228-S019,N20270228,2027-03-01T10:15:00Z,900,true,0.753087,0.919575,1.059042,0.397072
N20270228-S020,N20270228,2027-03-01T10:30:00Z,900,true,0.713019,0.946247,1.040910,0.405048
N20270228-S021,N20270228,2027-03-01T10:45:00Z,900,true,0.753764,0.957284,1.051804,0.365541
N20270228-S022,N20270228,2027-03-01T11:00:00Z,900,true,0.775325,0.955329,1.055644,0.393415
N20270228-S023,N20270228,2027-03-01T11:15:00Z,900,true,0.767042,0.976948,1.053544,0.382572
N20270228-S024,N20270228,2027-03-01T11:30:00Z,900,true,0.757870,0.982643,1.056319,0.401379
N20270228-S025,N20270228,2027-03-01T11:45:00Z,900,true,0.751012,0.947365,1.066269,0.385938
N20270228-S026,N20270228,2027-03-01T12:00:00Z,900,true,0.747246,0.923503,1.072627,0.402188
N20270228-S027,N20270228,2027-03-01T12:15:00Z,900,true,0.658514,0.928054,1.074428,0.366272
N20270228-S028,N20270228,2027-03-01T12:30:00Z,900,true,0.688968,0.919026,1.089529,0.395087
N20270228-S029,N20270228,2027-03-01T12:45:00Z,900,true,0.734695,0.923163,1.095918,0.368143
N20270228-S030,N20270228,2027-03-01T13:00:00Z,900,true,0.700577,0.947198,1.074175,0.402228
N20270228-S031,N20270228,2027-03-01T13:15:00Z,900,true,0.686051,0.926568,1.029716,0.383620
N20270228-S032,N20270228,2027-03-01T13:30:00Z,900,true,0.767625,0.944951,1.017620,0.385378
N20270228-S033,N20270228,2027-03-01T13:45:00Z,900,true,0.744862,0.940101,1.003727,0.367546
N20270228-S034,N20270228,2027-03-01T14:00:00Z,900,true,0.771802,0.952382,0.990358,0.365716
N20270228-S035,N20270228,2027-03-01T14:15:00Z,900,true,0.801943,0.948232,0.983652,0.382437
N20270228-S036,N20270228,2027-03-01T14:30:00Z,900,true,0.831893,0.951297,0.982772,0.386218
N20270228-S037,N20270228,2027-03-01T14:45:00Z,900,true,0.805824,0.953789,0.993847,0.401235
N20270228-S038,N20270228,2027-03-01T15:00:00Z,900,true,0.836807,0.944869,0.979948,0.401034
N20270301-S001,N20270301,2027-03-02T05:45:00Z,900,true,0.770550,0.980058,0.992194,0.404533
N20270301-S002,N20270301,2027-03-02T06:00:00Z,900,false,,,,
N20270301-S003,N20270301,2027-03-02T06:15:00Z,900,false,,,,
N20270301-S004,N20270301,2027-03-02T06:30:00Z,900,false,,,,
N20270301-S005,N20270301,2027-03-02T06:45:00Z,900,false,,,,
N20270301-S006,N20270301,2027-03-02T07:00:00Z,900,false,,,,
N20270301-S007,N20270301,2027-03-02T07:15:00Z,900,false,,,,
N20270301-S008,N20270301,2027-03-02T07:30:00Z,900,false,,,,
N20270301-S009,N20270301,2027-03-02T07:45:00Z,900,false,,,,
N20270301-S010,N20270301,2027-03-02T08:00:00Z,900,false,,,,
N20270301-S011,N20270301,2027-03-02T08:15:00Z,900,false,,,,
N20270301-S012,N20270301,2027-03-02T08:30:00Z,900,true,0.944915,0.957641,1.053088,0.390700
N20270301-S013,N20270301,2027-03-02T08:45:00Z,900,true,0.927037,0.976238,1.043292,0.401228
N20270301-S014,N20270301,2027-03-02T09:00:00Z,900,true,0.948737,0.967995,1.067175,0.384077
N20270301-S015,N20270301,2027-03-02T09:15:00Z,900,true,0.941413,0.988078,1.042174,0.402464
N20270301-S016,N20270301,2027-03-02T09:30:00Z,900,true,0.966261,0.980307,1.049862,0.371872
N20270301-S017,N20270301,2027-03-02T09:45:00Z,900,true,0.964833,1.000000,1.030970,0.400482
N20270301-S018,N20270301,2027-03-02T10:00:00Z,900,true,0.992204,1.000000,1.014782,0.368054
N20270301-S019,N20270301,2027-03-02T10:15:00Z,900,true,0.975532,0.989641,1.009628,0.372396
N20270301-S020,N20270301,2027-03-02T10:30:00Z,900,true,0.908464,0.987536,1.013487,0.386496
N20270301-S021,N20270301,2027-03-02T10:45:00Z,900,true,0.904508,0.999356,0.997216,0.400025
N20270301-S022,N20270301,2027-03-02T11:00:00Z,900,true,0.817007,0.989855,1.014800,0.399315
N20270301-S023,N20270301,2027-03-02T11:15:00Z,900,true,0.826068,0.988061,1.038141,0.404303
N20270301-S024,N20270301,2027-03-02T11:30:00Z,900,true,0.845843,1.000000,1.038381,0.400799
N20270301-S025,N20270301,2027-03-02T11:45:00Z,900,true,0.835765,1.000000,1.052730,0.391012
N20270301-S026,N20270301,2027-03-02T12:00:00Z,900,true,0.876700,1.000000,1.044919,0.401919
N20270301-S027,N20270301,2027-03-02T12:15:00Z,900,true,0.895821,0.993326,1.031014,0.375092
N20270301-S028,N20270301,2027-03-02T12:30:00Z,900,true,0.916856,0.994370,1.050395,0.384435
N20270301-S029,N20270301,2027-03-02T12:45:00Z,900,true,0.887049,1.000000,1.044929,0.398873
N20270301-S030,N20270301,2027-03-02T13:00:00Z,900,true,0.853311,0.972269,1.055874,0.373848
N20270301-S031,N20270301,2027-03-02T13:15:00Z,900,true,0.934330,0.967662,1.041720,0.401350
N20270301-S032,N20270301,2027-03-02T13:30:00Z,900,true,0.954174,0.983756,1.044485,0.379585
N20270301-S033,N20270301,2027-03-02T13:45:00Z,900,true,1.019993,0.987170,1.029997,0.388714
N20270301-S034,N20270301,2027-03-02T14:00:00Z,900,true,1.027467,0.980605,1.007091,0.407742
N20270301-S035,N20270301,2027-03-02T14:15:00Z,900,true,1.046814,0.983399,1.009491,0.385106
N20270301-S036,N20270301,2027-03-02T14:30:00Z,900,true,1.053981,0.981070,1.022189,0.367866
N20270301-S037,N20270301,2027-03-02T14:45:00Z,900,true,0.968617,1.000000,1.011035,0.370018
N20270301-S038,N20270301,2027-03-02T15:00:00Z,900,true,0.944141,0.992884,0.995803,0.369871
N20270302-S001,N20270302,2027-03-03T05:45:00Z,900,true,0.843466,0.940681,1.137278,0.375339
N20270302-S002,N20270302,2027-03-03T06:00:00Z,900,true,0.843674,0.955679,1.172279,0.399966
N20270302-S003,N20270302,2027-03-03T06:15:00Z,900,true,0.808238,0.965801,1.174139,0.369213
N20270302-S004,N20270302,2027-03-03T06:30:00Z,900,true,0.877478,0.951892,1.174443,0.373724
N20270302-S005,N20270302,2027-03-03T06:45:00Z,900,true,0.869046,0.942716,1.169153,0.385657
N20270302-S006,N20270302,2027-03-03T07:00:00Z,900,true,0.867530,0.960488,1.171959,0.370575
N20270302-S007,N20270302,2027-03-03T07:15:00Z,900,true,0.886419,0.984709,1.186123,0.385639
N20270302-S008,N20270302,2027-03-03T07:30:00Z,900,true,0.902542,0.973356,1.173133,0.409465
N20270302-S009,N20270302,2027-03-03T07:45:00Z,900,true,0.883848,0.972425,1.162377,0.389381
N20270302-S010,N20270302,2027-03-03T08:00:00Z,900,true,0.911399,0.970553,1.143488,0.398379
N20270302-S011,N20270302,2027-03-03T08:15:00Z,900,true,0.918042,0.978935,1.111973,0.403458
N20270302-S012,N20270302,2027-03-03T08:30:00Z,900,true,0.908339,0.988116,1.097892,0.408620
N20270302-S013,N20270302,2027-03-03T08:45:00Z,900,true,0.920748,0.981486,1.107401,0.381477
N20270302-S014,N20270302,2027-03-03T09:00:00Z,900,true,0.917622,0.976104,1.097270,0.370701
N20270302-S015,N20270302,2027-03-03T09:15:00Z,900,true,0.882200,0.973755,1.117027,0.399951
N20270302-S016,N20270302,2027-03-03T09:30:00Z,900,true,0.821580,0.954619,1.113789,0.403489
N20270302-S017,N20270302,2027-03-03T09:45:00Z,900,true,0.899596,0.973419,1.113933,0.393881
N20270302-S018,N20270302,2027-03-03T10:00:00Z,900,true,0.916415,0.954484,1.131185,0.397557
N20270302-S019,N20270302,2027-03-03T10:15:00Z,900,true,0.920594,0.944074,1.132390,0.401992
N20270302-S020,N20270302,2027-03-03T10:30:00Z,900,true,0.945545,0.940772,1.105595,0.397653
N20270302-S021,N20270302,2027-03-03T10:45:00Z,900,true,0.894148,0.941296,1.074958,0.372157
N20270302-S022,N20270302,2027-03-03T11:00:00Z,900,true,0.872933,0.938992,1.068902,0.380827
N20270302-S023,N20270302,2027-03-03T11:15:00Z,900,true,0.878209,0.941921,1.081811,0.398768
N20270302-S024,N20270302,2027-03-03T11:30:00Z,900,true,0.798562,0.917313,1.093961,0.377953
N20270302-S025,N20270302,2027-03-03T11:45:00Z,900,true,0.817451,0.899928,1.087451,0.404349
N20270302-S026,N20270302,2027-03-03T12:00:00Z,900,true,0.816048,0.910539,1.090717,0.403180
N20270302-S027,N20270302,2027-03-03T12:15:00Z,900,true,0.871662,0.888847,1.066567,0.390315
N20270302-S028,N20270302,2027-03-03T12:30:00Z,900,true,0.833029,0.903979,1.046109,0.370926
N20270302-S029,N20270302,2027-03-03T12:45:00Z,900,true,0.835698,0.911424,1.068076,0.380473
N20270302-S030,N20270302,2027-03-03T13:00:00Z,900,true,0.801852,0.911164,1.057075,0.402368
N20270302-S031,N20270302,2027-03-03T13:15:00Z,900,true,0.839389,0.927825,1.053536,0.369365
N20270302-S032,N20270302,2027-03-03T13:30:00Z,900,true,0.904022,0.947605,1.065645,0.383832
N20270302-S033,N20270302,2027-03-03T13:45:00Z,900,true,0.920878,0.944944,1.087366,0.405648
N20270302-S034,N20270302,2027-03-03T14:00:00Z,900,true,0.925080,0.942489,1.067400,0.377520
N20270302-S035,N20270302,2027-03-03T14:15:00Z,900,true,0.916121,0.929781,1.046592,0.388200
N20270302-S036,N20270302,2027-03-03T14:30:00Z,900,true,0.939967,0.935581,1.076567,0.380256
N20270302-S037,N20270302,2027-03-03T14:45:00Z,900,true,0.932447,0.942272,1.092574,0.381814
N20270302-S038,N20270302,2027-03-03T15:00:00Z,900,true,0.927138,0.952594,1.095440,0.374658
N20270303-S001,N20270303,2027-03-04T05:45:00Z,900,true,1.045196,0.911202,1.058725,0.382452
N20270303-S002,N20270303,2027-03-04T06:00:00Z,900,false,,,,
N20270303-S003,N20270303,2027-03-04T06:15:00Z,900,false,,,,
N20270303-S004,N20270303,2027-03-04T06:30:00Z,900,false,,,,
N20270303-S005,N20270303,2027-03-04T06:45:00Z,900,false,,,,
N20270303-S006,N20270303,2027-03-04T07:00:00Z,900,false,,,,
N20270303-S007,N20270303,2027-03-04T07:15:00Z,900,false,,,,
N20270303-S008,N20270303,2027-03-04T07:30:00Z,900,false,,,,
N20270303-S009,N20270303,2027-03-04T07:45:00Z,900,false,,,,
N20270303-S010,N20270303,2027-03-04T08:00:00Z,900,false,,,,
N20270303-S011,N20270303,2027-03-04T08:15:00Z,900,false,,,,
N20270303-S012,N20270303,2027-03-04T08:30:00Z,900,false,,,,
N20270303-S013,N20270303,2027-03-04T08:45:00Z,900,false,,,,
N20270303-S014,N20270303,2027-03-04T09:00:00Z,900,false,,,,
N20270303-S015,N20270303,2027-03-04T09:15:00Z,900,false,,,,
N20270303-S016,N20270303,2027-03-04T09:30:00Z,900,false,,,,
N20270303-S017,N20270303,2027-03-04T09:45:00Z,900,false,,,,
N20270303-S018,N20270303,2027-03-04T10:00:00Z,900,false,,,,
N20270303-S019,N20270303,2027-03-04T10:15:00Z,900,false,,,,
N20270303-S020,N20270303,2027-03-04T10:30:00Z,900,false,,,,
N20270303-S021,N20270303,2027-03-04T10:45:00Z,900,false,,,,
N20270303-S022,N20270303,2027-03-04T11:00:00Z,900,false,,,,
N20270303-S023,N20270303,2027-03-04T11:15:00Z,900,false,,,,
N20270303-S024,N20270303,2027-03-04T11:30:00Z,900,false,,,,
N20270303-S025,N20270303,2027-03-04T11:45:00Z,900,false,,,,
N20270303-S026,N20270303,2027-03-04T12:00:00Z,900,false,,,,
N20270303-S027,N20270303,2027-03-04T12:15:00Z,900,false,,,,
N20270303-S028,N20270303,2027-03-04T12:30:00Z,900,false,,,,
N20270303-S029,N20270303,2027-03-04T12:45:00Z,900,false,,,,
N20270303-S030,N20270303,2027-03-04T13:00:00Z,900,false,,,,
N20270303-S031,N20270303,2027-03-04T13:15:00Z,900,false,,,,
N20270303-S032,N20270303,2027-03-04T13:30:00Z,900,false,,,,
N20270303-S033,N20270303,2027-03-04T13:45:00Z,900,false,,,,
N20270303-S034,N20270303,2027-03-04T14:00:00Z,900,false,,,,
N20270303-S035,N20270303,2027-03-04T14:15:00Z,900,true,0.899946,0.887345,1.005440,0.390171
N20270303-S036,N20270303,2027-03-04T14:30:00Z,900,true,0.960956,0.868042,1.003742,0.401229
N20270303-S037,N20270303,2027-03-04T14:45:00Z,900,true,0.937130,0.880480,1.013823,0.402200
N20270303-S038,N20270303,2027-03-04T15:00:00Z,900,true,0.970559,0.873697,1.035765,0.380585
N20270304-S001,N20270304,2027-03-05T05:45:00Z,900,true,0.897937,0.960679,1.021713,0.388718
N20270304-S002,N20270304,2027-03-05T06:00:00Z,900,true,0.863990,0.955005,1.013334,0.395245
N20270304-S003,N20270304,2027-03-05T06:15:00Z,900,true,0.828425,0.965204,1.031829,0.392470
N20270304-S004,N20270304,2027-03-05T06:30:00Z,900,true,0.841395,0.982205,1.009727,0.402606
N20270304-S005,N20270304,2027-03-05T06:45:00Z,900,true,0.835631,0.977557,1.009887,0.411271
N20270304-S006,N20270304,2027-03-05T07:00:00Z,900,true,0.861839,0.975727,1.003464,0.392889
N20270304-S007,N20270304,2027-03-05T07:15:00Z,900,true,0.841522,0.974874,1.011889,0.398512
N20270304-S008,N20270304,2027-03-05T07:30:00Z,900,true,0.802993,0.970355,1.031925,0.405975
N20270304-S009,N20270304,2027-03-05T07:45:00Z,900,true,0.795850,0.985402,1.015217,0.376769
N20270304-S010,N20270304,2027-03-05T08:00:00Z,900,true,0.838331,0.966427,1.032087,0.388675
N20270304-S011,N20270304,2027-03-05T08:15:00Z,900,true,0.828163,0.940001,1.043363,0.376426
N20270304-S012,N20270304,2027-03-05T08:30:00Z,900,true,0.866585,0.947079,1.038103,0.406278
N20270304-S013,N20270304,2027-03-05T08:45:00Z,900,true,0.836916,0.940552,1.057039,0.381008
N20270304-S014,N20270304,2027-03-05T09:00:00Z,900,true,0.820360,0.939928,1.050487,0.384240
N20270304-S015,N20270304,2027-03-05T09:15:00Z,900,true,0.869709,0.930634,1.053805,0.397180
N20270304-S016,N20270304,2027-03-05T09:30:00Z,900,true,0.859594,0.946931,1.051676,0.411456
N20270304-S017,N20270304,2027-03-05T09:45:00Z,900,true,0.877096,0.945662,1.060859,0.385279
N20270304-S018,N20270304,2027-03-05T10:00:00Z,900,true,0.945806,0.970910,1.055337,0.401882
N20270304-S019,N20270304,2027-03-05T10:15:00Z,900,true,1.015789,0.958677,1.063882,0.380714
N20270304-S020,N20270304,2027-03-05T10:30:00Z,900,true,0.977919,0.962695,1.030309,0.412542
N20270304-S021,N20270304,2027-03-05T10:45:00Z,900,true,0.971523,0.941246,1.048384,0.375122
N20270304-S022,N20270304,2027-03-05T11:00:00Z,900,true,0.997153,0.958374,1.022406,0.396188
N20270304-S023,N20270304,2027-03-05T11:15:00Z,900,true,0.983517,0.953310,1.059602,0.391602
N20270304-S024,N20270304,2027-03-05T11:30:00Z,900,true,0.989726,0.940055,1.063423,0.385244
N20270304-S025,N20270304,2027-03-05T11:45:00Z,900,true,0.929393,0.946186,1.068185,0.411621
N20270304-S026,N20270304,2027-03-05T12:00:00Z,900,true,0.967222,0.935925,1.071332,0.374876
N20270304-S027,N20270304,2027-03-05T12:15:00Z,900,true,0.979887,0.938007,1.047906,0.400114
N20270304-S028,N20270304,2027-03-05T12:30:00Z,900,true,0.997301,0.933677,1.023093,0.394719
N20270304-S029,N20270304,2027-03-05T12:45:00Z,900,true,0.935299,0.927052,1.022152,0.381249
N20270304-S030,N20270304,2027-03-05T13:00:00Z,900,true,0.943360,0.909600,1.052299,0.375282
N20270304-S031,N20270304,2027-03-05T13:15:00Z,900,true,0.896400,0.928715,1.049785,0.380802
N20270304-S032,N20270304,2027-03-05T13:30:00Z,900,true,0.956457,0.943947,1.060195,0.383946
N20270304-S033,N20270304,2027-03-05T13:45:00Z,900,true,0.958102,0.933274,1.032890,0.395788
N20270304-S034,N20270304,2027-03-05T14:00:00Z,900,true,0.977074,0.932575,1.039388,0.383100
N20270304-S035,N20270304,2027-03-05T14:15:00Z,900,true,0.924645,0.928639,1.050042,0.399200
N20270304-S036,N20270304,2027-03-05T14:30:00Z,900,true,0.891572,0.949544,1.043277,0.397242
N20270304-S037,N20270304,2027-03-05T14:45:00Z,900,true,0.908610,0.944579,1.058310,0.404733
N20270304-S038,N20270304,2027-03-05T15:00:00Z,900,true,0.919334,0.954190,1.062266,0.374605
N20270305-S001,N20270305,2027-03-06T05:45:00Z,900,true,0.815158,1.000000,1.034981,0.404082
N20270305-S002,N20270305,2027-03-06T06:00:00Z,900,true,0.820809,0.997789,1.056761,0.404307
N20270305-S003,N20270305,2027-03-06T06:15:00Z,900,true,0.830216,0.987260,1.029406,0.384395
N20270305-S004,N20270305,2027-03-06T06:30:00Z,900,true,0.861479,0.967275,1.006683,0.411423
N20270305-S005,N20270305,2027-03-06T06:45:00Z,900,true,0.902656,0.951865,0.990973,0.414846
N20270305-S006,N20270305,2027-03-06T07:00:00Z,900,true,0.816177,0.959064,1.027438,0.393957
N20270305-S007,N20270305,2027-03-06T07:15:00Z,900,true,0.798464,0.949842,1.016654,0.412041
N20270305-S008,N20270305,2027-03-06T07:30:00Z,900,true,0.742682,0.946056,1.030004,0.381998
N20270305-S009,N20270305,2027-03-06T07:45:00Z,900,true,0.719294,0.956576,1.002603,0.416932
N20270305-S010,N20270305,2027-03-06T08:00:00Z,900,true,0.748039,0.948711,1.022688,0.405823
N20270305-S011,N20270305,2027-03-06T08:15:00Z,900,true,0.796441,0.944776,1.043412,0.392628
N20270305-S012,N20270305,2027-03-06T08:30:00Z,900,true,0.823114,0.969532,1.034637,0.410791
N20270305-S013,N20270305,2027-03-06T08:45:00Z,900,true,0.824287,0.968995,1.040044,0.398173
N20270305-S014,N20270305,2027-03-06T09:00:00Z,900,true,0.829008,0.928709,1.048552,0.413322
N20270305-S015,N20270305,2027-03-06T09:15:00Z,900,true,0.841875,0.947509,1.042369,0.414969
N20270305-S016,N20270305,2027-03-06T09:30:00Z,900,true,0.830792,0.968562,1.067250,0.410394
N20270305-S017,N20270305,2027-03-06T09:45:00Z,900,true,0.895631,0.978436,1.057803,0.380687
N20270305-S018,N20270305,2027-03-06T10:00:00Z,900,true,0.899375,0.960246,1.062905,0.398114
N20270305-S019,N20270305,2027-03-06T10:15:00Z,900,true,0.981857,0.967955,1.062794,0.383348
N20270305-S020,N20270305,2027-03-06T10:30:00Z,900,true,0.933645,0.956258,1.067078,0.387521
N20270305-S021,N20270305,2027-03-06T10:45:00Z,900,true,0.920932,0.964134,1.064195,0.399142
N20270305-S022,N20270305,2027-03-06T11:00:00Z,900,true,0.937710,0.976385,1.059768,0.412326
N20270305-S023,N20270305,2027-03-06T11:15:00Z,900,true,0.903944,0.992652,1.066254,0.383062
N20270305-S024,N20270305,2027-03-06T11:30:00Z,900,false,,,,
N20270305-S025,N20270305,2027-03-06T11:45:00Z,900,true,0.814735,1.000000,1.055761,0.414183
N20270305-S026,N20270305,2027-03-06T12:00:00Z,900,true,0.817415,0.992290,1.049225,0.377715
N20270305-S027,N20270305,2027-03-06T12:15:00Z,900,true,0.781860,0.995708,1.047037,0.394063
N20270305-S028,N20270305,2027-03-06T12:30:00Z,900,true,0.765880,0.999155,1.055670,0.400376
N20270305-S029,N20270305,2027-03-06T12:45:00Z,900,true,0.851824,1.000000,1.052572,0.399123
N20270305-S030,N20270305,2027-03-06T13:00:00Z,900,true,0.843698,1.000000,1.044353,0.413926
N20270305-S031,N20270305,2027-03-06T13:15:00Z,900,true,0.906219,1.000000,1.050596,0.403484
N20270305-S032,N20270305,2027-03-06T13:30:00Z,900,true,0.924613,1.000000,1.079380,0.416287
N20270305-S033,N20270305,2027-03-06T13:45:00Z,900,true,0.902870,1.000000,1.083535,0.393155
N20270305-S034,N20270305,2027-03-06T14:00:00Z,900,true,0.923063,1.000000,1.094108,0.388495
N20270305-S035,N20270305,2027-03-06T14:15:00Z,900,true,0.937258,0.998598,1.096031,0.386232
N20270305-S036,N20270305,2027-03-06T14:30:00Z,900,true,0.910377,1.000000,1.084349,0.404646
N20270305-S037,N20270305,2027-03-06T14:45:00Z,900,true,0.887921,0.994386,1.078086,0.407145
N20270305-S038,N20270305,2027-03-06T15:00:00Z,900,true,0.840193,0.981003,1.061083,0.404914
N20270306-S001,N20270306,2027-03-07T05:45:00Z,900,true,0.829731,1.000000,1.099226,0.392902
N20270306-S002,N20270306,2027-03-07T06:00:00Z,900,true,0.857367,0.995534,1.110143,0.391497
N20270306-S003,N20270306,2027-03-07T06:15:00Z,900,true,0.792351,1.000000,1.100095,0.383794
N20270306-S004,N20270306,2027-03-07T06:30:00Z,900,true,0.841766,0.992132,1.117464,0.397018
N20270306-S005,N20270306,2027-03-07T06:45:00Z,900,true,0.853417,0.970283,1.132853,0.411154
N20270306-S006,N20270306,2027-03-07T07:00:00Z,900,true,0.911525,0.949667,1.149160,0.402057
N20270306-S007,N20270306,2027-03-07T07:15:00Z,900,true,0.896577,0.951173,1.157215,0.376941
N20270306-S008,N20270306,2027-03-07T07:30:00Z,900,true,0.910342,0.956938,1.136700,0.417216
N20270306-S009,N20270306,2027-03-07T07:45:00Z,900,true,0.898643,0.976240,1.143422,0.388698
N20270306-S010,N20270306,2027-03-07T08:00:00Z,900,true,0.888998,0.977002,1.171849,0.417507
N20270306-S011,N20270306,2027-03-07T08:15:00Z,900,true,0.939229,0.995075,1.146743,0.417338
N20270306-S012,N20270306,2027-03-07T08:30:00Z,900,true,0.911424,0.994502,1.149793,0.390215
N20270306-S013,N20270306,2027-03-07T08:45:00Z,900,true,0.946186,1.000000,1.123060,0.378990
N20270306-S014,N20270306,2027-03-07T09:00:00Z,900,true,0.887833,1.000000,1.126021,0.377312
N20270306-S015,N20270306,2027-03-07T09:15:00Z,900,true,0.847444,0.992314,1.126136,0.401189
N20270306-S016,N20270306,2027-03-07T09:30:00Z,900,true,0.845703,1.000000,1.114146,0.379459
N20270306-S017,N20270306,2027-03-07T09:45:00Z,900,true,0.847447,1.000000,1.092020,0.415912
N20270306-S018,N20270306,2027-03-07T10:00:00Z,900,true,0.855985,1.000000,1.077059,0.376068
N20270306-S019,N20270306,2027-03-07T10:15:00Z,900,true,0.837241,0.985513,1.056371,0.397996
N20270306-S020,N20270306,2027-03-07T10:30:00Z,900,true,0.803702,0.956939,1.062829,0.383738
N20270306-S021,N20270306,2027-03-07T10:45:00Z,900,true,0.847636,0.951464,1.062007,0.412970
N20270306-S022,N20270306,2027-03-07T11:00:00Z,900,true,0.862619,0.965815,1.051302,0.395159
N20270306-S023,N20270306,2027-03-07T11:15:00Z,900,true,0.830262,0.961791,1.047737,0.394609
N20270306-S024,N20270306,2027-03-07T11:30:00Z,900,true,0.840575,0.963205,1.044256,0.377313
N20270306-S025,N20270306,2027-03-07T11:45:00Z,900,true,0.802126,0.986302,1.046618,0.389799
N20270306-S026,N20270306,2027-03-07T12:00:00Z,900,true,0.798261,0.975466,1.055588,0.397582
N20270306-S027,N20270306,2027-03-07T12:15:00Z,900,true,0.820290,0.968034,1.060671,0.405481
N20270306-S028,N20270306,2027-03-07T12:30:00Z,900,true,0.776166,0.978239,1.067369,0.405042
N20270306-S029,N20270306,2027-03-07T12:45:00Z,900,true,0.760226,0.983976,1.070908,0.394731
N20270306-S030,N20270306,2027-03-07T13:00:00Z,900,true,0.763946,0.988977,1.055909,0.411097
N20270306-S031,N20270306,2027-03-07T13:15:00Z,900,true,0.746874,1.000000,1.063991,0.397548
N20270306-S032,N20270306,2027-03-07T13:30:00Z,900,true,0.795000,0.995065,1.051853,0.412707
N20270306-S033,N20270306,2027-03-07T13:45:00Z,900,true,0.791414,0.982272,1.034797,0.391682
N20270306-S034,N20270306,2027-03-07T14:00:00Z,900,true,0.753988,0.971480,1.049286,0.384875
N20270306-S035,N20270306,2027-03-07T14:15:00Z,900,true,0.773191,0.978226,1.039725,0.414657
N20270306-S036,N20270306,2027-03-07T14:30:00Z,900,true,0.755805,0.998595,1.052086,0.381493
N20270306-S037,N20270306,2027-03-07T14:45:00Z,900,true,0.801311,1.000000,1.041611,0.399768
N20270306-S038,N20270306,2027-03-07T15:00:00Z,900,true,0.801320,0.978982,1.042932,0.385127
N20270307-S001,N20270307,2027-03-08T05:45:00Z,900,true,0.827602,0.998222,1.185792,0.394051
N20270307-S002,N20270307,2027-03-08T06:00:00Z,900,true,0.780976,1.000000,1.183327,0.382799
N20270307-S003,N20270307,2027-03-08T06:15:00Z,900,true,0.761606,0.989548,1.202703,0.402773
N20270307-S004,N20270307,2027-03-08T06:30:00Z,900,true,0.738002,0.977615,1.210018,0.409140
N20270307-S005,N20270307,2027-03-08T06:45:00Z,900,true,0.757656,0.981183,1.211218,0.394513
N20270307-S006,N20270307,2027-03-08T07:00:00Z,900,false,,,,
N20270307-S007,N20270307,2027-03-08T07:15:00Z,900,false,,,,
N20270307-S008,N20270307,2027-03-08T07:30:00Z,900,false,,,,
N20270307-S009,N20270307,2027-03-08T07:45:00Z,900,true,0.840129,0.973917,1.221491,0.404559
N20270307-S010,N20270307,2027-03-08T08:00:00Z,900,true,0.843812,0.971208,1.213828,0.393765
N20270307-S011,N20270307,2027-03-08T08:15:00Z,900,true,0.811823,0.987101,1.216689,0.402415
N20270307-S012,N20270307,2027-03-08T08:30:00Z,900,true,0.750143,1.000000,1.181886,0.398724
N20270307-S013,N20270307,2027-03-08T08:45:00Z,900,false,,,,
N20270307-S014,N20270307,2027-03-08T09:00:00Z,900,true,0.734077,0.983992,1.215114,0.406032
N20270307-S015,N20270307,2027-03-08T09:15:00Z,900,true,0.698040,0.983748,1.224595,0.390718
N20270307-S016,N20270307,2027-03-08T09:30:00Z,900,true,0.656946,0.994232,1.236622,0.406056
N20270307-S017,N20270307,2027-03-08T09:45:00Z,900,true,0.675116,1.000000,1.220744,0.405613
N20270307-S018,N20270307,2027-03-08T10:00:00Z,900,true,0.699654,0.999464,1.242464,0.405084
N20270307-S019,N20270307,2027-03-08T10:15:00Z,900,true,0.717729,0.988175,1.222882,0.392008
N20270307-S020,N20270307,2027-03-08T10:30:00Z,900,true,0.711885,0.979434,1.185510,0.378888
N20270307-S021,N20270307,2027-03-08T10:45:00Z,900,true,0.727384,0.992566,1.157061,0.414237
N20270307-S022,N20270307,2027-03-08T11:00:00Z,900,true,0.708631,0.982525,1.155646,0.416679
N20270307-S023,N20270307,2027-03-08T11:15:00Z,900,true,0.830228,0.979143,1.145604,0.385058
N20270307-S024,N20270307,2027-03-08T11:30:00Z,900,true,0.780634,0.974286,1.142963,0.388514
N20270307-S025,N20270307,2027-03-08T11:45:00Z,900,true,0.928917,0.972209,1.142385,0.395590
N20270307-S026,N20270307,2027-03-08T12:00:00Z,900,true,0.916173,0.967584,1.131980,0.398165
N20270307-S027,N20270307,2027-03-08T12:15:00Z,900,true,0.982637,0.966964,1.130111,0.382525
N20270307-S028,N20270307,2027-03-08T12:30:00Z,900,true,0.939470,0.988173,1.141978,0.389825
N20270307-S029,N20270307,2027-03-08T12:45:00Z,900,true,0.901843,0.988339,1.162359,0.380314
N20270307-S030,N20270307,2027-03-08T13:00:00Z,900,true,0.969610,0.999870,1.197223,0.411243
N20270307-S031,N20270307,2027-03-08T13:15:00Z,900,true,0.971918,1.000000,1.198078,0.379163
N20270307-S032,N20270307,2027-03-08T13:30:00Z,900,true,0.934154,1.000000,1.184453,0.400701
N20270307-S033,N20270307,2027-03-08T13:45:00Z,900,true,0.918571,1.000000,1.176289,0.397946
N20270307-S034,N20270307,2027-03-08T14:00:00Z,900,true,0.924867,0.994510,1.177895,0.393107
N20270307-S035,N20270307,2027-03-08T14:15:00Z,900,true,0.977601,0.984612,1.171825,0.415713
N20270307-S036,N20270307,2027-03-08T14:30:00Z,900,true,0.935870,0.979208,1.159763,0.385495
N20270307-S037,N20270307,2027-03-08T14:45:00Z,900,true,0.913871,0.998193,1.202561,0.407562
N20270307-S038,N20270307,2027-03-08T15:00:00Z,900,true,0.910779,0.992991,1.181277,0.382637
N20270308-S001,N20270308,2027-03-09T05:45:00Z,900,true,1.016371,0.996458,1.110813,0.415461
N20270308-S002,N20270308,2027-03-09T06:00:00Z,900,true,0.942749,0.972970,1.102321,0.399812
N20270308-S003,N20270308,2027-03-09T06:15:00Z,900,true,0.981974,0.972158,1.145270,0.407800
N20270308-S004,N20270308,2027-03-09T06:30:00Z,900,true,0.920506,0.963718,1.156552,0.407772
N20270308-S005,N20270308,2027-03-09T06:45:00Z,900,true,1.010292,0.971631,1.137578,0.391460
N20270308-S006,N20270308,2027-03-09T07:00:00Z,900,true,1.009413,0.966474,1.145648,0.403688
N20270308-S007,N20270308,2027-03-09T07:15:00Z,900,true,1.045075,0.979138,1.129445,0.378089
N20270308-S008,N20270308,2027-03-09T07:30:00Z,900,true,1.033117,0.966456,1.122774,0.405357
N20270308-S009,N20270308,2027-03-09T07:45:00Z,900,true,1.075861,0.973662,1.112597,0.388305
N20270308-S010,N20270308,2027-03-09T08:00:00Z,900,true,1.087454,0.971631,1.102668,0.400134
N20270308-S011,N20270308,2027-03-09T08:15:00Z,900,true,1.082234,0.955227,1.123165,0.400841
N20270308-S012,N20270308,2027-03-09T08:30:00Z,900,true,1.144840,0.961692,1.100844,0.380708
N20270308-S013,N20270308,2027-03-09T08:45:00Z,900,true,1.095762,0.951325,1.081618,0.403115
N20270308-S014,N20270308,2027-03-09T09:00:00Z,900,true,1.017495,0.955882,1.096363,0.377381
N20270308-S015,N20270308,2027-03-09T09:15:00Z,900,true,1.018875,0.962083,1.105326,0.409693
N20270308-S016,N20270308,2027-03-09T09:30:00Z,900,true,1.050686,0.968265,1.105086,0.398403
N20270308-S017,N20270308,2027-03-09T09:45:00Z,900,true,1.027908,0.974961,1.097602,0.386043
N20270308-S018,N20270308,2027-03-09T10:00:00Z,900,true,1.023257,0.974961,1.079420,0.389559
N20270308-S019,N20270308,2027-03-09T10:15:00Z,900,true,1.028041,0.957776,1.086586,0.380545
N20270308-S020,N20270308,2027-03-09T10:30:00Z,900,true,1.028915,0.974961,1.103297,0.397665
N20270308-S021,N20270308,2027-03-09T10:45:00Z,900,true,0.988174,0.974961,1.086951,0.381233
N20270308-S022,N20270308,2027-03-09T11:00:00Z,900,true,0.985656,0.968997,1.101783,0.388229
N20270308-S023,N20270308,2027-03-09T11:15:00Z,900,false,,,,
N20270308-S024,N20270308,2027-03-09T11:30:00Z,900,false,,,,
N20270308-S025,N20270308,2027-03-09T11:45:00Z,900,false,,,,
N20270308-S026,N20270308,2027-03-09T12:00:00Z,900,false,,,,
N20270308-S027,N20270308,2027-03-09T12:15:00Z,900,false,,,,
N20270308-S028,N20270308,2027-03-09T12:30:00Z,900,false,,,,
N20270308-S029,N20270308,2027-03-09T12:45:00Z,900,false,,,,
N20270308-S030,N20270308,2027-03-09T13:00:00Z,900,false,,,,
N20270308-S031,N20270308,2027-03-09T13:15:00Z,900,false,,,,
N20270308-S032,N20270308,2027-03-09T13:30:00Z,900,false,,,,
N20270308-S033,N20270308,2027-03-09T13:45:00Z,900,false,,,,
N20270308-S034,N20270308,2027-03-09T14:00:00Z,900,false,,,,
N20270308-S035,N20270308,2027-03-09T14:15:00Z,900,false,,,,
N20270308-S036,N20270308,2027-03-09T14:30:00Z,900,false,,,,
N20270308-S037,N20270308,2027-03-09T14:45:00Z,900,false,,,,
N20270308-S038,N20270308,2027-03-09T15:00:00Z,900,false,,,,
N20270309-S001,N20270309,2027-03-10T05:45:00Z,900,false,,,,
N20270309-S002,N20270309,2027-03-10T06:00:00Z,900,false,,,,
N20270309-S003,N20270309,2027-03-10T06:15:00Z,900,false,,,,
N20270309-S004,N20270309,2027-03-10T06:30:00Z,900,false,,,,
N20270309-S005,N20270309,2027-03-10T06:45:00Z,900,false,,,,
N20270309-S006,N20270309,2027-03-10T07:00:00Z,900,false,,,,
N20270309-S007,N20270309,2027-03-10T07:15:00Z,900,false,,,,
N20270309-S008,N20270309,2027-03-10T07:30:00Z,900,false,,,,
N20270309-S009,N20270309,2027-03-10T07:45:00Z,900,false,,,,
N20270309-S010,N20270309,2027-03-10T08:00:00Z,900,false,,,,
N20270309-S011,N20270309,2027-03-10T08:15:00Z,900,false,,,,
N20270309-S012,N20270309,2027-03-10T08:30:00Z,900,false,,,,
N20270309-S013,N20270309,2027-03-10T08:45:00Z,900,false,,,,
N20270309-S014,N20270309,2027-03-10T09:00:00Z,900,false,,,,
N20270309-S015,N20270309,2027-03-10T09:15:00Z,900,false,,,,
N20270309-S016,N20270309,2027-03-10T09:30:00Z,900,false,,,,
N20270309-S017,N20270309,2027-03-10T09:45:00Z,900,false,,,,
N20270309-S018,N20270309,2027-03-10T10:00:00Z,900,false,,,,
N20270309-S019,N20270309,2027-03-10T10:15:00Z,900,true,1.013308,0.974961,1.204029,0.402065
N20270309-S020,N20270309,2027-03-10T10:30:00Z,900,true,0.955301,0.960338,1.180947,0.412234
N20270309-S021,N20270309,2027-03-10T10:45:00Z,900,true,0.961422,0.951966,1.195774,0.384970
N20270309-S022,N20270309,2027-03-10T11:00:00Z,900,true,1.017822,0.951358,1.228301,0.414021
N20270309-S023,N20270309,2027-03-10T11:15:00Z,900,true,0.957847,0.966332,1.215367,0.413109
N20270309-S024,N20270309,2027-03-10T11:30:00Z,900,true,1.033583,0.974961,1.197849,0.409254
N20270309-S025,N20270309,2027-03-10T11:45:00Z,900,true,1.028827,0.974961,1.208016,0.415674
N20270309-S026,N20270309,2027-03-10T12:00:00Z,900,true,0.980259,0.974961,1.198538,0.398261
N20270309-S027,N20270309,2027-03-10T12:15:00Z,900,true,1.043087,0.974961,1.201653,0.380123
N20270309-S028,N20270309,2027-03-10T12:30:00Z,900,true,1.006448,0.974961,1.193617,0.410089
N20270309-S029,N20270309,2027-03-10T12:45:00Z,900,true,1.016365,0.968103,1.180162,0.376591
N20270309-S030,N20270309,2027-03-10T13:00:00Z,900,true,1.014184,0.964686,1.168886,0.377512
N20270309-S031,N20270309,2027-03-10T13:15:00Z,900,true,1.023381,0.969208,1.182420,0.412379
N20270309-S032,N20270309,2027-03-10T13:30:00Z,900,true,0.968117,0.957958,1.191124,0.412991
N20270309-S033,N20270309,2027-03-10T13:45:00Z,900,true,0.959658,0.958451,1.174359,0.380556
N20270309-S034,N20270309,2027-03-10T14:00:00Z,900,true,0.947874,0.950026,1.169747,0.402469
N20270309-S035,N20270309,2027-03-10T14:15:00Z,900,true,1.002693,0.946981,1.137856,0.413997
N20270309-S036,N20270309,2027-03-10T14:30:00Z,900,true,1.000182,0.955182,1.146766,0.387192
N20270309-S037,N20270309,2027-03-10T14:45:00Z,900,true,0.975789,0.968512,1.161764,0.399274
N20270309-S038,N20270309,2027-03-10T15:00:00Z,900,true,0.980210,0.956702,1.178320,0.407660
N20270310-S001,N20270310,2027-03-11T05:45:00Z,900,true,0.926580,0.947019,1.139753,0.398310
N20270310-S002,N20270310,2027-03-11T06:00:00Z,900,true,0.962774,0.952019,1.160681,0.378824
N20270310-S003,N20270310,2027-03-11T06:15:00Z,900,true,0.987343,0.949342,1.157532,0.411646
N20270310-S004,N20270310,2027-03-11T06:30:00Z,900,true,0.970211,0.939930,1.147570,0.409068
N20270310-S005,N20270310,2027-03-11T06:45:00Z,900,true,0.880563,0.910674,1.130697,0.379252
N20270310-S006,N20270310,2027-03-11T07:00:00Z,900,true,0.902267,0.926069,1.159824,0.400834
N20270310-S007,N20270310,2027-03-11T07:15:00Z,900,true,0.897709,0.924835,1.171370,0.412237
N20270310-S008,N20270310,2027-03-11T07:30:00Z,900,true,0.918986,0.919474,1.173235,0.391790
N20270310-S009,N20270310,2027-03-11T07:45:00Z,900,true,0.914017,0.920204,1.181606,0.397930
N20270310-S010,N20270310,2027-03-11T08:00:00Z,900,true,0.916986,0.914555,1.207191,0.386054
N20270310-S011,N20270310,2027-03-11T08:15:00Z,900,true,0.904298,0.911594,1.224390,0.398169
N20270310-S012,N20270310,2027-03-11T08:30:00Z,900,true,0.902555,0.890865,1.199695,0.377527
N20270310-S013,N20270310,2027-03-11T08:45:00Z,900,true,0.929132,0.897918,1.158112,0.417268
N20270310-S014,N20270310,2027-03-11T09:00:00Z,900,true,0.930257,0.907995,1.163384,0.412397
N20270310-S015,N20270310,2027-03-11T09:15:00Z,900,true,0.920856,0.911012,1.132943,0.414277
N20270310-S016,N20270310,2027-03-11T09:30:00Z,900,true,0.939430,0.927156,1.099067,0.417396
N20270310-S017,N20270310,2027-03-11T09:45:00Z,900,true,0.991182,0.910778,1.128715,0.410648
N20270310-S018,N20270310,2027-03-11T10:00:00Z,900,true,0.993463,0.927900,1.121210,0.376843
N20270310-S019,N20270310,2027-03-11T10:15:00Z,900,true,0.973647,0.916238,1.131557,0.416561
N20270310-S020,N20270310,2027-03-11T10:30:00Z,900,true,1.003401,0.900797,1.138370,0.408140
N20270310-S021,N20270310,2027-03-11T10:45:00Z,900,true,0.989183,0.886725,1.140840,0.382572
N20270310-S022,N20270310,2027-03-11T11:00:00Z,900,true,0.961210,0.879261,1.159130,0.405265
N20270310-S023,N20270310,2027-03-11T11:15:00Z,900,true,0.916746,0.870502,1.139739,0.416402
N20270310-S024,N20270310,2027-03-11T11:30:00Z,900,true,0.893805,0.876944,1.111766,0.400310
N20270310-S025,N20270310,2027-03-11T11:45:00Z,900,true,0.922673,0.873774,1.112894,0.404840
N20270310-S026,N20270310,2027-03-11T12:00:00Z,900,true,0.875099,0.892476,1.118923,0.411464
N20270310-S027,N20270310,2027-03-11T12:15:00Z,900,true,0.859012,0.912585,1.124262,0.408718
N20270310-S028,N20270310,2027-03-11T12:30:00Z,900,true,0.871837,0.928488,1.150419,0.410973
N20270310-S029,N20270310,2027-03-11T12:45:00Z,900,true,0.944229,0.937433,1.146346,0.389773
N20270310-S030,N20270310,2027-03-11T13:00:00Z,900,true,0.941473,0.923629,1.143522,0.397902
N20270310-S031,N20270310,2027-03-11T13:15:00Z,900,true,0.978212,0.924150,1.123037,0.411700
N20270310-S032,N20270310,2027-03-11T13:30:00Z,900,true,0.972078,0.934619,1.138528,0.401883
N20270310-S033,N20270310,2027-03-11T13:45:00Z,900,false,,,,
N20270310-S034,N20270310,2027-03-11T14:00:00Z,900,true,0.959505,0.941741,1.129837,0.376402
N20270310-S035,N20270310,2027-03-11T14:15:00Z,900,true,0.913096,0.936516,1.134039,0.405596
N20270310-S036,N20270310,2027-03-11T14:30:00Z,900,true,0.891739,0.936929,1.134046,0.397507
N20270310-S037,N20270310,2027-03-11T14:45:00Z,900,true,0.917580,0.936192,1.120553,0.390182
N20270310-S038,N20270310,2027-03-11T15:00:00Z,900,true,0.882309,0.939593,1.086405,0.394843
N20270311-S001,N20270311,2027-03-12T05:45:00Z,900,true,0.908803,0.928244,1.187268,0.410324
N20270311-S002,N20270311,2027-03-12T06:00:00Z,900,true,0.925092,0.947724,1.174691,0.407411
N20270311-S003,N20270311,2027-03-12T06:15:00Z,900,true,0.953798,0.943415,1.163164,0.382979
N20270311-S004,N20270311,2027-03-12T06:30:00Z,900,true,0.943180,0.949951,1.125419,0.377336
N20270311-S005,N20270311,2027-03-12T06:45:00Z,900,true,0.938082,0.927421,1.123066,0.410104
N20270311-S006,N20270311,2027-03-12T07:00:00Z,900,true,0.908119,0.930641,1.121822,0.405341
N20270311-S007,N20270311,2027-03-12T07:15:00Z,900,true,0.915513,0.940932,1.118361,0.412057
N20270311-S008,N20270311,2027-03-12T07:30:00Z,900,true,0.873023,0.956306,1.103335,0.416571
N20270311-S009,N20270311,2027-03-12T07:45:00Z,900,true,0.873966,0.965239,1.111861,0.413062
N20270311-S010,N20270311,2027-03-12T08:00:00Z,900,true,0.868359,0.967618,1.101331,0.383890
N20270311-S011,N20270311,2027-03-12T08:15:00Z,900,true,0.906670,0.963817,1.064195,0.401209
N20270311-S012,N20270311,2027-03-12T08:30:00Z,900,true,0.898037,0.955703,1.072529,0.389186
N20270311-S013,N20270311,2027-03-12T08:45:00Z,900,true,0.903770,0.957758,1.092668,0.394287
N20270311-S014,N20270311,2027-03-12T09:00:00Z,900,true,0.898783,0.948597,1.098013,0.400569
N20270311-S015,N20270311,2027-03-12T09:15:00Z,900,true,0.870162,0.942218,1.088060,0.398255
N20270311-S016,N20270311,2027-03-12T09:30:00Z,900,true,0.907709,0.930264,1.079665,0.399112
N20270311-S017,N20270311,2027-03-12T09:45:00Z,900,true,0.891387,0.929584,1.092194,0.391182
N20270311-S018,N20270311,2027-03-12T10:00:00Z,900,true,0.930646,0.941774,1.061536,0.382319
N20270311-S019,N20270311,2027-03-12T10:15:00Z,900,true,0.942618,0.938223,1.059319,0.400722
N20270311-S020,N20270311,2027-03-12T10:30:00Z,900,true,0.959565,0.931890,1.086354,0.416477
N20270311-S021,N20270311,2027-03-12T10:45:00Z,900,true,0.973095,0.939182,1.105708,0.378040
N20270311-S022,N20270311,2027-03-12T11:00:00Z,900,true,0.938646,0.927477,1.117308,0.414261
N20270311-S023,N20270311,2027-03-12T11:15:00Z,900,true,0.918253,0.937308,1.119662,0.387899
N20270311-S024,N20270311,2027-03-12T11:30:00Z,900,true,0.909288,0.936654,1.127552,0.384762
N20270311-S025,N20270311,2027-03-12T11:45:00Z,900,true,0.911059,0.946579,1.151329,0.403257
N20270311-S026,N20270311,2027-03-12T12:00:00Z,900,true,0.876252,0.922868,1.139144,0.384168
N20270311-S027,N20270311,2027-03-12T12:15:00Z,900,true,0.866000,0.914481,1.131702,0.416511
N20270311-S028,N20270311,2027-03-12T12:30:00Z,900,true,0.871260,0.909972,1.100504,0.407664
N20270311-S029,N20270311,2027-03-12T12:45:00Z,900,true,0.853257,0.911388,1.108878,0.389620
N20270311-S030,N20270311,2027-03-12T13:00:00Z,900,true,0.809144,0.922520,1.108567,0.379986
N20270311-S031,N20270311,2027-03-12T13:15:00Z,900,true,0.766884,0.919643,1.118627,0.383262
N20270311-S032,N20270311,2027-03-12T13:30:00Z,900,true,0.785599,0.923561,1.101645,0.401206
N20270311-S033,N20270311,2027-03-12T13:45:00Z,900,true,0.761814,0.914469,1.122338,0.407851
N20270311-S034,N20270311,2027-03-12T14:00:00Z,900,true,0.759169,0.901863,1.129947,0.391052
N20270311-S035,N20270311,2027-03-12T14:15:00Z,900,true,0.694289,0.923837,1.110699,0.408246
N20270311-S036,N20270311,2027-03-12T14:30:00Z,900,true,0.663003,0.937476,1.086214,0.414376
N20270311-S037,N20270311,2027-03-12T14:45:00Z,900,true,0.711305,0.936688,1.060415,0.380256
N20270311-S038,N20270311,2027-03-12T15:00:00Z,900,true,0.701369,0.924132,1.077177,0.407375
N20270312-S001,N20270312,2027-03-13T05:45:00Z,900,true,0.965898,0.891778,1.080263,0.387479
N20270312-S002,N20270312,2027-03-13T06:00:00Z,900,true,0.976121,0.911094,1.079797,0.416010
N20270312-S003,N20270312,2027-03-13T06:15:00Z,900,true,1.035820,0.918561,1.074616,0.389636
N20270312-S004,N20270312,2027-03-13T06:30:00Z,900,true,1.030920,0.905763,1.073405,0.416635
N20270312-S005,N20270312,2027-03-13T06:45:00Z,900,true,1.006760,0.917999,1.059512,0.401503
N20270312-S006,N20270312,2027-03-13T07:00:00Z,900,true,1.008819,0.907074,1.053409,0.400644
N20270312-S007,N20270312,2027-03-13T07:15:00Z,900,true,1.073777,0.892843,1.039678,0.391868
N20270312-S008,N20270312,2027-03-13T07:30:00Z,900,true,1.078073,0.911149,1.052038,0.413213
N20270312-S009,N20270312,2027-03-13T07:45:00Z,900,true,1.080171,0.919532,1.070226,0.387836
N20270312-S010,N20270312,2027-03-13T08:00:00Z,900,true,1.019437,0.921151,1.082741,0.395103
N20270312-S011,N20270312,2027-03-13T08:15:00Z,900,true,0.995694,0.920409,1.097469,0.399490
N20270312-S012,N20270312,2027-03-13T08:30:00Z,900,true,0.998449,0.908731,1.096208,0.380120
N20270312-S013,N20270312,2027-03-13T08:45:00Z,900,true,0.960159,0.898465,1.065380,0.385057
N20270312-S014,N20270312,2027-03-13T09:00:00Z,900,true,1.006296,0.902581,1.028840,0.403652
N20270312-S015,N20270312,2027-03-13T09:15:00Z,900,true,1.030459,0.915141,1.026015,0.413666
N20270312-S016,N20270312,2027-03-13T09:30:00Z,900,true,1.054451,0.897523,1.020204,0.386789
N20270312-S017,N20270312,2027-03-13T09:45:00Z,900,true,1.025945,0.888495,1.027014,0.385207
N20270312-S018,N20270312,2027-03-13T10:00:00Z,900,true,1.056148,0.899108,1.061492,0.401143
N20270312-S019,N20270312,2027-03-13T10:15:00Z,900,true,1.029519,0.926405,1.074641,0.409205
N20270312-S020,N20270312,2027-03-13T10:30:00Z,900,true,1.108501,0.923252,1.068001,0.404310
N20270312-S021,N20270312,2027-03-13T10:45:00Z,900,true,1.066486,0.928706,1.078447,0.396875
N20270312-S022,N20270312,2027-03-13T11:00:00Z,900,true,1.101046,0.923718,1.076862,0.410987
N20270312-S023,N20270312,2027-03-13T11:15:00Z,900,true,1.059701,0.926107,1.076764,0.408311
N20270312-S024,N20270312,2027-03-13T11:30:00Z,900,true,1.026642,0.934134,1.105998,0.384025
N20270312-S025,N20270312,2027-03-13T11:45:00Z,900,true,1.054605,0.925667,1.131594,0.405894
N20270312-S026,N20270312,2027-03-13T12:00:00Z,900,true,1.088932,0.930510,1.151930,0.391129
N20270312-S027,N20270312,2027-03-13T12:15:00Z,900,true,1.078200,0.939553,1.177390,0.405353
N20270312-S028,N20270312,2027-03-13T12:30:00Z,900,true,1.053994,0.955097,1.145510,0.389454
N20270312-S029,N20270312,2027-03-13T12:45:00Z,900,true,1.054741,0.939283,1.141409,0.397833
N20270312-S030,N20270312,2027-03-13T13:00:00Z,900,true,1.106372,0.925933,1.138672,0.381586
N20270312-S031,N20270312,2027-03-13T13:15:00Z,900,true,1.060282,0.920050,1.103347,0.381208
N20270312-S032,N20270312,2027-03-13T13:30:00Z,900,true,1.112261,0.927197,1.108846,0.381890
N20270312-S033,N20270312,2027-03-13T13:45:00Z,900,true,1.109713,0.922151,1.101395,0.396144
N20270312-S034,N20270312,2027-03-13T14:00:00Z,900,true,1.118884,0.919382,1.092632,0.411723
N20270312-S035,N20270312,2027-03-13T14:15:00Z,900,true,1.107378,0.919444,1.098382,0.392785
N20270312-S036,N20270312,2027-03-13T14:30:00Z,900,true,1.108135,0.912553,1.101849,0.393454
N20270312-S037,N20270312,2027-03-13T14:45:00Z,900,true,1.086443,0.902111,1.106318,0.381217
N20270312-S038,N20270312,2027-03-13T15:00:00Z,900,true,1.056123,0.925052,1.082540,0.385598
N20270313-S001,N20270313,2027-03-14T05:45:00Z,900,true,1.043514,0.935562,1.079762,0.392311
N20270313-S002,N20270313,2027-03-14T06:00:00Z,900,true,1.052939,0.946666,1.081010,0.382707
N20270313-S003,N20270313,2027-03-14T06:15:00Z,900,true,0.997655,0.943710,1.065982,0.416693
N20270313-S004,N20270313,2027-03-14T06:30:00Z,900,true,1.030546,0.925355,1.075062,0.379417
N20270313-S005,N20270313,2027-03-14T06:45:00Z,900,true,1.060127,0.925704,1.061461,0.402679
N20270313-S006,N20270313,2027-03-14T07:00:00Z,900,true,1.017539,0.923231,1.067060,0.411080
N20270313-S007,N20270313,2027-03-14T07:15:00Z,900,true,0.988197,0.938184,1.074457,0.377044
N20270313-S008,N20270313,2027-03-14T07:30:00Z,900,true,0.942900,0.932421,1.073550,0.406856
N20270313-S009,N20270313,2027-03-14T07:45:00Z,900,true,1.000247,0.958504,1.068405,0.389649
N20270313-S010,N20270313,2027-03-14T08:00:00Z,900,true,0.987209,0.973540,1.072299,0.377476
N20270313-S011,N20270313,2027-03-14T08:15:00Z,900,true,1.036001,0.979942,1.054313,0.415813
N20270313-S012,N20270313,2027-03-14T08:30:00Z,900,true,1.010913,0.962288,1.057334,0.389970
N20270313-S013,N20270313,2027-03-14T08:45:00Z,900,true,0.970574,0.989335,1.059140,0.409195
N20270313-S014,N20270313,2027-03-14T09:00:00Z,900,true,1.003608,0.988729,1.065345,0.409789
N20270313-S015,N20270313,2027-03-14T09:15:00Z,900,true,1.058602,0.967555,1.071710,0.377690
N20270313-S016,N20270313,2027-03-14T09:30:00Z,900,true,1.066943,0.968841,1.079649,0.399756
N20270313-S017,N20270313,2027-03-14T09:45:00Z,900,true,1.071244,0.963165,1.080286,0.391951
N20270313-S018,N20270313,2027-03-14T10:00:00Z,900,true,1.038520,0.948757,1.058681,0.384946
N20270313-S019,N20270313,2027-03-14T10:15:00Z,900,true,1.032777,0.944965,1.066924,0.380431
N20270313-S020,N20270313,2027-03-14T10:30:00Z,900,true,1.027893,0.940652,1.099350,0.377030
N20270313-S021,N20270313,2027-03-14T10:45:00Z,900,true,1.029353,0.938705,1.090508,0.379116
N20270313-S022,N20270313,2027-03-14T11:00:00Z,900,true,1.043646,0.951110,1.087417,0.391760
N20270313-S023,N20270313,2027-03-14T11:15:00Z,900,true,1.065631,0.948684,1.113052,0.412276
N20270313-S024,N20270313,2027-03-14T11:30:00Z,900,true,1.001065,0.934736,1.074028,0.387141
N20270313-S025,N20270313,2027-03-14T11:45:00Z,900,true,1.024202,0.939248,1.076121,0.390564
N20270313-S026,N20270313,2027-03-14T12:00:00Z,900,true,0.981321,0.929165,1.067371,0.416833
N20270313-S027,N20270313,2027-03-14T12:15:00Z,900,true,0.927120,0.930810,1.067694,0.407910
N20270313-S028,N20270313,2027-03-14T12:30:00Z,900,true,0.978768,0.945054,1.096938,0.399024
N20270313-S029,N20270313,2027-03-14T12:45:00Z,900,true,1.054702,0.957928,1.082076,0.395465
N20270313-S030,N20270313,2027-03-14T13:00:00Z,900,true,1.049526,0.995959,1.094467,0.389667
N20270313-S031,N20270313,2027-03-14T13:15:00Z,900,true,1.066319,0.992076,1.106055,0.392844
N20270313-S032,N20270313,2027-03-14T13:30:00Z,900,true,1.102836,0.986093,1.117019,0.401275
N20270313-S033,N20270313,2027-03-14T13:45:00Z,900,true,1.087671,0.985076,1.139192,0.415519
N20270313-S034,N20270313,2027-03-14T14:00:00Z,900,true,1.124815,0.980174,1.133671,0.399603
N20270313-S035,N20270313,2027-03-14T14:15:00Z,900,true,1.142497,0.974479,1.139525,0.400576
N20270313-S036,N20270313,2027-03-14T14:30:00Z,900,true,1.060039,0.974758,1.156526,0.411683
N20270313-S037,N20270313,2027-03-14T14:45:00Z,900,true,1.070178,0.969643,1.155934,0.380059
N20270313-S038,N20270313,2027-03-14T15:00:00Z,900,true,1.075765,0.965844,1.159714,0.385575
N20270314-S001,N20270314,2027-03-15T05:45:00Z,900,true,1.012983,0.925213,1.091102,0.385445
N20270314-S002,N20270314,2027-03-15T06:00:00Z,900,true,0.980678,0.932783,1.082815,0.392999
N20270314-S003,N20270314,2027-03-15T06:15:00Z,900,true,0.956346,0.942284,1.076972,0.389297
N20270314-S004,N20270314,2027-03-15T06:30:00Z,900,false,,,,
N20270314-S005,N20270314,2027-03-15T06:45:00Z,900,false,,,,
N20270314-S006,N20270314,2027-03-15T07:00:00Z,900,true,0.970844,0.908320,1.087446,0.387874
N20270314-S007,N20270314,2027-03-15T07:15:00Z,900,true,0.984709,0.930345,1.097469,0.405297
N20270314-S008,N20270314,2027-03-15T07:30:00Z,900,true,0.994927,0.935207,1.067533,0.400921
N20270314-S009,N20270314,2027-03-15T07:45:00Z,900,true,0.988259,0.928796,1.066908,0.406248
N20270314-S010,N20270314,2027-03-15T08:00:00Z,900,true,0.966932,0.913803,1.067674,0.403500
N20270314-S011,N20270314,2027-03-15T08:15:00Z,900,true,0.955058,0.921327,1.065183,0.381329
N20270314-S012,N20270314,2027-03-15T08:30:00Z,900,true,0.949195,0.914381,1.040311,0.413810
N20270314-S013,N20270314,2027-03-15T08:45:00Z,900,true,0.922033,0.902290,1.034187,0.412387
N20270314-S014,N20270314,2027-03-15T09:00:00Z,900,true,1.003172,0.929901,1.037157,0.396322
N20270314-S015,N20270314,2027-03-15T09:15:00Z,900,true,0.988279,0.942326,1.032952,0.380269
N20270314-S016,N20270314,2027-03-15T09:30:00Z,900,true,1.022055,0.952075,1.051357,0.386927
N20270314-S017,N20270314,2027-03-15T09:45:00Z,900,true,1.022694,0.957648,1.059857,0.394380
N20270314-S018,N20270314,2027-03-15T10:00:00Z,900,true,1.027635,0.944240,1.045245,0.380106
N20270314-S019,N20270314,2027-03-15T10:15:00Z,900,true,1.043924,0.956723,1.032948,0.385154
N20270314-S020,N20270314,2027-03-15T10:30:00Z,900,true,1.050688,0.964589,1.040102,0.416030
N20270314-S021,N20270314,2027-03-15T10:45:00Z,900,true,0.995153,0.954871,1.053116,0.383068
N20270314-S022,N20270314,2027-03-15T11:00:00Z,900,true,1.011752,0.970998,1.044086,0.411875
N20270314-S023,N20270314,2027-03-15T11:15:00Z,900,true,1.021963,0.983649,1.063812,0.380251
N20270314-S024,N20270314,2027-03-15T11:30:00Z,900,true,0.984615,0.976870,1.053603,0.395512
N20270314-S025,N20270314,2027-03-15T11:45:00Z,900,true,0.954799,0.991086,1.050523,0.405699
N20270314-S026,N20270314,2027-03-15T12:00:00Z,900,true,1.016983,0.994584,1.044525,0.397202
N20270314-S027,N20270314,2027-03-15T12:15:00Z,900,true,1.063512,1.000000,1.057806,0.382681
N20270314-S028,N20270314,2027-03-15T12:30:00Z,900,true,1.041094,1.000000,1.056479,0.400017
N20270314-S029,N20270314,2027-03-15T12:45:00Z,900,true,1.072123,0.989585,1.081186,0.409048
N20270314-S030,N20270314,2027-03-15T13:00:00Z,900,true,1.115610,0.983053,1.077061,0.407113
N20270314-S031,N20270314,2027-03-15T13:15:00Z,900,true,1.092388,0.971594,1.098874,0.381411
N20270314-S032,N20270314,2027-03-15T13:30:00Z,900,true,1.120560,0.975086,1.111798,0.404898
N20270314-S033,N20270314,2027-03-15T13:45:00Z,900,true,1.157413,0.978783,1.121204,0.400766
N20270314-S034,N20270314,2027-03-15T14:00:00Z,900,true,1.118898,0.956929,1.097738,0.390316
N20270314-S035,N20270314,2027-03-15T14:15:00Z,900,true,1.117439,0.932886,1.108174,0.386686
N20270314-S036,N20270314,2027-03-15T14:30:00Z,900,true,1.067598,0.930105,1.095223,0.387611
N20270314-S037,N20270314,2027-03-15T14:45:00Z,900,true,1.001506,0.930264,1.111586,0.406759
N20270314-S038,N20270314,2027-03-15T15:00:00Z,900,true,1.008273,0.936721,1.086366,0.397587
N20270315-S001,N20270315,2027-03-16T05:45:00Z,900,true,0.960366,0.941177,1.037252,0.399834
N20270315-S002,N20270315,2027-03-16T06:00:00Z,900,true,1.012496,0.940697,1.044958,0.403477
N20270315-S003,N20270315,2027-03-16T06:15:00Z,900,true,1.014243,0.950638,1.042694,0.407798
N20270315-S004,N20270315,2027-03-16T06:30:00Z,900,true,1.006766,0.930355,1.056352,0.402750
N20270315-S005,N20270315,2027-03-16T06:45:00Z,900,true,1.045396,0.936651,1.033802,0.414338
N20270315-S006,N20270315,2027-03-16T07:00:00Z,900,true,1.009855,0.935467,1.032014,0.385234
N20270315-S007,N20270315,2027-03-16T07:15:00Z,900,true,1.022901,0.921840,1.027552,0.379836
N20270315-S008,N20270315,2027-03-16T07:30:00Z,900,true,1.063999,0.921009,1.018323,0.384225
N20270315-S009,N20270315,2027-03-16T07:45:00Z,900,true,1.058227,0.918198,0.993050,0.387585
N20270315-S010,N20270315,2027-03-16T08:00:00Z,900,true,1.005505,0.915896,0.987185,0.390706
N20270315-S011,N20270315,2027-03-16T08:15:00Z,900,true,1.021154,0.915656,0.984620,0.393847
N20270315-S012,N20270315,2027-03-16T08:30:00Z,900,true,1.045869,0.889605,0.973894,0.392280
N20270315-S013,N20270315,2027-03-16T08:45:00Z,900,true,0.967512,0.893654,0.992121,0.414362
N20270315-S014,N20270315,2027-03-16T09:00:00Z,900,true,0.887320,0.919601,0.999155,0.399802
N20270315-S015,N20270315,2027-03-16T09:15:00Z,900,true,0.898628,0.930161,0.989789,0.388022
N20270315-S016,N20270315,2027-03-16T09:30:00Z,900,true,0.857662,0.924031,0.980892,0.394279
N20270315-S017,N20270315,2027-03-16T09:45:00Z,900,true,0.923335,0.929145,0.954244,0.405624
N20270315-S018,N20270315,2027-03-16T10:00:00Z,900,true,0.899832,0.922499,0.967152,0.401981
N20270315-S019,N20270315,2027-03-16T10:15:00Z,900,true,0.947240,0.951251,0.956906,0.385221
N20270315-S020,N20270315,2027-03-16T10:30:00Z,900,true,0.916638,0.971704,0.966797,0.388963
N20270315-S021,N20270315,2027-03-16T10:45:00Z,900,true,0.942207,0.993096,0.998564,0.412327
N20270315-S022,N20270315,2027-03-16T11:00:00Z,900,true,0.954316,0.986069,0.986217,0.412418
N20270315-S023,N20270315,2027-03-16T11:15:00Z,900,true,0.948716,0.977245,0.968193,0.412859
N20270315-S024,N20270315,2027-03-16T11:30:00Z,900,true,0.922717,0.974850,0.975170,0.417145
N20270315-S025,N20270315,2027-03-16T11:45:00Z,900,true,0.876481,0.997616,0.982349,0.414934
N20270315-S026,N20270315,2027-03-16T12:00:00Z,900,true,0.935875,0.977750,0.997915,0.394686
N20270315-S027,N20270315,2027-03-16T12:15:00Z,900,true,0.905879,0.973818,0.992986,0.414634
N20270315-S028,N20270315,2027-03-16T12:30:00Z,900,true,0.878117,0.943464,1.014179,0.376173
N20270315-S029,N20270315,2027-03-16T12:45:00Z,900,true,0.888157,0.970290,1.033012,0.411096
N20270315-S030,N20270315,2027-03-16T13:00:00Z,900,true,0.922244,0.952615,1.025598,0.377334
N20270315-S031,N20270315,2027-03-16T13:15:00Z,900,false,,,,
N20270315-S032,N20270315,2027-03-16T13:30:00Z,900,false,,,,
N20270315-S033,N20270315,2027-03-16T13:45:00Z,900,false,,,,
N20270315-S034,N20270315,2027-03-16T14:00:00Z,900,false,,,,
N20270315-S035,N20270315,2027-03-16T14:15:00Z,900,false,,,,
N20270315-S036,N20270315,2027-03-16T14:30:00Z,900,false,,,,
N20270315-S037,N20270315,2027-03-16T14:45:00Z,900,false,,,,
N20270315-S038,N20270315,2027-03-16T15:00:00Z,900,false,,,,
N20270316-S001,N20270316,2027-03-17T05:45:00Z,900,false,,,,
N20270316-S002,N20270316,2027-03-17T06:00:00Z,900,false,,,,
N20270316-S003,N20270316,2027-03-17T06:15:00Z,900,false,,,,
N20270316-S004,N20270316,2027-03-17T06:30:00Z,900,false,,,,
N20270316-S005,N20270316,2027-03-17T06:45:00Z,900,false,,,,
N20270316-S006,N20270316,2027-03-17T07:00:00Z,900,false,,,,
N20270316-S007,N20270316,2027-03-17T07:15:00Z,900,false,,,,
N20270316-S008,N20270316,2027-03-17T07:30:00Z,900,false,,,,
N20270316-S009,N20270316,2027-03-17T07:45:00Z,900,false,,,,
N20270316-S010,N20270316,2027-03-17T08:00:00Z,900,false,,,,
N20270316-S011,N20270316,2027-03-17T08:15:00Z,900,false,,,,
N20270316-S012,N20270316,2027-03-17T08:30:00Z,900,false,,,,
N20270316-S013,N20270316,2027-03-17T08:45:00Z,900,false,,,,
N20270316-S014,N20270316,2027-03-17T09:00:00Z,900,false,,,,
N20270316-S015,N20270316,2027-03-17T09:15:00Z,900,false,,,,
N20270316-S016,N20270316,2027-03-17T09:30:00Z,900,false,,,,
N20270316-S017,N20270316,2027-03-17T09:45:00Z,900,false,,,,
N20270316-S018,N20270316,2027-03-17T10:00:00Z,900,false,,,,
N20270316-S019,N20270316,2027-03-17T10:15:00Z,900,false,,,,
N20270316-S020,N20270316,2027-03-17T10:30:00Z,900,false,,,,
N20270316-S021,N20270316,2027-03-17T10:45:00Z,900,false,,,,
N20270316-S022,N20270316,2027-03-17T11:00:00Z,900,false,,,,
N20270316-S023,N20270316,2027-03-17T11:15:00Z,900,false,,,,
N20270316-S024,N20270316,2027-03-17T11:30:00Z,900,false,,,,
N20270316-S025,N20270316,2027-03-17T11:45:00Z,900,false,,,,
N20270316-S026,N20270316,2027-03-17T12:00:00Z,900,false,,,,
N20270316-S027,N20270316,2027-03-17T12:15:00Z,900,false,,,,
N20270316-S028,N20270316,2027-03-17T12:30:00Z,900,true,1.192570,0.999880,1.153023,0.383407
N20270316-S029,N20270316,2027-03-17T12:45:00Z,900,true,1.231175,0.995837,1.159745,0.400845
N20270316-S030,N20270316,2027-03-17T13:00:00Z,900,true,1.195042,1.000000,1.129927,0.406125
N20270316-S031,N20270316,2027-03-17T13:15:00Z,900,true,1.187689,1.000000,1.145463,0.381573
N20270316-S032,N20270316,2027-03-17T13:30:00Z,900,true,1.159083,1.000000,1.143071,0.404220
N20270316-S033,N20270316,2027-03-17T13:45:00Z,900,true,1.103047,0.993774,1.166884,0.387249
N20270316-S034,N20270316,2027-03-17T14:00:00Z,900,true,1.086262,0.990248,1.196302,0.381283
N20270316-S035,N20270316,2027-03-17T14:15:00Z,900,true,1.125990,1.000000,1.181738,0.403703
N20270316-S036,N20270316,2027-03-17T14:30:00Z,900,true,1.094829,1.000000,1.178845,0.403029
N20270316-S037,N20270316,2027-03-17T14:45:00Z,900,true,1.006996,0.994778,1.200596,0.408029
N20270316-S038,N20270316,2027-03-17T15:00:00Z,900,true,1.010715,0.991386,1.208510,0.417258
N20270317-S001,N20270317,2027-03-18T06:00:00Z,900,true,1.124153,0.975083,1.181660,0.392716
N20270317-S002,N20270317,2027-03-18T06:15:00Z,900,true,1.107864,0.976997,1.190945,0.411834
N20270317-S003,N20270317,2027-03-18T06:30:00Z,900,true,1.102577,0.978725,1.190747,0.394585
N20270317-S004,N20270317,2027-03-18T06:45:00Z,900,true,1.108161,0.972154,1.162170,0.379778
N20270317-S005,N20270317,2027-03-18T07:00:00Z,900,true,1.099125,0.954031,1.157511,0.390122
N20270317-S006,N20270317,2027-03-18T07:15:00Z,900,false,,,,
N20270317-S007,N20270317,2027-03-18T07:30:00Z,900,false,,,,
N20270317-S008,N20270317,2027-03-18T07:45:00Z,900,false,,,,
N20270317-S009,N20270317,2027-03-18T08:00:00Z,900,false,,,,
N20270317-S010,N20270317,2027-03-18T08:15:00Z,900,false,,,,
N20270317-S011,N20270317,2027-03-18T08:30:00Z,900,true,1.106684,0.935877,1.134795,0.391474
N20270317-S012,N20270317,2027-03-18T08:45:00Z,900,true,1.109240,0.947763,1.133972,0.382647
N20270317-S013,N20270317,2027-03-18T09:00:00Z,900,true,1.118007,0.942459,1.168546,0.379701
N20270317-S014,N20270317,2027-03-18T09:15:00Z,900,true,1.128912,0.933703,1.162109,0.403132
N20270317-S015,N20270317,2027-03-18T09:30:00Z,900,true,1.095294,0.931622,1.162919,0.393897
N20270317-S016,N20270317,2027-03-18T09:45:00Z,900,true,1.103976,0.942358,1.178913,0.377386
N20270317-S017,N20270317,2027-03-18T10:00:00Z,900,true,1.150700,0.964311,1.148732,0.389523
N20270317-S018,N20270317,2027-03-18T10:15:00Z,900,true,1.144403,0.969053,1.191228,0.410961
N20270317-S019,N20270317,2027-03-18T10:30:00Z,900,true,1.121639,0.961990,1.175951,0.406816
N20270317-S020,N20270317,2027-03-18T10:45:00Z,900,true,1.090096,0.958113,1.193393,0.376090
N20270317-S021,N20270317,2027-03-18T11:00:00Z,900,true,1.047080,0.973729,1.223961,0.411483
N20270317-S022,N20270317,2027-03-18T11:15:00Z,900,true,1.011417,0.974507,1.213295,0.401600
N20270317-S023,N20270317,2027-03-18T11:30:00Z,900,true,1.018753,0.987974,1.205303,0.377486
N20270317-S024,N20270317,2027-03-18T11:45:00Z,900,true,0.996292,0.970751,1.222291,0.386537
N20270317-S025,N20270317,2027-03-18T12:00:00Z,900,true,0.997424,0.949799,1.238010,0.392675
N20270317-S026,N20270317,2027-03-18T12:15:00Z,900,true,0.952867,0.969834,1.223767,0.400786
N20270317-S027,N20270317,2027-03-18T12:30:00Z,900,true,0.936587,0.968938,1.196870,0.403826
N20270317-S028,N20270317,2027-03-18T12:45:00Z,900,true,0.884138,0.982963,1.176821,0.408609
N20270317-S029,N20270317,2027-03-18T13:00:00Z,900,true,0.933156,0.979573,1.145183,0.392574
N20270317-S030,N20270317,2027-03-18T13:15:00Z,900,true,0.960793,0.969280,1.163006,0.412710
N20270317-S031,N20270317,2027-03-18T13:30:00Z,900,true,0.959967,0.981687,1.177598,0.397397
N20270317-S032,N20270317,2027-03-18T13:45:00Z,900,true,0.950861,0.986150,1.203063,0.394622
N20270317-S033,N20270317,2027-03-18T14:00:00Z,900,true,0.936594,0.974347,1.188517,0.402135
N20270317-S034,N20270317,2027-03-18T14:15:00Z,900,true,0.928768,0.988849,1.192125,0.398780
N20270317-S035,N20270317,2027-03-18T14:30:00Z,900,true,0.943205,0.956666,1.182036,0.412256
N20270317-S036,N20270317,2027-03-18T14:45:00Z,900,true,0.977594,0.976117,1.159262,0.413511
N20270318-S001,N20270318,2027-03-19T06:00:00Z,900,true,1.146917,1.000000,1.205197,0.405869
N20270318-S002,N20270318,2027-03-19T06:15:00Z,900,true,1.118035,1.000000,1.219037,0.378640
N20270318-S003,N20270318,2027-03-19T06:30:00Z,900,true,1.149294,1.000000,1.240543,0.416357
N20270318-S004,N20270318,2027-03-19T06:45:00Z,900,true,1.193024,1.000000,1.233737,0.402306
N20270318-S005,N20270318,2027-03-19T07:00:00Z,900,true,1.173485,1.000000,1.223159,0.400352
N20270318-S006,N20270318,2027-03-19T07:15:00Z,900,true,1.139682,1.000000,1.249644,0.376810
N20270318-S007,N20270318,2027-03-19T07:30:00Z,900,true,1.122313,1.000000,1.251891,0.399997
N20270318-S008,N20270318,2027-03-19T07:45:00Z,900,true,1.117184,0.989484,1.218080,0.390435
N20270318-S009,N20270318,2027-03-19T08:00:00Z,900,true,1.090675,0.974723,1.193192,0.396405
N20270318-S010,N20270318,2027-03-19T08:15:00Z,900,true,1.099271,0.978276,1.195487,0.383710
N20270318-S011,N20270318,2027-03-19T08:30:00Z,900,true,1.141109,0.979915,1.204397,0.403070
N20270318-S012,N20270318,2027-03-19T08:45:00Z,900,true,1.154369,0.979135,1.181303,0.391281
N20270318-S013,N20270318,2027-03-19T09:00:00Z,900,true,1.117017,0.970709,1.194647,0.415643
N20270318-S014,N20270318,2027-03-19T09:15:00Z,900,true,1.107645,0.965057,1.171659,0.406122
N20270318-S015,N20270318,2027-03-19T09:30:00Z,900,true,1.106613,0.970726,1.186167,0.384889
N20270318-S016,N20270318,2027-03-19T09:45:00Z,900,true,1.067241,0.977116,1.185286,0.377735
N20270318-S017,N20270318,2027-03-19T10:00:00Z,900,true,1.079280,0.969638,1.180593,0.395825
N20270318-S018,N20270318,2027-03-19T10:15:00Z,900,true,1.116965,0.963453,1.208675,0.389350
N20270318-S019,N20270318,2027-03-19T10:30:00Z,900,true,1.201168,0.966513,1.174362,0.386124
N20270318-S020,N20270318,2027-03-19T10:45:00Z,900,true,1.200467,0.979905,1.188735,0.403167
N20270318-S021,N20270318,2027-03-19T11:00:00Z,900,true,1.215364,0.988836,1.203714,0.382528
N20270318-S022,N20270318,2027-03-19T11:15:00Z,900,true,1.175346,0.956743,1.192862,0.394507
N20270318-S023,N20270318,2027-03-19T11:30:00Z,900,true,1.149569,0.962513,1.180048,0.388200
N20270318-S024,N20270318,2027-03-19T11:45:00Z,900,false,,,,
N20270318-S025,N20270318,2027-03-19T12:00:00Z,900,false,,,,
N20270318-S026,N20270318,2027-03-19T12:15:00Z,900,false,,,,
N20270318-S027,N20270318,2027-03-19T12:30:00Z,900,false,,,,
N20270318-S028,N20270318,2027-03-19T12:45:00Z,900,false,,,,
N20270318-S029,N20270318,2027-03-19T13:00:00Z,900,false,,,,
N20270318-S030,N20270318,2027-03-19T13:15:00Z,900,false,,,,
N20270318-S031,N20270318,2027-03-19T13:30:00Z,900,false,,,,
N20270318-S032,N20270318,2027-03-19T13:45:00Z,900,false,,,,
N20270318-S033,N20270318,2027-03-19T14:00:00Z,900,false,,,,
N20270318-S034,N20270318,2027-03-19T14:15:00Z,900,false,,,,
N20270318-S035,N20270318,2027-03-19T14:30:00Z,900,false,,,,
N20270318-S036,N20270318,2027-03-19T14:45:00Z,900,false,,,,
N20270319-S001,N20270319,2027-03-20T06:00:00Z,900,false,,,,
N20270319-S002,N20270319,2027-03-20T06:15:00Z,900,false,,,,
N20270319-S003,N20270319,2027-03-20T06:30:00Z,900,false,,,,
N20270319-S004,N20270319,2027-03-20T06:45:00Z,900,false,,,,
N20270319-S005,N20270319,2027-03-20T07:00:00Z,900,false,,,,
N20270319-S006,N20270319,2027-03-20T07:15:00Z,900,false,,,,
N20270319-S007,N20270319,2027-03-20T07:30:00Z,900,false,,,,
N20270319-S008,N20270319,2027-03-20T07:45:00Z,900,false,,,,
N20270319-S009,N20270319,2027-03-20T08:00:00Z,900,false,,,,
N20270319-S010,N20270319,2027-03-20T08:15:00Z,900,false,,,,
N20270319-S011,N20270319,2027-03-20T08:30:00Z,900,false,,,,
N20270319-S012,N20270319,2027-03-20T08:45:00Z,900,false,,,,
N20270319-S013,N20270319,2027-03-20T09:00:00Z,900,false,,,,
N20270319-S014,N20270319,2027-03-20T09:15:00Z,900,false,,,,
N20270319-S015,N20270319,2027-03-20T09:30:00Z,900,false,,,,
N20270319-S016,N20270319,2027-03-20T09:45:00Z,900,false,,,,
N20270319-S017,N20270319,2027-03-20T10:00:00Z,900,false,,,,
N20270319-S018,N20270319,2027-03-20T10:15:00Z,900,false,,,,
N20270319-S019,N20270319,2027-03-20T10:30:00Z,900,false,,,,
N20270319-S020,N20270319,2027-03-20T10:45:00Z,900,false,,,,
N20270319-S021,N20270319,2027-03-20T11:00:00Z,900,false,,,,
N20270319-S022,N20270319,2027-03-20T11:15:00Z,900,false,,,,
N20270319-S023,N20270319,2027-03-20T11:30:00Z,900,false,,,,
N20270319-S024,N20270319,2027-03-20T11:45:00Z,900,false,,,,
N20270319-S025,N20270319,2027-03-20T12:00:00Z,900,false,,,,
N20270319-S026,N20270319,2027-03-20T12:15:00Z,900,false,,,,
N20270319-S027,N20270319,2027-03-20T12:30:00Z,900,false,,,,
N20270319-S028,N20270319,2027-03-20T12:45:00Z,900,true,1.066815,0.977032,1.208953,0.389710
N20270319-S029,N20270319,2027-03-20T13:00:00Z,900,true,1.052218,0.991218,1.202474,0.376557
N20270319-S030,N20270319,2027-03-20T13:15:00Z,900,true,1.087014,0.998456,1.236736,0.401298
N20270319-S031,N20270319,2027-03-20T13:30:00Z,900,true,1.037738,0.984768,1.201102,0.407663
N20270319-S032,N20270319,2027-03-20T13:45:00Z,900,true,1.084753,1.000000,1.198935,0.410874
N20270319-S033,N20270319,2027-03-20T14:00:00Z,900,true,1.008390,0.990404,1.197824,0.405418
N20270319-S034,N20270319,2027-03-20T14:15:00Z,900,true,1.049514,0.982794,1.201347,0.391861
N20270319-S035,N20270319,2027-03-20T14:30:00Z,900,true,1.125232,0.987388,1.188293,0.401228
N20270319-S036,N20270319,2027-03-20T14:45:00Z,900,true,1.100117,0.983668,1.202512,0.387901
N20270320-S001,N20270320,2027-03-21T06:00:00Z,900,true,1.154085,1.000000,1.156340,0.403491
N20270320-S002,N20270320,2027-03-21T06:15:00Z,900,true,1.117780,1.000000,1.148908,0.394159
N20270320-S003,N20270320,2027-03-21T06:30:00Z,900,true,1.118795,0.995914,1.147425,0.403594
N20270320-S004,N20270320,2027-03-21T06:45:00Z,900,true,1.054711,0.990253,1.154578,0.409189
N20270320-S005,N20270320,2027-03-21T07:00:00Z,900,true,1.026964,1.000000,1.139090,0.408756
N20270320-S006,N20270320,2027-03-21T07:15:00Z,900,true,1.040202,1.000000,1.144465,0.409773
N20270320-S007,N20270320,2027-03-21T07:30:00Z,900,true,1.006121,0.997578,1.141210,0.413340
N20270320-S008,N20270320,2027-03-21T07:45:00Z,900,true,1.049992,0.999267,1.121465,0.381160
N20270320-S009,N20270320,2027-03-21T08:00:00Z,900,true,1.071018,0.979674,1.145764,0.377368
N20270320-S010,N20270320,2027-03-21T08:15:00Z,900,true,1.015559,0.990687,1.141631,0.380559
N20270320-S011,N20270320,2027-03-21T08:30:00Z,900,true,1.049539,0.990221,1.175288,0.388690
N20270320-S012,N20270320,2027-03-21T08:45:00Z,900,true,1.062231,0.993745,1.196906,0.401309
N20270320-S013,N20270320,2027-03-21T09:00:00Z,900,true,1.113374,0.991218,1.192982,0.413384
N20270320-S014,N20270320,2027-03-21T09:15:00Z,900,true,1.112344,1.000000,1.177479,0.417278
N20270320-S015,N20270320,2027-03-21T09:30:00Z,900,true,1.118799,0.998411,1.190444,0.413409
N20270320-S016,N20270320,2027-03-21T09:45:00Z,900,true,1.102853,1.000000,1.190798,0.407525
N20270320-S017,N20270320,2027-03-21T10:00:00Z,900,true,1.127709,0.977446,1.167865,0.382086
N20270320-S018,N20270320,2027-03-21T10:15:00Z,900,true,1.105541,0.993671,1.175262,0.414208
N20270320-S019,N20270320,2027-03-21T10:30:00Z,900,true,1.099769,0.995547,1.166137,0.386446
N20270320-S020,N20270320,2027-03-21T10:45:00Z,900,true,1.116855,0.977395,1.174935,0.414246
N20270320-S021,N20270320,2027-03-21T11:00:00Z,900,true,1.144017,0.968343,1.166948,0.388235
N20270320-S022,N20270320,2027-03-21T11:15:00Z,900,true,1.108342,0.958671,1.179533,0.389138
N20270320-S023,N20270320,2027-03-21T11:30:00Z,900,true,1.124138,0.961053,1.189358,0.411727
N20270320-S024,N20270320,2027-03-21T11:45:00Z,900,true,1.101812,0.966842,1.170880,0.377773
N20270320-S025,N20270320,2027-03-21T12:00:00Z,900,true,1.089366,0.965107,1.168865,0.386114
N20270320-S026,N20270320,2027-03-21T12:15:00Z,900,true,1.121234,0.960128,1.158279,0.413063
N20270320-S027,N20270320,2027-03-21T12:30:00Z,900,true,1.114907,0.986043,1.131879,0.383514
N20270320-S028,N20270320,2027-03-21T12:45:00Z,900,true,1.130464,0.965994,1.129231,0.388385
N20270320-S029,N20270320,2027-03-21T13:00:00Z,900,true,1.174463,0.972830,1.139022,0.403733
N20270320-S030,N20270320,2027-03-21T13:15:00Z,900,true,1.188548,0.974968,1.153801,0.402145
N20270320-S031,N20270320,2027-03-21T13:30:00Z,900,true,1.179958,0.978191,1.147852,0.379383
N20270320-S032,N20270320,2027-03-21T13:45:00Z,900,true,1.154570,0.980660,1.119457,0.384289
N20270320-S033,N20270320,2027-03-21T14:00:00Z,900,true,1.149113,0.996981,1.123210,0.410842
N20270320-S034,N20270320,2027-03-21T14:15:00Z,900,true,1.145000,0.982889,1.112417,0.416452
N20270320-S035,N20270320,2027-03-21T14:30:00Z,900,true,1.109462,0.999216,1.119682,0.401516
N20270320-S036,N20270320,2027-03-21T14:45:00Z,900,true,1.059741,0.986542,1.138035,0.376018
N20270321-S001,N20270321,2027-03-22T06:00:00Z,900,true,1.161669,1.000000,1.084620,0.413548
N20270321-S002,N20270321,2027-03-22T06:15:00Z,900,true,1.144278,0.988317,1.081640,0.387520
N20270321-S003,N20270321,2027-03-22T06:30:00Z,900,true,1.123495,1.000000,1.080222,0.415069
N20270321-S004,N20270321,2027-03-22T06:45:00Z,900,true,1.111552,0.987631,1.101272,0.390222
N20270321-S005,N20270321,2027-03-22T07:00:00Z,900,true,1.166127,0.980449,1.102774,0.387837
N20270321-S006,N20270321,2027-03-22T07:15:00Z,900,true,1.144609,0.967361,1.092604,0.414636
N20270321-S007,N20270321,2027-03-22T07:30:00Z,900,true,1.198283,0.961536,1.110736,0.380769
N20270321-S008,N20270321,2027-03-22T07:45:00Z,900,true,1.183648,0.961839,1.106531,0.392122
N20270321-S009,N20270321,2027-03-22T08:00:00Z,900,true,1.101992,0.965797,1.108407,0.415021
N20270321-S010,N20270321,2027-03-22T08:15:00Z,900,true,1.155399,0.969684,1.121768,0.393092
N20270321-S011,N20270321,2027-03-22T08:30:00Z,900,true,1.205797,0.960396,1.103716,0.411026
N20270321-S012,N20270321,2027-03-22T08:45:00Z,900,true,1.222097,0.950542,1.113506,0.406474
N20270321-S013,N20270321,2027-03-22T09:00:00Z,900,true,1.194466,0.956921,1.082373,0.390964
N20270321-S014,N20270321,2027-03-22T09:15:00Z,900,true,1.190053,0.954752,1.052834,0.389574
N20270321-S015,N20270321,2027-03-22T09:30:00Z,900,true,1.193695,0.943090,1.060087,0.379427
N20270321-S016,N20270321,2027-03-22T09:45:00Z,900,true,1.152840,0.935063,1.075557,0.412599
N20270321-S017,N20270321,2027-03-22T10:00:00Z,900,true,1.141478,0.926632,1.051017,0.410153
N20270321-S018,N20270321,2027-03-22T10:15:00Z,900,true,1.061731,0.932249,1.047822,0.412032
N20270321-S019,N20270321,2027-03-22T10:30:00Z,900,false,,,,
N20270321-S020,N20270321,2027-03-22T10:45:00Z,900,false,,,,
N20270321-S021,N20270321,2027-03-22T11:00:00Z,900,false,,,,
N20270321-S022,N20270321,2027-03-22T11:15:00Z,900,true,1.064129,0.954793,1.138845,0.383320
N20270321-S023,N20270321,2027-03-22T11:30:00Z,900,true,1.062576,0.968184,1.121778,0.391457
N20270321-S024,N20270321,2027-03-22T11:45:00Z,900,true,1.112152,0.971661,1.143947,0.416230
N20270321-S025,N20270321,2027-03-22T12:00:00Z,900,true,1.144934,0.974114,1.139902,0.390359
N20270321-S026,N20270321,2027-03-22T12:15:00Z,900,true,1.101596,0.961606,1.150002,0.406635
N20270321-S027,N20270321,2027-03-22T12:30:00Z,900,true,1.037187,0.975204,1.148075,0.376331
N20270321-S028,N20270321,2027-03-22T12:45:00Z,900,true,1.047636,0.969511,1.153601,0.415901
N20270321-S029,N20270321,2027-03-22T13:00:00Z,900,true,1.069381,0.953870,1.149938,0.404883
N20270321-S030,N20270321,2027-03-22T13:15:00Z,900,true,1.062529,0.974380,1.147343,0.405730
N20270321-S031,N20270321,2027-03-22T13:30:00Z,900,true,1.074576,0.971022,1.155409,0.416445
N20270321-S032,N20270321,2027-03-22T13:45:00Z,900,true,1.048429,0.953366,1.153105,0.415960
N20270321-S033,N20270321,2027-03-22T14:00:00Z,900,true,1.055869,0.953636,1.152905,0.398718
N20270321-S034,N20270321,2027-03-22T14:15:00Z,900,true,1.056246,0.949617,1.134544,0.404077
N20270321-S035,N20270321,2027-03-22T14:30:00Z,900,true,1.082550,0.968719,1.145656,0.408425
N20270321-S036,N20270321,2027-03-22T14:45:00Z,900,true,1.162545,0.971742,1.136064,0.376610
N20270322-S001,N20270322,2027-03-23T06:00:00Z,900,true,1.220883,0.985320,1.133914,0.410757
N20270322-S002,N20270322,2027-03-23T06:15:00Z,900,true,1.209914,0.997654,1.113237,0.412893
N20270322-S003,N20270322,2027-03-23T06:30:00Z,900,true,1.235511,0.999494,1.127059,0.391475
N20270322-S004,N20270322,2027-03-23T06:45:00Z,900,false,,,,
N20270322-S005,N20270322,2027-03-23T07:00:00Z,900,false,,,,
N20270322-S006,N20270322,2027-03-23T07:15:00Z,900,false,,,,
N20270322-S007,N20270322,2027-03-23T07:30:00Z,900,false,,,,
N20270322-S008,N20270322,2027-03-23T07:45:00Z,900,false,,,,
N20270322-S009,N20270322,2027-03-23T08:00:00Z,900,false,,,,
N20270322-S010,N20270322,2027-03-23T08:15:00Z,900,false,,,,
N20270322-S011,N20270322,2027-03-23T08:30:00Z,900,false,,,,
N20270322-S012,N20270322,2027-03-23T08:45:00Z,900,false,,,,
N20270322-S013,N20270322,2027-03-23T09:00:00Z,900,false,,,,
N20270322-S014,N20270322,2027-03-23T09:15:00Z,900,false,,,,
N20270322-S015,N20270322,2027-03-23T09:30:00Z,900,false,,,,
N20270322-S016,N20270322,2027-03-23T09:45:00Z,900,false,,,,
N20270322-S017,N20270322,2027-03-23T10:00:00Z,900,false,,,,
N20270322-S018,N20270322,2027-03-23T10:15:00Z,900,false,,,,
N20270322-S019,N20270322,2027-03-23T10:30:00Z,900,false,,,,
N20270322-S020,N20270322,2027-03-23T10:45:00Z,900,false,,,,
N20270322-S021,N20270322,2027-03-23T11:00:00Z,900,false,,,,
N20270322-S022,N20270322,2027-03-23T11:15:00Z,900,false,,,,
N20270322-S023,N20270322,2027-03-23T11:30:00Z,900,false,,,,
N20270322-S024,N20270322,2027-03-23T11:45:00Z,900,false,,,,
N20270322-S025,N20270322,2027-03-23T12:00:00Z,900,false,,,,
N20270322-S026,N20270322,2027-03-23T12:15:00Z,900,false,,,,
N20270322-S027,N20270322,2027-03-23T12:30:00Z,900,false,,,,
N20270322-S028,N20270322,2027-03-23T12:45:00Z,900,false,,,,
N20270322-S029,N20270322,2027-03-23T13:00:00Z,900,false,,,,
N20270322-S030,N20270322,2027-03-23T13:15:00Z,900,false,,,,
N20270322-S031,N20270322,2027-03-23T13:30:00Z,900,false,,,,
N20270322-S032,N20270322,2027-03-23T13:45:00Z,900,false,,,,
N20270322-S033,N20270322,2027-03-23T14:00:00Z,900,false,,,,
N20270322-S034,N20270322,2027-03-23T14:15:00Z,900,false,,,,
N20270322-S035,N20270322,2027-03-23T14:30:00Z,900,false,,,,
N20270322-S036,N20270322,2027-03-23T14:45:00Z,900,false,,,,
N20270323-S001,N20270323,2027-03-24T06:00:00Z,900,false,,,,
N20270323-S002,N20270323,2027-03-24T06:15:00Z,900,false,,,,
N20270323-S003,N20270323,2027-03-24T06:30:00Z,900,false,,,,
N20270323-S004,N20270323,2027-03-24T06:45:00Z,900,false,,,,
N20270323-S005,N20270323,2027-03-24T07:00:00Z,900,false,,,,
N20270323-S006,N20270323,2027-03-24T07:15:00Z,900,false,,,,
N20270323-S007,N20270323,2027-03-24T07:30:00Z,900,false,,,,
N20270323-S008,N20270323,2027-03-24T07:45:00Z,900,false,,,,
N20270323-S009,N20270323,2027-03-24T08:00:00Z,900,false,,,,
N20270323-S010,N20270323,2027-03-24T08:15:00Z,900,false,,,,
N20270323-S011,N20270323,2027-03-24T08:30:00Z,900,false,,,,
N20270323-S012,N20270323,2027-03-24T08:45:00Z,900,true,1.155616,0.975891,1.050847,0.398439
N20270323-S013,N20270323,2027-03-24T09:00:00Z,900,true,1.079634,0.992696,1.028238,0.408180
N20270323-S014,N20270323,2027-03-24T09:15:00Z,900,true,1.074856,0.999660,1.066671,0.388543
N20270323-S015,N20270323,2027-03-24T09:30:00Z,900,true,1.095130,1.000000,1.093940,0.382956
N20270323-S016,N20270323,2027-03-24T09:45:00Z,900,true,1.130647,0.999728,1.104105,0.379156
N20270323-S017,N20270323,2027-03-24T10:00:00Z,900,true,1.174762,1.000000,1.110640,0.386444
N20270323-S018,N20270323,2027-03-24T10:15:00Z,900,true,1.156881,1.000000,1.125893,0.403908
N20270323-S019,N20270323,2027-03-24T10:30:00Z,900,true,1.116965,0.994682,1.138492,0.380699
N20270323-S020,N20270323,2027-03-24T10:45:00Z,900,true,1.181316,0.994842,1.111424,0.415410
N20270323-S021,N20270323,2027-03-24T11:00:00Z,900,true,1.158580,1.000000,1.097771,0.390876
N20270323-S022,N20270323,2027-03-24T11:15:00Z,900,true,1.135605,1.000000,1.066742,0.377789
N20270323-S023,N20270323,2027-03-24T11:30:00Z,900,true,1.173510,1.000000,1.096526,0.409715
N20270323-S024,N20270323,2027-03-24T11:45:00Z,900,true,1.165632,1.000000,1.101509,0.392018
N20270323-S025,N20270323,2027-03-24T12:00:00Z,900,true,1.201537,1.000000,1.111981,0.413733
N20270323-S026,N20270323,2027-03-24T12:15:00Z,900,true,1.196802,0.990915,1.099419,0.386608
N20270323-S027,N20270323,2027-03-24T12:30:00Z,900,true,1.230810,0.986336,1.090617,0.402650
N20270323-S028,N20270323,2027-03-24T12:45:00Z,900,true,1.217144,0.988733,1.040940,0.417601
N20270323-S029,N20270323,2027-03-24T13:00:00Z,900,true,1.197782,0.971882,1.025865,0.413834
N20270323-S030,N20270323,2027-03-24T13:15:00Z,900,true,1.192695,0.990825,1.045066,0.391258
N20270323-S031,N20270323,2027-03-24T13:30:00Z,900,true,1.201300,0.982618,1.061810,0.417584
N20270323-S032,N20270323,2027-03-24T13:45:00Z,900,true,1.155749,0.980125,1.064357,0.385272
N20270323-S033,N20270323,2027-03-24T14:00:00Z,900,true,1.188008,0.962976,1.091017,0.400155
N20270323-S034,N20270323,2027-03-24T14:15:00Z,900,true,1.220059,0.988122,1.105480,0.376682
N20270323-S035,N20270323,2027-03-24T14:30:00Z,900,true,1.219471,1.000000,1.101681,0.401281
N20270323-S036,N20270323,2027-03-24T14:45:00Z,900,true,1.249573,0.992994,1.096565,0.406912
N20270324-S001,N20270324,2027-03-25T06:00:00Z,900,true,1.126432,0.957032,1.157662,0.383693
N20270324-S002,N20270324,2027-03-25T06:15:00Z,900,true,1.188192,0.947320,1.160662,0.377037
N20270324-S003,N20270324,2027-03-25T06:30:00Z,900,true,1.131117,0.969238,1.135998,0.407493
N20270324-S004,N20270324,2027-03-25T06:45:00Z,900,true,1.114556,0.950274,1.162651,0.386526
N20270324-S005,N20270324,2027-03-25T07:00:00Z,900,true,1.126293,0.947826,1.135280,0.416791
N20270324-S006,N20270324,2027-03-25T07:15:00Z,900,true,1.135760,0.950543,1.150461,0.395102
N20270324-S007,N20270324,2027-03-25T07:30:00Z,900,true,1.146047,0.957672,1.144870,0.376649
N20270324-S008,N20270324,2027-03-25T07:45:00Z,900,true,1.130497,0.953285,1.159448,0.399310
N20270324-S009,N20270324,2027-03-25T08:00:00Z,900,true,1.133767,0.959147,1.140687,0.378291
N20270324-S010,N20270324,2027-03-25T08:15:00Z,900,true,1.149561,0.960743,1.118146,0.407152
N20270324-S011,N20270324,2027-03-25T08:30:00Z,900,true,1.175744,0.968904,1.093561,0.397691
N20270324-S012,N20270324,2027-03-25T08:45:00Z,900,true,1.153935,0.959747,1.079914,0.417532
N20270324-S013,N20270324,2027-03-25T09:00:00Z,900,true,1.190140,0.944892,1.116756,0.401957
N20270324-S014,N20270324,2027-03-25T09:15:00Z,900,true,1.151272,0.928911,1.120169,0.395243
N20270324-S015,N20270324,2027-03-25T09:30:00Z,900,true,1.200817,0.908864,1.135120,0.415563
N20270324-S016,N20270324,2027-03-25T09:45:00Z,900,true,1.232797,0.924919,1.163311,0.392797
N20270324-S017,N20270324,2027-03-25T10:00:00Z,900,true,1.177088,0.919191,1.174086,0.396652
N20270324-S018,N20270324,2027-03-25T10:15:00Z,900,true,1.195840,0.908684,1.207768,0.393721
N20270324-S019,N20270324,2027-03-25T10:30:00Z,900,true,1.122008,0.911969,1.207554,0.404335
N20270324-S020,N20270324,2027-03-25T10:45:00Z,900,true,1.161168,0.913734,1.196524,0.385223
N20270324-S021,N20270324,2027-03-25T11:00:00Z,900,true,1.142705,0.896860,1.218973,0.409411
N20270324-S022,N20270324,2027-03-25T11:15:00Z,900,true,1.159348,0.881299,1.200248,0.391222
N20270324-S023,N20270324,2027-03-25T11:30:00Z,900,true,1.118510,0.897591,1.201981,0.384357
N20270324-S024,N20270324,2027-03-25T11:45:00Z,900,true,1.160108,0.919865,1.194496,0.412749
N20270324-S025,N20270324,2027-03-25T12:00:00Z,900,true,1.264168,0.925926,1.175856,0.387673
N20270324-S026,N20270324,2027-03-25T12:15:00Z,900,true,1.319922,0.942248,1.196796,0.403537
N20270324-S027,N20270324,2027-03-25T12:30:00Z,900,true,1.292857,0.931310,1.196570,0.416627
N20270324-S028,N20270324,2027-03-25T12:45:00Z,900,true,1.223435,0.918818,1.175620,0.403375
N20270324-S029,N20270324,2027-03-25T13:00:00Z,900,true,1.232857,0.917160,1.199815,0.409171
N20270324-S030,N20270324,2027-03-25T13:15:00Z,900,true,1.216195,0.935565,1.241414,0.388405
N20270324-S031,N20270324,2027-03-25T13:30:00Z,900,true,1.222126,0.921637,1.237506,0.409413
N20270324-S032,N20270324,2027-03-25T13:45:00Z,900,true,1.232958,0.933322,1.236580,0.393826
N20270324-S033,N20270324,2027-03-25T14:00:00Z,900,true,1.256476,0.935227,1.235482,0.389801
N20270324-S034,N20270324,2027-03-25T14:15:00Z,900,true,1.255388,0.928003,1.200402,0.401302
N20270324-S035,N20270324,2027-03-25T14:30:00Z,900,true,1.280046,0.932779,1.171365,0.388462
N20270324-S036,N20270324,2027-03-25T14:45:00Z,900,true,1.230092,0.943352,1.173635,0.387023
N20270325-S001,N20270325,2027-03-26T06:00:00Z,900,true,0.954414,0.926040,1.072151,0.397677
N20270325-S002,N20270325,2027-03-26T06:15:00Z,900,true,0.923303,0.911700,1.078949,0.386117
N20270325-S003,N20270325,2027-03-26T06:30:00Z,900,true,0.944912,0.911759,1.066160,0.408844
N20270325-S004,N20270325,2027-03-26T06:45:00Z,900,true,0.927513,0.887419,1.091599,0.410411
N20270325-S005,N20270325,2027-03-26T07:00:00Z,900,true,0.940644,0.893076,1.053582,0.399346
N20270325-S006,N20270325,2027-03-26T07:15:00Z,900,true,0.944773,0.908010,1.078222,0.382886
N20270325-S007,N20270325,2027-03-26T07:30:00Z,900,true,1.011112,0.914097,1.082714,0.398446
N20270325-S008,N20270325,2027-03-26T07:45:00Z,900,true,0.999253,0.895859,1.069134,0.391778
N20270325-S009,N20270325,2027-03-26T08:00:00Z,900,true,0.957350,0.912885,1.086845,0.409174
N20270325-S010,N20270325,2027-03-26T08:15:00Z,900,true,0.933911,0.908864,1.115612,0.386812
N20270325-S011,N20270325,2027-03-26T08:30:00Z,900,true,0.918458,0.906568,1.105547,0.408439
N20270325-S012,N20270325,2027-03-26T08:45:00Z,900,true,0.969413,0.915489,1.122140,0.391955
N20270325-S013,N20270325,2027-03-26T09:00:00Z,900,true,0.894973,0.921095,1.113806,0.381109
N20270325-S014,N20270325,2027-03-26T09:15:00Z,900,true,0.873067,0.901598,1.081436,0.395471
N20270325-S015,N20270325,2027-03-26T09:30:00Z,900,true,0.884150,0.896001,1.059735,0.412638
N20270325-S016,N20270325,2027-03-26T09:45:00Z,900,true,0.883241,0.887024,1.062326,0.398781
N20270325-S017,N20270325,2027-03-26T10:00:00Z,900,true,0.868748,0.889422,1.075383,0.405629
N20270325-S018,N20270325,2027-03-26T10:15:00Z,900,true,0.932373,0.882562,1.096361,0.383668
N20270325-S019,N20270325,2027-03-26T10:30:00Z,900,true,0.964409,0.880682,1.083760,0.389246
N20270325-S020,N20270325,2027-03-26T10:45:00Z,900,true,0.925606,0.881698,1.096431,0.411064
N20270325-S021,N20270325,2027-03-26T11:00:00Z,900,true,0.970199,0.884864,1.083073,0.384492
N20270325-S022,N20270325,2027-03-26T11:15:00Z,900,true,0.950855,0.870493,1.107524,0.385441
N20270325-S023,N20270325,2027-03-26T11:30:00Z,900,true,0.948272,0.865371,1.105313,0.391634
N20270325-S024,N20270325,2027-03-26T11:45:00Z,900,true,0.968027,0.877038,1.127033,0.397424
N20270325-S025,N20270325,2027-03-26T12:00:00Z,900,true,0.918185,0.888747,1.102191,0.413876
N20270325-S026,N20270325,2027-03-26T12:15:00Z,900,true,0.955933,0.895761,1.092685,0.375887
N20270325-S027,N20270325,2027-03-26T12:30:00Z,900,true,0.911798,0.897232,1.097929,0.406241
N20270325-S028,N20270325,2027-03-26T12:45:00Z,900,true,0.911497,0.904894,1.080544,0.396084
N20270325-S029,N20270325,2027-03-26T13:00:00Z,900,true,0.872512,0.919314,1.100461,0.405635
N20270325-S030,N20270325,2027-03-26T13:15:00Z,900,true,0.859212,0.938827,1.086934,0.376270
N20270325-S031,N20270325,2027-03-26T13:30:00Z,900,true,0.864414,0.931698,1.063696,0.410109
N20270325-S032,N20270325,2027-03-26T13:45:00Z,900,true,0.881972,0.915047,1.098672,0.400791
N20270325-S033,N20270325,2027-03-26T14:00:00Z,900,true,0.877948,0.922551,1.085114,0.406538
N20270325-S034,N20270325,2027-03-26T14:15:00Z,900,true,0.887582,0.923571,1.063381,0.417404
N20270325-S035,N20270325,2027-03-26T14:30:00Z,900,true,0.918437,0.924808,1.087289,0.392380
N20270325-S036,N20270325,2027-03-26T14:45:00Z,900,true,0.966047,0.926756,1.082535,0.410939
N20270326-S001,N20270326,2027-03-27T06:00:00Z,900,true,0.878183,0.864327,1.092799,0.382790
N20270326-S002,N20270326,2027-03-27T06:15:00Z,900,true,0.906111,0.865286,1.098952,0.413180
N20270326-S003,N20270326,2027-03-27T06:30:00Z,900,true,0.944370,0.868550,1.102035,0.402192
N20270326-S004,N20270326,2027-03-27T06:45:00Z,900,true,0.944431,0.858243,1.105227,0.415442
N20270326-S005,N20270326,2027-03-27T07:00:00Z,900,true,0.960368,0.852696,1.095190,0.383281
N20270326-S006,N20270326,2027-03-27T07:15:00Z,900,true,0.909083,0.866959,1.128132,0.408350
N20270326-S007,N20270326,2027-03-27T07:30:00Z,900,true,0.864745,0.855841,1.116966,0.391052
N20270326-S008,N20270326,2027-03-27T07:45:00Z,900,true,0.899499,0.852926,1.118863,0.409215
N20270326-S009,N20270326,2027-03-27T08:00:00Z,900,true,0.941371,0.861995,1.129361,0.399593
N20270326-S010,N20270326,2027-03-27T08:15:00Z,900,true,0.949472,0.877776,1.140403,0.393814
N20270326-S011,N20270326,2027-03-27T08:30:00Z,900,true,0.985863,0.877598,1.167684,0.386160
N20270326-S012,N20270326,2027-03-27T08:45:00Z,900,true,0.972866,0.879148,1.162842,0.392823
N20270326-S013,N20270326,2027-03-27T09:00:00Z,900,true,0.899513,0.885729,1.140475,0.401962
N20270326-S014,N20270326,2027-03-27T09:15:00Z,900,true,0.883870,0.893254,1.138786,0.400845
N20270326-S015,N20270326,2027-03-27T09:30:00Z,900,true,0.887504,0.884522,1.141415,0.398864
N20270326-S016,N20270326,2027-03-27T09:45:00Z,900,true,0.898604,0.852432,1.124660,0.394972
N20270326-S017,N20270326,2027-03-27T10:00:00Z,900,true,0.863818,0.862387,1.121826,0.380317
N20270326-S018,N20270326,2027-03-27T10:15:00Z,900,true,0.869985,0.860244,1.128242,0.414940
N20270326-S019,N20270326,2027-03-27T10:30:00Z,900,true,0.924947,0.834332,1.117674,0.377154
N20270326-S020,N20270326,2027-03-27T10:45:00Z,900,true,0.917379,0.839466,1.129784,0.400929
N20270326-S021,N20270326,2027-03-27T11:00:00Z,900,true,0.933302,0.860248,1.141766,0.384922
N20270326-S022,N20270326,2027-03-27T11:15:00Z,900,true,0.894842,0.856244,1.141409,0.407534
N20270326-S023,N20270326,2027-03-27T11:30:00Z,900,true,0.918102,0.863851,1.115705,0.400934
N20270326-S024,N20270326,2027-03-27T11:45:00Z,900,true,0.900686,0.866008,1.138355,0.406184
N20270326-S025,N20270326,2027-03-27T12:00:00Z,900,true,0.832000,0.863556,1.108479,0.383686
N20270326-S026,N20270326,2027-03-27T12:15:00Z,900,true,0.890598,0.858384,1.107999,0.384037
N20270326-S027,N20270326,2027-03-27T12:30:00Z,900,true,0.855986,0.855814,1.131886,0.413094
N20270326-S028,N20270326,2027-03-27T12:45:00Z,900,true,0.865372,0.862930,1.115574,0.416741
N20270326-S029,N20270326,2027-03-27T13:00:00Z,900,true,0.873098,0.859944,1.104634,0.387528
N20270326-S030,N20270326,2027-03-27T13:15:00Z,900,false,,,,
N20270326-S031,N20270326,2027-03-27T13:30:00Z,900,false,,,,
N20270326-S032,N20270326,2027-03-27T13:45:00Z,900,false,,,,
N20270326-S033,N20270326,2027-03-27T14:00:00Z,900,false,,,,
N20270326-S034,N20270326,2027-03-27T14:15:00Z,900,false,,,,
N20270326-S035,N20270326,2027-03-27T14:30:00Z,900,false,,,,
N20270326-S036,N20270326,2027-03-27T14:45:00Z,900,false,,,,
N20270327-S001,N20270327,2027-03-28T06:00:00Z,900,false,,,,
N20270327-S002,N20270327,2027-03-28T06:15:00Z,900,false,,,,
N20270327-S003,N20270327,2027-03-28T06:30:00Z,900,false,,,,
N20270327-S004,N20270327,2027-03-28T06:45:00Z,900,false,,,,
N20270327-S005,N20270327,2027-03-28T07:00:00Z,900,false,,,,
N20270327-S006,N20270327,2027-03-28T07:15:00Z,900,false,,,,
N20270327-S007,N20270327,2027-03-28T07:30:00Z,900,false,,,,
N20270327-S008,N20270327,2027-03-28T07:45:00Z,900,false,,,,
N20270327-S009,N20270327,2027-03-28T08:00:00Z,900,false,,,,
N20270327-S010,N20270327,2027-03-28T08:15:00Z,900,false,,,,
N20270327-S011,N20270327,2027-03-28T08:30:00Z,900,false,,,,
N20270327-S012,N20270327,2027-03-28T08:45:00Z,900,false,,,,
N20270327-S013,N20270327,2027-03-28T09:00:00Z,900,false,,,,
N20270327-S014,N20270327,2027-03-28T09:15:00Z,900,false,,,,
N20270327-S015,N20270327,2027-03-28T09:30:00Z,900,false,,,,
N20270327-S016,N20270327,2027-03-28T09:45:00Z,900,false,,,,
N20270327-S017,N20270327,2027-03-28T10:00:00Z,900,false,,,,
N20270327-S018,N20270327,2027-03-28T10:15:00Z,900,false,,,,
N20270327-S019,N20270327,2027-03-28T10:30:00Z,900,false,,,,
N20270327-S020,N20270327,2027-03-28T10:45:00Z,900,false,,,,
N20270327-S021,N20270327,2027-03-28T11:00:00Z,900,false,,,,
N20270327-S022,N20270327,2027-03-28T11:15:00Z,900,true,0.772987,0.901779,1.047175,0.394252
N20270327-S023,N20270327,2027-03-28T11:30:00Z,900,true,0.800911,0.897184,1.033201,0.381861
N20270327-S024,N20270327,2027-03-28T11:45:00Z,900,true,0.799010,0.906009,1.026289,0.387747
N20270327-S025,N20270327,2027-03-28T12:00:00Z,900,true,0.825392,0.896842,1.036687,0.405721
N20270327-S026,N20270327,2027-03-28T12:15:00Z,900,true,0.859573,0.888781,1.019574,0.411653
N20270327-S027,N20270327,2027-03-28T12:30:00Z,900,true,0.821493,0.891354,1.027610,0.410584
N20270327-S028,N20270327,2027-03-28T12:45:00Z,900,true,0.814091,0.898947,1.016040,0.415972
N20270327-S029,N20270327,2027-03-28T13:00:00Z,900,true,0.776511,0.873948,1.011649,0.384835
N20270327-S030,N20270327,2027-03-28T13:15:00Z,900,true,0.807717,0.872692,0.994929,0.391765
N20270327-S031,N20270327,2027-03-28T13:30:00Z,900,true,0.825051,0.864016,0.992231,0.399763
N20270327-S032,N20270327,2027-03-28T13:45:00Z,900,true,0.822258,0.883241,0.990319,0.414435
N20270327-S033,N20270327,2027-03-28T14:00:00Z,900,true,0.813595,0.880923,1.011347,0.400334
N20270327-S034,N20270327,2027-03-28T14:15:00Z,900,true,0.780122,0.902639,1.032874,0.381653
N20270327-S035,N20270327,2027-03-28T14:30:00Z,900,true,0.735953,0.914149,1.012107,0.391686
N20270327-S036,N20270327,2027-03-28T14:45:00Z,900,true,0.726970,0.925518,0.999480,0.404080
N20270328-S001,N20270328,2027-03-29T06:00:00Z,900,true,0.759661,0.876794,1.157769,0.415521
N20270328-S002,N20270328,2027-03-29T06:15:00Z,900,true,0.769336,0.857661,1.166997,0.406804
N20270328-S003,N20270328,2027-03-29T06:30:00Z,900,true,0.839087,0.864169,1.175664,0.380815
N20270328-S004,N20270328,2027-03-29T06:45:00Z,900,true,0.782248,0.866804,1.194192,0.407625
N20270328-S005,N20270328,2027-03-29T07:00:00Z,900,true,0.799380,0.879725,1.181246,0.410803
N20270328-S006,N20270328,2027-03-29T07:15:00Z,900,true,0.752738,0.903007,1.180300,0.377771
N20270328-S007,N20270328,2027-03-29T07:30:00Z,900,true,0.805578,0.915373,1.190668,0.382638
N20270328-S008,N20270328,2027-03-29T07:45:00Z,900,true,0.839068,0.918672,1.176626,0.412984
N20270328-S009,N20270328,2027-03-29T08:00:00Z,900,true,0.877966,0.914874,1.162279,0.378258
N20270328-S010,N20270328,2027-03-29T08:15:00Z,900,true,0.914857,0.937522,1.165856,0.410528
N20270328-S011,N20270328,2027-03-29T08:30:00Z,900,true,0.854563,0.925947,1.182941,0.401816
N20270328-S012,N20270328,2027-03-29T08:45:00Z,900,true,0.884531,0.939944,1.164544,0.386100
N20270328-S013,N20270328,2027-03-29T09:00:00Z,900,true,0.868978,0.907127,1.157310,0.397519
N20270328-S014,N20270328,2027-03-29T09:15:00Z,900,true,0.894295,0.915651,1.123499,0.417067
N20270328-S015,N20270328,2027-03-29T09:30:00Z,900,true,0.862095,0.928224,1.122051,0.414282
N20270328-S016,N20270328,2027-03-29T09:45:00Z,900,true,0.827763,0.927651,1.104081,0.401279
N20270328-S017,N20270328,2027-03-29T10:00:00Z,900,true,0.783240,0.901363,1.149000,0.406038
N20270328-S018,N20270328,2027-03-29T10:15:00Z,900,true,0.783636,0.901570,1.155798,0.379444
N20270328-S019,N20270328,2027-03-29T10:30:00Z,900,true,0.761187,0.896339,1.164160,0.382387
N20270328-S020,N20270328,2027-03-29T10:45:00Z,900,true,0.754904,0.898097,1.181044,0.403415
N20270328-S021,N20270328,2027-03-29T11:00:00Z,900,true,0.811389,0.894304,1.170105,0.410569
N20270328-S022,N20270328,2027-03-29T11:15:00Z,900,true,0.768792,0.900386,1.178945,0.412341
N20270328-S023,N20270328,2027-03-29T11:30:00Z,900,true,0.766265,0.883561,1.163253,0.415652
N20270328-S024,N20270328,2027-03-29T11:45:00Z,900,true,0.795613,0.883042,1.145608,0.402286
N20270328-S025,N20270328,2027-03-29T12:00:00Z,900,true,0.772212,0.877569,1.143366,0.399852
N20270328-S026,N20270328,2027-03-29T12:15:00Z,900,true,0.799926,0.881009,1.157946,0.398280
N20270328-S027,N20270328,2027-03-29T12:30:00Z,900,true,0.833048,0.863668,1.182066,0.393074
N20270328-S028,N20270328,2027-03-29T12:45:00Z,900,true,0.816300,0.874308,1.174611,0.380881
N20270328-S029,N20270328,2027-03-29T13:00:00Z,900,true,0.847903,0.886305,1.177424,0.378810
N20270328-S030,N20270328,2027-03-29T13:15:00Z,900,true,0.837340,0.892453,1.152220,0.400922
N20270328-S031,N20270328,2027-03-29T13:30:00Z,900,true,0.822726,0.897910,1.164418,0.402508
N20270328-S032,N20270328,2027-03-29T13:45:00Z,900,true,0.808601,0.888231,1.162924,0.395953
N20270328-S033,N20270328,2027-03-29T14:00:00Z,900,true,0.754639,0.875456,1.171535,0.384507
N20270328-S034,N20270328,2027-03-29T14:15:00Z,900,true,0.793665,0.879773,1.183676,0.406965
N20270328-S035,N20270328,2027-03-29T14:30:00Z,900,true,0.820442,0.886591,1.171621,0.376785
N20270328-S036,N20270328,2027-03-29T14:45:00Z,900,true,0.848437,0.882976,1.196035,0.375989
N20270329-S001,N20270329,2027-03-30T06:00:00Z,900,true,0.819955,0.872993,1.039158,0.378368
N20270329-S002,N20270329,2027-03-30T06:15:00Z,900,true,0.769269,0.883019,1.026956,0.376110
N20270329-S003,N20270329,2027-03-30T06:30:00Z,900,false,,,,
N20270329-S004,N20270329,2027-03-30T06:45:00Z,900,false,,,,
N20270329-S005,N20270329,2027-03-30T07:00:00Z,900,false,,,,
N20270329-S006,N20270329,2027-03-30T07:15:00Z,900,true,0.883871,0.885178,1.076105,0.396958
N20270329-S007,N20270329,2027-03-30T07:30:00Z,900,true,0.890703,0.901514,1.073126,0.414026
N20270329-S008,N20270329,2027-03-30T07:45:00Z,900,true,0.901770,0.891275,1.104317,0.408102
N20270329-S009,N20270329,2027-03-30T08:00:00Z,900,false,,,,
N20270329-S010,N20270329,2027-03-30T08:15:00Z,900,false,,,,
N20270329-S011,N20270329,2027-03-30T08:30:00Z,900,false,,,,
N20270329-S012,N20270329,2027-03-30T08:45:00Z,900,false,,,,
N20270329-S013,N20270329,2027-03-30T09:00:00Z,900,true,0.868042,0.834692,1.082687,0.392513
N20270329-S014,N20270329,2027-03-30T09:15:00Z,900,true,0.876025,0.857201,1.080726,0.396583
N20270329-S015,N20270329,2027-03-30T09:30:00Z,900,true,0.792686,0.874141,1.091662,0.410070
N20270329-S016,N20270329,2027-03-30T09:45:00Z,900,true,0.816162,0.886637,1.098782,0.383656
N20270329-S017,N20270329,2027-03-30T10:00:00Z,900,true,0.787793,0.890198,1.076812,0.385738
N20270329-S018,N20270329,2027-03-30T10:15:00Z,900,true,0.828688,0.902484,1.050714,0.396280
N20270329-S019,N20270329,2027-03-30T10:30:00Z,900,false,,,,
N20270329-S020,N20270329,2027-03-30T10:45:00Z,900,false,,,,
N20270329-S021,N20270329,2027-03-30T11:00:00Z,900,false,,,,
N20270329-S022,N20270329,2027-03-30T11:15:00Z,900,false,,,,
N20270329-S023,N20270329,2027-03-30T11:30:00Z,900,false,,,,
N20270329-S024,N20270329,2027-03-30T11:45:00Z,900,false,,,,
N20270329-S025,N20270329,2027-03-30T12:00:00Z,900,false,,,,
N20270329-S026,N20270329,2027-03-30T12:15:00Z,900,false,,,,
N20270329-S027,N20270329,2027-03-30T12:30:00Z,900,false,,,,
N20270329-S028,N20270329,2027-03-30T12:45:00Z,900,false,,,,
N20270329-S029,N20270329,2027-03-30T13:00:00Z,900,false,,,,
N20270329-S030,N20270329,2027-03-30T13:15:00Z,900,false,,,,
N20270329-S031,N20270329,2027-03-30T13:30:00Z,900,false,,,,
N20270329-S032,N20270329,2027-03-30T13:45:00Z,900,true,0.923732,0.817918,1.047857,0.383642
N20270329-S033,N20270329,2027-03-30T14:00:00Z,900,true,0.970498,0.844396,1.037140,0.386759
N20270329-S034,N20270329,2027-03-30T14:15:00Z,900,true,0.937292,0.861176,1.046603,0.378391
N20270329-S035,N20270329,2027-03-30T14:30:00Z,900,true,0.895112,0.879936,1.025408,0.387649
N20270329-S036,N20270329,2027-03-30T14:45:00Z,900,true,0.888344,0.896433,1.003970,0.406094
N20270330-S001,N20270330,2027-03-31T06:00:00Z,900,true,0.808464,0.901429,1.026800,0.396834
N20270330-S002,N20270330,2027-03-31T06:15:00Z,900,true,0.774772,0.882534,1.015374,0.394838
N20270330-S003,N20270330,2027-03-31T06:30:00Z,900,true,0.747144,0.866804,1.047926,0.388060
N20270330-S004,N20270330,2027-03-31T06:45:00Z,900,true,0.752827,0.870704,1.035263,0.415655
N20270330-S005,N20270330,2027-03-31T07:00:00Z,900,true,0.735285,0.854860,1.029186,0.389954
N20270330-S006,N20270330,2027-03-31T07:15:00Z,900,true,0.763961,0.847532,1.030259,0.412636
N20270330-S007,N20270330,2027-03-31T07:30:00Z,900,true,0.766375,0.859600,1.045444,0.403284
N20270330-S008,N20270330,2027-03-31T07:45:00Z,900,true,0.775353,0.877945,1.069164,0.397814
N20270330-S009,N20270330,2027-03-31T08:00:00Z,900,true,0.794703,0.893031,1.068312,0.391758
N20270330-S010,N20270330,2027-03-31T08:15:00Z,900,true,0.829961,0.900073,1.058247,0.381666
N20270330-S011,N20270330,2027-03-31T08:30:00Z,900,true,0.800671,0.899616,1.025700,0.391262
N20270330-S012,N20270330,2027-03-31T08:45:00Z,900,true,0.795730,0.903877,1.000400,0.400700
N20270330-S013,N20270330,2027-03-31T09:00:00Z,900,true,0.772997,0.886921,0.984422,0.416377
N20270330-S014,N20270330,2027-03-31T09:15:00Z,900,true,0.741641,0.885642,0.981949,0.377809
N20270330-S015,N20270330,2027-03-31T09:30:00Z,900,true,0.747438,0.887090,1.004634,0.401558
N20270330-S016,N20270330,2027-03-31T09:45:00Z,900,true,0.689992,0.890157,1.015770,0.376319
N20270330-S017,N20270330,2027-03-31T10:00:00Z,900,true,0.719156,0.879959,1.009096,0.383714
N20270330-S018,N20270330,2027-03-31T10:15:00Z,900,true,0.677260,0.875268,1.024310,0.399356
N20270330-S019,N20270330,2027-03-31T10:30:00Z,900,true,0.727088,0.850290,1.035845,0.400632
N20270330-S020,N20270330,2027-03-31T10:45:00Z,900,true,0.721405,0.842787,1.045455,0.389299
N20270330-S021,N20270330,2027-03-31T11:00:00Z,900,true,0.712628,0.830539,1.065854,0.381333
N20270330-S022,N20270330,2027-03-31T11:15:00Z,900,true,0.734521,0.828576,1.062580,0.401287
N20270330-S023,N20270330,2027-03-31T11:30:00Z,900,true,0.775561,0.847863,1.049991,0.399542
N20270330-S024,N20270330,2027-03-31T11:45:00Z,900,true,0.796068,0.853726,1.054012,0.393572
N20270330-S025,N20270330,2027-03-31T12:00:00Z,900,true,0.879606,0.867231,1.053931,0.415586
N20270330-S026,N20270330,2027-03-31T12:15:00Z,900,true,0.835992,0.876429,1.026126,0.394378
N20270330-S027,N20270330,2027-03-31T12:30:00Z,900,true,0.900944,0.870259,1.045454,0.402516
N20270330-S028,N20270330,2027-03-31T12:45:00Z,900,true,0.865137,0.870366,1.044870,0.413877
N20270330-S029,N20270330,2027-03-31T13:00:00Z,900,true,0.874017,0.846186,1.030329,0.377335
N20270330-S030,N20270330,2027-03-31T13:15:00Z,900,true,0.849329,0.863182,1.035526,0.379733
N20270330-S031,N20270330,2027-03-31T13:30:00Z,900,true,0.844074,0.873831,1.033277,0.410406
N20270330-S032,N20270330,2027-03-31T13:45:00Z,900,true,0.855632,0.879968,1.054693,0.412387
N20270330-S033,N20270330,2027-03-31T14:00:00Z,900,true,0.849343,0.870023,1.044334,0.400004
N20270330-S034,N20270330,2027-03-31T14:15:00Z,900,true,0.825203,0.875266,1.046532,0.381076
N20270330-S035,N20270330,2027-03-31T14:30:00Z,900,true,0.773529,0.885255,1.030289,0.377014
N20270330-S036,N20270330,2027-03-31T14:45:00Z,900,true,0.892976,0.873676,1.043335,0.389045
N20270331-S001,N20270331,2027-04-01T06:00:00Z,900,true,0.506006,0.848574,1.029174,0.411673
N20270331-S002,N20270331,2027-04-01T06:15:00Z,900,true,0.572960,0.861217,1.030727,0.379391
N20270331-S003,N20270331,2027-04-01T06:30:00Z,900,true,0.590606,0.863773,0.988710,0.406980
N20270331-S004,N20270331,2027-04-01T06:45:00Z,900,true,0.539992,0.868804,1.016216,0.398246
N20270331-S005,N20270331,2027-04-01T07:00:00Z,900,false,,,,
N20270331-S006,N20270331,2027-04-01T07:15:00Z,900,false,,,,
N20270331-S007,N20270331,2027-04-01T07:30:00Z,900,false,,,,
N20270331-S008,N20270331,2027-04-01T07:45:00Z,900,false,,,,
N20270331-S009,N20270331,2027-04-01T08:00:00Z,900,false,,,,
N20270331-S010,N20270331,2027-04-01T08:15:00Z,900,false,,,,
N20270331-S011,N20270331,2027-04-01T08:30:00Z,900,false,,,,
N20270331-S012,N20270331,2027-04-01T08:45:00Z,900,false,,,,
N20270331-S013,N20270331,2027-04-01T09:00:00Z,900,true,0.500000,0.888488,0.986607,0.404773
N20270331-S014,N20270331,2027-04-01T09:15:00Z,900,true,0.554847,0.872612,1.000786,0.376944
N20270331-S015,N20270331,2027-04-01T09:30:00Z,900,true,0.552282,0.873863,0.987923,0.392757
N20270331-S016,N20270331,2027-04-01T09:45:00Z,900,true,0.568035,0.885644,0.974880,0.393820
N20270331-S017,N20270331,2027-04-01T10:00:00Z,900,true,0.630968,0.851836,0.980921,0.413867
N20270331-S018,N20270331,2027-04-01T10:15:00Z,900,true,0.644250,0.855862,0.998051,0.392371
N20270331-S019,N20270331,2027-04-01T10:30:00Z,900,true,0.655024,0.848956,0.980187,0.407361
N20270331-S020,N20270331,2027-04-01T10:45:00Z,900,true,0.655196,0.867542,0.991171,0.383324
N20270331-S021,N20270331,2027-04-01T11:00:00Z,900,true,0.629559,0.852362,0.990456,0.416949
N20270331-S022,N20270331,2027-04-01T11:15:00Z,900,true,0.620841,0.837380,1.011331,0.405756
N20270331-S023,N20270331,2027-04-01T11:30:00Z,900,true,0.627184,0.837591,1.016308,0.380915
N20270331-S024,N20270331,2027-04-01T11:45:00Z,900,true,0.613588,0.843994,1.047990,0.377979
N20270331-S025,N20270331,2027-04-01T12:00:00Z,900,true,0.631497,0.854602,1.055712,0.383964
N20270331-S026,N20270331,2027-04-01T12:15:00Z,900,true,0.567046,0.846659,1.089651,0.405704
N20270331-S027,N20270331,2027-04-01T12:30:00Z,900,true,0.547920,0.837370,1.097956,0.404884
N20270331-S028,N20270331,2027-04-01T12:45:00Z,900,true,0.500000,0.858341,1.063542,0.393025
N20270331-S029,N20270331,2027-04-01T13:00:00Z,900,true,0.530271,0.855725,1.034824,0.400480
N20270331-S030,N20270331,2027-04-01T13:15:00Z,900,true,0.537744,0.870110,1.036725,0.393302
N20270331-S031,N20270331,2027-04-01T13:30:00Z,900,true,0.524492,0.876479,1.023747,0.389163
N20270331-S032,N20270331,2027-04-01T13:45:00Z,900,true,0.556543,0.901998,1.016795,0.407413
N20270331-S033,N20270331,2027-04-01T14:00:00Z,900,true,0.533834,0.905940,1.028673,0.414824
N20270331-S034,N20270331,2027-04-01T14:15:00Z,900,true,0.500000,0.920050,1.025253,0.399617
N20270331-S035,N20270331,2027-04-01T14:30:00Z,900,true,0.500000,0.918379,1.056665,0.395096
N20270331-S036,N20270331,2027-04-01T14:45:00Z,900,true,0.500000,0.918343,1.062465,0.407570
